Account_ID,Degree,In_Degree,Out_Degree,Outgoing_Tx,Total_Outgoing,Avg_Outgoing,Unique_Beneficiaries,Fraudulent_Outgoing,Incoming_Tx,Total_Incoming,Unique_Senders,Fraud_Rate,Degree_Centrality,PageRank,Fraud_Account,Fraud_Risk_Score,Community
A01055,21,10,11,11.0,25842000.0,2349272.727272727,11.0,1.0,10.0,38795000.0,10.0,0.09090909090909091,0.01751459549624687,0.001671193472683393,1,0.9538860719270775,1
A00528,19,10,9,9.0,15244000.0,1693777.7777777778,9.0,0.0,10.0,20368000.0,10.0,0.0,0.0158465387823186,0.0013131271945242898,0,0.049412785640252505,0
A00574,10,3,7,7.0,21361000.0,3051571.4285714286,7.0,0.0,3.0,2148000.0,3.0,0.0,0.008340283569641367,0.0004826443654623901,0,0.2760491401028561,1
A00355,13,6,7,7.0,37141000.0,5305857.142857143,7.0,0.0,6.0,11219000.0,6.0,0.0,0.010842368640533777,0.0006754429348066314,0,0.38693955297048904,0
A01182,17,6,11,11.0,35985000.0,3271363.6363636362,11.0,1.0,6.0,12599000.0,6.0,0.09090909090909091,0.014178482068390324,0.0007139569884899656,1,0.8562048642442547,0
A00153,15,8,7,7.0,18031000.0,2575857.1428571427,7.0,0.0,8.0,10010000.0,8.0,0.0,0.012510425354462052,0.001000860562707756,0,0.329997696806689,0
A00914,9,3,6,7.0,14017000.0,2002428.5714285714,6.0,0.0,3.0,6693000.0,3.0,0.0,0.007506255212677231,0.0003771815626534489,0,0.5981422845957683,0
A00791,17,8,9,9.0,8219000.0,913222.2222222222,9.0,0.0,9.0,26721000.0,8.0,0.0,0.014178482068390324,0.0017485555338573365,0,0.10848380515903272,0
A00782,15,9,6,6.0,6692000.0,1115333.3333333333,6.0,0.0,10.0,13038000.0,9.0,0.0,0.012510425354462052,0.001180664312122468,0,0.4035871144534127,2
A00108,9,4,5,5.0,7145000.0,1429000.0,5.0,0.0,4.0,8459000.0,4.0,0.0,0.007506255212677231,0.0005922806226366534,0,0.26785796856869043,2
A01084,12,5,7,7.0,13903000.0,1986142.857142857,7.0,0.0,5.0,13212000.0,5.0,0.0,0.010008340283569641,0.0008973430508623147,0,0.27639382909002413,4
A00755,11,4,7,7.0,20266000.0,2895142.8571428573,7.0,0.0,4.0,4860000.0,4.0,0.0,0.009174311926605505,0.000549322493140371,0,0.24887439901643774,4
A00619,11,5,6,6.0,7276000.0,1212666.6666666667,6.0,0.0,5.0,5397000.0,5.0,0.0,0.009174311926605505,0.0008217649488118736,0,0.45452375525814376,1
A00566,12,5,7,7.0,10813000.0,1544714.2857142857,7.0,0.0,5.0,3186000.0,5.0,0.0,0.010008340283569641,0.0007474130165985073,0,0.3281840374824254,1
A00865,8,5,3,3.0,3104000.0,1034666.6666666666,3.0,0.0,5.0,7415000.0,5.0,0.0,0.006672226855713094,0.0010720892396257958,0,0.07457102895965559,2
A00368,8,5,3,3.0,8885000.0,2961666.6666666665,3.0,0.0,5.0,4060000.0,5.0,0.0,0.006672226855713094,0.0007424141633946038,0,0.14191334001872172,2
A00342,17,8,9,9.0,10683000.0,1187000.0,9.0,0.0,8.0,22841000.0,8.0,0.0,0.014178482068390324,0.0011339417515471018,0,0.06947277470781835,2
A00377,8,5,3,3.0,3370000.0,1123333.3333333333,3.0,0.0,6.0,7569000.0,5.0,0.0,0.006672226855713094,0.0006320244612253648,0,0.17730597786397556,4
A01156,9,5,4,5.0,3094000.0,618800.0,4.0,0.0,5.0,3532000.0,5.0,0.0,0.007506255212677231,0.0008229037049147037,0,0.20796190899369432,2
A01089,10,6,4,4.0,2944000.0,736000.0,4.0,0.0,7.0,21937000.0,6.0,0.0,0.008340283569641367,0.0010253315985883729,0,0.01539291055500323,2
A00749,11,7,4,4.0,8756000.0,2189000.0,4.0,0.0,7.0,16101000.0,7.0,0.0,0.009174311926605505,0.001110017708585139,0,0.05102499694237138,2
A00811,10,7,3,3.0,2772000.0,924000.0,3.0,0.0,7.0,6959000.0,7.0,0.0,0.008340283569641367,0.000995053969293537,0,0.02979953943769152,1
A00939,11,6,5,5.0,7831000.0,1566200.0,5.0,0.0,6.0,6425000.0,6.0,0.0,0.009174311926605505,0.0006959332967594964,0,0.11633462195242461,3
A01100,10,6,4,4.0,13644000.0,3411000.0,4.0,0.0,6.0,10313000.0,6.0,0.0,0.008340283569641367,0.0007771417770000865,0,0.2657710489939314,3
A00553,12,8,4,4.0,8330000.0,2082500.0,4.0,0.0,8.0,14346000.0,8.0,0.0,0.010008340283569641,0.0014614294325020155,0,0.03196372363300901,0
A01155,11,4,7,7.0,25032000.0,3576000.0,7.0,0.0,4.0,6189000.0,4.0,0.0,0.009174311926605505,0.0006534148296544671,0,0.25834504041354106,2
A01041,10,1,9,10.0,18942000.0,1894200.0,9.0,1.0,1.0,340000.0,1.0,0.1,0.008340283569641367,0.00018326092820622892,1,0.8412927185744009,3
A00866,16,10,6,6.0,7731000.0,1288500.0,6.0,0.0,10.0,22564000.0,10.0,0.0,0.013344453711426188,0.0011931024578749705,0,0.14102564762928044,0
A00090,10,6,4,4.0,8927000.0,2231750.0,4.0,0.0,6.0,14170000.0,6.0,0.0,0.008340283569641367,0.0012278525000247974,0,0.14351744344501738,2
A00734,14,8,6,6.0,14340000.0,2390000.0,6.0,0.0,8.0,37737000.0,8.0,0.0,0.011676396997497914,0.0011470105417673323,0,0.30669362017872775,2
A00137,10,1,9,9.0,21822000.0,2424666.6666666665,9.0,0.0,1.0,1024000.0,1.0,0.0,0.008340283569641367,0.00032868409037188726,0,0.47195843881074806,2
A00242,8,4,4,4.0,5777000.0,1444250.0,4.0,0.0,4.0,3460000.0,4.0,0.0,0.006672226855713094,0.0006026829744368897,0,0.17229716200558026,3
A00609,16,8,8,8.0,21411000.0,2676375.0,8.0,0.0,8.0,6840000.0,8.0,0.0,0.013344453711426188,0.000999107781032678,0,0.21747445197766377,0
A00708,16,9,7,7.0,4938000.0,705428.5714285715,7.0,0.0,9.0,20651000.0,9.0,0.0,0.013344453711426188,0.0011888072148211423,0,0.20043375189504836,4
A00879,10,7,3,3.0,16339000.0,5446333.333333333,3.0,0.0,7.0,14587000.0,7.0,0.0,0.008340283569641367,0.0011956721619849448,0,0.02589704935075589,4
A01099,17,10,7,7.0,22771000.0,3253000.0,7.0,0.0,10.0,23819000.0,10.0,0.0,0.014178482068390324,0.0017088249797098845,0,0.14815593155697088,1
A00972,9,4,5,5.0,8780000.0,1756000.0,5.0,0.0,4.0,9085000.0,4.0,0.0,0.007506255212677231,0.0007677480064332252,0,0.3158152364755271,3
A00588,17,11,6,6.0,13135000.0,2189166.6666666665,6.0,1.0,11.0,28504000.0,11.0,0.16666666666666666,0.014178482068390324,0.0013919677618716938,1,0.17540523494757454,0
A00529,10,4,6,6.0,16851000.0,2808500.0,6.0,0.0,4.0,4799000.0,4.0,0.0,0.008340283569641367,0.0007905352052315975,0,0.3242520842409743,5
A01042,12,7,5,5.0,14990000.0,2998000.0,5.0,1.0,8.0,24017000.0,7.0,0.2,0.010008340283569641,0.0012138553512974408,1,0.019019801362786436,5
A00780,9,2,7,7.0,17463000.0,2494714.285714286,7.0,0.0,2.0,13471000.0,2.0,0.0,0.007506255212677231,0.0004538719022584765,0,0.5233962746493606,5
A00378,21,9,12,12.0,44187000.0,3682250.0,12.0,0.0,9.0,12507000.0,9.0,0.0,0.01751459549624687,0.001188019985719091,0,0.16786605355896975,3
A00664,14,7,7,7.0,19913000.0,2844714.285714286,7.0,0.0,7.0,4622000.0,7.0,0.0,0.011676396997497914,0.0017475161720269985,0,0.17922581033079746,1
A00386,16,8,8,8.0,24995000.0,3124375.0,8.0,0.0,8.0,14227000.0,8.0,0.0,0.013344453711426188,0.001158113684140636,0,0.20326275557412027,0
A01154,13,6,7,7.0,15077000.0,2153857.1428571427,7.0,0.0,6.0,9800000.0,6.0,0.0,0.010842368640533777,0.0007187477288521187,0,0.4390260759918318,5
A00742,11,5,6,6.0,12591000.0,2098500.0,6.0,0.0,5.0,6362000.0,5.0,0.0,0.009174311926605505,0.0008890157301292343,0,0.3042139087055655,4
A00785,12,6,6,6.0,21135000.0,3522500.0,6.0,0.0,6.0,10250000.0,6.0,0.0,0.010008340283569641,0.0009991337748140277,0,0.2163113751304164,1
A00994,7,4,3,3.0,20858000.0,6952666.666666667,3.0,0.0,4.0,4637000.0,4.0,0.0,0.005838198498748957,0.0004890322882942414,0,0.17095918874755808,1
A00501,10,4,6,6.0,10309000.0,1718166.6666666667,6.0,0.0,4.0,13680000.0,4.0,0.0,0.008340283569641367,0.00039497258861152687,0,0.3506462823604538,0
A01069,13,7,6,6.0,5591000.0,931833.3333333334,6.0,0.0,7.0,28228000.0,7.0,0.0,0.010842368640533777,0.0009083345296483548,0,0.14935761158771335,1
A01164,17,7,10,10.0,28173000.0,2817300.0,10.0,0.0,7.0,13243000.0,7.0,0.0,0.014178482068390324,0.0016004905078949034,0,0.1696823798342143,4
A00925,15,7,8,8.0,8011000.0,1001375.0,8.0,0.0,7.0,14518000.0,7.0,0.0,0.012510425354462052,0.000900147615035644,0,0.4526430168460154,1
A00129,14,6,8,8.0,18042000.0,2255250.0,8.0,0.0,6.0,10464000.0,6.0,0.0,0.011676396997497914,0.0008486168811104051,0,0.46243685910413035,4
A00712,8,3,5,5.0,3977000.0,795400.0,5.0,0.0,3.0,5408000.0,3.0,0.0,0.006672226855713094,0.00042458854383357024,0,0.184042353187689,4
A01169,9,5,4,4.0,6534000.0,1633500.0,4.0,0.0,5.0,16815000.0,5.0,0.0,0.007506255212677231,0.0007339813351303344,0,0.2540789398365282,0
A00185,13,3,10,11.0,19133000.0,1739363.6363636365,10.0,0.0,3.0,2437000.0,3.0,0.0,0.010842368640533777,0.0005464428155115893,0,0.22819570556982224,3
A00405,18,8,10,10.0,17787000.0,1778700.0,10.0,0.0,8.0,13819000.0,8.0,0.0,0.015012510425354461,0.0012082921038232938,0,0.12204478154901607,3
A00346,10,4,6,6.0,11484000.0,1914000.0,6.0,0.0,4.0,6939000.0,4.0,0.0,0.008340283569641367,0.0004896327826212546,0,0.41801315460550786,2
A00799,9,6,3,3.0,9326000.0,3108666.6666666665,3.0,0.0,6.0,24501000.0,6.0,0.0,0.007506255212677231,0.0007634411344803677,0,0.21419889143667997,1
A00986,9,4,5,6.0,9857000.0,1642833.3333333333,5.0,0.0,4.0,14487000.0,4.0,0.0,0.007506255212677231,0.0004863924518967007,0,0.2892374054506434,2
A00658,12,5,7,7.0,9224000.0,1317714.2857142857,7.0,0.0,5.0,12485000.0,5.0,0.0,0.010008340283569641,0.0004122090649044934,0,0.37163891783425046,2
A00881,14,5,9,9.0,14482000.0,1609111.111111111,9.0,0.0,5.0,6495000.0,5.0,0.0,0.011676396997497914,0.0007018722160382253,0,0.22497054284479334,0
A00322,11,8,3,3.0,2931000.0,977000.0,3.0,0.0,8.0,8735000.0,8.0,0.0,0.009174311926605505,0.000810054688028482,0,0.058745165063359334,0
A01165,9,3,6,6.0,7775000.0,1295833.3333333333,6.0,0.0,3.0,2239000.0,3.0,0.0,0.007506255212677231,0.0004211620823373892,0,0.2412863617293956,2
A00900,20,13,7,7.0,10192000.0,1456000.0,7.0,0.0,13.0,54477000.0,13.0,0.0,0.016680567139282735,0.0020328694032970434,0,0.06632803702315457,2
A00765,6,1,5,5.0,8307000.0,1661400.0,5.0,0.0,1.0,3410000.0,1.0,0.0,0.0050041701417848205,0.0002759710924535597,0,0.30858247312670634,1
A00630,11,5,6,6.0,18584000.0,3097333.3333333335,6.0,0.0,5.0,9641000.0,5.0,0.0,0.009174311926605505,0.0006220250731262583,0,0.2203935801901226,1
A00416,13,5,8,8.0,10021000.0,1252625.0,8.0,0.0,5.0,8948000.0,5.0,0.0,0.010842368640533777,0.0008364682292181852,0,0.4685176097425588,3
A00086,13,6,7,7.0,9782000.0,1397428.5714285714,7.0,0.0,6.0,11815000.0,6.0,0.0,0.010842368640533777,0.0012846664940868247,0,0.3117035611795433,3
A00006,19,5,14,14.0,25022000.0,1787285.7142857143,14.0,0.0,5.0,13113000.0,5.0,0.0,0.0158465387823186,0.0005208290832011334,0,0.1601906217391561,5
A00149,23,13,10,10.0,16546000.0,1654600.0,10.0,0.0,13.0,17300000.0,13.0,0.0,0.019182652210175146,0.0012774353916500663,0,0.06409207218650974,3
A00382,12,7,5,5.0,9001000.0,1800200.0,5.0,0.0,7.0,14256000.0,7.0,0.0,0.010008340283569641,0.0008276995309173502,0,0.1537054553551893,0
A00358,16,11,5,5.0,8698000.0,1739600.0,5.0,0.0,11.0,16723000.0,11.0,0.0,0.013344453711426188,0.0019184917517008002,0,0.01547576126250483,5
A00626,14,7,7,7.0,9706000.0,1386571.4285714286,7.0,0.0,7.0,16775000.0,7.0,0.0,0.011676396997497914,0.001066961536467116,0,0.3834586314660526,1
A00050,14,11,3,3.0,4042000.0,1347333.3333333333,3.0,0.0,12.0,18171000.0,11.0,0.0,0.011676396997497914,0.0016802057119679125,0,0.004541826226052717,5
A00581,8,5,3,3.0,2432000.0,810666.6666666666,3.0,0.0,5.0,14918000.0,5.0,0.0,0.006672226855713094,0.001044029120914666,0,0.05366398058588672,0
A00610,15,10,5,5.0,5288000.0,1057600.0,5.0,0.0,10.0,12059000.0,10.0,0.0,0.012510425354462052,0.0010536075122175026,0,0.011312488849649176,0
A00842,11,7,4,4.0,5600000.0,1400000.0,4.0,0.0,8.0,10753000.0,7.0,0.0,0.009174311926605505,0.001580614212359952,0,0.01597277694072913,2
A00933,9,5,4,4.0,13860000.0,3465000.0,4.0,0.0,5.0,22187000.0,5.0,0.0,0.007506255212677231,0.001024926930218781,0,0.039198969185533276,1
A01142,6,4,2,2.0,1110000.0,555000.0,2.0,0.0,4.0,6972000.0,4.0,0.0,0.0050041701417848205,0.00057050177531063,0,0.3592211923289609,1
A00659,14,8,6,6.0,20046000.0,3341000.0,6.0,0.0,8.0,30200000.0,8.0,0.0,0.011676396997497914,0.0011125572237654028,0,0.21761193099773354,1
A00532,10,4,6,6.0,7222000.0,1203666.6666666667,6.0,0.0,4.0,5845000.0,4.0,0.0,0.008340283569641367,0.0006186988786416743,0,0.44717098110292464,0
A01051,18,9,9,9.0,12909000.0,1434333.3333333333,9.0,0.0,9.0,22319000.0,9.0,0.0,0.015012510425354461,0.0009535527888117334,0,0.06906601786743405,4
A00180,15,6,9,9.0,13841000.0,1537888.888888889,9.0,0.0,6.0,13492000.0,6.0,0.0,0.012510425354462052,0.0006409705344011838,0,0.2473305585682004,4
A01183,13,5,8,8.0,15763000.0,1970375.0,8.0,0.0,5.0,5357000.0,5.0,0.0,0.010842368640533777,0.000863451758040664,0,0.26735363827929004,3
A01065,10,4,6,6.0,28830000.0,4805000.0,6.0,0.0,4.0,6545000.0,4.0,0.0,0.008340283569641367,0.0005670197609521988,0,0.6054428441919311,2
A01032,7,2,5,6.0,3421000.0,570166.6666666666,5.0,0.0,2.0,1337000.0,2.0,0.0,0.005838198498748957,0.0003917471270856108,0,0.1325203085084772,1
A00486,11,7,4,4.0,4763000.0,1190750.0,4.0,0.0,7.0,10237000.0,7.0,0.0,0.009174311926605505,0.0011261121940252094,0,0.01210477171876119,1
A00558,13,7,6,6.0,16256000.0,2709333.3333333335,6.0,0.0,7.0,9065000.0,7.0,0.0,0.010842368640533777,0.0008345856435320859,0,0.3451016084910036,5
A00943,8,6,2,2.0,2239000.0,1119500.0,2.0,0.0,6.0,26467000.0,6.0,0.0,0.006672226855713094,0.0008723603733338328,0,0.04364509526079749,4
A00391,10,3,7,7.0,14706000.0,2100857.1428571427,7.0,0.0,3.0,3309000.0,3.0,0.0,0.008340283569641367,0.0005538806124981373,0,0.39470724516471944,3
A00859,9,6,3,3.0,3571000.0,1190333.3333333333,3.0,0.0,6.0,5811000.0,6.0,0.0,0.007506255212677231,0.0008895686019851899,0,0.0836718497085907,3
A01174,7,4,3,3.0,2843000.0,947666.6666666666,3.0,0.0,4.0,10334000.0,4.0,0.0,0.005838198498748957,0.0005065807569965928,0,0.1695771326269057,1
A01196,9,6,3,3.0,6012000.0,2004000.0,3.0,0.0,6.0,14043000.0,6.0,0.0,0.007506255212677231,0.0007733109342832449,0,0.19601730424119745,2
A00291,11,4,7,7.0,10115000.0,1445000.0,7.0,1.0,4.0,15869000.0,4.0,0.14285714285714285,0.009174311926605505,0.0006989377586389192,1,0.7511461691452332,2
A00494,10,7,3,3.0,2891000.0,963666.6666666666,3.0,0.0,7.0,26277000.0,7.0,0.0,0.008340283569641367,0.0010649787613148725,0,0.01846420030961496,2
A00184,12,5,7,7.0,7147000.0,1021000.0,7.0,0.0,5.0,5578000.0,5.0,0.0,0.010008340283569641,0.000837102719065486,0,0.406292444174326,3
A00089,14,9,5,6.0,11777000.0,1962833.3333333333,5.0,0.0,9.0,17786000.0,9.0,0.0,0.011676396997497914,0.0009050132387851984,0,0.1692410437199138,1
A00953,11,4,7,7.0,14504000.0,2072000.0,7.0,0.0,4.0,7820000.0,4.0,0.0,0.009174311926605505,0.0006147137160532389,0,0.38458190708626466,2
A00623,11,6,5,5.0,2661000.0,532200.0,5.0,0.0,6.0,7958000.0,6.0,0.0,0.009174311926605505,0.0005876749740501073,0,0.04769501825431499,0
A01093,13,9,4,4.0,10242000.0,2560500.0,4.0,0.0,9.0,21192000.0,9.0,0.0,0.010842368640533777,0.0007925522956983718,0,0.18771120350047715,5
A00102,9,3,6,6.0,5591000.0,931833.3333333334,6.0,0.0,3.0,5311000.0,3.0,0.0,0.007506255212677231,0.00031369495814772083,0,0.3741529420994282,1
A00576,10,6,4,4.0,8164000.0,2041000.0,4.0,0.0,6.0,12791000.0,6.0,0.0,0.008340283569641367,0.0009007523289821379,0,0.129755496896112,1
A00267,15,3,12,12.0,22578000.0,1881500.0,12.0,0.0,3.0,7404000.0,3.0,0.0,0.012510425354462052,0.0005072185254613196,0,0.18491265544194438,3
A00673,12,5,7,7.0,9006000.0,1286571.4285714286,7.0,0.0,5.0,9357000.0,5.0,0.0,0.010008340283569641,0.0006035949582382341,0,0.4583202541849706,2
A00667,11,4,7,7.0,12688000.0,1812571.4285714286,7.0,0.0,4.0,3736000.0,4.0,0.0,0.009174311926605505,0.0010308043625002034,0,0.2925151484076041,4
A00597,10,2,8,8.0,25531000.0,3191375.0,8.0,0.0,2.0,1811000.0,2.0,0.0,0.008340283569641367,0.00030235334603044377,0,0.4863461969046592,1
A00649,12,3,9,9.0,30982000.0,3442444.4444444445,9.0,0.0,3.0,8379000.0,3.0,0.0,0.010008340283569641,0.0005357656139546688,0,0.5474057399854669,0
A00620,17,10,7,7.0,4930000.0,704285.7142857143,7.0,0.0,10.0,16171000.0,10.0,0.0,0.014178482068390324,0.0014281094549145382,0,0.13202599526068043,0
A00963,15,6,9,9.0,26546000.0,2949555.5555555555,9.0,0.0,6.0,14012000.0,6.0,0.0,0.012510425354462052,0.0005469601428707954,0,0.39346325367817364,5
A01037,13,7,6,6.0,19114000.0,3185666.6666666665,6.0,0.0,7.0,31385000.0,7.0,0.0,0.010842368640533777,0.0011599988821574788,0,0.18778165966974006,1
A00320,8,6,2,2.0,4825000.0,2412500.0,2.0,0.0,6.0,15681000.0,6.0,0.0,0.006672226855713094,0.0008174450787097444,0,0.24573953925482,2
A00766,14,5,9,9.0,15498000.0,1722000.0,9.0,0.0,5.0,9966000.0,5.0,0.0,0.011676396997497914,0.0009139617474562329,0,0.2181672838992604,2
A01110,15,4,11,11.0,11003000.0,1000272.7272727273,11.0,0.0,4.0,10147000.0,4.0,0.0,0.012510425354462052,0.0004880814039682403,0,0.16893453762371896,1
A00878,19,14,5,5.0,7284000.0,1456800.0,5.0,0.0,14.0,50365000.0,14.0,0.0,0.0158465387823186,0.001381850744149896,0,0.01647532260704778,1
A00534,9,3,6,6.0,20864000.0,3477333.3333333335,6.0,0.0,3.0,6419000.0,3.0,0.0,0.007506255212677231,0.0006509175781524123,0,0.2893730404222033,2
A01060,12,5,7,7.0,16370000.0,2338571.4285714286,7.0,0.0,6.0,10192000.0,5.0,0.0,0.010008340283569641,0.0005792731271721635,0,0.32828937289296733,2
A00988,13,6,7,7.0,12260000.0,1751428.5714285714,7.0,0.0,6.0,19991000.0,6.0,0.0,0.010842368640533777,0.001084173861055069,0,0.223100645850614,3
A00753,17,11,6,6.0,25556000.0,4259333.333333333,6.0,0.0,11.0,8467000.0,11.0,0.0,0.014178482068390324,0.0011907557118379774,0,0.24892872230613317,0
A00287,12,5,7,7.0,20880000.0,2982857.1428571427,7.0,0.0,5.0,12538000.0,5.0,0.0,0.010008340283569641,0.0005725040628678422,0,0.2426644746673902,0
A00536,16,9,7,7.0,6628000.0,946857.1428571428,7.0,0.0,9.0,36024000.0,9.0,0.0,0.013344453711426188,0.0009803226362515597,0,0.20893006713208795,0
A00045,18,10,8,8.0,15492000.0,1936500.0,8.0,0.0,10.0,16482000.0,10.0,0.0,0.015012510425354461,0.0013777160751438837,0,0.09905084622401632,1
A00513,6,4,2,2.0,643000.0,321500.0,2.0,1.0,4.0,6421000.0,4.0,0.5,0.0050041701417848205,0.0006301578635132839,1,0.8446484507736812,5
A00067,8,2,6,6.0,10923000.0,1820500.0,6.0,1.0,2.0,2721000.0,2.0,0.16666666666666666,0.006672226855713094,0.0002447450487121612,1,0.3991179664322628,5
A00170,8,4,4,4.0,8792000.0,2198000.0,4.0,1.0,4.0,4855000.0,4.0,0.25,0.006672226855713094,0.0014404048730107715,1,0.12510425816510637,5
A00448,9,2,7,7.0,14493000.0,2070428.5714285714,7.0,1.0,2.0,2812000.0,2.0,0.14285714285714285,0.007506255212677231,0.0004363059024585508,1,0.7614496069334534,0
A01117,15,9,6,7.0,4839000.0,691285.7142857143,6.0,0.0,9.0,17987000.0,9.0,0.0,0.012510425354462052,0.0012002424500936473,0,0.2270849435275745,0
A01144,16,4,12,13.0,34373000.0,2644076.923076923,12.0,0.0,4.0,2094000.0,4.0,0.0,0.013344453711426188,0.0005360663428527929,0,0.15349143329715836,5
A00172,17,7,10,10.0,25937000.0,2593700.0,10.0,0.0,7.0,6063000.0,7.0,0.0,0.014178482068390324,0.0010059510386779534,0,0.11523028810778368,0
A00059,11,4,7,7.0,9479000.0,1354142.857142857,7.0,0.0,5.0,9868000.0,4.0,0.0,0.009174311926605505,0.0005183796948475422,0,0.4310415437737324,3
A00612,14,11,3,3.0,7278000.0,2426000.0,3.0,0.0,11.0,28916000.0,11.0,0.0,0.011676396997497914,0.0019913787587484636,0,0.023674956438531833,3
A00443,11,5,6,6.0,8934000.0,1489000.0,6.0,0.0,5.0,9961000.0,5.0,0.0,0.009174311926605505,0.0007487426414080605,0,0.5311886125848192,0
A00873,18,13,5,5.0,12681000.0,2536200.0,5.0,0.0,13.0,33826000.0,13.0,0.0,0.015012510425354461,0.001798558941062485,0,0.033407084837440496,0
A00132,9,4,5,5.0,5832000.0,1166400.0,5.0,0.0,4.0,15619000.0,4.0,0.0,0.007506255212677231,0.00047076116924538777,0,0.15750004048529784,3
A00025,12,6,6,6.0,5955000.0,992500.0,6.0,0.0,6.0,16780000.0,6.0,0.0,0.010008340283569641,0.0006187383677940183,0,0.3452983902505589,1
A01118,13,5,8,8.0,13692000.0,1711500.0,8.0,0.0,5.0,7246000.0,5.0,0.0,0.010842368640533777,0.0013416760846034234,0,0.22369652383076025,2
A00446,13,7,6,6.0,9880000.0,1646666.6666666667,6.0,0.0,7.0,9432000.0,7.0,0.0,0.010842368640533777,0.0009740322215409993,0,0.46569954485798387,3
A00584,13,7,6,6.0,5479000.0,913166.6666666666,6.0,0.0,7.0,16063000.0,7.0,0.0,0.010842368640533777,0.001052625504031905,0,0.230389844701882,0
A00916,18,6,12,12.0,26073000.0,2172750.0,12.0,0.0,6.0,14384000.0,6.0,0.0,0.015012510425354461,0.0007896985406890917,0,0.2649181829678144,0
A00082,13,7,6,6.0,9007000.0,1501166.6666666667,6.0,1.0,7.0,15122000.0,7.0,0.16666666666666666,0.010842368640533777,0.0008417841424104297,1,0.7186812187900657,3
A00856,12,5,7,7.0,45016000.0,6430857.142857143,7.0,0.0,5.0,7915000.0,5.0,0.0,0.010008340283569641,0.0004982031901813437,0,0.46100853492631977,5
A00789,11,4,7,7.0,7616000.0,1088000.0,7.0,0.0,4.0,8451000.0,4.0,0.0,0.009174311926605505,0.0005531658394257747,0,0.42502684699311466,4
A00456,10,6,4,4.0,5142000.0,1285500.0,4.0,0.0,6.0,10707000.0,6.0,0.0,0.008340283569641367,0.001052898359550761,0,0.02257266820136356,4
A00929,11,6,5,5.0,8745000.0,1749000.0,5.0,0.0,6.0,13361000.0,6.0,0.0,0.009174311926605505,0.0007368346635862291,0,0.1579840401240197,3
A00275,13,9,4,4.0,6426000.0,1606500.0,4.0,0.0,9.0,24711000.0,9.0,0.0,0.010842368640533777,0.0011727726820215448,0,0.012770133388258923,3
A00010,9,3,6,6.0,15007000.0,2501166.6666666665,6.0,0.0,3.0,16072000.0,3.0,0.0,0.007506255212677231,0.0005239212913196596,0,0.3872687389067557,0
A00207,13,7,6,6.0,9261000.0,1543500.0,6.0,0.0,7.0,45440000.0,7.0,0.0,0.010842368640533777,0.0009670400038948809,0,0.23829210501395418,0
A01039,9,5,4,4.0,2168000.0,542000.0,4.0,0.0,5.0,13041000.0,5.0,0.0,0.007506255212677231,0.0005012607599145882,0,0.18762496205361148,3
A00298,12,6,6,6.0,12027000.0,2004500.0,6.0,0.0,7.0,10157000.0,6.0,0.0,0.010008340283569641,0.00081737305034087,0,0.45628867399848816,3
A00888,17,7,10,10.0,17268000.0,1726800.0,10.0,0.0,7.0,5120000.0,7.0,0.0,0.014178482068390324,0.0010083464243908673,0,0.0942809047808544,1
A00762,10,6,4,4.0,6778000.0,1694500.0,4.0,0.0,6.0,31016000.0,6.0,0.0,0.008340283569641367,0.000565355523129518,0,0.18485761883657786,0
A00469,11,5,6,6.0,14978000.0,2496333.3333333335,6.0,0.0,5.0,3808000.0,5.0,0.0,0.009174311926605505,0.0006725077952733757,0,0.2323984825110121,1
A00473,14,6,8,8.0,26121000.0,3265125.0,8.0,0.0,6.0,30948000.0,6.0,0.0,0.011676396997497914,0.0007613711595036512,0,0.3186307786010503,3
A00054,10,4,6,6.0,7610000.0,1268333.3333333333,6.0,0.0,4.0,5449000.0,4.0,0.0,0.008340283569641367,0.00047354786927670113,0,0.3560770084764439,3
A00962,15,4,11,11.0,16244000.0,1476727.2727272727,11.0,0.0,4.0,2776000.0,4.0,0.0,0.012510425354462052,0.0010872323107417264,0,0.12880890463000655,1
A00635,19,12,7,7.0,19470000.0,2781428.5714285714,7.0,0.0,12.0,12911000.0,12.0,0.0,0.0158465387823186,0.0011199512644238724,0,0.07117141417206177,1
A00459,8,5,3,3.0,1109000.0,369666.6666666667,3.0,0.0,5.0,19291000.0,5.0,0.0,0.006672226855713094,0.0007752246864987003,0,0.2166248927110009,5
A00590,16,7,9,9.0,18553000.0,2061444.4444444445,9.0,0.0,8.0,17068000.0,7.0,0.0,0.013344453711426188,0.0009894183321711525,0,0.5143762449454918,5
A00212,17,10,7,7.0,7353000.0,1050428.5714285714,7.0,0.0,10.0,19730000.0,10.0,0.0,0.014178482068390324,0.0010656332848214911,0,0.042302976974075,3
A01090,9,7,2,2.0,7260000.0,3630000.0,2.0,0.0,7.0,111745000.0,7.0,0.0,0.007506255212677231,0.0010971173642430488,0,0.031306844420354536,0
A00064,9,5,4,4.0,5404000.0,1351000.0,4.0,0.0,5.0,10631000.0,5.0,0.0,0.007506255212677231,0.0009854616716117547,0,0.08366823857759621,0
A00282,11,5,6,6.0,15602000.0,2600333.3333333335,6.0,0.0,5.0,7031000.0,5.0,0.0,0.009174311926605505,0.0009324958639603711,0,0.22248664032422535,0
A00214,17,8,9,9.0,10295000.0,1143888.888888889,9.0,0.0,8.0,14096000.0,8.0,0.0,0.014178482068390324,0.0013529891035984382,0,0.1442987070026055,0
A00123,13,8,5,5.0,5339000.0,1067800.0,5.0,0.0,8.0,11951000.0,8.0,0.0,0.010842368640533777,0.0012349037429789655,0,0.012921548194047122,3
A00920,8,6,2,2.0,1558000.0,779000.0,2.0,0.0,6.0,12597000.0,6.0,0.0,0.006672226855713094,0.0008715874834548445,0,0.026963217950778856,2
A00747,11,6,5,5.0,28375000.0,5675000.0,5.0,0.0,6.0,5166000.0,6.0,0.0,0.009174311926605505,0.0006764943322449422,0,0.07278564662289166,2
A00570,14,7,7,7.0,13170000.0,1881428.5714285714,7.0,0.0,7.0,22151000.0,7.0,0.0,0.011676396997497914,0.0015435687737426792,0,0.32609554478295794,4
A00281,9,4,5,5.0,8710000.0,1742000.0,5.0,0.0,4.0,3269000.0,4.0,0.0,0.007506255212677231,0.0004726288478804309,0,0.20599518806893652,2
A01030,9,4,5,5.0,3185000.0,637000.0,5.0,0.0,4.0,11062000.0,4.0,0.0,0.007506255212677231,0.00040981813262395614,0,0.16331786381351268,1
A00307,16,4,12,12.0,20559000.0,1713250.0,12.0,0.0,4.0,2680000.0,4.0,0.0,0.013344453711426188,0.0005506838124978466,0,0.09202540919054472,2
A00533,12,7,5,5.0,15057000.0,3011400.0,5.0,0.0,7.0,10754000.0,7.0,0.0,0.010008340283569641,0.0009642175848213533,0,0.03821337907190862,0
A00198,12,6,6,6.0,8563000.0,1427166.6666666667,6.0,0.0,6.0,6567000.0,6.0,0.0,0.010008340283569641,0.000598464350886298,0,0.35118276707187607,0
A00740,16,12,4,4.0,10694000.0,2673500.0,4.0,0.0,12.0,31085000.0,12.0,0.0,0.013344453711426188,0.0013352325298329473,0,0.023510169285105346,1
A01143,8,4,4,4.0,5024000.0,1256000.0,4.0,0.0,4.0,3816000.0,4.0,0.0,0.006672226855713094,0.0004676155307879677,0,0.16283231851942231,0
A01082,10,6,4,4.0,5834000.0,1458500.0,4.0,0.0,6.0,8160000.0,6.0,0.0,0.008340283569641367,0.0008443192113393144,0,0.04371569488807651,0
A00618,14,6,8,8.0,39045000.0,4880625.0,8.0,0.0,6.0,14659000.0,6.0,0.0,0.011676396997497914,0.0009406785863961823,0,0.24815724368814468,2
A00638,17,8,9,9.0,10383000.0,1153666.6666666667,9.0,0.0,8.0,12100000.0,8.0,0.0,0.014178482068390324,0.0007775772765437066,0,0.14925597681829764,2
A00316,15,7,8,8.0,35517000.0,4439625.0,8.0,0.0,7.0,19204000.0,7.0,0.0,0.012510425354462052,0.0007590330326907297,0,0.3726956783525418,2
A00944,10,5,5,5.0,7489000.0,1497800.0,5.0,0.0,5.0,10481000.0,5.0,0.0,0.008340283569641367,0.0006447396159302986,0,0.5190997879344225,4
A00813,8,5,3,3.0,4009000.0,1336333.3333333333,3.0,0.0,5.0,16408000.0,5.0,0.0,0.006672226855713094,0.000604684265846581,0,0.2319220830749142,3
A00523,14,8,6,6.0,5150000.0,858333.3333333334,6.0,0.0,8.0,24849000.0,8.0,0.0,0.011676396997497914,0.0009007967053131553,0,0.19509761417573607,1
A00637,12,6,6,6.0,8756000.0,1459333.3333333333,6.0,0.0,6.0,4812000.0,6.0,0.0,0.010008340283569641,0.0010630496322020266,0,0.4108828523291555,1
A00093,7,4,3,4.0,10671000.0,2667750.0,3.0,0.0,4.0,12698000.0,4.0,0.0,0.005838198498748957,0.000729593477224655,0,0.3032572539998666,5
A00036,9,2,7,7.0,9322000.0,1331714.2857142857,7.0,0.0,2.0,1092000.0,2.0,0.0,0.007506255212677231,0.00033335971328585776,0,0.2486311520675641,1
A00127,17,12,5,5.0,5026000.0,1005200.0,5.0,0.0,12.0,19212000.0,12.0,0.0,0.014178482068390324,0.00148631309059259,0,0.003529612210144766,1
A00912,14,3,11,11.0,43282000.0,3934727.272727273,11.0,1.0,3.0,12846000.0,3.0,0.09090909090909091,0.011676396997497914,0.000540135668436892,1,0.9629893925055868,1
A00482,12,6,6,6.0,9514000.0,1585666.6666666667,6.0,0.0,6.0,15263000.0,6.0,0.0,0.010008340283569641,0.000848433060102671,0,0.394539882975513,1
A00300,20,12,8,8.0,14188000.0,1773500.0,8.0,0.0,12.0,42044000.0,12.0,0.0,0.016680567139282735,0.001472290132631831,0,0.055781260566685954,1
A00840,19,10,9,9.0,16322000.0,1813555.5555555555,9.0,0.0,10.0,22972000.0,10.0,0.0,0.0158465387823186,0.0013775418641888838,0,0.08454335265544266,5
A01075,6,2,4,4.0,3804000.0,951000.0,4.0,0.0,2.0,3437000.0,2.0,0.0,0.0050041701417848205,0.0003897550702488821,0,0.21383816669779715,3
A00733,16,3,13,13.0,36708000.0,2823692.3076923075,13.0,0.0,3.0,2179000.0,3.0,0.0,0.013344453711426188,0.00044311240629893965,0,0.1576708021055517,0
A00081,17,7,10,10.0,8926000.0,892600.0,10.0,0.0,7.0,15959000.0,7.0,0.0,0.014178482068390324,0.0010697940525055578,0,0.09321794806737028,0
A00806,10,4,6,6.0,8675000.0,1445833.3333333333,6.0,0.0,4.0,5664000.0,4.0,0.0,0.008340283569641367,0.0006067639377996278,0,0.46374340275378245,2
A00654,11,5,6,6.0,16996000.0,2832666.6666666665,6.0,0.0,5.0,17937000.0,5.0,0.0,0.009174311926605505,0.0005036004499514742,0,0.27518961314159196,2
A00306,15,7,8,8.0,26718000.0,3339750.0,8.0,0.0,7.0,9410000.0,7.0,0.0,0.012510425354462052,0.0011777337073491298,0,0.2737292038901771,0
A00286,15,7,8,8.0,8762000.0,1095250.0,8.0,0.0,7.0,15314000.0,7.0,0.0,0.012510425354462052,0.0010999115505735903,0,0.40609354320031726,0
A00669,12,6,6,6.0,12170000.0,2028333.3333333333,6.0,0.0,6.0,8718000.0,6.0,0.0,0.010008340283569641,0.000875651047564859,0,0.4037883446578086,0
A00499,9,4,5,5.0,8361000.0,1672200.0,5.0,0.0,4.0,6483000.0,4.0,0.0,0.007506255212677231,0.0005321488309353369,0,0.2289846292168031,0
A00862,14,4,10,10.0,15002000.0,1500200.0,10.0,0.0,4.0,4771000.0,4.0,0.0,0.011676396997497914,0.0004990670029325603,0,0.17048693112708913,0
A01024,7,5,2,2.0,1968000.0,984000.0,2.0,1.0,5.0,6152000.0,5.0,0.5,0.005838198498748957,0.0005974923284979743,1,0.7892227275360578,4
A00065,7,4,3,3.0,1193000.0,397666.6666666667,3.0,0.0,4.0,10114000.0,4.0,0.0,0.005838198498748957,0.0004443285113936616,0,0.2127329080297953,1
A00418,16,8,8,8.0,9715000.0,1214375.0,8.0,0.0,8.0,17859000.0,8.0,0.0,0.013344453711426188,0.0009005420061574519,0,0.42073341768943545,0
A00008,7,3,4,4.0,10242000.0,2560500.0,4.0,0.0,3.0,6468000.0,3.0,0.0,0.005838198498748957,0.00041761303235576537,0,0.3270571318522458,1
A00936,10,4,6,6.0,8149000.0,1358166.6666666667,6.0,0.0,4.0,7591000.0,4.0,0.0,0.008340283569641367,0.0005726284602814851,0,0.4369777362873229,0
A01067,17,11,6,6.0,9207000.0,1534500.0,6.0,0.0,11.0,26830000.0,11.0,0.0,0.014178482068390324,0.0014072168554290687,0,0.047794290829838444,0
A01025,12,6,6,6.0,8220000.0,1370000.0,6.0,0.0,6.0,16238000.0,6.0,0.0,0.010008340283569641,0.0007436446007675826,0,0.4404405375820094,1
A01147,9,6,3,3.0,16427000.0,5475666.666666667,3.0,0.0,6.0,58758000.0,6.0,0.0,0.007506255212677231,0.0007980365082756167,0,0.15138880309282193,4
A00359,8,5,3,3.0,2032000.0,677333.3333333334,3.0,0.0,5.0,6016000.0,5.0,0.0,0.006672226855713094,0.0007693568762689401,0,0.343671114503881,0
A00852,8,2,6,6.0,17232000.0,2872000.0,6.0,0.0,2.0,2092000.0,2.0,0.0,0.006672226855713094,0.00029436885462531294,0,0.3917838007523745,4
A00042,11,7,4,4.0,27337000.0,6834250.0,4.0,0.0,7.0,16421000.0,7.0,0.0,0.009174311926605505,0.000825001809297078,0,0.06015360784204792,4
A00709,7,3,4,4.0,5450000.0,1362500.0,4.0,0.0,3.0,3355000.0,3.0,0.0,0.005838198498748957,0.0005345340426028087,0,0.13623734992363207,3
A00542,22,11,11,11.0,16920000.0,1538181.8181818181,11.0,0.0,11.0,12730000.0,11.0,0.0,0.01834862385321101,0.0015177668955170269,0,0.19068555907447238,1
A00539,14,5,9,9.0,20373000.0,2263666.6666666665,9.0,0.0,5.0,8388000.0,5.0,0.0,0.011676396997497914,0.00048689337763879585,0,0.3036549490523517,4
A00277,12,6,6,6.0,5723000.0,953833.3333333334,6.0,0.0,6.0,13470000.0,6.0,0.0,0.010008340283569641,0.0004954950516650348,0,0.24262361897825244,0
A00477,10,6,4,4.0,9346000.0,2336500.0,4.0,0.0,6.0,12200000.0,6.0,0.0,0.008340283569641367,0.0008423165315224653,0,0.36353921523764493,5
A00249,13,5,8,8.0,14695000.0,1836875.0,8.0,0.0,5.0,7253000.0,5.0,0.0,0.010842368640533777,0.0009529853639228601,0,0.2885921629997384,3
A00138,11,7,4,4.0,4656000.0,1164000.0,4.0,0.0,7.0,9323000.0,7.0,0.0,0.009174311926605505,0.0009416019645774395,0,0.01816834452093864,1
A00330,12,4,8,8.0,74300000.0,9287500.0,8.0,1.0,4.0,7849000.0,4.0,0.125,0.010008340283569641,0.0004053477431762081,1,0.9425286051207568,2
A00629,12,8,4,4.0,7798000.0,1949500.0,4.0,0.0,8.0,52135000.0,8.0,0.0,0.010008340283569641,0.0010504849265184247,0,0.024025115753703984,1
A00660,10,7,3,3.0,7101000.0,2367000.0,3.0,1.0,7.0,10050000.0,7.0,0.3333333333333333,0.008340283569641367,0.0008177567529374583,1,0.9036875054189951,0
A01064,13,6,7,7.0,36469000.0,5209857.142857143,7.0,0.0,6.0,19857000.0,6.0,0.0,0.010842368640533777,0.0009053699188816231,0,0.3185603971650089,3
A00360,26,14,12,12.0,44769000.0,3730750.0,12.0,0.0,14.0,24194000.0,14.0,0.0,0.021684737281067554,0.001803723617487816,0,0.2739206144313634,3
A01040,10,6,4,4.0,2892000.0,723000.0,4.0,0.0,6.0,24540000.0,6.0,0.0,0.008340283569641367,0.0011283849814671585,0,0.01539291055500323,0
A00226,16,6,10,10.0,22261000.0,2226100.0,10.0,0.0,6.0,13807000.0,6.0,0.0,0.013344453711426188,0.000637581105177615,0,0.37206194449251123,2
A00525,16,9,7,8.0,28490000.0,3561250.0,7.0,0.0,9.0,20944000.0,9.0,0.0,0.013344453711426188,0.0010781502431640273,0,0.19435087052105446,3
A00816,8,4,4,4.0,8264000.0,2066000.0,4.0,0.0,4.0,8861000.0,4.0,0.0,0.006672226855713094,0.0006309544682405395,0,0.2767896412589853,5
A00375,11,7,4,4.0,15262000.0,3815500.0,4.0,0.0,7.0,4891000.0,7.0,0.0,0.009174311926605505,0.00103001281277609,0,0.009365689886743184,5
A00363,13,6,7,8.0,31180000.0,3897500.0,7.0,0.0,6.0,7857000.0,6.0,0.0,0.010842368640533777,0.0007187000751084335,0,0.33911321936153865,1
A00197,13,10,3,3.0,9915000.0,3305000.0,3.0,0.0,10.0,10934000.0,10.0,0.0,0.010842368640533777,0.0014933457769091723,0,0.024011298084621244,1
A00411,15,5,10,10.0,10472000.0,1047200.0,10.0,0.0,5.0,13491000.0,5.0,0.0,0.012510425354462052,0.000543805406370429,0,0.2301380647766502,1
A00653,19,9,10,10.0,10831000.0,1083100.0,10.0,0.0,9.0,9544000.0,9.0,0.0,0.0158465387823186,0.0010869719002051398,0,0.05595678547290445,1
A00540,12,5,7,7.0,21882000.0,3126000.0,7.0,0.0,5.0,11689000.0,5.0,0.0,0.010008340283569641,0.0007958354391808179,0,0.26300203637326486,1
A00040,12,6,6,6.0,13181000.0,2196833.3333333335,6.0,1.0,6.0,8666000.0,6.0,0.16666666666666666,0.010008340283569641,0.0009841092097301056,1,0.706970086883977,2
A00046,11,8,3,3.0,5016000.0,1672000.0,3.0,0.0,9.0,34903000.0,8.0,0.0,0.009174311926605505,0.0008449109679701662,0,0.022887618058938707,0
A00510,11,4,7,7.0,14311000.0,2044428.5714285714,7.0,0.0,4.0,2898000.0,4.0,0.0,0.009174311926605505,0.0006547527639451298,0,0.3332619325168537,2
A00969,11,4,7,7.0,19945000.0,2849285.714285714,7.0,0.0,4.0,14379000.0,4.0,0.0,0.009174311926605505,0.0006323947009213119,0,0.2823819097006163,0
A00024,9,7,2,2.0,2058000.0,1029000.0,2.0,0.0,7.0,8749000.0,7.0,0.0,0.007506255212677231,0.0010566410736314604,0,0.028825436994382166,0
A00641,12,3,9,9.0,20735000.0,2303888.888888889,9.0,0.0,3.0,5527000.0,3.0,0.0,0.010008340283569641,0.0004906306877943327,0,0.32979215830191017,3
A01187,7,2,5,5.0,7155000.0,1431000.0,5.0,0.0,2.0,2253000.0,2.0,0.0,0.005838198498748957,0.0002975973488597257,0,0.1007847705138989,0
A01199,10,3,7,7.0,8639000.0,1234142.857142857,7.0,0.0,3.0,4119000.0,3.0,0.0,0.008340283569641367,0.0005070071078613241,0,0.34448190089725667,3
A00485,8,2,6,6.0,20222000.0,3370333.3333333335,6.0,0.0,2.0,2061000.0,2.0,0.0,0.006672226855713094,0.0002878956280051208,0,0.4350716691706768,3
A00105,13,5,8,8.0,10080000.0,1260000.0,8.0,0.0,5.0,6783000.0,5.0,0.0,0.010842368640533777,0.0005874573648654242,0,0.4663133629054289,1
A00356,13,4,9,9.0,10548000.0,1172000.0,9.0,0.0,4.0,22062000.0,4.0,0.0,0.010842368640533777,0.0005203870439992473,0,0.2714001299419393,0
A00644,15,8,7,7.0,6213000.0,887571.4285714285,7.0,0.0,8.0,9160000.0,8.0,0.0,0.012510425354462052,0.0012002447689365208,0,0.4035528759966097,3
A00931,13,9,4,4.0,8249000.0,2062250.0,4.0,0.0,9.0,15703000.0,9.0,0.0,0.010842368640533777,0.0009160964029434271,0,0.05475346587554461,4
A00768,14,8,6,6.0,25414000.0,4235666.666666667,6.0,0.0,8.0,14986000.0,8.0,0.0,0.011676396997497914,0.000925352362923013,0,0.5635388010309962,3
A00490,10,4,6,6.0,18654000.0,3109000.0,6.0,0.0,4.0,5161000.0,4.0,0.0,0.008340283569641367,0.0006592399470187797,0,0.26759504698606396,2
A00552,10,6,4,4.0,18910000.0,4727500.0,4.0,0.0,6.0,20219000.0,6.0,0.0,0.008340283569641367,0.0004956975453793547,0,0.17894512091627307,1
A00642,13,7,6,6.0,26347000.0,4391166.666666667,6.0,1.0,7.0,11908000.0,7.0,0.16666666666666666,0.010842368640533777,0.0009313320593919482,1,0.8666970380354952,5
A01062,11,9,2,2.0,1162000.0,581000.0,2.0,0.0,9.0,11654000.0,9.0,0.0,0.009174311926605505,0.0012667872532536617,0,0.009969360753816514,0
A00165,11,5,6,6.0,6729000.0,1121500.0,6.0,1.0,5.0,11008000.0,5.0,0.16666666666666666,0.009174311926605505,0.0007729843694569842,1,0.6718350114507329,3
A00407,15,7,8,8.0,14157000.0,1769625.0,8.0,0.0,7.0,31332000.0,7.0,0.0,0.012510425354462052,0.001146511616258724,0,0.2417975917813287,3
A00144,9,5,4,4.0,18673000.0,4668250.0,4.0,0.0,5.0,3653000.0,5.0,0.0,0.007506255212677231,0.0006824034039856677,0,0.13746804048772332,1
A00241,12,5,7,7.0,9802000.0,1400285.7142857143,7.0,0.0,5.0,39022000.0,5.0,0.0,0.010008340283569641,0.0008217083215343469,0,0.29692541095022923,0
A00690,16,8,8,8.0,13817000.0,1727125.0,8.0,0.0,8.0,26881000.0,8.0,0.0,0.013344453711426188,0.0010349012478689352,0,0.3334801987027392,0
A00849,7,2,5,5.0,13103000.0,2620600.0,5.0,0.0,2.0,1209000.0,2.0,0.0,0.005838198498748957,0.0003018724999826329,0,0.18508710992424285,2
A00225,15,8,7,8.0,13937000.0,1742125.0,7.0,0.0,8.0,21717000.0,8.0,0.0,0.012510425354462052,0.0009966137356586622,0,0.29394477143050646,3
A00362,12,4,8,9.0,15981000.0,1775666.6666666667,8.0,0.0,4.0,9749000.0,4.0,0.0,0.010008340283569641,0.0008550735187883133,0,0.2994504833318453,1
A01198,13,5,8,8.0,19850000.0,2481250.0,8.0,0.0,5.0,6428000.0,5.0,0.0,0.010842368640533777,0.000589367718199983,0,0.28830017462938445,0
A01195,11,7,4,4.0,5705000.0,1426250.0,4.0,0.0,7.0,14789000.0,7.0,0.0,0.009174311926605505,0.0010296446271168575,0,0.008505102570704946,4
A01027,11,4,7,7.0,4975000.0,710714.2857142857,7.0,0.0,4.0,8539000.0,4.0,0.0,0.009174311926605505,0.0004055475705701055,0,0.36743427513265065,1
A00304,13,6,7,7.0,11033000.0,1576142.857142857,7.0,0.0,6.0,23243000.0,6.0,0.0,0.010842368640533777,0.0006755119597853775,0,0.36050037400009655,4
A00882,11,3,8,8.0,17302000.0,2162750.0,8.0,1.0,3.0,7098000.0,3.0,0.125,0.009174311926605505,0.00046859174155810125,1,0.7775364505187681,5
A00858,11,5,6,7.0,8622000.0,1231714.2857142857,6.0,0.0,6.0,12892000.0,5.0,0.0,0.009174311926605505,0.0004952662894911485,0,0.35056566003401896,1
A00715,10,4,6,7.0,9924000.0,1417714.2857142857,6.0,0.0,4.0,14186000.0,4.0,0.0,0.008340283569641367,0.00048234306274239254,0,0.4031232793229783,0
A00947,11,7,4,4.0,18471000.0,4617750.0,4.0,0.0,7.0,5531000.0,7.0,0.0,0.009174311926605505,0.0009046067237623686,0,0.02545625113582336,0
A00073,16,5,11,11.0,13866000.0,1260545.4545454546,11.0,0.0,6.0,11635000.0,5.0,0.0,0.013344453711426188,0.0004037225791372588,0,0.2042160177229738,0
A00155,14,6,8,8.0,18509000.0,2313625.0,8.0,0.0,6.0,15023000.0,6.0,0.0,0.011676396997497914,0.0009677569804513338,0,0.3982169355237975,0
A00471,23,14,9,9.0,15907000.0,1767444.4444444445,9.0,0.0,14.0,24180000.0,14.0,0.0,0.019182652210175146,0.0015476328525847892,0,0.06247821957836423,3
A00075,13,6,7,7.0,35253000.0,5036142.857142857,7.0,0.0,7.0,13608000.0,6.0,0.0,0.010842368640533777,0.0006064240204871312,0,0.40545581152547006,3
A00595,7,1,6,6.0,10169000.0,1694833.3333333333,6.0,0.0,1.0,3927000.0,1.0,0.0,0.005838198498748957,0.0002738300973416167,0,0.2703016334388846,1
A00415,13,8,5,5.0,29230000.0,5846000.0,5.0,0.0,8.0,8177000.0,8.0,0.0,0.010842368640533777,0.0008284308032979204,0,0.07396971440505987,1
A00056,14,7,7,7.0,10986000.0,1569428.5714285714,7.0,0.0,7.0,15479000.0,7.0,0.0,0.011676396997497914,0.001962961979748024,0,0.3565273972700887,1
A00264,12,5,7,7.0,8115000.0,1159285.7142857143,7.0,0.0,5.0,7118000.0,5.0,0.0,0.010008340283569641,0.0011315871138003336,0,0.30201978854150335,0
A01000,11,7,4,4.0,28107000.0,7026750.0,4.0,0.0,7.0,17945000.0,7.0,0.0,0.009174311926605505,0.0007618561274497365,0,0.06153341578822735,1
A00413,21,11,10,10.0,18285000.0,1828500.0,10.0,0.0,11.0,15808000.0,11.0,0.0,0.01751459549624687,0.0015995154604632582,0,0.18476847875207017,2
A00167,14,8,6,6.0,10100000.0,1683333.3333333333,6.0,0.0,9.0,25009000.0,8.0,0.0,0.011676396997497914,0.0010122292130764353,0,0.3020096011758331,2
A00162,11,7,4,4.0,5759000.0,1439750.0,4.0,0.0,7.0,17438000.0,7.0,0.0,0.009174311926605505,0.0010740834272052594,0,0.008505102570704946,2
A00124,17,8,9,10.0,17315000.0,1731500.0,9.0,0.0,8.0,5582000.0,8.0,0.0,0.014178482068390324,0.0008432538670002355,0,0.13926630545989016,0
A00183,8,4,4,4.0,4050000.0,1012500.0,4.0,0.0,5.0,13249000.0,4.0,0.0,0.006672226855713094,0.0005102725973056115,0,0.22432612735998073,0
A00439,9,5,4,5.0,11745000.0,2349000.0,4.0,0.0,6.0,7766000.0,5.0,0.0,0.007506255212677231,0.0008967532143880744,0,0.11753345845610864,1
A01019,16,11,5,5.0,7754000.0,1550800.0,5.0,0.0,12.0,9639000.0,11.0,0.0,0.013344453711426188,0.001890587341116351,0,0.024105568960814568,1
A00099,11,7,4,4.0,4645000.0,1161250.0,4.0,0.0,7.0,35285000.0,7.0,0.0,0.009174311926605505,0.0007863724290395121,0,0.05584794162932688,2
A00600,9,3,6,6.0,9858000.0,1643000.0,6.0,0.0,3.0,2334000.0,3.0,0.0,0.007506255212677231,0.0004779052640459725,0,0.220477463942908,2
A00530,17,8,9,9.0,29397000.0,3266333.3333333335,9.0,0.0,8.0,5463000.0,8.0,0.0,0.014178482068390324,0.0009829393183089525,0,0.14479626602228676,0
A00422,13,5,8,9.0,10294000.0,1143777.7777777778,8.0,0.0,5.0,8580000.0,5.0,0.0,0.010842368640533777,0.00076937691762625,0,0.4317120320022398,3
A00774,9,5,4,4.0,12039000.0,3009750.0,4.0,0.0,5.0,23998000.0,5.0,0.0,0.007506255212677231,0.0008020637641936821,0,0.2682995262947256,1
A00243,13,5,8,8.0,19720000.0,2465000.0,8.0,0.0,5.0,8418000.0,5.0,0.0,0.010842368640533777,0.0007769011240942914,0,0.35077756698067253,0
A00724,10,7,3,3.0,15356000.0,5118666.666666667,3.0,0.0,7.0,37543000.0,7.0,0.0,0.008340283569641367,0.0008788089456971412,0,0.06961531313048133,0
A00666,18,10,8,8.0,8696000.0,1087000.0,8.0,0.0,10.0,18712000.0,10.0,0.0,0.015012510425354461,0.0010349391331653567,0,0.06468170785486795,3
A01058,13,5,8,8.0,19022000.0,2377750.0,8.0,0.0,5.0,10360000.0,5.0,0.0,0.010842368640533777,0.0008212992114008235,0,0.399830673014398,0
A00022,12,9,3,3.0,5978000.0,1992666.6666666667,3.0,0.0,10.0,9364000.0,9.0,0.0,0.010008340283569641,0.001566402564009881,0,0.02089315844721964,1
A00417,7,5,2,2.0,1260000.0,630000.0,2.0,0.0,5.0,7193000.0,5.0,0.0,0.005838198498748957,0.0006425215536360252,0,0.27381921470013104,0
A00544,16,9,7,8.0,23454000.0,2931750.0,7.0,0.0,9.0,16671000.0,9.0,0.0,0.013344453711426188,0.0011721281283161558,0,0.1569890001050448,1
A00296,8,2,6,6.0,20002000.0,3333666.6666666665,6.0,0.0,2.0,5679000.0,2.0,0.0,0.006672226855713094,0.00031695910343656347,0,0.39949230378799244,0
A01057,13,7,6,6.0,5808000.0,968000.0,6.0,0.0,7.0,14626000.0,7.0,0.0,0.010842368640533777,0.0008552426984798644,0,0.3242580875417337,0
A00412,14,7,7,7.0,25831000.0,3690142.8571428573,7.0,1.0,7.0,23226000.0,7.0,0.14285714285714285,0.011676396997497914,0.0007243187951247507,1,0.882414158509562,1
A00262,7,4,3,3.0,14375000.0,4791666.666666667,3.0,0.0,4.0,8203000.0,4.0,0.0,0.005838198498748957,0.000890752234822039,0,0.043160056299218985,1
A00699,13,7,6,6.0,5898000.0,983000.0,6.0,0.0,7.0,14863000.0,7.0,0.0,0.010842368640533777,0.001366785102965259,0,0.3100953633484322,1
A00505,15,8,7,7.0,11404000.0,1629142.857142857,7.0,0.0,8.0,19919000.0,8.0,0.0,0.012510425354462052,0.0008418646157361793,0,0.4903635598124504,0
A00125,7,2,5,5.0,7568000.0,1513600.0,5.0,0.0,2.0,903000.0,2.0,0.0,0.005838198498748957,0.0002635832160311954,0,0.08900469300073004,5
A01098,9,2,7,7.0,10914000.0,1559142.857142857,7.0,0.0,2.0,11655000.0,2.0,0.0,0.007506255212677231,0.0003414495831592306,0,0.32411975389305775,2
A01152,16,7,9,9.0,16734000.0,1859333.3333333333,9.0,0.0,7.0,15968000.0,7.0,0.0,0.013344453711426188,0.00096729328464274,0,0.6036651530416101,4
A00201,6,2,4,4.0,16198000.0,4049500.0,4.0,0.0,2.0,4761000.0,2.0,0.0,0.0050041701417848205,0.00037797984706810443,0,0.22916803771249372,1
A00903,11,6,5,5.0,4886000.0,977200.0,5.0,0.0,6.0,16597000.0,6.0,0.0,0.009174311926605505,0.0009198143582042559,0,0.022255292270424363,1
A00084,13,6,7,7.0,13898000.0,1985428.5714285714,7.0,0.0,6.0,6925000.0,6.0,0.0,0.010842368640533777,0.0006831518188054312,0,0.33729724336927414,3
A00604,12,4,8,8.0,18566000.0,2320750.0,8.0,0.0,4.0,16769000.0,4.0,0.0,0.010008340283569641,0.0006431804749239643,0,0.47039723048537163,0
A00977,8,6,2,2.0,1745000.0,872500.0,2.0,0.0,6.0,4512000.0,6.0,0.0,0.006672226855713094,0.0005821891976719722,0,0.259105668779619,0
A00650,6,4,2,2.0,3435000.0,1717500.0,2.0,0.0,4.0,15644000.0,4.0,0.0,0.0050041701417848205,0.0007575215553393728,0,0.25028749920706445,5
A00592,9,6,3,3.0,6871000.0,2290333.3333333335,3.0,0.0,6.0,5743000.0,6.0,0.0,0.007506255212677231,0.0007644833245831684,0,0.2770587360594345,5
A01177,12,7,5,5.0,7610000.0,1522000.0,5.0,0.0,8.0,11933000.0,7.0,0.0,0.010008340283569641,0.0008056424468688056,0,0.1493055832257858,2
A00855,17,10,7,7.0,16850000.0,2407142.8571428573,7.0,0.0,10.0,12414000.0,10.0,0.0,0.014178482068390324,0.0014463585789559782,0,0.1760039536711422,2
A00039,13,8,5,5.0,14567000.0,2913400.0,5.0,0.0,8.0,20643000.0,8.0,0.0,0.010842368640533777,0.0009136265147054706,0,0.046164538245388555,2
A00853,15,7,8,8.0,9242000.0,1155250.0,8.0,0.0,7.0,9431000.0,7.0,0.0,0.012510425354462052,0.0007305112906178276,0,0.4936000864538431,0
A01077,11,5,6,6.0,5145000.0,857500.0,6.0,0.0,5.0,9466000.0,5.0,0.0,0.009174311926605505,0.0006704130678580586,0,0.35547388180918926,3
A00177,17,13,4,4.0,9949000.0,2487250.0,4.0,0.0,13.0,30913000.0,13.0,0.0,0.014178482068390324,0.001969242587900227,0,0.030215595475738374,3
A00464,9,4,5,5.0,20049000.0,4009800.0,5.0,0.0,4.0,4571000.0,4.0,0.0,0.007506255212677231,0.0004740521358530317,0,0.28229874703880226,0
A00283,10,3,7,7.0,7778000.0,1111142.857142857,7.0,0.0,3.0,3250000.0,3.0,0.0,0.008340283569641367,0.000741565220987089,0,0.3662260717579317,3
A00098,11,7,4,4.0,2477000.0,619250.0,4.0,0.0,7.0,17396000.0,7.0,0.0,0.009174311926605505,0.001121656396372066,0,0.007756168361694691,3
A00729,11,8,3,3.0,8735000.0,2911666.6666666665,3.0,0.0,8.0,24401000.0,8.0,0.0,0.009174311926605505,0.0009240443082022453,0,0.035704317180896956,3
A01004,15,5,10,10.0,47300000.0,4730000.0,10.0,0.0,6.0,12450000.0,5.0,0.0,0.012510425354462052,0.0006364301175335928,0,0.2982532230351336,1
A01070,10,9,1,1.0,1191000.0,1191000.0,1.0,0.0,9.0,14950000.0,9.0,0.0,0.008340283569641367,0.0010009177236342786,0,0.01664790303036587,1
A01091,12,7,5,5.0,6314000.0,1262800.0,5.0,0.0,7.0,9414000.0,7.0,0.0,0.010008340283569641,0.0007110701875626803,0,0.049103153396828254,4
A00336,9,3,6,6.0,16075000.0,2679166.6666666665,6.0,0.0,3.0,2772000.0,3.0,0.0,0.007506255212677231,0.0005029698138548932,0,0.2638899688388712,4
A01191,16,8,8,8.0,15915000.0,1989375.0,8.0,0.0,8.0,11713000.0,8.0,0.0,0.013344453711426188,0.001285653150041989,0,0.47912284252253007,1
A00636,12,6,6,6.0,10322000.0,1720333.3333333333,6.0,0.0,6.0,12769000.0,6.0,0.0,0.010008340283569641,0.0007627087901474691,0,0.39408971930173187,3
A00662,9,4,5,5.0,13744000.0,2748800.0,5.0,0.0,4.0,6883000.0,4.0,0.0,0.007506255212677231,0.0006199853754690442,0,0.19674698022577353,3
A01181,10,7,3,3.0,5620000.0,1873333.3333333333,3.0,0.0,7.0,26870000.0,7.0,0.0,0.008340283569641367,0.0010567911564473612,0,0.029277645653941288,2
A00891,13,8,5,5.0,120164000.0,24032800.0,5.0,0.0,8.0,13161000.0,8.0,0.0,0.010842368640533777,0.0011410297561253598,0,0.04123746974755566,0
A00259,13,4,9,9.0,25498000.0,2833111.111111111,9.0,1.0,4.0,6662000.0,4.0,0.1111111111111111,0.010842368640533777,0.0005334847207742208,1,0.8186602101739251,1
A00117,12,3,9,9.0,45436000.0,5048444.444444444,9.0,1.0,3.0,12541000.0,3.0,0.1111111111111111,0.010008340283569641,0.0003430610855056426,1,0.9548001388950854,1
A00285,14,10,4,4.0,8865000.0,2216250.0,4.0,0.0,10.0,13584000.0,10.0,0.0,0.011676396997497914,0.0015744079144022597,0,0.04065586442124319,3
A00744,13,4,9,9.0,15595000.0,1732777.7777777778,9.0,0.0,4.0,10060000.0,4.0,0.0,0.010842368640533777,0.000549504704313542,0,0.2859972489266062,2
A00495,12,6,6,7.0,22437000.0,3205285.714285714,6.0,0.0,7.0,5978000.0,6.0,0.0,0.010008340283569641,0.0007382848486857262,0,0.19864947196717864,2
A00211,13,9,4,4.0,2572000.0,643000.0,4.0,0.0,9.0,14984000.0,9.0,0.0,0.010842368640533777,0.0012835959959909729,0,0.013781809387335716,1
A00031,16,9,7,7.0,9740000.0,1391428.5714285714,7.0,0.0,9.0,20624000.0,9.0,0.0,0.013344453711426188,0.0009793402534183026,0,0.31419978427970446,3
A01074,12,6,6,6.0,4192000.0,698666.6666666666,6.0,0.0,6.0,15057000.0,6.0,0.0,0.010008340283569641,0.0011793983299435242,0,0.21800328582737255,2
A01026,12,6,6,6.0,10075000.0,1679166.6666666667,6.0,0.0,6.0,5767000.0,6.0,0.0,0.010008340283569641,0.0007800054217967122,0,0.3910964935421299,1
A00819,9,4,5,5.0,17611000.0,3522200.0,5.0,0.0,4.0,3893000.0,4.0,0.0,0.007506255212677231,0.0005449718586653466,0,0.24731849257630245,2
A00290,16,6,10,10.0,22637000.0,2263700.0,10.0,0.0,8.0,12253000.0,6.0,0.0,0.013344453711426188,0.0009606830523175705,0,0.3805206564833548,0
A00247,9,4,5,5.0,16760000.0,3352000.0,5.0,0.0,4.0,10880000.0,4.0,0.0,0.007506255212677231,0.0004617801100436312,0,0.24331696443565634,0
A00788,17,7,10,10.0,36649000.0,3664900.0,10.0,0.0,7.0,7826000.0,7.0,0.0,0.014178482068390324,0.0011060195897611511,0,0.11141213613654796,3
A00387,18,8,10,10.0,10533000.0,1053300.0,10.0,0.0,8.0,6928000.0,8.0,0.0,0.015012510425354461,0.0010940806440455876,0,0.08629322278142415,1
A00887,13,8,5,5.0,32564000.0,6512800.0,5.0,0.0,8.0,19763000.0,8.0,0.0,0.010842368640533777,0.0011369683186351345,0,0.03760459978961164,1
A00213,14,6,8,8.0,21214000.0,2651750.0,8.0,0.0,6.0,6099000.0,6.0,0.0,0.011676396997497914,0.0010473788034716792,0,0.1370030546906511,2
A00173,13,5,8,8.0,15657000.0,1957125.0,8.0,0.0,5.0,31185000.0,5.0,0.0,0.010842368640533777,0.0007034728951131143,0,0.27822412473832464,2
A00187,18,8,10,10.0,25234000.0,2523400.0,10.0,0.0,8.0,17308000.0,8.0,0.0,0.015012510425354461,0.0010071914366372343,0,0.14010075634915067,0
A00683,14,9,5,5.0,6394000.0,1278800.0,5.0,0.0,9.0,13942000.0,9.0,0.0,0.011676396997497914,0.001442219561099867,0,0.03721383672545057,0
A01050,13,7,6,6.0,3024000.0,504000.0,6.0,0.0,7.0,22112000.0,7.0,0.0,0.010842368640533777,0.0007604844840689324,0,0.1877734111539809,0
A00002,15,5,10,10.0,17306000.0,1730600.0,10.0,0.0,5.0,4935000.0,5.0,0.0,0.012510425354462052,0.0006443737476117781,0,0.20957360168516326,2
A00340,16,6,10,10.0,15415000.0,1541500.0,10.0,0.0,6.0,14032000.0,6.0,0.0,0.013344453711426188,0.000978820228104169,0,0.22608885485206515,0
A01170,14,8,6,6.0,31950000.0,5325000.0,6.0,0.0,8.0,28725000.0,8.0,0.0,0.011676396997497914,0.0008359527571067942,0,0.3517124088468521,0
A00047,14,6,8,8.0,17806000.0,2225750.0,8.0,0.0,6.0,4725000.0,6.0,0.0,0.011676396997497914,0.001102241759577664,0,0.3050126312785238,3
A00674,15,11,4,4.0,5732000.0,1433000.0,4.0,0.0,11.0,34335000.0,11.0,0.0,0.012510425354462052,0.0012062858105929464,0,0.0007238095238095238,0
A00301,12,7,5,5.0,7665000.0,1533000.0,5.0,0.0,7.0,8569000.0,7.0,0.0,0.010008340283569641,0.0009796655005083529,0,0.07211953649266709,1
A00627,18,4,14,14.0,30615000.0,2186785.714285714,14.0,0.0,4.0,8883000.0,4.0,0.0,0.015012510425354461,0.0005239040764645688,0,0.13963294931213863,1
A00951,12,6,6,6.0,21196000.0,3532666.6666666665,6.0,0.0,6.0,11769000.0,6.0,0.0,0.010008340283569641,0.000761940696024356,0,0.2702213217500067,0
A00273,12,7,5,5.0,4866000.0,973200.0,5.0,0.0,7.0,8350000.0,7.0,0.0,0.010008340283569641,0.0009434930638764472,0,0.018964259467991944,0
A00703,6,1,5,5.0,6683000.0,1336600.0,5.0,0.0,1.0,1428000.0,1.0,0.0,0.0050041701417848205,0.0002892863579805924,0,0.11749573746088662,1
A00072,16,9,7,7.0,14998000.0,2142571.4285714286,7.0,0.0,9.0,20572000.0,9.0,0.0,0.013344453711426188,0.0010027708276478418,0,0.29421015391856836,1
A00941,9,5,4,4.0,12780000.0,3195000.0,4.0,0.0,5.0,5716000.0,5.0,0.0,0.007506255212677231,0.0007879299036847465,0,0.19906212150536828,3
A00122,14,8,6,7.0,15568000.0,2224000.0,6.0,0.0,8.0,20250000.0,8.0,0.0,0.011676396997497914,0.0010513601594601893,0,0.4005192308959729,3
A00930,13,6,7,7.0,19603000.0,2800428.5714285714,7.0,0.0,6.0,6003000.0,6.0,0.0,0.010842368640533777,0.0008298969143376411,0,0.2577661142456981,4
A00527,9,4,5,5.0,6846000.0,1369200.0,5.0,0.0,4.0,8728000.0,4.0,0.0,0.007506255212677231,0.0005111792744005261,0,0.20071099926646044,0
A01034,12,6,6,6.0,26299000.0,4383166.666666667,6.0,0.0,6.0,28234000.0,6.0,0.0,0.010008340283569641,0.0010865641333244799,0,0.22750626111779187,2
A00572,14,6,8,8.0,15734000.0,1966750.0,8.0,0.0,6.0,23837000.0,6.0,0.0,0.011676396997497914,0.0009637406775209079,0,0.2853135915673345,1
A00738,11,4,7,7.0,43104000.0,6157714.285714285,7.0,0.0,4.0,12897000.0,4.0,0.0,0.009174311926605505,0.0006370578980290151,0,0.398764098927068,1
A01140,14,7,7,7.0,7893000.0,1127571.4285714286,7.0,0.0,7.0,7211000.0,7.0,0.0,0.011676396997497914,0.0007066864076684666,0,0.44199748702401215,2
A00915,16,8,8,8.0,20656000.0,2582000.0,8.0,0.0,8.0,22977000.0,8.0,0.0,0.013344453711426188,0.0010419651338871025,0,0.27923874296936974,2
A01194,15,9,6,6.0,15862000.0,2643666.6666666665,6.0,0.0,9.0,12666000.0,9.0,0.0,0.012510425354462052,0.0010299247314378918,0,0.22488720807731363,3
A00707,13,5,8,8.0,28021000.0,3502625.0,8.0,0.0,5.0,9288000.0,5.0,0.0,0.010842368640533777,0.000724171202607078,0,0.4052199022520334,1
A00810,16,7,9,9.0,12246000.0,1360666.6666666667,9.0,0.0,7.0,4406000.0,7.0,0.0,0.013344453711426188,0.000980268541684012,0,0.49406449933206725,0
A00429,16,11,5,5.0,2819000.0,563800.0,5.0,0.0,11.0,26283000.0,11.0,0.0,0.013344453711426188,0.0017085492329343356,0,0.009675881972433697,1
A00978,9,4,5,5.0,13382000.0,2676400.0,5.0,0.0,4.0,19562000.0,4.0,0.0,0.007506255212677231,0.0006896429021007878,0,0.2615040863988478,2
A00679,13,5,8,8.0,14657000.0,1832125.0,8.0,0.0,5.0,6242000.0,5.0,0.0,0.010842368640533777,0.0007584926316918731,0,0.34536130634511264,2
A00112,13,6,7,7.0,25774000.0,3682000.0,7.0,0.0,6.0,10610000.0,6.0,0.0,0.010842368640533777,0.0006750629608680506,0,0.4942250304869445,2
A00420,9,5,4,4.0,8485000.0,2121250.0,4.0,0.0,5.0,5941000.0,5.0,0.0,0.007506255212677231,0.000813903672662664,0,0.32341771467819724,2
A00321,14,11,3,4.0,4727000.0,1181750.0,3.0,0.0,13.0,53079000.0,11.0,0.0,0.011676396997497914,0.0016604879382966108,0,0.0007238095238095238,2
A00672,11,6,5,5.0,43491000.0,8698200.0,5.0,0.0,6.0,11526000.0,6.0,0.0,0.009174311926605505,0.0011560617948516093,0,0.04643162012962086,2
A00946,14,7,7,7.0,30649000.0,4378428.571428572,7.0,0.0,7.0,18739000.0,7.0,0.0,0.011676396997497914,0.0010019631457828704,0,0.39362641221554306,0
A00682,16,8,8,8.0,17664000.0,2208000.0,8.0,3.0,8.0,27018000.0,8.0,0.375,0.013344453711426188,0.0012558160665310744,1,0.8231124452035291,0
A00565,5,1,4,4.0,7669000.0,1917250.0,4.0,0.0,1.0,693000.0,1.0,0.0,0.004170141784820684,0.00020314601483322896,0,0.38123906616561903,5
A00104,12,5,7,7.0,10478000.0,1496857.142857143,7.0,0.0,5.0,7663000.0,5.0,0.0,0.010008340283569641,0.0008643153140890033,0,0.37341305300297634,5
A00223,12,4,8,9.0,8047000.0,894111.1111111111,8.0,0.0,4.0,3570000.0,4.0,0.0,0.010008340283569641,0.0005002178666406734,0,0.3006914951365128,3
A00043,11,5,6,7.0,14872000.0,2124571.4285714286,6.0,0.0,6.0,5354000.0,5.0,0.0,0.009174311926605505,0.00047153964407671686,0,0.3222672050783902,3
A00206,5,3,2,2.0,6085000.0,3042500.0,2.0,0.0,4.0,7663000.0,3.0,0.0,0.004170141784820684,0.0006533620409463731,0,0.13867029561514213,0
A00100,9,3,6,6.0,10915000.0,1819166.6666666667,6.0,0.0,3.0,6606000.0,3.0,0.0,0.007506255212677231,0.0007685103532006915,0,0.4962514350872455,0
A00675,9,3,6,6.0,5623000.0,937166.6666666666,6.0,0.0,3.0,1861000.0,3.0,0.0,0.007506255212677231,0.00046624400665735543,0,0.23183227998805583,2
A01172,14,8,6,6.0,17213000.0,2868833.3333333335,6.0,0.0,8.0,18032000.0,8.0,0.0,0.011676396997497914,0.0012381814155273214,0,0.3756408637672064,2
A00384,8,4,4,4.0,1656000.0,414000.0,4.0,0.0,4.0,8443000.0,4.0,0.0,0.006672226855713094,0.00043845975889780125,0,0.22181335162889676,1
A00406,11,7,4,4.0,15536000.0,3884000.0,4.0,0.0,7.0,5289000.0,7.0,0.0,0.009174311926605505,0.001151516273975149,0,0.009365689886743184,4
A00616,13,8,5,5.0,9910000.0,1982000.0,5.0,0.0,8.0,12380000.0,8.0,0.0,0.010842368640533777,0.001064903652074721,0,0.03988288067718391,3
A00035,8,6,2,2.0,3876000.0,1938000.0,2.0,0.0,6.0,13547000.0,6.0,0.0,0.006672226855713094,0.001058355857845347,0,0.02800885418500977,5
A00784,16,3,13,13.0,23712000.0,1824000.0,13.0,0.0,3.0,2827000.0,3.0,0.0,0.013344453711426188,0.0003712737252337103,0,0.14899482582800402,0
A00695,14,5,9,9.0,12582000.0,1398000.0,9.0,0.0,5.0,4980000.0,5.0,0.0,0.011676396997497914,0.0005695491038415513,0,0.2550121906818253,0
A00383,10,5,5,5.0,7361000.0,1472200.0,5.0,1.0,5.0,20909000.0,5.0,0.2,0.008340283569641367,0.0006891984479781097,1,0.7990504602935737,0
A00822,10,8,2,2.0,2119000.0,1059500.0,2.0,0.0,8.0,10953000.0,8.0,0.0,0.008340283569641367,0.0012042894502221268,0,0.022593251190767796,2
A00319,15,8,7,7.0,5818000.0,831142.8571428572,7.0,0.0,8.0,16608000.0,8.0,0.0,0.012510425354462052,0.0008024443985671777,0,0.35346144098557214,0
A00219,9,5,4,4.0,8687000.0,2171750.0,4.0,0.0,5.0,7219000.0,5.0,0.0,0.007506255212677231,0.0009217344649667934,0,0.10169457161244722,3
A01122,9,2,7,7.0,8092000.0,1156000.0,7.0,0.0,2.0,3926000.0,2.0,0.0,0.007506255212677231,0.0005006301831715076,0,0.2990649709635861,0
A00001,10,5,5,5.0,4495000.0,899000.0,5.0,0.0,5.0,5565000.0,5.0,0.0,0.008340283569641367,0.0007198094942651406,0,0.2888950433731318,0
A00520,10,6,4,4.0,8128000.0,2032000.0,4.0,0.0,6.0,7353000.0,6.0,0.0,0.008340283569641367,0.000673156705877566,0,0.21237439758843984,2
A00017,10,6,4,4.0,9285000.0,2321250.0,4.0,1.0,6.0,28288000.0,6.0,0.25,0.008340283569641367,0.0007650977546131288,1,0.8733033436950107,1
A00168,10,4,6,6.0,13747000.0,2291166.6666666665,6.0,0.0,4.0,9704000.0,4.0,0.0,0.008340283569641367,0.00047593337466517453,0,0.40539229281851974,1
A00832,14,8,6,6.0,9176000.0,1529333.3333333333,6.0,0.0,8.0,12050000.0,8.0,0.0,0.011676396997497914,0.001160196433485777,0,0.42241430242199146,1
A00044,15,6,9,9.0,12149000.0,1349888.888888889,9.0,0.0,6.0,12264000.0,6.0,0.0,0.012510425354462052,0.0011710032499927998,0,0.2058591702847627,1
A00907,9,6,3,3.0,4859000.0,1619666.6666666667,3.0,0.0,6.0,4767000.0,6.0,0.0,0.007506255212677231,0.0007093929572539823,0,0.1554219350686304,0
A01126,11,3,8,8.0,10767000.0,1345875.0,8.0,0.0,3.0,4728000.0,3.0,0.0,0.009174311926605505,0.00030649859084674755,0,0.3853566504313246,5
A00990,10,5,5,5.0,25481000.0,5096200.0,5.0,0.0,5.0,10774000.0,5.0,0.0,0.008340283569641367,0.0006293876224020747,0,0.3232120624275529,4
A00883,9,7,2,2.0,13524000.0,6762000.0,2.0,0.0,7.0,8477000.0,7.0,0.0,0.007506255212677231,0.0009542188221843047,0,0.03073398474450322,3
A00353,15,9,6,6.0,12266000.0,2044333.3333333333,6.0,0.0,9.0,12118000.0,9.0,0.0,0.012510425354462052,0.0010639901003798317,0,0.33181953194953456,2
A00239,15,9,6,6.0,6713000.0,1118833.3333333333,6.0,1.0,10.0,14530000.0,9.0,0.16666666666666666,0.012510425354462052,0.0015402845860365865,1,0.8263087958397527,2
A00545,8,5,3,3.0,3355000.0,1118333.3333333333,3.0,0.0,5.0,16485000.0,5.0,0.0,0.006672226855713094,0.0011846804408430075,0,0.05692166259797735,4
A00062,13,4,9,9.0,15141000.0,1682333.3333333333,9.0,0.0,4.0,32387000.0,4.0,0.0,0.010842368640533777,0.0007524885615247062,0,0.23525275506007537,3
A00701,11,9,2,2.0,1171000.0,585500.0,2.0,0.0,9.0,11317000.0,9.0,0.0,0.009174311926605505,0.0011640934811927186,0,0.011687309471765233,4
A00687,14,9,5,5.0,16880000.0,3376000.0,5.0,0.0,9.0,22291000.0,9.0,0.0,0.011676396997497914,0.0010488148659289728,0,0.01779459794092374,1
A01066,12,5,7,7.0,16368000.0,2338285.714285714,7.0,0.0,5.0,18492000.0,5.0,0.0,0.010008340283569641,0.000762184688545071,0,0.3973449826294637,1
A00079,10,6,4,4.0,4154000.0,1038500.0,4.0,0.0,6.0,10990000.0,6.0,0.0,0.008340283569641367,0.0006265689628349142,0,0.10929117941957443,4
A00804,12,9,3,3.0,2958000.0,986000.0,3.0,0.0,9.0,22442000.0,9.0,0.0,0.010008340283569641,0.0011226557471096432,0,0.009622000229463069,0
A00547,13,9,4,4.0,11586000.0,2896500.0,4.0,0.0,9.0,22733000.0,9.0,0.0,0.010842368640533777,0.001211470410484382,0,0.014136270818651347,0
A00668,11,7,4,4.0,20357000.0,5089250.0,4.0,0.0,7.0,10285000.0,7.0,0.0,0.009174311926605505,0.001125832291256988,0,0.0063121307685682455,5
A00317,9,3,6,6.0,8318000.0,1386333.3333333333,6.0,0.0,3.0,3663000.0,3.0,0.0,0.007506255212677231,0.0008394144943967199,0,0.345835552654115,3
A00492,13,6,7,7.0,25272000.0,3610285.714285714,7.0,0.0,6.0,10847000.0,6.0,0.0,0.010842368640533777,0.0007734160641891978,0,0.3853428301505362,1
A00538,11,6,5,5.0,6410000.0,1282000.0,5.0,0.0,6.0,6320000.0,6.0,0.0,0.009174311926605505,0.0010711285712155692,0,0.031539891766479734,0
A00949,10,3,7,7.0,11998000.0,1714000.0,7.0,0.0,3.0,1516000.0,3.0,0.0,0.008340283569641367,0.0005308627743234867,0,0.25482582515300134,0
A00894,11,6,5,5.0,11344000.0,2268800.0,5.0,0.0,6.0,6352000.0,6.0,0.0,0.009174311926605505,0.0006612736016922004,0,0.1418646053136126,0
A00376,9,3,6,6.0,2528000.0,421333.3333333333,6.0,1.0,3.0,7522000.0,3.0,0.16666666666666666,0.007506255212677231,0.0003756932876031804,1,0.7857205169997505,0
A00480,9,5,4,4.0,2809000.0,702250.0,4.0,0.0,5.0,5374000.0,5.0,0.0,0.007506255212677231,0.0006512982078261707,0,0.36466474184554504,0
A00058,3,1,2,2.0,2720000.0,1360000.0,2.0,0.0,1.0,357000.0,1.0,0.0,0.0025020850708924102,0.00019425379527231515,0,0.25449386162802284,0
A00823,12,4,8,8.0,15182000.0,1897750.0,8.0,0.0,4.0,10396000.0,4.0,0.0,0.010008340283569641,0.0006356008048806055,0,0.38892881432046034,0
A00906,11,5,6,6.0,6469000.0,1078166.6666666667,6.0,0.0,5.0,7586000.0,5.0,0.0,0.009174311926605505,0.00043828484136483907,0,0.31397692258892956,3
A01023,19,8,11,11.0,30847000.0,2804272.727272727,11.0,0.0,8.0,13032000.0,8.0,0.0,0.0158465387823186,0.0010002557136877535,0,0.21297197588291458,5
A00563,19,8,11,13.0,31234000.0,2402615.3846153845,11.0,0.0,8.0,16696000.0,8.0,0.0,0.0158465387823186,0.0011633140937251291,0,0.186940718770039,3
A00134,11,6,5,5.0,5284000.0,1056800.0,5.0,0.0,6.0,11113000.0,6.0,0.0,0.009174311926605505,0.000737750887264271,0,0.06274176065267743,4
A00763,9,4,5,6.0,10524000.0,1754000.0,5.0,0.0,4.0,19851000.0,4.0,0.0,0.007506255212677231,0.00037206979645668234,0,0.32344130074903,0
A00594,14,7,7,7.0,25466000.0,3638000.0,7.0,0.0,8.0,7265000.0,7.0,0.0,0.011676396997497914,0.0007373046836176016,0,0.4003057792449061,0
A00462,13,9,4,4.0,3411000.0,852750.0,4.0,0.0,9.0,27605000.0,9.0,0.0,0.010842368640533777,0.0014045425103490165,0,0.007258121393459996,0
A00910,15,7,8,8.0,28796000.0,3599500.0,8.0,0.0,7.0,14131000.0,7.0,0.0,0.012510425354462052,0.0011547584697525002,0,0.2407386879980485,0
A00934,11,5,6,6.0,16580000.0,2763333.3333333335,6.0,0.0,5.0,10000000.0,5.0,0.0,0.009174311926605505,0.0006857438078077083,0,0.2522496952953609,2
A00718,15,7,8,8.0,8312000.0,1039000.0,8.0,0.0,7.0,10185000.0,7.0,0.0,0.012510425354462052,0.0009022865216832033,0,0.45592095347457634,1
A01078,13,6,7,7.0,4433000.0,633285.7142857143,7.0,0.0,6.0,12703000.0,6.0,0.0,0.010842368640533777,0.0007631556165548475,0,0.27715001805881934,0
A00670,10,7,3,3.0,6375000.0,2125000.0,3.0,0.0,7.0,29286000.0,7.0,0.0,0.008340283569641367,0.0012908285689585601,0,0.03195165715263321,0
A00838,12,6,6,6.0,10121000.0,1686833.3333333333,6.0,0.0,7.0,4468000.0,6.0,0.0,0.010008340283569641,0.0008143879146878108,0,0.44062535197294506,1
A00349,11,5,6,6.0,24841000.0,4140166.6666666665,6.0,0.0,5.0,8554000.0,5.0,0.0,0.009174311926605505,0.0008593469561201792,0,0.21131252260915398,1
A00605,9,6,3,3.0,8977000.0,2992333.3333333335,3.0,0.0,6.0,8425000.0,6.0,0.0,0.007506255212677231,0.0007438086728994258,0,0.09722687843015021,2
A01173,10,6,4,4.0,3586000.0,896500.0,4.0,1.0,6.0,8148000.0,6.0,0.25,0.008340283569641367,0.000602065622432052,1,0.09114218451179812,1
A00809,8,2,6,6.0,27943000.0,4657166.666666667,6.0,0.0,2.0,1253000.0,2.0,0.0,0.006672226855713094,0.00045653804707294996,0,0.9108298378921824,1
A00989,6,5,1,1.0,3838000.0,3838000.0,1.0,0.0,5.0,13273000.0,5.0,0.0,0.0050041701417848205,0.0005747435708196502,0,0.1287827036078071,1
A00589,7,4,3,3.0,1274000.0,424666.6666666667,3.0,0.0,5.0,28104000.0,4.0,0.0,0.005838198498748957,0.0003232644534841071,0,0.1782623102118464,5
A00554,10,5,5,5.0,12880000.0,2576000.0,5.0,0.0,5.0,5470000.0,5.0,0.0,0.008340283569641367,0.0006158903008934202,0,0.26136867751359505,3
A00633,15,9,6,6.0,6590000.0,1098333.3333333333,6.0,0.0,9.0,19655000.0,9.0,0.0,0.012510425354462052,0.0014666066606307765,0,0.4027778359295063,0
A00752,17,9,8,8.0,38091000.0,4761375.0,8.0,0.0,9.0,42628000.0,9.0,0.0,0.014178482068390324,0.0015790511549831712,0,0.17101151353453645,0
A00500,10,3,7,8.0,9011000.0,1126375.0,7.0,0.0,3.0,3157000.0,3.0,0.0,0.008340283569641367,0.00047908280323604856,0,0.30683391698735557,3
A00005,9,4,5,5.0,4629000.0,925800.0,5.0,0.0,4.0,21102000.0,4.0,0.0,0.007506255212677231,0.00048216059940074424,0,0.16955722991386146,3
A00182,15,5,10,10.0,13018000.0,1301800.0,10.0,0.0,5.0,21910000.0,5.0,0.0,0.012510425354462052,0.0007378987683085149,0,0.23543196449740952,0
A01134,13,7,6,6.0,12719000.0,2119833.3333333335,6.0,0.0,7.0,12464000.0,7.0,0.0,0.010842368640533777,0.0006034509727180816,0,0.4572796442047874,2
A00348,17,7,10,10.0,18149000.0,1814900.0,10.0,0.0,7.0,22059000.0,7.0,0.0,0.014178482068390324,0.0009995897090417773,0,0.17293359325347518,0
A00640,16,9,7,7.0,10094000.0,1442000.0,7.0,0.0,9.0,41535000.0,9.0,0.0,0.013344453711426188,0.0012737350894639326,0,0.30395574339954085,0
A00135,12,3,9,9.0,20006000.0,2222888.888888889,9.0,0.0,3.0,25016000.0,3.0,0.0,0.010008340283569641,0.00042394435156670955,0,0.3841027394285731,4
A00498,11,1,10,10.0,20635000.0,2063500.0,10.0,0.0,1.0,432000.0,1.0,0.0,0.009174311926605505,0.0001881631573263429,0,0.39714214309078877,1
A01036,17,7,10,10.0,17568000.0,1756800.0,10.0,0.0,7.0,6376000.0,7.0,0.0,0.014178482068390324,0.0008288139273537633,0,0.19013924695043305,3
A00196,12,5,7,7.0,30978000.0,4425428.571428572,7.0,0.0,5.0,9470000.0,5.0,0.0,0.010008340283569641,0.0007368901263166574,0,0.45175508352482924,0
A00611,7,3,4,4.0,10429000.0,2607250.0,4.0,0.0,3.0,2337000.0,3.0,0.0,0.005838198498748957,0.0005929304626973225,0,0.13473334481633314,1
A00295,16,9,7,8.0,57033000.0,7129125.0,7.0,0.0,9.0,30615000.0,9.0,0.0,0.013344453711426188,0.0009344250069249821,0,0.12678147901818182,4
A00313,14,8,6,6.0,11378000.0,1896333.3333333333,6.0,0.0,8.0,15738000.0,8.0,0.0,0.011676396997497914,0.0012209657266755772,0,0.49383772745314825,0
A01136,11,7,4,4.0,5246000.0,1311500.0,4.0,0.0,7.0,18846000.0,7.0,0.0,0.009174311926605505,0.0009642841341318569,0,0.014568675372882397,1
A00400,11,8,3,3.0,3715000.0,1238333.3333333333,3.0,0.0,8.0,18184000.0,8.0,0.0,0.009174311926605505,0.0008605890839258448,0,0.02602178132458509,1
A00968,9,3,6,6.0,9418000.0,1569666.6666666667,6.0,0.0,3.0,7340000.0,3.0,0.0,0.007506255212677231,0.0006689918358804768,0,0.38214626354064457,1
A00493,11,5,6,6.0,7756000.0,1292666.6666666667,6.0,0.0,5.0,9888000.0,5.0,0.0,0.009174311926605505,0.0006728845118618976,0,0.4702296271055611,2
A00518,12,4,8,8.0,14072000.0,1759000.0,8.0,0.0,4.0,7245000.0,4.0,0.0,0.010008340283569641,0.0004843794645348923,0,0.40309564888951716,1
A00937,11,7,4,4.0,8728000.0,2182000.0,4.0,0.0,7.0,23757000.0,7.0,0.0,0.009174311926605505,0.0009173377081825291,0,0.10785938463993378,0
A00516,14,10,4,4.0,5975000.0,1493750.0,4.0,0.0,10.0,24696000.0,10.0,0.0,0.011676396997497914,0.0017419302865617694,0,0.01068795301066163,0
A00561,12,5,7,7.0,8973000.0,1281857.142857143,7.0,0.0,5.0,12338000.0,5.0,0.0,0.010008340283569641,0.0006912792057253781,0,0.48197730277033574,0
A00159,17,10,7,7.0,12713000.0,1816142.857142857,7.0,0.0,11.0,14076000.0,10.0,0.0,0.014178482068390324,0.0010635491291591137,0,0.06061678659980354,4
A01010,9,3,6,6.0,35653000.0,5942166.666666667,6.0,0.0,3.0,1612000.0,3.0,0.0,0.007506255212677231,0.0004796937365911392,0,0.5095429952146389,3
A00331,16,9,7,7.0,11483000.0,1640428.5714285714,7.0,0.0,9.0,9915000.0,9.0,0.0,0.013344453711426188,0.0013807036665563627,0,0.439055295581836,4
A00713,16,9,7,7.0,5952000.0,850285.7142857143,7.0,1.0,9.0,16473000.0,9.0,0.14285714285714285,0.013344453711426188,0.001648365057884523,1,0.8275065839669028,3
A00409,12,7,5,5.0,11011000.0,2202200.0,5.0,0.0,7.0,17906000.0,7.0,0.0,0.010008340283569641,0.0010549544682048207,0,0.07107686463290512,0
A00717,9,5,4,4.0,14303000.0,3575750.0,4.0,0.0,5.0,4281000.0,5.0,0.0,0.007506255212677231,0.0007689024260850397,0,0.17671923865219966,4
A01061,16,12,4,5.0,6612000.0,1322400.0,4.0,0.0,12.0,21897000.0,12.0,0.0,0.013344453711426188,0.0014270648935792857,0,0.007014178806339268,0
A00402,11,7,4,4.0,5348000.0,1337000.0,4.0,0.0,7.0,33780000.0,7.0,0.0,0.009174311926605505,0.0007209054425557651,0,0.038914094578765754,2
A00020,13,5,8,8.0,18643000.0,2330375.0,8.0,0.0,5.0,21287000.0,5.0,0.0,0.010842368640533777,0.000709128090717367,0,0.4529908489127846,3
A00820,11,4,7,7.0,15394000.0,2199142.8571428573,7.0,0.0,4.0,14101000.0,4.0,0.0,0.009174311926605505,0.0006216978451263241,0,0.35113018307212995,0
A01016,12,6,6,6.0,10692000.0,1782000.0,6.0,0.0,6.0,11100000.0,6.0,0.0,0.010008340283569641,0.0006022807421857777,0,0.3841325267120254,5
A00401,18,10,8,8.0,18816000.0,2352000.0,8.0,0.0,10.0,11972000.0,10.0,0.0,0.015012510425354461,0.0015524550083514397,0,0.23184915797359268,0
A00812,11,5,6,6.0,5218000.0,869666.6666666666,6.0,0.0,5.0,14249000.0,5.0,0.0,0.009174311926605505,0.000800519766210599,0,0.3508933541717145,1
A00274,14,8,6,6.0,11041000.0,1840166.6666666667,6.0,0.0,8.0,24269000.0,8.0,0.0,0.011676396997497914,0.0009720799135159104,0,0.4160668116475752,0
A00085,14,7,7,7.0,36232000.0,5176000.0,7.0,0.0,7.0,23895000.0,7.0,0.0,0.011676396997497914,0.0011227329398232236,0,0.3106720681663579,0
A00893,11,5,6,6.0,12064000.0,2010666.6666666667,6.0,0.0,5.0,14482000.0,5.0,0.0,0.009174311926605505,0.0009439666922219169,0,0.3102562534178166,4
A00397,17,5,12,12.0,32855000.0,2737916.6666666665,12.0,0.0,5.0,4915000.0,5.0,0.0,0.014178482068390324,0.0009422341048497913,0,0.09496451128080358,1
A00297,16,8,8,9.0,15140000.0,1682222.2222222222,8.0,0.0,9.0,20294000.0,8.0,0.0,0.013344453711426188,0.0009640529572888039,0,0.31429897237130466,3
A00504,8,3,5,5.0,9484000.0,1896800.0,5.0,0.0,3.0,2240000.0,3.0,0.0,0.006672226855713094,0.0006587918466335509,0,0.10226854986516455,3
A00580,13,4,9,9.0,22507000.0,2500777.777777778,9.0,0.0,4.0,18110000.0,4.0,0.0,0.010842368640533777,0.000981788254590953,0,0.24941386164446058,0
A00603,12,8,4,4.0,20186000.0,5046500.0,4.0,0.0,8.0,14914000.0,8.0,0.0,0.010008340283569641,0.0011358997329799611,0,0.010074035530473008,3
A00739,11,4,7,7.0,23940000.0,3420000.0,7.0,0.0,4.0,9159000.0,4.0,0.0,0.009174311926605505,0.0005551471164094853,0,0.2669131772563571,3
A01113,14,7,7,7.0,23121000.0,3303000.0,7.0,0.0,8.0,27836000.0,7.0,0.0,0.011676396997497914,0.0007691489802511151,0,0.33821776216486743,1
A00854,13,7,6,7.0,25805000.0,3686428.5714285714,6.0,0.0,7.0,13554000.0,7.0,0.0,0.010842368640533777,0.0010677514752053846,0,0.4534495066106326,1
A00230,6,3,3,3.0,3642000.0,1214000.0,3.0,0.0,3.0,8793000.0,3.0,0.0,0.0050041701417848205,0.00035632549133403585,0,0.27968129049909374,1
A01013,7,6,1,1.0,1682000.0,1682000.0,1.0,0.0,6.0,12007000.0,6.0,0.0,0.005838198498748957,0.0006881514990283216,0,0.10625440842670499,1
A00181,10,5,5,5.0,6190000.0,1238000.0,5.0,0.0,5.0,7002000.0,5.0,0.0,0.008340283569641367,0.000574461659924868,0,0.2545668999982237,0
A00725,11,3,8,8.0,12871000.0,1608875.0,8.0,0.0,3.0,2055000.0,3.0,0.0,0.009174311926605505,0.000449273411191501,0,0.3104521918735924,2
A00057,12,4,8,8.0,6740000.0,842500.0,8.0,1.0,4.0,18727000.0,4.0,0.125,0.010008340283569641,0.000564145778013418,1,0.7496666618288167,2
A00289,12,3,9,9.0,18781000.0,2086777.7777777778,9.0,0.0,3.0,1302000.0,3.0,0.0,0.010008340283569641,0.00029541183560664386,0,0.44578230942151315,0
A00166,12,4,8,8.0,8852000.0,1106500.0,8.0,1.0,4.0,4435000.0,4.0,0.125,0.010008340283569641,0.0003374558015681544,1,0.3810921978686534,2
A00981,11,9,2,2.0,11152000.0,5576000.0,2.0,0.0,9.0,24681000.0,9.0,0.0,0.009174311926605505,0.0009190227193431496,0,0.022163580103623935,2
A01115,13,7,6,6.0,5379000.0,896500.0,6.0,0.0,7.0,12328000.0,7.0,0.0,0.010842368640533777,0.0016574505744772691,0,0.3137752068966957,1
A01103,15,4,11,11.0,28786000.0,2616909.090909091,11.0,0.0,4.0,2692000.0,4.0,0.0,0.012510425354462052,0.0006281453202424096,0,0.2100572416918691,0
A00824,7,4,3,3.0,26702000.0,8900666.666666666,3.0,0.0,4.0,2580000.0,4.0,0.0,0.005838198498748957,0.0006546666101786277,0,0.12551359502867346,5
A00848,13,8,5,5.0,9586000.0,1917200.0,5.0,0.0,8.0,11063000.0,8.0,0.0,0.010842368640533777,0.0010680361385192506,0,0.04991486929196833,1
A00012,9,5,4,4.0,9905000.0,2476250.0,4.0,0.0,5.0,15621000.0,5.0,0.0,0.007506255212677231,0.0008162078571780136,0,0.4690696782221902,0
A00615,9,3,6,6.0,16539000.0,2756500.0,6.0,0.0,3.0,4856000.0,3.0,0.0,0.007506255212677231,0.0009830676193046824,0,0.23591453499984444,3
A01120,11,4,7,7.0,27723000.0,3960428.5714285714,7.0,0.0,4.0,2990000.0,4.0,0.0,0.009174311926605505,0.0006255827297220843,0,0.3669483050633048,3
A00508,14,6,8,8.0,10100000.0,1262500.0,8.0,0.0,7.0,11281000.0,6.0,0.0,0.011676396997497914,0.0007852549313603382,0,0.4771223683142813,1
A00980,16,6,10,11.0,19938000.0,1812545.4545454546,10.0,1.0,7.0,18969000.0,6.0,0.09090909090909091,0.013344453711426188,0.0005643899827141359,1,0.8576300245274867,4
A00598,10,2,8,8.0,12405000.0,1550625.0,8.0,0.0,2.0,987000.0,2.0,0.0,0.008340283569641367,0.00021568680814892748,0,0.2676211131760493,4
A00038,12,4,8,8.0,20919000.0,2614875.0,8.0,0.0,4.0,2193000.0,4.0,0.0,0.010008340283569641,0.0005175493946148401,0,0.2114547877442546,2
A00128,18,11,7,7.0,10656000.0,1522285.7142857143,7.0,0.0,11.0,23994000.0,11.0,0.0,0.015012510425354461,0.0012677441666762383,0,0.0364268506230883,3
A00133,15,9,6,6.0,9865000.0,1644166.6666666667,6.0,0.0,9.0,16267000.0,9.0,0.0,0.012510425354462052,0.0009984754977402986,0,0.34598330498722357,0
A00952,9,6,3,3.0,1887000.0,629000.0,3.0,0.0,6.0,4232000.0,6.0,0.0,0.007506255212677231,0.0009937403902733478,0,0.05986193630230089,0
A00033,14,9,5,5.0,4959000.0,991800.0,5.0,0.0,9.0,24065000.0,9.0,0.0,0.011676396997497914,0.0013238606231318422,0,0.016775251311589755,0
A00745,12,5,7,7.0,15969000.0,2281285.714285714,7.0,0.0,5.0,40649000.0,5.0,0.0,0.010008340283569641,0.0006100484737892222,0,0.25750645038274267,5
A00909,15,10,5,5.0,17342000.0,3468400.0,5.0,0.0,10.0,27354000.0,10.0,0.0,0.012510425354462052,0.0013503369645745385,0,0.02335468726041644,1
A00571,14,4,10,10.0,13807000.0,1380700.0,10.0,0.0,4.0,8312000.0,4.0,0.0,0.011676396997497914,0.0007984471047992442,0,0.2475998732173172,0
A00107,11,2,9,9.0,19804000.0,2200444.4444444445,9.0,0.0,2.0,1262000.0,2.0,0.0,0.009174311926605505,0.0002537698401035677,0,0.4206352083981196,2
A00514,12,5,7,7.0,18639000.0,2662714.285714286,7.0,0.0,5.0,13106000.0,5.0,0.0,0.010008340283569641,0.0007009677674318206,0,0.29283216580893323,2
A00684,12,7,5,5.0,11288000.0,2257600.0,5.0,0.0,7.0,7991000.0,7.0,0.0,0.010008340283569641,0.0009242775878896175,0,0.10983680354323484,0
A00575,12,8,4,4.0,3618000.0,904500.0,4.0,0.0,8.0,34685000.0,8.0,0.0,0.010008340283569641,0.0009768957279712265,0,0.007475186408779885,1
A00825,9,5,4,5.0,8524000.0,1704800.0,4.0,0.0,5.0,6415000.0,5.0,0.0,0.007506255212677231,0.0008455268874549076,0,0.11584883130806078,2
A01020,12,4,8,8.0,15503000.0,1937875.0,8.0,0.0,4.0,11227000.0,4.0,0.0,0.010008340283569641,0.0004453631534386915,0,0.38785421592804287,0
A00593,9,4,5,5.0,9006000.0,1801200.0,5.0,0.0,4.0,2816000.0,4.0,0.0,0.007506255212677231,0.0006374064977293894,0,0.16679425165691017,1
A00254,12,6,6,6.0,15607000.0,2601166.6666666665,6.0,0.0,6.0,16588000.0,6.0,0.0,0.010008340283569641,0.0005876425092913781,0,0.3393409742372819,2
A00337,11,4,7,7.0,13417000.0,1916714.2857142857,7.0,0.0,4.0,6645000.0,4.0,0.0,0.009174311926605505,0.000559132971400092,0,0.398929532998785,0
A00325,15,7,8,8.0,11090000.0,1386250.0,8.0,0.0,7.0,17796000.0,7.0,0.0,0.012510425354462052,0.0009372989437729713,0,0.4705794387305092,0
A00051,13,8,5,5.0,7030000.0,1406000.0,5.0,0.0,8.0,19470000.0,8.0,0.0,0.010842368640533777,0.0011932925416107683,0,0.05320502853564718,2
A00743,15,8,7,7.0,4991000.0,713000.0,7.0,0.0,8.0,10087000.0,8.0,0.0,0.012510425354462052,0.0010815054684048186,0,0.25597794040820576,2
A00341,16,9,7,7.0,8747000.0,1249571.4285714286,7.0,0.0,9.0,10381000.0,9.0,0.0,0.013344453711426188,0.0010415983546273972,0,0.35399284485951127,2
A00550,10,6,4,4.0,32502000.0,8125500.0,4.0,0.0,6.0,4163000.0,6.0,0.0,0.008340283569641367,0.0009029647397309889,0,0.024533424139556052,3
A00461,11,5,6,6.0,12757000.0,2126166.6666666665,6.0,0.0,5.0,7450000.0,5.0,0.0,0.009174311926605505,0.0007087304220192995,0,0.3900508853302913,3
A01029,10,9,1,1.0,657000.0,657000.0,1.0,0.0,9.0,25831000.0,9.0,0.0,0.008340283569641367,0.0011759824434793376,0,0.011107771105178672,4
A00215,11,7,4,4.0,3541000.0,885250.0,4.0,0.0,7.0,16320000.0,7.0,0.0,0.009174311926605505,0.000987094730913607,0,0.020907741711948733,3
A00928,12,4,8,8.0,12318000.0,1539750.0,8.0,0.0,4.0,12021000.0,4.0,0.0,0.010008340283569641,0.00043163846665204603,0,0.38254530900495903,1
A01186,9,3,6,7.0,12517000.0,1788142.857142857,6.0,1.0,3.0,4075000.0,3.0,0.14285714285714285,0.007506255212677231,0.00043985322806775276,1,0.7455114585865905,2
A00706,11,3,8,8.0,15566000.0,1945750.0,8.0,0.0,3.0,5582000.0,3.0,0.0,0.009174311926605505,0.0005169320492016038,0,0.4009584150093088,3
A00350,13,7,6,7.0,19523000.0,2789000.0,6.0,0.0,7.0,9573000.0,7.0,0.0,0.010842368640533777,0.0007499293410237783,0,0.3586867645556166,0
A01161,14,8,6,6.0,31784000.0,5297333.333333333,6.0,1.0,8.0,8867000.0,8.0,0.16666666666666666,0.011676396997497914,0.0012791541789605497,1,0.8949914800410949,2
A00863,12,8,4,4.0,5203000.0,1300750.0,4.0,0.0,8.0,37673000.0,8.0,0.0,0.010008340283569641,0.0010390969978799943,0,0.0037681994414491397,0
A00299,14,5,9,9.0,13646000.0,1516222.2222222222,9.0,0.0,5.0,6213000.0,5.0,0.0,0.011676396997497914,0.0004613984106287449,0,0.18748441346692593,1
A00154,16,7,9,9.0,16609000.0,1845444.4444444445,9.0,1.0,7.0,9870000.0,7.0,0.1111111111111111,0.013344453711426188,0.0009227268940548913,1,0.7718086257910174,1
A00546,16,6,10,10.0,49810000.0,4981000.0,10.0,0.0,6.0,18100000.0,6.0,0.0,0.013344453711426188,0.000898131428842467,0,0.18902569664906263,1
A01162,11,7,4,4.0,2422000.0,605500.0,4.0,0.0,7.0,6679000.0,7.0,0.0,0.009174311926605505,0.0008136533096172723,0,0.08291503343877535,0
A00938,13,9,4,4.0,7688000.0,1922000.0,4.0,0.0,9.0,6688000.0,9.0,0.0,0.010842368640533777,0.0015116353311185554,0,0.032826576919810745,0
A00596,12,5,7,7.0,4777000.0,682428.5714285715,7.0,0.0,5.0,20399000.0,5.0,0.0,0.010008340283569641,0.0005713000250901033,0,0.28583641491798883,2
A01092,13,5,8,8.0,10606000.0,1325750.0,8.0,0.0,5.0,32826000.0,5.0,0.0,0.010842368640533777,0.000957268911965179,0,0.2394016149827389,3
A01109,11,5,6,6.0,17236000.0,2872666.6666666665,6.0,0.0,5.0,6516000.0,5.0,0.0,0.009174311926605505,0.0003704278208177936,0,0.2232547924004099,0
A00096,7,3,4,4.0,33607000.0,8401750.0,4.0,0.0,3.0,1117000.0,3.0,0.0,0.005838198498748957,0.0005530857354614107,0,0.11085681723595914,2
A01179,11,7,4,4.0,9699000.0,2424750.0,4.0,0.0,7.0,22489000.0,7.0,0.0,0.009174311926605505,0.000996378384753083,0,0.06271116324422636,2
A00434,9,4,5,5.0,10153000.0,2030600.0,5.0,0.0,4.0,8858000.0,4.0,0.0,0.007506255212677231,0.0007696975519725113,0,0.3555628865831929,0
A01085,12,5,7,7.0,21805000.0,3115000.0,7.0,0.0,5.0,5534000.0,5.0,0.0,0.010008340283569641,0.0006421005320650741,0,0.15815237489210138,1
A00976,10,3,7,7.0,15365000.0,2195000.0,7.0,0.0,3.0,5109000.0,3.0,0.0,0.008340283569641367,0.00046553873181072165,0,0.5459907987528294,1
A00032,17,7,10,10.0,22205000.0,2220500.0,10.0,0.0,8.0,15995000.0,7.0,0.0,0.014178482068390324,0.0009991595417324355,0,0.20458377460036187,1
A00179,10,4,6,7.0,16715000.0,2387857.1428571427,6.0,0.0,4.0,4037000.0,4.0,0.0,0.008340283569641367,0.0006447120569742555,0,0.30442763097360287,1
A00960,15,7,8,8.0,9979000.0,1247375.0,8.0,0.0,7.0,9825000.0,7.0,0.0,0.012510425354462052,0.0008469230517690707,0,0.5088698487886897,1
A00136,6,3,3,3.0,4809000.0,1603000.0,3.0,0.0,3.0,12763000.0,3.0,0.0,0.0050041701417848205,0.0005359080411198708,0,0.16955292133075822,2
A00971,9,6,3,3.0,5849000.0,1949666.6666666667,3.0,0.0,6.0,8514000.0,6.0,0.0,0.007506255212677231,0.0008987570775933791,0,0.03500475148305702,2
A00721,5,1,4,4.0,17305000.0,4326250.0,4.0,0.0,1.0,2416000.0,1.0,0.0,0.004170141784820684,0.0001730787707701591,0,0.15366295943512018,0
A00726,12,7,5,5.0,14828000.0,2965600.0,5.0,0.0,7.0,12700000.0,7.0,0.0,0.010008340283569641,0.001226182646519091,0,0.022970226366746102,0
A00260,10,3,7,7.0,11914000.0,1702000.0,7.0,0.0,3.0,2572000.0,3.0,0.0,0.008340283569641367,0.0005659913345479697,0,0.27488319762645985,2
A00312,10,7,3,3.0,14057000.0,4685666.666666667,3.0,0.0,7.0,17475000.0,7.0,0.0,0.008340283569641367,0.0010720232195139956,0,0.02589704935075589,3
A00497,14,4,10,10.0,19066000.0,1906600.0,10.0,0.0,4.0,6291000.0,4.0,0.0,0.011676396997497914,0.0005887150823917948,0,0.2725751126405411,0
A00007,8,5,3,3.0,7937000.0,2645666.6666666665,3.0,0.0,5.0,8757000.0,5.0,0.0,0.006672226855713094,0.0006754086422697637,0,0.1935508206689487,0
A00094,11,4,7,7.0,10492000.0,1498857.142857143,7.0,0.0,4.0,2625000.0,4.0,0.0,0.009174311926605505,0.0004844279018917313,0,0.2846329407218796,1
A01044,10,6,4,4.0,15224000.0,3806000.0,4.0,0.0,6.0,8510000.0,6.0,0.0,0.008340283569641367,0.0008717796168170312,0,0.03264099695476928,1
A01035,10,5,5,5.0,25381000.0,5076200.0,5.0,1.0,5.0,14191000.0,5.0,0.2,0.008340283569641367,0.0005026299257624557,1,0.44709050549634344,1
A00901,10,4,6,6.0,5969000.0,994833.3333333334,6.0,0.0,4.0,8843000.0,4.0,0.0,0.008340283569641367,0.0007880440189461793,0,0.44873775902657714,1
A00884,13,8,5,5.0,10015000.0,2003000.0,5.0,0.0,8.0,22880000.0,8.0,0.0,0.010842368640533777,0.0011975013930865842,0,0.03973144236250537,0
A00023,10,6,4,4.0,6299000.0,1574750.0,4.0,0.0,6.0,14769000.0,6.0,0.0,0.008340283569641367,0.0006685632006083685,0,0.11074025122992402,0
A00843,7,5,2,2.0,2685000.0,1342500.0,2.0,0.0,5.0,30696000.0,5.0,0.0,0.005838198498748957,0.0006298435338275157,0,0.2866574282917942,5
A00210,21,9,12,12.0,18191000.0,1515916.6666666667,12.0,1.0,9.0,15681000.0,9.0,0.08333333333333333,0.01751459549624687,0.0012950652552342974,1,0.18901046895483317,1
A00199,13,5,8,8.0,24937000.0,3117125.0,8.0,0.0,5.0,12192000.0,5.0,0.0,0.010842368640533777,0.0006150307828038397,0,0.28196215197081115,1
A00871,14,8,6,6.0,4279000.0,713166.6666666666,6.0,0.0,8.0,20818000.0,8.0,0.0,0.011676396997497914,0.000939692866741553,0,0.16643293033122786,3
A01015,13,7,6,6.0,17117000.0,2852833.3333333335,6.0,0.0,7.0,29524000.0,7.0,0.0,0.010842368640533777,0.0009750179081471227,0,0.23912761011646666,4
A00850,12,4,8,8.0,24252000.0,3031500.0,8.0,0.0,4.0,2510000.0,4.0,0.0,0.010008340283569641,0.0004910326612104949,0,0.1928147955113376,2
A00826,4,2,2,2.0,2445000.0,1222500.0,2.0,0.0,2.0,910000.0,2.0,0.0,0.003336113427856547,0.00022271581255086384,0,0.128488185439223,2
A00361,6,1,5,5.0,59339000.0,11867800.0,5.0,0.0,1.0,58000.0,1.0,0.0,0.0050041701417848205,0.00021669325809307036,0,0.26851917086508165,1
A00454,12,6,6,7.0,4908000.0,701142.8571428572,6.0,0.0,6.0,105156000.0,6.0,0.0,0.010008340283569641,0.0007826684761666192,0,0.1516774180319858,1
A00992,13,5,8,8.0,15807000.0,1975875.0,8.0,0.0,5.0,5137000.0,5.0,0.0,0.010842368640533777,0.0006679400803207552,0,0.31536602014219134,4
A00381,14,8,6,6.0,8832000.0,1472000.0,6.0,1.0,8.0,6932000.0,8.0,0.16666666666666666,0.011676396997497914,0.0012013546864409173,1,0.7656451365320415,1
A00150,9,4,5,5.0,9133000.0,1826600.0,5.0,0.0,4.0,3217000.0,4.0,0.0,0.007506255212677231,0.0005754595549558336,0,0.25326436996986745,3
A00374,15,10,5,6.0,8196000.0,1366000.0,5.0,0.0,10.0,40757000.0,10.0,0.0,0.012510425354462052,0.0017037353670468884,0,0.07221850535834906,1
A00178,10,4,6,6.0,21959000.0,3659833.3333333335,6.0,0.0,4.0,5417000.0,4.0,0.0,0.008340283569641367,0.0007522669276297121,0,0.3126911861894214,0
A00750,10,5,5,5.0,9128000.0,1825600.0,5.0,0.0,5.0,9336000.0,5.0,0.0,0.008340283569641367,0.0007160328603633367,0,0.4085962400311562,0
A00421,13,9,4,4.0,13554000.0,3388500.0,4.0,0.0,9.0,14848000.0,9.0,0.0,0.010842368640533777,0.0016702414107054508,0,0.009934879709815771,0
A00284,12,5,7,7.0,30315000.0,4330714.285714285,7.0,1.0,5.0,9982000.0,5.0,0.14285714285714285,0.010008340283569641,0.0004737711683899487,1,0.8822081013162212,3
A00152,10,7,3,3.0,935000.0,311666.6666666667,3.0,0.0,7.0,18326000.0,7.0,0.0,0.008340283569641367,0.0011533381455215617,0,0.012923269778796109,2
A00015,10,2,8,8.0,25513000.0,3189125.0,8.0,0.0,2.0,1044000.0,2.0,0.0,0.008340283569641367,0.0006524893313935596,0,0.41470434943912726,3
A00932,8,5,3,3.0,3330000.0,1110000.0,3.0,0.0,5.0,5180000.0,5.0,0.0,0.006672226855713094,0.0005513550479911309,0,0.33588944154719075,3
A00236,9,6,3,3.0,5181000.0,1727000.0,3.0,0.0,6.0,12044000.0,6.0,0.0,0.007506255212677231,0.0009723384303297596,0,0.02319009167229061,3
A00805,3,1,2,2.0,1506000.0,753000.0,2.0,0.0,1.0,1455000.0,1.0,0.0,0.0025020850708924102,0.00026335531923766587,0,0.20913318235631412,3
A00665,7,2,5,5.0,12213000.0,2442600.0,5.0,0.0,2.0,4781000.0,2.0,0.0,0.005838198498748957,0.0003596545139739164,0,0.3168530996290542,2
A00208,13,7,6,6.0,17162000.0,2860333.3333333335,6.0,0.0,7.0,10966000.0,7.0,0.0,0.010842368640533777,0.0007936878261897301,0,0.3899478698090388,0
A00954,9,5,4,4.0,19948000.0,4987000.0,4.0,0.0,5.0,3963000.0,5.0,0.0,0.007506255212677231,0.0009227199899250595,0,0.047182364781536944,3
A01128,11,5,6,6.0,18020000.0,3003333.3333333335,6.0,0.0,5.0,7159000.0,5.0,0.0,0.009174311926605505,0.0007884533904645387,0,0.2268630992502057,2
A00146,5,3,2,2.0,3557000.0,1778500.0,2.0,0.0,3.0,3694000.0,3.0,0.0,0.004170141784820684,0.0006978241794085589,0,0.36740778729591506,5
A00018,9,5,4,4.0,6494000.0,1623500.0,4.0,0.0,5.0,9676000.0,5.0,0.0,0.007506255212677231,0.0010212857806677618,0,0.06561024052176431,0
A01017,16,8,8,8.0,16463000.0,2057875.0,8.0,0.0,8.0,20416000.0,8.0,0.0,0.013344453711426188,0.0011170728581298486,0,0.3962048469633369,1
A00318,18,8,10,10.0,29680000.0,2968000.0,10.0,0.0,8.0,8828000.0,8.0,0.0,0.015012510425354461,0.0006492152589199022,0,0.18200913825695372,3
A01056,12,7,5,5.0,7457000.0,1491400.0,5.0,0.0,7.0,12942000.0,7.0,0.0,0.010008340283569641,0.0007617825719129113,0,0.1541362277141559,0
A00474,15,10,5,5.0,5630000.0,1126000.0,5.0,0.0,10.0,26337000.0,10.0,0.0,0.012510425354462052,0.0014046202025129692,0,0.006975398435236164,3
A00280,12,5,7,7.0,108163000.0,15451857.142857144,7.0,0.0,5.0,16097000.0,5.0,0.0,0.010008340283569641,0.0006499589328576724,0,0.3051386734601211,0
A01192,12,6,6,6.0,8033000.0,1338833.3333333333,6.0,0.0,6.0,38369000.0,6.0,0.0,0.010008340283569641,0.0007265913923254248,0,0.24966457198539857,2
A00694,9,5,4,4.0,3299000.0,824750.0,4.0,0.0,5.0,4627000.0,5.0,0.0,0.007506255212677231,0.000700011090166569,0,0.3991703016200161,0
A00702,11,5,6,6.0,9854000.0,1642333.3333333333,6.0,0.0,5.0,5532000.0,5.0,0.0,0.009174311926605505,0.0008419395502818527,0,0.3916202793701921,2
A00984,16,5,11,11.0,31711000.0,2882818.1818181816,11.0,0.0,5.0,7033000.0,5.0,0.0,0.013344453711426188,0.0008015189119613285,0,0.26531351843076134,2
A00466,14,9,5,5.0,7658000.0,1531600.0,5.0,0.0,9.0,7391000.0,9.0,0.0,0.011676396997497914,0.0012514048641304111,0,0.06579988344300902,0
A00338,8,3,5,5.0,6570000.0,1314000.0,5.0,0.0,3.0,2932000.0,3.0,0.0,0.006672226855713094,0.0005180400386398656,0,0.10745337802834996,1
A00004,10,4,6,6.0,9511000.0,1585166.6666666667,6.0,0.0,4.0,5000000.0,4.0,0.0,0.008340283569641367,0.0009195673534311316,0,0.39421743975199325,0
A00688,5,3,2,2.0,4651000.0,2325500.0,2.0,0.0,4.0,4116000.0,3.0,0.0,0.004170141784820684,0.0007313874130552796,0,0.3013395725330391,2
A00110,6,3,3,3.0,10345000.0,3448333.3333333335,3.0,0.0,3.0,30894000.0,3.0,0.0,0.0050041701417848205,0.0004018719352225607,0,0.2144417024395436,3
A00344,14,8,6,6.0,7838000.0,1306333.3333333333,6.0,0.0,8.0,23987000.0,8.0,0.0,0.011676396997497914,0.0011364424505434022,0,0.31805739757491575,2
A00777,10,6,4,4.0,4977000.0,1244250.0,4.0,0.0,6.0,13131000.0,6.0,0.0,0.008340283569641367,0.0010366546940590714,0,0.018972999053307314,3
A00328,18,9,9,9.0,15312000.0,1701333.3333333333,9.0,0.0,9.0,13529000.0,9.0,0.0,0.015012510425354461,0.0010605463500293038,0,0.05536663362731719,1
A00061,11,6,5,5.0,31408000.0,6281600.0,5.0,0.0,6.0,4186000.0,6.0,0.0,0.009174311926605505,0.0009859474823770181,0,0.032481346089631616,0
A00537,14,6,8,8.0,14282000.0,1785250.0,8.0,0.0,6.0,6918000.0,6.0,0.0,0.011676396997497914,0.0006031342954638776,0,0.3107436846038307,3
A00714,12,6,6,6.0,16179000.0,2696500.0,6.0,0.0,6.0,6197000.0,6.0,0.0,0.010008340283569641,0.0007565429462450619,0,0.19721698635653495,2
A00484,18,7,11,11.0,19071000.0,1733727.2727272727,11.0,0.0,7.0,10490000.0,7.0,0.0,0.015012510425354461,0.001506458890458342,0,0.1287941314610734,0
A00354,7,4,3,3.0,3567000.0,1189000.0,3.0,0.0,4.0,4288000.0,4.0,0.0,0.005838198498748957,0.0006332336300678995,0,0.25565751093494565,3
A00797,9,5,4,4.0,4961000.0,1240250.0,4.0,0.0,5.0,7622000.0,5.0,0.0,0.007506255212677231,0.0005370046839029826,0,0.2051846519203826,0
A00228,14,7,7,8.0,18482000.0,2310250.0,7.0,1.0,7.0,16523000.0,7.0,0.125,0.011676396997497914,0.0008316905603275113,1,0.819414309988272,4
A01176,16,10,6,6.0,6140000.0,1023333.3333333334,6.0,0.0,10.0,17391000.0,10.0,0.0,0.013344453711426188,0.001920901668561203,0,0.2780593021781291,1
A00063,11,6,5,5.0,5431000.0,1086200.0,5.0,0.0,6.0,16641000.0,6.0,0.0,0.009174311926605505,0.0007939740120792147,0,0.07766749041468583,1
A00071,12,5,7,7.0,32269000.0,4609857.142857143,7.0,0.0,5.0,12200000.0,5.0,0.0,0.010008340283569641,0.00063553211878328,0,0.4094347502853542,4
A00188,10,6,4,5.0,14746000.0,2949200.0,4.0,0.0,6.0,7061000.0,6.0,0.0,0.008340283569641367,0.0012674483606818728,0,0.010198481039033976,1
A00278,10,6,4,4.0,19808000.0,4952000.0,4.0,0.0,6.0,10311000.0,6.0,0.0,0.008340283569641367,0.0005914544213927464,0,0.1355003158369745,2
A00890,12,7,5,5.0,7349000.0,1469800.0,5.0,0.0,7.0,19259000.0,7.0,0.0,0.010008340283569641,0.0008500983889077367,0,0.10465360636778374,2
A00139,9,4,5,5.0,16020000.0,3204000.0,5.0,0.0,4.0,2884000.0,4.0,0.0,0.007506255212677231,0.00043951528351943213,0,0.164029844960495,1
A01049,4,2,2,2.0,2063000.0,1031500.0,2.0,0.0,2.0,5669000.0,2.0,0.0,0.003336113427856547,0.0004532236945431655,0,0.31879303024982736,3
A01009,13,8,5,5.0,3861000.0,772200.0,5.0,0.0,8.0,8075000.0,8.0,0.0,0.010842368640533777,0.0011397638402988555,0,0.018540510456381613,3
A01007,5,3,2,2.0,899000.0,449500.0,2.0,0.0,3.0,6629000.0,3.0,0.0,0.004170141784820684,0.00043134351452713145,0,0.2482085281391994,2
A00305,12,6,6,6.0,7149000.0,1191500.0,6.0,0.0,6.0,7900000.0,6.0,0.0,0.010008340283569641,0.0007866167950562581,0,0.3836978137169239,4
A01105,6,4,2,2.0,10097000.0,5048500.0,2.0,0.0,4.0,2156000.0,4.0,0.0,0.0050041701417848205,0.0006865107675909402,0,0.09169255979974507,4
A01130,10,6,4,4.0,10094000.0,2523500.0,4.0,0.0,6.0,5321000.0,6.0,0.0,0.008340283569641367,0.0005421080117639316,0,0.23088863418900085,2
A00503,13,7,6,6.0,10568000.0,1761333.3333333333,6.0,0.0,7.0,22405000.0,7.0,0.0,0.010842368640533777,0.0009152227810323306,0,0.4160684373600806,0
A00631,16,8,8,8.0,25321000.0,3165125.0,8.0,0.0,8.0,16298000.0,8.0,0.0,0.013344453711426188,0.001107116310863038,0,0.23379812987207166,3
A00557,17,7,10,10.0,20471000.0,2047100.0,10.0,0.0,8.0,20542000.0,7.0,0.0,0.014178482068390324,0.0010783112747033772,0,0.1616223815758968,3
A00476,14,5,9,9.0,13449000.0,1494333.3333333333,9.0,0.0,5.0,19448000.0,5.0,0.0,0.011676396997497914,0.0008639139533797067,0,0.21232993829030092,0
A00902,20,5,15,15.0,22306000.0,1487066.6666666667,15.0,0.0,5.0,7712000.0,5.0,0.0,0.016680567139282735,0.0009384511409750723,0,0.06460328956108047,1
A00814,13,5,8,9.0,15077000.0,1675222.2222222222,8.0,0.0,5.0,10138000.0,5.0,0.0,0.010842368640533777,0.000560677219158851,0,0.31955363867436554,2
A00802,11,5,6,6.0,8905000.0,1484166.6666666667,6.0,0.0,6.0,5261000.0,5.0,0.0,0.009174311926605505,0.000666842619572598,0,0.4170636128569854,2
A00681,19,10,9,9.0,23267000.0,2585222.222222222,9.0,0.0,10.0,17728000.0,10.0,0.0,0.0158465387823186,0.0013354404803803202,0,0.11616274058355873,3
A01139,12,6,6,6.0,5103000.0,850500.0,6.0,0.0,6.0,14552000.0,6.0,0.0,0.010008340283569641,0.0010875114597749896,0,0.23866236616001718,3
A00911,13,8,5,5.0,4892000.0,978400.0,5.0,0.0,8.0,13103000.0,8.0,0.0,0.010842368640533777,0.0007237762953048943,0,0.04237049784667923,4
A00261,8,5,3,3.0,5859000.0,1953000.0,3.0,0.0,5.0,6018000.0,5.0,0.0,0.006672226855713094,0.0006547476603154101,0,0.22837631127168284,2
A00470,9,4,5,5.0,8632000.0,1726400.0,5.0,0.0,4.0,7578000.0,4.0,0.0,0.007506255212677231,0.0006290567820896164,0,0.23810920943048222,0
A00956,13,7,6,6.0,8369000.0,1394833.3333333333,6.0,0.0,7.0,7974000.0,7.0,0.0,0.010842368640533777,0.0008493841032675142,0,0.49775918967889365,2
A00614,11,4,7,7.0,21309000.0,3044142.8571428573,7.0,0.0,4.0,3770000.0,4.0,0.0,0.009174311926605505,0.0004983653836944731,0,0.22125693983069983,1
A00700,12,7,5,5.0,4329000.0,865800.0,5.0,0.0,7.0,31403000.0,7.0,0.0,0.010008340283569641,0.0008241808392164083,0,0.027663908551869825,0
A00573,13,6,7,7.0,13343000.0,1906142.857142857,7.0,0.0,6.0,13388000.0,6.0,0.0,0.010842368640533777,0.0008294279616465685,0,0.41318854502920016,2
A01132,11,6,5,5.0,4001000.0,800200.0,5.0,0.0,6.0,10387000.0,6.0,0.0,0.009174311926605505,0.0008529189322496892,0,0.021956168051136194,3
A01033,16,5,11,11.0,27344000.0,2485818.1818181816,11.0,0.0,5.0,18958000.0,5.0,0.0,0.013344453711426188,0.000784888143411812,0,0.334906650094075,3
A00431,8,4,4,4.0,16076000.0,4019000.0,4.0,0.0,4.0,13767000.0,4.0,0.0,0.006672226855713094,0.0006237493927186052,0,0.2284373218846779,0
A00625,11,7,4,4.0,3875000.0,968750.0,4.0,0.0,7.0,22197000.0,7.0,0.0,0.009174311926605505,0.000685720286710233,0,0.040599965831201124,3
A00101,5,4,1,1.0,561000.0,561000.0,1.0,0.0,4.0,13940000.0,4.0,0.0,0.004170141784820684,0.0006303947046978037,0,0.19075479584156962,2
A00645,15,9,6,6.0,12542000.0,2090333.3333333333,6.0,0.0,9.0,11163000.0,9.0,0.0,0.012510425354462052,0.0009556908911963301,0,0.41756481002199886,2
A00113,12,5,7,7.0,8931000.0,1275857.142857143,7.0,0.0,5.0,3396000.0,5.0,0.0,0.010008340283569641,0.0017064052886362783,0,0.24404704866958957,4
A00877,14,9,5,5.0,11376000.0,2275200.0,5.0,0.0,9.0,17759000.0,9.0,0.0,0.011676396997497914,0.0013360911711369286,0,0.0700138477991137,4
A00927,8,2,6,6.0,11041000.0,1840166.6666666667,6.0,0.0,2.0,2265000.0,2.0,0.0,0.006672226855713094,0.0004164437076863612,0,0.40128644870183017,4
A01068,12,6,6,6.0,8641000.0,1440166.6666666667,6.0,0.0,6.0,23832000.0,6.0,0.0,0.010008340283569641,0.0008096528961263471,0,0.38483159249558296,2
A00475,14,8,6,6.0,3690000.0,615000.0,6.0,0.0,8.0,12483000.0,8.0,0.0,0.011676396997497914,0.0013020216376943762,0,0.3518233743081076,2
A00193,17,8,9,9.0,16133000.0,1792555.5555555555,9.0,0.0,8.0,33266000.0,8.0,0.0,0.014178482068390324,0.0010305454807711997,0,0.09957695202686456,2
A00720,10,6,4,4.0,6218000.0,1554500.0,4.0,0.0,6.0,4964000.0,6.0,0.0,0.008340283569641367,0.0009125594325496996,0,0.054895910738212934,2
A01053,11,6,5,5.0,4748000.0,949600.0,5.0,0.0,6.0,8804000.0,6.0,0.0,0.009174311926605505,0.0009481180655070284,0,0.01967598056529397,1
A00622,10,5,5,5.0,14584000.0,2916800.0,5.0,0.0,5.0,3947000.0,5.0,0.0,0.008340283569641367,0.0006510886727234164,0,0.1425618902032818,3
A00624,11,4,7,7.0,18245000.0,2606428.5714285714,7.0,0.0,4.0,2850000.0,4.0,0.0,0.009174311926605505,0.0006281134753342638,0,0.25861662949991626,3
A00432,16,7,9,9.0,15383000.0,1709222.2222222222,9.0,0.0,7.0,12314000.0,7.0,0.0,0.013344453711426188,0.0011560955679377081,0,0.29174798583106215,0
A00257,7,5,2,2.0,15635000.0,7817500.0,2.0,0.0,5.0,7032000.0,5.0,0.0,0.005838198498748957,0.0006155448021917854,0,0.11055981973968439,3
A00999,13,7,6,6.0,11105000.0,1850833.3333333333,6.0,0.0,7.0,15886000.0,7.0,0.0,0.010842368640533777,0.0008110012182742921,0,0.584090249531432,0
A00220,10,6,4,4.0,10385000.0,2596250.0,4.0,0.0,6.0,4538000.0,6.0,0.0,0.008340283569641367,0.0008326382443874025,0,0.16860241548067958,5
A01200,14,8,6,6.0,9568000.0,1594666.6666666667,6.0,0.0,8.0,12418000.0,8.0,0.0,0.011676396997497914,0.0014502875441571137,0,0.5447450284402673,2
A00240,13,5,8,8.0,10691000.0,1336375.0,8.0,1.0,5.0,8348000.0,5.0,0.125,0.010842368640533777,0.0006185284213440824,1,0.6276380047216744,2
A01104,10,7,3,3.0,18771000.0,6257000.0,3.0,0.0,8.0,25931000.0,7.0,0.0,0.008340283569641367,0.0009103080168044972,0,0.04132705764731919,0
A01031,10,6,4,4.0,3449000.0,862250.0,4.0,0.0,6.0,8240000.0,6.0,0.0,0.008340283569641367,0.0006553905745689426,0,0.08859788374551458,3
A00704,12,7,5,5.0,6336000.0,1267200.0,5.0,0.0,7.0,16393000.0,7.0,0.0,0.010008340283569641,0.0010218787987182172,0,0.016303794156354648,1
A01096,10,3,7,7.0,12735000.0,1819285.7142857143,7.0,0.0,3.0,5347000.0,3.0,0.0,0.008340283569641367,0.0005064179138839708,0,0.5073657974950213,1
A00293,8,3,5,5.0,6539000.0,1307800.0,5.0,0.0,3.0,961000.0,3.0,0.0,0.006672226855713094,0.00029682455065467014,0,0.07149319707473938,0
A00255,14,6,8,8.0,26891000.0,3361375.0,8.0,0.0,6.0,7788000.0,6.0,0.0,0.011676396997497914,0.0008296870956741216,0,0.281353545433303,2
A01071,16,10,6,6.0,12633000.0,2105500.0,6.0,0.0,10.0,20870000.0,10.0,0.0,0.013344453711426188,0.0011010283274111095,0,0.169291938928162,3
A00288,6,5,1,1.0,253000.0,253000.0,1.0,0.0,5.0,11231000.0,5.0,0.0,0.0050041701417848205,0.0006505347660707806,0,0.23761834319010072,3
A00564,13,8,5,5.0,6722000.0,1344400.0,5.0,0.0,8.0,18521000.0,8.0,0.0,0.010842368640533777,0.0009159860960401722,0,0.10066539489949519,1
A00830,5,4,1,1.0,1019000.0,1019000.0,1.0,0.0,4.0,6926000.0,4.0,0.0,0.004170141784820684,0.0007231358522566582,0,0.19503532560744308,1
A00511,15,8,7,7.0,10184000.0,1454857.142857143,7.0,0.0,8.0,12260000.0,8.0,0.0,0.012510425354462052,0.001384198297855416,0,0.5453478947835524,0
A00776,14,8,6,6.0,6287000.0,1047833.3333333334,6.0,0.0,8.0,6673000.0,8.0,0.0,0.011676396997497914,0.0010347327373882037,0,0.4155293776947705,0
A00455,17,7,10,10.0,38484000.0,3848400.0,10.0,0.0,7.0,8648000.0,7.0,0.0,0.014178482068390324,0.0007762601232416936,0,0.2018952420556756,2
A00496,10,5,5,5.0,5390000.0,1078000.0,5.0,0.0,5.0,10079000.0,5.0,0.0,0.008340283569641367,0.0011668468413063996,0,0.07563314380855347,1
A01094,11,7,4,4.0,14585000.0,3646250.0,4.0,0.0,7.0,11739000.0,7.0,0.0,0.009174311926605505,0.0012309680793473558,0,0.011620619381404683,1
A00621,13,7,6,6.0,9290000.0,1548333.3333333333,6.0,0.0,7.0,17452000.0,7.0,0.0,0.010842368640533777,0.0009356881287298461,0,0.41126912135227717,0
A00292,11,8,3,3.0,1813000.0,604333.3333333334,3.0,0.0,8.0,6288000.0,8.0,0.0,0.009174311926605505,0.0015049238573015343,0,0.034013543315680475,2
A00940,19,12,7,7.0,11549000.0,1649857.142857143,7.0,0.0,12.0,23176000.0,12.0,0.0,0.0158465387823186,0.0015813761338825205,0,0.0417669534949516,2
A00792,10,4,6,6.0,11277000.0,1879500.0,6.0,0.0,4.0,7324000.0,4.0,0.0,0.008340283569641367,0.0006006405758807001,0,0.45124540768987986,0
A00438,11,6,5,5.0,5709000.0,1141800.0,5.0,0.0,6.0,9738000.0,6.0,0.0,0.009174311926605505,0.0006591733527260772,0,0.0559962154637039,0
A00126,10,1,9,9.0,22439000.0,2493222.222222222,9.0,0.0,1.0,514000.0,1.0,0.0,0.008340283569641367,0.00025902800711288533,0,0.4509212054309965,2
A00935,6,3,3,3.0,2809000.0,936333.3333333334,3.0,0.0,3.0,9700000.0,3.0,0.0,0.0050041701417848205,0.0003723245618180534,0,0.22117487376591757,3
A00142,10,6,4,4.0,9597000.0,2399250.0,4.0,0.0,6.0,8197000.0,6.0,0.0,0.008340283569641367,0.0007493898253665014,0,0.30411708769753926,1
A00958,16,9,7,7.0,18499000.0,2642714.285714286,7.0,0.0,9.0,11944000.0,9.0,0.0,0.013344453711426188,0.001071181608593134,0,0.20851050044219405,2
A00468,16,7,9,9.0,30037000.0,3337444.4444444445,9.0,0.0,7.0,27772000.0,7.0,0.0,0.013344453711426188,0.0009073057653813012,0,0.2934484822934178,2
A00120,9,3,6,6.0,46779000.0,7796500.0,6.0,0.0,3.0,2752000.0,3.0,0.0,0.007506255212677231,0.00048777060216883606,0,0.5521283032438018,0
A00176,7,3,4,4.0,7382000.0,1845500.0,4.0,0.0,3.0,2765000.0,3.0,0.0,0.005838198498748957,0.00046952301447692217,0,0.24393494166953877,0
A00222,9,4,5,5.0,7281000.0,1456200.0,5.0,0.0,4.0,6768000.0,4.0,0.0,0.007506255212677231,0.0006443495571580163,0,0.2809597243952003,3
A00246,10,6,4,4.0,5842000.0,1460500.0,4.0,0.0,6.0,29408000.0,6.0,0.0,0.008340283569641367,0.0011933834558574342,0,0.01756942925738484,0
A00519,16,10,6,6.0,5963000.0,993833.3333333334,6.0,0.0,10.0,23568000.0,10.0,0.0,0.013344453711426188,0.001791347834639043,0,0.2196710329966849,1
A00205,11,7,4,4.0,5783000.0,1445750.0,4.0,0.0,7.0,12193000.0,7.0,0.0,0.009174311926605505,0.0024634141058438737,0,0.009039774459339551,3
A00028,11,8,3,3.0,5649000.0,1883000.0,3.0,0.0,8.0,21498000.0,8.0,0.0,0.009174311926605505,0.0008060775042720569,0,0.06884447376245649,4
A00143,19,8,11,11.0,20324000.0,1847636.3636363635,11.0,0.0,8.0,11953000.0,8.0,0.0,0.0158465387823186,0.001022038268932296,0,0.15846500391254964,2
A00253,13,8,5,6.0,12603000.0,2100500.0,5.0,0.0,8.0,9494000.0,8.0,0.0,0.010842368640533777,0.0010273832324923528,0,0.1458785142897048,1
A00488,10,8,2,2.0,2012000.0,1006000.0,2.0,0.0,8.0,17582000.0,8.0,0.0,0.008340283569641367,0.0012629816714911145,0,0.020125525576648005,1
A00453,18,11,7,7.0,32402000.0,4628857.142857143,7.0,0.0,11.0,25135000.0,11.0,0.0,0.015012510425354461,0.00207071928267049,0,0.16627974294908887,3
A00506,16,12,4,4.0,6268000.0,1567000.0,4.0,0.0,12.0,37609000.0,12.0,0.0,0.013344453711426188,0.0017694085300671552,0,0.0012793650793650794,3
A00966,12,8,4,4.0,3834000.0,958500.0,4.0,0.0,8.0,11718000.0,8.0,0.0,0.010008340283569641,0.0009548871199616638,0,0.012212089538035691,2
A01129,7,3,4,4.0,8571000.0,2142750.0,4.0,0.0,3.0,1950000.0,3.0,0.0,0.005838198498748957,0.0005841277489945235,0,0.13026398235988015,2
A00864,12,5,7,8.0,19515000.0,2439375.0,7.0,0.0,5.0,14537000.0,5.0,0.0,0.010008340283569641,0.0005805234393624748,0,0.33016240284744713,4
A00204,14,4,10,10.0,10547000.0,1054700.0,10.0,0.0,4.0,3995000.0,4.0,0.0,0.011676396997497914,0.0006764752992086448,0,0.18311487608729984,1
A00116,12,8,4,4.0,4863000.0,1215750.0,4.0,0.0,8.0,11296000.0,8.0,0.0,0.010008340283569641,0.0013782883277390489,0,0.011052807206720633,4
A00869,14,8,6,6.0,7766000.0,1294333.3333333333,6.0,0.0,8.0,10534000.0,8.0,0.0,0.011676396997497914,0.0010971169049860537,0,0.44468526043497625,3
A00764,6,5,1,1.0,53000.0,53000.0,1.0,0.0,5.0,13441000.0,5.0,0.0,0.0050041701417848205,0.0005576453689608054,0,0.23476524616705868,0
A00731,14,8,6,6.0,8695000.0,1449166.6666666667,6.0,0.0,9.0,16390000.0,8.0,0.0,0.011676396997497914,0.0011695979925237228,0,0.40891901900781563,3
A00686,14,5,9,9.0,15973000.0,1774777.7777777778,9.0,0.0,5.0,20637000.0,5.0,0.0,0.011676396997497914,0.001167195836580622,0,0.14377269154983865,3
A00272,11,5,6,7.0,11703000.0,1671857.142857143,6.0,0.0,5.0,6521000.0,5.0,0.0,0.009174311926605505,0.0008982485471700195,0,0.30744853676447403,1
A00698,9,4,5,5.0,17786000.0,3557200.0,5.0,0.0,4.0,16156000.0,4.0,0.0,0.007506255212677231,0.0005738396864436598,0,0.2509798928673761,3
A01151,12,5,7,8.0,10057000.0,1257125.0,7.0,0.0,5.0,10500000.0,5.0,0.0,0.010008340283569641,0.0007570728007052399,0,0.4988686431860699,1
A00491,11,5,6,6.0,13048000.0,2174666.6666666665,6.0,0.0,6.0,5617000.0,5.0,0.0,0.009174311926605505,0.000606968161705898,0,0.33399044166243963,0
A00013,9,5,4,4.0,5512000.0,1378000.0,4.0,0.0,5.0,7438000.0,5.0,0.0,0.007506255212677231,0.0006526083763564418,0,0.22104595066294222,3
A00723,15,6,9,9.0,21571000.0,2396777.777777778,9.0,0.0,6.0,5809000.0,6.0,0.0,0.012510425354462052,0.0005658969726887312,0,0.2492683848176652,5
A00345,10,3,7,7.0,9263000.0,1323285.7142857143,7.0,0.0,3.0,14043000.0,3.0,0.0,0.008340283569641367,0.00042024880744783767,0,0.3838832265546526,5
A00691,13,6,7,7.0,17018000.0,2431142.8571428573,7.0,0.0,6.0,19242000.0,6.0,0.0,0.010842368640533777,0.0012882408435641345,0,0.3409949235551574,0
A01123,12,6,6,6.0,23153000.0,3858833.3333333335,6.0,0.0,6.0,16762000.0,6.0,0.0,0.010008340283569641,0.0012182177685077116,0,0.18828578101363364,2
A00271,14,8,6,6.0,19732000.0,3288666.6666666665,6.0,0.0,8.0,11955000.0,8.0,0.0,0.011676396997497914,0.0009615969622023048,0,0.3165579800390912,2
A00606,15,8,7,7.0,7094000.0,1013428.5714285715,7.0,0.0,8.0,14196000.0,8.0,0.0,0.012510425354462052,0.001048823520250853,0,0.37717732739914905,4
A00562,16,7,9,9.0,8620000.0,957777.7777777778,9.0,0.0,7.0,25941000.0,7.0,0.0,0.013344453711426188,0.0010882874125087226,0,0.2337052182407697,1
A00237,16,9,7,7.0,11411000.0,1630142.857142857,7.0,0.0,9.0,36338000.0,9.0,0.0,0.013344453711426188,0.001137959621809946,0,0.1900093073892157,2
A00436,5,2,3,3.0,5162000.0,1720666.6666666667,3.0,0.0,2.0,3795000.0,2.0,0.0,0.004170141784820684,0.00038323793274282756,0,0.18420867662320597,0
A00364,13,8,5,6.0,12781000.0,2130166.6666666665,5.0,0.0,9.0,19205000.0,8.0,0.0,0.010842368640533777,0.0011735921720571268,0,0.11796556872895791,5
A00923,10,7,3,3.0,3968000.0,1322666.6666666667,3.0,0.0,7.0,9539000.0,7.0,0.0,0.008340283569641367,0.0009593731793144721,0,0.04041227620972301,0
A00158,12,4,8,8.0,8128000.0,1016000.0,8.0,0.0,4.0,8713000.0,4.0,0.0,0.010008340283569641,0.0006285674699582079,0,0.5141259780932605,0
A00186,16,9,7,7.0,5968000.0,852571.4285714285,7.0,0.0,9.0,18050000.0,9.0,0.0,0.013344453711426188,0.0015174736259963779,0,0.5055661374117538,2
A00399,13,8,5,5.0,33095000.0,6619000.0,5.0,0.0,8.0,9587000.0,8.0,0.0,0.010842368640533777,0.0009919533964509483,0,0.09185305727559184,2
A00370,15,5,10,10.0,11829000.0,1182900.0,10.0,0.0,5.0,7292000.0,5.0,0.0,0.012510425354462052,0.0006364299092004504,0,0.2266296124088108,1
A00646,10,7,3,3.0,6412000.0,2137333.3333333335,3.0,0.0,7.0,30084000.0,7.0,0.0,0.008340283569641367,0.0007815187558360211,0,0.25785037590096443,2
A00408,17,8,9,9.0,23604000.0,2622666.6666666665,9.0,0.0,8.0,18492000.0,8.0,0.0,0.014178482068390324,0.0007516865398041367,0,0.23994060530521732,0
A00029,15,6,9,9.0,9865000.0,1096111.111111111,9.0,0.0,6.0,9043000.0,6.0,0.0,0.012510425354462052,0.0009229905952841985,0,0.2556852384897342,4
A00656,8,4,4,4.0,9333000.0,2333250.0,4.0,0.0,4.0,5968000.0,4.0,0.0,0.006672226855713094,0.0005211036098734162,0,0.3284592611444482,4
A01146,10,7,3,3.0,12091000.0,4030333.3333333335,3.0,0.0,7.0,14044000.0,7.0,0.0,0.008340283569641367,0.0009189031802853381,0,0.06080230302048901,0
A00913,13,8,5,5.0,15469000.0,3093800.0,5.0,0.0,8.0,12014000.0,8.0,0.0,0.010842368640533777,0.0010724852228307824,0,0.019636893033412765,1
A00238,18,10,8,9.0,14072000.0,1563555.5555555555,8.0,0.0,10.0,14095000.0,10.0,0.0,0.015012510425354461,0.001164650483711329,0,0.038756782449063186,3
A00119,14,7,7,7.0,12536000.0,1790857.142857143,7.0,0.0,7.0,6516000.0,7.0,0.0,0.011676396997497914,0.0011374306206652165,0,0.3876781294032618,1
A00761,9,8,1,1.0,2801000.0,2801000.0,1.0,0.0,8.0,21013000.0,8.0,0.0,0.007506255212677231,0.001010902494240294,0,0.0033532381176619897,1
A00568,17,10,7,7.0,5613000.0,801857.1428571428,7.0,0.0,10.0,19680000.0,10.0,0.0,0.014178482068390324,0.0013423051304853977,0,0.054110633372552626,1
A00905,10,3,7,7.0,15835000.0,2262142.8571428573,7.0,0.0,3.0,9898000.0,3.0,0.0,0.008340283569641367,0.0003784608390501053,0,0.4671479522706063,3
A01116,17,6,11,11.0,30233000.0,2748454.5454545454,11.0,0.0,6.0,10356000.0,6.0,0.0,0.014178482068390324,0.0005897490120071049,0,0.4763913486097283,3
A00657,11,5,6,6.0,8713000.0,1452166.6666666667,6.0,0.0,5.0,11328000.0,5.0,0.0,0.009174311926605505,0.0006375176250947751,0,0.46300509391037414,2
A00234,11,4,7,7.0,13641000.0,1948714.2857142857,7.0,0.0,4.0,18046000.0,4.0,0.0,0.009174311926605505,0.0006315559675414209,0,0.4200529485572871,2
A00735,22,13,9,9.0,11788000.0,1309777.7777777778,9.0,1.0,13.0,28555000.0,13.0,0.1111111111111111,0.01834862385321101,0.0021173465153972457,1,0.08474992177889709,1
A00334,14,3,11,11.0,23539000.0,2139909.090909091,11.0,0.0,3.0,3648000.0,3.0,0.0,0.011676396997497914,0.00039223067904804406,0,0.25602751755692027,1
A00217,13,8,5,5.0,11944000.0,2388800.0,5.0,0.0,8.0,12538000.0,8.0,0.0,0.010842368640533777,0.0007840075348318825,0,0.23119556804331698,1
A00899,10,7,3,3.0,3988000.0,1329333.3333333333,3.0,0.0,7.0,28979000.0,7.0,0.0,0.008340283569641367,0.0009610629407995031,0,0.02633861618887633,1
A00874,13,8,5,5.0,10062000.0,2012400.0,5.0,0.0,8.0,10150000.0,8.0,0.0,0.010842368640533777,0.000897254524971766,0,0.08738316687170854,0
A01171,14,7,7,7.0,3723000.0,531857.1428571428,7.0,0.0,7.0,18478000.0,7.0,0.0,0.011676396997497914,0.0012109204968754831,0,0.2043120201294907,2
A00189,8,4,4,4.0,10126000.0,2531500.0,4.0,0.0,4.0,9658000.0,4.0,0.0,0.006672226855713094,0.0004289990634152225,0,0.406207711267242,1
A01018,12,8,4,4.0,14219000.0,3554750.0,4.0,0.0,9.0,18904000.0,8.0,0.0,0.010008340283569641,0.0013218901640107892,0,0.015092464393173652,1
A00487,9,7,2,2.0,672000.0,336000.0,2.0,0.0,7.0,6047000.0,7.0,0.0,0.007506255212677231,0.0012712724236896564,0,0.0873909536269961,1
A00069,15,6,9,9.0,27408000.0,3045333.3333333335,9.0,0.0,6.0,7380000.0,6.0,0.0,0.012510425354462052,0.0010292583298767803,0,0.17197022715022864,1
A00817,16,11,5,5.0,5732000.0,1146400.0,5.0,0.0,11.0,24737000.0,11.0,0.0,0.013344453711426188,0.0019042954357039745,0,0.00893806906070774,0
A01180,8,6,2,2.0,1379000.0,689500.0,2.0,0.0,6.0,16315000.0,6.0,0.0,0.006672226855713094,0.0010431687427268424,0,0.015644685429141186,1
A00055,12,7,5,5.0,8557000.0,1711400.0,5.0,0.0,7.0,27040000.0,7.0,0.0,0.010008340283569641,0.0006558367340448628,0,0.1467565622758302,3
A00011,12,7,5,5.0,3771000.0,754200.0,5.0,0.0,7.0,13069000.0,7.0,0.0,0.010008340283569641,0.0014012927790495162,0,0.008560766062844116,4
A00578,10,4,6,6.0,9199000.0,1533166.6666666667,6.0,0.0,4.0,5419000.0,4.0,0.0,0.008340283569641367,0.0004474205146870609,0,0.37342970345605403,3
A00026,11,7,4,4.0,2788000.0,697000.0,4.0,0.0,7.0,9222000.0,7.0,0.0,0.009174311926605505,0.0011089966739649668,0,0.01159532920085553,2
A00294,17,5,12,12.0,15051000.0,1254250.0,12.0,0.0,5.0,5803000.0,5.0,0.0,0.014178482068390324,0.0010068916792706037,0,0.060590630583655526,2
A01087,12,9,3,3.0,29222000.0,9740666.666666666,3.0,0.0,9.0,14478000.0,9.0,0.0,0.010008340283569641,0.0011470596505631675,0,0.013301642761718805,4
A00371,10,5,5,5.0,11435000.0,2287000.0,5.0,1.0,5.0,11397000.0,5.0,0.2,0.008340283569641367,0.0005020822813615639,1,0.7965399127138231,1
A00333,9,5,4,4.0,21230000.0,5307500.0,4.0,0.0,5.0,8333000.0,5.0,0.0,0.007506255212677231,0.0006562306572485661,0,0.11804287495274247,2
A00451,6,2,4,4.0,9568000.0,2392000.0,4.0,0.0,2.0,3346000.0,2.0,0.0,0.0050041701417848205,0.0004246111541881262,0,0.37578154133952957,0
A00303,12,7,5,5.0,10375000.0,2075000.0,5.0,0.0,8.0,12924000.0,7.0,0.0,0.010008340283569641,0.0007276044514978016,0,0.1446870575021132,1
A00163,10,2,8,9.0,17155000.0,1906111.111111111,8.0,0.0,2.0,1269000.0,2.0,0.0,0.008340283569641367,0.00031320396256700713,0,0.4961156960455957,1
A00998,5,4,1,1.0,1565000.0,1565000.0,1.0,0.0,4.0,13294000.0,4.0,0.0,0.004170141784820684,0.0005668558208346428,0,0.12027896272220234,1
A00591,8,3,5,5.0,6937000.0,1387400.0,5.0,0.0,3.0,5709000.0,3.0,0.0,0.006672226855713094,0.00043092890413062824,0,0.1997499831411842,2
A00918,13,3,10,10.0,11648000.0,1164800.0,10.0,0.0,3.0,2015000.0,3.0,0.0,0.010842368640533777,0.00038131635896731814,0,0.14882862203095143,3
A00857,12,8,4,4.0,3760000.0,940000.0,4.0,0.0,8.0,14928000.0,8.0,0.0,0.010008340283569641,0.0010543829856699536,0,0.008808132873735249,1
A00737,14,8,6,6.0,2714000.0,452333.3333333333,6.0,0.0,8.0,36821000.0,8.0,0.0,0.011676396997497914,0.0010695595196229318,0,0.12088120593096782,3
A00754,9,7,2,2.0,4316000.0,2158000.0,2.0,0.0,8.0,26439000.0,7.0,0.0,0.007506255212677231,0.0009255095658609465,0,0.05705079488542591,0
A00309,19,7,12,12.0,22409000.0,1867416.6666666667,12.0,0.0,7.0,20948000.0,7.0,0.0,0.0158465387823186,0.0010216267807981344,0,0.11813555276470335,2
A00426,11,7,4,4.0,9611000.0,2402750.0,4.0,0.0,7.0,15591000.0,7.0,0.0,0.009174311926605505,0.0008197935215563791,0,0.2545233720746992,1
A00087,14,5,9,9.0,12419000.0,1379888.888888889,9.0,0.0,5.0,19081000.0,5.0,0.0,0.011676396997497914,0.0006903653826779184,0,0.3376662348657478,0
A00103,12,8,4,4.0,21746000.0,5436500.0,4.0,0.0,8.0,16133000.0,8.0,0.0,0.010008340283569641,0.0011717772369057213,0,0.008348545334394577,2
A00366,7,4,3,3.0,5816000.0,1938666.6666666667,3.0,0.0,4.0,6681000.0,4.0,0.0,0.005838198498748957,0.00041309041244764675,0,0.22686868250468195,4
A00076,9,5,4,4.0,8222000.0,2055500.0,4.0,0.0,5.0,4954000.0,5.0,0.0,0.007506255212677231,0.0005454955501818896,0,0.32934669613422346,3
A00892,12,6,6,6.0,17156000.0,2859333.3333333335,6.0,1.0,6.0,11907000.0,6.0,0.16666666666666666,0.010008340283569641,0.0006281988260740897,1,0.2631484902155096,3
A00741,15,6,9,9.0,8790000.0,976666.6666666666,9.0,0.0,6.0,7853000.0,6.0,0.0,0.012510425354462052,0.0010093503682800143,0,0.214437894138043,4
A00651,12,6,6,6.0,28235000.0,4705833.333333333,6.0,0.0,6.0,11008000.0,6.0,0.0,0.010008340283569641,0.001185078857186372,0,0.3757356206667819,3
A00711,9,5,4,4.0,9757000.0,2439250.0,4.0,0.0,5.0,6501000.0,5.0,0.0,0.007506255212677231,0.0009003778581289077,0,0.1103586209810326,3
A01175,10,4,6,6.0,1752000.0,292000.0,6.0,0.0,4.0,3460000.0,4.0,0.0,0.008340283569641367,0.0005014349495640094,0,0.34638698885951225,0
A00829,15,9,6,6.0,4608000.0,768000.0,6.0,0.0,9.0,44068000.0,9.0,0.0,0.012510425354462052,0.00110405328564116,0,0.10489312808912861,5
A00450,9,5,4,4.0,8706000.0,2176500.0,4.0,0.0,5.0,6892000.0,5.0,0.0,0.007506255212677231,0.0009643671622452414,0,0.08943729388618289,2
A00795,10,9,1,1.0,5472000.0,5472000.0,1.0,0.0,9.0,35841000.0,9.0,0.0,0.008340283569641367,0.0019360487119803099,0,0.015232547125130246,3
A01003,15,8,7,7.0,34055000.0,4865000.0,7.0,0.0,8.0,6472000.0,8.0,0.0,0.012510425354462052,0.0018016637338400011,0,0.2820052519976217,4
A00037,13,5,8,8.0,17379000.0,2172375.0,8.0,0.0,5.0,14692000.0,5.0,0.0,0.010842368640533777,0.0008861965398254101,0,0.3943831783134301,5
A00896,10,3,7,7.0,12207000.0,1743857.142857143,7.0,0.0,3.0,1084000.0,3.0,0.0,0.008340283569641367,0.0004122926321877557,0,0.3695093316830501,1
A00692,3,3,0,0.0,0.0,0.0,0.0,0.0,3.0,11831000.0,3.0,0.0,0.0025020850708924102,0.00032761094885936797,0,0.1887096787328484,4
A00052,12,6,6,6.0,13243000.0,2207166.6666666665,6.0,0.0,6.0,16761000.0,6.0,0.0,0.010008340283569641,0.0009142142397161659,0,0.49629106622433106,1
A00908,16,7,9,9.0,14339000.0,1593222.2222222222,9.0,0.0,7.0,11389000.0,7.0,0.0,0.013344453711426188,0.0006826938163736505,0,0.424267400767448,1
A00145,10,4,6,6.0,15130000.0,2521666.6666666665,6.0,0.0,4.0,13778000.0,4.0,0.0,0.008340283569641367,0.0004660862920578024,0,0.34388777932937875,0
A01076,6,5,1,1.0,2567000.0,2567000.0,1.0,0.0,5.0,4209000.0,5.0,0.0,0.0050041701417848205,0.0006611915546087568,0,0.22776896971159985,0
A00083,13,5,8,8.0,23864000.0,2983000.0,8.0,0.0,5.0,3870000.0,5.0,0.0,0.010842368640533777,0.0010577607133085917,0,0.10323682427049398,0
A00121,12,5,7,7.0,18752000.0,2678857.1428571427,7.0,0.0,5.0,7380000.0,5.0,0.0,0.010008340283569641,0.0005915631114720791,0,0.22122885393960626,3
A01157,10,6,4,4.0,10424000.0,2606000.0,4.0,0.0,6.0,6712000.0,6.0,0.0,0.008340283569641367,0.0011422181743845044,0,0.0594811860747096,0
A00216,17,11,6,6.0,43189000.0,7198166.666666667,6.0,0.0,11.0,21346000.0,11.0,0.0,0.014178482068390324,0.001499880245313639,0,0.17842532445879733,1
A00380,11,6,5,5.0,12088000.0,2417600.0,5.0,0.0,6.0,16769000.0,6.0,0.0,0.009174311926605505,0.000931861640765017,0,0.1141693290752278,1
A00781,12,8,4,4.0,1932000.0,483000.0,4.0,0.0,8.0,95115000.0,8.0,0.0,0.010008340283569641,0.0008682900386066744,0,0.0069451829378794315,0
A01095,13,7,6,6.0,12053000.0,2008833.3333333333,6.0,0.0,7.0,13305000.0,7.0,0.0,0.010842368640533777,0.0010376716560763634,0,0.33600688040581506,2
A00074,11,4,7,7.0,11047000.0,1578142.857142857,7.0,0.0,4.0,16264000.0,4.0,0.0,0.009174311926605505,0.0008955724716715562,0,0.4149187260592718,0
A00889,10,5,5,5.0,13375000.0,2675000.0,5.0,0.0,5.0,3578000.0,5.0,0.0,0.008340283569641367,0.0006736214963249113,0,0.16474161221384498,1
A00458,8,4,4,4.0,9147000.0,2286750.0,4.0,0.0,4.0,2417000.0,4.0,0.0,0.006672226855713094,0.0007770787718254142,0,0.2798843318107879,2
A00161,12,5,7,7.0,15465000.0,2209285.714285714,7.0,0.0,5.0,4265000.0,5.0,0.0,0.010008340283569641,0.00044560504882488593,0,0.354621260353633,0
A01022,15,7,8,8.0,10785000.0,1348125.0,8.0,1.0,7.0,4267000.0,7.0,0.125,0.012510425354462052,0.0009915362660746364,1,0.7548671164180859,1
A00897,13,4,9,9.0,6856000.0,761777.7777777778,9.0,0.0,4.0,4132000.0,4.0,0.0,0.010842368640533777,0.0007890061038027137,0,0.30734398747553615,2
A00834,10,6,4,4.0,7320000.0,1830000.0,4.0,0.0,6.0,12826000.0,6.0,0.0,0.008340283569641367,0.0005843747637320076,0,0.3440725479032157,0
A01011,12,8,4,4.0,7708000.0,1927000.0,4.0,0.0,8.0,18651000.0,8.0,0.0,0.010008340283569641,0.000900073291982945,0,0.07100878028286337,2
A00815,12,5,7,7.0,21918000.0,3131142.8571428573,7.0,0.0,5.0,9533000.0,5.0,0.0,0.010008340283569641,0.0008558342341671206,0,0.20809498415505828,2
A00950,13,6,7,7.0,12065000.0,1723571.4285714286,7.0,0.0,6.0,13066000.0,6.0,0.0,0.010842368640533777,0.000954651729144021,0,0.32049557905092496,1
A00263,13,9,4,4.0,10338000.0,2584500.0,4.0,0.0,9.0,24342000.0,9.0,0.0,0.010842368640533777,0.0013120244167469683,0,0.03703788696511863,2
A01079,9,5,4,4.0,2844000.0,711000.0,4.0,0.0,5.0,7368000.0,5.0,0.0,0.007506255212677231,0.0006331265174227309,0,0.245217142620728,4
A00194,10,4,6,6.0,15232000.0,2538666.6666666665,6.0,0.0,4.0,15386000.0,4.0,0.0,0.008340283569641367,0.0005728886706517628,0,0.3908712247248631,3
A00793,15,8,7,8.0,31792000.0,3974000.0,7.0,0.0,8.0,18035000.0,8.0,0.0,0.012510425354462052,0.001001257334433711,0,0.24554034930409357,3
A00164,12,9,3,3.0,2353000.0,784333.3333333334,3.0,0.0,9.0,22059000.0,9.0,0.0,0.010008340283569641,0.0011622302345321127,0,0.00857003571742251,1
A00634,18,6,12,12.0,11179000.0,931583.3333333334,12.0,0.0,6.0,16970000.0,6.0,0.0,0.015012510425354461,0.0009926159946180002,0,0.07074630584653203,1
A00395,8,2,6,6.0,5017000.0,836166.6666666666,6.0,0.0,2.0,931000.0,2.0,0.0,0.006672226855713094,0.00031293912332037,0,0.19920289927088067,3
A00807,19,8,11,11.0,33634000.0,3057636.3636363638,11.0,0.0,8.0,19862000.0,8.0,0.0,0.0158465387823186,0.0007957489407700356,0,0.29998895882797216,4
A00339,8,4,4,4.0,4213000.0,1053250.0,4.0,0.0,4.0,2166000.0,4.0,0.0,0.006672226855713094,0.000491709711785824,0,0.06757454390394173,1
A00202,10,5,5,5.0,6406000.0,1281200.0,5.0,0.0,5.0,10279000.0,5.0,0.0,0.008340283569641367,0.0007991574592261739,0,0.2864316444296334,5
A00846,15,6,9,9.0,24955000.0,2772777.777777778,9.0,0.0,6.0,40673000.0,6.0,0.0,0.012510425354462052,0.0007170810790578276,0,0.25827295262421535,1
A00472,13,3,10,10.0,33832000.0,3383200.0,10.0,0.0,3.0,4775000.0,3.0,0.0,0.010842368640533777,0.0004931189992885398,0,0.4287192466439847,4
A01012,17,8,9,9.0,17284000.0,1920444.4444444445,9.0,0.0,8.0,13084000.0,8.0,0.0,0.014178482068390324,0.0010481391188547993,0,0.17158785339794838,4
A00991,8,6,2,2.0,3124000.0,1562000.0,2.0,0.0,6.0,16806000.0,6.0,0.0,0.006672226855713094,0.0007002033803146365,0,0.12649767732972825,1
A00522,16,7,9,9.0,26951000.0,2994555.5555555555,9.0,0.0,7.0,38404000.0,7.0,0.0,0.013344453711426188,0.0023236761191646783,0,0.19031682754944573,0
A00430,9,8,1,1.0,345000.0,345000.0,1.0,0.0,8.0,31735000.0,8.0,0.0,0.007506255212677231,0.0018128502391999539,0,0.008244576319818939,3
A00151,14,10,4,4.0,6531000.0,1632750.0,4.0,0.0,10.0,33876000.0,10.0,0.0,0.011676396997497914,0.0020543528803981127,0,0.004073482726423903,5
A01150,9,6,3,3.0,3523000.0,1174333.3333333333,3.0,0.0,6.0,8578000.0,6.0,0.0,0.007506255212677231,0.001084151120241249,0,0.021525707372472936,5
A00579,11,5,6,6.0,38579000.0,6429833.333333333,6.0,0.0,5.0,2407000.0,5.0,0.0,0.009174311926605505,0.0011140852133447322,0,0.12279811053925874,5
A01002,11,7,4,4.0,7845000.0,1961250.0,4.0,0.0,7.0,9864000.0,7.0,0.0,0.009174311926605505,0.0011125080825567756,0,0.03986196247411972,3
A00515,11,5,6,6.0,28666000.0,4777666.666666667,6.0,0.0,5.0,6346000.0,5.0,0.0,0.009174311926605505,0.0007028084770444102,0,0.28421967845883456,0
A00250,8,4,4,4.0,3843000.0,960750.0,4.0,0.0,4.0,3708000.0,4.0,0.0,0.006672226855713094,0.0006140168609562897,0,0.23193994805152518,2
A00335,6,4,2,2.0,1773000.0,886500.0,2.0,0.0,4.0,10979000.0,4.0,0.0,0.0050041701417848205,0.0005667925833184656,0,0.2986954145142449,5
A00457,12,5,7,7.0,8732000.0,1247428.5714285714,7.0,0.0,5.0,14000000.0,5.0,0.0,0.010008340283569641,0.0008690127366968514,0,0.36591640018198723,0
A00066,14,9,5,5.0,10209000.0,2041800.0,5.0,0.0,9.0,23966000.0,9.0,0.0,0.011676396997497914,0.001129468393915428,0,0.03573349998888289,2
A00092,10,5,5,5.0,5636000.0,1127200.0,5.0,0.0,5.0,17036000.0,5.0,0.0,0.008340283569641367,0.0007922812996838033,0,0.25167399542593144,2
A01101,9,5,4,4.0,3565000.0,891250.0,4.0,0.0,6.0,31443000.0,5.0,0.0,0.007506255212677231,0.000495292611519235,0,0.12306682398050109,3
A00730,13,5,8,8.0,15426000.0,1928250.0,8.0,0.0,5.0,7214000.0,5.0,0.0,0.010842368640533777,0.0006380052591287179,0,0.3350498020193693,2
A00786,10,5,5,5.0,7233000.0,1446600.0,5.0,0.0,5.0,6948000.0,5.0,0.0,0.008340283569641367,0.0006048999230732667,0,0.366480976413933,2
A00705,9,5,4,4.0,13738000.0,3434500.0,4.0,0.0,5.0,3077000.0,5.0,0.0,0.007506255212677231,0.0007246706107862292,0,0.1276587910332835,0
A00559,19,14,5,5.0,5276000.0,1055200.0,5.0,0.0,14.0,53169000.0,14.0,0.0,0.0158465387823186,0.0016648702646589685,0,0.003501587301587302,2
A01166,12,4,8,8.0,4990000.0,623750.0,8.0,0.0,4.0,1799000.0,4.0,0.0,0.010008340283569641,0.0006298086352940882,0,0.2513273665086496,0
A00481,8,2,6,6.0,10137000.0,1689500.0,6.0,0.0,2.0,6030000.0,2.0,0.0,0.006672226855713094,0.0005026257084859054,0,0.3206950377751193,2
A00483,18,11,7,7.0,8492000.0,1213142.857142857,7.0,0.0,11.0,17110000.0,11.0,0.0,0.015012510425354461,0.0014000580341615905,0,0.06886374753594045,2
A00639,13,6,7,7.0,6629000.0,947000.0,7.0,0.0,6.0,17364000.0,6.0,0.0,0.010842368640533777,0.0015043611488266182,0,0.2696651384420425,4
A00875,12,6,6,6.0,50118000.0,8353000.0,6.0,0.0,6.0,7852000.0,6.0,0.0,0.010008340283569641,0.0005479060922060298,0,0.2892933385850309,3
A01008,10,5,5,5.0,5575000.0,1115000.0,5.0,0.0,6.0,9070000.0,5.0,0.0,0.008340283569641367,0.0006680072528123567,0,0.18917114022670256,4
A00677,16,10,6,6.0,14009000.0,2334833.3333333335,6.0,0.0,10.0,20136000.0,10.0,0.0,0.013344453711426188,0.0011965119835257248,0,0.1945876092400292,4
A00982,12,4,8,8.0,9676000.0,1209500.0,8.0,0.0,4.0,6520000.0,4.0,0.0,0.010008340283569641,0.000560063034795983,0,0.4788145373745407,3
A01043,8,5,3,3.0,5282000.0,1760666.6666666667,3.0,0.0,5.0,16890000.0,5.0,0.0,0.006672226855713094,0.0011735088204849282,0,0.046882107328096355,2
A00509,12,6,6,7.0,11297000.0,1613857.142857143,6.0,0.0,6.0,10767000.0,6.0,0.0,0.010008340283569641,0.0008703640348233108,0,0.3631771619929279,2
A00548,11,5,6,6.0,10841000.0,1806833.3333333333,6.0,0.0,5.0,1994000.0,5.0,0.0,0.009174311926605505,0.0007021063417918676,0,0.3067854475210014,2
A00995,14,7,7,7.0,20529000.0,2932714.285714286,7.0,0.0,7.0,13949000.0,7.0,0.0,0.011676396997497914,0.0008434985152000434,0,0.3871623915040054,4
A00410,11,4,7,7.0,11908000.0,1701142.857142857,7.0,0.0,4.0,14115000.0,4.0,0.0,0.009174311926605505,0.00046415746911007976,0,0.3548338052745103,1
A00671,8,4,4,4.0,5835000.0,1458750.0,4.0,0.0,4.0,3371000.0,4.0,0.0,0.006672226855713094,0.0009856631722081552,0,0.097225901879583,0
A01119,18,8,10,10.0,18345000.0,1834500.0,10.0,0.0,8.0,33960000.0,8.0,0.0,0.015012510425354461,0.0009765274407290311,0,0.16811124008042125,3
A00919,12,6,6,6.0,11439000.0,1906500.0,6.0,0.0,6.0,18006000.0,6.0,0.0,0.010008340283569641,0.0006689809013330681,0,0.3748702891952209,2
A00790,8,3,5,5.0,8077000.0,1615400.0,5.0,0.0,3.0,1418000.0,3.0,0.0,0.006672226855713094,0.0003959145285688442,0,0.08224468049030031,3
A00748,11,7,4,4.0,7071000.0,1767750.0,4.0,0.0,7.0,9788000.0,7.0,0.0,0.009174311926605505,0.0010020645665965015,0,0.03820598676930046,2
A01021,15,6,9,9.0,14880000.0,1653333.3333333333,9.0,0.0,6.0,6036000.0,6.0,0.0,0.012510425354462052,0.0009596051932565834,0,0.24899991937974889,1
A00993,18,7,11,11.0,18656000.0,1696000.0,11.0,0.0,7.0,11963000.0,7.0,0.0,0.015012510425354461,0.0012279012766377598,0,0.12866746319960456,1
A00831,14,5,9,9.0,13498000.0,1499777.7777777778,9.0,0.0,5.0,14421000.0,5.0,0.0,0.011676396997497914,0.000977632072225103,0,0.20469381090434308,1
A00326,16,12,4,4.0,9112000.0,2278000.0,4.0,0.0,12.0,29348000.0,12.0,0.0,0.013344453711426188,0.001416910021069015,0,0.04722599102666392,0
A00526,14,8,6,6.0,9522000.0,1587000.0,6.0,0.0,8.0,14437000.0,8.0,0.0,0.011676396997497914,0.0007674665830932495,0,0.5120404100422935,2
A00767,8,3,5,5.0,12931000.0,2586200.0,5.0,0.0,3.0,3745000.0,3.0,0.0,0.006672226855713094,0.0007410077444262779,0,0.27882338991862865,2
A00156,14,8,6,6.0,21879000.0,3646500.0,6.0,0.0,8.0,9669000.0,8.0,0.0,0.011676396997497914,0.0012543136901359937,0,0.44813793576869443,2
A00003,7,4,3,4.0,4406000.0,1101500.0,3.0,0.0,4.0,5818000.0,4.0,0.0,0.005838198498748957,0.0006272212571953703,0,0.27213470723496014,2
A00543,11,4,7,7.0,16923000.0,2417571.4285714286,7.0,0.0,4.0,12149000.0,4.0,0.0,0.009174311926605505,0.0007175054487749046,0,0.4389499015445303,1
A01193,8,4,4,5.0,16142000.0,3228400.0,4.0,0.0,4.0,5017000.0,4.0,0.0,0.006672226855713094,0.0005526259047242806,0,0.20413389093429748,1
A00109,17,8,9,9.0,14738000.0,1637555.5555555555,9.0,0.0,8.0,14464000.0,8.0,0.0,0.014178482068390324,0.0009126901146102773,0,0.14097841446638948,0
A01054,12,7,5,5.0,10143000.0,2028600.0,5.0,0.0,7.0,24809000.0,7.0,0.0,0.010008340283569641,0.0010704249326798014,0,0.039175886806949826,0
A00478,9,5,4,4.0,7173000.0,1793250.0,4.0,0.0,5.0,5394000.0,5.0,0.0,0.007506255212677231,0.0008875989894349082,0,0.12854364794306886,0
A00808,10,6,4,4.0,4677000.0,1169250.0,4.0,0.0,7.0,8463000.0,6.0,0.0,0.008340283569641367,0.0010595270527864122,0,0.0172672268758972,0
A00926,12,8,4,4.0,4447000.0,1111750.0,4.0,0.0,8.0,11723000.0,8.0,0.0,0.010008340283569641,0.001207541468083768,0,0.010386823000812472,0
A00521,12,7,5,5.0,5260000.0,1052000.0,5.0,0.0,7.0,7781000.0,7.0,0.0,0.010008340283569641,0.0007291290782318527,0,0.04441702254160361,1
A00759,14,7,7,7.0,10255000.0,1465000.0,7.0,0.0,7.0,7082000.0,7.0,0.0,0.011676396997497914,0.001146457280746642,0,0.48349127605849673,0
A00157,11,8,3,3.0,20688000.0,6896000.0,3.0,0.0,8.0,18923000.0,8.0,0.0,0.009174311926605505,0.0011059028881971538,0,0.004586640572489815,0
A00836,9,5,4,4.0,11989000.0,2997250.0,4.0,0.0,5.0,7745000.0,5.0,0.0,0.007506255212677231,0.0007660311061360238,0,0.162628566972623,0
A01107,15,5,10,10.0,13532000.0,1353200.0,10.0,0.0,5.0,7511000.0,5.0,0.0,0.012510425354462052,0.0005098110945572706,0,0.18396375224611425,1
A00778,10,4,6,6.0,5864000.0,977333.3333333334,6.0,0.0,4.0,8301000.0,4.0,0.0,0.008340283569641367,0.0005355289193175837,0,0.3409185484033045,0
A00872,6,2,4,4.0,4104000.0,1026000.0,4.0,0.0,2.0,425000.0,2.0,0.0,0.0050041701417848205,0.0002724971375643058,0,0.12638665491038617,2
A00779,14,5,9,9.0,15944000.0,1771555.5555555555,9.0,0.0,6.0,4924000.0,5.0,0.0,0.011676396997497914,0.0005773415883651834,0,0.21440653606088658,1
A00647,18,6,12,12.0,30099000.0,2508250.0,12.0,0.0,6.0,6447000.0,6.0,0.0,0.015012510425354461,0.0009285578689018768,0,0.14625202666875373,3
A00088,10,4,6,6.0,24561000.0,4093500.0,6.0,0.0,4.0,2565000.0,4.0,0.0,0.008340283569641367,0.0005450002842137999,0,0.29246140621628386,2
A01141,9,5,4,4.0,4565000.0,1141250.0,4.0,0.0,5.0,14193000.0,5.0,0.0,0.007506255212677231,0.0006021765532703571,0,0.24139140610558318,5
A00147,9,3,6,6.0,5704000.0,950666.6666666666,6.0,0.0,3.0,4124000.0,3.0,0.0,0.007506255212677231,0.00040768225886350347,0,0.35348563758811097,3
A00437,7,5,2,2.0,1095000.0,547500.0,2.0,0.0,5.0,4120000.0,5.0,0.0,0.005838198498748957,0.000916311827204776,0,0.16457084111509473,4
A00190,12,6,6,6.0,13119000.0,2186500.0,6.0,0.0,6.0,19375000.0,6.0,0.0,0.010008340283569641,0.0006993549592093085,0,0.46885594599472125,1
A01184,9,3,6,6.0,5894000.0,982333.3333333334,6.0,0.0,3.0,43088000.0,3.0,0.0,0.007506255212677231,0.00041679533861267064,0,0.26405502030168854,3
A00049,17,10,7,7.0,10412000.0,1487428.5714285714,7.0,0.0,10.0,9324000.0,10.0,0.0,0.014178482068390324,0.0011325243582076287,0,0.09148660805443788,3
A00174,9,5,4,4.0,11815000.0,2953750.0,4.0,0.0,6.0,21351000.0,5.0,0.0,0.007506255212677231,0.000666233206847526,0,0.167198127515857,3
A00860,14,9,5,5.0,13299000.0,2659800.0,5.0,0.0,10.0,18122000.0,9.0,0.0,0.011676396997497914,0.001165054106398651,0,0.018172085318411114,0
A01138,8,5,3,3.0,1519000.0,506333.3333333333,3.0,0.0,5.0,13799000.0,5.0,0.0,0.006672226855713094,0.0008227762597577261,0,0.1147452964742659,1
A00870,10,7,3,3.0,6047000.0,2015666.6666666667,3.0,0.0,7.0,7644000.0,7.0,0.0,0.008340283569641367,0.0013901888442956287,0,0.02725351255338731,1
A00440,10,5,5,6.0,10444000.0,1740666.6666666667,5.0,0.0,5.0,20368000.0,5.0,0.0,0.008340283569641367,0.0011496443103398038,0,0.15849199703830813,1
A00818,16,10,6,6.0,8738000.0,1456333.3333333333,6.0,0.0,10.0,24095000.0,10.0,0.0,0.013344453711426188,0.0018908635751112065,0,0.21024251674801,0
A01125,17,7,10,10.0,43687000.0,4368700.0,10.0,0.0,8.0,17872000.0,7.0,0.0,0.014178482068390324,0.0008640227280198677,0,0.16089932031997953,5
A00716,9,5,4,4.0,7932000.0,1983000.0,4.0,0.0,5.0,9158000.0,5.0,0.0,0.007506255212677231,0.0008495348004258575,0,0.10745269909783688,0
A00876,20,12,8,8.0,18775000.0,2346875.0,8.0,0.0,12.0,43785000.0,12.0,0.0,0.016680567139282735,0.0014407815618814991,0,0.2490265850814999,2
A01153,14,7,7,7.0,36145000.0,5163571.428571428,7.0,0.0,7.0,10166000.0,7.0,0.0,0.011676396997497914,0.0011121520680580819,0,0.4126169736678189,3
A00599,9,5,4,4.0,15713000.0,3928250.0,4.0,0.0,5.0,8182000.0,5.0,0.0,0.007506255212677231,0.0011950084898770849,0,0.021128116259236655,2
A00148,4,2,2,2.0,1994000.0,997000.0,2.0,0.0,2.0,1515000.0,2.0,0.0,0.003336113427856547,0.00028844916734310674,0,0.145160045850054,1
A01080,7,5,2,2.0,3537000.0,1768500.0,2.0,0.0,5.0,6749000.0,5.0,0.0,0.005838198498748957,0.0008895235120104225,0,0.12180635739995135,5
A00311,13,7,6,6.0,12898000.0,2149666.6666666665,6.0,0.0,7.0,37504000.0,7.0,0.0,0.010842368640533777,0.0009846957744132775,0,0.3590698955422125,2
A01106,13,8,5,5.0,10920000.0,2184000.0,5.0,0.0,9.0,15256000.0,8.0,0.0,0.010842368640533777,0.0013746155176996796,0,0.060010275679708965,1
A00111,9,3,6,6.0,6884000.0,1147333.3333333333,6.0,0.0,3.0,8133000.0,3.0,0.0,0.007506255212677231,0.0004909457629878401,0,0.3426294418772653,2
A00390,13,7,6,7.0,51699000.0,7385571.428571428,6.0,0.0,7.0,5933000.0,7.0,0.0,0.010842368640533777,0.0008337744540579799,0,0.32496002519655587,0
A00801,11,5,6,6.0,6333000.0,1055500.0,6.0,0.0,5.0,13148000.0,5.0,0.0,0.009174311926605505,0.0009228917942710074,0,0.32502976080249263,1
A00787,10,6,4,4.0,8070000.0,2017500.0,4.0,0.0,6.0,42583000.0,6.0,0.0,0.008340283569641367,0.0006409515617956947,0,0.3084218688838009,1
A00970,11,5,6,6.0,9096000.0,1516000.0,6.0,0.0,5.0,7775000.0,5.0,0.0,0.009174311926605505,0.0007785252071536635,0,0.45380454310081814,1
A00880,11,4,7,7.0,7262000.0,1037428.5714285715,7.0,0.0,4.0,12769000.0,4.0,0.0,0.009174311926605505,0.000502364947743527,0,0.3981613583126315,2
A00821,11,6,5,5.0,11103000.0,2220600.0,5.0,0.0,6.0,8465000.0,6.0,0.0,0.009174311926605505,0.0013517866656869734,0,0.06556308584485991,1
A00796,10,4,6,6.0,10241000.0,1706833.3333333333,6.0,0.0,4.0,4495000.0,4.0,0.0,0.008340283569641367,0.0005157960617005618,0,0.3971238888747667,3
A00367,9,3,6,6.0,11909000.0,1984833.3333333333,6.0,0.0,3.0,9096000.0,3.0,0.0,0.007506255212677231,0.000648685910771719,0,0.40532792748579827,3
A00302,8,6,2,2.0,1478000.0,739000.0,2.0,0.0,6.0,16173000.0,6.0,0.0,0.006672226855713094,0.0006364953734926546,0,0.10447282132399162,2
A00392,13,7,6,6.0,10741000.0,1790166.6666666667,6.0,0.0,7.0,6366000.0,7.0,0.0,0.010842368640533777,0.0006460680121114847,0,0.4454023294407258,1
A00967,8,3,5,5.0,11452000.0,2290400.0,5.0,0.0,3.0,3971000.0,3.0,0.0,0.006672226855713094,0.00043713787662391786,0,0.32813749803039755,2
A00192,13,10,3,3.0,17467000.0,5822333.333333333,3.0,0.0,10.0,15708000.0,10.0,0.0,0.010842368640533777,0.0009583630733542131,0,0.018134848161189265,2
A00689,11,5,6,6.0,7939000.0,1323166.6666666667,6.0,0.0,5.0,19519000.0,5.0,0.0,0.009174311926605505,0.0007708029910223408,0,0.5037543103440049,3
A00195,12,3,9,9.0,9189000.0,1021000.0,9.0,0.0,3.0,6276000.0,3.0,0.0,0.010008340283569641,0.0006230736238986064,0,0.3287216668292787,0
A00248,12,6,6,6.0,8954000.0,1492333.3333333333,6.0,0.0,6.0,8269000.0,6.0,0.0,0.010008340283569641,0.0007626223587040995,0,0.4181849613036537,1
A01046,15,10,5,5.0,5639000.0,1127800.0,5.0,0.0,10.0,27707000.0,10.0,0.0,0.012510425354462052,0.0014388791762291984,0,0.006975398435236164,0
A00200,9,3,6,6.0,8193000.0,1365500.0,6.0,0.0,3.0,9447000.0,3.0,0.0,0.007506255212677231,0.0004833600137526496,0,0.33348912905679157,0
A00555,10,4,6,6.0,11908000.0,1984666.6666666667,6.0,0.0,4.0,7283000.0,4.0,0.0,0.008340283569641367,0.0005411701667434007,0,0.4242753653895454,0
A00867,13,6,7,7.0,12196000.0,1742285.7142857143,7.0,0.0,6.0,9135000.0,6.0,0.0,0.010842368640533777,0.0008524433566629436,0,0.3546163253778094,2
A00924,12,7,5,5.0,9564000.0,1912800.0,5.0,0.0,7.0,13709000.0,7.0,0.0,0.010008340283569641,0.0008837287371236591,0,0.08234336272781678,0
A00244,12,6,6,6.0,10451000.0,1741833.3333333333,6.0,0.0,6.0,3618000.0,6.0,0.0,0.010008340283569641,0.001641664640299942,0,0.3004264654055026,2
A00996,8,3,5,5.0,16163000.0,3232600.0,5.0,0.0,3.0,2680000.0,3.0,0.0,0.006672226855713094,0.0005886955208251375,0,0.10478824780207958,2
A00030,13,9,4,4.0,2570000.0,642500.0,4.0,0.0,10.0,28130000.0,9.0,0.0,0.010842368640533777,0.0010046928840675335,0,0.010591454726793327,3
A00771,11,6,5,5.0,6214000.0,1242800.0,5.0,0.0,6.0,19283000.0,6.0,0.0,0.009174311926605505,0.001377682888867459,0,0.014528750053538993,2
A01197,10,7,3,3.0,10346000.0,3448666.6666666665,3.0,0.0,7.0,13763000.0,7.0,0.0,0.008340283569641367,0.0011200529846645518,0,0.04745166007776279,3
A00895,11,2,9,9.0,22670000.0,2518888.888888889,9.0,0.0,2.0,6574000.0,2.0,0.0,0.009174311926605505,0.0003160145917806085,0,0.3678913449220895,3
A01045,6,4,2,2.0,2977000.0,1488500.0,2.0,0.0,4.0,16579000.0,4.0,0.0,0.0050041701417848205,0.0004687567241406518,0,0.22793952252714392,3
A00602,13,11,2,2.0,2673000.0,1336500.0,2.0,0.0,11.0,19995000.0,11.0,0.0,0.010842368640533777,0.0028952667157495183,0,0.005728841729928685,4
A00751,8,4,4,4.0,5396000.0,1349000.0,4.0,0.0,4.0,4215000.0,4.0,0.0,0.006672226855713094,0.0005083605079184336,0,0.18860526087524584,0
A00077,9,4,5,5.0,9302000.0,1860400.0,5.0,0.0,4.0,2255000.0,4.0,0.0,0.007506255212677231,0.0005767120381885127,0,0.1471070031017555,2
A00385,15,5,10,10.0,25136000.0,2513600.0,10.0,0.0,5.0,12975000.0,5.0,0.0,0.012510425354462052,0.0008454499810267437,0,0.19571834782391595,1
A00648,11,2,9,10.0,20161000.0,2016100.0,9.0,0.0,2.0,7330000.0,2.0,0.0,0.009174311926605505,0.0003585884586809262,0,0.47775421454492045,0
A00841,5,4,1,1.0,87000.0,87000.0,1.0,0.0,4.0,9655000.0,4.0,0.0,0.004170141784820684,0.0006482158095323428,0,0.24203619746990407,2
A00365,11,6,5,5.0,14944000.0,2988800.0,5.0,0.0,6.0,19418000.0,6.0,0.0,0.009174311926605505,0.000990318470593221,0,0.0317639207373128,0
A01052,9,6,3,3.0,5172000.0,1724000.0,3.0,0.0,6.0,27269000.0,6.0,0.0,0.007506255212677231,0.0007142703172987524,0,0.1068701909779782,1
A00727,5,3,2,2.0,1216000.0,608000.0,2.0,0.0,3.0,2820000.0,3.0,0.0,0.004170141784820684,0.0005995968678246107,0,0.21926020261082413,2
A01124,17,9,8,8.0,9435000.0,1179375.0,8.0,0.0,9.0,19749000.0,9.0,0.0,0.014178482068390324,0.001573414679545682,0,0.20943386808048833,1
A00394,16,8,8,8.0,15625000.0,1953125.0,8.0,0.0,8.0,9464000.0,8.0,0.0,0.013344453711426188,0.0011346777430998208,0,0.3790138805559799,2
A00229,16,9,7,7.0,14566000.0,2080857.142857143,7.0,0.0,9.0,15854000.0,9.0,0.0,0.013344453711426188,0.0010128930173273522,0,0.30725899997006967,4
A01028,15,9,6,6.0,1983000.0,330500.0,6.0,0.0,9.0,18287000.0,9.0,0.0,0.012510425354462052,0.0016417470298048368,0,0.35774174877369175,2
A00095,11,7,4,4.0,9869000.0,2467250.0,4.0,0.0,8.0,12382000.0,7.0,0.0,0.009174311926605505,0.0012299045214687646,0,0.05443150574515862,5
A00106,11,6,5,5.0,6003000.0,1200600.0,5.0,0.0,6.0,17784000.0,6.0,0.0,0.009174311926605505,0.0006554112758689768,0,0.06589251251515105,2
A00607,15,6,9,9.0,5353000.0,594777.7777777778,9.0,0.0,6.0,38360000.0,6.0,0.0,0.012510425354462052,0.0007415938578870153,0,0.0932787888156586,2
A00435,9,7,2,2.0,6058000.0,3029000.0,2.0,0.0,7.0,12041000.0,7.0,0.0,0.007506255212677231,0.0006644244053181524,0,0.10591808443529249,0
A00577,10,4,6,6.0,5468000.0,911333.3333333334,6.0,0.0,4.0,11786000.0,4.0,0.0,0.008340283569641367,0.0006167216820806715,0,0.3600807325319194,0
A01083,13,8,5,5.0,10274000.0,2054800.0,5.0,0.0,8.0,14629000.0,8.0,0.0,0.010842368640533777,0.0012153632156499412,0,0.0427520789894202,0
A00034,13,10,3,3.0,10760000.0,3586666.6666666665,3.0,0.0,10.0,13670000.0,10.0,0.0,0.010842368640533777,0.0009976091541988284,0,0.01359820883322094,0
A00728,12,2,10,10.0,27140000.0,2714000.0,10.0,0.0,2.0,4914000.0,2.0,0.0,0.010008340283569641,0.00020614196001201822,0,0.2956150148443925,0
A00310,10,4,6,6.0,4672000.0,778666.6666666666,6.0,0.0,4.0,9516000.0,4.0,0.0,0.008340283569641367,0.0006239179603612553,0,0.3825068830726717,0
A00398,13,7,6,6.0,9289000.0,1548166.6666666667,6.0,0.0,7.0,14620000.0,7.0,0.0,0.010842368640533777,0.001030061722836023,0,0.3698777701117138,1
A00016,7,5,2,2.0,1365000.0,682500.0,2.0,0.0,5.0,6929000.0,5.0,0.0,0.005838198498748957,0.0006489849916235302,0,0.27381921470013104,4
A00961,16,9,7,7.0,6419000.0,917000.0,7.0,0.0,9.0,12502000.0,9.0,0.0,0.013344453711426188,0.001225991073319157,0,0.48965670896022867,0
A00048,14,7,7,7.0,5485000.0,783571.4285714285,7.0,0.0,7.0,15512000.0,7.0,0.0,0.011676396997497914,0.0007444677730553762,0,0.28908556704102767,0
A00404,12,8,4,4.0,13087000.0,3271750.0,4.0,0.0,8.0,16524000.0,8.0,0.0,0.010008340283569641,0.0013981090037052909,0,0.014527605275682956,0
A00773,15,12,3,3.0,31493000.0,10497666.666666666,3.0,0.0,12.0,17209000.0,12.0,0.0,0.012510425354462052,0.0018427950641596775,0,0.019508726567550098,1
A00441,7,4,3,3.0,4224000.0,1408000.0,3.0,0.0,4.0,5275000.0,4.0,0.0,0.005838198498748957,0.0007001975601593599,0,0.23593818869084027,0
A00783,12,6,6,6.0,10514000.0,1752333.3333333333,6.0,0.0,6.0,4327000.0,6.0,0.0,0.010008340283569641,0.0008918837790567679,0,0.3989380802080701,0
A00541,8,2,6,6.0,17885000.0,2980833.3333333335,6.0,0.0,2.0,4354000.0,2.0,0.0,0.006672226855713094,0.0003703774318017911,0,0.4096918558123586,3
A00232,9,2,7,7.0,15821000.0,2260142.8571428573,7.0,0.0,2.0,4069000.0,2.0,0.0,0.007506255212677231,0.00029328751041102696,0,0.5300121800099662,5
A01168,8,6,2,2.0,5184000.0,2592000.0,2.0,0.0,6.0,15098000.0,6.0,0.0,0.006672226855713094,0.000900315770879663,0,0.06704808781594129,1
A00352,15,8,7,7.0,15212000.0,2173142.8571428573,7.0,0.0,8.0,11173000.0,8.0,0.0,0.012510425354462052,0.0014024444532943477,0,0.5014500980229538,4
A00315,8,4,4,4.0,12341000.0,3085250.0,4.0,0.0,4.0,1196000.0,4.0,0.0,0.006672226855713094,0.0006675212945199629,0,0.10361873497244242,1
A00760,9,5,4,4.0,6312000.0,1578000.0,4.0,0.0,5.0,8621000.0,5.0,0.0,0.007506255212677231,0.0007693849584797658,0,0.2580897507025275,1
A01127,11,4,7,8.0,23958000.0,2994750.0,7.0,0.0,4.0,2379000.0,4.0,0.0,0.009174311926605505,0.00044232543419060527,0,0.2703092161352635,5
A00643,6,5,1,1.0,21571000.0,21571000.0,1.0,0.0,5.0,8997000.0,5.0,0.0,0.0050041701417848205,0.0007375963560399188,0,0.07731549520564765,5
A00269,10,5,5,5.0,8538000.0,1707600.0,5.0,0.0,5.0,6237000.0,5.0,0.0,0.008340283569641367,0.0008660688666347518,0,0.13092143672710477,2
A00347,12,7,5,5.0,8294000.0,1658800.0,5.0,0.0,7.0,13587000.0,7.0,0.0,0.010008340283569641,0.0009562928370683184,0,0.057241044044194556,0
A00608,14,5,9,9.0,31889000.0,3543222.222222222,9.0,0.0,5.0,12034000.0,5.0,0.0,0.011676396997497914,0.0006720110702241312,0,0.37942350374711675,4
A00663,10,5,5,5.0,5934000.0,1186800.0,5.0,0.0,5.0,23876000.0,5.0,0.0,0.008340283569641367,0.0007800774147578864,0,0.28955433392369656,1
A00601,13,8,5,5.0,23010000.0,4602000.0,5.0,0.0,8.0,19519000.0,8.0,0.0,0.010842368640533777,0.0013033608097718157,0,0.04308137246394557,2
A01148,9,6,3,3.0,10587000.0,3529000.0,3.0,0.0,6.0,15648000.0,6.0,0.0,0.007506255212677231,0.0007452583460078579,0,0.15153068497821862,2
A00424,13,5,8,8.0,31668000.0,3958500.0,8.0,0.0,5.0,7592000.0,5.0,0.0,0.010842368640533777,0.0006684018226359746,0,0.3418052097052784,1
A00115,9,2,7,7.0,9401000.0,1343000.0,7.0,0.0,2.0,7636000.0,2.0,0.0,0.007506255212677231,0.00032689241020523107,0,0.36462721439379736,4
A00357,13,5,8,8.0,18727000.0,2340875.0,8.0,0.0,5.0,6182000.0,5.0,0.0,0.010842368640533777,0.0010501386715070474,0,0.2103916109580601,0
A00080,11,4,7,7.0,38667000.0,5523857.142857143,7.0,0.0,4.0,6371000.0,4.0,0.0,0.009174311926605505,0.0005151941751198925,0,0.5283759896032819,0
A00828,8,4,4,4.0,1374000.0,343500.0,4.0,0.0,4.0,5176000.0,4.0,0.0,0.006672226855713094,0.0006435421757755011,0,0.3428459444433054,5
A00252,11,5,6,7.0,23984000.0,3426285.714285714,6.0,0.0,5.0,8136000.0,5.0,0.0,0.009174311926605505,0.000691692563964681,0,0.1894622963507531,4
A00266,12,6,6,6.0,15514000.0,2585666.6666666665,6.0,0.0,6.0,11196000.0,6.0,0.0,0.010008340283569641,0.0006378433358455097,0,0.31061800641101694,4
A00710,12,7,5,5.0,5668000.0,1133600.0,5.0,0.0,7.0,9709000.0,7.0,0.0,0.010008340283569641,0.0007625087381189009,0,0.044329580428512504,3
A00425,3,1,2,2.0,3752000.0,1876000.0,2.0,1.0,1.0,3038000.0,1.0,0.5,0.0025020850708924102,0.0002672722321158204,1,0.9069969336530971,3
A00732,11,7,4,4.0,4036000.0,1009000.0,4.0,0.0,7.0,12385000.0,7.0,0.0,0.009174311926605505,0.0012705204622363436,0,0.007756168361694691,3
A00389,11,4,7,8.0,32235000.0,4029375.0,7.0,0.0,4.0,16030000.0,4.0,0.0,0.009174311926605505,0.000530527026868964,0,0.4322068972682128,5
A00945,12,5,7,7.0,18553000.0,2650428.5714285714,7.0,0.0,5.0,2629000.0,5.0,0.0,0.010008340283569641,0.0007881986123229878,0,0.16928866472553197,0
A01088,10,5,5,5.0,4482000.0,896400.0,5.0,0.0,5.0,3461000.0,5.0,0.0,0.008340283569641367,0.0006860600888090499,0,0.23267279460738186,0
A01072,8,2,6,6.0,9944000.0,1657333.3333333333,6.0,0.0,2.0,1797000.0,2.0,0.0,0.006672226855713094,0.00023621708338637738,0,0.20900916120386112,1
A00964,10,4,6,6.0,5849000.0,974833.3333333334,6.0,0.0,4.0,8619000.0,4.0,0.0,0.008340283569641367,0.0005863583813529051,0,0.3782305180510451,1
A00613,6,3,3,3.0,27148000.0,9049333.333333334,3.0,0.0,3.0,3070000.0,3.0,0.0,0.0050041701417848205,0.00037009983738151995,0,0.2138178687115718,2
A00489,11,7,4,4.0,5296000.0,1324000.0,4.0,0.0,7.0,33262000.0,7.0,0.0,0.009174311926605505,0.001954150293743772,0,0.0027162349294085823,4
A00524,11,5,6,6.0,8421000.0,1403500.0,6.0,0.0,5.0,19812000.0,5.0,0.0,0.009174311926605505,0.0013272548383991619,0,0.25249319719324165,0
A00987,10,3,7,7.0,25332000.0,3618857.1428571427,7.0,1.0,3.0,14845000.0,3.0,0.14285714285714285,0.008340283569641367,0.0006872303090969959,1,0.9281260457885484,2
A00696,11,6,5,5.0,16718000.0,3343600.0,5.0,0.0,6.0,26839000.0,6.0,0.0,0.009174311926605505,0.0010453282756542103,0,0.018279290665753997,2
A00323,9,5,4,4.0,17525000.0,4381250.0,4.0,1.0,5.0,3789000.0,5.0,0.25,0.007506255212677231,0.0005956118889335994,1,0.1461345661978894,0
A00770,14,10,4,4.0,4264000.0,1066000.0,4.0,1.0,10.0,40219000.0,10.0,0.25,0.011676396997497914,0.001212278666391156,1,0.0017757740358500813,1
A00974,6,4,2,2.0,1554000.0,777000.0,2.0,0.0,5.0,8252000.0,4.0,0.0,0.0050041701417848205,0.00047233964323009745,0,0.2635189361617257,3
A00053,10,8,2,2.0,8018000.0,4009000.0,2.0,0.0,8.0,31959000.0,8.0,0.0,0.008340283569641367,0.0008502327539232688,0,0.058441414686304254,1
A00329,14,6,8,8.0,28927000.0,3615875.0,8.0,0.0,6.0,14856000.0,6.0,0.0,0.011676396997497914,0.0005698001236491742,0,0.4803338388501002,0
A00655,13,6,7,7.0,17896000.0,2556571.4285714286,7.0,1.0,6.0,16634000.0,6.0,0.14285714285714285,0.010842368640533777,0.0008155044346575734,1,0.7283457069655993,4
A00886,11,4,7,7.0,6839000.0,977000.0,7.0,0.0,4.0,11651000.0,4.0,0.0,0.009174311926605505,0.0006239938708840197,0,0.4921659696240823,3
A00393,11,5,6,6.0,16346000.0,2724333.3333333335,6.0,0.0,5.0,14918000.0,5.0,0.0,0.009174311926605505,0.0013521760298659431,0,0.14585545901987385,1
A00719,9,5,4,4.0,4065000.0,1016250.0,4.0,1.0,5.0,4296000.0,5.0,0.25,0.007506255212677231,0.0007712581096830637,1,0.7500047405338313,1
A00442,11,7,4,4.0,1621000.0,405250.0,4.0,0.0,7.0,11410000.0,7.0,0.0,0.009174311926605505,0.0011442968402460296,0,0.009474117079643409,2
A00844,4,2,2,2.0,21782000.0,10891000.0,2.0,0.0,2.0,3350000.0,2.0,0.0,0.003336113427856547,0.000516760321167787,0,0.13623612836653234,2
A00251,9,3,6,6.0,10055000.0,1675833.3333333333,6.0,0.0,3.0,2013000.0,3.0,0.0,0.007506255212677231,0.00038132843968375686,0,0.2553052975628008,1
A01133,10,3,7,7.0,5659000.0,808428.5714285715,7.0,0.0,3.0,2654000.0,3.0,0.0,0.008340283569641367,0.000541508927653062,0,0.2372942146199931,2
A00276,7,5,2,2.0,977000.0,488500.0,2.0,0.0,5.0,10035000.0,5.0,0.0,0.005838198498748957,0.0006608212500932194,0,0.23377805805936158,5
A00479,11,5,6,6.0,11003000.0,1833833.3333333333,6.0,0.0,5.0,12208000.0,5.0,0.0,0.009174311926605505,0.000628277913212568,0,0.3868968585160798,2
A00343,10,3,7,7.0,10598000.0,1514000.0,7.0,0.0,3.0,5203000.0,3.0,0.0,0.008340283569641367,0.0006127773337993498,0,0.4312530823082643,2
A00839,7,2,5,5.0,2359000.0,471800.0,5.0,0.0,2.0,1690000.0,2.0,0.0,0.005838198498748957,0.0003833447615520589,0,0.07473710023912453,1
A01189,15,3,12,12.0,17655000.0,1471250.0,12.0,0.0,3.0,1658000.0,3.0,0.0,0.012510425354462052,0.00039210783038799984,0,0.10461820323006772,0
A01102,8,5,3,3.0,9240000.0,3080000.0,3.0,0.0,5.0,6529000.0,5.0,0.0,0.006672226855713094,0.0008237058679849162,0,0.08952973121232002,3
A00221,12,5,7,7.0,11887000.0,1698142.857142857,7.0,0.0,5.0,6279000.0,5.0,0.0,0.010008340283569641,0.0008433330293824625,0,0.3195116678378783,0
A01063,8,5,3,3.0,3087000.0,1029000.0,3.0,0.0,5.0,3640000.0,5.0,0.0,0.006672226855713094,0.000606811931198177,0,0.31055010545548684,0
A01048,15,6,9,9.0,15080000.0,1675555.5555555555,9.0,0.0,6.0,8930000.0,6.0,0.0,0.012510425354462052,0.0010438656604673025,0,0.18881624320397788,2
A00460,14,10,4,4.0,6532000.0,1633000.0,4.0,0.0,10.0,19353000.0,10.0,0.0,0.011676396997497914,0.0009336209337064766,0,0.014525551670376093,0
A00231,15,8,7,7.0,25576000.0,3653714.285714286,7.0,0.0,8.0,30010000.0,8.0,0.0,0.012510425354462052,0.0011712260731009691,0,0.24967902615688237,3
A00265,12,4,8,8.0,15547000.0,1943375.0,8.0,0.0,4.0,10898000.0,4.0,0.0,0.010008340283569641,0.0005231539422884457,0,0.353908504618687,0
A01097,11,4,7,7.0,6754000.0,964857.1428571428,7.0,0.0,4.0,7607000.0,4.0,0.0,0.009174311926605505,0.0005370407277546602,0,0.4464073589853514,5
A00680,8,5,3,3.0,3461000.0,1153666.6666666667,3.0,0.0,5.0,17437000.0,5.0,0.0,0.006672226855713094,0.0006449629481752308,0,0.20888233649577656,0
A00245,8,2,6,6.0,5535000.0,922500.0,6.0,0.0,2.0,5601000.0,2.0,0.0,0.006672226855713094,0.0003296838068068393,0,0.2836479253189262,3
A00449,13,7,6,6.0,7244000.0,1207333.3333333333,6.0,0.0,7.0,14911000.0,7.0,0.0,0.010842368640533777,0.0009724545759647672,0,0.4290396560499706,2
A00060,10,5,5,5.0,26945000.0,5389000.0,5.0,0.0,5.0,35082000.0,5.0,0.0,0.008340283569641367,0.0007906740811391075,0,0.2783334495772014,3
A00722,14,11,3,3.0,5911000.0,1970333.3333333333,3.0,0.0,11.0,20204000.0,11.0,0.0,0.011676396997497914,0.0011342630395004074,0,0.002873567977915804,0
A00447,7,2,5,5.0,13639000.0,2727800.0,5.0,0.0,2.0,4921000.0,2.0,0.0,0.005838198498748957,0.0003932643157882954,0,0.2418201120464067,2
A00019,14,8,6,6.0,12922000.0,2153666.6666666665,6.0,1.0,8.0,25546000.0,8.0,0.16666666666666666,0.011676396997497914,0.0008760308879958911,1,0.7758510489306242,5
A00419,9,5,4,5.0,9046000.0,1809200.0,4.0,0.0,5.0,5804000.0,5.0,0.0,0.007506255212677231,0.0008189788462296786,0,0.26593680554515525,1
A00463,10,6,4,4.0,4353000.0,1088250.0,4.0,0.0,7.0,4237000.0,6.0,0.0,0.008340283569641367,0.0007134411643404516,0,0.15629349174294657,3
A00233,10,6,4,4.0,9838000.0,2459500.0,4.0,0.0,6.0,6239000.0,6.0,0.0,0.008340283569641367,0.0006404510084243913,0,0.20594687627207484,1
A00757,7,5,2,2.0,6305000.0,3152500.0,2.0,0.0,5.0,8976000.0,5.0,0.0,0.005838198498748957,0.0006329829356597932,0,0.12119832737361193,3
A00191,16,9,7,7.0,7045000.0,1006428.5714285715,7.0,0.0,9.0,16537000.0,9.0,0.0,0.013344453711426188,0.0009591205425976051,0,0.3554501754504527,3
A00070,12,6,6,6.0,15734000.0,2622333.3333333335,6.0,0.0,6.0,18176000.0,6.0,0.0,0.010008340283569641,0.0012560673525085111,0,0.23939196167699672,3
A01014,7,2,5,5.0,6924000.0,1384800.0,5.0,0.0,2.0,3893000.0,2.0,0.0,0.005838198498748957,0.0002276338689559418,0,0.20815465794934337,2
A00965,7,4,3,3.0,13026000.0,4342000.0,3.0,0.0,4.0,3390000.0,4.0,0.0,0.005838198498748957,0.0009401398622748773,0,0.0440558807435812,0
A00652,9,4,5,5.0,7750000.0,1550000.0,5.0,0.0,4.0,3625000.0,4.0,0.0,0.007506255212677231,0.0006663212695309995,0,0.21482015755087333,2
A00997,10,4,6,6.0,13404000.0,2234000.0,6.0,0.0,4.0,2376000.0,4.0,0.0,0.008340283569641367,0.0005891777789037333,0,0.2554005406735739,4
A00569,7,3,4,4.0,2787000.0,696750.0,4.0,0.0,3.0,3092000.0,3.0,0.0,0.005838198498748957,0.0005571792422670952,0,0.1555309693814918,0
A00270,11,3,8,8.0,18440000.0,2305000.0,8.0,0.0,3.0,3060000.0,3.0,0.0,0.009174311926605505,0.0004885242777019597,0,0.41639195419539365,2
A00235,10,4,6,7.0,30385000.0,4340714.285714285,6.0,0.0,4.0,3452000.0,4.0,0.0,0.008340283569641367,0.0005029603816387096,0,0.6002176189415984,0
A00351,13,8,5,5.0,18847000.0,3769400.0,5.0,0.0,8.0,21289000.0,8.0,0.0,0.010842368640533777,0.0007782183377156106,0,0.10742605329191955,2
A00433,10,5,5,5.0,4267000.0,853400.0,5.0,0.0,5.0,7450000.0,5.0,0.0,0.008340283569641367,0.0007154959051440813,0,0.23229249322824772,0
A00517,11,7,4,4.0,9113000.0,2278250.0,4.0,0.0,7.0,16784000.0,7.0,0.0,0.009174311926605505,0.0009353679908539307,0,0.13025422482751606,5
A00904,13,6,7,7.0,45618000.0,6516857.142857143,7.0,0.0,6.0,7903000.0,6.0,0.0,0.010842368640533777,0.0007280880803298558,0,0.2758315374638878,5
A01188,8,4,4,4.0,3572000.0,893000.0,4.0,0.0,4.0,5251000.0,4.0,0.0,0.006672226855713094,0.0006336885641735302,0,0.2726674265324673,3
A00632,12,6,6,7.0,12561000.0,1794428.5714285714,6.0,0.0,6.0,14115000.0,6.0,0.0,0.010008340283569641,0.0008078028287179743,0,0.42962799479991143,3
A00693,7,3,4,4.0,3347000.0,836750.0,4.0,0.0,3.0,3359000.0,3.0,0.0,0.005838198498748957,0.00044031008011964265,0,0.1494238007808407,0
A00327,7,4,3,3.0,2127000.0,709000.0,3.0,0.0,4.0,9774000.0,4.0,0.0,0.005838198498748957,0.0006577861347836706,0,0.1954415065287045,1
A01190,19,9,10,10.0,29415000.0,2941500.0,10.0,0.0,9.0,6922000.0,9.0,0.0,0.0158465387823186,0.0013619679649223171,0,0.14012305827240057,0
A00097,16,8,8,8.0,8319000.0,1039875.0,8.0,0.0,8.0,8836000.0,8.0,0.0,0.013344453711426188,0.001198832195416833,0,0.44483866867590016,1
A00959,12,3,9,9.0,35787000.0,3976333.3333333335,9.0,0.0,3.0,13919000.0,3.0,0.0,0.010008340283569641,0.0003003619563962715,0,0.5866790157782225,0
A00587,11,6,5,5.0,15932000.0,3186400.0,5.0,0.0,6.0,6737000.0,6.0,0.0,0.009174311926605505,0.0010298416506987454,0,0.00949780981139991,3
A01108,13,4,9,9.0,16755000.0,1861666.6666666667,9.0,0.0,4.0,11903000.0,4.0,0.0,0.010842368640533777,0.0008356039364910894,0,0.4139594048627977,5
A00396,11,4,7,7.0,14225000.0,2032142.857142857,7.0,0.0,4.0,5875000.0,4.0,0.0,0.009174311926605505,0.0005997038736020448,0,0.4075469017429229,4
A00512,9,6,3,3.0,9820000.0,3273333.3333333335,3.0,0.0,6.0,9967000.0,6.0,0.0,0.007506255212677231,0.0006479701063043965,0,0.1258158238438373,3
A00021,10,6,4,4.0,7651000.0,1912750.0,4.0,0.0,6.0,11158000.0,6.0,0.0,0.008340283569641367,0.0008399185125712339,0,0.23881970005091252,4
A00444,12,4,8,9.0,52508000.0,5834222.222222222,8.0,0.0,4.0,27457000.0,4.0,0.0,0.010008340283569641,0.0004860719416999084,0,0.3945189858189829,3
A00379,9,5,4,4.0,4898000.0,1224500.0,4.0,0.0,5.0,6807000.0,5.0,0.0,0.007506255212677231,0.0008213348308962111,0,0.19319604078857464,1
A00014,8,4,4,4.0,6066000.0,1516500.0,4.0,0.0,4.0,10283000.0,4.0,0.0,0.006672226855713094,0.000524571169079761,0,0.19869715155440917,4
A00114,9,4,5,5.0,26938000.0,5387600.0,5.0,1.0,4.0,3491000.0,4.0,0.2,0.007506255212677231,0.0005743490379567343,1,0.838841547232039,3
A00868,6,2,4,4.0,7031000.0,1757750.0,4.0,0.0,2.0,6481000.0,2.0,0.0,0.0050041701417848205,0.0005708515621272249,0,0.3453789550571984,5
A01163,10,7,3,3.0,4862000.0,1620666.6666666667,3.0,0.0,7.0,17138000.0,7.0,0.0,0.008340283569641367,0.0011885181084986002,0,0.01600531130886549,0
A00467,12,6,6,6.0,24141000.0,4023500.0,6.0,0.0,6.0,8013000.0,6.0,0.0,0.010008340283569641,0.0006875996763269779,0,0.20389292051095256,0
A00258,7,1,6,6.0,12242000.0,2040333.3333333333,6.0,0.0,1.0,1272000.0,1.0,0.0,0.005838198498748957,0.00016920167652011278,0,0.34543756061893216,0
A00676,18,3,15,15.0,24626000.0,1641733.3333333333,15.0,0.0,3.0,7447000.0,3.0,0.0,0.015012510425354461,0.0004485827041288623,0,0.07409132388136422,3
A01178,12,7,5,5.0,14864000.0,2972800.0,5.0,0.0,7.0,8326000.0,7.0,0.0,0.010008340283569641,0.0017350835583117554,0,0.016951246066571148,1
A01114,11,2,9,9.0,14427000.0,1603000.0,9.0,0.0,2.0,511000.0,2.0,0.0,0.009174311926605505,0.0004563789239008801,0,0.27093435612327643,2
A00218,8,2,6,6.0,28533000.0,4755500.0,6.0,1.0,2.0,1783000.0,2.0,0.16666666666666666,0.006672226855713094,0.00027325829406619324,1,0.9566051213943255,0
A00803,14,7,7,7.0,24290000.0,3470000.0,7.0,0.0,8.0,39370000.0,7.0,0.0,0.011676396997497914,0.0008606203667811006,0,0.26606273654204105,4
A01135,10,4,6,6.0,11175000.0,1862500.0,6.0,0.0,4.0,14404000.0,4.0,0.0,0.008340283569641367,0.0007207711955152464,0,0.5323005010604407,2
A01038,9,4,5,5.0,12690000.0,2538000.0,5.0,0.0,4.0,13317000.0,4.0,0.0,0.007506255212677231,0.000746246372345562,0,0.404696889779093,1
A00948,6,2,4,4.0,8060000.0,2015000.0,4.0,0.0,2.0,6968000.0,2.0,0.0,0.0050041701417848205,0.00032513395266640694,0,0.5291881298159796,0
A00403,11,4,7,7.0,14703000.0,2100428.5714285714,7.0,0.0,4.0,5612000.0,4.0,0.0,0.009174311926605505,0.0005106933199960662,0,0.35867417111978395,2
A00798,10,5,5,5.0,7114000.0,1422800.0,5.0,0.0,5.0,12965000.0,5.0,0.0,0.008340283569641367,0.0007842774513904273,0,0.5413869028286339,0
A00845,7,4,3,3.0,7965000.0,2655000.0,3.0,0.0,4.0,8558000.0,4.0,0.0,0.005838198498748957,0.0005316540320951722,0,0.19803290590194728,0
A01159,7,2,5,5.0,3714000.0,742800.0,5.0,0.0,2.0,2338000.0,2.0,0.0,0.005838198498748957,0.0003151117360581278,0,0.07892862998962415,1
A00209,7,4,3,3.0,14025000.0,4675000.0,3.0,0.0,4.0,12482000.0,4.0,0.0,0.005838198498748957,0.0006098162104513187,0,0.17993503376062883,1
A00141,5,3,2,2.0,6996000.0,3498000.0,2.0,0.0,3.0,9270000.0,3.0,0.0,0.004170141784820684,0.0006128421970770174,0,0.1586912003971106,0
A01081,11,6,5,5.0,5909000.0,1181800.0,5.0,0.0,6.0,8900000.0,6.0,0.0,0.009174311926605505,0.0009795488579404205,0,0.02511577115897625,0
A00678,10,4,6,6.0,17423000.0,2903833.3333333335,6.0,0.0,4.0,2200000.0,4.0,0.0,0.008340283569641367,0.0009013512596323069,0,0.18991581539183053,0
A00502,8,4,4,4.0,5604000.0,1401000.0,4.0,0.0,4.0,7278000.0,4.0,0.0,0.006672226855713094,0.0006640870913930805,0,0.19779669223366797,2
A00898,11,4,7,7.0,13844000.0,1977714.2857142857,7.0,0.0,4.0,11739000.0,4.0,0.0,0.009174311926605505,0.00043788706427870213,0,0.3935568076093705,0
A00445,14,7,7,7.0,12995000.0,1856428.5714285714,7.0,0.0,7.0,7605000.0,7.0,0.0,0.011676396997497914,0.0011384867566852017,0,0.38204713898086906,4
A01006,13,6,7,7.0,10047000.0,1435285.7142857143,7.0,0.0,6.0,12231000.0,6.0,0.0,0.010842368640533777,0.0005820336530907373,0,0.4175008267126457,0
A01111,5,3,2,2.0,10475000.0,5237500.0,2.0,0.0,3.0,2472000.0,3.0,0.0,0.004170141784820684,0.00045806896846886994,0,0.09468410659804921,2
A00227,13,5,8,9.0,14986000.0,1665111.111111111,8.0,0.0,5.0,7439000.0,5.0,0.0,0.010842368640533777,0.0008678713674639603,0,0.24616293862982142,4
A01137,9,3,6,7.0,7888000.0,1126857.142857143,6.0,0.0,3.0,8901000.0,3.0,0.0,0.007506255212677231,0.000655955268782676,0,0.37822465146069834,3
A00851,10,6,4,4.0,3186000.0,796500.0,4.0,0.0,6.0,8572000.0,6.0,0.0,0.008340283569641367,0.0006752385931623069,0,0.08077520618225728,0
A01112,10,5,5,5.0,14264000.0,2852800.0,5.0,0.0,5.0,20560000.0,5.0,0.0,0.008340283569641367,0.0005660339741585947,0,0.32822911707562924,1
A00091,15,11,4,4.0,4737000.0,1184250.0,4.0,0.0,11.0,27503000.0,11.0,0.0,0.012510425354462052,0.001697091841789969,0,0.002457142857142857,3
A00979,15,8,7,7.0,13672000.0,1953142.857142857,7.0,0.0,8.0,15893000.0,8.0,0.0,0.012510425354462052,0.0011563365523209017,0,0.35087215420656154,1
A00847,13,6,7,7.0,16213000.0,2316142.8571428573,7.0,0.0,6.0,16928000.0,6.0,0.0,0.010842368640533777,0.0007704483339515454,0,0.5265265319080876,0
A00131,11,4,7,7.0,24845000.0,3549285.714285714,7.0,0.0,4.0,4708000.0,4.0,0.0,0.009174311926605505,0.0005998631723946293,0,0.24557150163834668,4
A00130,8,5,3,3.0,6075000.0,2025000.0,3.0,0.0,5.0,6852000.0,5.0,0.0,0.006672226855713094,0.0006143261334088786,0,0.1952517781177703,2
A01047,11,5,6,6.0,13846000.0,2307666.6666666665,6.0,0.0,6.0,8296000.0,5.0,0.0,0.009174311926605505,0.0005862631695936176,0,0.3075358546263669,1
A00769,13,8,5,5.0,14478000.0,2895600.0,5.0,0.0,8.0,15967000.0,8.0,0.0,0.010842368640533777,0.001110966666393316,0,0.0156864680294531,0
A00758,10,4,6,6.0,9093000.0,1515500.0,6.0,0.0,4.0,6155000.0,4.0,0.0,0.008340283569641367,0.0008806463320642675,0,0.4149170691122116,1
A01005,11,6,5,5.0,7726000.0,1545200.0,5.0,0.0,6.0,6356000.0,6.0,0.0,0.009174311926605505,0.0008960551666846578,0,0.05716437355857406,0
A01185,18,8,10,10.0,9882000.0,988200.0,10.0,0.0,8.0,16659000.0,8.0,0.0,0.015012510425354461,0.0008417039463807022,0,0.14678923456012283,3
A00535,10,1,9,9.0,14745000.0,1638333.3333333333,9.0,0.0,1.0,493000.0,1.0,0.0,0.008340283569641367,0.00036151547417178384,0,0.2950659466247356,4
A00373,8,2,6,6.0,22301000.0,3716833.3333333335,6.0,1.0,2.0,1335000.0,2.0,0.16666666666666666,0.006672226855713094,0.0004709304335958833,1,0.9313071444019786,1
A00617,10,6,4,4.0,9932000.0,2483000.0,4.0,0.0,6.0,9430000.0,6.0,0.0,0.008340283569641367,0.0007778378655343597,0,0.4035039082740017,1
A01158,9,4,5,5.0,4712000.0,942400.0,5.0,0.0,4.0,3085000.0,4.0,0.0,0.007506255212677231,0.0004905045710184208,0,0.16016600353074395,5
A00465,7,4,3,3.0,6116000.0,2038666.6666666667,3.0,0.0,4.0,8300000.0,4.0,0.0,0.005838198498748957,0.0008197508370704628,0,0.19010865182771078,2
A00078,12,7,5,5.0,8897000.0,1779400.0,5.0,0.0,7.0,9496000.0,7.0,0.0,0.010008340283569641,0.0006292825477270248,0,0.11300137415976186,1
A00955,11,2,9,9.0,15135000.0,1681666.6666666667,9.0,0.0,2.0,1306000.0,2.0,0.0,0.009174311926605505,0.0002674152025774266,0,0.22808318442360961,3
A01167,7,3,4,4.0,4283000.0,1070750.0,4.0,0.0,3.0,2690000.0,3.0,0.0,0.005838198498748957,0.00041054727502269845,0,0.06295191071178297,1
A00794,7,5,2,2.0,3283000.0,1641500.0,2.0,0.0,5.0,13767000.0,5.0,0.0,0.005838198498748957,0.0005128247126510556,0,0.2745914258758432,4
A00582,9,6,3,3.0,6257000.0,2085666.6666666667,3.0,0.0,7.0,6912000.0,6.0,0.0,0.007506255212677231,0.0009109062010473879,0,0.05704030097843516,5
A00756,6,4,2,2.0,1669000.0,834500.0,2.0,0.0,4.0,3637000.0,4.0,0.0,0.0050041701417848205,0.0005311604411427654,0,0.39616951316542665,1
A00324,8,5,3,3.0,7980000.0,2660000.0,3.0,0.0,5.0,8482000.0,5.0,0.0,0.006672226855713094,0.0008394447282781313,0,0.08681884870780773,5
A00942,9,6,3,3.0,14496000.0,4832000.0,3.0,0.0,6.0,57915000.0,6.0,0.0,0.007506255212677231,0.000593725502193613,0,0.09128515752277065,1
A00427,10,2,8,8.0,9459000.0,1182375.0,8.0,0.0,2.0,2957000.0,2.0,0.0,0.008340283569641367,0.00028405431854989756,0,0.28116134874570564,5
A01121,7,6,1,1.0,664000.0,664000.0,1.0,0.0,6.0,18779000.0,6.0,0.0,0.005838198498748957,0.0010894663936110453,0,0.01897801876247452,1
A00567,9,3,6,6.0,9418000.0,1569666.6666666667,6.0,0.0,3.0,2140000.0,3.0,0.0,0.007506255212677231,0.0004592076286659662,0,0.2551196755597452,1
A00746,11,5,6,6.0,5380000.0,896666.6666666666,6.0,0.0,5.0,7409000.0,5.0,0.0,0.009174311926605505,0.0005731556536436799,0,0.34246551556872634,1
A00068,11,8,3,3.0,9522000.0,3174000.0,3.0,0.0,9.0,15079000.0,8.0,0.0,0.009174311926605505,0.001140993647603648,0,0.014389093597247321,1
A00922,9,4,5,5.0,5111000.0,1022200.0,5.0,0.0,4.0,3067000.0,4.0,0.0,0.007506255212677231,0.0005604321249737187,0,0.20240406258293406,4
A00203,6,3,3,3.0,2995000.0,998333.3333333334,3.0,0.0,3.0,5482000.0,3.0,0.0,0.0050041701417848205,0.000504244250026341,0,0.27474353573776233,2
A00975,12,3,9,9.0,7662000.0,851333.3333333334,9.0,0.0,3.0,35928000.0,3.0,0.0,0.010008340283569641,0.00047347263115359234,0,0.2021675886197151,0
A00507,7,2,5,5.0,3425000.0,685000.0,5.0,0.0,2.0,4558000.0,2.0,0.0,0.005838198498748957,0.0002976275510032511,0,0.21364841564283235,4
A00983,5,5,0,0.0,0.0,0.0,0.0,0.0,5.0,4384000.0,5.0,0.0,0.004170141784820684,0.0008081089886556456,0,0.27432382662159144,2
A00160,17,9,8,8.0,12466000.0,1558250.0,8.0,0.0,9.0,20779000.0,9.0,0.0,0.014178482068390324,0.0012784410560397405,0,0.144799174175614,4
A00861,13,6,7,7.0,9069000.0,1295571.4285714286,7.0,0.0,6.0,29696000.0,6.0,0.0,0.010842368640533777,0.0006133431709083454,0,0.27391506729264103,0
A00009,12,7,5,5.0,8086000.0,1617200.0,5.0,0.0,8.0,31732000.0,7.0,0.0,0.010008340283569641,0.0006186706276376279,0,0.08888336369051025,1
A00314,9,5,4,4.0,8071000.0,2017750.0,4.0,0.0,5.0,6967000.0,5.0,0.0,0.007506255212677231,0.0006957489415959908,0,0.2781601288414341,1
A00921,4,2,2,2.0,5024000.0,2512000.0,2.0,0.0,2.0,22065000.0,2.0,0.0,0.003336113427856547,0.00039578773621443467,0,0.24958482518361993,5
A00388,7,4,3,3.0,3970000.0,1323333.3333333333,3.0,0.0,5.0,3201000.0,4.0,0.0,0.005838198498748957,0.000422205574141348,0,0.2133255984707011,4
A00661,10,5,5,5.0,12707000.0,2541400.0,5.0,0.0,5.0,2780000.0,5.0,0.0,0.008340283569641367,0.0008659481524257652,0,0.07892661074855717,0
A00985,6,3,3,3.0,7499000.0,2499666.6666666665,3.0,1.0,3.0,9664000.0,3.0,0.3333333333333333,0.0050041701417848205,0.00036152706669896097,1,0.8294470010914828,2
A00772,14,7,7,7.0,13923000.0,1989000.0,7.0,0.0,7.0,14411000.0,7.0,0.0,0.011676396997497914,0.0008538109759531462,0,0.5063154187110854,0
A00175,8,6,2,2.0,3271000.0,1635500.0,2.0,0.0,7.0,13161000.0,6.0,0.0,0.006672226855713094,0.000766325956984972,0,0.178586665209941,3
A00549,3,2,1,1.0,2207000.0,2207000.0,1.0,0.0,2.0,1858000.0,2.0,0.0,0.0025020850708924102,0.0003528871980195965,0,0.2336660198827471,4
A00697,5,2,3,3.0,3073000.0,1024333.3333333334,3.0,0.0,2.0,10435000.0,2.0,0.0,0.004170141784820684,0.0003298060169989568,0,0.19974850542454414,3
A00917,13,8,5,5.0,14978000.0,2995600.0,5.0,0.0,8.0,10685000.0,8.0,0.0,0.010842368640533777,0.0008672858605480925,0,0.04907056676618258,4
A00586,5,3,2,2.0,1700000.0,850000.0,2.0,0.0,3.0,1834000.0,3.0,0.0,0.004170141784820684,0.000560522613455193,0,0.11851766743482252,0
A00885,6,2,4,4.0,7121000.0,1780250.0,4.0,1.0,2.0,4795000.0,2.0,0.25,0.0050041701417848205,0.00031247089205423747,1,0.826511965406132,4
A00414,9,4,5,5.0,7538000.0,1507600.0,5.0,0.0,4.0,6100000.0,4.0,0.0,0.007506255212677231,0.0006836278528380692,0,0.28230151073896415,0
A01001,9,4,5,5.0,5798000.0,1159600.0,5.0,0.0,4.0,7605000.0,4.0,0.0,0.007506255212677231,0.0006850852779970072,0,0.20300376138766663,0
A00169,11,3,8,8.0,22734000.0,2841750.0,8.0,0.0,3.0,5077000.0,3.0,0.0,0.009174311926605505,0.00048393825745408426,0,0.28147246500817036,1
A00628,8,1,7,7.0,34603000.0,4943285.714285715,7.0,0.0,1.0,2621000.0,1.0,0.0,0.006672226855713094,0.0001771531717832188,0,0.5223224651045271,1
A00332,8,3,5,5.0,16287000.0,3257400.0,5.0,0.0,3.0,7550000.0,3.0,0.0,0.006672226855713094,0.0004997722036878312,0,0.20404722821351073,1
A00256,8,4,4,4.0,10551000.0,2637750.0,4.0,1.0,4.0,11603000.0,4.0,0.25,0.006672226855713094,0.0007920255520458556,1,0.7979472140926986,0
A00369,14,9,5,5.0,22181000.0,4436200.0,5.0,0.0,9.0,24993000.0,9.0,0.0,0.011676396997497914,0.0013917008614519701,0,0.036023069569170944,1
A00837,10,6,4,4.0,6070000.0,1517500.0,4.0,0.0,6.0,17943000.0,6.0,0.0,0.008340283569641367,0.0007392733353047649,0,0.1500880816184381,2
A00957,8,3,5,5.0,6879000.0,1375800.0,5.0,0.0,3.0,13125000.0,3.0,0.0,0.006672226855713094,0.0004243653580833182,0,0.20910258195522452,1
A00279,5,3,2,2.0,6546000.0,3273000.0,2.0,0.0,3.0,15480000.0,3.0,0.0,0.004170141784820684,0.00045390604859161284,0,0.17295807986639675,1
A00118,11,3,8,9.0,27315000.0,3035000.0,8.0,0.0,3.0,7520000.0,3.0,0.0,0.009174311926605505,0.0004083740323738645,0,0.554520505540742,0
A00583,7,6,1,1.0,988000.0,988000.0,1.0,0.0,6.0,11901000.0,6.0,0.0,0.005838198498748957,0.0006652572951682792,0,0.11725195830464424,0
A00551,8,5,3,3.0,12146000.0,4048666.6666666665,3.0,0.0,5.0,14297000.0,5.0,0.0,0.006672226855713094,0.0008528963370619923,0,0.08248141296485967,2
A01145,7,3,4,4.0,15871000.0,3967750.0,4.0,0.0,3.0,8115000.0,3.0,0.0,0.005838198498748957,0.000469323969579059,0,0.20175205023636908,2
A00423,11,4,7,7.0,9188000.0,1312571.4285714286,7.0,1.0,4.0,4670000.0,4.0,0.14285714285714285,0.009174311926605505,0.0008215201752797567,1,0.7298859660452686,2
A00268,7,4,3,3.0,5951000.0,1983666.6666666667,3.0,0.0,4.0,3999000.0,4.0,0.0,0.005838198498748957,0.0007348997803395767,0,0.19539054456871432,1
A00973,11,6,5,5.0,16456000.0,3291200.0,5.0,0.0,6.0,8866000.0,6.0,0.0,0.009174311926605505,0.0007439660492784704,0,0.06197521496558894,3
A00308,7,6,1,1.0,215000.0,215000.0,1.0,0.0,6.0,24248000.0,6.0,0.0,0.005838198498748957,0.0008828183463512196,0,0.04005197625351354,4
A01059,11,3,8,8.0,17132000.0,2141500.0,8.0,0.0,3.0,10535000.0,3.0,0.0,0.009174311926605505,0.0009449607052169378,0,0.35901063005369543,3
A01131,6,5,1,1.0,854000.0,854000.0,1.0,0.0,5.0,9502000.0,5.0,0.0,0.0050041701417848205,0.0005114348551323021,0,0.1887953290930479,1
A00027,10,3,7,7.0,14533000.0,2076142.857142857,7.0,0.0,3.0,12901000.0,3.0,0.0,0.008340283569641367,0.0003416763466496162,0,0.4271765039424464,1
A00800,8,6,2,2.0,1180000.0,590000.0,2.0,0.0,6.0,17609000.0,6.0,0.0,0.006672226855713094,0.0010243252319585973,0,0.015644685429141186,1
A00827,10,4,6,6.0,10456000.0,1742666.6666666667,6.0,1.0,4.0,5999000.0,4.0,0.16666666666666666,0.008340283569641367,0.0006886040413568193,1,0.6940052030616645,3
A00833,7,2,5,5.0,9876000.0,1975200.0,5.0,0.0,2.0,4210000.0,2.0,0.0,0.005838198498748957,0.00034765362752310375,0,0.32786661030665887,3
A00140,9,5,4,4.0,5569000.0,1392250.0,4.0,0.0,5.0,9426000.0,5.0,0.0,0.007506255212677231,0.00045174005869962064,0,0.1868639012454567,1
A00531,6,3,3,3.0,2811000.0,937000.0,3.0,0.0,3.0,1752000.0,3.0,0.0,0.0050041701417848205,0.0005636678668771401,0,0.08726260711846469,1
A00585,8,5,3,3.0,1505000.0,501666.6666666667,3.0,0.0,5.0,5824000.0,5.0,0.0,0.006672226855713094,0.0007994141223551138,0,0.31812131703723595,1
A00452,9,6,3,3.0,2838000.0,946000.0,3.0,0.0,6.0,6022000.0,6.0,0.0,0.007506255212677231,0.0007798536547774041,0,0.2635105212291414,0
A01149,10,6,4,4.0,1830000.0,457500.0,4.0,0.0,6.0,9645000.0,6.0,0.0,0.008340283569641367,0.0008361561451412064,0,0.053668584976520904,3
A00835,7,4,3,3.0,3238000.0,1079333.3333333333,3.0,0.0,4.0,9053000.0,4.0,0.0,0.005838198498748957,0.0006351990976260069,0,0.20491900623739376,1
A00775,6,3,3,3.0,1594000.0,531333.3333333334,3.0,0.0,3.0,3939000.0,3.0,0.0,0.0050041701417848205,0.0003737160880275401,0,0.22349349949590072,5
A00428,10,8,2,2.0,639000.0,319500.0,2.0,0.0,8.0,14720000.0,8.0,0.0,0.008340283569641367,0.0009558912577980659,0,0.024443418372610975,2
A00685,11,9,2,3.0,3344000.0,1114666.6666666667,2.0,0.0,9.0,23255000.0,9.0,0.0,0.009174311926605505,0.001109447006769397,0,0.009318969926432765,1
A00171,13,9,4,4.0,3550000.0,887500.0,4.0,0.0,9.0,24874000.0,9.0,0.0,0.010842368640533777,0.0008179683045596683,0,0.05530844003240218,0
A00224,8,3,5,5.0,8126000.0,1625200.0,5.0,0.0,3.0,2224000.0,3.0,0.0,0.006672226855713094,0.0003131300760997749,0,0.09651933983050846,1
A00560,7,4,3,3.0,4246000.0,1415333.3333333333,3.0,0.0,4.0,6813000.0,4.0,0.0,0.005838198498748957,0.0005015689808211656,0,0.1643144294774295,5
A00041,8,3,5,5.0,13092000.0,2618400.0,5.0,0.0,3.0,2490000.0,3.0,0.0,0.006672226855713094,0.00038755449890799925,0,0.1651958695436193,0
A00736,5,2,3,3.0,8651000.0,2883666.6666666665,3.0,0.0,2.0,2361000.0,2.0,0.0,0.004170141784820684,0.0005453579984480508,0,0.09529299346629386,3
A00556,11,6,5,5.0,5498000.0,1099600.0,5.0,0.0,6.0,25375000.0,6.0,0.0,0.009174311926605505,0.0006921656203640776,0,0.0786988341946418,2
A01073,1,0,1,1.0,382000.0,382000.0,1.0,0.0,0.0,0.0,0.0,0.0,0.0008340283569641367,0.0001258042288625908,0,0.12215112053027162,2
A01160,6,3,3,3.0,1868000.0,622666.6666666666,3.0,0.0,3.0,3490000.0,3.0,0.0,0.0050041701417848205,0.0007151605428513766,0,0.20431989715568252,1
A00372,12,5,7,7.0,5493000.0,784714.2857142857,7.0,0.0,5.0,11858000.0,5.0,0.0,0.010008340283569641,0.0008673551302641065,0,0.250516455400826,3
A01086,1,0,1,1.0,701000.0,701000.0,1.0,0.0,0.0,0.0,0.0,0.0,0.0008340283569641367,0.0001258042288625908,0,0.09838133173321015,5
