Customer_ID,Age,Tenure_Months,Monthly_Income,Product_Count,Monthly_Transactions,Digital_Engagement,Complaint_Count,Credit_Utilization,Late_Payment_Count,Segment,Observation_Months,Churn_Event,Churn_Label
C00001,25,94,26291033,1,18,15,1,0.5393792166748731,2,Mass,45.3,0,Active/Censored
C00002,55,82,33851961,2,23,87,1,0.7988014139869907,1,Mass,60.0,0,Active/Censored
C00003,50,112,27047010,2,21,98,1,0.8468062969519358,1,Mass,37.3,0,Active/Censored
C00004,40,116,25387455,4,20,54,1,0.1422732980398278,0,Mass,60.0,0,Active/Censored
C00005,40,86,20824887,2,9,25,4,0.8311970455169035,1,Mass,19.1,0,Active/Censored
C00006,59,46,12814770,4,24,23,5,0.6056148345946848,1,Affluent,33.4,0,Active/Censored
C00007,24,73,14107584,1,24,34,0,0.07905069692239705,1,Mass,35.1,0,Active/Censored
C00008,52,53,30844300,2,13,72,2,0.14763713231335723,0,Mass,11.6,0,Active/Censored
C00009,30,77,6513235,4,17,18,2,0.09098079234231943,1,Mass,24.7,0,Active/Censored
C00010,25,98,7041312,1,15,68,1,0.9037027153268977,1,Mass,41.7,0,Active/Censored
C00011,44,46,18279972,2,17,83,1,0.43386611240001605,0,Mass,51.0,0,Active/Censored
C00012,64,62,31879042,4,16,23,1,0.6940540677720658,0,Affluent,22.8,0,Active/Censored
C00013,54,8,27653270,3,11,99,2,0.051545607213120015,0,Mass,60.0,0,Active/Censored
C00014,55,89,25239467,4,18,99,2,0.7638547699179864,2,Priority,60.0,0,Active/Censored
C00015,53,60,23228762,3,19,37,0,0.4838318485819847,0,Mass,60.0,0,Active/Censored
C00016,56,57,7987011,4,14,20,1,0.8812424027864106,1,Mass,30.4,0,Active/Censored
C00017,44,65,15944612,4,7,39,1,0.5188077421296713,0,Mass,60.0,0,Active/Censored
C00018,26,28,6862200,4,19,33,1,0.7599201343016446,1,Mass,50.3,0,Active/Censored
C00019,58,73,31293680,1,24,35,0,0.6165200222242848,1,Mass,4.6,0,Active/Censored
C00020,41,90,31030107,3,17,94,1,0.518484625375656,1,Mass,3.5,0,Active/Censored
C00021,43,44,13291410,1,17,24,1,0.9034197699816514,0,Affluent,21.0,0,Active/Censored
C00022,37,18,14545692,1,24,38,1,0.49603929991283713,0,Affluent,60.0,1,Churned
C00023,29,48,15428371,2,14,81,4,0.8531495284767591,2,Mass,60.0,0,Active/Censored
C00024,62,26,36014866,3,9,15,1,0.08246986712138207,1,Priority,51.8,0,Active/Censored
C00025,56,47,21586950,2,18,15,1,0.6416769607242063,0,Affluent,60.0,0,Active/Censored
C00026,49,76,31434628,4,16,37,1,0.8704954213107308,0,Mass,60.0,0,Active/Censored
C00027,39,16,20157783,2,23,98,1,0.8593477965376465,1,Mass,1.8,0,Active/Censored
C00028,58,91,29134848,3,11,86,1,0.48654826745481533,0,Mass,22.7,0,Active/Censored
C00029,45,29,23019755,4,22,94,2,0.4748874493727123,2,Affluent,3.0,0,Active/Censored
C00030,40,108,14029817,4,14,88,3,0.7794620911609156,1,Mass,56.1,0,Active/Censored
C00031,41,89,35546773,1,21,20,1,0.3515142965955834,1,Mass,6.9,0,Active/Censored
C00032,31,35,29522002,3,12,46,2,0.89344528264089,2,Mass,60.0,0,Active/Censored
C00033,25,69,31696170,1,16,58,0,0.27561570849883343,0,Mass,8.6,0,Active/Censored
C00034,45,16,38133316,3,18,25,1,0.11695804458180775,0,Mass,58.5,0,Active/Censored
C00035,60,14,12955731,2,13,100,2,0.7447315573515706,4,Mass,3.9,0,Active/Censored
C00036,23,115,7296154,4,14,64,1,0.41425182996102455,2,Priority,23.8,0,Active/Censored
C00037,59,97,24961794,4,23,87,0,0.37019963170700604,1,Mass,31.4,0,Active/Censored
C00038,58,21,15741855,4,12,33,2,0.3388189593016273,0,Mass,36.2,0,Active/Censored
C00039,33,36,19687985,4,19,75,2,0.932398010767435,0,Mass,10.4,0,Active/Censored
C00040,49,26,12448201,2,16,19,1,0.5645089877658942,0,Mass,20.8,1,Churned
C00041,28,49,18344865,3,28,12,0,0.9427229983389118,1,Affluent,27.2,0,Active/Censored
C00042,55,37,18157004,1,22,68,2,0.3592228895091225,0,Priority,49.8,0,Active/Censored
C00043,52,41,16620012,3,16,16,1,0.42257231479427965,2,Affluent,21.9,0,Active/Censored
C00044,36,65,30723975,1,16,35,1,0.24058642829780108,0,Mass,50.4,0,Active/Censored
C00045,24,25,25335487,3,16,82,0,0.43732770470555316,0,Affluent,58.6,0,Active/Censored
C00046,64,107,21072732,4,12,55,2,0.10580480861325392,1,Affluent,39.2,0,Active/Censored
C00047,41,88,8057760,3,20,44,1,0.05050206673968837,1,Mass,60.0,1,Churned
C00048,61,92,24546301,4,15,36,2,0.4577661284948181,1,Priority,60.0,0,Active/Censored
C00049,51,22,10300758,1,15,70,2,0.7214215321335414,1,Affluent,60.0,0,Active/Censored
C00050,56,86,15309575,4,14,96,1,0.4433586498158486,0,Affluent,58.9,0,Active/Censored
C00051,55,101,18936625,3,17,77,0,0.516204859247078,2,Mass,23.6,0,Active/Censored
C00052,29,23,9086413,3,13,42,0,0.4510543060089695,1,Mass,54.6,0,Active/Censored
C00053,37,91,18021623,4,20,48,0,0.5241238519291626,1,Affluent,46.5,0,Active/Censored
C00054,42,45,13609611,3,20,19,1,0.7480436429747094,0,Mass,52.1,0,Active/Censored
C00055,43,95,34591462,2,16,23,1,0.7734076615566008,0,Priority,43.3,0,Active/Censored
C00056,22,59,34948490,3,21,34,0,0.8042522393412235,0,Mass,59.1,0,Active/Censored
C00057,45,97,4164446,3,21,45,1,0.24118691726265473,1,Mass,10.9,0,Active/Censored
C00058,27,20,25687010,4,15,100,1,0.4620600107095252,0,Affluent,60.0,0,Active/Censored
C00059,54,48,27059837,2,11,89,1,0.7979051265832142,1,Mass,60.0,0,Active/Censored
C00060,51,35,17607592,3,8,20,1,0.8976911178895656,0,Mass,47.7,0,Active/Censored
C00061,62,32,20888398,3,26,40,1,0.5386850441637027,1,Affluent,18.9,1,Churned
C00062,54,39,32436615,1,19,15,0,0.4936999802015375,2,Affluent,21.0,0,Active/Censored
C00063,37,48,17606647,1,19,15,1,0.7381352940327139,1,Mass,60.0,0,Active/Censored
C00064,64,18,6320467,1,20,44,2,0.9425248822422867,1,Mass,42.6,0,Active/Censored
C00065,39,86,17410268,3,17,97,2,0.4333389785161921,1,Affluent,52.1,0,Active/Censored
C00066,35,67,13140079,2,17,26,0,0.19858971041135015,1,Mass,50.4,0,Active/Censored
C00067,61,100,17778004,4,17,71,1,0.8008761209782509,1,Affluent,60.0,0,Active/Censored
C00068,37,86,12283713,3,16,45,0,0.6893826876319821,1,Affluent,21.0,0,Active/Censored
C00069,24,20,9395421,1,17,59,0,0.1805681947957531,0,Mass,60.0,0,Active/Censored
C00070,42,11,39473124,1,18,89,1,0.3411583670642464,0,Mass,60.0,0,Active/Censored
C00071,56,52,8639211,2,20,85,1,0.5479010530070122,3,Mass,31.3,0,Active/Censored
C00072,29,59,29419548,4,21,85,2,0.7083190042941886,1,Mass,32.0,0,Active/Censored
C00073,41,31,29832760,1,15,47,0,0.7525819251995581,1,Affluent,60.0,1,Churned
C00074,26,95,26240293,1,19,14,1,0.19015823284692257,2,Affluent,50.6,0,Active/Censored
C00075,51,71,36812430,1,12,99,1,0.2450756035104315,1,Priority,51.0,0,Active/Censored
C00076,42,91,4179458,2,18,100,1,0.7197102629825409,0,Mass,9.8,0,Active/Censored
C00077,35,15,14858648,4,17,88,3,0.15450113549667713,0,Affluent,60.0,0,Active/Censored
C00078,31,99,10635160,3,13,53,2,0.4983442150321057,0,Affluent,20.7,0,Active/Censored
C00079,46,27,24769342,2,18,35,2,0.541392938952503,0,Mass,21.7,1,Churned
C00080,51,55,26879486,1,13,25,1,0.3554190924130539,2,Affluent,60.0,0,Active/Censored
C00081,63,54,36324453,2,20,43,1,0.7667025927141932,2,Mass,22.9,0,Active/Censored
C00082,40,99,17669895,3,15,40,1,0.09987422967121135,1,Mass,18.6,0,Active/Censored
C00083,28,35,12492353,2,23,35,2,0.7497000453027169,0,Priority,49.2,0,Active/Censored
C00084,58,31,37274093,3,21,96,1,0.6314294734834897,0,Mass,27.2,0,Active/Censored
C00085,49,43,28227561,4,19,70,1,0.5064958181060581,4,Mass,60.0,1,Churned
C00086,52,45,31530071,1,13,30,0,0.8351354277307416,2,Mass,26.5,0,Active/Censored
C00087,25,24,20019229,2,21,68,3,0.23202179423025165,0,Priority,58.3,0,Active/Censored
C00088,35,23,20105826,1,17,74,1,0.770696631611914,0,Mass,50.7,0,Active/Censored
C00089,55,30,18005679,3,14,57,3,0.21899708668539186,3,Priority,60.0,0,Active/Censored
C00090,58,58,30982539,2,13,96,0,0.9414014875007007,1,Priority,10.2,0,Active/Censored
C00091,40,43,11582157,2,12,97,2,0.07948829290082962,2,Mass,60.0,1,Churned
C00092,57,49,39114555,1,15,49,4,0.5478775332602456,0,Mass,57.8,0,Active/Censored
C00093,58,87,10333311,1,17,52,1,0.2012151327991783,0,Mass,60.0,0,Active/Censored
C00094,38,31,20595309,2,18,29,1,0.41717755982603444,0,Mass,60.0,0,Active/Censored
C00095,61,110,15326082,3,14,81,1,0.18315200315710517,1,Mass,48.3,0,Active/Censored
C00096,33,91,27130931,1,10,94,0,0.22444290661148608,1,Affluent,53.6,0,Active/Censored
C00097,31,23,28504905,1,20,69,0,0.10488245785383937,1,Priority,60.0,0,Active/Censored
C00098,51,40,37071926,2,19,28,1,0.05720319074646585,0,Mass,60.0,0,Active/Censored
C00099,49,24,32411817,3,13,57,0,0.6973752974959994,1,Mass,22.5,0,Active/Censored
C00100,27,35,12952287,2,22,82,0,0.4581144794715535,0,Mass,2.8,0,Active/Censored
C00101,58,46,11439660,2,29,13,1,0.09103296666031002,1,Mass,59.6,0,Active/Censored
C00102,29,18,35916084,1,16,63,1,0.8950728369954843,1,Mass,24.0,1,Churned
C00103,57,4,21563337,3,14,69,0,0.6490491309162791,0,Priority,12.0,0,Active/Censored
C00104,21,54,7511609,4,16,58,0,0.2878458188301446,0,Mass,47.8,0,Active/Censored
C00105,56,85,33698952,4,25,68,1,0.4448256324080887,0,Mass,60.0,0,Active/Censored
C00106,56,38,27344134,3,12,91,0,0.49034001461506965,0,Affluent,7.0,0,Active/Censored
C00107,56,104,4920560,3,13,21,0,0.5629350332937778,0,Mass,32.2,0,Active/Censored
C00108,50,46,32182173,2,21,61,1,0.821705249902606,1,Priority,1.2,1,Churned
C00109,42,109,25865529,1,23,82,0,0.580910254460737,2,Priority,60.0,0,Active/Censored
C00110,52,30,26125823,2,22,84,3,0.9308535341403769,1,Mass,17.0,0,Active/Censored
C00111,33,66,35137745,3,14,52,4,0.7041281803670534,0,Mass,22.8,0,Active/Censored
C00112,56,93,21839252,3,21,100,2,0.9396654784437282,2,Affluent,52.1,0,Active/Censored
C00113,46,9,20605565,4,20,39,0,0.5456742361488325,2,Mass,19.4,0,Active/Censored
C00114,41,112,26224495,4,15,50,1,0.6606042696167805,2,Mass,60.0,0,Active/Censored
C00115,43,46,11120175,1,19,84,2,0.714108714858182,1,Priority,60.0,0,Active/Censored
C00116,46,61,9459893,1,30,49,0,0.7292723311120973,1,Mass,8.1,0,Active/Censored
C00117,22,77,34375993,2,24,41,3,0.07198666550266183,0,Mass,60.0,0,Active/Censored
C00118,27,78,11760545,4,20,60,0,0.16472688866164215,0,Mass,60.0,0,Active/Censored
C00119,32,5,22156397,4,30,66,0,0.2549501474261804,0,Mass,46.8,0,Active/Censored
C00120,26,105,13716376,1,18,98,0,0.29434504178877624,0,Affluent,34.0,0,Active/Censored
C00121,40,76,12296485,1,13,66,1,0.8648313703657903,1,Affluent,60.0,0,Active/Censored
C00122,51,120,25520056,3,11,26,0,0.7003429011251919,0,Affluent,10.5,0,Active/Censored
C00123,50,58,32885039,3,23,14,1,0.17895344948093195,0,Mass,40.6,0,Active/Censored
C00124,42,75,19908438,4,21,98,0,0.4337195297729719,1,Affluent,60.0,0,Active/Censored
C00125,59,55,8994218,4,13,48,1,0.2688093906161743,1,Mass,7.1,0,Active/Censored
C00126,46,107,12801130,1,18,28,2,0.7968772819137286,1,Mass,24.8,0,Active/Censored
C00127,24,101,9924650,1,21,30,2,0.8760172874176,0,Mass,45.2,0,Active/Censored
C00128,55,110,35781135,3,19,19,2,0.19786112313223025,1,Mass,58.5,0,Active/Censored
C00129,46,62,15503077,3,16,28,1,0.4249137037797594,0,Mass,37.4,0,Active/Censored
C00130,49,96,17461186,4,12,81,1,0.9075532867278466,0,Mass,60.0,0,Active/Censored
C00131,46,45,6557336,3,19,69,2,0.6413804984224302,1,Mass,53.7,0,Active/Censored
C00132,45,57,20057141,3,15,64,0,0.8312871815086407,2,Mass,60.0,0,Active/Censored
C00133,25,92,36901284,2,28,11,1,0.3719243579037388,2,Affluent,2.6,0,Active/Censored
C00134,46,12,18749238,1,18,71,0,0.2387321296129128,1,Mass,15.7,0,Active/Censored
C00135,56,86,27444768,4,16,98,0,0.6721733560811307,1,Affluent,60.0,0,Active/Censored
C00136,34,4,10549946,4,16,94,1,0.1736837013897221,0,Mass,28.6,0,Active/Censored
C00137,48,71,9145839,1,17,45,2,0.8059117070536342,2,Mass,7.5,1,Churned
C00138,22,59,30338572,3,21,64,1,0.7293534411698704,2,Mass,60.0,0,Active/Censored
C00139,36,58,6366490,2,20,37,0,0.324415971524123,1,Mass,56.5,0,Active/Censored
C00140,40,61,20144497,2,25,90,1,0.49884036774707136,2,Mass,60.0,0,Active/Censored
C00141,65,61,15401349,4,17,93,2,0.7692745096574374,2,Mass,6.0,0,Active/Censored
C00142,30,51,4585255,4,18,30,2,0.891419287795183,0,Mass,60.0,0,Active/Censored
C00143,33,56,23123426,1,27,54,2,0.3669444462985048,2,Mass,51.3,0,Active/Censored
C00144,39,70,38704493,2,18,31,1,0.760992636546738,0,Mass,54.2,0,Active/Censored
C00145,65,93,6489335,4,20,65,0,0.225020372984855,0,Affluent,60.0,0,Active/Censored
C00146,59,68,33367490,4,16,36,0,0.8631861252679076,0,Mass,2.7,0,Active/Censored
C00147,22,78,23410440,1,14,73,3,0.6676250091799608,0,Priority,3.4,0,Active/Censored
C00148,31,101,30048136,4,21,99,1,0.1874653880631334,1,Mass,60.0,0,Active/Censored
C00149,57,119,7475764,2,14,89,1,0.7158460294489377,4,Mass,60.0,0,Active/Censored
C00150,23,15,35287307,3,24,26,0,0.7016519041414526,1,Mass,9.6,0,Active/Censored
C00151,59,87,4410998,1,17,21,2,0.7180677112253795,0,Affluent,39.3,0,Active/Censored
C00152,33,29,36645061,3,24,84,4,0.3603896756822127,2,Mass,60.0,0,Active/Censored
C00153,62,26,27681041,3,21,17,0,0.7158202249341522,0,Priority,31.1,1,Churned
C00154,34,96,16149629,3,24,46,0,0.7939130511290514,0,Affluent,60.0,0,Active/Censored
C00155,40,11,4255667,4,14,100,1,0.362416018586974,1,Mass,60.0,0,Active/Censored
C00156,50,103,25994512,4,20,50,2,0.23716189992293935,0,Mass,4.4,1,Churned
C00157,26,93,7147652,4,12,10,2,0.8490919293436269,1,Mass,59.3,0,Active/Censored
C00158,46,120,25917081,3,21,98,2,0.6086246584830516,0,Mass,60.0,0,Active/Censored
C00159,43,81,31833235,4,13,74,0,0.46434845214045467,0,Priority,27.7,0,Active/Censored
C00160,56,106,13622788,3,22,40,2,0.8417695153459882,2,Affluent,9.9,0,Active/Censored
C00161,65,16,12594008,3,14,65,1,0.17240507922033294,1,Mass,15.6,1,Churned
C00162,50,108,11990281,3,18,65,0,0.7795261452748776,1,Mass,55.1,0,Active/Censored
C00163,39,21,12094187,4,14,60,1,0.491739148294973,2,Mass,60.0,0,Active/Censored
C00164,39,40,8100661,1,14,97,1,0.08827183536622821,0,Affluent,9.2,0,Active/Censored
C00165,39,18,12989265,3,21,81,2,0.925351417110684,1,Mass,9.4,0,Active/Censored
C00166,57,50,27735311,2,27,33,2,0.7502600684739581,1,Affluent,41.8,0,Active/Censored
C00167,35,91,14890613,4,13,100,1,0.24328024146911953,0,Mass,60.0,0,Active/Censored
C00168,28,34,32113083,1,14,97,0,0.88132602200114,1,Priority,1.0,0,Active/Censored
C00169,36,100,33494416,3,20,14,1,0.8918110027902021,1,Mass,60.0,1,Churned
C00170,22,74,31394307,1,18,37,3,0.7704190400868662,0,Mass,7.9,1,Churned
C00171,25,77,23423061,4,22,65,0,0.16445338982786759,0,Priority,60.0,0,Active/Censored
C00172,25,113,15385913,4,17,89,1,0.2177431999100356,0,Affluent,60.0,0,Active/Censored
C00173,55,53,37476185,1,12,75,4,0.7286296414138241,1,Mass,33.9,0,Active/Censored
C00174,53,43,11389354,4,17,62,0,0.8724251934166926,0,Affluent,2.2,0,Active/Censored
C00175,52,120,20722326,2,25,37,2,0.24351632410497814,1,Mass,60.0,0,Active/Censored
C00176,41,68,20330110,4,16,18,0,0.46474505170124,0,Mass,24.5,0,Active/Censored
C00177,53,75,30841215,3,15,91,1,0.1893145637142073,2,Mass,15.0,0,Active/Censored
C00178,28,37,23685284,1,19,58,1,0.48020705854762474,2,Mass,60.0,0,Active/Censored
C00179,61,28,32782502,1,22,51,1,0.6282762170312518,0,Affluent,59.8,0,Active/Censored
C00180,43,23,37087136,2,13,99,2,0.06669939956842394,1,Mass,20.6,1,Churned
C00181,63,29,18062507,1,18,24,5,0.6286344725248671,1,Mass,54.1,0,Active/Censored
C00182,27,26,35493633,1,21,33,1,0.6257749349171606,0,Affluent,20.2,0,Active/Censored
C00183,43,91,10108603,4,15,87,2,0.45950763817907253,2,Mass,59.9,0,Active/Censored
C00184,52,9,36978099,4,15,35,1,0.8558620363347917,0,Mass,57.5,0,Active/Censored
C00185,43,77,10407616,2,21,95,1,0.17133711576804908,1,Mass,42.6,0,Active/Censored
C00186,41,115,34609445,1,21,88,2,0.096180647408351,0,Affluent,20.5,0,Active/Censored
C00187,28,93,18048903,1,21,19,2,0.49624804397719025,0,Mass,2.6,0,Active/Censored
C00188,38,50,38724923,4,21,51,1,0.5297310680738986,1,Priority,59.6,0,Active/Censored
C00189,31,10,8651007,2,15,78,1,0.29002026761931654,0,Affluent,60.0,0,Active/Censored
C00190,34,101,20757999,1,23,54,0,0.9154649359883177,0,Affluent,60.0,0,Active/Censored
C00191,51,3,36467690,2,23,29,2,0.2783545159848346,0,Affluent,60.0,0,Active/Censored
C00192,49,83,5709045,2,19,14,1,0.29314564585981506,1,Mass,52.1,1,Churned
C00193,48,82,13540534,3,17,10,2,0.779887809339086,1,Priority,60.0,1,Churned
C00194,37,25,7008233,2,16,26,0,0.8805413082458885,0,Mass,26.3,0,Active/Censored
C00195,64,90,15565851,4,17,33,1,0.5325257714043736,1,Mass,1.4,0,Active/Censored
C00196,24,23,18049941,3,24,37,1,0.06714858825190792,0,Mass,58.9,0,Active/Censored
C00197,36,29,26280063,4,20,87,0,0.36989139430027423,0,Affluent,58.3,0,Active/Censored
C00198,26,98,13276735,2,20,56,0,0.25154584575424316,2,Mass,16.0,0,Active/Censored
C00199,36,118,9712640,3,18,22,0,0.5099162426011898,1,Affluent,60.0,0,Active/Censored
C00200,64,34,10117861,2,19,17,1,0.6643146103419018,1,Priority,22.3,0,Active/Censored
C00201,37,111,37782547,3,16,21,2,0.40319265686721106,0,Mass,58.0,0,Active/Censored
C00202,61,110,38315335,3,19,38,1,0.5336239826533309,1,Mass,60.0,0,Active/Censored
C00203,43,93,11970555,2,13,77,0,0.7338742829710083,0,Mass,60.0,0,Active/Censored
C00204,52,19,11035105,4,21,14,0,0.2715323076258496,0,Mass,60.0,0,Active/Censored
C00205,41,38,5951041,4,18,46,0,0.22637110843738423,2,Affluent,60.0,0,Active/Censored
C00206,32,82,38537653,4,20,50,0,0.7750714521444634,0,Mass,60.0,0,Active/Censored
C00207,55,120,29421421,1,17,23,1,0.08332126145675162,0,Mass,41.6,0,Active/Censored
C00208,64,99,31390198,3,14,15,0,0.18553692533950855,1,Mass,60.0,1,Churned
C00209,32,52,14460660,1,11,30,1,0.061121070916043456,1,Mass,60.0,0,Active/Censored
C00210,56,30,27074044,1,9,23,1,0.549846314110316,0,Mass,60.0,0,Active/Censored
C00211,32,116,6153140,4,13,82,2,0.5900771586266316,0,Mass,24.4,0,Active/Censored
C00212,53,35,28336682,1,19,93,2,0.5279276249325534,3,Affluent,60.0,0,Active/Censored
C00213,56,43,24867645,4,15,66,2,0.4228421263792521,1,Mass,60.0,0,Active/Censored
C00214,41,116,15933075,2,18,79,1,0.5261262110766176,0,Mass,52.9,0,Active/Censored
C00215,54,69,29576898,2,23,79,2,0.22454402136436635,1,Mass,60.0,0,Active/Censored
C00216,33,34,27271373,1,19,89,1,0.7936184523525411,0,Affluent,60.0,0,Active/Censored
C00217,24,3,19803946,3,15,18,3,0.9326957033356482,0,Affluent,24.6,0,Active/Censored
C00218,25,53,10720916,3,11,100,1,0.536560594381449,0,Mass,31.2,0,Active/Censored
C00219,41,119,4848389,2,16,51,2,0.3869199844865504,1,Mass,60.0,0,Active/Censored
C00220,61,54,37757395,4,13,59,0,0.7626044449032541,0,Affluent,60.0,0,Active/Censored
C00221,26,85,14128931,2,14,82,0,0.22376473797577567,0,Affluent,60.0,0,Active/Censored
C00222,41,32,14864560,3,16,54,2,0.33869620948625173,4,Affluent,5.8,0,Active/Censored
C00223,52,94,28518376,2,27,34,1,0.8959825250917937,0,Affluent,39.1,0,Active/Censored
C00224,30,94,13186714,3,20,11,1,0.21766475535614221,1,Mass,60.0,0,Active/Censored
C00225,53,74,17527163,1,18,25,0,0.15090402005292397,1,Mass,41.2,0,Active/Censored
C00226,34,94,29601860,2,24,17,2,0.5417183260800711,1,Affluent,60.0,0,Active/Censored
C00227,57,71,25433530,3,18,44,2,0.5786756030144825,2,Mass,33.8,0,Active/Censored
C00228,47,47,27632153,3,19,80,2,0.587435093609828,2,Mass,60.0,0,Active/Censored
C00229,45,90,4168148,2,20,40,2,0.1980304061368217,1,Affluent,60.0,0,Active/Censored
C00230,28,101,20246761,3,19,64,1,0.69903025455971,0,Priority,17.4,0,Active/Censored
C00231,41,102,21109647,3,13,26,2,0.2680530151394632,2,Mass,58.5,0,Active/Censored
C00232,59,28,26768064,2,15,63,1,0.9032922958522092,0,Affluent,60.0,0,Active/Censored
C00233,21,82,9452501,1,18,96,2,0.2551614596138405,0,Mass,31.4,0,Active/Censored
C00234,55,3,9741750,3,20,38,1,0.06558033119082521,1,Affluent,3.3,0,Active/Censored
C00235,43,70,31447541,4,16,53,3,0.5610606739856745,0,Affluent,60.0,0,Active/Censored
C00236,53,70,28239819,4,15,97,2,0.23256308579604085,0,Affluent,26.2,0,Active/Censored
C00237,50,45,33202566,3,17,65,2,0.6157164428126716,0,Priority,6.5,0,Active/Censored
C00238,40,120,13741985,4,12,46,0,0.25629202451385297,1,Priority,18.3,0,Active/Censored
C00239,34,107,39913713,4,13,21,1,0.43527592777082164,1,Priority,1.1,0,Active/Censored
C00240,49,7,13822095,3,12,95,3,0.21156296070921143,0,Mass,60.0,1,Churned
C00241,27,27,27434645,1,14,65,3,0.4359302213696726,0,Mass,60.0,0,Active/Censored
C00242,47,27,9838477,3,15,15,0,0.17286830485105648,0,Mass,1.7,0,Active/Censored
C00243,25,108,37066101,3,12,60,0,0.3541757519532601,4,Mass,60.0,0,Active/Censored
C00244,50,64,15965576,2,23,98,1,0.22903845513602272,1,Affluent,60.0,0,Active/Censored
C00245,49,89,32889207,4,15,94,2,0.7844916855047974,2,Mass,1.0,0,Active/Censored
C00246,24,98,15925038,4,15,27,1,0.7064186752350594,0,Priority,60.0,0,Active/Censored
C00247,55,93,32470521,2,17,47,1,0.20013745834750413,0,Mass,55.9,0,Active/Censored
C00248,39,13,20350444,2,25,99,0,0.12461409727490992,0,Mass,60.0,0,Active/Censored
C00249,56,19,6249671,1,19,81,0,0.07317014541172617,2,Mass,38.0,0,Active/Censored
C00250,22,49,10855102,1,21,60,1,0.25400461652099665,1,Mass,57.8,0,Active/Censored
C00251,29,42,28603812,2,19,37,2,0.48215962939704005,0,Mass,60.0,0,Active/Censored
C00252,43,91,10948271,2,15,79,0,0.4098948771777804,0,Mass,60.0,0,Active/Censored
C00253,29,21,13911461,2,16,62,0,0.9243491285863031,0,Mass,43.9,0,Active/Censored
C00254,35,46,23502588,1,22,57,2,0.7630210806727571,1,Affluent,60.0,0,Active/Censored
C00255,50,30,13109751,2,16,94,1,0.1203680144730781,0,Mass,60.0,0,Active/Censored
C00256,27,25,8639586,3,11,44,1,0.1930391442799682,0,Affluent,60.0,0,Active/Censored
C00257,51,23,26474725,2,15,66,0,0.07393914668737081,2,Affluent,54.9,0,Active/Censored
C00258,25,26,28800292,3,18,13,1,0.17440372529443085,2,Mass,34.8,0,Active/Censored
C00259,28,69,30389739,2,16,74,1,0.5264754339436613,0,Mass,60.0,0,Active/Censored
C00260,47,51,37982096,3,28,59,0,0.11906423179268825,0,Affluent,42.9,0,Active/Censored
C00261,56,54,8481780,3,17,89,1,0.10388115257911432,0,Affluent,60.0,0,Active/Censored
C00262,28,59,19364642,4,24,40,1,0.15634535386634069,2,Mass,1.0,0,Active/Censored
C00263,34,90,12423839,1,23,94,0,0.6524722805658921,0,Affluent,60.0,0,Active/Censored
C00264,62,104,36439791,4,18,62,1,0.06742231241729886,1,Mass,14.8,0,Active/Censored
C00265,65,65,23432508,2,23,28,1,0.9226634901746562,0,Mass,1.5,0,Active/Censored
C00266,47,78,7539397,1,16,24,1,0.39270763716309726,0,Mass,56.8,0,Active/Censored
C00267,41,90,28917320,3,17,27,0,0.35292862492134836,2,Affluent,14.5,0,Active/Censored
C00268,36,84,5546474,1,12,37,3,0.47733155057107657,1,Mass,30.3,0,Active/Censored
C00269,48,18,13870212,1,24,60,0,0.5160756151549676,0,Mass,19.3,0,Active/Censored
C00270,47,118,29969279,4,17,89,1,0.42801205006745047,2,Mass,60.0,0,Active/Censored
C00271,34,22,22216187,1,24,100,1,0.4876932927328796,0,Mass,60.0,0,Active/Censored
C00272,22,51,31396776,3,23,71,1,0.35576051067435754,1,Mass,5.3,0,Active/Censored
C00273,27,80,24562833,1,16,54,1,0.339806678651089,0,Mass,60.0,0,Active/Censored
C00274,64,50,34350096,1,24,65,2,0.07458373860373495,0,Affluent,60.0,0,Active/Censored
C00275,39,31,24252373,1,18,40,2,0.6546204806693429,0,Affluent,23.0,0,Active/Censored
C00276,42,111,6045436,1,22,32,4,0.6055447816087141,1,Mass,6.6,1,Churned
C00277,42,11,6565417,2,15,58,1,0.651938339634981,0,Mass,60.0,0,Active/Censored
C00278,56,32,31968653,2,12,85,0,0.8969495486584749,0,Mass,16.4,0,Active/Censored
C00279,23,120,5389658,1,19,15,1,0.47577626570192116,1,Affluent,14.0,0,Active/Censored
C00280,24,89,17555394,2,12,20,0,0.8435933908720176,0,Mass,44.7,0,Active/Censored
C00281,33,13,4579734,2,18,26,1,0.4495489221720634,0,Affluent,60.0,0,Active/Censored
C00282,42,92,14920154,3,18,29,2,0.47985262471540546,2,Mass,37.4,0,Active/Censored
C00283,51,117,25424932,4,13,23,0,0.6196572659434006,2,Mass,60.0,0,Active/Censored
C00284,43,14,10228861,3,23,21,3,0.24431125944705684,2,Mass,36.0,0,Active/Censored
C00285,40,51,20779557,4,20,12,0,0.24562051030139298,1,Affluent,5.5,0,Active/Censored
C00286,63,58,39856567,1,23,41,1,0.5088486597976526,2,Mass,44.5,0,Active/Censored
C00287,28,18,6537793,1,17,75,4,0.11174883594826446,3,Mass,18.9,0,Active/Censored
C00288,46,26,6291889,4,16,24,2,0.26299224448159453,0,Mass,60.0,0,Active/Censored
C00289,45,23,13764923,2,12,39,3,0.7640709382228473,0,Priority,60.0,1,Churned
C00290,42,24,33772288,4,17,98,1,0.46736008459361555,0,Mass,60.0,0,Active/Censored
C00291,57,50,27021799,2,15,25,0,0.07395974019420472,3,Affluent,19.1,0,Active/Censored
C00292,33,57,5219335,1,19,99,2,0.10466727652606037,4,Priority,60.0,0,Active/Censored
C00293,63,31,30462895,4,18,56,0,0.8775638407153687,0,Mass,54.7,0,Active/Censored
C00294,35,37,6427331,3,22,75,1,0.9110466035062634,0,Mass,48.6,1,Churned
C00295,45,25,29621816,4,33,39,3,0.6269934540394252,0,Mass,60.0,0,Active/Censored
C00296,44,96,9325095,2,19,39,0,0.21645059768757197,0,Affluent,30.3,0,Active/Censored
C00297,59,27,34903641,1,16,45,1,0.38127758670727063,1,Priority,28.3,0,Active/Censored
C00298,40,110,14660788,3,16,21,0,0.32492035086917387,0,Priority,60.0,0,Active/Censored
C00299,33,66,10616514,1,11,38,1,0.7566406887392938,0,Mass,60.0,0,Active/Censored
C00300,21,97,16121377,3,18,91,0,0.5333807166131886,2,Priority,39.0,0,Active/Censored
C00301,37,78,4029686,2,20,10,1,0.7516908937532272,3,Mass,10.2,0,Active/Censored
C00302,58,34,9944427,4,15,62,0,0.3744595491934997,2,Affluent,40.5,0,Active/Censored
C00303,21,73,25547025,4,25,72,3,0.8325603171290358,1,Mass,4.2,0,Active/Censored
C00304,61,35,14828055,2,11,22,1,0.4362461372565294,0,Mass,23.9,0,Active/Censored
C00305,45,16,16738911,4,24,20,1,0.42563666154311947,4,Affluent,60.0,0,Active/Censored
C00306,27,33,33060263,1,14,60,2,0.49018859422023864,2,Mass,45.5,0,Active/Censored
C00307,34,35,8456343,1,19,29,2,0.582625178333972,0,Priority,15.6,0,Active/Censored
C00308,45,18,18252106,4,20,99,2,0.8547006678423152,0,Mass,60.0,0,Active/Censored
C00309,35,5,10700995,3,20,27,0,0.46197999031764836,1,Affluent,4.2,0,Active/Censored
C00310,25,114,21382520,2,18,21,2,0.8871226134925836,1,Mass,5.4,0,Active/Censored
C00311,50,63,15942975,1,17,40,2,0.4043015018301921,3,Mass,46.3,0,Active/Censored
C00312,51,50,5664248,2,19,40,0,0.34211542508754417,2,Mass,53.4,0,Active/Censored
C00313,26,112,6528401,3,16,24,2,0.3155410465869085,0,Affluent,60.0,0,Active/Censored
C00314,33,29,34684031,4,19,70,1,0.0690368042298778,0,Affluent,23.0,0,Active/Censored
C00315,31,50,6048875,4,21,41,3,0.8142295465524707,0,Mass,56.5,0,Active/Censored
C00316,50,102,32177548,2,16,57,1,0.12131036398637088,1,Mass,41.9,0,Active/Censored
C00317,53,77,36976945,2,18,32,3,0.35089821732854193,1,Mass,10.9,0,Active/Censored
C00318,53,50,20769171,1,21,18,0,0.2754111077485081,0,Affluent,3.6,0,Active/Censored
C00319,63,33,15235698,1,23,15,3,0.7199930607738994,0,Affluent,60.0,0,Active/Censored
C00320,55,7,31947423,2,16,14,1,0.8893284581038082,2,Affluent,56.7,0,Active/Censored
C00321,35,13,39360305,3,19,89,1,0.7850388055359594,3,Mass,28.1,0,Active/Censored
C00322,25,22,8335379,1,19,34,2,0.33799849678152744,0,Mass,3.1,0,Active/Censored
C00323,48,95,38717212,2,14,37,0,0.4601816091778361,0,Mass,60.0,0,Active/Censored
C00324,62,78,37974525,3,13,62,0,0.272333206791148,1,Priority,60.0,0,Active/Censored
C00325,64,54,9132566,4,20,18,2,0.8815821721892325,0,Mass,11.8,0,Active/Censored
C00326,31,95,5970579,4,16,64,1,0.15687011713089177,0,Mass,60.0,0,Active/Censored
C00327,31,21,29737274,2,22,57,2,0.9067590100802358,1,Affluent,60.0,0,Active/Censored
C00328,22,27,6796064,2,27,82,1,0.7822911446744042,3,Mass,60.0,0,Active/Censored
C00329,27,49,25628976,4,22,21,0,0.6904199412736792,2,Mass,54.1,0,Active/Censored
C00330,45,111,6331228,3,15,11,0,0.7465942909850317,1,Mass,45.2,0,Active/Censored
C00331,45,75,28863294,2,12,80,1,0.3554121262118424,2,Affluent,60.0,0,Active/Censored
C00332,37,103,12341378,3,14,43,0,0.3162978566664009,1,Affluent,60.0,0,Active/Censored
C00333,34,32,7462875,1,14,15,2,0.3932787790108869,2,Mass,60.0,0,Active/Censored
C00334,58,103,6398146,2,26,60,1,0.2134519235786792,2,Mass,23.7,0,Active/Censored
C00335,41,11,10788162,2,19,52,0,0.7217240766764934,1,Mass,60.0,0,Active/Censored
C00336,57,29,23467080,4,23,96,2,0.4775394533054178,0,Affluent,60.0,0,Active/Censored
C00337,64,64,6758991,1,21,95,1,0.8472289624877452,0,Mass,38.1,0,Active/Censored
C00338,35,8,32881840,4,19,59,1,0.8405433583491673,1,Mass,60.0,0,Active/Censored
C00339,30,104,25748831,2,13,24,2,0.19026849072429036,0,Mass,60.0,0,Active/Censored
C00340,63,105,14702873,1,24,78,2,0.2469364418064076,2,Priority,60.0,0,Active/Censored
C00341,49,66,39517278,3,16,28,0,0.41957620309501387,0,Mass,15.3,0,Active/Censored
C00342,34,39,27707413,3,11,86,1,0.1569330136558703,0,Mass,50.1,0,Active/Censored
C00343,48,14,28191443,1,17,64,0,0.6704904962843438,1,Mass,60.0,0,Active/Censored
C00344,44,76,10262076,1,16,42,1,0.7138360898028547,2,Affluent,57.2,0,Active/Censored
C00345,61,66,29587415,1,17,99,2,0.6992153229163385,1,Affluent,33.8,0,Active/Censored
C00346,32,92,24130978,2,16,56,4,0.473189282616262,0,Priority,27.2,0,Active/Censored
C00347,65,74,39445061,1,16,45,1,0.8088945996806017,1,Mass,60.0,0,Active/Censored
C00348,63,18,21207902,3,12,27,0,0.5952611720647403,0,Mass,34.9,0,Active/Censored
C00349,29,17,28408415,1,25,69,1,0.9442505985679485,0,Mass,36.4,0,Active/Censored
C00350,28,95,16280641,4,16,34,3,0.7838943962982611,1,Affluent,42.1,0,Active/Censored
C00351,44,21,5446536,4,16,23,4,0.7000329342047557,2,Affluent,35.8,0,Active/Censored
C00352,23,113,8605001,3,19,20,0,0.16097252226574194,2,Mass,36.3,0,Active/Censored
C00353,34,15,35212201,4,19,68,0,0.7993400338685128,0,Mass,59.4,0,Active/Censored
C00354,40,88,30572379,4,16,93,2,0.3250149940922443,0,Mass,43.7,0,Active/Censored
C00355,64,118,17128418,1,18,32,1,0.4270228659903748,0,Affluent,9.1,0,Active/Censored
C00356,65,55,29121693,2,16,29,2,0.4664842561582564,1,Mass,4.0,0,Active/Censored
C00357,27,9,4157090,4,12,65,0,0.3481794760808388,2,Mass,35.2,0,Active/Censored
C00358,61,106,5338534,2,20,23,2,0.14759492011651085,2,Mass,60.0,0,Active/Censored
C00359,25,25,22260430,3,28,18,2,0.22942746309951795,0,Mass,3.0,0,Active/Censored
C00360,54,65,26498709,4,15,68,1,0.7731198089890363,1,Mass,60.0,0,Active/Censored
C00361,59,119,37732540,4,20,57,2,0.6370431190085433,2,Affluent,60.0,0,Active/Censored
C00362,61,90,31347727,2,16,12,1,0.8985573418694893,2,Affluent,60.0,0,Active/Censored
C00363,31,8,13263904,2,14,31,2,0.7889615182863173,0,Mass,26.6,0,Active/Censored
C00364,61,99,33344901,1,27,28,1,0.4119982034433037,1,Mass,47.9,0,Active/Censored
C00365,26,22,21694474,2,18,72,4,0.7575855353837345,1,Affluent,47.4,0,Active/Censored
C00366,44,91,33737097,2,16,70,1,0.5687862732168054,1,Affluent,33.0,0,Active/Censored
C00367,42,76,10255967,2,22,78,2,0.30767097454247566,1,Affluent,24.3,0,Active/Censored
C00368,35,36,4944137,2,16,19,0,0.9275803820021652,1,Affluent,60.0,0,Active/Censored
C00369,21,52,6076936,4,19,87,3,0.8856418940187151,1,Affluent,60.0,0,Active/Censored
C00370,55,16,39671819,4,21,29,3,0.15097860841321176,0,Affluent,60.0,0,Active/Censored
C00371,36,119,6899618,3,24,100,1,0.8054793334972851,4,Mass,26.4,0,Active/Censored
C00372,50,31,37816722,1,20,89,2,0.11991804778418243,4,Mass,60.0,0,Active/Censored
C00373,39,39,30172392,2,19,51,3,0.8859372743947149,1,Mass,4.7,0,Active/Censored
C00374,37,62,9257408,3,22,81,0,0.6117494385321229,0,Affluent,25.8,0,Active/Censored
C00375,60,82,35106680,1,18,71,1,0.19992402000259835,1,Affluent,57.7,0,Active/Censored
C00376,25,62,9191573,2,13,80,2,0.785536192227144,1,Priority,37.1,0,Active/Censored
C00377,54,62,9158758,3,25,11,1,0.5142036566871567,0,Mass,60.0,0,Active/Censored
C00378,54,71,24718787,4,32,17,5,0.10359488721238155,0,Mass,37.2,0,Active/Censored
C00379,38,104,14379468,4,21,92,1,0.7685846463125604,0,Affluent,60.0,0,Active/Censored
C00380,32,49,14469651,2,21,81,1,0.7595043700902678,1,Affluent,43.2,0,Active/Censored
C00381,21,101,11021060,2,19,66,4,0.4838539521651322,0,Affluent,9.9,0,Active/Censored
C00382,63,95,25876468,2,15,38,1,0.7079986998448365,0,Mass,60.0,0,Active/Censored
C00383,63,116,4966807,3,18,48,1,0.08613349611176097,0,Priority,38.0,0,Active/Censored
C00384,31,110,12822660,2,19,45,1,0.3362959371332894,0,Priority,60.0,0,Active/Censored
C00385,22,97,23923529,2,21,49,2,0.655900144304892,0,Priority,34.6,0,Active/Censored
C00386,26,32,21515601,1,24,67,0,0.2575451529722328,3,Affluent,22.3,0,Active/Censored
C00387,24,94,29197198,2,30,78,0,0.4553702417041858,0,Affluent,60.0,0,Active/Censored
C00388,58,89,11784754,1,20,44,1,0.8887520829101091,0,Mass,28.2,0,Active/Censored
C00389,61,37,27323589,3,18,85,1,0.7940766007157357,1,Mass,60.0,0,Active/Censored
C00390,27,83,31357945,4,19,18,2,0.5521968928964353,0,Mass,22.0,0,Active/Censored
C00391,54,32,17969927,4,25,83,1,0.5690446977780556,1,Mass,3.7,0,Active/Censored
C00392,29,64,13245176,2,13,71,1,0.8483054155726578,1,Priority,13.8,0,Active/Censored
C00393,37,97,23980368,4,17,56,2,0.8267531918924385,1,Affluent,52.0,0,Active/Censored
C00394,47,25,24839000,4,19,44,2,0.12946706094467142,0,Mass,28.5,0,Active/Censored
C00395,53,42,7387575,2,13,43,1,0.46901964244806615,1,Affluent,45.1,0,Active/Censored
C00396,60,96,24344058,4,19,42,0,0.22176828821429662,0,Mass,18.7,0,Active/Censored
C00397,23,56,9554933,2,16,96,1,0.12489778137905601,1,Mass,19.0,0,Active/Censored
C00398,29,116,24477735,4,27,12,1,0.31315595780974637,0,Affluent,60.0,0,Active/Censored
C00399,33,3,37544606,2,14,67,3,0.5995794248107769,2,Mass,4.7,0,Active/Censored
C00400,34,88,23334600,2,30,100,1,0.7649332887708772,2,Affluent,1.0,0,Active/Censored
C00401,65,99,31414278,1,22,59,0,0.8712287325731645,1,Affluent,27.7,0,Active/Censored
C00402,55,111,15149351,4,20,68,2,0.4306605213093617,1,Mass,60.0,0,Active/Censored
C00403,35,21,37218607,2,9,64,1,0.43009076597998536,0,Mass,60.0,0,Active/Censored
C00404,64,119,33259290,4,9,56,0,0.18792729306428263,2,Mass,13.1,0,Active/Censored
C00405,43,49,37000490,1,15,67,3,0.22535715544374718,2,Priority,60.0,0,Active/Censored
C00406,43,44,30697474,3,18,92,1,0.14224540163073268,0,Mass,20.8,0,Active/Censored
C00407,40,44,27378134,2,17,74,0,0.9283104916897352,0,Affluent,17.4,0,Active/Censored
C00408,27,78,22900060,2,21,87,1,0.16483769277389165,1,Affluent,60.0,0,Active/Censored
C00409,63,80,37416591,1,24,60,0,0.7309782055254541,0,Mass,3.8,0,Active/Censored
C00410,21,58,34534927,1,18,80,0,0.33598786115010404,0,Mass,36.5,0,Active/Censored
C00411,28,11,19001347,2,17,89,0,0.5334330195232807,0,Mass,60.0,0,Active/Censored
C00412,31,119,7083481,2,9,29,0,0.8354391908938371,1,Mass,60.0,0,Active/Censored
C00413,33,29,4130184,4,18,88,2,0.8925507063267801,0,Mass,6.8,0,Active/Censored
C00414,26,14,12405359,2,33,72,1,0.2662072869792576,0,Affluent,5.9,0,Active/Censored
C00415,21,73,6252560,1,21,50,2,0.8701424630240754,0,Affluent,19.7,0,Active/Censored
C00416,51,51,11614068,2,30,80,1,0.27684719095926197,0,Mass,60.0,0,Active/Censored
C00417,64,75,7941543,3,18,25,0,0.7743174823670963,0,Mass,60.0,0,Active/Censored
C00418,26,106,39317872,2,18,73,2,0.06372533917263916,1,Mass,38.1,0,Active/Censored
C00419,34,14,7432724,4,15,62,2,0.53170832864214,0,Affluent,23.3,0,Active/Censored
C00420,43,36,16661286,2,24,90,1,0.7032314179957629,1,Priority,47.1,0,Active/Censored
C00421,62,63,10271757,3,14,66,0,0.8050450720084177,2,Affluent,60.0,0,Active/Censored
C00422,52,95,29245749,1,12,57,1,0.8070159977552264,0,Mass,4.2,0,Active/Censored
C00423,55,73,38939979,1,20,57,2,0.3189810500780872,0,Priority,28.0,0,Active/Censored
C00424,47,48,32463357,4,26,60,2,0.8178346485328906,0,Affluent,60.0,0,Active/Censored
C00425,39,74,39108607,2,14,91,1,0.3412823249782026,2,Mass,60.0,0,Active/Censored
C00426,29,118,25247677,2,29,81,1,0.2603906310510849,2,Mass,60.0,0,Active/Censored
C00427,59,59,28248687,3,16,18,0,0.051325942748188205,1,Mass,8.3,0,Active/Censored
C00428,57,107,9271702,1,14,58,1,0.26214372962006427,0,Affluent,60.0,1,Churned
C00429,22,95,34686988,3,17,36,0,0.15659494141045865,2,Mass,52.7,0,Active/Censored
C00430,53,38,30924457,2,16,24,0,0.6574429423390963,0,Mass,60.0,0,Active/Censored
C00431,24,32,13144867,1,13,88,2,0.1803088649847973,1,Mass,60.0,0,Active/Censored
C00432,54,93,16772869,2,17,88,1,0.5768451659701093,1,Mass,11.7,0,Active/Censored
C00433,58,27,4467760,2,10,95,1,0.16382098375270035,0,Affluent,60.0,0,Active/Censored
C00434,26,42,33444861,1,22,45,1,0.6839766795756607,0,Mass,20.8,0,Active/Censored
C00435,40,30,14101190,3,27,48,2,0.30699095148308003,2,Mass,60.0,0,Active/Censored
C00436,26,74,6699188,3,21,80,2,0.3278267488520516,0,Affluent,9.5,0,Active/Censored
C00437,46,37,15901619,2,14,27,1,0.6263467836035498,0,Priority,37.1,0,Active/Censored
C00438,62,80,34087670,4,18,14,0,0.895050791339126,1,Mass,24.6,0,Active/Censored
C00439,24,113,13872839,3,17,48,0,0.9424409449612773,1,Mass,1.0,0,Active/Censored
C00440,38,100,23410864,4,14,67,2,0.3715372504099247,0,Mass,60.0,0,Active/Censored
C00441,64,114,33227325,1,21,51,2,0.9016939158952062,2,Mass,2.1,0,Active/Censored
C00442,34,5,5213597,4,15,29,2,0.6010893214719302,0,Affluent,15.8,0,Active/Censored
C00443,26,56,31357350,2,16,57,1,0.8658217184577134,0,Priority,28.6,0,Active/Censored
C00444,42,28,14392944,3,19,95,0,0.07506693334529639,0,Mass,60.0,0,Active/Censored
C00445,43,111,29039873,4,22,34,3,0.07985556666313356,0,Mass,60.0,0,Active/Censored
C00446,50,87,10771317,2,15,46,7,0.11711657993367681,1,Mass,30.0,0,Active/Censored
C00447,35,40,9004182,2,16,38,3,0.7739537017404251,0,Affluent,60.0,0,Active/Censored
C00448,64,69,32378732,1,15,36,1,0.1741608301680927,1,Mass,20.3,0,Active/Censored
C00449,44,74,33082020,3,10,69,1,0.2089265104758003,1,Mass,37.5,0,Active/Censored
C00450,33,61,39327717,4,19,44,1,0.576859911787621,0,Mass,43.6,0,Active/Censored
C00451,64,58,28378334,2,19,66,0,0.9117012758620604,1,Affluent,15.3,0,Active/Censored
C00452,62,9,20771660,1,18,11,2,0.5604012383723957,0,Priority,55.4,0,Active/Censored
C00453,43,56,11014156,2,24,70,0,0.709336220782435,0,Mass,60.0,0,Active/Censored
C00454,22,44,14627828,2,20,19,2,0.21896083714116055,1,Affluent,60.0,1,Churned
C00455,47,99,27331381,4,20,44,1,0.8727566478337789,1,Affluent,60.0,0,Active/Censored
C00456,45,105,16459704,1,24,89,2,0.100288983709578,1,Mass,17.5,0,Active/Censored
C00457,27,91,21406419,2,17,40,2,0.30453710747985185,0,Priority,60.0,0,Active/Censored
C00458,49,6,10050307,3,15,73,4,0.45835177219646206,1,Affluent,36.2,0,Active/Censored
C00459,58,102,19816602,1,20,41,1,0.2535549392715095,0,Mass,7.4,0,Active/Censored
C00460,25,49,12566994,4,17,92,1,0.647384732701667,1,Affluent,14.5,0,Active/Censored
C00461,53,52,8036433,4,20,96,2,0.6609131898833407,1,Mass,53.9,0,Active/Censored
C00462,27,114,8750135,2,14,92,1,0.2406722167538432,0,Mass,60.0,0,Active/Censored
C00463,54,105,22658953,3,13,45,0,0.057732141858683195,0,Mass,60.0,0,Active/Censored
C00464,39,9,17191167,4,21,38,0,0.11688552319158708,0,Affluent,60.0,0,Active/Censored
C00465,21,45,7597545,3,21,65,1,0.05038509652454808,0,Priority,60.0,0,Active/Censored
C00466,64,91,22514760,1,19,84,1,0.8648543439476203,0,Mass,37.7,1,Churned
C00467,28,66,9913121,1,19,57,1,0.6094991256998382,0,Mass,31.4,0,Active/Censored
C00468,47,33,4555992,2,28,77,1,0.17459174783317535,1,Mass,4.1,0,Active/Censored
C00469,29,64,8771667,1,13,89,0,0.13326162997859628,0,Priority,8.3,0,Active/Censored
C00470,62,105,20146872,2,17,78,0,0.7858353780306963,0,Mass,45.4,0,Active/Censored
C00471,54,29,38347898,3,17,43,4,0.7799356361986979,0,Priority,60.0,0,Active/Censored
C00472,57,91,12700190,3,14,32,1,0.8846416761928497,1,Mass,13.3,0,Active/Censored
C00473,40,89,14255128,1,19,49,1,0.19334613312902565,0,Mass,60.0,0,Active/Censored
C00474,42,107,12735568,1,20,62,0,0.5200472841435698,1,Mass,60.0,0,Active/Censored
C00475,49,38,16787355,1,16,86,1,0.1593284510321913,0,Mass,60.0,0,Active/Censored
C00476,56,28,29823766,2,17,37,0,0.766075608297137,3,Mass,60.0,0,Active/Censored
C00477,59,67,15594901,4,16,24,1,0.4212363054264303,1,Priority,28.9,0,Active/Censored
C00478,21,65,27672470,2,17,38,1,0.6762430009199022,1,Mass,60.0,0,Active/Censored
C00479,50,51,36337016,2,16,64,2,0.07728231400764365,2,Mass,39.4,0,Active/Censored
C00480,25,94,38062555,3,20,31,1,0.7501378973826204,2,Affluent,1.0,0,Active/Censored
C00481,33,97,24266772,1,15,46,1,0.25653765627542463,2,Mass,34.4,0,Active/Censored
C00482,58,31,29676614,1,18,33,0,0.808523922025998,1,Affluent,21.1,0,Active/Censored
C00483,32,96,37089756,1,28,99,0,0.21727263552645815,0,Affluent,60.0,0,Active/Censored
C00484,56,30,32320899,3,24,56,4,0.7610875138354868,2,Priority,16.1,0,Active/Censored
C00485,41,51,14797296,2,20,75,2,0.1706951585119164,2,Mass,19.9,0,Active/Censored
C00486,31,6,8753023,3,16,57,1,0.6470755144853529,2,Mass,34.8,0,Active/Censored
C00487,36,43,8134048,3,17,10,3,0.7513328526885333,0,Mass,8.4,1,Churned
C00488,44,116,35753876,2,7,34,1,0.39760956600095193,3,Mass,28.9,0,Active/Censored
C00489,55,55,24023864,4,20,86,0,0.2698993525141488,1,Mass,51.0,0,Active/Censored
C00490,48,86,14668458,4,22,56,3,0.3600748351791416,4,Mass,56.4,0,Active/Censored
C00491,62,15,16439331,1,19,73,1,0.31693249308645566,2,Mass,60.0,0,Active/Censored
C00492,60,77,14140537,4,10,79,0,0.619759967319466,0,Priority,10.4,0,Active/Censored
C00493,54,46,32868646,1,21,61,1,0.09010557003204661,1,Priority,33.0,0,Active/Censored
C00494,48,90,26046711,1,14,62,0,0.08729274689784147,0,Mass,2.7,0,Active/Censored
C00495,34,112,35659242,3,14,31,1,0.30899532186881057,1,Priority,40.3,0,Active/Censored
C00496,39,65,14863813,1,12,32,1,0.2992760255244452,0,Affluent,60.0,0,Active/Censored
C00497,26,15,21012646,2,12,23,0,0.20936321435685573,1,Mass,59.1,0,Active/Censored
C00498,37,59,8382450,1,16,37,2,0.6951334519298457,1,Priority,60.0,1,Churned
C00499,62,17,38968924,2,14,67,0,0.07138663139191427,1,Priority,3.8,0,Active/Censored
C00500,40,56,22427095,4,16,94,2,0.8818112924513908,3,Affluent,26.0,0,Active/Censored
C00501,26,10,23908468,4,22,50,0,0.7317381438167403,1,Affluent,42.3,0,Active/Censored
C00502,50,78,18892002,1,20,64,0,0.412661931902092,1,Mass,60.0,0,Active/Censored
C00503,64,39,13753134,3,23,88,0,0.8230409779412912,1,Mass,36.6,0,Active/Censored
C00504,60,26,38142598,2,15,71,0,0.6063381656542812,1,Affluent,60.0,1,Churned
C00505,33,5,21603118,2,22,33,0,0.5632066054395032,1,Mass,60.0,0,Active/Censored
C00506,41,107,28291780,3,14,35,0,0.33171607485145993,0,Mass,11.1,0,Active/Censored
C00507,44,101,5343170,4,19,68,1,0.6467942062567816,1,Affluent,60.0,0,Active/Censored
C00508,32,98,13933489,2,18,36,2,0.1757252399760546,2,Affluent,60.0,0,Active/Censored
C00509,33,9,32944041,1,19,32,3,0.5224093649405053,0,Affluent,60.0,0,Active/Censored
C00510,31,44,7162057,4,25,63,0,0.15449905466567793,2,Mass,6.2,0,Active/Censored
C00511,65,117,7651661,4,23,67,1,0.45063224712834854,0,Mass,57.9,0,Active/Censored
C00512,54,71,33154194,2,9,33,0,0.6046440887319605,0,Mass,19.9,0,Active/Censored
C00513,58,18,15114945,3,16,14,0,0.18995309378510494,1,Affluent,28.2,0,Active/Censored
C00514,57,19,13859637,4,25,79,2,0.2499076508698468,2,Mass,60.0,0,Active/Censored
C00515,64,34,24351395,3,14,45,2,0.781931952605369,2,Priority,60.0,0,Active/Censored
C00516,25,117,11017179,2,21,67,1,0.28014158051076005,2,Affluent,44.1,0,Active/Censored
C00517,60,23,5547104,4,20,25,4,0.1360004522616255,0,Mass,18.5,0,Active/Censored
C00518,23,109,4160193,4,21,38,3,0.3476211091438943,1,Affluent,60.0,0,Active/Censored
C00519,42,83,6855408,3,11,65,0,0.8916259462763466,1,Mass,60.0,0,Active/Censored
C00520,47,111,9707117,1,25,21,0,0.6744043054124613,2,Mass,43.2,0,Active/Censored
C00521,37,100,29060188,2,12,38,0,0.5678908882255218,1,Mass,7.0,0,Active/Censored
C00522,27,42,14726221,3,14,75,3,0.8063776593479858,0,Mass,60.0,0,Active/Censored
C00523,29,100,6583975,2,15,80,0,0.6441685250286779,0,Affluent,44.2,0,Active/Censored
C00524,58,22,4519282,3,13,42,0,0.7800309039251854,1,Mass,52.0,0,Active/Censored
C00525,35,37,21174983,3,11,20,3,0.6414413019741979,0,Affluent,60.0,0,Active/Censored
C00526,34,27,34244605,1,20,12,1,0.8278320381536983,0,Mass,17.6,1,Churned
C00527,62,18,16193042,3,18,60,0,0.6116073579637928,2,Mass,60.0,0,Active/Censored
C00528,27,13,6298635,3,17,73,0,0.28838738242299483,2,Affluent,7.4,0,Active/Censored
C00529,62,25,12210858,1,22,64,0,0.08700632856607926,0,Affluent,33.7,0,Active/Censored
C00530,62,17,21977228,3,17,46,1,0.14478822222805293,1,Priority,60.0,0,Active/Censored
C00531,47,47,10796040,3,15,12,2,0.5112012070561313,0,Affluent,22.0,0,Active/Censored
C00532,28,11,39225223,1,19,30,2,0.9245915425354808,3,Mass,33.2,0,Active/Censored
C00533,28,10,31482806,3,16,13,0,0.7335155176022513,1,Mass,3.2,0,Active/Censored
C00534,33,119,16404846,2,26,52,2,0.7478984031858602,1,Mass,21.8,0,Active/Censored
C00535,46,13,38255518,2,17,38,0,0.6474084097522648,0,Priority,48.2,0,Active/Censored
C00536,27,11,15700750,3,17,16,3,0.8631393193750295,1,Mass,60.0,0,Active/Censored
C00537,41,6,9046470,1,24,65,2,0.7119133875878599,0,Mass,40.8,0,Active/Censored
C00538,26,18,37778217,1,20,43,1,0.2825270697840633,0,Mass,57.7,0,Active/Censored
C00539,45,65,38548523,2,25,97,2,0.4995340566536817,2,Mass,58.9,0,Active/Censored
C00540,21,100,15255651,4,18,47,2,0.4139086966851818,0,Affluent,1.0,0,Active/Censored
C00541,52,89,25411450,1,25,18,1,0.1988517362978709,2,Mass,45.4,0,Active/Censored
C00542,23,71,10238529,4,15,74,1,0.25013935826662775,0,Priority,60.0,0,Active/Censored
C00543,29,13,27099774,1,9,73,2,0.30664110940943173,1,Mass,60.0,0,Active/Censored
C00544,28,94,28844268,2,18,94,2,0.2062792984930576,1,Affluent,59.8,0,Active/Censored
C00545,58,7,29557349,2,18,73,4,0.24557755931215824,2,Mass,33.2,0,Active/Censored
C00546,23,77,24474471,2,12,42,0,0.874754024921402,1,Mass,10.6,0,Active/Censored
C00547,40,51,29348280,1,19,70,1,0.3589152873884104,0,Mass,57.7,0,Active/Censored
C00548,47,107,23981764,4,16,82,0,0.794765020625061,1,Mass,55.4,0,Active/Censored
C00549,44,39,33513199,2,13,56,2,0.10795094989484352,1,Priority,41.8,0,Active/Censored
C00550,51,78,10465137,4,20,82,2,0.9336284506335476,1,Affluent,60.0,0,Active/Censored
C00551,57,54,21404871,3,23,97,0,0.7383125671606754,0,Mass,60.0,0,Active/Censored
C00552,38,64,18990229,3,11,78,0,0.8660444603662484,0,Mass,43.7,0,Active/Censored
C00553,58,113,23200909,2,26,55,1,0.5233202344216076,2,Mass,27.3,0,Active/Censored
C00554,35,87,9114991,3,23,54,2,0.6210841263803041,1,Affluent,54.5,0,Active/Censored
C00555,65,51,15657772,4,23,86,2,0.3747371264053403,0,Mass,60.0,0,Active/Censored
C00556,43,55,38349063,4,13,89,1,0.4388280988764508,0,Mass,10.5,0,Active/Censored
C00557,54,86,7789273,4,28,33,1,0.7256685328957018,0,Mass,27.5,0,Active/Censored
C00558,60,43,26871057,1,16,10,4,0.09497177599901468,1,Priority,19.9,0,Active/Censored
C00559,56,22,27927046,3,10,83,1,0.0828962018596286,3,Mass,58.8,0,Active/Censored
C00560,59,58,21082565,2,22,31,0,0.8374289429556514,1,Affluent,10.1,0,Active/Censored
C00561,45,11,5209958,4,12,100,0,0.14900687604451895,0,Priority,60.0,0,Active/Censored
C00562,22,23,5236821,4,14,13,2,0.6989269544058857,1,Mass,35.0,0,Active/Censored
C00563,43,52,13922861,4,24,92,2,0.22958851756776377,2,Mass,15.8,0,Active/Censored
C00564,29,96,7690505,1,22,71,2,0.37958799777667374,1,Mass,12.4,0,Active/Censored
C00565,61,95,7392275,2,15,37,1,0.3141948374967526,2,Affluent,34.5,0,Active/Censored
C00566,31,33,9764361,3,18,13,0,0.49130194088335216,0,Mass,60.0,0,Active/Censored
C00567,31,52,10866177,3,19,87,1,0.7939953379281268,0,Mass,60.0,0,Active/Censored
C00568,32,21,34185121,2,14,20,0,0.8379806817629525,1,Mass,60.0,0,Active/Censored
C00569,49,92,26994312,1,21,18,0,0.24984007267449865,1,Affluent,9.7,0,Active/Censored
C00570,46,32,5094752,1,19,81,1,0.3538836492435405,1,Affluent,60.0,0,Active/Censored
C00571,63,97,26625158,3,23,71,1,0.8032251732694627,2,Mass,60.0,0,Active/Censored
C00572,39,102,8921516,2,24,21,1,0.13067150174196157,0,Affluent,53.8,0,Active/Censored
C00573,33,84,19157976,2,11,41,1,0.15520715468175958,1,Mass,60.0,0,Active/Censored
C00574,23,41,5369637,4,14,70,2,0.4816232777193373,1,Mass,59.6,0,Active/Censored
C00575,21,115,7246191,1,18,69,3,0.7611299205007774,3,Mass,32.7,0,Active/Censored
C00576,37,83,8773423,4,13,42,6,0.3523785629763958,0,Affluent,26.7,0,Active/Censored
C00577,62,79,19601460,2,20,47,3,0.1124887185412266,3,Affluent,41.5,0,Active/Censored
C00578,44,104,20670911,4,12,17,1,0.9210807924858294,0,Mass,10.5,0,Active/Censored
C00579,61,107,16698815,4,17,10,1,0.8950201900313948,2,Mass,58.5,0,Active/Censored
C00580,25,12,26326097,3,16,98,1,0.6367112746777407,1,Mass,60.0,0,Active/Censored
C00581,25,107,29936529,2,22,31,1,0.6636887718006333,0,Mass,20.2,0,Active/Censored
C00582,58,93,30234383,1,13,94,1,0.8903258162169182,2,Mass,60.0,0,Active/Censored
C00583,25,27,24844957,1,20,13,0,0.6294770732606585,1,Mass,17.9,0,Active/Censored
C00584,23,39,23640016,4,16,100,0,0.7595711863816986,0,Mass,8.0,0,Active/Censored
C00585,39,91,21696367,1,18,48,4,0.4671642817898764,4,Mass,60.0,0,Active/Censored
C00586,62,28,12565650,2,15,83,0,0.255202338333945,0,Mass,27.5,0,Active/Censored
C00587,52,56,21531354,2,18,86,2,0.7992789366106166,1,Mass,56.5,0,Active/Censored
C00588,25,84,4363528,3,22,42,2,0.6659437365302415,1,Affluent,16.9,0,Active/Censored
C00589,58,79,38786687,4,20,77,0,0.31060595416356834,0,Mass,6.0,0,Active/Censored
C00590,58,110,31226591,3,19,40,1,0.6109479960447475,0,Affluent,14.9,0,Active/Censored
C00591,57,16,38441343,4,19,81,3,0.78483558393007,2,Mass,60.0,0,Active/Censored
C00592,61,37,21891264,3,22,97,0,0.29331070370393764,0,Mass,60.0,0,Active/Censored
C00593,31,119,35025776,2,17,83,1,0.7413368978497165,0,Mass,59.7,0,Active/Censored
C00594,65,70,21252014,1,18,76,2,0.11510905009263962,1,Mass,28.0,0,Active/Censored
C00595,35,32,8762406,1,15,43,1,0.6124539417268341,1,Affluent,32.8,0,Active/Censored
C00596,57,37,4953247,2,25,19,2,0.9490402626838663,0,Mass,19.1,1,Churned
C00597,47,43,8882408,1,25,56,1,0.8297372636590549,2,Mass,60.0,0,Active/Censored
C00598,56,68,37930333,2,22,21,1,0.8380922470609716,0,Mass,23.6,0,Active/Censored
C00599,49,36,21103900,2,22,56,0,0.6623214375544461,0,Mass,23.8,0,Active/Censored
C00600,49,76,15490262,2,12,89,1,0.46506841483626066,3,Priority,54.9,0,Active/Censored
C00601,48,55,20058195,4,21,20,1,0.659493978763415,1,Priority,9.3,0,Active/Censored
C00602,56,75,13213806,4,18,91,1,0.33907310340091706,0,Mass,5.3,0,Active/Censored
C00603,54,21,35339906,3,21,64,4,0.5474916836770569,2,Mass,42.8,0,Active/Censored
C00604,27,76,39978721,1,17,14,0,0.5357119194043768,1,Mass,34.4,0,Active/Censored
C00605,58,112,7056979,2,23,75,0,0.5393573158311471,0,Mass,59.8,0,Active/Censored
C00606,45,18,29872828,3,19,10,2,0.4207888314066782,2,Mass,3.7,1,Churned
C00607,35,41,16081606,3,19,65,1,0.3675216473251762,0,Mass,37.4,0,Active/Censored
C00608,44,84,5705095,2,21,56,1,0.34731906291856457,1,Mass,8.0,0,Active/Censored
C00609,64,75,37199572,2,18,77,0,0.2522577724515257,0,Mass,44.9,0,Active/Censored
C00610,59,82,6227877,2,20,44,1,0.44469252044406365,3,Mass,60.0,0,Active/Censored
C00611,58,69,11412488,3,16,20,3,0.15597108827193157,0,Mass,42.1,0,Active/Censored
C00612,41,83,4918056,1,13,45,1,0.8614161880888442,2,Affluent,60.0,1,Churned
C00613,56,74,20966192,3,14,79,0,0.11271541974225664,0,Mass,57.5,0,Active/Censored
C00614,38,11,25586280,1,22,96,1,0.8036768432737099,1,Affluent,60.0,0,Active/Censored
C00615,51,91,15544231,3,13,28,2,0.2671235675279426,0,Mass,60.0,0,Active/Censored
C00616,49,55,6576321,4,11,41,0,0.8178972615301272,1,Mass,54.2,0,Active/Censored
C00617,32,9,8181582,3,8,89,2,0.6982395752725058,1,Affluent,36.0,0,Active/Censored
C00618,32,51,37601980,2,29,38,0,0.878877609135854,0,Mass,31.4,0,Active/Censored
C00619,23,54,33013006,4,23,32,1,0.8332096767292038,0,Priority,60.0,0,Active/Censored
C00620,27,13,37728635,3,16,85,2,0.6809787712115684,3,Priority,52.4,0,Active/Censored
C00621,40,120,23108937,2,15,54,3,0.18651094078268854,2,Mass,60.0,0,Active/Censored
C00622,42,29,23657946,1,9,63,2,0.5441407878241674,0,Mass,57.6,0,Active/Censored
C00623,28,42,32295885,1,20,54,1,0.35584524826290626,1,Mass,60.0,0,Active/Censored
C00624,39,55,26199001,1,14,64,3,0.8471980720763818,0,Priority,12.6,1,Churned
C00625,48,101,19711867,1,25,34,1,0.8350056446493064,1,Mass,60.0,1,Churned
C00626,31,90,14508198,3,16,76,1,0.3326337071588397,2,Affluent,30.3,0,Active/Censored
C00627,36,93,21478266,3,15,42,0,0.6545296213501952,0,Mass,6.0,0,Active/Censored
C00628,37,30,6303011,4,17,57,0,0.35445634435149204,0,Mass,29.4,0,Active/Censored
C00629,43,102,10928140,3,24,26,1,0.6603714458521874,2,Mass,28.6,0,Active/Censored
C00630,37,100,30548576,4,27,11,2,0.6024839399543164,0,Affluent,60.0,0,Active/Censored
C00631,54,57,35249941,3,16,61,2,0.5098531572068713,1,Affluent,22.3,0,Active/Censored
C00632,35,67,7664295,2,5,22,1,0.8405654126608645,2,Mass,33.0,0,Active/Censored
C00633,40,7,7488646,3,16,93,0,0.27144523911402246,4,Mass,29.4,0,Active/Censored
C00634,38,92,7080075,2,23,97,1,0.7677199978690267,1,Mass,19.4,0,Active/Censored
C00635,29,116,32496814,2,22,38,1,0.6705569506750636,1,Mass,60.0,0,Active/Censored
C00636,51,58,15204031,2,16,36,1,0.30314108279362595,0,Affluent,36.3,0,Active/Censored
C00637,31,66,15763514,3,17,56,0,0.429517179149809,1,Mass,45.6,0,Active/Censored
C00638,34,61,4448763,2,22,28,0,0.11211275347077251,1,Priority,56.8,0,Active/Censored
C00639,56,12,39013591,3,24,88,0,0.5878189919329571,0,Mass,27.5,0,Active/Censored
C00640,63,76,19625282,4,21,19,2,0.8491018513779598,0,Affluent,40.7,0,Active/Censored
C00641,51,88,32708077,2,19,51,1,0.15603658105821894,0,Priority,60.0,0,Active/Censored
C00642,62,112,29476512,2,10,27,4,0.16879861400538412,2,Affluent,54.6,0,Active/Censored
C00643,59,112,9103904,2,24,85,0,0.4771101672118981,1,Priority,59.5,0,Active/Censored
C00644,42,61,32848561,4,21,23,1,0.3031070936520537,0,Mass,57.6,0,Active/Censored
C00645,55,116,23810936,1,17,50,0,0.29923602027241925,0,Affluent,60.0,1,Churned
C00646,35,65,25755062,4,22,85,1,0.6248031207051278,1,Mass,10.3,0,Active/Censored
C00647,41,78,11211374,2,20,50,2,0.41923073971786023,1,Mass,60.0,0,Active/Censored
C00648,45,74,34487471,4,23,26,0,0.8101828030003972,1,Mass,17.5,0,Active/Censored
C00649,64,120,37540011,4,21,24,1,0.4360155086692253,2,Affluent,16.6,0,Active/Censored
C00650,59,90,18634079,4,12,65,0,0.6037479334769641,0,Priority,60.0,0,Active/Censored
C00651,43,17,7329184,4,25,21,4,0.40810224098150166,1,Mass,13.9,0,Active/Censored
C00652,50,11,34555795,1,23,42,1,0.2804211474527528,0,Affluent,13.9,0,Active/Censored
C00653,30,51,35946133,3,19,65,3,0.474198895811078,1,Affluent,60.0,0,Active/Censored
C00654,57,63,22233039,1,27,44,4,0.6984323834818722,0,Affluent,2.9,0,Active/Censored
C00655,45,81,24849354,2,16,85,1,0.9075282266079223,0,Mass,60.0,0,Active/Censored
C00656,44,59,12029300,1,25,72,0,0.08795014331503814,1,Mass,53.4,0,Active/Censored
C00657,55,63,6429035,3,21,22,2,0.5286442529128809,0,Mass,60.0,0,Active/Censored
C00658,49,111,37989243,3,15,84,0,0.6223694082673398,0,Affluent,8.4,0,Active/Censored
C00659,24,42,21386472,3,16,92,3,0.1271484740649676,2,Mass,60.0,0,Active/Censored
C00660,33,61,13898951,1,14,28,1,0.7962539215301212,1,Affluent,12.2,0,Active/Censored
C00661,28,68,28956372,2,7,42,0,0.2983567987922446,0,Priority,33.5,0,Active/Censored
C00662,54,58,4943253,3,21,45,2,0.8374207513620358,0,Mass,55.1,0,Active/Censored
C00663,22,117,6877840,4,22,48,0,0.5473462655751943,1,Affluent,60.0,0,Active/Censored
C00664,30,116,12736265,4,19,52,0,0.18687103491375656,0,Mass,1.0,0,Active/Censored
C00665,47,63,20223366,1,26,91,1,0.7152988011971814,1,Affluent,24.2,1,Churned
C00666,52,56,17200752,2,17,69,0,0.19150565235804862,0,Mass,60.0,0,Active/Censored
C00667,43,72,10744492,1,16,91,0,0.6983405949634681,0,Priority,11.1,1,Churned
C00668,59,24,16648588,4,17,41,1,0.7773783974504553,2,Affluent,54.6,0,Active/Censored
C00669,62,53,16020814,1,18,57,0,0.5679762306152598,0,Affluent,58.8,0,Active/Censored
C00670,26,28,22888030,4,20,19,2,0.29398320139382855,2,Mass,1.1,0,Active/Censored
C00671,63,19,24258695,1,23,35,2,0.44360398728086964,0,Mass,23.4,0,Active/Censored
C00672,48,14,35792567,1,23,63,0,0.5252184094739056,0,Affluent,4.5,0,Active/Censored
C00673,49,72,33044027,4,20,25,1,0.6492029897505406,0,Priority,60.0,0,Active/Censored
C00674,25,3,14524176,2,16,97,1,0.6205329844402122,2,Priority,53.1,0,Active/Censored
C00675,48,79,36496036,2,17,34,0,0.41038189642630674,3,Affluent,60.0,0,Active/Censored
C00676,53,53,22747741,3,14,24,0,0.7323497307144314,0,Affluent,51.8,0,Active/Censored
C00677,47,46,10756396,2,19,81,0,0.7442747284419539,1,Mass,60.0,0,Active/Censored
C00678,24,93,16245002,3,23,18,0,0.6766980791746962,0,Affluent,40.3,0,Active/Censored
C00679,44,66,30703448,2,19,39,1,0.2949392337861959,0,Mass,14.9,0,Active/Censored
C00680,63,89,33583830,2,18,28,2,0.4724566580431962,1,Affluent,60.0,0,Active/Censored
C00681,53,86,17468479,2,20,73,0,0.43948130192896917,2,Mass,54.9,0,Active/Censored
C00682,27,6,9673654,1,18,86,2,0.7851130123503788,3,Priority,35.7,0,Active/Censored
C00683,64,28,10907928,2,17,27,0,0.7773619828410334,2,Mass,20.4,0,Active/Censored
C00684,64,70,7726369,3,20,47,2,0.8294728141632018,2,Mass,52.6,0,Active/Censored
C00685,28,118,29154557,1,22,53,3,0.2580582032361424,0,Affluent,27.9,0,Active/Censored
C00686,57,21,22107829,1,14,72,1,0.7236091102886445,0,Affluent,58.1,0,Active/Censored
C00687,39,15,20242584,3,17,42,1,0.8333592878081333,2,Affluent,59.9,0,Active/Censored
C00688,47,114,28187953,2,23,57,4,0.19984166695702593,2,Affluent,41.3,0,Active/Censored
C00689,41,117,33831983,1,17,55,0,0.0859433545624109,1,Mass,60.0,0,Active/Censored
C00690,56,22,32638907,3,17,11,1,0.14495769361033034,1,Mass,59.5,0,Active/Censored
C00691,65,50,8937209,4,15,61,0,0.59558213903168,0,Affluent,58.2,0,Active/Censored
C00692,56,76,25226494,1,13,61,1,0.4294830834100264,1,Priority,24.0,0,Active/Censored
C00693,62,26,35770503,1,17,100,0,0.225546227535101,2,Affluent,27.9,1,Churned
C00694,63,41,31858591,2,17,56,3,0.5254732145811455,1,Mass,60.0,0,Active/Censored
C00695,25,49,15858855,3,17,91,2,0.7569702628471772,1,Affluent,43.2,0,Active/Censored
C00696,32,78,18137562,1,17,41,3,0.8202359126272816,1,Mass,55.7,0,Active/Censored
C00697,53,39,36047057,4,17,73,1,0.7265488845159463,2,Priority,54.6,0,Active/Censored
C00698,47,51,5183236,2,19,92,0,0.846960255321966,1,Mass,58.4,0,Active/Censored
C00699,23,37,22915113,1,20,23,0,0.5937668588465541,0,Mass,56.7,0,Active/Censored
C00700,25,92,8179575,4,15,61,1,0.8033663127048478,1,Mass,60.0,0,Active/Censored
C00701,44,21,36205172,1,23,93,2,0.4254683831262877,1,Affluent,60.0,0,Active/Censored
C00702,48,30,5394013,1,25,60,2,0.8172307558919184,0,Affluent,1.0,0,Active/Censored
C00703,28,32,4842081,4,19,91,3,0.856231869935316,0,Affluent,1.8,1,Churned
C00704,28,109,15841971,3,27,48,2,0.6677672546465686,0,Mass,1.0,0,Active/Censored
C00705,26,114,11205975,2,15,90,0,0.43794167418443436,1,Affluent,60.0,0,Active/Censored
C00706,46,62,21837688,3,20,67,1,0.3035065216649671,0,Mass,4.5,0,Active/Censored
C00707,21,21,14784491,3,11,53,1,0.34266152565280933,0,Mass,7.3,0,Active/Censored
C00708,46,92,16827429,3,17,29,2,0.16911959186609854,0,Affluent,60.0,0,Active/Censored
C00709,42,61,24337197,1,24,25,0,0.09244562473471235,1,Mass,60.0,0,Active/Censored
C00710,41,103,24181581,3,21,36,0,0.422976241488301,1,Mass,60.0,0,Active/Censored
C00711,51,45,37657523,2,15,78,0,0.08840181700224142,0,Mass,7.8,0,Active/Censored
C00712,44,120,21301929,4,14,52,1,0.8425292240284045,0,Affluent,39.4,0,Active/Censored
C00713,53,98,24312335,3,23,45,1,0.6349622812003841,0,Mass,60.0,0,Active/Censored
C00714,55,29,28405940,1,14,52,0,0.8093005216045421,0,Mass,18.6,0,Active/Censored
C00715,62,88,10272372,4,18,41,2,0.449974994674291,0,Mass,2.2,0,Active/Censored
C00716,56,36,28010637,2,17,83,0,0.2515576493078149,1,Affluent,22.3,0,Active/Censored
C00717,44,44,35028812,2,21,45,1,0.311250946041464,0,Mass,32.5,0,Active/Censored
C00718,43,32,15450309,4,24,52,3,0.8192598085617282,2,Mass,22.5,0,Active/Censored
C00719,31,83,10420241,4,15,60,2,0.15970390744191337,1,Mass,60.0,0,Active/Censored
C00720,47,34,16463720,4,22,68,2,0.6784392507690952,2,Mass,52.5,0,Active/Censored
C00721,27,78,13901399,3,18,40,1,0.25312121831316287,0,Mass,60.0,0,Active/Censored
C00722,62,71,25065321,4,20,16,1,0.36785289214816685,0,Affluent,60.0,0,Active/Censored
C00723,59,91,35094492,1,16,72,0,0.052742077673772994,1,Mass,60.0,0,Active/Censored
C00724,26,120,25471568,3,19,60,0,0.48117989239706,1,Mass,54.6,0,Active/Censored
C00725,56,4,8518412,2,15,68,0,0.1655175354262586,1,Mass,5.7,0,Active/Censored
C00726,26,119,15329196,2,16,59,0,0.8236826673655296,1,Mass,60.0,0,Active/Censored
C00727,53,15,28815345,1,17,56,0,0.13795512710588448,1,Affluent,57.2,0,Active/Censored
C00728,24,65,15891443,1,19,96,1,0.27533168362008537,1,Affluent,9.7,0,Active/Censored
C00729,42,43,25110074,2,14,14,2,0.06331856529627071,0,Affluent,38.4,0,Active/Censored
C00730,50,78,28985620,4,13,18,1,0.9435896404007706,0,Mass,37.2,0,Active/Censored
C00731,53,88,15850040,3,20,95,1,0.6272939551591222,0,Mass,17.2,0,Active/Censored
C00732,39,104,27306789,2,20,90,2,0.6292191389034579,1,Mass,60.0,0,Active/Censored
C00733,62,50,18332195,2,16,47,1,0.516974763694558,3,Mass,6.9,0,Active/Censored
C00734,55,113,8861828,3,21,59,2,0.8312499492860351,2,Affluent,18.6,0,Active/Censored
C00735,30,41,17398550,1,16,50,3,0.17976927635994294,0,Mass,60.0,0,Active/Censored
C00736,51,27,19877507,3,15,100,2,0.7635666708194442,0,Mass,60.0,0,Active/Censored
C00737,53,47,4085933,3,19,51,1,0.7764111283567786,0,Affluent,60.0,0,Active/Censored
C00738,36,65,36137418,1,15,79,0,0.082515522181907,0,Mass,60.0,0,Active/Censored
C00739,54,81,23004038,3,15,43,1,0.16940925429087805,0,Priority,19.2,0,Active/Censored
C00740,61,101,5307004,3,21,44,2,0.542434010785356,1,Mass,42.2,0,Active/Censored
C00741,57,29,35247709,3,23,71,2,0.13117236839889168,0,Affluent,6.8,0,Active/Censored
C00742,55,38,34785902,2,18,46,3,0.30412960359788044,1,Affluent,60.0,0,Active/Censored
C00743,49,113,4433750,3,22,11,1,0.4133057989910147,0,Affluent,60.0,0,Active/Censored
C00744,33,54,9874413,4,21,25,2,0.19149580289330315,0,Mass,1.3,0,Active/Censored
C00745,56,31,17096589,1,7,89,2,0.6837320192883725,0,Mass,60.0,0,Active/Censored
C00746,37,119,22260950,3,18,43,1,0.49555519786367414,1,Mass,55.9,0,Active/Censored
C00747,44,55,30127477,3,17,19,1,0.6258347967492529,2,Affluent,60.0,0,Active/Censored
C00748,35,119,19276111,2,13,95,2,0.47686957609201885,2,Mass,9.4,0,Active/Censored
C00749,35,111,26021830,2,20,100,2,0.4212359571480462,0,Mass,60.0,0,Active/Censored
C00750,28,109,4364656,4,8,55,2,0.4931501481393211,1,Mass,40.5,0,Active/Censored
C00751,64,71,27707411,2,11,67,2,0.8595632912296893,0,Affluent,60.0,0,Active/Censored
C00752,27,97,36954289,3,12,78,0,0.4064349454636463,1,Mass,18.4,0,Active/Censored
C00753,24,116,22943491,1,27,16,2,0.628036337132355,0,Mass,60.0,0,Active/Censored
C00754,63,34,20377308,4,21,36,0,0.8005662645931857,0,Affluent,60.0,0,Active/Censored
C00755,45,7,14696260,3,16,61,0,0.608978885205936,1,Affluent,60.0,0,Active/Censored
C00756,40,40,38353657,4,14,60,1,0.25345794260591714,0,Affluent,60.0,0,Active/Censored
C00757,54,78,5195314,3,20,40,1,0.15976371425668714,1,Mass,29.1,0,Active/Censored
C00758,38,67,14322780,2,25,10,1,0.5817894166834021,0,Mass,8.7,0,Active/Censored
C00759,26,12,8993489,2,13,96,1,0.7046557624181238,3,Mass,26.2,0,Active/Censored
C00760,53,69,35185927,3,20,65,1,0.7418634351761194,0,Mass,60.0,0,Active/Censored
C00761,28,23,21373788,4,15,78,1,0.6744219777227918,1,Mass,45.2,0,Active/Censored
C00762,45,62,37206024,1,14,49,0,0.05310880237141479,1,Mass,54.3,0,Active/Censored
C00763,63,70,27945689,4,23,56,1,0.7464562653622427,1,Mass,26.1,0,Active/Censored
C00764,63,78,24045966,4,13,50,1,0.5941604204871616,1,Mass,60.0,0,Active/Censored
C00765,37,51,22629010,1,17,49,0,0.9393632441883549,1,Affluent,49.1,0,Active/Censored
C00766,56,51,11296400,1,17,71,1,0.7381285522994733,1,Mass,24.5,0,Active/Censored
C00767,48,83,24233734,3,19,100,0,0.43718644469362616,0,Priority,60.0,0,Active/Censored
C00768,42,91,28668907,4,14,80,3,0.6585349632511278,0,Affluent,60.0,0,Active/Censored
C00769,27,98,38752376,2,17,70,2,0.6043421614249675,0,Mass,52.1,0,Active/Censored
C00770,37,42,23763210,3,20,11,2,0.35365413037184856,3,Mass,1.0,0,Active/Censored
C00771,50,53,37798114,4,19,56,2,0.530176229991846,0,Priority,16.9,0,Active/Censored
C00772,65,42,38003067,2,13,96,5,0.23394288153389126,0,Priority,55.5,0,Active/Censored
C00773,21,65,22811907,1,15,46,1,0.12904715478453185,0,Mass,60.0,0,Active/Censored
C00774,53,18,19813794,4,14,59,1,0.7097219990816743,1,Mass,60.0,0,Active/Censored
C00775,59,53,9137321,2,20,39,3,0.3957158248301867,0,Priority,46.9,0,Active/Censored
C00776,63,25,13666491,2,16,27,1,0.7301419900992202,0,Affluent,60.0,0,Active/Censored
C00777,40,65,35647363,2,18,74,2,0.48950331548057646,0,Affluent,60.0,0,Active/Censored
C00778,26,103,8978332,3,15,38,0,0.7788104372720592,1,Mass,5.1,0,Active/Censored
C00779,33,119,18294089,2,17,63,1,0.7156479394962227,0,Affluent,60.0,0,Active/Censored
C00780,59,55,29150808,3,25,64,3,0.7377178727495332,0,Mass,10.7,0,Active/Censored
C00781,60,9,12662389,3,19,87,0,0.43639833914398557,0,Mass,60.0,0,Active/Censored
C00782,49,29,39067946,1,20,95,2,0.9150613337720153,2,Affluent,59.4,0,Active/Censored
C00783,26,15,27381427,2,15,60,1,0.414729123330239,0,Mass,60.0,0,Active/Censored
C00784,26,92,5020375,1,27,14,0,0.7638293824283491,0,Mass,60.0,0,Active/Censored
C00785,42,119,12898198,1,15,62,3,0.4906299248610157,1,Affluent,60.0,0,Active/Censored
C00786,47,68,30656032,4,21,90,2,0.2615770972404164,1,Affluent,52.5,0,Active/Censored
C00787,22,23,35074895,3,22,53,1,0.6160225430335545,1,Priority,58.1,0,Active/Censored
C00788,51,5,37369493,3,23,61,0,0.4721984784557547,0,Mass,60.0,0,Active/Censored
C00789,45,118,34642123,4,13,79,2,0.28766287607402,0,Mass,49.4,0,Active/Censored
C00790,21,40,6692135,3,24,49,0,0.39427851173063005,1,Mass,60.0,0,Active/Censored
C00791,25,16,30268734,4,17,47,1,0.19394360389638826,4,Mass,13.8,0,Active/Censored
C00792,41,23,7966121,3,27,53,1,0.9383408732693616,2,Mass,60.0,0,Active/Censored
C00793,53,33,6755836,2,23,87,1,0.6288653487018782,3,Mass,44.5,0,Active/Censored
C00794,58,80,28910455,3,27,54,2,0.2061903623713061,0,Mass,60.0,0,Active/Censored
C00795,40,108,21213962,2,23,39,2,0.7381295025564011,1,Mass,30.6,0,Active/Censored
C00796,34,35,27326681,4,16,64,1,0.5916906477323992,1,Mass,60.0,0,Active/Censored
C00797,64,84,34653457,1,18,73,1,0.7002960850336806,1,Mass,60.0,0,Active/Censored
C00798,41,10,6477786,4,28,93,1,0.576037736071895,1,Mass,33.7,1,Churned
C00799,35,4,22991104,4,24,91,0,0.10442049744776419,0,Affluent,1.0,0,Active/Censored
C00800,40,9,34039219,1,21,81,1,0.23291575868053105,0,Mass,11.3,0,Active/Censored
C00801,21,111,19850543,3,21,79,2,0.7418698984818352,1,Priority,42.7,0,Active/Censored
C00802,34,71,22843258,4,16,50,1,0.7289152988936809,0,Mass,8.8,0,Active/Censored
C00803,44,98,21922724,3,14,41,5,0.7284877981835955,1,Affluent,60.0,0,Active/Censored
C00804,62,5,36659105,2,21,61,1,0.06369324568425962,1,Affluent,7.8,0,Active/Censored
C00805,54,5,5796167,4,20,74,2,0.7746357122227491,0,Affluent,1.0,0,Active/Censored
C00806,56,103,35607671,3,17,57,3,0.44521537530420024,1,Affluent,25.7,0,Active/Censored
C00807,45,15,33389791,1,18,28,2,0.6742953062090302,1,Mass,30.6,0,Active/Censored
C00808,25,21,33250279,1,19,11,2,0.2948717104466589,1,Mass,22.9,0,Active/Censored
C00809,38,64,18842339,3,16,15,1,0.7425757731378948,1,Affluent,43.4,0,Active/Censored
C00810,65,74,22572360,2,16,48,3,0.9340535919294805,1,Mass,60.0,1,Churned
C00811,22,30,17283415,1,23,82,1,0.2781848756293874,1,Affluent,60.0,0,Active/Censored
C00812,60,55,13061583,4,18,81,1,0.7557778763751914,0,Affluent,39.8,0,Active/Censored
C00813,51,82,35515644,1,23,83,1,0.5944554077260253,1,Mass,60.0,0,Active/Censored
C00814,33,55,22215118,1,17,74,2,0.2957862352331074,2,Mass,49.3,0,Active/Censored
C00815,56,48,30040464,2,17,12,0,0.31492133944758177,1,Affluent,60.0,0,Active/Censored
C00816,58,11,7629209,1,14,90,0,0.7084739046403913,1,Affluent,3.2,0,Active/Censored
C00817,22,56,32401339,2,20,96,0,0.30591138073653723,0,Affluent,32.0,0,Active/Censored
C00818,25,97,27718461,4,19,87,2,0.09301421046870717,4,Affluent,60.0,0,Active/Censored
C00819,50,76,39913972,4,15,50,0,0.8365642698651797,0,Mass,60.0,0,Active/Censored
C00820,65,108,8823179,4,24,29,2,0.5800543283372076,0,Mass,40.8,0,Active/Censored
C00821,22,17,23441453,2,14,92,0,0.7326262696153206,1,Mass,41.7,0,Active/Censored
C00822,50,4,22402226,1,13,26,1,0.5929013647522433,1,Mass,10.4,0,Active/Censored
C00823,27,67,23382387,4,17,81,3,0.514811692112489,0,Affluent,30.1,0,Active/Censored
C00824,50,24,5957751,2,18,97,0,0.7429841430681559,1,Affluent,42.9,0,Active/Censored
C00825,49,73,21032397,3,18,91,2,0.07894069646273483,0,Affluent,31.8,0,Active/Censored
C00826,25,109,14782449,1,19,57,1,0.3306978387455575,2,Mass,9.6,0,Active/Censored
C00827,51,42,26224722,3,19,85,3,0.6147218529893012,0,Mass,24.7,0,Active/Censored
C00828,61,67,12354896,3,13,85,2,0.8995772253354706,0,Mass,43.0,0,Active/Censored
C00829,59,83,19661876,4,11,98,1,0.4042856508069842,1,Mass,40.6,0,Active/Censored
C00830,22,20,26321135,1,10,42,1,0.9277618147367459,1,Mass,60.0,0,Active/Censored
C00831,32,108,6305633,2,23,67,0,0.7297536758327458,2,Mass,60.0,0,Active/Censored
C00832,31,26,32324321,4,18,84,0,0.4864068043226377,1,Mass,25.4,0,Active/Censored
C00833,41,98,29766451,2,26,30,1,0.4362425653179212,0,Mass,7.3,0,Active/Censored
C00834,27,80,6062906,3,13,30,1,0.1664982670425248,1,Affluent,42.2,0,Active/Censored
C00835,59,19,6330493,1,21,45,2,0.6036747265541632,0,Affluent,60.0,0,Active/Censored
C00836,55,88,34610212,3,23,42,1,0.0971183007715317,0,Mass,26.6,0,Active/Censored
C00837,57,26,14199909,2,19,78,1,0.4361668928766402,0,Affluent,60.0,0,Active/Censored
C00838,29,73,34987637,3,21,95,0,0.26393788645321475,0,Mass,7.4,0,Active/Censored
C00839,21,116,21973095,4,26,24,0,0.9106574870354811,1,Mass,33.7,0,Active/Censored
C00840,61,115,16321686,3,16,39,4,0.3769375600352367,0,Affluent,44.8,0,Active/Censored
C00841,34,105,13848172,2,21,94,0,0.4903283550015124,1,Mass,56.7,0,Active/Censored
C00842,50,61,27724146,1,19,64,0,0.38794379137268015,2,Affluent,3.0,0,Active/Censored
C00843,61,69,7950169,2,16,28,2,0.1734888218801141,1,Mass,51.7,0,Active/Censored
C00844,22,38,18494069,4,21,64,0,0.36732384136720025,0,Mass,26.9,0,Active/Censored
C00845,21,111,16450823,1,17,89,2,0.7510989552657172,0,Mass,60.0,0,Active/Censored
C00846,21,59,9550871,3,23,44,2,0.6090761082697714,2,Mass,60.0,0,Active/Censored
C00847,28,94,16701609,2,17,54,2,0.44367350263239186,1,Mass,53.3,0,Active/Censored
C00848,23,45,23031847,2,16,65,1,0.788513602739282,1,Mass,60.0,0,Active/Censored
C00849,57,90,28392273,3,15,86,0,0.05373387368423024,0,Mass,53.8,0,Active/Censored
C00850,48,29,7108948,2,16,61,0,0.793940720281938,3,Mass,60.0,1,Churned
C00851,65,89,35406330,2,19,97,0,0.10358202435705169,0,Mass,60.0,0,Active/Censored
C00852,57,8,35624997,3,14,78,0,0.8332447180199298,1,Affluent,3.6,0,Active/Censored
C00853,64,15,28911181,4,11,48,3,0.9028148421752,1,Affluent,41.6,0,Active/Censored
C00854,31,44,37274431,4,18,54,2,0.7872525492253427,2,Affluent,53.3,0,Active/Censored
C00855,33,59,19406055,3,24,73,0,0.06763439350661171,0,Affluent,60.0,0,Active/Censored
C00856,59,86,33578072,3,14,16,0,0.5235871680491146,1,Mass,54.3,0,Active/Censored
C00857,32,45,30181620,4,16,30,1,0.795916654476303,1,Affluent,40.6,0,Active/Censored
C00858,23,5,24251012,2,19,31,1,0.5405147258853366,0,Affluent,60.0,0,Active/Censored
C00859,51,41,10462186,2,14,82,2,0.3739430354411417,0,Affluent,36.3,0,Active/Censored
C00860,57,54,24073549,2,20,84,2,0.4736258840602708,0,Affluent,60.0,0,Active/Censored
C00861,64,67,36448583,3,17,84,2,0.12262451979581454,0,Priority,29.5,0,Active/Censored
C00862,62,78,39445865,3,20,19,4,0.49668228036128126,3,Mass,5.8,0,Active/Censored
C00863,26,32,20130399,1,18,36,0,0.07506214511285625,0,Priority,60.0,0,Active/Censored
C00864,55,75,12924460,4,24,38,0,0.6297039030474489,0,Mass,14.5,0,Active/Censored
C00865,59,77,30910278,2,19,12,5,0.401407027772554,1,Mass,1.0,0,Active/Censored
C00866,52,94,6734141,4,17,33,0,0.22220868247025655,0,Mass,60.0,0,Active/Censored
C00867,57,64,9439350,3,21,49,2,0.065644610987578,1,Mass,24.1,0,Active/Censored
C00868,58,98,24229873,4,26,90,2,0.8799071128064817,1,Mass,48.9,0,Active/Censored
C00869,41,29,39647316,3,17,25,3,0.5506871243754985,1,Mass,1.0,1,Churned
C00870,22,86,15836281,3,22,88,1,0.6322580470837732,1,Mass,60.0,0,Active/Censored
C00871,41,8,19959667,1,23,84,4,0.7514219430678568,0,Affluent,5.1,0,Active/Censored
C00872,30,15,15604195,2,25,24,1,0.6139313799618311,0,Mass,10.8,0,Active/Censored
C00873,26,105,19858157,4,18,33,0,0.4217936301617777,0,Mass,60.0,0,Active/Censored
C00874,26,59,4255072,2,14,51,4,0.6148293827296744,1,Affluent,22.8,1,Churned
C00875,52,76,25410014,1,14,95,0,0.27726492174352185,1,Affluent,25.5,0,Active/Censored
C00876,43,74,25464618,1,19,81,0,0.5552164704683383,0,Affluent,1.0,0,Active/Censored
C00877,45,84,15360281,3,16,98,1,0.23502857117168868,0,Mass,60.0,0,Active/Censored
C00878,54,31,13505213,3,16,38,0,0.8756805246248437,1,Priority,57.4,0,Active/Censored
C00879,45,24,31417775,4,29,92,1,0.5086109109580266,0,Affluent,60.0,0,Active/Censored
C00880,49,8,10762907,4,19,97,1,0.2604562527437037,0,Mass,60.0,0,Active/Censored
C00881,24,105,5694414,3,19,64,1,0.6256692732811202,1,Mass,60.0,0,Active/Censored
C00882,59,29,5455549,3,22,24,1,0.13128764314195285,0,Mass,60.0,0,Active/Censored
C00883,41,70,35743131,4,22,34,0,0.4406171167496077,1,Affluent,20.9,0,Active/Censored
C00884,27,56,17117016,1,25,21,2,0.8293681570487071,2,Affluent,60.0,0,Active/Censored
C00885,57,22,7665962,3,20,83,2,0.7410726526544051,2,Affluent,60.0,0,Active/Censored
C00886,54,51,35642879,2,19,38,0,0.6830955732849829,0,Priority,38.4,0,Active/Censored
C00887,23,12,9350425,4,18,73,2,0.4735430083795594,1,Affluent,60.0,0,Active/Censored
C00888,29,23,16120149,4,16,34,2,0.45219120610638885,1,Mass,60.0,1,Churned
C00889,21,19,4744748,3,13,98,0,0.06017866481480494,2,Mass,35.4,0,Active/Censored
C00890,33,100,28446671,3,10,80,0,0.5900341521498347,1,Mass,44.4,0,Active/Censored
C00891,25,69,29174833,3,9,44,0,0.5693074981622368,1,Mass,25.5,0,Active/Censored
C00892,52,112,31235690,3,13,53,3,0.054751118860121,0,Mass,60.0,0,Active/Censored
C00893,44,54,13469573,1,23,15,2,0.1733391852188365,0,Mass,60.0,0,Active/Censored
C00894,65,26,15811629,2,14,22,1,0.061192540290406494,0,Affluent,30.4,0,Active/Censored
C00895,54,74,37772315,3,15,100,0,0.27786105136293626,0,Mass,60.0,0,Active/Censored
C00896,48,112,33579066,3,19,84,0,0.05346780978222261,0,Affluent,48.1,0,Active/Censored
C00897,43,65,5337649,1,11,86,1,0.4256323324062701,0,Priority,60.0,0,Active/Censored
C00898,23,5,28907667,4,26,68,0,0.47875380919964033,1,Mass,60.0,0,Active/Censored
C00899,24,38,33258633,4,14,30,1,0.4433734945938167,0,Mass,40.3,0,Active/Censored
C00900,48,112,24132720,3,16,19,3,0.22945028507084225,1,Mass,46.8,0,Active/Censored
C00901,21,64,27036650,1,21,76,2,0.5212033068784017,2,Affluent,60.0,0,Active/Censored
C00902,22,115,4035728,4,16,40,2,0.7826851594854536,1,Affluent,41.0,0,Active/Censored
C00903,30,63,5081886,1,16,10,0,0.3120937255062714,0,Mass,60.0,1,Churned
C00904,60,4,5263267,2,19,12,2,0.3313178908909629,1,Affluent,39.0,0,Active/Censored
C00905,41,106,9723160,4,18,60,0,0.538543258277996,1,Affluent,1.6,0,Active/Censored
C00906,52,93,39671170,3,13,86,0,0.26037895322545257,0,Mass,29.7,0,Active/Censored
C00907,39,87,26836725,1,25,43,2,0.3540076947477197,0,Affluent,15.3,0,Active/Censored
C00908,28,117,32162221,1,15,100,2,0.4571935017701467,1,Mass,60.0,0,Active/Censored
C00909,37,26,14641060,2,27,44,1,0.39767216204873707,3,Mass,57.1,0,Active/Censored
C00910,25,109,37752349,3,17,76,1,0.7864090734035012,1,Priority,3.3,0,Active/Censored
C00911,55,30,11160930,3,15,32,1,0.8140942045266577,2,Mass,30.4,0,Active/Censored
C00912,29,117,36482915,1,16,65,3,0.4125906274223513,0,Affluent,1.0,0,Active/Censored
C00913,37,25,5108590,1,17,35,1,0.45300789488048454,0,Affluent,11.7,1,Churned
C00914,65,67,4735947,3,17,80,3,0.9112047135815706,3,Mass,49.2,0,Active/Censored
C00915,47,96,6840300,1,12,51,0,0.5027787607291492,3,Affluent,48.8,1,Churned
C00916,41,12,32506502,1,20,13,1,0.94372884623268,2,Mass,40.6,0,Active/Censored
C00917,45,10,13269900,2,16,32,0,0.7365224954188737,1,Mass,57.2,0,Active/Censored
C00918,56,103,20241246,3,15,42,1,0.28780899877843,3,Mass,60.0,0,Active/Censored
C00919,32,10,20967267,1,24,52,0,0.25618339878161384,2,Affluent,60.0,0,Active/Censored
C00920,49,75,32424095,1,17,34,0,0.1931580392110368,1,Priority,9.0,0,Active/Censored
C00921,60,113,16554423,1,18,62,1,0.7755311535828701,1,Mass,60.0,0,Active/Censored
C00922,46,75,4241768,2,26,97,0,0.32617583795815785,1,Mass,17.6,0,Active/Censored
C00923,41,59,17913172,1,14,74,2,0.6582132591957294,1,Priority,52.3,0,Active/Censored
C00924,27,52,14375174,1,19,38,1,0.5361225345879895,0,Affluent,19.2,0,Active/Censored
C00925,32,78,30311667,2,18,71,3,0.7933975726160205,2,Mass,60.0,0,Active/Censored
C00926,63,70,31047655,1,20,97,1,0.7257356902768436,1,Mass,56.0,0,Active/Censored
C00927,45,62,7310479,2,19,32,2,0.10737403192378439,0,Mass,22.0,0,Active/Censored
C00928,34,21,32548748,3,20,31,2,0.3545848484646398,1,Mass,2.1,0,Active/Censored
C00929,39,81,6537707,1,12,13,2,0.5180888409264028,0,Mass,57.7,0,Active/Censored
C00930,47,90,26309725,3,21,86,3,0.7732750210288942,2,Affluent,10.5,0,Active/Censored
C00931,45,86,18014205,3,19,85,3,0.6926247840997601,1,Affluent,60.0,0,Active/Censored
C00932,52,11,14845222,3,16,47,2,0.5444635556015185,1,Mass,60.0,0,Active/Censored
C00933,32,85,21394700,3,18,89,1,0.7775378064695625,0,Affluent,60.0,0,Active/Censored
C00934,50,89,15173053,4,13,69,2,0.44143562849874124,1,Mass,46.8,0,Active/Censored
C00935,40,24,32579091,1,14,99,1,0.10009361653328067,1,Affluent,13.2,0,Active/Censored
C00936,63,103,38803502,1,22,93,2,0.8334821557536713,2,Mass,35.2,0,Active/Censored
C00937,28,64,33368771,2,13,97,2,0.5239340167068327,0,Mass,60.0,0,Active/Censored
C00938,27,58,19811638,3,24,45,0,0.7775627786275895,2,Mass,39.5,0,Active/Censored
C00939,41,88,22118265,4,16,67,2,0.4028735461583055,0,Mass,47.1,0,Active/Censored
C00940,43,63,20096519,4,21,25,2,0.579697026691536,2,Affluent,14.1,1,Churned
C00941,52,67,32567462,3,12,91,1,0.34798370491659225,0,Mass,44.7,0,Active/Censored
C00942,39,39,20852501,2,19,38,1,0.4186174770008484,0,Mass,60.0,0,Active/Censored
C00943,62,112,18742084,2,17,50,1,0.18265839951470636,2,Mass,6.9,0,Active/Censored
C00944,42,117,17501638,1,19,64,0,0.7174432102193583,2,Affluent,60.0,0,Active/Censored
C00945,26,18,23896176,2,23,81,2,0.30225587539852894,0,Affluent,60.0,0,Active/Censored
C00946,26,89,28803830,3,17,76,1,0.32155803000559735,0,Affluent,28.5,0,Active/Censored
C00947,64,5,19564075,1,19,96,1,0.3687700663020323,0,Affluent,58.5,0,Active/Censored
C00948,27,46,33039809,4,15,74,1,0.43891350475748114,0,Affluent,54.9,0,Active/Censored
C00949,63,117,33761737,4,19,82,3,0.5685475208192279,1,Mass,16.5,0,Active/Censored
C00950,33,23,19446823,2,19,62,0,0.6645259685259198,0,Affluent,45.3,0,Active/Censored
C00951,25,47,36725836,4,17,47,0,0.6581205577617825,1,Mass,3.9,0,Active/Censored
C00952,34,28,10229492,1,21,93,1,0.4313128243354645,1,Affluent,42.4,0,Active/Censored
C00953,48,88,37555969,4,18,44,1,0.4837016008230426,3,Priority,60.0,0,Active/Censored
C00954,40,57,14587602,4,22,66,2,0.17628846616026939,1,Mass,60.0,0,Active/Censored
C00955,56,72,24314663,1,13,36,4,0.5193554744284483,1,Mass,2.1,1,Churned
C00956,48,114,14209035,3,23,53,1,0.8393510319520898,1,Mass,3.7,0,Active/Censored
C00957,39,64,19917348,2,20,43,2,0.4644048931352655,0,Priority,1.2,0,Active/Censored
C00958,49,89,16242216,4,18,33,0,0.8942122337894141,1,Mass,1.0,0,Active/Censored
C00959,64,14,29388642,1,15,84,1,0.19020518593678842,2,Affluent,60.0,0,Active/Censored
C00960,39,28,6922826,1,23,79,2,0.7132185132235933,1,Mass,54.4,0,Active/Censored
C00961,27,114,34179649,2,11,73,0,0.6871900193415633,2,Mass,32.7,0,Active/Censored
C00962,39,104,36538435,1,23,17,1,0.6633760582180602,0,Mass,60.0,0,Active/Censored
C00963,58,80,24267360,2,30,32,3,0.6465714794242594,0,Affluent,60.0,0,Active/Censored
C00964,30,47,23701894,3,19,29,1,0.07007744621918024,2,Mass,53.3,0,Active/Censored
C00965,63,26,29199316,3,19,74,1,0.7179100268468944,0,Priority,60.0,0,Active/Censored
C00966,47,103,11166674,3,20,91,2,0.49971584731360946,0,Affluent,39.4,0,Active/Censored
C00967,48,95,30990256,1,22,44,1,0.521767570729991,1,Priority,49.3,0,Active/Censored
C00968,35,31,11872225,1,13,40,0,0.09578537619007768,5,Mass,55.7,0,Active/Censored
C00969,62,72,28350175,4,15,60,2,0.21954301548136046,2,Mass,49.9,0,Active/Censored
C00970,22,76,15000809,2,17,99,1,0.8699062168068437,0,Mass,60.0,0,Active/Censored
C00971,34,59,30860808,1,20,43,2,0.33397550309738827,0,Mass,18.1,0,Active/Censored
C00972,39,112,32478064,2,11,35,3,0.4044921985538852,2,Mass,60.0,0,Active/Censored
C00973,42,17,11511231,1,32,57,1,0.22028316727512282,0,Mass,31.4,0,Active/Censored
C00974,42,33,26227648,2,24,93,0,0.6189717039280545,2,Priority,47.7,0,Active/Censored
C00975,27,14,21941483,4,20,76,2,0.7166307882261446,1,Mass,5.7,0,Active/Censored
C00976,31,84,14585446,2,23,57,4,0.8791356572993558,0,Mass,1.0,0,Active/Censored
C00977,25,78,25177667,3,18,76,1,0.5558572524125648,1,Affluent,6.6,0,Active/Censored
C00978,46,119,39735889,2,18,11,1,0.2980676127340799,1,Mass,47.1,0,Active/Censored
C00979,36,66,4089205,2,16,78,1,0.1138669833664382,1,Mass,60.0,0,Active/Censored
C00980,46,20,38447541,3,22,18,2,0.28949849422628365,2,Priority,60.0,0,Active/Censored
C00981,47,56,34814650,3,14,45,0,0.6065280880695524,1,Mass,19.0,0,Active/Censored
C00982,52,13,23057450,2,17,41,0,0.9266932117559656,0,Mass,60.0,0,Active/Censored
C00983,45,82,25960882,1,22,72,1,0.12127803599211431,0,Mass,16.1,0,Active/Censored
C00984,50,82,17290882,4,19,31,1,0.39952979427808255,2,Mass,26.2,0,Active/Censored
C00985,47,104,8648907,1,10,31,2,0.650512138472884,1,Mass,34.7,0,Active/Censored
C00986,50,43,24573141,4,21,90,3,0.5671138497844773,0,Affluent,10.3,0,Active/Censored
C00987,48,39,33388854,2,26,53,0,0.6365233428774915,0,Mass,22.3,0,Active/Censored
C00988,35,11,12319915,4,24,77,2,0.4668876245211615,1,Mass,57.9,0,Active/Censored
C00989,32,51,29814050,2,18,63,0,0.29033303489418527,2,Mass,11.0,0,Active/Censored
C00990,56,59,30929872,3,25,66,0,0.4844770377914646,0,Priority,14.5,0,Active/Censored
C00991,36,92,31298783,3,22,72,1,0.39338251694319015,2,Mass,60.0,0,Active/Censored
C00992,45,91,16240001,2,19,70,2,0.6883677782856956,0,Mass,60.0,0,Active/Censored
C00993,29,19,18113528,1,15,92,0,0.20446234013190945,0,Mass,27.8,0,Active/Censored
C00994,40,36,18983639,3,23,81,0,0.4965331396745709,0,Mass,44.1,0,Active/Censored
C00995,44,63,34751290,3,18,37,1,0.9131563031427694,0,Mass,59.7,0,Active/Censored
C00996,49,42,36416199,2,29,25,3,0.5286145619358403,1,Mass,60.0,0,Active/Censored
C00997,44,6,18904992,4,13,86,2,0.2634885273065854,1,Mass,60.0,0,Active/Censored
C00998,37,102,38919178,3,12,43,1,0.892265266220625,2,Mass,60.0,0,Active/Censored
C00999,64,89,24538329,1,17,38,2,0.2697416481688841,0,Affluent,46.0,0,Active/Censored
C01000,44,64,17862082,4,20,20,0,0.7260621241943166,1,Mass,48.7,0,Active/Censored
C01001,57,40,4023122,1,15,60,2,0.1485781340656511,4,Mass,43.1,0,Active/Censored
C01002,54,102,25998733,3,7,56,0,0.8168806488248,0,Mass,60.0,0,Active/Censored
C01003,46,7,27215432,2,26,85,0,0.21251712884472052,0,Mass,39.9,0,Active/Censored
C01004,60,55,38861770,3,14,78,2,0.40476152132143356,1,Mass,27.8,0,Active/Censored
C01005,26,97,29854328,4,27,75,1,0.9190583011445763,0,Mass,60.0,0,Active/Censored
C01006,62,115,5068273,3,15,59,1,0.5714552549354749,1,Mass,60.0,0,Active/Censored
C01007,59,32,24415937,3,18,88,2,0.28759634233260495,0,Mass,9.2,0,Active/Censored
C01008,43,79,30740025,4,19,99,1,0.05056445206577222,0,Mass,60.0,0,Active/Censored
C01009,54,25,21876117,3,20,84,0,0.056110301042085524,0,Mass,60.0,0,Active/Censored
C01010,44,16,19456643,4,20,41,2,0.2971289120188224,0,Mass,60.0,0,Active/Censored
C01011,33,44,33157713,2,13,35,1,0.5241693137102453,0,Mass,30.1,0,Active/Censored
C01012,56,107,26009383,1,21,10,2,0.48640214178145247,0,Mass,25.7,0,Active/Censored
C01013,32,84,28529417,1,24,100,2,0.8796934681574123,1,Mass,60.0,0,Active/Censored
C01014,35,60,20707747,3,15,76,1,0.7376847033570557,2,Mass,60.0,0,Active/Censored
C01015,44,36,14010665,3,16,95,0,0.882262072340695,2,Priority,25.7,0,Active/Censored
C01016,58,19,22687278,1,17,81,2,0.5106003694879221,0,Mass,16.6,0,Active/Censored
C01017,38,34,38526640,1,22,49,0,0.451999770930591,0,Mass,60.0,0,Active/Censored
C01018,43,21,25696123,4,17,23,0,0.5594794674083381,2,Affluent,17.8,0,Active/Censored
C01019,22,25,29461618,3,18,14,0,0.3849314789390663,0,Mass,60.0,0,Active/Censored
C01020,26,84,8468786,4,15,82,1,0.23973034220344902,2,Mass,46.6,0,Active/Censored
C01021,23,18,39565801,1,13,37,3,0.8029945026210028,2,Affluent,60.0,0,Active/Censored
C01022,24,8,12809294,1,16,44,4,0.6624784252050644,1,Mass,60.0,0,Active/Censored
C01023,60,66,38965407,2,16,86,0,0.34309228300270345,0,Affluent,19.8,0,Active/Censored
C01024,58,36,20047410,4,17,53,3,0.4516531150103878,3,Mass,60.0,0,Active/Censored
C01025,57,56,37080750,3,20,96,0,0.25290305129402163,1,Mass,19.3,0,Active/Censored
C01026,23,19,36105237,4,17,59,2,0.5565551509940991,0,Mass,12.9,0,Active/Censored
C01027,24,27,31193375,2,22,85,2,0.3725223288645017,1,Affluent,60.0,0,Active/Censored
C01028,33,55,36990676,2,20,21,0,0.8380177857213996,1,Mass,48.4,0,Active/Censored
C01029,46,84,25939457,3,17,46,2,0.5255266464108171,0,Mass,4.9,0,Active/Censored
C01030,36,51,34555884,4,9,26,0,0.42055757393281634,0,Priority,12.0,0,Active/Censored
C01031,42,66,10198143,2,17,15,0,0.7246577874859279,1,Priority,7.8,1,Churned
C01032,28,64,6530232,3,21,100,1,0.8645911614227885,0,Mass,37.5,0,Active/Censored
C01033,53,34,23560651,4,13,57,0,0.785677187863207,0,Mass,60.0,0,Active/Censored
C01034,35,35,33154505,2,21,42,1,0.4954253856765429,0,Affluent,60.0,0,Active/Censored
C01035,23,53,31553554,4,10,44,4,0.3707990033272083,3,Affluent,39.1,1,Churned
C01036,54,6,23004239,3,20,31,1,0.6459164088267734,0,Priority,56.0,0,Active/Censored
C01037,61,83,22750857,4,20,21,0,0.7851812391420293,3,Affluent,60.0,0,Active/Censored
C01038,21,75,25954414,2,19,93,1,0.9307756196028528,0,Affluent,60.0,0,Active/Censored
C01039,40,39,35256608,3,20,19,0,0.4615261123628626,0,Mass,60.0,0,Active/Censored
C01040,58,47,34305410,2,8,45,1,0.6514161293185187,0,Mass,60.0,0,Active/Censored
C01041,52,41,7947612,3,25,23,0,0.31379292788872154,0,Mass,60.0,0,Active/Censored
C01042,59,79,25446681,2,23,94,0,0.12871696680798178,1,Affluent,43.3,0,Active/Censored
C01043,39,92,17713852,3,18,28,0,0.27775195503378297,0,Mass,37.8,0,Active/Censored
C01044,37,15,32778841,4,20,45,1,0.06304112077531296,2,Mass,60.0,0,Active/Censored
C01045,52,51,22214719,2,18,78,0,0.5084848389980521,0,Mass,60.0,0,Active/Censored
C01046,27,4,39688355,2,17,61,3,0.3858405013507307,3,Priority,10.8,1,Churned
C01047,31,56,19563710,2,16,44,3,0.6604473288762035,2,Mass,32.0,0,Active/Censored
C01048,48,32,28447992,3,16,61,0,0.6037826308856677,0,Affluent,1.0,1,Churned
C01049,51,42,7909115,3,15,49,0,0.20107979099997514,2,Affluent,54.3,0,Active/Censored
C01050,26,56,37564965,3,20,36,1,0.6564394350336088,2,Mass,32.6,0,Active/Censored
C01051,43,41,9527018,1,12,64,1,0.2186602021886827,0,Mass,13.5,0,Active/Censored
C01052,37,49,17621384,1,14,43,1,0.05535782982424984,0,Mass,36.2,0,Active/Censored
C01053,43,93,34154222,1,18,97,1,0.9231733966635185,1,Affluent,60.0,0,Active/Censored
C01054,64,98,38827089,4,17,52,2,0.07428654234222676,1,Mass,47.9,0,Active/Censored
C01055,24,3,21437833,4,25,78,4,0.35757416903583666,4,Priority,60.0,0,Active/Censored
C01056,65,47,21449957,1,20,31,4,0.6237601168555491,0,Affluent,10.8,0,Active/Censored
C01057,41,102,5754007,1,20,68,0,0.3833370834426773,0,Mass,41.5,0,Active/Censored
C01058,55,65,39239434,4,24,60,3,0.3930882392672725,1,Mass,1.0,0,Active/Censored
C01059,40,27,4593685,3,13,77,1,0.7004547864097657,0,Mass,57.7,0,Active/Censored
C01060,34,73,4939098,2,21,52,1,0.5919385410162771,0,Mass,60.0,0,Active/Censored
C01061,55,20,21045114,3,20,75,2,0.5165397016488634,1,Mass,13.7,0,Active/Censored
C01062,51,5,4130790,1,20,15,2,0.8476850604953965,0,Mass,13.8,0,Active/Censored
C01063,27,77,9917634,1,19,72,3,0.14730228143348756,1,Priority,15.8,0,Active/Censored
C01064,52,63,26597917,2,23,78,0,0.4727907879026062,3,Affluent,60.0,0,Active/Censored
C01065,54,92,29384534,4,15,55,1,0.2651600682696544,0,Affluent,13.9,0,Active/Censored
C01066,38,43,14734244,4,23,13,2,0.08312706335066951,1,Mass,31.2,0,Active/Censored
C01067,62,103,32631644,1,16,61,2,0.9311303319640645,2,Affluent,48.6,0,Active/Censored
C01068,49,52,25877754,3,18,81,0,0.7106241445332167,1,Affluent,24.0,0,Active/Censored
C01069,36,90,12218681,4,16,51,1,0.24456696439222192,0,Mass,60.0,0,Active/Censored
C01070,21,14,29647950,4,12,18,0,0.412190829639395,0,Affluent,8.6,0,Active/Censored
C01071,51,14,25318370,4,19,45,1,0.2534218193785814,2,Affluent,13.9,0,Active/Censored
C01072,30,95,33236052,1,16,100,2,0.6663697573854211,1,Priority,21.3,0,Active/Censored
C01073,55,101,9560007,1,17,34,1,0.365402364295085,0,Mass,10.9,1,Churned
C01074,44,114,12310770,1,7,58,3,0.8778763236794576,2,Affluent,4.8,0,Active/Censored
C01075,42,41,14928975,1,16,42,1,0.23679969723586924,1,Mass,26.2,0,Active/Censored
C01076,28,5,16290936,1,21,74,0,0.36484356589280614,1,Mass,53.0,0,Active/Censored
C01077,53,118,35996637,2,9,48,0,0.8886330374392022,1,Mass,14.3,0,Active/Censored
C01078,28,73,30371493,3,18,44,0,0.8462126786918719,0,Mass,29.4,0,Active/Censored
C01079,39,32,23587531,2,21,62,1,0.31385313138474946,1,Mass,60.0,0,Active/Censored
C01080,58,93,23456337,2,16,62,2,0.48476180991845236,2,Mass,58.6,0,Active/Censored
C01081,62,109,35891993,1,16,55,0,0.84533448510777,2,Mass,14.7,0,Active/Censored
C01082,65,36,20084614,1,18,33,1,0.653571104607138,0,Affluent,30.8,0,Active/Censored
C01083,64,93,12108920,4,18,19,0,0.6235517131999576,1,Affluent,5.7,0,Active/Censored
C01084,46,95,8928367,3,15,72,3,0.6445027130840508,2,Affluent,60.0,0,Active/Censored
C01085,30,62,15880876,1,16,40,1,0.8788830208006554,1,Mass,22.8,0,Active/Censored
C01086,58,77,27518560,4,20,65,1,0.5154564566390841,3,Priority,8.5,0,Active/Censored
C01087,57,34,20954276,4,20,44,1,0.21360187450560825,0,Mass,33.2,0,Active/Censored
C01088,65,112,19184174,4,21,87,1,0.47545137849050223,0,Mass,43.1,0,Active/Censored
C01089,50,119,21282882,1,17,74,0,0.7059994716275931,0,Mass,60.0,0,Active/Censored
C01090,27,118,39095492,3,23,46,3,0.4929208826340196,0,Mass,20.3,0,Active/Censored
C01091,43,89,39915326,4,19,40,0,0.3319364519236311,1,Affluent,38.6,0,Active/Censored
C01092,41,7,9806528,4,17,78,1,0.6496969207584392,1,Mass,39.9,0,Active/Censored
C01093,58,46,8120031,1,23,10,1,0.4552067775555912,0,Priority,4.9,1,Churned
C01094,38,55,12795100,4,14,15,2,0.9165382351901352,1,Mass,60.0,0,Active/Censored
C01095,35,116,34670741,2,13,17,1,0.3669264958261513,2,Mass,18.7,0,Active/Censored
C01096,24,67,20542548,2,14,41,0,0.6957382312659304,3,Mass,52.5,0,Active/Censored
C01097,58,66,35092553,3,11,55,1,0.5495647909278997,1,Mass,60.0,0,Active/Censored
C01098,54,20,27283039,4,20,36,2,0.11980829605948153,0,Priority,60.0,0,Active/Censored
C01099,22,96,23915150,1,17,27,3,0.4727821257367512,1,Mass,60.0,0,Active/Censored
C01100,40,42,14134535,3,11,38,1,0.07624736794889914,0,Mass,60.0,0,Active/Censored
C01101,42,13,16385338,4,21,55,0,0.7608485327957837,0,Affluent,14.5,0,Active/Censored
C01102,42,119,9317837,3,13,37,0,0.7110770767045297,1,Mass,60.0,0,Active/Censored
C01103,62,25,22692139,2,14,62,2,0.09546065414591678,0,Mass,37.2,0,Active/Censored
C01104,27,4,14093450,1,15,44,1,0.4997252422362682,2,Mass,60.0,0,Active/Censored
C01105,34,12,14528837,3,14,94,3,0.9153855163015281,0,Mass,60.0,0,Active/Censored
C01106,29,56,5423687,3,20,100,1,0.30617490220422966,0,Affluent,27.6,0,Active/Censored
C01107,31,15,32767868,3,23,69,1,0.8638729675946598,1,Affluent,20.7,0,Active/Censored
C01108,61,102,37813414,4,21,60,2,0.18598339379049467,2,Mass,60.0,0,Active/Censored
C01109,63,63,21938049,3,19,12,0,0.05594220840153109,3,Affluent,51.5,0,Active/Censored
C01110,23,41,23297160,3,19,66,2,0.5274692467034073,0,Affluent,28.3,0,Active/Censored
C01111,49,3,37330318,1,17,44,1,0.26531897716699493,2,Mass,60.0,0,Active/Censored
C01112,31,59,22413377,3,15,36,2,0.8413017818492199,0,Mass,29.6,0,Active/Censored
C01113,29,20,26416888,1,14,82,1,0.6565298040186939,2,Mass,17.7,1,Churned
C01114,34,118,19411431,3,19,13,1,0.6682013184275659,0,Mass,22.8,1,Churned
C01115,29,37,22515495,1,15,33,1,0.6559523625097161,0,Mass,6.2,0,Active/Censored
C01116,43,59,22787111,4,24,80,1,0.661061903571854,1,Mass,60.0,0,Active/Censored
C01117,65,5,29598496,2,17,94,1,0.7224033708117026,1,Mass,43.3,0,Active/Censored
C01118,47,18,25750749,2,28,56,2,0.6528988879840854,0,Affluent,55.8,0,Active/Censored
C01119,53,27,22141586,1,27,58,2,0.8008477480154558,0,Mass,34.6,0,Active/Censored
C01120,43,9,6730299,1,19,98,3,0.5523099233222409,0,Priority,33.6,0,Active/Censored
C01121,21,88,36562228,4,19,18,1,0.3656194014755926,0,Mass,50.0,0,Active/Censored
C01122,24,114,35978031,2,11,53,2,0.4701624545157627,0,Mass,60.0,0,Active/Censored
C01123,33,119,10640054,3,21,31,0,0.4462115288288402,1,Affluent,59.8,0,Active/Censored
C01124,31,34,14559222,4,20,53,0,0.3492556743451568,1,Mass,6.1,0,Active/Censored
C01125,58,96,39040552,3,12,92,2,0.42392131025196444,0,Priority,60.0,1,Churned
C01126,58,62,15558241,1,19,64,3,0.39648807660143326,0,Mass,51.0,0,Active/Censored
C01127,59,8,33238859,2,19,100,1,0.150026252647687,1,Mass,49.1,0,Active/Censored
C01128,49,13,32286945,2,19,55,1,0.7974970709535051,1,Mass,60.0,0,Active/Censored
C01129,46,67,34986401,2,13,88,0,0.730819158108609,0,Mass,60.0,0,Active/Censored
C01130,50,52,4576027,1,19,25,2,0.3537848589180563,0,Affluent,60.0,0,Active/Censored
C01131,39,3,21384681,3,28,39,1,0.900618835156554,1,Affluent,11.4,0,Active/Censored
C01132,51,112,24358404,2,14,34,1,0.9044262865971203,0,Mass,55.6,0,Active/Censored
C01133,56,89,34139255,2,16,79,0,0.8210477520672962,0,Affluent,31.8,0,Active/Censored
C01134,55,62,12080817,2,19,56,0,0.07643555497440654,2,Affluent,58.3,0,Active/Censored
C01135,48,119,15043867,2,18,30,2,0.38409619475479245,0,Mass,18.5,0,Active/Censored
C01136,23,117,10476423,1,17,25,1,0.4616029100947136,1,Mass,31.4,0,Active/Censored
C01137,53,117,31430134,2,20,44,3,0.6968446542251311,0,Priority,37.5,0,Active/Censored
C01138,37,33,39959410,4,24,23,1,0.6213311009925726,1,Affluent,60.0,0,Active/Censored
C01139,54,106,9056205,3,22,73,1,0.6605407522304384,0,Mass,51.1,0,Active/Censored
C01140,45,62,12392155,3,15,87,2,0.7404920724214219,2,Mass,55.4,0,Active/Censored
C01141,60,88,15053868,4,20,98,2,0.9035918861621998,0,Affluent,11.2,0,Active/Censored
C01142,36,104,36005086,3,18,31,2,0.5463575305250468,0,Priority,1.0,0,Active/Censored
C01143,62,22,20046375,1,26,49,1,0.8636382180411085,1,Mass,35.5,0,Active/Censored
C01144,59,55,14149665,2,13,55,0,0.7833369965662793,0,Affluent,43.4,0,Active/Censored
C01145,35,18,15603509,2,19,55,2,0.35413182348122546,0,Mass,13.2,0,Active/Censored
C01146,42,35,25532295,2,21,51,0,0.7823034204704924,0,Mass,7.2,0,Active/Censored
C01147,44,51,17932616,1,14,30,2,0.1556107447757491,1,Affluent,48.7,0,Active/Censored
C01148,55,103,9054755,1,12,20,1,0.1928836615182546,1,Mass,15.2,0,Active/Censored
C01149,52,104,33523770,2,15,46,2,0.9431406369437435,2,Mass,31.5,0,Active/Censored
C01150,59,49,19200398,4,13,18,2,0.43581974110358185,2,Affluent,60.0,1,Churned
C01151,37,41,13240332,3,24,15,0,0.4645562216025367,1,Mass,60.0,0,Active/Censored
C01152,43,65,30223618,4,16,57,1,0.9059277808671101,1,Mass,60.0,0,Active/Censored
C01153,40,110,30830122,1,14,88,1,0.3756558075470529,0,Mass,30.1,0,Active/Censored
C01154,61,118,9581313,2,22,59,0,0.26326993765748224,0,Mass,58.3,0,Active/Censored
C01155,34,29,6653634,3,14,12,0,0.12003956369361359,0,Mass,60.0,1,Churned
C01156,47,25,5634906,2,18,86,0,0.5203578219838545,0,Mass,3.1,0,Active/Censored
C01157,26,86,31566607,2,17,72,0,0.2297202287357043,1,Priority,35.9,0,Active/Censored
C01158,59,38,26526694,2,15,37,2,0.10832543124594565,0,Affluent,60.0,0,Active/Censored
C01159,38,26,32512836,1,21,34,1,0.7817625135065326,0,Affluent,60.0,0,Active/Censored
C01160,36,6,26550638,4,21,91,0,0.3457372247074377,0,Mass,31.0,0,Active/Censored
C01161,47,50,18461155,4,16,53,1,0.5714511638255602,2,Mass,60.0,0,Active/Censored
C01162,43,49,25224055,1,18,22,1,0.14418107580298778,0,Affluent,41.4,0,Active/Censored
C01163,59,69,30009201,2,29,35,2,0.5050243697457177,0,Affluent,31.0,0,Active/Censored
C01164,44,26,18358415,3,16,34,1,0.6186561012762627,1,Affluent,60.0,0,Active/Censored
C01165,44,87,36944982,4,15,46,0,0.45487724984977496,0,Mass,5.1,0,Active/Censored
C01166,25,83,36385824,4,28,41,0,0.3537336347746232,0,Mass,60.0,0,Active/Censored
C01167,21,57,32825667,2,26,59,4,0.3298595309593983,0,Mass,11.2,0,Active/Censored
C01168,38,24,39721600,3,12,39,5,0.1484453776140165,0,Mass,11.4,0,Active/Censored
C01169,65,62,18056074,4,21,68,3,0.15412208875567218,1,Affluent,60.0,1,Churned
C01170,62,82,8107815,4,21,54,0,0.4961265466101008,0,Mass,10.5,0,Active/Censored
C01171,49,46,21431686,2,13,95,4,0.17494632849628927,0,Mass,60.0,0,Active/Censored
C01172,49,34,30852030,4,18,85,1,0.2511057577731894,0,Mass,60.0,0,Active/Censored
C01173,38,62,32056871,2,16,40,0,0.19833590518246452,4,Affluent,60.0,0,Active/Censored
C01174,28,44,17986708,1,20,13,1,0.7722359252007654,1,Affluent,11.0,0,Active/Censored
C01175,21,50,14533405,4,19,63,2,0.45474536090471174,2,Mass,55.2,0,Active/Censored
C01176,36,44,20037018,4,16,40,1,0.5473305782593466,0,Priority,60.0,0,Active/Censored
C01177,35,38,32939778,2,19,92,1,0.5746623332605746,1,Mass,53.2,0,Active/Censored
C01178,29,87,6181471,2,13,46,2,0.4067463855350885,1,Affluent,47.9,0,Active/Censored
C01179,32,57,15810561,2,16,36,0,0.31858794557899467,1,Affluent,8.2,0,Active/Censored
C01180,22,58,12275683,1,18,40,0,0.3942009589439805,2,Priority,32.8,0,Active/Censored
C01181,48,80,33015660,4,17,88,1,0.5313408776778431,0,Affluent,60.0,0,Active/Censored
C01182,62,45,20907683,1,9,20,0,0.37271953451594286,0,Mass,60.0,0,Active/Censored
C01183,52,14,7124815,3,11,97,1,0.1729543319417578,0,Mass,32.2,0,Active/Censored
C01184,41,103,13424328,1,25,31,0,0.8723182479292645,0,Affluent,60.0,0,Active/Censored
C01185,39,9,5598302,3,20,87,1,0.7091656177044291,2,Affluent,23.0,0,Active/Censored
C01186,34,70,21120017,4,19,59,2,0.10964287441871506,1,Mass,60.0,0,Active/Censored
C01187,27,34,39916316,3,23,61,1,0.8651299551254932,1,Affluent,60.0,0,Active/Censored
C01188,47,28,24420328,3,21,28,0,0.20341867101659533,1,Mass,34.9,0,Active/Censored
C01189,46,7,35300456,4,33,75,1,0.13795716514289386,0,Mass,60.0,0,Active/Censored
C01190,21,109,30733327,4,16,69,3,0.20589520796202482,0,Mass,9.7,0,Active/Censored
C01191,39,53,35782510,4,13,53,2,0.8897305150935471,2,Affluent,59.3,0,Active/Censored
C01192,33,43,15196566,1,16,51,2,0.2491648496631672,1,Affluent,34.7,0,Active/Censored
C01193,28,90,38246078,3,14,64,0,0.7582927331318041,2,Affluent,60.0,0,Active/Censored
C01194,52,7,12591130,4,5,52,0,0.6287344026878648,1,Mass,4.1,0,Active/Censored
C01195,44,69,19779387,2,21,98,1,0.5164007705293591,0,Mass,60.0,0,Active/Censored
C01196,49,61,28525858,3,19,13,0,0.3790342734470754,0,Mass,24.7,0,Active/Censored
C01197,53,68,14326079,1,23,32,0,0.13364069530523764,2,Mass,60.0,0,Active/Censored
C01198,65,17,13520433,4,17,87,2,0.6895893000213958,2,Mass,16.1,0,Active/Censored
C01199,57,115,8680899,3,22,82,2,0.405303327338681,2,Affluent,60.0,0,Active/Censored
C01200,48,31,4151277,3,18,41,2,0.5314875261523533,1,Affluent,50.0,0,Active/Censored
C01201,60,83,22043528,4,18,56,1,0.0965856343655675,0,Priority,60.0,0,Active/Censored
C01202,42,91,39523292,1,23,12,0,0.7483440468635825,0,Mass,4.8,0,Active/Censored
C01203,65,43,11921739,2,11,26,2,0.6730443616034851,2,Affluent,60.0,0,Active/Censored
C01204,55,18,19845747,4,25,95,0,0.5263703329219728,1,Mass,60.0,0,Active/Censored
C01205,50,38,37679830,1,24,68,3,0.4966766851167311,1,Mass,2.0,0,Active/Censored
C01206,61,98,31803221,4,19,13,3,0.35332768542146686,1,Affluent,1.2,0,Active/Censored
C01207,44,109,4144113,2,8,82,1,0.35816350586071455,0,Priority,59.0,0,Active/Censored
C01208,53,113,22021461,3,13,46,0,0.11161932678153944,2,Mass,11.4,0,Active/Censored
C01209,33,29,9155082,3,19,61,1,0.6680422343803378,2,Affluent,46.6,0,Active/Censored
C01210,64,74,12892689,3,10,87,0,0.09047565286156747,0,Mass,16.6,0,Active/Censored
C01211,49,20,12873130,4,17,86,1,0.05127690140316078,1,Mass,55.6,0,Active/Censored
C01212,56,86,26049181,2,26,22,0,0.07788306715286998,1,Mass,5.1,0,Active/Censored
C01213,41,52,11162441,1,25,43,1,0.2331027245903609,1,Mass,60.0,0,Active/Censored
C01214,60,87,13067185,2,22,34,3,0.5631761433287494,0,Affluent,48.4,0,Active/Censored
C01215,24,83,12128023,3,19,93,0,0.6630432808384068,0,Mass,60.0,0,Active/Censored
C01216,26,120,16847885,4,19,81,1,0.4286645443545013,0,Affluent,60.0,0,Active/Censored
C01217,43,60,27617713,4,16,68,2,0.4177748291497179,2,Affluent,40.4,0,Active/Censored
C01218,53,43,18398805,2,16,15,2,0.5691072995283211,1,Affluent,60.0,0,Active/Censored
C01219,57,65,15790434,4,20,83,0,0.5871448111692621,1,Mass,33.5,0,Active/Censored
C01220,40,22,22633691,1,20,61,1,0.8104978252968119,0,Mass,60.0,0,Active/Censored
C01221,50,16,26140877,1,16,34,2,0.7871793486195258,1,Mass,60.0,0,Active/Censored
C01222,45,64,4552923,1,16,50,3,0.7911735841177591,0,Mass,35.9,0,Active/Censored
C01223,64,100,36049285,4,14,50,1,0.8097555179662089,2,Mass,60.0,0,Active/Censored
C01224,50,65,36991507,1,11,36,1,0.8418474383194386,2,Mass,30.0,0,Active/Censored
C01225,39,95,25692043,3,22,92,2,0.5497851091459753,0,Affluent,21.3,0,Active/Censored
C01226,64,23,24685691,4,17,93,1,0.58565044753617,0,Mass,54.5,0,Active/Censored
C01227,25,56,29003180,4,18,14,0,0.704503397487685,1,Mass,60.0,0,Active/Censored
C01228,65,75,19871138,4,14,95,2,0.22910680005610168,0,Affluent,60.0,0,Active/Censored
C01229,27,44,17158118,1,19,46,1,0.3744149270632834,0,Priority,60.0,0,Active/Censored
C01230,33,4,16696865,2,16,82,1,0.8713876825573463,0,Affluent,48.0,0,Active/Censored
C01231,57,11,9750584,3,31,81,1,0.5204861875578275,0,Mass,2.0,0,Active/Censored
C01232,54,112,34282071,3,18,64,2,0.09660885612955072,1,Affluent,11.3,0,Active/Censored
C01233,64,74,15541026,3,21,77,1,0.41500380612851134,3,Mass,60.0,0,Active/Censored
C01234,54,34,14238437,3,21,72,1,0.19471028291370346,2,Affluent,60.0,0,Active/Censored
C01235,49,33,38714175,2,17,87,1,0.37065817568342785,1,Mass,35.1,0,Active/Censored
C01236,36,7,22241442,1,16,48,0,0.5404783642655382,0,Affluent,60.0,0,Active/Censored
C01237,21,114,26385209,2,18,77,1,0.5046227615810981,0,Mass,48.1,0,Active/Censored
C01238,26,15,12836032,2,23,99,1,0.49142212715722944,0,Affluent,7.3,0,Active/Censored
C01239,34,92,13990400,3,19,96,2,0.06650505270281312,0,Affluent,7.2,0,Active/Censored
C01240,22,31,30220203,4,23,23,1,0.45059439049834876,1,Affluent,60.0,0,Active/Censored
C01241,43,42,20232949,3,16,55,1,0.07606739056377353,0,Mass,56.1,0,Active/Censored
C01242,55,35,9318810,3,28,56,1,0.4143746981803068,2,Affluent,60.0,0,Active/Censored
C01243,64,100,34078469,1,19,66,0,0.6322999198113088,0,Mass,15.8,0,Active/Censored
C01244,43,6,18499408,3,20,68,0,0.16331401238601972,0,Affluent,23.7,0,Active/Censored
C01245,60,44,28063968,2,21,87,3,0.8750954666517916,2,Mass,3.5,0,Active/Censored
C01246,65,35,16285886,1,19,58,0,0.6174603409634568,2,Mass,60.0,0,Active/Censored
C01247,59,35,24183502,1,21,73,3,0.24583877203180227,0,Affluent,34.5,0,Active/Censored
C01248,41,25,31922692,4,20,91,1,0.40467890100231124,2,Mass,6.8,1,Churned
C01249,35,110,35865863,4,13,19,1,0.1372165369789754,0,Affluent,2.8,0,Active/Censored
C01250,65,47,11464403,3,27,68,1,0.06985695889897621,0,Mass,46.7,0,Active/Censored
C01251,31,52,28207824,4,20,43,3,0.8742753322188119,0,Affluent,60.0,0,Active/Censored
C01252,39,48,36927016,1,21,92,2,0.6576656456510727,0,Mass,60.0,0,Active/Censored
C01253,24,118,27138270,2,17,60,1,0.7516814913328315,0,Affluent,50.1,0,Active/Censored
C01254,56,43,9151234,4,12,64,1,0.6099555630559189,1,Mass,60.0,0,Active/Censored
C01255,50,43,10831652,1,16,78,1,0.8660889748475846,1,Mass,47.7,0,Active/Censored
C01256,24,41,11300884,3,25,32,2,0.8563269388871002,0,Mass,9.2,1,Churned
C01257,30,41,7829992,1,12,59,1,0.10234269725824952,0,Affluent,60.0,0,Active/Censored
C01258,45,13,31134377,2,17,80,1,0.22052298522038438,2,Mass,50.5,0,Active/Censored
C01259,45,74,38745116,2,23,80,1,0.406210904790705,3,Mass,60.0,0,Active/Censored
C01260,57,5,22607662,2,19,30,0,0.35698059915361197,0,Mass,60.0,0,Active/Censored
C01261,32,29,25558901,4,17,86,1,0.5230152784609012,5,Affluent,43.8,0,Active/Censored
C01262,62,26,31853209,4,12,24,2,0.2898786215475352,0,Mass,11.9,0,Active/Censored
C01263,41,37,18964602,3,15,34,1,0.7677132061609881,1,Mass,16.5,0,Active/Censored
C01264,58,92,21008477,3,20,87,1,0.056744463324312336,1,Mass,59.5,0,Active/Censored
C01265,31,73,25204749,1,18,66,2,0.7623617742318572,2,Mass,33.3,0,Active/Censored
C01266,22,119,14967144,1,11,59,1,0.4040332489231763,0,Mass,51.9,0,Active/Censored
C01267,23,44,6225230,1,19,60,1,0.054621507874798116,1,Mass,15.5,1,Churned
C01268,37,112,24439833,4,20,98,0,0.8123578420466891,0,Mass,60.0,0,Active/Censored
C01269,63,8,33596581,1,15,30,1,0.45207904741951016,2,Priority,60.0,0,Active/Censored
C01270,23,62,6636212,2,15,37,1,0.7022539786721265,0,Mass,32.2,0,Active/Censored
C01271,37,97,11799239,4,13,54,0,0.8406038520505851,1,Affluent,1.0,0,Active/Censored
C01272,25,65,13467718,3,14,86,1,0.08088146881076848,0,Mass,57.0,0,Active/Censored
C01273,62,113,32963656,3,18,59,2,0.2859458465262608,0,Mass,12.8,0,Active/Censored
C01274,51,40,22165574,1,29,76,3,0.1570024312489503,2,Affluent,2.8,0,Active/Censored
C01275,55,6,23237623,3,16,84,2,0.13820914435604037,2,Affluent,31.0,0,Active/Censored
C01276,53,94,27229473,3,23,91,0,0.9010769826208207,1,Affluent,12.7,0,Active/Censored
C01277,50,11,13956592,2,17,51,0,0.775012441339031,0,Affluent,26.3,0,Active/Censored
C01278,55,93,29687641,3,16,51,4,0.37825264400422776,0,Mass,60.0,0,Active/Censored
C01279,21,89,5087558,4,12,17,1,0.6685637385233768,0,Priority,35.8,0,Active/Censored
C01280,59,102,8093892,2,16,17,0,0.8775007464064697,2,Mass,40.2,0,Active/Censored
C01281,54,59,33370000,2,20,54,0,0.2487321444864108,1,Affluent,28.1,0,Active/Censored
C01282,54,108,27695410,2,17,78,1,0.06273566381735228,2,Affluent,60.0,0,Active/Censored
C01283,38,23,10352565,4,22,86,1,0.7916975070862475,2,Mass,60.0,0,Active/Censored
C01284,57,54,19795178,1,25,47,1,0.7004284962152496,0,Mass,16.0,0,Active/Censored
C01285,38,17,5864984,4,15,61,0,0.19423154787979025,0,Priority,60.0,0,Active/Censored
C01286,23,93,28186574,4,20,83,1,0.4906812609365921,4,Mass,29.4,0,Active/Censored
C01287,61,87,31211598,2,29,39,3,0.19439049654044155,2,Mass,10.9,0,Active/Censored
C01288,31,98,14022388,3,18,24,0,0.5923524756462348,0,Affluent,31.8,0,Active/Censored
C01289,25,93,16601556,4,15,93,2,0.6328129507896867,0,Mass,14.2,0,Active/Censored
C01290,48,39,12525445,4,19,59,0,0.2990144367626039,0,Mass,45.7,0,Active/Censored
C01291,31,11,18016024,2,16,24,2,0.7527534142254155,0,Affluent,17.8,0,Active/Censored
C01292,59,112,13803303,1,23,32,2,0.4762367140317282,0,Priority,25.9,0,Active/Censored
C01293,40,61,12894433,3,16,39,2,0.6857221201659586,0,Mass,49.9,0,Active/Censored
C01294,21,14,19487419,1,14,28,1,0.6258300632809563,2,Priority,60.0,1,Churned
C01295,63,112,34930425,1,24,49,3,0.45568303889955286,0,Mass,47.6,0,Active/Censored
C01296,44,120,31458414,4,12,83,2,0.31344553586983553,1,Mass,60.0,0,Active/Censored
C01297,32,55,14703862,2,23,77,2,0.23387396347001949,2,Mass,60.0,0,Active/Censored
C01298,51,93,37942470,3,21,93,1,0.7213496291844692,1,Mass,20.0,0,Active/Censored
C01299,44,7,11566932,1,24,86,1,0.627749129382003,1,Affluent,58.3,0,Active/Censored
C01300,22,14,36786662,1,19,38,0,0.30284773551786925,1,Mass,9.2,0,Active/Censored
C01301,55,35,15132990,1,8,15,4,0.9203892555231392,0,Mass,23.2,0,Active/Censored
C01302,39,80,23449500,2,13,23,2,0.7793050376455961,0,Affluent,5.9,0,Active/Censored
C01303,52,18,11313384,1,19,82,2,0.1641220348255291,2,Affluent,13.8,0,Active/Censored
C01304,61,7,31432896,2,11,40,0,0.19630707202575481,1,Affluent,25.1,0,Active/Censored
C01305,48,81,15435587,2,23,75,1,0.5396430297858829,0,Affluent,60.0,0,Active/Censored
C01306,51,93,35412552,3,11,51,1,0.14214159543459326,1,Priority,59.2,0,Active/Censored
C01307,32,90,6985704,3,17,91,1,0.9179042046800753,2,Affluent,60.0,0,Active/Censored
C01308,31,97,9707081,2,26,56,2,0.6242210646038843,2,Priority,60.0,0,Active/Censored
C01309,39,97,36002446,2,16,91,0,0.10955663305742724,0,Priority,60.0,0,Active/Censored
C01310,59,74,19013903,1,19,32,0,0.4491371573262401,2,Affluent,50.0,0,Active/Censored
C01311,44,64,28281066,2,17,80,2,0.2497716308161565,0,Mass,14.8,0,Active/Censored
C01312,36,104,35660806,4,26,57,1,0.49140566240315603,2,Mass,31.7,0,Active/Censored
C01313,56,44,23282931,4,20,27,3,0.27232294977657473,0,Mass,60.0,0,Active/Censored
C01314,59,14,6062466,2,19,31,2,0.7986165388767149,0,Mass,60.0,0,Active/Censored
C01315,61,91,11945986,4,19,38,3,0.6989892886775602,1,Mass,28.9,1,Churned
C01316,34,35,11656289,3,16,24,2,0.8659203366028931,1,Mass,60.0,1,Churned
C01317,52,118,36910593,1,15,95,2,0.22816185326574545,1,Mass,44.0,0,Active/Censored
C01318,47,51,36700444,4,20,29,2,0.39685301361456443,1,Affluent,60.0,0,Active/Censored
C01319,41,103,21170559,2,18,64,0,0.7749198923155574,2,Mass,60.0,0,Active/Censored
C01320,38,8,36040528,3,9,61,2,0.3864619405899023,0,Priority,39.6,0,Active/Censored
C01321,26,80,12856564,3,19,59,6,0.39117954480931905,0,Affluent,43.4,0,Active/Censored
C01322,33,55,28460229,2,8,67,4,0.9374345990509004,1,Affluent,60.0,0,Active/Censored
C01323,45,57,18109628,3,19,93,1,0.7437768682191013,0,Mass,2.6,0,Active/Censored
C01324,60,34,12657047,3,23,98,0,0.824735760557777,1,Priority,46.3,0,Active/Censored
C01325,59,117,13000400,2,19,89,2,0.41627555250076603,1,Mass,5.0,0,Active/Censored
C01326,29,49,19113180,2,15,51,0,0.5773266706729672,3,Affluent,60.0,0,Active/Censored
C01327,51,103,16227695,3,14,76,1,0.4554982134965559,0,Mass,1.2,0,Active/Censored
C01328,24,53,11603955,1,19,26,0,0.45526422191861354,1,Mass,33.2,0,Active/Censored
C01329,51,8,16029250,1,18,90,0,0.16492922211809413,0,Mass,35.2,0,Active/Censored
C01330,36,106,8629186,4,21,27,3,0.8079195662620766,1,Affluent,60.0,0,Active/Censored
C01331,41,24,38908129,2,20,20,0,0.4014881903048807,1,Affluent,60.0,0,Active/Censored
C01332,53,34,17679942,3,10,85,2,0.5736419545681244,1,Affluent,21.5,0,Active/Censored
C01333,40,104,7865758,3,17,78,3,0.8213646615121609,0,Affluent,40.8,0,Active/Censored
C01334,57,108,24729577,4,18,22,0,0.7461295277151198,0,Mass,1.0,0,Active/Censored
C01335,45,111,35792332,3,15,97,0,0.22841417933559743,0,Priority,39.8,0,Active/Censored
C01336,65,53,16957576,3,22,20,2,0.6066602290461623,1,Mass,14.5,1,Churned
C01337,49,92,34428711,4,11,14,0,0.4961579803443931,0,Priority,58.5,0,Active/Censored
C01338,34,41,25989683,4,13,96,0,0.28413693643594534,0,Affluent,17.0,0,Active/Censored
C01339,55,90,30613041,1,13,30,2,0.08677211315908678,2,Mass,24.7,0,Active/Censored
C01340,39,62,14665170,3,17,31,3,0.6168121772203945,1,Mass,1.0,0,Active/Censored
C01341,45,9,5329648,1,26,82,0,0.7518694233843325,1,Affluent,60.0,0,Active/Censored
C01342,27,52,16450618,4,18,65,4,0.8975465705328983,0,Priority,60.0,0,Active/Censored
C01343,26,58,37280470,1,22,57,2,0.36948538287451366,0,Affluent,32.4,0,Active/Censored
C01344,46,33,32464249,1,23,99,1,0.40929543638194593,0,Affluent,40.0,0,Active/Censored
C01345,29,47,32229815,1,14,17,2,0.196705067382405,0,Priority,41.2,0,Active/Censored
C01346,65,62,35619330,3,20,94,2,0.9361544209996044,1,Mass,60.0,0,Active/Censored
C01347,59,8,17437585,1,23,34,1,0.8146282966759782,0,Mass,60.0,1,Churned
C01348,52,20,15593226,1,20,66,2,0.9118433560756484,2,Affluent,48.5,0,Active/Censored
C01349,54,93,37306995,3,20,39,1,0.4958124243129016,0,Mass,60.0,0,Active/Censored
C01350,47,44,24574568,4,17,36,0,0.23880324576868295,2,Affluent,46.6,0,Active/Censored
C01351,23,74,14726528,3,19,39,2,0.5658660983572281,0,Mass,20.8,0,Active/Censored
C01352,38,69,14013842,2,12,60,1,0.3848827242279886,1,Affluent,32.0,0,Active/Censored
C01353,43,68,35582048,3,20,89,1,0.363077987729363,2,Mass,12.5,0,Active/Censored
C01354,62,51,5920047,3,16,20,0,0.12412785562078722,0,Affluent,53.8,0,Active/Censored
C01355,30,60,6220961,2,19,70,0,0.11583429323181087,1,Mass,60.0,0,Active/Censored
C01356,43,100,30562858,3,21,88,0,0.3909186976869592,2,Mass,20.4,0,Active/Censored
C01357,36,116,4048604,1,33,76,3,0.8835786895831792,2,Mass,58.1,0,Active/Censored
C01358,27,33,10156125,1,14,99,0,0.7007213394313008,0,Affluent,1.0,0,Active/Censored
C01359,25,81,39662782,3,22,11,2,0.7345027221583599,1,Mass,23.4,0,Active/Censored
C01360,37,117,19325650,2,17,42,1,0.26086160880975007,0,Mass,9.1,0,Active/Censored
C01361,24,3,30195877,1,23,48,2,0.711076649974439,0,Affluent,2.8,0,Active/Censored
C01362,24,95,21533637,1,14,58,2,0.4156872137518526,1,Mass,60.0,0,Active/Censored
C01363,36,61,7260568,4,17,38,1,0.10345154942588294,0,Mass,13.9,0,Active/Censored
C01364,30,117,10640977,2,19,33,2,0.40533221076647474,0,Mass,60.0,0,Active/Censored
C01365,45,71,31399568,1,21,87,0,0.16812840868913204,0,Mass,32.2,0,Active/Censored
C01366,21,101,7403992,3,13,31,6,0.8183295166383037,2,Mass,33.5,1,Churned
C01367,34,22,25406197,3,27,96,0,0.8062646580274169,2,Mass,60.0,0,Active/Censored
C01368,41,19,16528468,2,15,13,2,0.3087220354699329,1,Mass,59.1,0,Active/Censored
C01369,64,112,17330698,4,15,48,2,0.6007300724980266,1,Mass,48.0,0,Active/Censored
C01370,49,65,38282292,2,18,65,1,0.3773837465215345,1,Mass,20.5,0,Active/Censored
C01371,60,68,25813677,3,16,98,0,0.18880355690925343,0,Mass,59.6,0,Active/Censored
C01372,36,23,26144881,3,15,79,0,0.6344665802677576,0,Mass,28.6,0,Active/Censored
C01373,41,29,16612837,3,20,11,2,0.7340959789798301,0,Mass,6.6,0,Active/Censored
C01374,39,99,17730768,1,12,78,1,0.7472504669591777,0,Mass,53.5,1,Churned
C01375,60,38,28687748,3,13,39,0,0.1842985273038492,0,Priority,26.3,0,Active/Censored
C01376,64,71,5400789,3,14,88,1,0.5113206666456244,0,Mass,60.0,0,Active/Censored
C01377,64,40,12542869,1,19,80,1,0.07150942147950531,0,Affluent,28.2,0,Active/Censored
C01378,54,34,25609838,1,14,27,1,0.1311525478656479,2,Mass,60.0,0,Active/Censored
C01379,43,22,26447305,3,11,42,4,0.12294603777684901,1,Mass,60.0,0,Active/Censored
C01380,45,112,7321275,1,11,84,0,0.10147171419545103,0,Affluent,1.0,0,Active/Censored
C01381,65,113,32361752,4,21,93,0,0.35039241415205113,1,Mass,13.3,0,Active/Censored
C01382,33,16,23531586,1,20,64,0,0.3719116407678537,1,Priority,60.0,0,Active/Censored
C01383,36,44,12557692,4,15,29,0,0.6780833078632055,1,Mass,60.0,0,Active/Censored
C01384,61,69,31070218,3,25,45,1,0.34689174922737714,0,Mass,4.7,0,Active/Censored
C01385,38,48,39671574,2,19,82,1,0.1763562237599734,1,Mass,60.0,0,Active/Censored
C01386,31,88,19249072,2,13,64,1,0.9021880678911524,0,Affluent,32.9,0,Active/Censored
C01387,46,33,14204058,2,14,28,1,0.8379287635871291,0,Mass,3.5,1,Churned
C01388,35,9,14778813,3,20,35,1,0.1618031798633987,1,Mass,60.0,0,Active/Censored
C01389,61,42,25333727,4,14,27,2,0.3765008299722338,1,Priority,60.0,0,Active/Censored
C01390,61,73,5705832,1,20,52,0,0.20127618588647445,1,Mass,7.0,0,Active/Censored
C01391,34,24,21403450,3,13,50,0,0.913200284689671,1,Mass,60.0,0,Active/Censored
C01392,44,99,4892003,4,10,59,2,0.3703798328941051,0,Mass,16.6,0,Active/Censored
C01393,65,4,5388890,2,17,95,1,0.13830568422614092,3,Affluent,50.7,0,Active/Censored
C01394,54,10,19480956,3,22,69,1,0.7041595894968924,1,Mass,60.0,0,Active/Censored
C01395,30,63,30838506,1,16,63,3,0.6905457645668562,1,Affluent,5.0,1,Churned
C01396,47,63,35800429,4,20,43,1,0.2669310101513225,0,Priority,60.0,0,Active/Censored
C01397,48,37,7154869,1,18,67,5,0.3393156658281114,0,Mass,60.0,0,Active/Censored
C01398,50,33,12786260,2,19,96,0,0.4235170077425536,1,Mass,37.5,0,Active/Censored
C01399,22,11,19179819,2,11,10,1,0.29093000159448285,0,Mass,27.7,0,Active/Censored
C01400,34,81,24665998,2,15,41,1,0.30999893735862505,0,Mass,38.7,0,Active/Censored
C01401,59,47,39533808,1,18,15,2,0.7714313528167912,1,Mass,16.8,1,Churned
C01402,31,17,28635009,3,16,28,4,0.7266655447039523,1,Mass,4.2,0,Active/Censored
C01403,34,50,23380988,1,14,16,0,0.6733662907734378,0,Affluent,11.4,1,Churned
C01404,35,113,6189875,4,28,63,5,0.6680962011603638,0,Mass,14.0,0,Active/Censored
C01405,28,33,6909326,1,18,84,3,0.5196937375974863,0,Priority,8.3,0,Active/Censored
C01406,27,108,9511613,2,15,95,0,0.36582915016495304,1,Priority,60.0,0,Active/Censored
C01407,36,33,27788402,4,21,31,3,0.6984904509296632,1,Mass,53.0,0,Active/Censored
C01408,60,24,15925964,1,12,73,1,0.15473096378147208,0,Affluent,6.6,0,Active/Censored
C01409,21,33,12673951,1,12,39,2,0.17696345468602287,0,Affluent,2.5,0,Active/Censored
C01410,33,41,28123354,3,20,38,1,0.16363868715118363,1,Mass,1.0,0,Active/Censored
C01411,23,17,33353184,1,20,65,3,0.7094462465752912,1,Mass,27.0,0,Active/Censored
C01412,46,72,19805264,4,13,71,0,0.5823867959273407,0,Mass,60.0,1,Churned
C01413,32,42,35746697,2,20,63,1,0.45514434143196275,0,Mass,35.3,0,Active/Censored
C01414,56,87,30431022,4,19,19,1,0.4786082072859215,0,Affluent,60.0,0,Active/Censored
C01415,47,60,29785595,1,22,47,0,0.7948033944540324,0,Mass,14.1,0,Active/Censored
C01416,56,55,35233523,1,20,35,1,0.15951180106970717,0,Mass,24.3,0,Active/Censored
C01417,49,58,10617093,4,20,10,1,0.39491985231102245,1,Affluent,58.7,0,Active/Censored
C01418,40,21,31301401,4,21,13,1,0.7341495849506053,1,Priority,60.0,0,Active/Censored
C01419,59,87,38478532,4,19,50,0,0.6420554335139633,1,Mass,32.4,0,Active/Censored
C01420,42,15,39720899,2,20,19,1,0.4416320493300926,1,Mass,54.9,0,Active/Censored
C01421,63,88,24809573,2,10,77,1,0.2519070886679114,1,Mass,60.0,0,Active/Censored
C01422,65,120,31156998,3,23,15,0,0.9017970919744628,0,Priority,60.0,0,Active/Censored
C01423,47,93,35989847,2,18,31,0,0.41712742657085816,1,Mass,24.5,0,Active/Censored
C01424,51,56,34678451,1,20,99,1,0.8400515035132248,0,Mass,2.6,0,Active/Censored
C01425,32,40,36320512,2,18,74,0,0.7500474320299481,0,Affluent,52.1,0,Active/Censored
C01426,57,105,33965188,3,16,60,3,0.8253770297092696,0,Mass,36.6,0,Active/Censored
C01427,51,33,17727176,1,18,11,1,0.06522979481480981,1,Mass,60.0,0,Active/Censored
C01428,61,59,30289567,2,14,13,2,0.4796522851819939,3,Affluent,33.5,0,Active/Censored
C01429,33,93,18775771,2,17,92,3,0.28349044413587504,1,Affluent,15.2,0,Active/Censored
C01430,56,111,32864865,1,27,82,1,0.29661921970271055,1,Mass,60.0,0,Active/Censored
C01431,42,111,33168750,1,20,96,1,0.2928562900919605,2,Priority,60.0,0,Active/Censored
C01432,29,13,37648596,2,14,83,1,0.40038230466136904,3,Mass,59.1,0,Active/Censored
C01433,28,108,25179497,1,17,10,3,0.41963415453785147,1,Mass,29.5,0,Active/Censored
C01434,46,16,21107465,2,10,83,1,0.6206362233334224,1,Mass,60.0,0,Active/Censored
C01435,35,71,9959609,3,21,51,0,0.32032809711326826,1,Mass,60.0,0,Active/Censored
C01436,25,112,26978332,4,21,73,1,0.2954994315132564,2,Mass,38.9,0,Active/Censored
C01437,40,80,24390572,1,21,47,1,0.3745473823872493,1,Mass,26.1,0,Active/Censored
C01438,50,114,22537829,2,20,75,0,0.6678630436419494,1,Mass,56.9,0,Active/Censored
C01439,35,43,28347689,1,30,86,3,0.05015405806204529,2,Priority,36.5,0,Active/Censored
C01440,63,40,34637331,2,16,98,0,0.7222351615040576,4,Mass,9.2,0,Active/Censored
C01441,56,41,9352193,2,22,59,0,0.3550718767931958,3,Mass,60.0,0,Active/Censored
C01442,44,44,19528945,4,15,35,0,0.5686157959257613,0,Mass,2.6,0,Active/Censored
C01443,63,83,30002966,2,13,65,1,0.7353700630147038,1,Affluent,60.0,0,Active/Censored
C01444,40,56,33510163,4,18,55,1,0.5097516508699513,1,Mass,60.0,0,Active/Censored
C01445,27,90,32021994,1,18,28,1,0.6324361236778766,1,Mass,60.0,0,Active/Censored
C01446,22,52,32776764,1,17,75,1,0.8779466571197788,0,Affluent,58.5,0,Active/Censored
C01447,63,39,34781347,1,22,17,3,0.07687964515529322,1,Mass,60.0,0,Active/Censored
C01448,64,25,38627899,2,20,46,2,0.36457595255659125,2,Affluent,60.0,0,Active/Censored
C01449,54,68,25890356,1,22,73,1,0.884168743369412,2,Mass,8.8,0,Active/Censored
C01450,25,109,12961145,1,17,93,1,0.8036868467338082,2,Affluent,34.3,0,Active/Censored
C01451,34,104,24287518,1,21,66,1,0.605145183216418,0,Mass,60.0,0,Active/Censored
C01452,22,32,29546302,4,23,99,1,0.2563726562582299,1,Priority,60.0,0,Active/Censored
C01453,23,59,7625285,4,24,85,0,0.3474797341351538,1,Mass,4.5,0,Active/Censored
C01454,32,86,31249101,1,18,31,1,0.8221607386399631,0,Mass,60.0,1,Churned
C01455,46,75,23591587,4,12,86,0,0.6784443115537722,2,Affluent,48.4,0,Active/Censored
C01456,23,10,37706025,1,21,40,0,0.3070852066949023,0,Mass,18.4,0,Active/Censored
C01457,65,72,11625733,2,17,67,0,0.16902095162471859,3,Mass,60.0,0,Active/Censored
C01458,41,7,36648487,2,15,28,2,0.7526933006938059,0,Mass,51.0,0,Active/Censored
C01459,32,16,20128165,2,23,58,2,0.568602211748496,1,Mass,1.0,0,Active/Censored
C01460,44,80,24646931,4,13,71,1,0.9170943709172216,1,Mass,60.0,0,Active/Censored
C01461,56,15,27760103,3,13,93,2,0.4158420594173549,1,Mass,22.5,0,Active/Censored
C01462,35,43,24849514,3,16,95,3,0.3641242673805782,0,Mass,60.0,0,Active/Censored
C01463,23,72,36537936,3,17,82,0,0.3116805286638914,1,Mass,39.8,0,Active/Censored
C01464,23,80,10022484,3,14,60,1,0.48369212347340484,0,Affluent,9.0,0,Active/Censored
C01465,59,55,30275585,1,15,90,0,0.3404566782244562,1,Mass,3.5,0,Active/Censored
C01466,26,14,39098657,2,12,19,1,0.11587153980833731,2,Mass,60.0,0,Active/Censored
C01467,49,97,11924258,1,25,100,0,0.33091615210353376,0,Mass,21.8,0,Active/Censored
C01468,38,115,13180628,3,19,28,2,0.24699733997275625,2,Mass,60.0,1,Churned
C01469,55,107,21100409,2,17,46,1,0.7838464966507028,1,Mass,3.6,0,Active/Censored
C01470,23,91,30090503,3,22,92,1,0.26203327981274116,0,Mass,43.1,0,Active/Censored
C01471,61,50,38523283,3,18,75,0,0.4629844139170431,0,Mass,44.1,0,Active/Censored
C01472,52,106,32648620,2,16,87,1,0.6554644181262314,1,Affluent,34.3,0,Active/Censored
C01473,41,60,19883758,1,22,72,0,0.18430418545920146,0,Mass,27.3,0,Active/Censored
C01474,30,19,27233848,4,15,64,0,0.5281542359923613,1,Mass,24.5,0,Active/Censored
C01475,64,103,11602973,2,26,25,1,0.812468256474739,2,Mass,41.9,0,Active/Censored
C01476,34,40,20673380,1,13,100,2,0.5756726765894821,0,Mass,2.9,0,Active/Censored
C01477,43,113,10802573,2,19,67,3,0.4841477950722786,0,Affluent,3.3,0,Active/Censored
C01478,38,46,4976439,4,13,70,1,0.804991005234961,0,Affluent,53.2,0,Active/Censored
C01479,31,105,34833856,2,20,48,1,0.9025267346409852,0,Priority,52.9,0,Active/Censored
C01480,39,66,32970239,4,16,96,0,0.7888868594631053,1,Mass,60.0,0,Active/Censored
C01481,27,58,22387233,2,20,51,1,0.41756850374067905,1,Mass,60.0,0,Active/Censored
C01482,21,38,4521826,4,22,27,1,0.600523779802364,0,Affluent,4.8,0,Active/Censored
C01483,34,101,7244931,3,24,26,1,0.5239775255270762,0,Affluent,53.8,0,Active/Censored
C01484,26,10,8023711,1,24,73,1,0.3229777604157059,0,Mass,60.0,0,Active/Censored
C01485,39,58,29812701,3,17,77,2,0.4417881160632723,2,Mass,22.0,0,Active/Censored
C01486,59,46,11325698,2,18,28,1,0.7963401014997243,1,Mass,60.0,0,Active/Censored
C01487,28,67,13006157,1,15,73,0,0.3204318585803267,1,Mass,2.8,0,Active/Censored
C01488,21,33,34999534,3,18,100,2,0.8506013514040518,1,Mass,60.0,0,Active/Censored
C01489,25,81,35550211,1,20,58,2,0.9422863872873308,0,Mass,7.8,0,Active/Censored
C01490,43,48,31469923,3,11,98,1,0.32609056616194076,1,Priority,60.0,0,Active/Censored
C01491,33,25,15144584,4,21,24,2,0.16046424916355423,1,Mass,51.3,1,Churned
C01492,43,26,24877759,1,18,46,1,0.9114569139698118,0,Affluent,60.0,0,Active/Censored
C01493,22,85,11209749,2,12,60,0,0.20395864370845374,1,Mass,60.0,0,Active/Censored
C01494,35,33,34884589,3,20,42,0,0.7443174280425595,1,Affluent,28.3,0,Active/Censored
C01495,39,39,7054903,1,22,19,0,0.08520213078338162,0,Affluent,60.0,0,Active/Censored
C01496,40,76,30798528,2,18,51,0,0.26200858862313875,0,Mass,15.5,0,Active/Censored
C01497,45,41,22415120,2,14,40,2,0.2841397799269681,2,Mass,9.7,1,Churned
C01498,56,48,31269001,1,20,28,1,0.31751152884796563,0,Mass,59.8,0,Active/Censored
C01499,42,31,20226553,4,16,43,2,0.8773733843358519,0,Mass,30.4,0,Active/Censored
C01500,58,43,9692386,2,25,48,0,0.20777873828892063,2,Affluent,60.0,0,Active/Censored
C01501,44,84,31047237,4,12,90,1,0.20627506767974818,2,Affluent,60.0,0,Active/Censored
C01502,32,66,26718875,3,8,54,0,0.6725074430391114,1,Affluent,4.6,0,Active/Censored
C01503,31,120,20725693,4,19,47,2,0.9070853962998174,0,Mass,60.0,0,Active/Censored
C01504,35,94,17418147,4,15,45,2,0.4003559225883987,2,Affluent,23.9,0,Active/Censored
C01505,47,4,16377374,3,17,64,2,0.7458157905365953,0,Affluent,60.0,0,Active/Censored
C01506,31,47,21320835,2,19,35,0,0.07793230325503142,0,Mass,60.0,0,Active/Censored
C01507,62,37,13419576,2,21,89,1,0.7916573469263617,1,Affluent,60.0,0,Active/Censored
C01508,42,72,14165033,4,9,48,1,0.7010572110101772,0,Mass,6.1,0,Active/Censored
C01509,59,34,14013282,2,22,48,1,0.8569540866699161,0,Mass,11.2,0,Active/Censored
C01510,51,117,4456465,3,16,15,2,0.6237088551844723,1,Affluent,28.3,0,Active/Censored
C01511,36,38,37402524,1,13,90,0,0.897202979744419,0,Mass,7.0,0,Active/Censored
C01512,31,64,12515856,4,25,52,0,0.4008716685452693,1,Mass,3.1,0,Active/Censored
C01513,54,17,9942829,3,17,22,2,0.7092783002486747,0,Mass,11.5,0,Active/Censored
C01514,35,110,9442180,2,18,25,1,0.7030077873898465,0,Affluent,60.0,0,Active/Censored
C01515,32,110,39574351,3,18,43,2,0.2917470746164415,0,Mass,60.0,0,Active/Censored
C01516,62,96,21162746,2,14,81,1,0.8785215851856247,2,Mass,60.0,0,Active/Censored
C01517,42,44,15769100,1,18,18,0,0.751259112084148,0,Mass,3.4,0,Active/Censored
C01518,23,9,18540136,4,14,20,0,0.8297166051721071,0,Mass,60.0,0,Active/Censored
C01519,43,86,7182048,4,20,61,1,0.3763319007186203,2,Mass,33.7,0,Active/Censored
C01520,41,53,15292008,4,19,55,1,0.807129305146017,0,Affluent,45.5,0,Active/Censored
C01521,59,119,12952853,2,17,97,4,0.3334788145667607,2,Affluent,60.0,0,Active/Censored
C01522,53,85,32915861,2,7,78,0,0.9179609450004037,0,Affluent,25.3,0,Active/Censored
C01523,29,66,6102917,1,21,69,1,0.07155242272923212,0,Affluent,18.0,0,Active/Censored
C01524,27,119,19316129,3,13,40,2,0.6072687926171594,1,Mass,27.7,0,Active/Censored
C01525,48,97,32441071,2,11,66,1,0.15101556021197998,0,Mass,39.1,0,Active/Censored
C01526,23,57,34009477,4,19,63,1,0.69685985599504,2,Mass,59.7,0,Active/Censored
C01527,35,5,22451904,4,18,35,1,0.3773194733066342,1,Mass,60.0,0,Active/Censored
C01528,27,13,12010971,1,18,43,3,0.8335765340852873,1,Affluent,35.0,0,Active/Censored
C01529,21,55,16131518,4,26,94,2,0.8354322598148234,2,Mass,31.9,1,Churned
C01530,62,69,12002481,1,17,58,3,0.38128088615348726,1,Affluent,14.3,0,Active/Censored
C01531,25,6,27833785,2,22,52,1,0.7789835992653751,0,Mass,60.0,0,Active/Censored
C01532,21,17,14535071,2,25,82,0,0.6630231894435243,3,Mass,31.0,0,Active/Censored
C01533,62,86,26703274,4,22,34,1,0.4339102357883411,1,Priority,60.0,0,Active/Censored
C01534,29,91,27604986,3,15,29,0,0.3589127995584221,0,Mass,46.7,0,Active/Censored
C01535,57,6,37835395,4,16,99,2,0.23927443832229872,3,Mass,18.9,0,Active/Censored
C01536,22,62,17332633,3,23,83,1,0.10688760757085819,0,Mass,18.9,0,Active/Censored
C01537,27,12,38605378,4,16,48,1,0.5156234317423073,0,Mass,38.2,0,Active/Censored
C01538,25,88,18425795,4,12,96,0,0.5360364833679592,0,Mass,60.0,0,Active/Censored
C01539,52,101,28504615,4,16,43,6,0.44961679261430737,2,Priority,60.0,0,Active/Censored
C01540,48,105,27818307,2,23,71,2,0.9055374617420943,1,Affluent,60.0,0,Active/Censored
C01541,42,73,33441373,2,22,13,1,0.06232110553685054,2,Affluent,60.0,0,Active/Censored
C01542,31,77,20887991,4,25,73,2,0.8152744639789296,1,Affluent,30.9,0,Active/Censored
C01543,24,112,32527303,4,18,26,0,0.7707393023297694,1,Mass,60.0,0,Active/Censored
C01544,46,75,16792117,4,24,31,0,0.732877154828617,0,Priority,60.0,0,Active/Censored
C01545,31,55,21686927,3,23,83,2,0.5224237811425794,1,Mass,60.0,0,Active/Censored
C01546,47,92,21988272,4,22,28,3,0.2213198403871645,0,Mass,22.0,0,Active/Censored
C01547,51,72,29360498,3,25,53,0,0.8265914318960942,1,Priority,43.6,0,Active/Censored
C01548,59,102,26260490,3,14,93,3,0.7201351891069715,1,Mass,60.0,0,Active/Censored
C01549,43,64,6817324,1,18,96,1,0.7995390929424371,0,Mass,60.0,0,Active/Censored
C01550,21,105,33126346,3,21,50,2,0.26220881594582274,1,Affluent,41.0,0,Active/Censored
C01551,33,8,31288758,3,22,17,2,0.5489374937935425,0,Mass,57.5,0,Active/Censored
C01552,59,7,7763877,4,23,36,1,0.4243633150595539,0,Mass,2.1,0,Active/Censored
C01553,44,14,38625988,4,15,66,0,0.625704291714405,1,Mass,59.7,0,Active/Censored
C01554,48,68,27785936,2,15,40,1,0.7273469241823728,0,Mass,37.8,1,Churned
C01555,41,86,7059091,2,17,75,1,0.20634383160048841,1,Mass,1.0,0,Active/Censored
C01556,28,28,21690255,4,24,100,1,0.20663440890345625,0,Mass,11.6,0,Active/Censored
C01557,61,21,34100168,4,18,66,3,0.0892461883448959,0,Mass,60.0,0,Active/Censored
C01558,55,104,14073835,1,7,66,2,0.19146653449801937,0,Mass,41.4,0,Active/Censored
C01559,65,91,37587280,2,18,58,3,0.2661559066667019,0,Mass,60.0,0,Active/Censored
C01560,59,79,19062571,4,20,26,2,0.11526672118951102,1,Mass,2.1,0,Active/Censored
C01561,34,60,12142800,1,14,62,2,0.370121859414608,0,Mass,60.0,0,Active/Censored
C01562,32,52,16832222,4,15,94,2,0.6576496657210082,0,Mass,60.0,0,Active/Censored
C01563,32,5,22893202,1,15,72,2,0.7637658149697353,1,Mass,41.5,0,Active/Censored
C01564,62,25,28772684,1,14,78,1,0.3612346365724702,0,Mass,60.0,1,Churned
C01565,46,108,37402896,4,19,88,1,0.12544240816606497,1,Affluent,25.9,0,Active/Censored
C01566,41,43,11016237,3,14,45,1,0.7334350935425674,0,Mass,60.0,0,Active/Censored
C01567,64,86,38568136,3,19,40,0,0.402065319532668,0,Mass,60.0,0,Active/Censored
C01568,48,86,22997236,4,18,98,0,0.27628483554866545,0,Mass,50.4,0,Active/Censored
C01569,61,39,8603765,2,18,51,1,0.4736218779026128,1,Affluent,52.0,0,Active/Censored
C01570,65,27,37352851,3,12,76,2,0.9228778484666901,0,Mass,16.5,0,Active/Censored
C01571,24,84,16564152,3,16,67,1,0.38537585298315735,1,Affluent,24.5,0,Active/Censored
C01572,37,14,26341061,3,17,21,0,0.9135077669480371,1,Affluent,12.9,0,Active/Censored
C01573,54,61,29133207,2,33,38,1,0.2778522437118136,0,Mass,46.0,0,Active/Censored
C01574,57,107,4482645,3,19,39,1,0.14499028401701008,1,Mass,42.2,0,Active/Censored
C01575,27,86,11976105,2,18,26,3,0.19146092270215315,2,Priority,47.0,0,Active/Censored
C01576,35,93,28712427,3,16,80,2,0.7464035658579565,0,Mass,60.0,0,Active/Censored
C01577,45,12,15691742,4,12,97,1,0.533851804804004,2,Mass,60.0,0,Active/Censored
C01578,56,26,4335931,2,23,97,2,0.5737300253447544,1,Mass,60.0,0,Active/Censored
C01579,26,35,4838478,3,12,27,0,0.9209375571669691,0,Mass,18.8,0,Active/Censored
C01580,48,37,33752068,4,19,50,4,0.5043536334670682,2,Affluent,4.9,0,Active/Censored
C01581,34,25,9526780,4,22,31,1,0.1553188000500554,2,Mass,60.0,0,Active/Censored
C01582,30,117,7615279,4,16,15,1,0.6966637109239928,0,Mass,29.5,0,Active/Censored
C01583,44,22,24243861,3,16,66,1,0.2370662276626787,1,Mass,9.8,0,Active/Censored
C01584,39,86,8281717,2,13,88,2,0.5733842133221767,1,Priority,7.0,0,Active/Censored
C01585,49,72,27511242,4,17,17,0,0.8189408889157954,1,Mass,9.7,0,Active/Censored
C01586,35,75,23587450,3,13,68,3,0.4793729678893382,0,Affluent,60.0,0,Active/Censored
C01587,58,28,27360825,1,18,13,1,0.33285659081143526,1,Mass,60.0,1,Churned
C01588,24,39,21697766,2,21,86,1,0.567991928486339,0,Affluent,56.4,0,Active/Censored
C01589,59,74,32020976,2,13,15,1,0.1642561621539026,0,Mass,60.0,0,Active/Censored
C01590,22,38,27211168,4,16,49,2,0.32680765064998285,0,Mass,13.2,0,Active/Censored
C01591,54,84,18950130,1,18,21,1,0.503728508174339,0,Priority,60.0,0,Active/Censored
C01592,36,7,4553648,3,12,47,2,0.2787360472591152,0,Affluent,17.8,0,Active/Censored
C01593,38,11,13845665,3,22,49,0,0.08533230937009649,0,Mass,31.1,0,Active/Censored
C01594,21,88,8731515,1,21,59,0,0.5766268814796727,0,Priority,60.0,0,Active/Censored
C01595,52,75,4560905,3,15,85,0,0.41112262833015384,0,Mass,10.9,0,Active/Censored
C01596,28,8,13834139,4,20,100,0,0.40154923349134675,1,Affluent,12.4,0,Active/Censored
C01597,50,109,11438673,3,21,41,1,0.9471315163081775,1,Affluent,31.7,0,Active/Censored
C01598,53,3,6762648,3,20,94,1,0.15060562869826394,0,Affluent,7.2,0,Active/Censored
C01599,59,115,15245961,2,18,48,0,0.1887580740255888,0,Mass,54.9,0,Active/Censored
C01600,52,89,22236344,1,18,20,0,0.838635635736011,0,Affluent,41.5,0,Active/Censored
C01601,34,119,10415446,1,20,64,0,0.16723549314864306,1,Affluent,32.2,0,Active/Censored
C01602,54,114,13832001,2,18,75,1,0.8758605488730055,0,Mass,15.3,0,Active/Censored
C01603,58,39,4725200,3,21,37,2,0.6547647751557879,0,Priority,60.0,1,Churned
C01604,35,92,5814560,1,17,63,0,0.5253466144314767,1,Mass,60.0,0,Active/Censored
C01605,26,27,9668113,4,13,49,2,0.3005606133765241,2,Mass,60.0,0,Active/Censored
C01606,61,58,20305251,3,16,23,5,0.37352613386420475,0,Affluent,7.0,0,Active/Censored
C01607,27,31,27979583,2,18,45,2,0.793359112922087,0,Mass,21.0,1,Churned
C01608,47,60,32380201,4,10,48,1,0.10175409342673766,2,Affluent,60.0,0,Active/Censored
C01609,31,105,26665074,1,25,41,2,0.7416937463056286,1,Mass,41.5,0,Active/Censored
C01610,26,54,26206588,4,29,93,0,0.7950386168213672,0,Mass,60.0,0,Active/Censored
C01611,55,13,37684611,2,12,45,1,0.6853702179952883,2,Affluent,60.0,0,Active/Censored
C01612,27,41,13203094,2,25,66,1,0.0990541982661591,1,Affluent,60.0,0,Active/Censored
C01613,51,95,32734058,2,22,11,1,0.7183894283282066,3,Affluent,60.0,0,Active/Censored
C01614,52,64,37727363,4,21,38,0,0.7008475091955448,2,Mass,58.7,0,Active/Censored
C01615,23,69,24439220,2,13,90,0,0.061784488429629504,0,Mass,16.3,0,Active/Censored
C01616,28,53,8952028,4,21,91,1,0.8530550287591029,2,Affluent,58.6,0,Active/Censored
C01617,56,37,35636189,2,14,98,2,0.16897624279404733,1,Priority,57.4,0,Active/Censored
C01618,43,73,24306585,2,28,15,4,0.9147039548198431,0,Affluent,60.0,0,Active/Censored
C01619,26,77,11975233,3,22,88,1,0.11369352298477088,0,Mass,19.5,0,Active/Censored
C01620,65,108,6217422,3,23,34,0,0.26424448597035644,3,Mass,20.7,1,Churned
C01621,32,75,29917414,2,18,10,1,0.6712179721876874,1,Mass,60.0,0,Active/Censored
C01622,21,120,19511856,1,12,18,1,0.17351718302920052,0,Mass,34.2,0,Active/Censored
C01623,62,100,15160124,2,20,78,1,0.21647080128281093,3,Mass,2.2,0,Active/Censored
C01624,21,12,18049310,3,31,63,0,0.06005447929135203,0,Mass,3.2,0,Active/Censored
C01625,45,49,39676474,1,22,62,0,0.7938320682229556,0,Affluent,30.6,0,Active/Censored
C01626,65,48,19401297,1,15,90,3,0.0838555706562931,1,Mass,18.8,0,Active/Censored
C01627,47,3,6835944,4,16,18,3,0.6193157141547458,1,Mass,43.0,1,Churned
C01628,47,24,14073733,1,15,17,1,0.574076595406023,0,Affluent,60.0,1,Churned
C01629,38,92,9233098,2,23,94,1,0.5101162344984139,2,Mass,60.0,0,Active/Censored
C01630,26,44,28689896,4,17,65,2,0.38764195235116233,0,Affluent,31.0,0,Active/Censored
C01631,46,20,32814374,2,18,80,1,0.3196063080098687,0,Affluent,53.0,0,Active/Censored
C01632,61,36,34274000,2,15,57,2,0.9112527722849977,0,Affluent,60.0,0,Active/Censored
C01633,25,35,26783777,1,14,23,2,0.7568224478583705,1,Affluent,5.9,0,Active/Censored
C01634,60,23,31666611,4,12,57,2,0.8804593387993084,0,Affluent,15.7,0,Active/Censored
C01635,39,14,19022453,3,15,97,1,0.7105081574835254,2,Mass,23.6,0,Active/Censored
C01636,45,93,26599075,4,27,20,4,0.7961080290692159,1,Affluent,60.0,1,Churned
C01637,28,100,7851093,4,16,21,2,0.9177578796820477,0,Affluent,25.1,0,Active/Censored
C01638,48,61,23380412,2,12,41,0,0.458280100951946,1,Mass,51.9,0,Active/Censored
C01639,29,75,24068832,1,23,51,2,0.8662066460790931,3,Affluent,10.1,0,Active/Censored
C01640,33,111,5119030,2,14,67,0,0.08876674642099408,0,Mass,47.2,0,Active/Censored
C01641,53,102,23739107,1,20,24,1,0.1470849217213287,3,Mass,52.4,0,Active/Censored
C01642,23,6,30025623,3,8,94,1,0.49133690163081883,1,Mass,51.9,0,Active/Censored
C01643,41,115,17233267,1,23,23,1,0.45857592547520204,0,Affluent,60.0,0,Active/Censored
C01644,47,10,23619385,4,12,28,1,0.4443917720352971,1,Mass,37.9,0,Active/Censored
C01645,26,6,14298648,3,25,98,1,0.5334724865978491,1,Mass,26.9,0,Active/Censored
C01646,34,50,13746677,2,9,44,2,0.534535513555086,2,Mass,60.0,0,Active/Censored
C01647,36,91,8661769,4,20,62,0,0.8335082644723648,2,Affluent,16.1,0,Active/Censored
C01648,50,12,15802313,4,24,49,1,0.3613215314108051,3,Priority,60.0,0,Active/Censored
C01649,64,37,32915006,2,16,33,0,0.3346168601242019,2,Mass,56.0,0,Active/Censored
C01650,58,34,37681844,1,16,56,3,0.6817057153657248,0,Mass,42.8,0,Active/Censored
C01651,29,49,26882542,2,22,80,0,0.6336292438940594,0,Affluent,60.0,0,Active/Censored
C01652,21,119,26477040,3,21,11,2,0.7968622856209988,1,Mass,31.4,0,Active/Censored
C01653,23,42,26097561,4,19,89,1,0.32835031425026656,1,Mass,44.0,0,Active/Censored
C01654,47,27,21132847,2,18,26,0,0.055754794628318075,1,Affluent,60.0,0,Active/Censored
C01655,28,17,19229284,3,13,93,0,0.8996573156773258,2,Affluent,24.8,0,Active/Censored
C01656,31,26,26353182,2,16,97,4,0.08980285436465718,0,Mass,39.5,0,Active/Censored
C01657,59,18,32238423,1,14,94,2,0.6620116490244196,2,Mass,40.7,0,Active/Censored
C01658,60,70,18894723,2,20,69,2,0.3396487926072001,0,Mass,8.6,0,Active/Censored
C01659,58,52,24372110,1,21,92,0,0.4311797498518218,2,Priority,18.2,0,Active/Censored
C01660,32,61,20926561,2,19,88,3,0.8042294996683383,1,Affluent,60.0,0,Active/Censored
C01661,48,101,14278475,2,8,68,0,0.427621538964673,2,Mass,58.9,0,Active/Censored
C01662,48,71,14451133,2,11,91,1,0.17993437529302003,0,Priority,57.5,0,Active/Censored
C01663,29,21,6835750,4,16,41,0,0.7289915764418508,0,Mass,31.2,0,Active/Censored
C01664,45,47,19834718,2,12,85,1,0.06819036535403569,0,Affluent,57.9,0,Active/Censored
C01665,44,39,29648413,3,18,94,2,0.2972596895905057,2,Affluent,19.3,0,Active/Censored
C01666,38,100,28681320,3,25,67,2,0.534266250702447,0,Affluent,23.3,0,Active/Censored
C01667,54,39,39484022,3,20,21,0,0.44398732596317614,0,Affluent,60.0,0,Active/Censored
C01668,51,19,5437909,2,22,29,1,0.6082055051118369,1,Mass,33.2,0,Active/Censored
C01669,44,89,31383662,4,22,25,2,0.39321292344242853,0,Mass,12.8,0,Active/Censored
C01670,53,53,32620986,1,18,58,0,0.40152624106653156,3,Mass,59.7,0,Active/Censored
C01671,55,14,19711644,2,19,49,2,0.36379153409371834,0,Affluent,6.1,0,Active/Censored
C01672,46,84,14187263,4,14,85,0,0.8485434220395969,3,Mass,4.9,0,Active/Censored
C01673,33,27,16855674,2,16,35,0,0.06556685998475117,0,Mass,34.3,0,Active/Censored
C01674,55,105,28572152,3,17,25,1,0.8956777706076204,1,Mass,20.8,0,Active/Censored
C01675,53,101,35038002,1,19,66,1,0.37239950768155466,0,Mass,29.3,0,Active/Censored
C01676,65,46,27138111,3,19,22,1,0.37839448012127647,1,Mass,9.1,0,Active/Censored
C01677,27,68,22510748,4,21,92,0,0.7033035632448353,0,Mass,60.0,0,Active/Censored
C01678,39,69,27494609,3,21,17,3,0.3994490648532745,0,Mass,39.5,0,Active/Censored
C01679,62,80,6541472,3,21,54,1,0.6049803398911044,0,Mass,3.7,0,Active/Censored
C01680,44,11,25892640,4,10,96,2,0.863267611177527,2,Mass,41.5,0,Active/Censored
C01681,63,41,5517055,2,16,60,0,0.8115782427733724,0,Priority,1.3,0,Active/Censored
C01682,21,23,38527666,2,22,83,0,0.5138300098482601,1,Affluent,60.0,0,Active/Censored
C01683,22,85,36011456,1,15,48,0,0.6949869151212856,1,Affluent,60.0,0,Active/Censored
C01684,56,11,22300389,3,15,78,1,0.4031912705948529,1,Priority,6.0,0,Active/Censored
C01685,37,64,17466915,3,13,74,1,0.7484397411477677,1,Mass,22.1,0,Active/Censored
C01686,44,88,30363488,4,17,56,0,0.2031650930746529,0,Affluent,9.2,0,Active/Censored
C01687,40,114,26952971,3,16,19,0,0.0910686032920183,0,Mass,16.1,0,Active/Censored
C01688,39,36,29396175,1,22,98,0,0.536659408326882,2,Mass,60.0,0,Active/Censored
C01689,63,3,22560950,3,17,14,1,0.24380481632582068,0,Mass,31.4,0,Active/Censored
C01690,25,88,12505632,4,16,42,4,0.7058533485768463,1,Affluent,60.0,0,Active/Censored
C01691,55,3,6637056,1,17,68,1,0.14119115782576824,2,Mass,18.7,0,Active/Censored
C01692,61,10,14199010,2,30,79,1,0.057645624351725745,1,Mass,60.0,1,Churned
C01693,50,119,23043960,4,14,58,2,0.6581330147676732,0,Affluent,19.6,0,Active/Censored
C01694,38,104,19264615,2,17,46,0,0.50071949412635,1,Mass,39.8,0,Active/Censored
C01695,28,86,22229181,4,15,47,0,0.9068138661471652,1,Affluent,5.8,0,Active/Censored
C01696,51,101,13997125,3,14,98,0,0.27273704707723617,1,Affluent,3.7,0,Active/Censored
C01697,42,11,37763312,3,23,40,1,0.16093050575055054,1,Mass,12.5,0,Active/Censored
C01698,27,13,17202751,3,16,87,2,0.0707955636365233,1,Mass,60.0,0,Active/Censored
C01699,37,38,34461626,3,18,14,3,0.44982261405084895,0,Mass,60.0,0,Active/Censored
C01700,64,5,18074582,4,23,70,1,0.14073519685631994,1,Affluent,60.0,0,Active/Censored
C01701,32,107,19969109,4,28,71,3,0.7480790944966444,0,Affluent,60.0,0,Active/Censored
C01702,29,9,25739124,2,24,71,2,0.11478721494704064,0,Affluent,2.1,0,Active/Censored
C01703,51,67,13472768,4,12,48,2,0.8786793294052981,1,Mass,60.0,0,Active/Censored
C01704,29,103,11916041,3,16,72,0,0.5367685309178555,0,Mass,14.1,0,Active/Censored
C01705,62,89,17650869,3,20,50,2,0.6767347540491574,0,Affluent,12.0,0,Active/Censored
C01706,59,30,32954507,2,17,64,1,0.16782539522429718,5,Affluent,48.1,0,Active/Censored
C01707,65,58,9205615,2,19,91,3,0.1305547932061833,0,Mass,59.4,0,Active/Censored
C01708,62,67,19751308,3,19,71,0,0.3683153988654884,0,Mass,60.0,1,Churned
C01709,31,93,28196208,2,19,77,1,0.5183910853440268,0,Mass,10.4,0,Active/Censored
C01710,30,53,29424788,2,12,98,1,0.567951756196665,3,Mass,54.5,0,Active/Censored
C01711,36,36,19638641,4,12,29,2,0.3468096124607256,1,Affluent,43.0,0,Active/Censored
C01712,42,96,6931929,2,18,63,1,0.29539606566590443,0,Priority,45.4,0,Active/Censored
C01713,60,107,4572631,3,23,69,1,0.9332694880920496,2,Mass,7.9,0,Active/Censored
C01714,54,60,20918754,1,17,73,3,0.2953957279495894,0,Mass,60.0,0,Active/Censored
C01715,49,6,33161617,1,18,22,0,0.17413241745612262,2,Mass,60.0,0,Active/Censored
C01716,60,62,5015903,4,19,79,1,0.37351369794800465,1,Mass,60.0,0,Active/Censored
C01717,50,107,35949234,1,14,27,2,0.3234841829428969,2,Mass,34.0,0,Active/Censored
C01718,38,119,28332759,4,24,47,2,0.4295616809052191,2,Mass,4.8,0,Active/Censored
C01719,39,50,4290005,4,23,74,2,0.6113423627355579,2,Mass,60.0,0,Active/Censored
C01720,44,20,16373562,2,26,33,3,0.5928331399243755,1,Affluent,60.0,0,Active/Censored
C01721,24,70,11938054,4,26,21,0,0.6784608968736672,1,Affluent,39.1,0,Active/Censored
C01722,54,101,38173101,2,21,71,1,0.19101656355267377,0,Affluent,31.3,0,Active/Censored
C01723,50,114,23972160,4,33,35,0,0.09134992759458035,0,Mass,7.5,0,Active/Censored
C01724,53,9,15668471,1,28,85,1,0.7617288197556081,1,Mass,31.6,0,Active/Censored
C01725,45,37,14009738,2,23,91,2,0.24543737564685797,1,Mass,19.6,0,Active/Censored
C01726,56,59,24297012,2,19,41,1,0.3340985035007041,0,Mass,3.1,0,Active/Censored
C01727,63,14,4183405,4,23,77,0,0.4601117429682244,0,Mass,12.5,0,Active/Censored
C01728,46,107,13265952,1,18,30,1,0.6946757315095746,0,Mass,46.8,0,Active/Censored
C01729,40,16,9954756,4,21,94,1,0.1972259870594027,2,Priority,55.0,0,Active/Censored
C01730,25,81,26324054,1,20,32,1,0.8621620384858514,0,Priority,15.2,0,Active/Censored
C01731,56,111,28092060,2,20,90,1,0.3393746007723827,1,Affluent,17.9,0,Active/Censored
C01732,61,83,20813524,3,18,81,1,0.9343964235551608,1,Affluent,60.0,0,Active/Censored
C01733,52,93,9041050,1,20,38,2,0.3068713066897623,1,Affluent,60.0,0,Active/Censored
C01734,59,34,17342617,2,14,85,2,0.7030877141764225,1,Affluent,57.5,0,Active/Censored
C01735,59,100,34344413,4,17,67,2,0.3890022008019522,0,Affluent,60.0,0,Active/Censored
C01736,56,52,11332816,4,14,70,4,0.8029289622865274,1,Mass,60.0,0,Active/Censored
C01737,43,10,9881231,1,22,44,0,0.4661659331812386,0,Priority,46.8,0,Active/Censored
C01738,25,46,8014768,3,15,31,2,0.8334786973521114,0,Affluent,60.0,0,Active/Censored
C01739,21,44,33401732,3,19,73,0,0.7285447626543583,1,Mass,60.0,0,Active/Censored
C01740,30,64,8315648,1,22,14,0,0.5774257362257607,1,Mass,60.0,1,Churned
C01741,40,34,24938274,3,15,41,0,0.27499093669202956,0,Affluent,25.4,0,Active/Censored
C01742,54,57,39965440,3,19,22,1,0.28388094715481915,0,Priority,3.3,0,Active/Censored
C01743,41,53,27105233,3,14,10,2,0.9422798823803098,0,Mass,18.4,0,Active/Censored
C01744,22,41,18843186,2,26,10,1,0.8828491972699243,0,Mass,21.6,0,Active/Censored
C01745,30,85,11445767,2,19,18,1,0.1745765507813584,1,Mass,21.8,0,Active/Censored
C01746,65,39,4069469,3,17,95,0,0.23365806447125614,1,Mass,38.0,0,Active/Censored
C01747,65,93,9600274,3,17,80,2,0.14613294761692452,1,Mass,6.1,0,Active/Censored
C01748,37,32,38305436,1,13,100,1,0.23120401866686757,1,Mass,60.0,0,Active/Censored
C01749,57,105,9169728,1,19,17,0,0.31121382039706286,1,Mass,27.2,0,Active/Censored
C01750,53,46,4719277,3,14,100,0,0.8038642385976893,2,Mass,23.1,0,Active/Censored
C01751,62,7,33378598,4,20,64,3,0.13566402589357734,0,Affluent,1.0,0,Active/Censored
C01752,60,20,19069100,1,15,82,3,0.843908509402362,1,Mass,60.0,0,Active/Censored
C01753,49,98,16851855,1,18,88,2,0.924737118284255,0,Mass,60.0,0,Active/Censored
C01754,38,105,29829193,4,11,33,1,0.3035660615718254,0,Mass,28.4,0,Active/Censored
C01755,49,28,22829024,3,21,77,2,0.4606104611678908,0,Affluent,33.6,0,Active/Censored
C01756,35,74,36925572,4,14,68,1,0.5263955362616304,1,Mass,60.0,0,Active/Censored
C01757,36,70,20833561,4,15,47,2,0.23512039957160524,1,Mass,26.9,0,Active/Censored
C01758,48,18,29663906,4,18,54,0,0.7084187410430736,2,Mass,42.5,0,Active/Censored
C01759,46,56,35639062,1,22,28,3,0.571998919630071,1,Mass,60.0,0,Active/Censored
C01760,47,84,20690527,2,19,26,1,0.1509596195085304,0,Priority,56.3,0,Active/Censored
C01761,38,117,14234131,1,20,93,2,0.8563840813679156,3,Mass,60.0,0,Active/Censored
C01762,39,103,39079913,1,18,76,0,0.32197342288038266,0,Mass,28.4,0,Active/Censored
C01763,21,14,12164577,4,17,61,1,0.1906225850942399,0,Mass,60.0,0,Active/Censored
C01764,48,31,5415497,3,19,73,0,0.933668961476363,0,Mass,39.5,0,Active/Censored
C01765,46,54,24813503,1,11,46,0,0.14261809731052758,0,Affluent,18.8,0,Active/Censored
C01766,63,20,39528119,1,15,32,1,0.10372701617453337,1,Affluent,60.0,0,Active/Censored
C01767,43,70,7111781,1,24,95,3,0.263797706147139,0,Affluent,60.0,0,Active/Censored
C01768,42,4,34578095,2,14,100,1,0.3373384256571644,0,Mass,60.0,0,Active/Censored
C01769,24,16,33895577,2,22,29,1,0.4404223995356314,0,Mass,60.0,0,Active/Censored
C01770,29,8,37441480,2,13,82,0,0.6666531962490599,1,Priority,60.0,0,Active/Censored
C01771,36,37,19176254,4,20,50,0,0.3791420458069133,0,Mass,60.0,0,Active/Censored
C01772,37,92,13171807,1,21,74,1,0.5534002496326818,0,Affluent,60.0,0,Active/Censored
C01773,37,23,22437143,3,23,19,0,0.05523028306702661,0,Affluent,60.0,0,Active/Censored
C01774,38,119,9128490,2,14,53,1,0.3964097136669732,0,Mass,4.6,0,Active/Censored
C01775,55,34,34342615,2,15,21,1,0.9004718078811331,1,Priority,39.0,0,Active/Censored
C01776,26,8,27879350,4,19,84,1,0.7473620350985153,0,Mass,2.2,0,Active/Censored
C01777,35,42,21399729,4,23,46,0,0.7167205122048812,0,Affluent,40.5,0,Active/Censored
C01778,28,91,22570939,1,10,33,2,0.3240643788464183,0,Mass,30.7,0,Active/Censored
C01779,34,15,29636387,2,17,73,1,0.4893585558569233,2,Mass,60.0,0,Active/Censored
C01780,51,11,22834046,1,20,96,0,0.8100711520592082,1,Mass,54.7,0,Active/Censored
C01781,23,103,34233037,2,20,40,1,0.8421401027835543,0,Mass,60.0,0,Active/Censored
C01782,36,72,37286290,3,20,75,2,0.6894887263620166,0,Priority,48.2,0,Active/Censored
C01783,22,43,38192444,2,17,72,2,0.4608872879623321,2,Mass,60.0,0,Active/Censored
C01784,63,92,26322912,2,17,54,2,0.11584854072043756,1,Mass,60.0,0,Active/Censored
C01785,53,102,30731825,2,24,83,2,0.15741797769693558,0,Mass,8.9,0,Active/Censored
C01786,31,45,15198298,2,21,21,3,0.05026362964242153,0,Affluent,60.0,0,Active/Censored
C01787,29,69,5372201,2,22,89,0,0.37327979255264043,0,Mass,60.0,0,Active/Censored
C01788,25,4,18402396,2,9,46,1,0.07104556714963733,0,Mass,34.2,0,Active/Censored
C01789,42,39,35381586,3,19,14,2,0.4415196116541101,1,Affluent,60.0,1,Churned
C01790,54,73,8805850,1,21,100,0,0.5877874608956976,0,Affluent,53.7,0,Active/Censored
C01791,47,26,23645657,1,11,80,2,0.5862921263404444,0,Priority,16.4,0,Active/Censored
C01792,60,119,10923305,3,22,84,0,0.5497677663808538,0,Affluent,60.0,0,Active/Censored
C01793,36,117,19453786,3,22,23,0,0.2535537747401664,0,Mass,37.1,0,Active/Censored
C01794,33,33,9160602,2,17,78,2,0.5172700115200831,0,Affluent,60.0,0,Active/Censored
C01795,42,49,30450810,1,13,73,2,0.9318523373753418,0,Mass,16.5,0,Active/Censored
C01796,30,25,33170488,3,20,92,0,0.4501560083231704,0,Mass,56.5,0,Active/Censored
C01797,64,62,31300744,2,21,43,0,0.8370425177105238,0,Mass,60.0,0,Active/Censored
C01798,29,17,29375444,3,18,94,0,0.39326489704574885,2,Mass,57.4,0,Active/Censored
C01799,42,49,12465504,1,20,74,3,0.6107399940332354,2,Mass,33.3,0,Active/Censored
C01800,44,68,23092420,1,18,33,3,0.48365501592155885,1,Mass,25.8,0,Active/Censored
C01801,23,75,7772285,3,10,29,0,0.669760228725502,1,Affluent,26.3,0,Active/Censored
C01802,42,73,17477242,2,21,92,2,0.8576400556480227,1,Priority,31.7,0,Active/Censored
C01803,41,29,22209339,3,16,68,1,0.4468106742859199,1,Mass,1.0,0,Active/Censored
C01804,32,96,28065794,3,22,20,1,0.7316595124336741,2,Mass,60.0,0,Active/Censored
C01805,26,84,7484887,2,18,21,2,0.8442856848819048,2,Mass,43.6,0,Active/Censored
C01806,23,91,33264592,1,22,85,1,0.7605900915889101,1,Mass,42.3,0,Active/Censored
C01807,21,58,20520573,1,23,25,1,0.07210039898821327,3,Priority,60.0,0,Active/Censored
C01808,42,108,35724395,4,17,29,2,0.05017068816641987,0,Mass,60.0,0,Active/Censored
C01809,25,49,22989117,1,18,65,2,0.8446637089834166,0,Mass,60.0,0,Active/Censored
C01810,64,98,23692584,3,25,88,1,0.706382071116601,0,Mass,60.0,0,Active/Censored
C01811,32,27,28933284,4,23,40,2,0.9123188289533687,2,Mass,31.2,0,Active/Censored
C01812,50,32,33515864,4,18,70,2,0.31323415463147236,0,Mass,29.5,0,Active/Censored
C01813,51,65,9674498,2,14,74,3,0.7591714274436123,3,Priority,21.9,0,Active/Censored
C01814,43,68,22407014,1,17,64,4,0.771369869405873,1,Affluent,60.0,1,Churned
C01815,60,91,5078368,4,23,72,0,0.8215938407729192,0,Mass,51.3,0,Active/Censored
C01816,25,38,21083083,3,26,30,2,0.6728251223313455,1,Affluent,24.8,0,Active/Censored
C01817,31,105,33286521,2,18,66,1,0.1744771931755445,0,Affluent,6.4,0,Active/Censored
C01818,32,41,35155546,3,17,10,0,0.6628484655718343,3,Mass,60.0,0,Active/Censored
C01819,27,66,14206730,1,20,76,1,0.5940353253539677,0,Affluent,59.8,0,Active/Censored
C01820,34,112,17909461,3,17,82,1,0.35030488326386383,2,Affluent,2.5,0,Active/Censored
C01821,35,66,23856207,3,11,82,2,0.23775214256056865,0,Affluent,11.2,0,Active/Censored
C01822,55,83,18252856,2,17,12,2,0.8465899498821787,0,Mass,54.4,0,Active/Censored
C01823,34,110,10410846,2,18,92,0,0.17775184546417078,0,Affluent,60.0,0,Active/Censored
C01824,60,118,14976808,2,20,49,1,0.4299781070245616,1,Affluent,7.9,0,Active/Censored
C01825,55,61,18546039,1,31,17,1,0.6105186704351488,0,Affluent,60.0,0,Active/Censored
C01826,61,52,22673262,1,19,58,1,0.9246167882739623,1,Mass,16.1,0,Active/Censored
C01827,25,26,37146354,4,22,62,0,0.6538787171700402,0,Mass,23.3,0,Active/Censored
C01828,65,66,23614601,2,17,46,0,0.3243903790293713,0,Affluent,60.0,0,Active/Censored
C01829,48,111,17936200,1,17,78,1,0.10459574089939208,2,Affluent,60.0,0,Active/Censored
C01830,65,60,27776601,1,18,59,1,0.3359328105620528,0,Priority,60.0,0,Active/Censored
C01831,36,44,31830008,2,24,29,0,0.3135079033822803,1,Mass,44.1,0,Active/Censored
C01832,63,15,19498083,4,22,66,2,0.787171533632368,2,Mass,60.0,0,Active/Censored
C01833,47,48,21613559,2,12,33,0,0.38892609906665176,2,Affluent,25.1,0,Active/Censored
C01834,24,30,11842142,4,22,20,0,0.13860349959544643,0,Affluent,50.1,0,Active/Censored
C01835,39,118,35132355,2,14,34,1,0.8329797164231643,2,Mass,32.7,0,Active/Censored
C01836,27,65,35206314,4,13,92,1,0.06624884010479616,0,Affluent,60.0,0,Active/Censored
C01837,63,19,10296760,4,16,62,0,0.05270845597550971,1,Mass,49.7,0,Active/Censored
C01838,34,10,16456031,1,22,38,1,0.4772779191334554,0,Mass,60.0,0,Active/Censored
C01839,31,103,13790129,1,17,43,1,0.11229826099188325,0,Mass,30.1,0,Active/Censored
C01840,45,112,37225963,4,19,88,1,0.20939170642118926,2,Mass,20.1,0,Active/Censored
C01841,40,93,6348085,4,20,70,1,0.9367561239096749,0,Affluent,32.4,0,Active/Censored
C01842,25,17,11464719,1,19,80,0,0.8099285026935402,1,Mass,60.0,1,Churned
C01843,57,14,15336665,3,20,65,1,0.7376339083385539,0,Affluent,60.0,0,Active/Censored
C01844,59,26,24162069,4,24,100,0,0.6537137478774813,1,Mass,39.1,0,Active/Censored
C01845,54,91,12963239,4,15,69,0,0.09303390411749721,0,Affluent,59.4,0,Active/Censored
C01846,48,93,23318143,2,16,46,1,0.8023178406443604,0,Mass,4.0,0,Active/Censored
C01847,39,101,30900149,4,22,32,3,0.4740694965020967,2,Mass,25.4,0,Active/Censored
C01848,45,14,33831322,3,14,14,3,0.1384879765055141,4,Mass,11.6,0,Active/Censored
C01849,44,21,7566225,4,17,79,3,0.32067591003501655,1,Priority,60.0,0,Active/Censored
C01850,28,109,8998649,1,13,94,4,0.5017713078060907,1,Priority,46.6,0,Active/Censored
C01851,24,112,7426968,3,15,70,1,0.06232513767906076,1,Mass,60.0,0,Active/Censored
C01852,32,88,36757738,1,21,54,1,0.2771775257462456,2,Mass,60.0,0,Active/Censored
C01853,41,15,27475558,2,18,21,0,0.3523312658630892,2,Mass,25.0,0,Active/Censored
C01854,28,11,23131414,1,22,68,4,0.4674122055811372,2,Mass,41.4,0,Active/Censored
C01855,25,9,32472849,2,20,28,0,0.05178344501645408,1,Mass,7.1,0,Active/Censored
C01856,59,84,25099937,4,12,66,1,0.558898358163158,0,Priority,60.0,0,Active/Censored
C01857,37,102,12476341,3,22,37,1,0.22787033978189492,2,Affluent,52.4,0,Active/Censored
C01858,47,77,22365986,2,19,88,0,0.5875254776737183,0,Mass,44.5,0,Active/Censored
C01859,44,33,29315611,2,21,95,2,0.26523527640665573,0,Priority,54.5,0,Active/Censored
C01860,54,92,5296896,2,17,31,2,0.4124465974227461,0,Affluent,60.0,0,Active/Censored
C01861,54,9,25828071,3,23,39,2,0.6112671793216516,1,Mass,60.0,0,Active/Censored
C01862,34,100,21895263,2,18,93,1,0.6409153457967379,2,Affluent,60.0,0,Active/Censored
C01863,59,108,6502230,1,24,11,0,0.07753612380682054,2,Mass,41.5,0,Active/Censored
C01864,37,87,13487787,3,18,57,1,0.5315670932713003,0,Mass,60.0,0,Active/Censored
C01865,58,106,20147263,4,14,22,1,0.7849775023932323,0,Mass,29.9,0,Active/Censored
C01866,39,72,16336774,2,12,49,2,0.23578074099899543,0,Mass,60.0,0,Active/Censored
C01867,25,58,14442391,1,19,12,2,0.5287897739709745,0,Mass,51.6,0,Active/Censored
C01868,55,41,27367657,1,17,22,3,0.4528531781481788,1,Affluent,5.6,0,Active/Censored
C01869,22,111,18557058,4,20,46,2,0.814941417115958,0,Mass,60.0,0,Active/Censored
C01870,55,85,21917096,4,19,15,3,0.44488676717547815,0,Mass,53.7,0,Active/Censored
C01871,22,25,32739368,1,20,82,2,0.8994564594145826,0,Priority,13.8,0,Active/Censored
C01872,30,115,7355855,1,17,62,2,0.6371855879371547,1,Priority,60.0,0,Active/Censored
C01873,48,9,16956583,1,13,50,1,0.5552448992425892,0,Affluent,52.9,0,Active/Censored
C01874,63,72,6629485,2,15,52,1,0.31272758687945923,0,Affluent,31.0,0,Active/Censored
C01875,39,25,37383816,4,22,86,1,0.586873053034984,1,Priority,60.0,0,Active/Censored
C01876,26,81,10683677,1,19,86,2,0.16812178022125185,2,Affluent,60.0,0,Active/Censored
C01877,31,51,33515232,4,15,14,2,0.42461968591911425,0,Mass,60.0,0,Active/Censored
C01878,61,54,10871865,1,19,72,4,0.3059851512062782,1,Mass,60.0,0,Active/Censored
C01879,53,82,15666037,3,24,52,0,0.6532488531240362,2,Mass,60.0,0,Active/Censored
C01880,25,92,25898827,2,17,81,0,0.737596383376328,0,Mass,9.5,1,Churned
C01881,38,47,33929481,4,17,81,1,0.8857659693066928,1,Mass,60.0,0,Active/Censored
C01882,32,120,10401320,2,22,74,1,0.24989069370292177,0,Mass,60.0,0,Active/Censored
C01883,29,61,11672363,2,22,71,0,0.8462756284406282,1,Mass,47.5,0,Active/Censored
C01884,59,21,35741899,1,18,29,1,0.8113563366702928,2,Mass,9.9,1,Churned
C01885,48,3,15590734,4,23,87,0,0.8261884174575769,0,Mass,20.9,0,Active/Censored
C01886,29,26,11551383,2,13,73,3,0.7164282753812354,0,Mass,50.6,0,Active/Censored
C01887,50,84,30766814,2,15,34,1,0.2909492992195242,1,Affluent,60.0,0,Active/Censored
C01888,39,66,7280732,3,13,31,1,0.8400849575112789,0,Mass,59.0,0,Active/Censored
C01889,23,42,35210726,3,17,55,1,0.5895936158476283,1,Mass,1.9,0,Active/Censored
C01890,41,59,35526856,3,18,41,4,0.71655053345846,0,Mass,60.0,0,Active/Censored
C01891,29,101,34834741,2,24,71,0,0.23473162039372608,1,Affluent,51.8,0,Active/Censored
C01892,32,70,14631792,1,20,46,0,0.19166948196262235,1,Affluent,44.6,0,Active/Censored
C01893,60,9,8111543,1,23,25,2,0.29916647156725235,1,Mass,60.0,0,Active/Censored
C01894,52,8,19315214,1,15,45,1,0.5102336990981343,0,Affluent,60.0,0,Active/Censored
C01895,27,59,16044782,3,17,84,1,0.4249625865077538,1,Affluent,16.4,1,Churned
C01896,59,50,38524949,3,22,85,0,0.8488472324348123,0,Priority,60.0,0,Active/Censored
C01897,46,103,26741043,3,15,38,0,0.06171665283729684,1,Affluent,60.0,0,Active/Censored
C01898,60,71,37997291,4,19,82,1,0.1220435536513535,1,Mass,40.5,0,Active/Censored
C01899,54,92,31031524,1,16,18,1,0.3428688742679144,0,Mass,31.5,0,Active/Censored
C01900,36,72,29737008,4,18,99,1,0.20095900920156184,0,Mass,60.0,0,Active/Censored
C01901,45,43,8026431,4,18,79,1,0.4160755545711258,0,Mass,60.0,0,Active/Censored
C01902,44,80,6481802,3,20,13,0,0.6958337904366335,3,Mass,8.2,0,Active/Censored
C01903,53,76,5673676,3,12,74,3,0.9440760846209489,1,Priority,60.0,0,Active/Censored
C01904,32,87,25360244,1,22,54,0,0.2318672725021631,0,Mass,52.2,0,Active/Censored
C01905,35,25,11261557,1,30,90,0,0.2893771711224022,0,Mass,33.5,0,Active/Censored
C01906,32,78,39606805,1,19,31,0,0.7418647845939648,0,Priority,60.0,0,Active/Censored
C01907,34,36,8775834,3,24,91,1,0.2948447365702419,0,Mass,60.0,0,Active/Censored
C01908,28,96,38088984,2,15,89,0,0.6833749754638169,1,Mass,5.6,0,Active/Censored
C01909,22,97,28035027,1,10,35,0,0.5751401434541425,0,Mass,23.4,0,Active/Censored
C01910,63,76,7816089,1,19,49,0,0.8194046889476415,0,Mass,60.0,0,Active/Censored
C01911,24,114,6104321,1,15,68,1,0.08000309740668203,2,Mass,60.0,0,Active/Censored
C01912,60,66,18254822,3,26,31,1,0.9317722639658059,2,Mass,46.2,0,Active/Censored
C01913,21,5,16202446,3,19,100,2,0.9178256026139096,0,Mass,23.4,0,Active/Censored
C01914,55,74,15359322,3,21,27,0,0.07014901521103274,1,Mass,14.2,0,Active/Censored
C01915,35,94,23028213,1,21,32,2,0.4995584795102316,0,Affluent,60.0,0,Active/Censored
C01916,44,14,8670211,1,12,55,0,0.4112834944722593,1,Mass,45.7,0,Active/Censored
C01917,33,15,8660455,1,17,53,0,0.2787468360833098,3,Mass,60.0,0,Active/Censored
C01918,43,35,29012739,4,20,14,0,0.9300433290523933,1,Mass,1.0,0,Active/Censored
C01919,41,102,39651123,3,18,92,2,0.20714042013130063,1,Affluent,60.0,0,Active/Censored
C01920,44,65,13858541,2,17,31,0,0.2871990430711921,0,Affluent,45.1,0,Active/Censored
C01921,38,118,37549447,1,8,19,0,0.05740067624949572,3,Mass,60.0,0,Active/Censored
C01922,45,106,16415168,2,20,57,0,0.5722008153176755,0,Affluent,34.4,0,Active/Censored
C01923,58,68,16091929,4,11,94,1,0.8247187750399863,1,Mass,60.0,0,Active/Censored
C01924,40,83,7252919,1,21,10,6,0.6097216420881326,0,Affluent,20.6,1,Churned
C01925,37,42,19239753,4,21,54,0,0.6364465033943217,0,Priority,55.6,0,Active/Censored
C01926,26,13,21926832,2,20,92,0,0.10968833261688027,4,Mass,45.1,0,Active/Censored
C01927,37,50,27895721,1,22,91,2,0.6933264971996494,0,Mass,60.0,0,Active/Censored
C01928,26,72,9694043,4,18,25,3,0.4181039769141176,0,Mass,60.0,0,Active/Censored
C01929,29,24,10792958,3,17,66,0,0.47634121658551826,0,Affluent,15.9,0,Active/Censored
C01930,63,29,19555255,3,15,86,1,0.5765140124665047,1,Mass,60.0,0,Active/Censored
C01931,25,4,6507339,1,20,71,1,0.927827927456277,1,Mass,21.0,0,Active/Censored
C01932,42,89,9160319,2,18,69,0,0.723364930145698,0,Affluent,39.7,0,Active/Censored
C01933,58,109,26646705,3,21,80,1,0.6655343808511065,1,Mass,35.3,0,Active/Censored
C01934,63,100,38338596,3,14,51,2,0.4387037313067848,0,Affluent,48.9,0,Active/Censored
C01935,27,47,24626639,1,15,16,1,0.081005464875973,1,Mass,43.7,0,Active/Censored
C01936,28,73,9219371,3,13,68,0,0.5348162051289576,0,Priority,60.0,0,Active/Censored
C01937,37,116,39675662,4,19,67,4,0.6447931073390584,1,Affluent,43.5,0,Active/Censored
C01938,45,72,22787937,4,18,87,1,0.6837707162373932,0,Mass,60.0,0,Active/Censored
C01939,64,37,29806401,1,22,94,5,0.5970929749477235,0,Mass,60.0,0,Active/Censored
C01940,30,42,11091273,4,23,40,2,0.3203303225918022,0,Mass,53.3,0,Active/Censored
C01941,28,88,24823696,3,14,97,2,0.248928261515728,2,Affluent,46.8,0,Active/Censored
C01942,32,55,6749024,1,23,10,2,0.13108461952835193,2,Mass,28.3,0,Active/Censored
C01943,60,101,26526677,1,9,98,0,0.6825482355960589,3,Priority,7.3,0,Active/Censored
C01944,22,104,11283110,4,17,22,1,0.9237073471191983,0,Affluent,56.9,0,Active/Censored
C01945,38,7,36742544,1,29,68,1,0.5225202183303956,0,Priority,38.4,0,Active/Censored
C01946,26,88,5971867,1,21,72,0,0.6558643988300422,0,Mass,60.0,0,Active/Censored
C01947,28,46,27494670,2,12,67,0,0.673342252305984,1,Mass,60.0,0,Active/Censored
C01948,62,64,9018305,3,15,100,4,0.19529789524050833,2,Mass,60.0,0,Active/Censored
C01949,21,34,28736372,3,18,60,0,0.22262127696952588,1,Mass,6.4,0,Active/Censored
C01950,35,46,21765429,3,10,21,0,0.2373595073331753,0,Mass,60.0,0,Active/Censored
C01951,62,41,38829320,4,26,65,1,0.8895573803396125,1,Mass,28.4,0,Active/Censored
C01952,48,8,27465358,4,19,36,3,0.06402205450066992,0,Affluent,34.3,0,Active/Censored
C01953,24,95,17391932,1,29,65,3,0.5370518957085603,3,Mass,7.4,0,Active/Censored
C01954,41,19,7144233,1,19,44,1,0.38945986011519185,0,Mass,11.4,0,Active/Censored
C01955,64,47,25447263,1,20,13,3,0.6434153025471075,0,Mass,60.0,0,Active/Censored
C01956,39,25,19876670,2,16,68,2,0.2484429482922113,0,Affluent,60.0,0,Active/Censored
C01957,44,21,5890407,2,13,18,0,0.9150537377521223,1,Affluent,22.4,0,Active/Censored
C01958,44,47,24924892,4,16,39,2,0.34809380072590784,1,Mass,9.0,0,Active/Censored
C01959,50,111,11559811,2,22,66,1,0.8833341034549156,1,Mass,27.9,0,Active/Censored
C01960,29,114,12432124,1,18,90,1,0.58028032127101,0,Mass,60.0,0,Active/Censored
C01961,58,48,4322521,4,19,38,1,0.4230149890743549,0,Affluent,19.2,0,Active/Censored
C01962,65,62,17394822,2,25,37,1,0.7104969709415143,2,Mass,1.3,0,Active/Censored
C01963,27,119,11857700,4,26,37,1,0.5477582068391904,0,Mass,32.1,0,Active/Censored
C01964,57,30,6586055,4,17,62,2,0.17472427337418872,2,Priority,18.8,0,Active/Censored
C01965,57,114,19634613,4,22,27,3,0.6840402797008508,4,Mass,50.1,0,Active/Censored
C01966,54,15,11924718,4,14,57,2,0.5715445210756747,0,Mass,4.3,0,Active/Censored
C01967,37,29,8829696,1,26,82,3,0.5590804870983175,0,Mass,60.0,0,Active/Censored
C01968,42,42,20803105,3,19,17,1,0.7143312023290344,0,Affluent,19.7,1,Churned
C01969,58,7,6276627,2,20,97,0,0.638132168824644,0,Mass,60.0,0,Active/Censored
C01970,27,99,39655918,3,12,58,2,0.3796183071271083,0,Priority,60.0,0,Active/Censored
C01971,58,103,20954549,3,27,67,1,0.3366398926879079,1,Affluent,54.6,0,Active/Censored
C01972,62,48,39865542,3,17,66,5,0.2757369705926612,2,Affluent,12.7,0,Active/Censored
C01973,51,101,35728869,2,17,96,2,0.5676308873995372,0,Mass,60.0,0,Active/Censored
C01974,36,94,39266380,4,15,70,2,0.3198989832257302,1,Mass,35.6,0,Active/Censored
C01975,46,97,23538270,3,14,90,1,0.1583764626185919,1,Affluent,60.0,0,Active/Censored
C01976,23,97,19231109,4,19,36,3,0.7544277429447109,0,Priority,19.0,0,Active/Censored
C01977,62,70,29916074,1,15,29,0,0.23821901796409445,2,Affluent,19.1,0,Active/Censored
C01978,36,16,6904493,4,13,68,0,0.1983892926600383,1,Priority,53.5,0,Active/Censored
C01979,23,111,34247052,2,14,23,0,0.8141008755432694,0,Affluent,3.9,0,Active/Censored
C01980,56,74,15648643,2,24,20,0,0.6819152077955846,0,Mass,4.2,0,Active/Censored
C01981,50,109,4266958,4,21,29,1,0.7395412691398353,1,Mass,17.7,0,Active/Censored
C01982,49,116,12557717,2,23,34,0,0.3653244915064376,2,Mass,15.8,0,Active/Censored
C01983,23,25,12723513,2,22,18,1,0.605692586949895,1,Mass,60.0,0,Active/Censored
C01984,54,50,4508556,4,12,76,0,0.8889748251969524,1,Mass,2.1,0,Active/Censored
C01985,49,25,28068941,4,20,63,3,0.3044275361998625,2,Mass,20.9,0,Active/Censored
C01986,56,9,7428409,2,24,28,1,0.11206588603499179,1,Mass,6.1,0,Active/Censored
C01987,58,117,34481030,2,23,35,2,0.2037902531832239,0,Mass,60.0,0,Active/Censored
C01988,30,111,20314909,1,19,94,2,0.8577196541096512,0,Affluent,46.5,0,Active/Censored
C01989,30,112,29856627,1,17,93,0,0.30337797397415794,1,Affluent,6.5,0,Active/Censored
C01990,62,107,16227848,3,20,21,2,0.4921276161030476,0,Mass,60.0,0,Active/Censored
C01991,44,79,8751736,2,22,65,0,0.5311120406598746,2,Affluent,3.7,0,Active/Censored
C01992,40,64,10492733,4,21,39,1,0.9140122625159068,3,Mass,58.2,0,Active/Censored
C01993,33,119,27251626,1,23,42,2,0.32133111377420087,0,Mass,60.0,0,Active/Censored
C01994,49,68,29779598,3,26,64,1,0.5192521618910299,0,Mass,51.7,0,Active/Censored
C01995,54,78,13631043,3,18,99,1,0.9123118957050257,3,Mass,60.0,0,Active/Censored
C01996,21,27,16856161,3,25,63,0,0.23121033805650287,0,Mass,58.0,0,Active/Censored
C01997,45,91,38021938,1,17,96,2,0.588096771626614,1,Affluent,35.3,0,Active/Censored
C01998,65,99,34667242,2,16,84,0,0.10724608043235581,1,Mass,11.2,0,Active/Censored
C01999,33,83,18869430,3,15,80,2,0.28667766079226076,1,Affluent,60.0,0,Active/Censored
C02000,33,61,12675177,2,17,81,2,0.11229344562570585,1,Mass,60.0,0,Active/Censored
C02001,60,26,14848740,4,15,82,3,0.34713747289557073,0,Mass,16.7,0,Active/Censored
C02002,23,6,23382165,3,16,33,3,0.23579042701687347,0,Affluent,60.0,0,Active/Censored
C02003,38,77,24404121,2,17,98,1,0.768574150539999,0,Affluent,21.1,0,Active/Censored
C02004,41,83,10629011,1,21,93,1,0.46705590420458953,0,Mass,20.8,0,Active/Censored
C02005,56,94,6370003,1,15,64,1,0.41450019237905195,0,Affluent,60.0,0,Active/Censored
C02006,26,115,21830822,2,11,74,2,0.6730908147395521,1,Mass,60.0,0,Active/Censored
C02007,40,61,32708531,2,19,90,3,0.9024793837256285,1,Affluent,60.0,0,Active/Censored
C02008,27,100,9488794,4,15,23,2,0.32138905366605214,0,Affluent,59.1,0,Active/Censored
C02009,56,87,18700795,4,16,15,1,0.11007594261069567,0,Mass,60.0,0,Active/Censored
C02010,49,35,9816830,1,17,100,1,0.14880215052878332,0,Mass,60.0,0,Active/Censored
C02011,43,102,12716855,3,16,60,1,0.8214935214386079,0,Priority,60.0,0,Active/Censored
C02012,38,9,26040041,2,16,75,0,0.8112694921273709,2,Mass,55.8,0,Active/Censored
C02013,27,73,14303018,1,18,55,0,0.47782886622228565,0,Affluent,54.6,0,Active/Censored
C02014,62,113,13496297,3,21,57,0,0.18287866697534255,0,Mass,27.2,0,Active/Censored
C02015,50,80,39843934,3,20,13,2,0.5238404389311627,0,Mass,60.0,0,Active/Censored
C02016,35,113,10205220,1,21,36,1,0.6515797011618127,2,Mass,10.7,0,Active/Censored
C02017,39,9,10814334,2,19,17,2,0.3490128411148485,2,Affluent,5.8,0,Active/Censored
C02018,53,65,37471657,3,19,49,0,0.12426622593874513,2,Mass,8.1,0,Active/Censored
C02019,53,95,23807472,2,14,11,2,0.3397474775553295,1,Mass,23.7,0,Active/Censored
C02020,41,78,5548117,2,16,83,0,0.6715165699437528,0,Mass,60.0,0,Active/Censored
C02021,34,106,19298487,1,22,36,4,0.930530919940562,1,Affluent,19.5,0,Active/Censored
C02022,50,57,24345332,1,20,77,1,0.22108113134885438,0,Mass,4.0,0,Active/Censored
C02023,50,83,13114889,4,17,14,0,0.873100172865389,0,Mass,60.0,0,Active/Censored
C02024,47,52,23737498,3,11,13,1,0.4609606205758418,2,Mass,47.2,0,Active/Censored
C02025,24,105,27346494,1,19,48,2,0.6468963129057438,1,Mass,60.0,1,Churned
C02026,42,17,13021919,2,17,81,0,0.8273290384761941,1,Mass,1.7,0,Active/Censored
C02027,48,32,33246417,1,16,83,2,0.551714371982603,1,Mass,14.6,0,Active/Censored
C02028,63,14,20299782,2,18,59,1,0.1053152456267456,0,Affluent,60.0,0,Active/Censored
C02029,44,85,38684610,1,17,65,1,0.2892008049080378,1,Priority,5.6,0,Active/Censored
C02030,36,30,7158560,3,18,72,1,0.7726151546719193,1,Mass,60.0,0,Active/Censored
C02031,46,40,15672518,3,16,71,0,0.5476026523117219,1,Mass,54.8,0,Active/Censored
C02032,28,101,29965725,3,19,77,0,0.3461668346555892,0,Priority,55.3,0,Active/Censored
C02033,25,45,36216960,2,16,12,0,0.57497155317922,2,Mass,46.8,0,Active/Censored
C02034,51,20,11981097,2,14,49,2,0.2917130955287372,1,Mass,56.7,0,Active/Censored
C02035,65,5,39289011,1,22,86,0,0.2669092698511489,1,Affluent,60.0,0,Active/Censored
C02036,59,29,10961872,1,15,50,1,0.7955537216638232,1,Mass,4.6,0,Active/Censored
C02037,47,110,18980402,2,25,23,1,0.41006084564254064,4,Mass,60.0,0,Active/Censored
C02038,22,67,15335625,2,13,70,2,0.2965900520584125,1,Priority,1.3,0,Active/Censored
C02039,65,120,19275620,3,15,37,6,0.41825878886159695,1,Mass,56.7,0,Active/Censored
C02040,41,28,36485317,1,20,56,0,0.8785699960652457,0,Affluent,16.9,0,Active/Censored
C02041,34,44,30371805,2,8,57,2,0.21270982137101768,1,Mass,38.4,0,Active/Censored
C02042,61,22,32672799,4,20,73,0,0.21670641306540306,1,Mass,30.4,0,Active/Censored
C02043,54,50,13143991,4,13,94,0,0.36838837960262366,1,Affluent,36.2,0,Active/Censored
C02044,54,69,38088122,4,21,73,1,0.10439490648034341,0,Priority,60.0,0,Active/Censored
C02045,33,98,19679358,2,24,100,0,0.11742910342359927,1,Affluent,60.0,0,Active/Censored
C02046,65,46,27470644,1,15,11,0,0.05988072566667573,0,Mass,60.0,0,Active/Censored
C02047,41,94,29117904,1,21,81,1,0.18156837461066222,2,Affluent,60.0,0,Active/Censored
C02048,44,76,27865174,1,19,47,0,0.6263486413373994,0,Mass,60.0,0,Active/Censored
C02049,54,37,25664692,4,24,76,1,0.22678352205607472,0,Mass,24.5,0,Active/Censored
C02050,50,110,21281115,4,22,17,0,0.39001096804608143,1,Affluent,7.5,0,Active/Censored
C02051,28,54,27315062,4,28,58,1,0.6850268026769494,1,Mass,60.0,1,Churned
C02052,34,20,36586707,3,18,12,0,0.07864084558757743,2,Mass,57.3,0,Active/Censored
C02053,37,116,18031854,2,19,70,2,0.2381530233921748,2,Affluent,60.0,0,Active/Censored
C02054,63,110,22391577,2,23,29,0,0.9462993921400824,0,Affluent,1.0,0,Active/Censored
C02055,53,8,10482728,4,17,23,1,0.5872656206777654,2,Mass,60.0,0,Active/Censored
C02056,37,109,16782162,4,18,17,3,0.6439816851481707,1,Mass,5.9,0,Active/Censored
C02057,54,114,31793715,3,16,34,0,0.5144432072043532,0,Affluent,11.5,0,Active/Censored
C02058,54,100,27053500,4,12,97,3,0.919303216330808,1,Mass,30.7,0,Active/Censored
C02059,38,33,11601262,2,19,99,0,0.17986731830534813,0,Mass,24.1,0,Active/Censored
C02060,39,77,23661021,2,19,17,0,0.11063551192320857,0,Mass,34.4,0,Active/Censored
C02061,61,66,33230604,4,13,99,2,0.7845495507162441,0,Mass,59.0,0,Active/Censored
C02062,46,76,8464713,2,12,63,1,0.053686732575097956,0,Mass,60.0,0,Active/Censored
C02063,27,75,6230148,4,13,39,2,0.5554056243684508,0,Priority,35.3,0,Active/Censored
C02064,53,78,18138114,2,13,95,3,0.05127114842343668,0,Affluent,60.0,0,Active/Censored
C02065,47,63,27635708,2,20,31,0,0.36342018069298915,1,Mass,60.0,0,Active/Censored
C02066,43,84,15279714,1,12,26,0,0.6357978223044715,1,Mass,60.0,0,Active/Censored
C02067,53,65,33557197,3,22,30,0,0.5425937305747308,1,Affluent,2.6,0,Active/Censored
C02068,61,4,34486015,2,11,23,2,0.553876071810523,0,Mass,60.0,0,Active/Censored
C02069,35,7,23170695,2,16,54,3,0.19161157585829153,1,Affluent,60.0,1,Churned
C02070,39,116,17638332,3,22,22,0,0.3152594318888722,0,Mass,60.0,0,Active/Censored
C02071,29,110,5501777,1,20,30,4,0.68902620206074,0,Affluent,50.9,0,Active/Censored
C02072,50,72,33575988,1,18,43,1,0.07096744688681203,1,Mass,40.9,0,Active/Censored
C02073,39,23,36230170,4,15,69,1,0.5857549712575293,0,Affluent,20.3,0,Active/Censored
C02074,36,95,19926025,3,21,88,0,0.5153590506771194,0,Affluent,60.0,0,Active/Censored
C02075,52,19,22592862,3,21,16,0,0.35956149362791234,2,Mass,19.7,1,Churned
C02076,39,47,31126020,1,19,67,2,0.351297778668966,0,Priority,2.8,0,Active/Censored
C02077,41,41,29033355,3,21,19,1,0.7690524960173887,2,Mass,60.0,0,Active/Censored
C02078,40,4,8870149,2,11,100,1,0.3937971764798117,2,Mass,60.0,0,Active/Censored
C02079,32,98,28203244,3,20,35,2,0.12187372088869317,1,Affluent,60.0,0,Active/Censored
C02080,26,63,37287407,1,17,87,2,0.915835495064531,0,Affluent,60.0,0,Active/Censored
C02081,58,40,31024678,3,18,80,1,0.1673323360852264,0,Mass,46.8,0,Active/Censored
C02082,25,62,21300156,3,18,39,2,0.7677084470617311,0,Mass,39.6,0,Active/Censored
C02083,35,3,22833804,2,22,39,1,0.06254900032531135,0,Mass,47.4,0,Active/Censored
C02084,51,54,13352736,1,14,38,1,0.37795857961808604,2,Mass,60.0,1,Churned
C02085,26,64,27787338,4,9,52,1,0.5136624919846,1,Mass,60.0,0,Active/Censored
C02086,50,43,12693625,3,16,50,0,0.07680423569812125,0,Mass,11.4,0,Active/Censored
C02087,53,100,16306919,3,15,69,0,0.7106779646586102,1,Mass,59.7,0,Active/Censored
C02088,50,32,13542782,4,24,52,1,0.28452334208268737,0,Affluent,34.5,0,Active/Censored
C02089,34,19,16071533,3,15,81,0,0.5370516095186361,2,Affluent,13.0,0,Active/Censored
C02090,21,65,17202070,1,12,52,1,0.7630948691436223,1,Priority,22.5,0,Active/Censored
C02091,60,107,6987186,2,20,37,2,0.5820024361531545,2,Mass,14.5,1,Churned
C02092,35,47,29830703,4,13,39,0,0.46005194725789383,0,Mass,59.5,0,Active/Censored
C02093,57,8,19875770,2,16,76,0,0.3525011258134141,1,Mass,41.1,0,Active/Censored
C02094,29,117,38185709,4,14,22,2,0.09059470602969766,2,Mass,60.0,0,Active/Censored
C02095,28,55,10511886,1,16,36,1,0.8717189024906128,1,Mass,1.0,0,Active/Censored
C02096,56,23,28085347,2,12,38,1,0.5827383158944819,1,Mass,60.0,0,Active/Censored
C02097,63,75,10450767,2,15,68,0,0.6183819978608955,1,Affluent,60.0,0,Active/Censored
C02098,59,40,23697985,3,19,21,1,0.44646122992636217,3,Priority,44.1,0,Active/Censored
C02099,54,113,21671687,1,26,51,3,0.38544094039300664,1,Mass,60.0,0,Active/Censored
C02100,32,37,20149521,1,14,71,0,0.09198926671891336,0,Mass,3.6,0,Active/Censored
C02101,62,67,27569666,3,16,94,1,0.2020924655197916,0,Affluent,2.5,0,Active/Censored
C02102,51,67,33815000,2,19,49,0,0.4329936545853113,0,Affluent,60.0,0,Active/Censored
C02103,28,31,15401985,4,23,99,1,0.2675341736577661,1,Mass,60.0,0,Active/Censored
C02104,26,61,34587659,4,20,65,2,0.08999781462393006,1,Affluent,60.0,0,Active/Censored
C02105,60,15,10654651,2,19,80,1,0.5414126363683252,0,Mass,34.8,0,Active/Censored
C02106,33,78,14549356,3,24,32,2,0.4677023339645371,2,Affluent,42.2,0,Active/Censored
C02107,55,92,15184135,2,14,93,1,0.42923570477790823,2,Affluent,60.0,0,Active/Censored
C02108,27,115,38323128,2,19,33,0,0.7558064756579208,0,Mass,60.0,0,Active/Censored
C02109,33,41,8268633,3,13,22,1,0.5895750608648439,1,Mass,58.7,0,Active/Censored
C02110,33,36,18224153,2,14,17,0,0.05127363349633214,0,Affluent,55.5,0,Active/Censored
C02111,33,67,19279737,1,15,69,0,0.7357189087229767,0,Mass,60.0,0,Active/Censored
C02112,51,84,32802810,2,16,67,3,0.48432881335061306,0,Affluent,60.0,0,Active/Censored
C02113,62,120,21492383,4,23,28,2,0.5151325760206292,3,Mass,8.8,0,Active/Censored
C02114,61,5,38805515,2,16,89,1,0.8506154901070637,2,Affluent,15.1,0,Active/Censored
C02115,54,31,30651517,2,28,35,2,0.14829768783464653,1,Affluent,7.7,0,Active/Censored
C02116,30,33,29331691,3,17,65,0,0.5894634615602649,0,Affluent,53.2,0,Active/Censored
C02117,64,33,31105094,1,18,57,2,0.3039437578752489,2,Mass,3.0,0,Active/Censored
C02118,45,57,9815826,2,14,63,1,0.08304017985597364,0,Mass,49.0,0,Active/Censored
C02119,45,106,20165839,1,13,77,2,0.4436434577504472,1,Mass,60.0,0,Active/Censored
C02120,52,6,25100930,4,14,94,2,0.3052517278644633,2,Mass,27.5,0,Active/Censored
C02121,55,99,11505124,4,18,75,2,0.05134366474551064,1,Mass,24.6,0,Active/Censored
C02122,63,75,8275976,4,9,92,0,0.4936504924749269,0,Mass,1.0,0,Active/Censored
C02123,47,75,8887594,1,30,89,0,0.33001107728675233,0,Priority,28.7,0,Active/Censored
C02124,48,83,32409113,3,17,42,2,0.4407109518657855,0,Affluent,13.7,0,Active/Censored
C02125,54,16,27647719,3,13,60,0,0.06055803074966414,2,Affluent,60.0,0,Active/Censored
C02126,32,91,14127346,4,13,28,1,0.4116038059258002,2,Priority,60.0,0,Active/Censored
C02127,34,32,30539443,1,25,94,1,0.4733640823396245,0,Affluent,56.9,0,Active/Censored
C02128,49,63,29027733,3,12,97,2,0.46941903249699674,1,Mass,60.0,0,Active/Censored
C02129,23,82,33394062,1,17,90,0,0.6952335740862454,1,Mass,26.9,0,Active/Censored
C02130,35,74,36763228,3,15,77,0,0.9421579179372777,1,Affluent,27.0,0,Active/Censored
C02131,53,41,35760427,4,25,87,2,0.07507611656261927,1,Affluent,60.0,0,Active/Censored
C02132,64,49,10516354,1,22,82,2,0.40642389541649265,0,Affluent,41.8,0,Active/Censored
C02133,44,59,31693281,1,22,30,2,0.8210456902129155,0,Mass,36.3,0,Active/Censored
C02134,38,7,18142882,4,17,34,1,0.6131270850937921,0,Affluent,60.0,0,Active/Censored
C02135,40,88,18512397,1,29,58,0,0.9352413413749892,1,Mass,1.2,0,Active/Censored
C02136,51,14,27296276,3,15,48,0,0.6920743493408131,1,Mass,60.0,0,Active/Censored
C02137,45,57,25678773,3,15,76,0,0.7018225909620331,2,Mass,60.0,0,Active/Censored
C02138,22,80,19107709,2,14,76,2,0.11847607817818868,1,Mass,60.0,0,Active/Censored
C02139,45,12,39981466,4,18,98,0,0.29772927522709913,1,Mass,41.3,0,Active/Censored
C02140,39,120,10293481,4,15,81,1,0.5754287382358734,1,Affluent,41.9,0,Active/Censored
C02141,52,47,7488893,2,21,11,0,0.5201534095369718,0,Mass,23.3,0,Active/Censored
C02142,60,4,5046578,1,15,40,0,0.7363322837776605,1,Priority,35.9,0,Active/Censored
C02143,64,80,33312611,1,17,39,2,0.9442919231442356,0,Mass,39.2,0,Active/Censored
C02144,48,68,18637533,1,17,67,0,0.23612383806279763,1,Mass,48.4,0,Active/Censored
C02145,37,78,19744343,4,20,41,0,0.43555920979596885,0,Mass,9.8,0,Active/Censored
C02146,40,91,27371524,3,21,99,1,0.830155977895252,0,Mass,60.0,0,Active/Censored
C02147,28,59,19674245,3,19,36,3,0.8043342905019106,1,Mass,60.0,1,Churned
C02148,63,100,24663431,1,13,49,2,0.7854740889447605,1,Mass,60.0,0,Active/Censored
C02149,59,46,6104353,4,17,84,1,0.6083542572033477,1,Mass,3.7,0,Active/Censored
C02150,59,67,9624684,3,16,43,1,0.9438741483426211,1,Mass,30.7,0,Active/Censored
C02151,35,21,37553355,4,14,14,1,0.3721131043225037,0,Mass,22.2,1,Churned
C02152,35,76,20224963,2,21,40,2,0.15466535972213852,2,Mass,60.0,0,Active/Censored
C02153,59,33,10025922,3,18,42,1,0.16930391734562705,0,Mass,55.8,0,Active/Censored
C02154,45,85,17300957,3,12,65,1,0.44212273331338947,1,Mass,60.0,0,Active/Censored
C02155,52,97,16052377,2,12,74,1,0.7744549863188146,1,Mass,48.4,0,Active/Censored
C02156,43,104,13871286,3,20,59,1,0.457561624181759,0,Affluent,44.8,0,Active/Censored
C02157,40,112,14570058,2,13,47,2,0.6002448644365739,0,Mass,58.7,0,Active/Censored
C02158,49,17,30253764,4,24,55,1,0.3722194493636945,1,Affluent,59.2,0,Active/Censored
C02159,57,19,7843609,3,23,23,0,0.6933480837596774,0,Affluent,60.0,0,Active/Censored
C02160,36,112,15147473,3,18,26,1,0.18782749363654477,1,Mass,14.0,0,Active/Censored
C02161,57,47,20846247,3,14,65,2,0.5181040565257985,1,Affluent,60.0,0,Active/Censored
C02162,31,6,23445110,2,23,88,0,0.216616574333445,1,Affluent,14.0,0,Active/Censored
C02163,39,36,35698208,4,15,57,1,0.4717329230341326,3,Affluent,29.6,0,Active/Censored
C02164,62,101,37236047,1,9,15,2,0.4374446219383327,0,Affluent,22.9,0,Active/Censored
C02165,63,44,14706870,3,15,99,2,0.5941059260286012,0,Mass,50.5,0,Active/Censored
C02166,62,12,23413935,1,18,39,2,0.5085907123874569,0,Mass,49.0,0,Active/Censored
C02167,35,88,4804780,2,29,78,3,0.9281670158326417,1,Mass,60.0,0,Active/Censored
C02168,58,25,26212824,3,11,91,1,0.8602804356188783,2,Affluent,60.0,0,Active/Censored
C02169,63,44,9504472,2,17,99,0,0.31467018913957157,0,Mass,60.0,0,Active/Censored
C02170,65,3,6636855,4,15,20,4,0.15905912533356376,1,Mass,50.8,0,Active/Censored
C02171,21,74,28181941,3,21,26,3,0.10827657563007898,0,Priority,54.9,0,Active/Censored
C02172,54,55,10412829,2,16,68,2,0.2281944189162864,0,Mass,2.8,0,Active/Censored
C02173,65,105,21185527,2,21,79,1,0.2498966683670219,2,Mass,37.8,0,Active/Censored
C02174,55,42,7634243,3,16,85,0,0.849813232240359,0,Mass,23.0,0,Active/Censored
C02175,31,27,30844148,4,11,60,3,0.8823567918600453,1,Mass,9.3,1,Churned
C02176,55,22,31533266,2,23,24,0,0.25742326340322025,2,Mass,60.0,0,Active/Censored
C02177,25,26,24693086,3,20,74,4,0.7328579905868958,3,Mass,30.0,0,Active/Censored
C02178,42,56,34093158,3,21,70,1,0.8021875627136076,0,Priority,60.0,0,Active/Censored
C02179,49,13,19724894,1,24,52,2,0.38975952367699496,1,Mass,60.0,0,Active/Censored
C02180,41,50,10712390,4,21,68,2,0.8344346966430265,1,Mass,60.0,0,Active/Censored
C02181,52,103,9448025,3,13,29,0,0.9397870475044896,0,Affluent,60.0,0,Active/Censored
C02182,31,93,11893783,1,16,83,3,0.9210156663956345,0,Mass,60.0,0,Active/Censored
C02183,48,78,11211062,3,17,14,1,0.7177161458904281,0,Mass,16.1,0,Active/Censored
C02184,50,108,15635462,3,18,86,1,0.3844964938873397,0,Mass,58.1,0,Active/Censored
C02185,49,95,11716183,4,19,86,1,0.2543049384595809,1,Affluent,17.1,0,Active/Censored
C02186,34,80,25278794,1,15,72,0,0.9435830615006489,3,Mass,21.9,1,Churned
C02187,34,104,9341022,2,15,84,1,0.2985570751659545,1,Affluent,22.2,0,Active/Censored
C02188,32,17,26384662,1,12,93,0,0.44454442707423375,1,Affluent,7.0,1,Churned
C02189,41,99,16027610,3,17,24,0,0.28771208297205875,0,Affluent,60.0,0,Active/Censored
C02190,47,37,28723142,3,19,59,3,0.4965069735577369,0,Mass,30.0,0,Active/Censored
C02191,37,89,22465230,2,22,68,3,0.14934294919883206,1,Affluent,32.5,0,Active/Censored
C02192,39,110,36586939,4,21,95,0,0.7781508895000392,0,Mass,18.4,0,Active/Censored
C02193,33,61,19835571,3,19,77,0,0.5045964088349921,1,Mass,60.0,0,Active/Censored
C02194,30,13,14621445,2,8,64,1,0.4275521094363915,2,Mass,60.0,0,Active/Censored
C02195,50,46,25208279,1,21,60,1,0.37683014004841975,0,Mass,28.7,0,Active/Censored
C02196,57,51,27715323,2,14,23,3,0.5718058827756106,0,Priority,2.6,0,Active/Censored
C02197,34,113,19812638,4,13,38,2,0.7518992542575437,2,Mass,60.0,0,Active/Censored
C02198,59,114,24150022,2,23,49,1,0.8623048688594224,1,Mass,9.2,0,Active/Censored
C02199,46,70,20951163,4,21,90,1,0.8073665018965678,0,Mass,60.0,0,Active/Censored
C02200,28,115,15010140,3,16,88,1,0.4509618482474982,0,Mass,4.8,0,Active/Censored
C02201,37,54,15288337,3,20,68,1,0.8005928568311578,1,Affluent,3.6,0,Active/Censored
C02202,21,51,36666946,2,23,19,1,0.525753854532724,1,Mass,54.1,0,Active/Censored
C02203,22,101,28312048,3,12,75,3,0.6243603423316634,2,Affluent,41.2,0,Active/Censored
C02204,36,81,7437402,1,17,51,2,0.6571043630986286,0,Mass,38.5,0,Active/Censored
C02205,41,64,38634867,1,19,69,4,0.40971365064379206,1,Priority,37.9,0,Active/Censored
C02206,56,56,29632036,2,18,49,0,0.4874478127174527,0,Affluent,60.0,1,Churned
C02207,27,86,5805930,3,14,75,3,0.6733300963548424,1,Mass,4.8,0,Active/Censored
C02208,58,91,30203453,3,17,29,1,0.3271354204463368,1,Affluent,60.0,0,Active/Censored
C02209,31,60,25226457,2,21,23,2,0.722221962542188,0,Mass,13.4,0,Active/Censored
C02210,27,6,36951754,2,19,30,1,0.3686928289161033,1,Mass,14.0,1,Churned
C02211,52,15,21617369,3,10,93,2,0.5769405331567476,0,Mass,5.8,0,Active/Censored
C02212,55,20,22668901,3,14,16,2,0.8038604461147986,0,Mass,60.0,0,Active/Censored
C02213,48,57,15329639,1,19,36,1,0.07088442763770787,0,Priority,60.0,0,Active/Censored
C02214,26,75,15578404,2,22,41,3,0.2663060406656658,2,Affluent,23.7,0,Active/Censored
C02215,26,97,26245165,3,16,86,0,0.5550509058891488,1,Mass,60.0,0,Active/Censored
C02216,38,30,33798664,4,14,42,0,0.14549219613191028,0,Priority,60.0,0,Active/Censored
C02217,41,95,36064112,2,14,91,2,0.23504156095276973,1,Mass,54.2,0,Active/Censored
C02218,65,81,31749170,4,20,99,2,0.7241805171351461,0,Mass,34.7,0,Active/Censored
C02219,33,9,25951775,3,15,69,2,0.07324074048404815,1,Affluent,26.7,0,Active/Censored
C02220,29,44,22011362,2,18,41,1,0.5990330837099722,0,Mass,59.5,0,Active/Censored
C02221,63,38,16225814,3,12,64,4,0.08074134900759877,1,Affluent,60.0,0,Active/Censored
C02222,27,107,31642865,4,11,70,1,0.15433132727681337,1,Mass,46.6,0,Active/Censored
C02223,22,111,15453218,1,17,19,1,0.4013067104008613,1,Mass,19.1,0,Active/Censored
C02224,40,99,13643521,1,18,85,1,0.9182918219260384,1,Mass,60.0,0,Active/Censored
C02225,39,65,35243155,2,13,49,2,0.5412627947717858,0,Mass,7.2,0,Active/Censored
C02226,48,61,25222227,1,13,86,1,0.33100175522010167,0,Mass,46.5,0,Active/Censored
C02227,60,39,16751920,4,14,65,2,0.4201937205953342,1,Mass,19.0,0,Active/Censored
C02228,62,94,35146604,4,16,88,1,0.561894985136442,1,Mass,45.6,0,Active/Censored
C02229,34,13,38656572,3,20,17,0,0.60747486791118,1,Affluent,42.4,0,Active/Censored
C02230,65,34,15447442,4,15,13,1,0.29111295927996605,0,Mass,1.6,0,Active/Censored
C02231,49,18,22771006,1,20,20,4,0.22756499416109793,1,Mass,54.5,0,Active/Censored
C02232,24,61,21407799,3,18,89,0,0.49577839102509286,1,Mass,60.0,0,Active/Censored
C02233,63,38,29259373,2,13,100,2,0.6303661252073932,2,Mass,60.0,0,Active/Censored
C02234,27,26,38237614,2,18,100,0,0.7849219942524436,1,Mass,55.7,0,Active/Censored
C02235,47,47,23747050,2,10,40,1,0.5835157844241224,1,Mass,10.9,0,Active/Censored
C02236,56,104,32735626,3,19,34,2,0.6731906758790014,2,Mass,13.5,1,Churned
C02237,32,68,25441723,3,13,41,0,0.4855813350030203,0,Priority,60.0,0,Active/Censored
C02238,33,100,35933404,1,16,84,2,0.5600473320133919,0,Mass,60.0,0,Active/Censored
C02239,42,110,18565173,3,23,32,1,0.6219028091716214,0,Mass,56.4,0,Active/Censored
C02240,60,109,17868894,4,18,59,0,0.2626981196869224,1,Affluent,10.8,0,Active/Censored
C02241,31,44,19207102,1,19,68,1,0.8906667406969555,0,Mass,46.2,0,Active/Censored
C02242,50,106,39874189,4,19,42,4,0.36080500078526356,2,Mass,60.0,0,Active/Censored
C02243,41,110,26011884,3,20,53,0,0.594219321782024,1,Mass,21.2,0,Active/Censored
C02244,26,116,9492361,2,17,70,1,0.5548587878789313,1,Mass,46.9,0,Active/Censored
C02245,52,44,5472167,3,16,81,1,0.8180109274411331,0,Affluent,10.8,0,Active/Censored
C02246,58,29,22675740,3,20,27,1,0.15224393756329513,1,Mass,11.7,0,Active/Censored
C02247,46,71,33005078,4,24,56,0,0.8458079151621537,0,Affluent,6.6,0,Active/Censored
C02248,28,112,21253841,1,20,24,2,0.17331354566113438,1,Mass,60.0,0,Active/Censored
C02249,28,109,24167554,1,20,11,2,0.1800773394627992,0,Affluent,60.0,0,Active/Censored
C02250,40,70,32743558,3,22,68,1,0.8260293496614177,0,Mass,48.5,0,Active/Censored
C02251,43,20,22588395,2,14,53,1,0.28139171575565314,0,Affluent,58.3,0,Active/Censored
C02252,45,52,36710239,1,27,33,0,0.600607823951353,1,Mass,6.8,0,Active/Censored
C02253,31,87,26965633,2,16,15,1,0.46724966416071173,0,Mass,4.4,0,Active/Censored
C02254,43,69,30321017,3,17,96,1,0.890839627287144,2,Mass,10.7,0,Active/Censored
C02255,34,43,32132723,1,23,85,1,0.7538755892666685,1,Priority,7.7,0,Active/Censored
C02256,51,43,26565384,4,15,95,0,0.35149440000855475,0,Mass,60.0,0,Active/Censored
C02257,56,10,5802383,2,20,20,1,0.7820966719186302,1,Mass,3.8,1,Churned
C02258,50,37,19387450,1,21,11,2,0.2532096401316533,1,Priority,60.0,0,Active/Censored
C02259,21,81,9093505,1,15,29,1,0.6040142165835624,0,Affluent,60.0,0,Active/Censored
C02260,65,31,22371733,4,23,19,5,0.7264253945521469,0,Affluent,24.6,1,Churned
C02261,22,120,9153983,1,18,51,0,0.6828426290417319,0,Mass,60.0,0,Active/Censored
C02262,65,12,22334811,2,22,68,0,0.641013802757215,1,Mass,60.0,0,Active/Censored
C02263,22,72,16378208,3,22,27,1,0.7969719476128605,1,Priority,40.9,0,Active/Censored
C02264,44,61,4733265,3,18,46,2,0.5505875983906215,1,Mass,11.1,0,Active/Censored
C02265,25,101,8495488,2,17,59,0,0.8855131154087497,0,Affluent,34.6,0,Active/Censored
C02266,25,107,22109648,1,11,38,0,0.18032879447774347,0,Affluent,10.9,0,Active/Censored
C02267,51,67,6837441,3,20,51,2,0.3701377340489496,0,Priority,60.0,0,Active/Censored
C02268,53,77,34814948,2,9,63,0,0.7546928106041815,0,Mass,41.6,0,Active/Censored
C02269,26,85,31313044,1,16,96,1,0.32725013705287537,0,Mass,60.0,0,Active/Censored
C02270,64,64,29533864,1,24,38,1,0.44865419655302047,1,Affluent,31.7,0,Active/Censored
C02271,35,24,10196239,3,21,18,0,0.7455916019545634,0,Priority,60.0,0,Active/Censored
C02272,35,53,32645510,1,19,89,3,0.5347128675084192,3,Priority,60.0,1,Churned
C02273,34,31,26848930,2,15,62,3,0.2188558275852734,0,Mass,8.3,0,Active/Censored
C02274,41,57,18057459,1,9,52,1,0.20735468056157924,4,Mass,49.0,0,Active/Censored
C02275,29,75,4014942,4,20,75,2,0.3211090644339951,1,Affluent,60.0,0,Active/Censored
C02276,40,27,23043036,3,22,99,0,0.322711313521473,0,Mass,60.0,0,Active/Censored
C02277,30,32,32652633,4,21,21,0,0.17300709147302062,2,Mass,36.9,0,Active/Censored
C02278,23,100,5205408,1,15,88,0,0.8011945959903393,0,Mass,60.0,0,Active/Censored
C02279,37,47,5894691,2,25,67,1,0.3043639650812451,1,Mass,43.1,0,Active/Censored
C02280,51,26,17787925,2,13,63,0,0.7720218523346529,1,Mass,23.8,0,Active/Censored
C02281,55,87,22416657,3,12,88,1,0.926105163889506,0,Mass,21.2,0,Active/Censored
C02282,36,87,21078977,4,19,37,2,0.34876526558506354,2,Priority,60.0,0,Active/Censored
C02283,35,100,19343321,1,16,81,2,0.9232078944187384,0,Affluent,5.5,0,Active/Censored
C02284,56,92,13187520,4,19,61,2,0.22208071913123517,0,Mass,2.5,0,Active/Censored
C02285,51,120,6155115,3,18,95,2,0.6327079769216167,0,Affluent,60.0,0,Active/Censored
C02286,58,70,5124675,4,10,52,1,0.9420621342375767,1,Mass,60.0,0,Active/Censored
C02287,61,36,7557161,1,21,75,1,0.7775347230833212,2,Affluent,59.2,0,Active/Censored
C02288,57,104,28854691,4,14,55,0,0.2567307080773981,0,Affluent,60.0,0,Active/Censored
C02289,63,34,32295215,2,18,45,1,0.2815993868729901,1,Mass,27.8,0,Active/Censored
C02290,39,37,19663159,2,20,44,1,0.28618754600386054,1,Priority,28.7,0,Active/Censored
C02291,38,100,6787064,1,4,93,4,0.8986933738219763,0,Mass,60.0,1,Churned
C02292,35,107,18964414,4,16,86,1,0.27087041266512657,0,Affluent,60.0,0,Active/Censored
C02293,31,43,39483126,4,27,30,0,0.5086537826901238,0,Priority,3.1,0,Active/Censored
C02294,54,89,12999523,1,18,88,1,0.36490036555709066,1,Affluent,17.0,0,Active/Censored
C02295,53,111,21680141,2,21,63,1,0.375142460229065,0,Mass,60.0,0,Active/Censored
C02296,57,97,23361894,3,16,19,1,0.41739608731617733,1,Mass,19.2,0,Active/Censored
C02297,28,3,15877732,3,14,79,0,0.3605404497866204,4,Mass,13.7,0,Active/Censored
C02298,43,81,19768964,1,20,24,0,0.5899348030134315,0,Mass,2.6,0,Active/Censored
C02299,30,23,20982636,2,13,89,1,0.43292443376906736,0,Mass,20.9,0,Active/Censored
C02300,61,102,21063441,2,21,51,0,0.4469104094032363,1,Mass,25.3,0,Active/Censored
C02301,33,10,29836531,2,16,93,0,0.5053945809376833,1,Mass,57.9,0,Active/Censored
C02302,27,120,24911368,4,15,53,2,0.3705606714591101,0,Mass,27.3,0,Active/Censored
C02303,46,23,5922413,1,17,17,2,0.7291036242376221,1,Mass,60.0,0,Active/Censored
C02304,60,52,4227687,3,21,79,0,0.5031341191701256,1,Affluent,60.0,0,Active/Censored
C02305,62,30,18785040,4,20,76,2,0.5082900187603083,1,Mass,60.0,0,Active/Censored
C02306,25,99,36677052,4,18,37,4,0.23886062890825882,1,Affluent,60.0,0,Active/Censored
C02307,35,49,5328197,4,18,28,1,0.07775308158116678,1,Affluent,60.0,0,Active/Censored
C02308,27,90,6559146,1,21,88,2,0.778347604476598,1,Mass,60.0,0,Active/Censored
C02309,34,10,28453380,1,14,80,2,0.8199336624850974,0,Mass,60.0,0,Active/Censored
C02310,45,56,20233290,4,17,37,1,0.26712211698919147,1,Affluent,60.0,0,Active/Censored
C02311,33,110,12302744,3,16,73,0,0.37402907134933977,1,Mass,23.0,0,Active/Censored
C02312,24,112,11465423,3,20,31,1,0.37221612519455827,0,Mass,48.9,0,Active/Censored
C02313,43,27,27940243,2,15,26,3,0.6657911017090525,0,Affluent,60.0,0,Active/Censored
C02314,23,49,22856165,3,13,70,3,0.2185123284979278,1,Affluent,48.5,0,Active/Censored
C02315,31,51,26976254,1,11,85,1,0.9308420441208739,1,Mass,5.9,0,Active/Censored
C02316,21,69,14088283,2,14,93,0,0.1056753277054607,0,Mass,25.6,0,Active/Censored
C02317,24,66,22949367,3,17,52,3,0.9263907445869892,2,Affluent,24.7,0,Active/Censored
C02318,40,15,34960233,1,23,23,1,0.11190387913363385,1,Mass,55.1,0,Active/Censored
C02319,59,92,15397073,1,25,59,2,0.33576262350910996,2,Affluent,60.0,0,Active/Censored
C02320,55,29,18268954,1,23,71,1,0.2756239253890703,1,Mass,60.0,0,Active/Censored
C02321,25,40,9894742,1,18,98,2,0.28367085237959083,0,Mass,23.0,0,Active/Censored
C02322,22,102,26995200,4,18,20,1,0.945202537964189,0,Mass,32.4,0,Active/Censored
C02323,36,84,5170399,3,18,69,0,0.46251657662806656,0,Affluent,25.6,0,Active/Censored
C02324,50,49,12959670,4,9,56,2,0.1575595083768752,0,Mass,49.5,0,Active/Censored
C02325,54,110,29670150,2,15,63,0,0.934051968469282,0,Priority,56.0,0,Active/Censored
C02326,58,49,4698621,3,24,18,5,0.2683990159868907,0,Affluent,31.1,0,Active/Censored
C02327,36,69,39607176,4,16,11,0,0.11529233770300384,0,Affluent,24.7,0,Active/Censored
C02328,28,32,18549563,2,19,65,3,0.07176256660191596,0,Affluent,7.3,0,Active/Censored
C02329,22,24,18353275,3,22,28,2,0.46690768564151863,0,Mass,2.1,0,Active/Censored
C02330,27,61,23313513,3,19,65,4,0.8764991313793394,2,Mass,53.8,0,Active/Censored
C02331,23,69,27010582,4,22,12,1,0.06526442684110974,0,Mass,37.2,0,Active/Censored
C02332,59,98,20543697,4,14,82,5,0.7026587879261222,0,Mass,60.0,0,Active/Censored
C02333,33,49,35832987,3,19,40,1,0.28437964857554043,0,Mass,4.5,1,Churned
C02334,58,108,38632517,3,16,51,3,0.24715441896642554,0,Affluent,60.0,1,Churned
C02335,45,74,11212617,4,7,41,1,0.6834108068327632,0,Affluent,33.0,0,Active/Censored
C02336,45,11,29446210,3,19,48,4,0.7230859380621231,1,Mass,60.0,0,Active/Censored
C02337,41,90,14832871,2,23,58,0,0.5531137296783559,1,Mass,60.0,0,Active/Censored
C02338,57,70,39844112,3,27,68,2,0.2320298915002495,0,Affluent,60.0,0,Active/Censored
C02339,22,48,13119380,3,12,72,0,0.05567732717015379,2,Affluent,60.0,0,Active/Censored
C02340,25,58,14622163,1,13,100,1,0.713550013680677,2,Priority,60.0,1,Churned
C02341,40,38,29712585,3,22,26,1,0.5896530449531756,1,Mass,3.4,0,Active/Censored
C02342,38,75,32405918,3,13,89,1,0.43029161072405336,1,Mass,17.9,0,Active/Censored
C02343,45,69,8629027,4,15,64,0,0.24222375661372386,0,Affluent,60.0,0,Active/Censored
C02344,54,55,24000104,3,28,38,0,0.7357409549945814,0,Mass,60.0,0,Active/Censored
C02345,47,36,16444236,1,17,93,0,0.11380574273732748,0,Affluent,60.0,0,Active/Censored
C02346,32,50,26023372,4,15,74,2,0.628432164690599,1,Mass,1.0,0,Active/Censored
C02347,35,61,24042294,3,21,26,2,0.6695585755065586,0,Mass,12.4,0,Active/Censored
C02348,54,58,39490715,2,22,25,0,0.250931560893273,0,Mass,60.0,0,Active/Censored
C02349,30,39,37612014,4,19,69,3,0.48499242194115977,2,Affluent,31.9,0,Active/Censored
C02350,43,71,27543539,2,22,76,1,0.5181794324595539,0,Mass,60.0,0,Active/Censored
C02351,45,29,28458956,2,17,14,1,0.5821537312315218,0,Affluent,27.7,0,Active/Censored
C02352,54,62,36357408,4,21,67,1,0.8610691709406636,0,Affluent,51.7,0,Active/Censored
C02353,53,17,10605642,4,21,58,0,0.5417735900092507,0,Affluent,51.1,0,Active/Censored
C02354,41,58,30127008,3,16,98,1,0.11058661314869464,0,Priority,60.0,0,Active/Censored
C02355,34,95,31794764,2,21,77,1,0.3604747146514395,1,Affluent,60.0,0,Active/Censored
C02356,37,99,8585900,4,19,92,0,0.6154941621685968,0,Affluent,5.7,0,Active/Censored
C02357,39,84,35727162,1,21,13,1,0.349826663685886,1,Mass,17.1,0,Active/Censored
C02358,30,90,29179253,3,17,79,2,0.7411462053048057,0,Affluent,60.0,0,Active/Censored
C02359,49,10,16496788,3,14,40,1,0.22091486548484718,2,Priority,17.9,0,Active/Censored
C02360,30,43,21435361,4,20,60,3,0.1787046029783052,1,Affluent,10.6,0,Active/Censored
C02361,50,80,21625540,2,17,89,2,0.2579294027533886,2,Mass,60.0,0,Active/Censored
C02362,54,97,37076727,4,17,89,0,0.8384765047680809,3,Mass,60.0,0,Active/Censored
C02363,64,71,38892798,1,17,30,0,0.6628412309495527,0,Affluent,19.8,0,Active/Censored
C02364,26,103,33046040,4,20,31,0,0.5180437863668563,2,Priority,60.0,0,Active/Censored
C02365,55,35,27479519,1,14,75,0,0.32030355699193097,0,Mass,15.7,0,Active/Censored
C02366,24,21,7748848,3,13,89,2,0.8767317559491857,0,Priority,8.1,1,Churned
C02367,36,13,36933660,1,14,65,4,0.8498987629901976,0,Mass,24.3,1,Churned
C02368,28,71,8820963,4,12,14,1,0.40946040920069227,1,Mass,57.5,0,Active/Censored
C02369,28,81,10005095,4,15,24,0,0.7274514539036803,1,Priority,60.0,0,Active/Censored
C02370,28,36,6505996,1,16,78,1,0.8722075242140612,1,Priority,45.8,0,Active/Censored
C02371,22,95,38118937,4,16,77,0,0.3320180695140109,0,Mass,60.0,0,Active/Censored
C02372,58,90,21756815,2,14,91,0,0.3458465092644775,0,Priority,28.8,0,Active/Censored
C02373,23,45,12494852,3,18,58,1,0.5412256634792441,1,Affluent,44.7,0,Active/Censored
C02374,38,31,6907783,1,24,48,3,0.4175299299875911,0,Affluent,59.4,0,Active/Censored
C02375,52,90,18831714,1,14,20,1,0.7353316181323556,1,Affluent,60.0,1,Churned
C02376,65,82,30052420,1,14,81,0,0.533237240152777,0,Mass,60.0,0,Active/Censored
C02377,59,23,39804195,3,15,96,3,0.24066991275831695,1,Mass,18.9,0,Active/Censored
C02378,27,33,23884908,3,14,14,1,0.37074854046264577,2,Mass,16.6,0,Active/Censored
C02379,65,60,25856772,4,15,54,3,0.6541151471808561,2,Mass,60.0,0,Active/Censored
C02380,50,63,34091860,1,16,42,0,0.09809081943848286,0,Mass,60.0,0,Active/Censored
C02381,29,22,36465918,3,22,77,1,0.3579504576301652,4,Mass,60.0,0,Active/Censored
C02382,41,114,14072648,1,17,79,0,0.06448650043431386,1,Mass,25.1,0,Active/Censored
C02383,62,48,39708195,2,19,29,2,0.788780260688978,0,Mass,1.0,1,Churned
C02384,38,47,22689068,1,16,96,1,0.1554709385731495,2,Mass,29.1,0,Active/Censored
C02385,29,10,37485049,1,15,22,2,0.11948424876623767,0,Mass,31.4,0,Active/Censored
C02386,60,106,8229268,3,9,81,0,0.7579337149996482,2,Mass,39.8,0,Active/Censored
C02387,63,30,7507408,4,25,77,4,0.13055617634800326,0,Mass,1.3,0,Active/Censored
C02388,64,119,35845960,3,14,24,0,0.6658362884668534,2,Affluent,53.9,0,Active/Censored
C02389,64,61,28212480,4,17,71,2,0.3918772181834088,1,Affluent,60.0,0,Active/Censored
C02390,60,106,10300178,3,19,34,0,0.7895295130270464,0,Affluent,31.9,0,Active/Censored
C02391,41,24,36217168,1,18,34,0,0.21456612903770517,1,Affluent,25.6,0,Active/Censored
C02392,29,22,7685041,2,18,17,0,0.12597536620178681,0,Priority,60.0,0,Active/Censored
C02393,48,97,28562745,4,20,77,0,0.25556670701970485,0,Affluent,49.3,0,Active/Censored
C02394,30,99,11381821,1,13,83,1,0.8889215313292805,0,Mass,46.4,0,Active/Censored
C02395,42,67,6541538,1,24,55,1,0.7962088758478852,0,Mass,1.0,0,Active/Censored
C02396,50,6,33024333,4,18,80,1,0.3072085766902144,1,Affluent,41.6,0,Active/Censored
C02397,63,114,34506376,1,19,41,0,0.23550272707219377,1,Affluent,37.6,0,Active/Censored
C02398,34,49,7809322,4,9,61,0,0.19115769909000985,1,Affluent,2.0,0,Active/Censored
C02399,32,113,7352749,4,21,81,1,0.24908306542615477,0,Mass,60.0,0,Active/Censored
C02400,54,105,26119389,3,16,49,0,0.23453954908096952,0,Priority,58.1,0,Active/Censored
C02401,21,103,5033544,3,21,66,2,0.8493690816437983,2,Mass,21.4,0,Active/Censored
C02402,46,84,30862526,1,13,23,0,0.06798731752774932,0,Priority,60.0,0,Active/Censored
C02403,54,82,36963737,2,17,56,0,0.8421102586494486,0,Mass,60.0,0,Active/Censored
C02404,45,65,31038921,4,19,87,2,0.08728223750334922,1,Mass,3.4,0,Active/Censored
C02405,38,5,12304754,4,25,80,3,0.7941513474621291,2,Mass,60.0,0,Active/Censored
C02406,58,48,10842191,2,18,37,2,0.43317251279742774,0,Mass,13.6,0,Active/Censored
C02407,37,89,28501623,4,21,59,4,0.11948499915572681,0,Mass,21.9,0,Active/Censored
C02408,52,98,6218463,4,22,66,1,0.7691046864732171,0,Affluent,60.0,0,Active/Censored
C02409,41,69,23357191,1,17,95,2,0.2807957377387034,2,Mass,37.3,0,Active/Censored
C02410,22,86,20157029,3,29,85,3,0.8402252473588091,1,Mass,45.3,0,Active/Censored
C02411,44,5,30805404,3,20,84,1,0.7270318887868804,0,Mass,60.0,0,Active/Censored
C02412,23,58,11289472,3,13,78,1,0.9335934256705667,0,Affluent,8.1,1,Churned
C02413,62,62,31443739,4,17,42,1,0.7986856015678119,1,Mass,14.6,0,Active/Censored
C02414,48,108,29173749,4,24,44,0,0.26686526310224346,0,Mass,31.7,0,Active/Censored
C02415,37,39,12593692,3,22,52,0,0.4182936803242458,0,Affluent,21.2,0,Active/Censored
C02416,42,30,16840940,2,13,48,3,0.6769672713512473,0,Mass,51.7,0,Active/Censored
C02417,48,44,6376537,4,19,97,1,0.33445846064706,1,Priority,16.7,0,Active/Censored
C02418,32,23,20176741,4,14,89,0,0.5418532567837822,2,Mass,60.0,0,Active/Censored
C02419,33,68,13381612,3,17,91,2,0.2638824069393917,3,Affluent,60.0,0,Active/Censored
C02420,39,78,8085457,3,17,65,3,0.6466557749779644,2,Affluent,60.0,0,Active/Censored
C02421,32,97,24156846,1,19,27,2,0.3579205831451774,1,Mass,60.0,0,Active/Censored
C02422,55,117,24431810,2,17,23,1,0.09966023450337051,2,Affluent,6.8,0,Active/Censored
C02423,25,11,7094006,1,19,34,4,0.9209966561117727,0,Mass,23.5,1,Churned
C02424,58,32,10678870,3,20,69,0,0.8095132119935666,1,Mass,60.0,0,Active/Censored
C02425,36,38,6973615,4,12,43,0,0.3233450953479347,2,Affluent,13.1,0,Active/Censored
C02426,46,32,28443483,1,17,69,3,0.16666232017103896,3,Priority,10.1,0,Active/Censored
C02427,28,100,16169122,4,13,90,3,0.7117035559387827,0,Mass,26.4,0,Active/Censored
C02428,38,19,6562077,1,15,40,0,0.24860550359963723,0,Affluent,30.2,0,Active/Censored
C02429,54,6,10895369,1,21,94,3,0.5949086663591843,1,Mass,60.0,0,Active/Censored
C02430,33,104,39132205,4,16,56,0,0.751171215508678,0,Mass,9.4,0,Active/Censored
C02431,26,116,13207135,1,21,83,1,0.2951814770449255,0,Mass,55.2,0,Active/Censored
C02432,44,29,28642971,3,22,15,0,0.3061729716125802,1,Affluent,60.0,1,Churned
C02433,28,42,20863753,4,20,35,2,0.10545139819870007,1,Affluent,60.0,0,Active/Censored
C02434,35,62,10542264,2,24,94,1,0.3378633417795086,1,Mass,60.0,0,Active/Censored
C02435,41,65,15065891,1,13,90,1,0.5877059616183451,2,Priority,29.8,0,Active/Censored
C02436,46,119,4507407,2,18,61,5,0.19021714346609891,0,Affluent,60.0,0,Active/Censored
C02437,49,50,30891562,1,21,12,2,0.9077745148674453,0,Mass,58.8,0,Active/Censored
C02438,51,4,16040664,3,22,15,0,0.7001741600184693,0,Mass,15.9,1,Churned
C02439,58,52,21972760,4,13,48,2,0.23351079854258272,1,Mass,49.3,0,Active/Censored
C02440,23,68,9501277,4,9,91,1,0.5275550052108454,1,Mass,15.3,0,Active/Censored
C02441,37,63,33671632,4,22,44,2,0.4022967956743222,3,Mass,41.6,0,Active/Censored
C02442,21,63,11862807,4,18,90,5,0.3941178413798089,2,Mass,5.2,0,Active/Censored
C02443,21,111,24386207,4,24,58,1,0.5539893797175955,2,Mass,51.0,0,Active/Censored
C02444,30,98,35419009,4,18,22,1,0.14733559308945532,0,Mass,60.0,0,Active/Censored
C02445,47,32,29675075,3,12,61,2,0.2437822632662629,0,Affluent,28.7,0,Active/Censored
C02446,61,44,25715367,4,21,43,1,0.18471227419980368,1,Affluent,37.8,0,Active/Censored
C02447,55,81,35969398,2,35,30,2,0.2065812749213109,1,Priority,10.2,0,Active/Censored
C02448,50,51,10352475,2,20,71,1,0.6396957032409827,1,Affluent,46.1,0,Active/Censored
C02449,56,53,38687897,4,21,28,1,0.9465483989821325,1,Mass,16.6,0,Active/Censored
C02450,28,22,24039738,2,11,92,3,0.6359955037626621,1,Mass,37.3,1,Churned
C02451,58,33,18754843,2,19,83,0,0.9362511698507568,0,Mass,17.9,0,Active/Censored
C02452,61,90,13208103,1,23,81,1,0.5693066200308151,1,Priority,60.0,0,Active/Censored
C02453,25,102,30817316,2,16,16,0,0.30497775763109625,0,Mass,13.7,0,Active/Censored
C02454,42,95,39143231,3,24,97,3,0.8350743473933918,3,Mass,2.1,0,Active/Censored
C02455,58,39,28844061,4,16,54,2,0.11047198566269523,1,Affluent,60.0,0,Active/Censored
C02456,42,19,5179260,1,20,76,0,0.14218514457256293,0,Mass,9.8,0,Active/Censored
C02457,58,21,20887141,3,17,27,0,0.902861967989165,0,Priority,46.6,0,Active/Censored
C02458,63,49,30363463,4,13,79,1,0.6351666794183817,0,Mass,22.6,0,Active/Censored
C02459,42,64,18307697,4,12,39,1,0.8860658215108421,2,Mass,38.6,0,Active/Censored
C02460,23,108,31827892,4,12,74,0,0.1695978681000101,0,Priority,44.1,0,Active/Censored
C02461,36,109,29462449,1,16,35,4,0.7414348582018938,0,Mass,28.6,0,Active/Censored
C02462,30,3,6417859,2,13,94,1,0.2613294055280048,1,Mass,52.8,0,Active/Censored
C02463,42,86,24086827,4,15,74,3,0.3590187658703193,0,Affluent,34.0,0,Active/Censored
C02464,47,38,10187297,4,21,51,2,0.8590922387911731,3,Affluent,24.8,0,Active/Censored
C02465,41,26,21514674,3,25,51,0,0.4201298143489139,2,Mass,11.3,0,Active/Censored
C02466,29,68,17835039,4,20,10,1,0.6534829372520796,0,Mass,60.0,0,Active/Censored
C02467,34,7,33048385,3,16,37,1,0.8485484488176612,0,Mass,12.2,1,Churned
C02468,51,42,35253573,1,13,81,1,0.833786535534632,0,Mass,9.8,0,Active/Censored
C02469,22,68,20612879,4,23,85,1,0.05801652844098453,3,Mass,46.8,0,Active/Censored
C02470,30,35,23331997,1,10,100,0,0.1923937481081192,0,Mass,60.0,0,Active/Censored
C02471,61,73,26539246,2,20,17,2,0.8767594752220987,1,Affluent,32.8,0,Active/Censored
C02472,25,57,27591046,1,18,32,0,0.5561742814900349,1,Mass,51.2,0,Active/Censored
C02473,39,97,26873267,3,21,79,1,0.48217998999168515,0,Mass,31.7,0,Active/Censored
C02474,30,24,32188462,1,14,42,3,0.10873207244331251,1,Mass,59.1,0,Active/Censored
C02475,25,9,39351224,3,18,32,1,0.07254701684370615,1,Mass,23.5,0,Active/Censored
C02476,40,65,33812420,4,19,35,1,0.9080732633159311,1,Mass,21.6,0,Active/Censored
C02477,44,33,8849686,4,26,93,1,0.47646597425444764,1,Priority,60.0,0,Active/Censored
C02478,28,86,21146243,2,22,88,2,0.7577755839541453,0,Mass,59.6,0,Active/Censored
C02479,24,14,20606518,4,14,10,5,0.24800125401452727,0,Affluent,19.7,0,Active/Censored
C02480,27,70,22316552,2,19,86,2,0.2633647572429849,0,Affluent,53.4,0,Active/Censored
C02481,50,119,23024653,3,21,60,2,0.5542297883547858,0,Affluent,60.0,0,Active/Censored
C02482,59,13,29848210,3,17,86,2,0.8384232524435745,1,Affluent,56.5,0,Active/Censored
C02483,29,38,19156556,1,12,66,0,0.309721942044136,0,Affluent,60.0,0,Active/Censored
C02484,35,102,13480324,1,22,72,1,0.34591998538023916,2,Mass,39.1,0,Active/Censored
C02485,36,65,20473221,1,18,62,0,0.5455654755977041,1,Mass,1.9,0,Active/Censored
C02486,37,23,34761630,4,14,76,1,0.0860050145909562,0,Affluent,60.0,0,Active/Censored
C02487,31,28,15211556,4,12,84,1,0.3908859334207446,2,Mass,20.0,0,Active/Censored
C02488,23,93,4748325,2,13,56,0,0.5506546006775265,2,Mass,33.0,0,Active/Censored
C02489,44,104,39146411,4,13,20,1,0.05434412203070902,1,Affluent,60.0,0,Active/Censored
C02490,37,45,11047777,1,13,18,0,0.6242031654493642,1,Mass,6.7,0,Active/Censored
C02491,36,58,25702401,4,17,47,1,0.09586488033926888,1,Mass,13.3,0,Active/Censored
C02492,32,95,32807197,1,20,53,0,0.697963027758548,0,Affluent,3.5,0,Active/Censored
C02493,62,23,13880767,1,20,88,1,0.7715106148282941,1,Mass,47.5,1,Churned
C02494,48,27,16249295,4,15,13,2,0.8049152820265885,0,Affluent,50.0,0,Active/Censored
C02495,39,94,14097787,2,14,90,2,0.656049296142091,0,Affluent,22.3,0,Active/Censored
C02496,30,25,9393981,2,16,15,2,0.5554135441201703,2,Mass,45.8,0,Active/Censored
C02497,57,93,9506075,4,21,55,1,0.3268053447900726,2,Mass,14.1,0,Active/Censored
C02498,60,61,10723171,2,20,48,2,0.43215234670997665,1,Priority,60.0,0,Active/Censored
C02499,22,119,20489797,4,7,60,1,0.1283504513271792,3,Mass,9.1,0,Active/Censored
C02500,62,6,23107230,1,13,13,0,0.6863914016575412,0,Priority,18.2,0,Active/Censored
C02501,52,114,4575543,1,17,79,3,0.07221593123103094,2,Mass,23.0,0,Active/Censored
C02502,25,29,34462535,2,17,22,0,0.42209337608367226,1,Mass,55.4,0,Active/Censored
C02503,54,7,28332812,3,16,80,1,0.5055896315060557,0,Affluent,55.9,0,Active/Censored
C02504,25,88,6543425,1,23,61,3,0.6350805662031197,0,Mass,24.0,0,Active/Censored
C02505,23,65,34337828,1,16,90,1,0.35887900226582903,0,Mass,56.0,0,Active/Censored
C02506,26,101,5097312,3,18,99,2,0.44850904960022736,0,Affluent,1.5,0,Active/Censored
C02507,41,15,24178982,2,18,86,0,0.5786384107472606,1,Mass,29.4,0,Active/Censored
C02508,48,12,20746052,2,16,51,0,0.8808573117513225,1,Mass,60.0,1,Churned
C02509,39,69,22077023,1,18,47,3,0.6547749180537483,1,Affluent,27.1,0,Active/Censored
C02510,26,107,38422746,1,23,70,1,0.278990962313279,0,Mass,3.5,0,Active/Censored
C02511,29,50,37374247,1,17,69,1,0.8125372585394091,1,Affluent,60.0,0,Active/Censored
C02512,59,97,14044352,3,16,81,1,0.09955802462214584,1,Mass,60.0,0,Active/Censored
C02513,64,109,24867877,1,13,53,0,0.2950691557862025,1,Affluent,12.4,0,Active/Censored
C02514,54,105,38530139,1,13,52,0,0.14733660561688672,0,Mass,60.0,0,Active/Censored
C02515,25,63,30238840,4,19,20,3,0.4523347763872329,1,Priority,60.0,0,Active/Censored
C02516,57,85,35956522,2,20,25,2,0.6232344716781774,1,Mass,30.3,0,Active/Censored
C02517,52,65,19653608,3,15,84,3,0.5278957891455832,1,Priority,42.0,0,Active/Censored
C02518,44,82,14192862,2,18,100,0,0.7801359819241946,2,Affluent,1.0,0,Active/Censored
C02519,27,69,22383654,4,18,64,2,0.560739347903366,0,Affluent,60.0,0,Active/Censored
C02520,65,64,33410130,4,19,41,1,0.2594002516312967,3,Mass,60.0,0,Active/Censored
C02521,40,54,37437301,2,27,15,1,0.5327796750515844,1,Mass,40.0,0,Active/Censored
C02522,22,80,28691222,3,17,13,0,0.7119405693794271,5,Mass,7.8,0,Active/Censored
C02523,30,91,29434914,2,18,71,1,0.5026580278329555,1,Affluent,60.0,0,Active/Censored
C02524,39,111,22425605,4,19,68,1,0.4477725935450507,0,Mass,11.8,0,Active/Censored
C02525,23,75,15505784,2,17,35,0,0.5261876180599327,0,Mass,16.9,0,Active/Censored
C02526,35,14,19224981,4,18,27,4,0.5432523551235816,0,Mass,5.3,0,Active/Censored
C02527,42,72,21917462,3,14,16,1,0.329501417773669,0,Mass,20.6,0,Active/Censored
C02528,63,40,33358099,3,14,72,0,0.818803715952492,1,Mass,7.4,0,Active/Censored
C02529,24,6,23992590,2,14,65,1,0.23691471329921837,0,Mass,42.8,0,Active/Censored
C02530,46,11,32550859,4,15,40,3,0.07954890953745788,0,Mass,60.0,0,Active/Censored
C02531,62,72,4985006,3,17,76,1,0.7173429942717193,1,Mass,60.0,0,Active/Censored
C02532,57,114,31249708,4,16,86,2,0.8080823938990441,2,Mass,52.1,0,Active/Censored
C02533,62,62,22254419,4,16,57,1,0.6284626456729624,0,Mass,22.2,0,Active/Censored
C02534,28,55,39937214,1,19,33,2,0.4720506286213102,1,Priority,27.2,0,Active/Censored
C02535,57,13,20981973,4,21,10,3,0.9276849016193616,0,Mass,25.3,0,Active/Censored
C02536,65,82,21226448,4,18,82,0,0.38368421333932995,1,Affluent,35.2,0,Active/Censored
C02537,35,9,8588996,1,9,62,3,0.41530806796507863,1,Mass,60.0,0,Active/Censored
C02538,43,102,33049227,4,16,41,2,0.582001472535197,1,Affluent,24.8,0,Active/Censored
C02539,44,99,29254949,3,16,10,4,0.4373841950625618,2,Mass,60.0,0,Active/Censored
C02540,43,119,35049221,2,19,84,2,0.5497685390195338,0,Affluent,44.6,0,Active/Censored
C02541,34,36,7338966,1,22,94,3,0.9199073412800354,1,Affluent,60.0,0,Active/Censored
C02542,64,22,11617692,2,17,53,2,0.2637488230259305,0,Affluent,58.0,0,Active/Censored
C02543,64,38,35571145,1,21,34,0,0.18370663321499558,2,Mass,60.0,0,Active/Censored
C02544,38,97,5514391,3,14,66,3,0.43119611005518643,1,Affluent,38.0,0,Active/Censored
C02545,57,28,22295365,3,19,89,0,0.5035987068833121,1,Mass,56.9,0,Active/Censored
C02546,38,107,18570942,3,27,63,1,0.6918769259374005,0,Mass,60.0,0,Active/Censored
C02547,56,21,37819308,3,13,11,0,0.9096558625677871,0,Affluent,8.5,0,Active/Censored
C02548,47,8,34842520,2,15,27,2,0.6698033033626103,1,Affluent,39.7,1,Churned
C02549,42,28,36281685,3,17,18,2,0.9384576400528876,1,Affluent,55.1,0,Active/Censored
C02550,26,91,14407718,4,23,47,1,0.2717048240092635,1,Affluent,60.0,0,Active/Censored
C02551,50,74,25150279,1,18,51,2,0.23800107981259855,2,Affluent,39.8,0,Active/Censored
C02552,35,44,29200365,2,17,58,2,0.325881275808897,0,Mass,60.0,0,Active/Censored
C02553,30,80,38828871,4,20,79,1,0.7584115303467278,1,Mass,6.1,0,Active/Censored
C02554,29,79,4264532,4,14,20,2,0.21786325023557285,2,Mass,60.0,0,Active/Censored
C02555,65,68,39172968,4,13,95,0,0.22657104470159029,0,Mass,60.0,0,Active/Censored
C02556,25,63,16793119,1,19,33,0,0.4205621845530145,0,Affluent,59.6,0,Active/Censored
C02557,56,14,8617868,2,17,57,1,0.33578985865669286,1,Mass,60.0,1,Churned
C02558,59,33,26158601,1,23,29,0,0.6318302802294296,1,Affluent,48.0,0,Active/Censored
C02559,22,65,32135555,4,21,42,2,0.8511503295600572,1,Mass,6.1,0,Active/Censored
C02560,47,18,8671258,3,24,85,1,0.17479451465770973,0,Mass,29.1,0,Active/Censored
C02561,46,59,5467865,1,17,14,2,0.5420794342544922,0,Priority,60.0,0,Active/Censored
C02562,37,16,36277848,1,16,53,2,0.12956064594180247,0,Mass,54.6,0,Active/Censored
C02563,51,95,37613483,3,11,63,0,0.24934406905651535,0,Mass,49.9,0,Active/Censored
C02564,39,15,9625863,4,22,61,0,0.3281913917558268,1,Affluent,1.0,0,Active/Censored
C02565,40,13,36546218,4,12,44,1,0.5711926511720578,0,Mass,60.0,0,Active/Censored
C02566,40,78,36752567,4,14,44,1,0.5493910930277666,2,Mass,59.8,0,Active/Censored
C02567,57,29,39907318,4,14,92,2,0.6287596265118071,0,Affluent,60.0,0,Active/Censored
C02568,49,44,11790015,4,20,31,0,0.7870157755049643,0,Mass,60.0,0,Active/Censored
C02569,38,40,24836251,4,18,53,1,0.21850689031468767,0,Priority,60.0,0,Active/Censored
C02570,62,28,39794032,4,20,43,0,0.719044229714724,0,Affluent,40.7,0,Active/Censored
C02571,57,92,36495155,2,22,79,4,0.6503188594499543,0,Mass,47.6,0,Active/Censored
C02572,62,84,25770953,4,20,83,1,0.12173993143276896,2,Priority,9.9,0,Active/Censored
C02573,53,31,11096293,4,17,87,4,0.36022578804740435,0,Mass,60.0,0,Active/Censored
C02574,38,84,7036416,1,14,17,2,0.07492941399350682,2,Mass,60.0,0,Active/Censored
C02575,55,87,13330049,3,15,18,2,0.1311659435670054,2,Affluent,43.5,0,Active/Censored
C02576,35,66,6349980,2,23,44,3,0.30540812005099466,0,Mass,48.0,0,Active/Censored
C02577,33,71,11029506,1,25,50,0,0.268804547990917,2,Mass,29.3,0,Active/Censored
C02578,41,113,6697181,1,17,15,1,0.8601563924949129,1,Mass,60.0,0,Active/Censored
C02579,64,56,31440312,1,14,91,0,0.8544097065873233,1,Mass,17.2,0,Active/Censored
C02580,46,48,25236138,4,11,91,1,0.5700807658190167,1,Mass,36.9,0,Active/Censored
C02581,38,66,22643926,4,24,48,0,0.7115320031774943,1,Mass,51.5,0,Active/Censored
C02582,41,101,33144851,1,18,80,3,0.949641181819477,0,Priority,57.4,0,Active/Censored
C02583,34,86,18789349,3,20,61,3,0.41917342801777585,0,Affluent,1.0,0,Active/Censored
C02584,50,11,18506658,3,14,69,0,0.5201828834566151,1,Mass,60.0,0,Active/Censored
C02585,36,57,11449314,3,21,89,2,0.6360349451406412,1,Mass,12.9,0,Active/Censored
C02586,45,90,20014087,3,21,18,1,0.8785023911768136,2,Mass,60.0,0,Active/Censored
C02587,37,29,10282608,4,16,31,5,0.7673148956517182,0,Mass,60.0,0,Active/Censored
C02588,35,119,25214357,3,14,48,0,0.10797959977406565,0,Affluent,60.0,0,Active/Censored
C02589,64,98,39908535,3,14,91,2,0.691655255708269,1,Affluent,55.3,0,Active/Censored
C02590,36,102,23189461,3,13,63,0,0.2767419772302564,0,Mass,47.7,0,Active/Censored
C02591,24,12,14765313,2,13,46,2,0.27941152688739423,1,Priority,60.0,0,Active/Censored
C02592,38,71,28770222,4,19,12,2,0.542514420547246,3,Affluent,60.0,0,Active/Censored
C02593,44,65,33520250,2,18,63,0,0.6766707661075201,5,Mass,8.4,0,Active/Censored
C02594,25,76,20984285,4,28,34,1,0.19330504025755763,0,Priority,60.0,0,Active/Censored
C02595,34,103,13011733,3,18,39,3,0.33306033286754383,0,Mass,10.0,0,Active/Censored
C02596,28,44,29698984,3,20,100,2,0.6945089038250508,4,Priority,57.5,0,Active/Censored
C02597,43,66,10741693,4,19,57,0,0.18680179388894502,1,Affluent,53.8,0,Active/Censored
C02598,53,83,39903186,3,19,22,1,0.8147376287147078,1,Mass,9.2,0,Active/Censored
C02599,64,91,15441253,3,14,14,2,0.4604385147461834,2,Mass,56.2,0,Active/Censored
C02600,38,93,16610722,3,17,45,0,0.5773912251876624,1,Mass,5.7,0,Active/Censored
C02601,59,42,30169587,3,16,15,0,0.1223585585379448,2,Affluent,5.8,0,Active/Censored
C02602,30,120,4439756,2,17,49,2,0.9090511198711824,1,Affluent,60.0,0,Active/Censored
C02603,56,4,11303231,3,15,47,2,0.8667790294741902,0,Mass,59.3,0,Active/Censored
C02604,46,61,8522501,4,15,90,0,0.2210708445080573,1,Affluent,43.9,0,Active/Censored
C02605,55,74,18078195,3,16,40,0,0.6467920488760075,1,Mass,30.8,0,Active/Censored
C02606,54,10,23926510,4,26,35,0,0.7638054968590906,3,Mass,60.0,1,Churned
C02607,44,56,10465965,4,14,66,0,0.15977066165242615,0,Mass,19.0,0,Active/Censored
C02608,32,73,16393280,2,17,68,1,0.5697082034683378,2,Affluent,56.4,0,Active/Censored
C02609,44,74,31799141,1,25,13,0,0.8154085371245587,2,Affluent,1.0,1,Churned
C02610,58,17,37839373,2,15,17,0,0.5060426876966434,2,Mass,4.8,0,Active/Censored
C02611,64,35,4514054,4,17,25,0,0.8814068059323295,0,Affluent,24.6,0,Active/Censored
C02612,62,31,26588059,4,18,80,0,0.09302170722855138,0,Affluent,58.1,0,Active/Censored
C02613,29,78,4924599,3,13,29,0,0.8772896146763063,1,Mass,60.0,0,Active/Censored
C02614,47,41,22732786,4,21,100,0,0.9294962429548593,0,Mass,55.3,0,Active/Censored
C02615,25,70,35660954,1,16,50,0,0.19034789087580467,0,Mass,53.5,0,Active/Censored
C02616,51,89,32729422,3,18,94,2,0.437855176948181,2,Mass,25.0,0,Active/Censored
C02617,65,97,12377962,3,22,32,1,0.6086884303952003,3,Mass,60.0,0,Active/Censored
C02618,23,24,13309235,3,16,48,1,0.853914459459876,0,Affluent,60.0,0,Active/Censored
C02619,50,109,32206489,3,17,22,3,0.19357355560076434,0,Mass,60.0,0,Active/Censored
C02620,63,22,33510587,2,17,86,1,0.35062516226372764,0,Affluent,23.0,0,Active/Censored
C02621,59,5,14112616,3,13,64,1,0.7681368305309176,2,Priority,33.1,0,Active/Censored
C02622,38,8,4110199,3,21,16,1,0.41900410644072406,0,Mass,49.9,0,Active/Censored
C02623,25,26,20000429,4,25,77,1,0.5944491272969965,3,Mass,17.4,0,Active/Censored
C02624,62,106,26308385,1,23,90,1,0.5540049708949953,1,Mass,3.2,0,Active/Censored
C02625,62,27,19975110,2,14,72,1,0.9258545261089363,1,Affluent,9.5,0,Active/Censored
C02626,47,84,37651257,2,21,83,0,0.17737810152513572,1,Mass,29.2,0,Active/Censored
C02627,65,52,33289629,1,22,35,2,0.903596505878854,1,Mass,34.9,0,Active/Censored
C02628,21,7,32362958,2,18,49,2,0.5577356441190925,0,Affluent,1.5,0,Active/Censored
C02629,48,55,4730386,2,19,87,0,0.8637370322497934,1,Affluent,60.0,0,Active/Censored
C02630,22,6,34730830,2,15,65,1,0.15614792316413506,1,Mass,28.7,0,Active/Censored
C02631,63,59,31188784,2,21,65,0,0.6273527124918988,0,Affluent,10.1,0,Active/Censored
C02632,51,68,18290369,3,17,79,1,0.8060990327100892,0,Priority,51.6,0,Active/Censored
C02633,62,64,25223768,3,20,65,0,0.7581933512722402,1,Affluent,37.9,0,Active/Censored
C02634,46,36,33672602,2,22,21,2,0.05894449028082119,4,Mass,21.9,0,Active/Censored
C02635,24,93,36623992,4,18,29,1,0.4569849195909806,1,Affluent,3.2,0,Active/Censored
C02636,22,73,23829939,2,18,80,2,0.15381205193169678,0,Affluent,30.6,0,Active/Censored
C02637,36,33,5488413,3,15,32,1,0.18754259699996362,0,Mass,60.0,0,Active/Censored
C02638,54,54,26267448,1,24,70,1,0.685658938982766,1,Affluent,1.4,1,Churned
C02639,27,15,28480671,1,16,53,0,0.9109215765781611,2,Mass,1.0,0,Active/Censored
C02640,59,111,6120952,2,17,66,1,0.6206876970648814,0,Mass,59.8,0,Active/Censored
C02641,31,91,33423161,2,21,31,0,0.1421393547241035,0,Affluent,23.8,0,Active/Censored
C02642,43,36,11255861,2,20,38,1,0.2695969326696422,0,Affluent,60.0,0,Active/Censored
C02643,30,82,36056681,1,18,72,2,0.3909869576815231,0,Mass,33.6,0,Active/Censored
C02644,41,83,23834718,2,16,25,1,0.16282179605862013,1,Mass,49.0,0,Active/Censored
C02645,41,74,15596584,3,21,38,0,0.8131712921375555,1,Mass,60.0,0,Active/Censored
C02646,21,9,6116838,3,17,100,4,0.22505466489869552,0,Mass,22.7,0,Active/Censored
C02647,46,106,4643165,1,21,23,1,0.16659596951037053,0,Affluent,23.5,0,Active/Censored
C02648,56,115,30692085,2,24,62,2,0.7031162049379834,1,Mass,60.0,0,Active/Censored
C02649,63,117,17577782,3,25,23,5,0.16414911613901412,0,Affluent,60.0,0,Active/Censored
C02650,35,118,34242052,3,19,74,2,0.41928750243366225,1,Mass,60.0,0,Active/Censored
C02651,60,112,12298833,4,13,21,0,0.513957474276053,0,Affluent,60.0,0,Active/Censored
C02652,60,90,37133045,2,20,62,3,0.12220636432540755,1,Mass,60.0,0,Active/Censored
C02653,65,9,37896788,3,16,50,0,0.5502093836616758,1,Affluent,58.4,0,Active/Censored
C02654,37,57,7663664,4,13,72,1,0.4821476022949805,1,Mass,9.4,0,Active/Censored
C02655,59,31,27289668,2,17,10,1,0.6515746508542596,0,Mass,31.6,1,Churned
C02656,46,28,37829928,4,15,56,2,0.24723133697630045,0,Affluent,60.0,0,Active/Censored
C02657,23,101,15631340,2,20,59,1,0.3709662296569824,2,Mass,59.5,0,Active/Censored
C02658,33,98,6434320,2,15,31,2,0.6436898051539806,1,Mass,21.7,1,Churned
C02659,51,64,35517330,3,22,37,1,0.08203696001695747,1,Priority,47.1,0,Active/Censored
C02660,28,89,21066023,3,21,74,0,0.15421544851431157,1,Affluent,60.0,0,Active/Censored
C02661,40,18,4974630,3,18,60,2,0.30519664818357534,3,Mass,36.8,0,Active/Censored
C02662,55,29,34249036,1,21,62,2,0.1457207365164692,1,Affluent,48.2,0,Active/Censored
C02663,27,104,28438975,1,20,95,0,0.08556122210477743,1,Mass,60.0,0,Active/Censored
C02664,43,56,6531200,4,23,46,1,0.9386441803829159,1,Mass,60.0,0,Active/Censored
C02665,30,67,13312261,4,13,89,4,0.46018398396399285,0,Mass,37.3,0,Active/Censored
C02666,45,57,4656318,4,15,98,1,0.53031560458966,0,Mass,26.0,0,Active/Censored
C02667,31,26,38375401,3,14,62,1,0.2794144067438463,1,Mass,1.1,0,Active/Censored
C02668,64,100,4898117,4,18,29,1,0.056918517728431484,3,Mass,60.0,0,Active/Censored
C02669,24,92,32650732,2,15,48,0,0.7256517668673649,1,Mass,60.0,0,Active/Censored
C02670,64,83,22405728,1,21,14,1,0.7013776840054525,0,Mass,60.0,1,Churned
C02671,56,44,24978364,1,14,73,2,0.9252866686004568,1,Mass,6.7,0,Active/Censored
C02672,59,78,33217482,2,11,34,3,0.06899187416432984,0,Mass,30.4,0,Active/Censored
C02673,59,115,36218734,2,32,94,1,0.173318660951584,0,Mass,57.0,0,Active/Censored
C02674,29,79,8587360,4,20,69,3,0.6909269438878508,2,Mass,60.0,0,Active/Censored
C02675,62,61,4643594,2,11,54,0,0.34706627360829995,1,Mass,56.8,0,Active/Censored
C02676,47,34,8485969,3,23,26,3,0.10739581835939735,1,Mass,29.5,0,Active/Censored
C02677,64,64,28570278,2,27,19,2,0.32086232256530883,0,Mass,8.7,0,Active/Censored
C02678,60,46,24467686,3,13,71,1,0.12894523294487228,2,Affluent,44.4,0,Active/Censored
C02679,47,75,7019800,3,19,79,2,0.8038451800500257,0,Affluent,36.4,1,Churned
C02680,37,8,12434641,1,11,34,0,0.8392398398641396,3,Affluent,59.4,0,Active/Censored
C02681,26,25,23340618,2,16,10,2,0.623200929788367,1,Mass,60.0,0,Active/Censored
C02682,25,95,30287694,1,16,39,2,0.3970375304336347,1,Mass,60.0,0,Active/Censored
C02683,38,47,16362608,4,12,79,3,0.7419103211626362,1,Mass,10.4,0,Active/Censored
C02684,57,54,38186873,3,22,62,2,0.6184312370052254,3,Priority,31.0,0,Active/Censored
C02685,43,67,39720815,4,15,17,2,0.7627837812747673,1,Mass,60.0,0,Active/Censored
C02686,42,54,31577202,4,17,20,2,0.5098166192028704,3,Affluent,23.5,0,Active/Censored
C02687,32,92,20353521,1,19,19,1,0.9125104140416153,0,Mass,11.2,1,Churned
C02688,46,31,35578313,3,21,78,2,0.3110303250396458,1,Priority,60.0,0,Active/Censored
C02689,49,92,30204298,1,12,81,2,0.5937664347052041,1,Mass,5.4,0,Active/Censored
C02690,65,27,22705098,4,16,47,1,0.77724734027968,1,Mass,2.2,0,Active/Censored
C02691,53,46,19976099,4,12,72,0,0.854485536994718,2,Mass,60.0,1,Churned
C02692,48,72,33963494,3,15,11,1,0.9020734609013218,3,Affluent,53.8,0,Active/Censored
C02693,61,107,24054592,4,9,61,2,0.40550987538106914,1,Affluent,45.7,0,Active/Censored
C02694,40,30,10584514,4,22,34,2,0.6794084562536906,0,Affluent,3.6,0,Active/Censored
C02695,63,72,39993247,4,21,84,1,0.3111774097823631,0,Affluent,60.0,0,Active/Censored
C02696,37,10,6460524,1,18,54,2,0.6344413768530247,1,Mass,44.6,0,Active/Censored
C02697,26,11,29020459,1,16,87,1,0.21580367462512784,1,Mass,36.3,0,Active/Censored
C02698,39,93,27614311,4,15,61,1,0.4293060663040498,0,Affluent,47.2,0,Active/Censored
C02699,26,87,25102026,2,13,51,0,0.8782133681137247,1,Mass,60.0,0,Active/Censored
C02700,26,47,5870290,2,20,96,0,0.7798156854348746,0,Mass,20.9,0,Active/Censored
C02701,60,76,21733472,1,13,100,2,0.4968555339775731,0,Mass,41.0,0,Active/Censored
C02702,56,47,36129331,3,15,51,2,0.18216079344392228,0,Mass,10.0,0,Active/Censored
C02703,30,35,12623297,4,20,42,0,0.4087144403277179,1,Mass,51.5,0,Active/Censored
C02704,58,53,28895949,4,15,68,1,0.17481108073001078,1,Affluent,23.7,0,Active/Censored
C02705,24,39,34915131,3,23,25,2,0.1116748743370794,0,Affluent,60.0,0,Active/Censored
C02706,33,99,38279226,3,18,45,1,0.8658602451006802,1,Mass,60.0,0,Active/Censored
C02707,52,51,22581015,3,15,86,2,0.4922883248351116,0,Mass,60.0,0,Active/Censored
C02708,34,40,15299919,2,20,91,1,0.13044984156683048,0,Affluent,60.0,0,Active/Censored
C02709,53,66,29186242,3,13,47,4,0.695001732255337,2,Affluent,57.8,0,Active/Censored
C02710,60,92,21501699,4,12,45,2,0.11676335100707573,0,Affluent,60.0,0,Active/Censored
C02711,23,35,26575154,2,18,89,3,0.4065488754292955,1,Mass,60.0,0,Active/Censored
C02712,22,113,30700853,2,13,28,0,0.2572614885312828,1,Priority,44.6,0,Active/Censored
C02713,63,57,29570229,3,15,15,1,0.19816725487839465,0,Affluent,60.0,0,Active/Censored
C02714,44,80,12740043,3,17,16,0,0.5301942872045055,0,Mass,60.0,0,Active/Censored
C02715,43,115,31208678,1,14,20,1,0.6977206519340685,1,Affluent,11.8,0,Active/Censored
C02716,41,53,23506557,2,18,90,2,0.4884707613000094,1,Mass,15.3,0,Active/Censored
C02717,40,26,37507606,3,22,13,0,0.788722209403175,0,Affluent,60.0,0,Active/Censored
C02718,52,91,27740821,3,19,40,0,0.8756482329847588,1,Affluent,60.0,0,Active/Censored
C02719,47,3,36105068,3,31,64,1,0.7764629940800449,0,Mass,31.0,0,Active/Censored
C02720,28,57,39237111,4,20,65,2,0.9108424896291625,0,Mass,60.0,1,Churned
C02721,49,118,39802291,3,19,85,1,0.8861323743372899,1,Mass,60.0,0,Active/Censored
C02722,51,51,30809318,3,24,99,0,0.7992651549211004,1,Affluent,60.0,0,Active/Censored
C02723,26,83,25502632,2,13,46,1,0.31336934054285537,3,Affluent,59.7,1,Churned
C02724,37,64,8252710,2,24,31,0,0.20689885826031962,1,Mass,13.5,0,Active/Censored
C02725,56,28,17900460,4,20,18,1,0.7043102325858618,2,Priority,46.4,0,Active/Censored
C02726,48,40,21112004,2,12,91,4,0.8109761308453209,3,Mass,60.0,0,Active/Censored
C02727,27,64,32098909,3,22,43,0,0.7908111667719475,0,Mass,58.6,0,Active/Censored
C02728,22,15,25195748,1,17,91,2,0.6292601966372632,1,Mass,60.0,0,Active/Censored
C02729,47,51,19808712,1,13,41,2,0.7968813482765991,1,Affluent,6.3,0,Active/Censored
C02730,41,51,9278433,1,15,78,0,0.6864495749737611,0,Affluent,60.0,0,Active/Censored
C02731,64,101,29768955,1,20,68,1,0.6488292751726253,3,Affluent,60.0,1,Churned
C02732,44,17,19550778,3,23,74,4,0.0919188478918057,2,Affluent,34.3,0,Active/Censored
C02733,62,102,5301133,3,17,69,1,0.46442707514776754,2,Mass,12.8,0,Active/Censored
C02734,30,51,14224209,3,23,37,0,0.08046150223057524,1,Mass,5.0,0,Active/Censored
C02735,41,79,35660538,2,12,19,1,0.133133043154784,1,Affluent,16.3,0,Active/Censored
C02736,27,68,8277791,3,19,10,0,0.5369041878197938,1,Mass,6.9,1,Churned
C02737,46,38,18621231,1,19,48,3,0.09273113050480392,0,Mass,22.1,0,Active/Censored
C02738,29,112,22433509,2,16,91,1,0.8718983444441074,0,Mass,41.6,0,Active/Censored
C02739,43,29,7014719,1,21,68,0,0.4553068614498302,1,Mass,49.8,0,Active/Censored
C02740,36,7,9962790,1,28,71,2,0.6799699847430941,0,Mass,60.0,0,Active/Censored
C02741,29,91,37849781,1,24,33,0,0.18301566421673848,0,Mass,60.0,0,Active/Censored
C02742,25,76,25259346,1,21,54,1,0.8128357250944657,0,Priority,60.0,0,Active/Censored
C02743,44,108,11572249,2,15,47,0,0.4802602246994538,2,Mass,47.0,0,Active/Censored
C02744,63,57,10109089,3,26,22,0,0.5528983276515766,0,Priority,9.5,0,Active/Censored
C02745,29,4,19326466,3,26,65,1,0.6336357618777831,0,Mass,56.1,0,Active/Censored
C02746,39,5,30049417,2,23,43,3,0.5359084275891934,0,Affluent,29.2,0,Active/Censored
C02747,31,54,30294218,1,20,46,1,0.5568684100293607,0,Mass,60.0,0,Active/Censored
C02748,57,32,11028698,1,25,64,1,0.7200709960603652,0,Mass,18.4,0,Active/Censored
C02749,39,111,30122565,3,11,12,1,0.775824233717472,1,Mass,60.0,0,Active/Censored
C02750,64,16,36266263,4,9,95,1,0.3255494570766838,1,Mass,60.0,0,Active/Censored
C02751,32,106,12148158,2,19,30,2,0.8798443655441973,0,Affluent,37.1,0,Active/Censored
C02752,24,28,4943536,1,19,71,1,0.3685070111861779,1,Mass,56.8,0,Active/Censored
C02753,47,17,38520054,2,15,80,1,0.29509304557805693,0,Mass,17.6,0,Active/Censored
C02754,50,35,22791905,1,16,24,2,0.33028737991372203,1,Affluent,8.9,0,Active/Censored
C02755,65,20,31952396,1,16,32,3,0.372663641649046,2,Affluent,60.0,0,Active/Censored
C02756,60,50,15523771,2,17,47,1,0.33523754522863874,0,Mass,60.0,0,Active/Censored
C02757,60,41,14770071,4,23,84,1,0.8093751591963159,3,Mass,53.5,0,Active/Censored
C02758,49,65,12102754,3,18,67,3,0.555037412466184,1,Mass,1.4,0,Active/Censored
C02759,37,66,11812765,4,18,52,0,0.9208808437436188,0,Mass,60.0,0,Active/Censored
C02760,40,3,20977700,2,23,87,3,0.12556001783815396,0,Affluent,16.1,0,Active/Censored
C02761,27,17,7808226,2,12,53,0,0.6025821566447447,0,Mass,33.0,1,Churned
C02762,40,22,34312703,2,18,90,2,0.1364218675997077,0,Priority,45.9,0,Active/Censored
C02763,37,25,22404174,1,15,80,1,0.46296507621247535,2,Mass,60.0,0,Active/Censored
C02764,22,14,36949979,2,17,25,0,0.3944615202800488,0,Mass,22.0,1,Churned
C02765,30,40,22078838,2,23,44,0,0.6626974236007706,1,Affluent,30.8,0,Active/Censored
C02766,45,67,14916950,2,19,12,2,0.7209003319530763,1,Priority,60.0,0,Active/Censored
C02767,37,39,22536913,1,22,31,2,0.2642842868591281,1,Affluent,48.4,0,Active/Censored
C02768,65,41,9552770,3,21,12,0,0.2243433348247133,0,Mass,2.0,0,Active/Censored
C02769,42,58,33667332,4,14,19,0,0.427559389274523,1,Affluent,21.9,0,Active/Censored
C02770,64,67,29925056,4,16,10,0,0.26778857045258664,0,Mass,15.3,0,Active/Censored
C02771,50,42,9297494,1,17,71,2,0.6589616064090926,1,Affluent,45.5,0,Active/Censored
C02772,22,29,24951954,1,23,47,1,0.5159278847865902,0,Affluent,12.9,0,Active/Censored
C02773,30,51,23367779,4,10,52,0,0.7942793161382582,1,Mass,60.0,0,Active/Censored
C02774,52,5,11236581,4,18,79,1,0.9331448380508068,0,Affluent,60.0,0,Active/Censored
C02775,45,61,8395131,3,22,83,0,0.3902970780684279,1,Affluent,60.0,0,Active/Censored
C02776,34,114,31370648,2,11,58,1,0.8707970457282315,1,Affluent,55.2,0,Active/Censored
C02777,44,49,13505510,3,19,51,1,0.7494550134389024,1,Priority,60.0,0,Active/Censored
C02778,61,15,22681495,3,14,69,1,0.1842110703548528,2,Affluent,60.0,0,Active/Censored
C02779,38,86,12917589,4,17,47,2,0.8023354764728046,3,Mass,52.1,0,Active/Censored
C02780,23,17,27522227,3,14,50,1,0.48335658107246227,2,Mass,60.0,0,Active/Censored
C02781,34,25,5763579,1,16,37,1,0.6882447840801733,1,Mass,60.0,0,Active/Censored
C02782,63,20,16936205,3,16,27,3,0.6823504438877291,0,Mass,58.2,0,Active/Censored
C02783,55,107,23694172,4,18,28,1,0.8473690435889494,2,Affluent,60.0,0,Active/Censored
C02784,58,118,19807512,2,18,69,2,0.7350482331049015,0,Affluent,19.2,0,Active/Censored
C02785,62,70,26046099,1,19,85,1,0.7921613643061027,1,Mass,60.0,0,Active/Censored
C02786,26,75,10492315,1,17,48,0,0.3388207452234858,2,Priority,10.9,0,Active/Censored
C02787,33,79,19904951,4,17,18,1,0.9258237733657969,1,Affluent,6.1,0,Active/Censored
C02788,23,75,31234571,2,15,65,1,0.6454329458241055,0,Priority,50.4,0,Active/Censored
C02789,21,67,16009641,3,13,92,1,0.7463224800307995,1,Mass,60.0,0,Active/Censored
C02790,58,119,9652407,4,17,58,0,0.8229931569614373,0,Mass,34.9,0,Active/Censored
C02791,63,89,34518996,1,14,12,1,0.16140489746980918,1,Affluent,39.2,0,Active/Censored
C02792,28,13,32018893,1,17,17,1,0.35276978704046064,1,Affluent,60.0,0,Active/Censored
C02793,53,49,28494803,4,12,57,1,0.8023423743379211,0,Priority,24.3,0,Active/Censored
C02794,45,117,32728282,3,10,88,2,0.8797837920190342,0,Affluent,31.5,0,Active/Censored
C02795,24,50,32037496,1,18,15,1,0.7304840798475851,0,Mass,53.6,1,Churned
C02796,62,27,30877634,3,16,78,1,0.4840780383955924,1,Mass,9.2,0,Active/Censored
C02797,60,105,22339463,1,16,80,0,0.27601003724555323,1,Affluent,26.1,0,Active/Censored
C02798,46,76,4699220,4,12,14,2,0.5225247409341292,3,Mass,45.6,0,Active/Censored
C02799,52,69,25494815,4,19,29,2,0.40757020227642876,0,Priority,60.0,0,Active/Censored
C02800,38,52,13832795,4,18,10,1,0.8470677166630903,0,Affluent,46.1,0,Active/Censored
C02801,56,17,31838789,2,22,61,2,0.5605385082271438,0,Affluent,60.0,0,Active/Censored
C02802,41,48,20860158,2,10,25,2,0.4028597166702569,0,Priority,60.0,0,Active/Censored
C02803,65,54,36589949,4,23,93,0,0.49863192845500504,1,Mass,60.0,0,Active/Censored
C02804,23,112,25439597,3,16,18,0,0.8902107893509539,2,Mass,60.0,0,Active/Censored
C02805,28,39,23819189,3,14,69,2,0.6019326306782421,0,Affluent,60.0,1,Churned
C02806,64,20,37091995,1,19,81,0,0.25608146010406957,0,Affluent,60.0,0,Active/Censored
C02807,33,53,21102298,3,19,26,1,0.500069821135705,1,Affluent,27.2,0,Active/Censored
C02808,34,120,17521814,3,27,32,0,0.4690924132948235,0,Mass,24.9,1,Churned
C02809,56,59,17374580,2,29,82,1,0.32936384759592047,1,Affluent,60.0,0,Active/Censored
C02810,29,47,35500839,4,23,18,2,0.7126695605935336,0,Mass,21.8,0,Active/Censored
C02811,44,81,31225855,1,20,50,1,0.2914582545057135,0,Mass,59.8,0,Active/Censored
C02812,33,79,9883454,3,13,32,2,0.4932940954659852,0,Priority,3.2,0,Active/Censored
C02813,29,38,21729617,4,14,11,2,0.44694203264156074,0,Mass,9.6,0,Active/Censored
C02814,64,117,17366097,3,23,51,2,0.47017640052120413,0,Mass,2.2,0,Active/Censored
C02815,29,72,27281218,1,22,54,2,0.560098001726396,2,Mass,19.2,0,Active/Censored
C02816,25,9,5882152,3,17,41,2,0.6649675394518381,2,Affluent,60.0,0,Active/Censored
C02817,51,51,29708423,3,20,83,0,0.17869985841718122,2,Mass,60.0,0,Active/Censored
C02818,60,111,30729614,3,21,18,2,0.30949259153344716,0,Mass,4.3,0,Active/Censored
C02819,26,49,12156963,2,23,49,2,0.7455530905066073,1,Mass,47.5,0,Active/Censored
C02820,52,70,9423499,3,20,26,1,0.8669708171479574,0,Affluent,13.2,0,Active/Censored
C02821,45,75,26591251,2,21,79,5,0.09019128743377039,2,Mass,13.5,0,Active/Censored
C02822,58,86,13252720,3,18,60,1,0.11602901759094791,0,Affluent,60.0,0,Active/Censored
C02823,26,105,37896817,3,16,74,1,0.8904467127769546,0,Affluent,18.6,0,Active/Censored
C02824,64,20,31908397,3,13,19,3,0.1831468051277922,3,Mass,4.8,1,Churned
C02825,48,63,38380470,4,21,51,2,0.9313602174833974,1,Mass,30.1,0,Active/Censored
C02826,58,65,23249801,4,16,14,0,0.7953999186145395,0,Mass,60.0,0,Active/Censored
C02827,37,20,37785325,4,12,39,0,0.15863398380289018,1,Mass,60.0,0,Active/Censored
C02828,63,82,4503017,4,11,96,2,0.14227254790075794,1,Mass,14.9,0,Active/Censored
C02829,49,16,14437658,4,10,76,0,0.9295672368783867,1,Affluent,60.0,0,Active/Censored
C02830,26,56,4080467,1,23,17,0,0.27934051971404156,0,Mass,49.7,0,Active/Censored
C02831,62,41,28392079,2,27,43,2,0.5348004814900564,3,Mass,25.4,0,Active/Censored
C02832,56,21,22383782,3,20,89,0,0.26261213285299734,1,Mass,37.2,0,Active/Censored
C02833,34,100,14356125,2,18,25,0,0.5906070618176424,0,Mass,60.0,0,Active/Censored
C02834,45,31,14978398,3,14,78,3,0.806025689519918,0,Mass,9.0,0,Active/Censored
C02835,38,33,27175228,1,20,39,1,0.6412182677579994,0,Mass,21.9,0,Active/Censored
C02836,45,103,10491212,1,12,53,1,0.09195499305017696,0,Affluent,2.9,0,Active/Censored
C02837,64,106,22524080,3,22,89,2,0.5856704092703748,0,Mass,23.8,0,Active/Censored
C02838,61,7,26089381,4,18,71,1,0.6449149711399698,0,Mass,31.7,0,Active/Censored
C02839,30,35,12639234,2,26,35,1,0.2308082011530322,1,Priority,1.6,0,Active/Censored
C02840,64,86,12223712,2,14,10,1,0.7359061106667145,2,Mass,24.4,0,Active/Censored
C02841,40,94,16752219,3,21,31,2,0.6142040326663054,1,Affluent,60.0,0,Active/Censored
C02842,52,120,25319457,2,13,48,1,0.058592459330648855,0,Mass,60.0,0,Active/Censored
C02843,55,68,13158192,1,15,22,0,0.9054995657180029,1,Mass,29.9,0,Active/Censored
C02844,42,3,17653574,3,22,90,1,0.45102163132344025,1,Mass,37.3,0,Active/Censored
C02845,41,106,23564002,4,22,15,3,0.2591410622145248,1,Affluent,31.3,0,Active/Censored
C02846,41,22,10722863,3,17,59,1,0.1275779677251606,0,Affluent,60.0,0,Active/Censored
C02847,59,17,24481417,4,6,98,0,0.38698604564118944,3,Mass,7.1,0,Active/Censored
C02848,38,82,8971770,3,14,40,0,0.32699219994641476,1,Mass,20.6,0,Active/Censored
C02849,33,74,12526981,4,13,58,1,0.3181578273453027,2,Mass,60.0,0,Active/Censored
C02850,37,10,14314384,1,20,16,0,0.7638810271925767,1,Mass,28.5,0,Active/Censored
C02851,29,22,5073955,1,15,76,1,0.6313290399512347,0,Mass,49.8,0,Active/Censored
C02852,38,72,38617840,1,18,98,0,0.16974770983790338,1,Priority,26.5,0,Active/Censored
C02853,26,33,15092570,4,12,80,2,0.6872666933256406,0,Mass,60.0,0,Active/Censored
C02854,25,83,32966266,3,16,23,1,0.7011338048719289,0,Mass,60.0,0,Active/Censored
C02855,53,51,36470368,1,28,42,0,0.5128417672347706,0,Affluent,60.0,0,Active/Censored
C02856,24,72,32823095,4,26,75,2,0.9461903138185536,1,Mass,60.0,0,Active/Censored
C02857,46,59,33929036,2,13,82,3,0.30513134581529383,0,Priority,60.0,0,Active/Censored
C02858,56,46,7602725,3,15,46,2,0.10261007445234563,4,Mass,27.0,0,Active/Censored
C02859,53,43,17392135,1,11,97,2,0.07592558913433059,1,Affluent,38.8,0,Active/Censored
C02860,41,85,30862677,1,21,28,3,0.33849325212069276,0,Mass,39.9,0,Active/Censored
C02861,29,63,24730010,2,16,77,1,0.498126174875287,1,Mass,16.4,0,Active/Censored
C02862,62,73,4203735,1,18,55,1,0.12040795318269369,2,Mass,60.0,0,Active/Censored
C02863,58,71,24424980,3,23,74,2,0.5592187482582868,1,Affluent,34.7,0,Active/Censored
C02864,48,27,32962460,1,17,64,2,0.8607835087216681,0,Mass,55.9,0,Active/Censored
C02865,24,110,33834551,1,15,49,0,0.7671765332650955,1,Mass,44.3,0,Active/Censored
C02866,22,69,17819955,3,17,84,2,0.6552217075329421,1,Mass,35.7,0,Active/Censored
C02867,35,87,12506443,2,24,86,0,0.6455585250896388,0,Mass,60.0,0,Active/Censored
C02868,28,107,15143978,3,16,84,0,0.707270509249539,1,Affluent,60.0,0,Active/Censored
C02869,59,112,14669949,3,17,18,1,0.4947857458537444,1,Priority,35.7,0,Active/Censored
C02870,30,81,16476756,4,14,48,1,0.4116198362790517,0,Affluent,35.7,0,Active/Censored
C02871,33,95,14864275,4,19,78,3,0.3259899528028408,1,Mass,20.7,0,Active/Censored
C02872,64,58,20459055,1,18,88,2,0.13965652831791975,1,Affluent,47.6,0,Active/Censored
C02873,57,90,5471319,3,20,42,0,0.5559462905161168,1,Mass,11.8,0,Active/Censored
C02874,30,40,13907181,3,14,77,0,0.4752662757613246,0,Mass,60.0,0,Active/Censored
C02875,38,86,15328763,3,16,61,2,0.15701260580465404,1,Mass,21.3,0,Active/Censored
C02876,44,13,9520261,4,19,30,4,0.29144277370282706,2,Affluent,37.8,0,Active/Censored
C02877,50,110,35604895,1,21,91,0,0.7584826191624187,0,Affluent,41.7,0,Active/Censored
C02878,63,31,28317462,2,19,50,1,0.28004364404575954,1,Mass,60.0,0,Active/Censored
C02879,60,80,36831555,4,20,65,1,0.43314722874138567,2,Affluent,3.6,0,Active/Censored
C02880,64,4,24216740,4,14,36,0,0.1951768902718235,2,Affluent,43.2,0,Active/Censored
C02881,22,21,7946872,1,20,12,3,0.20286195079585867,1,Priority,11.5,0,Active/Censored
C02882,31,119,36566245,2,12,51,1,0.7307111467783977,2,Priority,5.5,0,Active/Censored
C02883,46,101,20490107,2,13,75,1,0.11000678103068834,0,Mass,20.5,0,Active/Censored
C02884,23,29,28639573,1,13,39,1,0.3065235295362701,0,Mass,5.1,0,Active/Censored
C02885,36,18,17728560,1,15,94,1,0.9327600409925337,1,Affluent,10.1,0,Active/Censored
C02886,27,99,21794257,3,21,78,1,0.4783036224998886,2,Affluent,60.0,1,Churned
C02887,62,119,21616931,3,24,68,2,0.5955920084613247,0,Mass,60.0,0,Active/Censored
C02888,23,22,14249341,3,13,83,0,0.6267106406898563,0,Affluent,60.0,0,Active/Censored
C02889,27,81,23969902,2,16,88,2,0.22652481137525726,2,Affluent,59.2,0,Active/Censored
C02890,29,36,30414353,4,18,75,1,0.38240788457135644,0,Mass,21.9,0,Active/Censored
C02891,27,90,4729315,3,17,85,1,0.4106359739861091,2,Mass,60.0,0,Active/Censored
C02892,46,52,8712755,4,22,74,3,0.25761488080871253,0,Mass,60.0,0,Active/Censored
C02893,37,17,34320720,2,14,88,0,0.26058543074557855,1,Mass,60.0,0,Active/Censored
C02894,62,41,24507041,1,27,19,1,0.597082375851733,1,Mass,60.0,0,Active/Censored
C02895,32,66,39051906,2,19,41,2,0.14762803191045237,0,Mass,28.7,0,Active/Censored
C02896,45,97,25768200,3,18,90,1,0.1662309018493225,0,Affluent,60.0,0,Active/Censored
C02897,50,5,27522573,2,14,53,1,0.5659718439696434,0,Mass,35.7,0,Active/Censored
C02898,49,116,36364475,4,15,11,0,0.45440426041450643,0,Affluent,13.9,0,Active/Censored
C02899,56,79,27776280,1,14,87,1,0.6007401192435786,1,Mass,35.8,0,Active/Censored
C02900,30,106,15866404,3,20,69,4,0.07426356294029116,1,Affluent,60.0,0,Active/Censored
C02901,43,112,23007274,2,24,92,0,0.6844241545488209,0,Mass,37.9,0,Active/Censored
C02902,57,21,12482071,1,13,11,2,0.8149006776533185,1,Affluent,11.6,0,Active/Censored
C02903,59,14,16033842,3,16,23,1,0.5217262688582719,0,Mass,11.4,0,Active/Censored
C02904,48,94,28490134,4,20,56,5,0.8067562876333518,1,Mass,40.5,0,Active/Censored
C02905,50,25,9363201,3,22,26,1,0.4096963874566946,0,Mass,54.9,0,Active/Censored
C02906,59,20,28191211,1,15,57,4,0.12103183293446151,0,Mass,60.0,0,Active/Censored
C02907,49,58,25026280,1,16,41,1,0.3897897534672239,1,Affluent,36.7,0,Active/Censored
C02908,63,110,15101830,2,7,29,1,0.4517315494894507,0,Mass,60.0,0,Active/Censored
C02909,26,96,5617890,3,19,80,1,0.8289839318088663,1,Priority,37.2,0,Active/Censored
C02910,36,64,29366498,2,15,13,0,0.3512448618486659,0,Mass,15.4,0,Active/Censored
C02911,26,26,33682092,2,18,89,0,0.3335907427960247,1,Mass,15.6,0,Active/Censored
C02912,25,42,30282671,4,17,23,1,0.8492156910359432,0,Priority,58.5,0,Active/Censored
C02913,42,84,19152821,1,16,62,0,0.27586940293982437,0,Mass,60.0,0,Active/Censored
C02914,31,21,27527263,1,16,100,0,0.6282018820408708,0,Affluent,60.0,0,Active/Censored
C02915,39,64,18931152,1,23,20,0,0.34397034162911544,2,Mass,60.0,1,Churned
C02916,40,4,16897363,4,7,94,0,0.9063103007161363,1,Mass,60.0,0,Active/Censored
C02917,48,41,15778150,2,11,37,2,0.22066243350206016,0,Affluent,59.0,0,Active/Censored
C02918,63,32,11590700,1,9,77,1,0.7015444554872128,2,Mass,60.0,0,Active/Censored
C02919,59,83,38896739,2,22,87,2,0.5450576983393218,2,Affluent,54.5,0,Active/Censored
C02920,38,110,27983703,4,21,31,0,0.9308370377669637,0,Mass,2.0,0,Active/Censored
C02921,35,20,10297010,3,24,41,1,0.9446507940194057,0,Affluent,60.0,1,Churned
C02922,55,97,35141387,1,21,88,0,0.7643282903815363,1,Mass,40.9,0,Active/Censored
C02923,26,80,9447081,1,19,19,2,0.14311045905199876,0,Mass,60.0,0,Active/Censored
C02924,45,117,25372423,1,11,19,1,0.47210624989403904,0,Mass,1.0,0,Active/Censored
C02925,40,110,9959134,4,11,37,1,0.8190616757958757,0,Affluent,60.0,0,Active/Censored
C02926,29,14,17004374,1,14,64,2,0.624634961982142,1,Priority,30.7,0,Active/Censored
C02927,48,90,27706989,2,15,83,3,0.8410724541357089,2,Priority,27.6,0,Active/Censored
C02928,35,72,39968379,2,20,61,1,0.7694295889959314,1,Affluent,15.5,0,Active/Censored
C02929,29,16,39708231,3,18,54,1,0.3316644325717501,1,Affluent,60.0,0,Active/Censored
C02930,50,33,36240298,3,25,89,2,0.22555884143445576,0,Affluent,15.9,0,Active/Censored
C02931,28,112,12477106,4,21,25,0,0.3403075094114038,0,Mass,60.0,0,Active/Censored
C02932,51,67,7366238,2,23,92,3,0.6763504919482207,1,Mass,57.2,0,Active/Censored
C02933,28,42,36602226,2,17,38,0,0.4829584785280141,1,Affluent,60.0,0,Active/Censored
C02934,40,40,37233340,2,17,35,1,0.08946338390797075,0,Mass,40.5,0,Active/Censored
C02935,57,101,14030196,1,23,96,0,0.7182292836975643,1,Affluent,54.3,0,Active/Censored
C02936,31,36,4690364,3,12,68,2,0.0902271798111769,3,Mass,8.4,0,Active/Censored
C02937,55,21,27324397,3,25,49,1,0.41837383548310497,3,Mass,39.8,0,Active/Censored
C02938,53,70,6739253,2,17,40,1,0.46605593670936646,1,Affluent,60.0,0,Active/Censored
C02939,61,120,5457962,4,14,50,1,0.5027241663903278,1,Mass,7.9,0,Active/Censored
C02940,28,24,37737308,1,18,82,1,0.1751817994163704,1,Priority,41.9,0,Active/Censored
C02941,53,33,21843543,4,20,23,2,0.7230111631775992,2,Priority,44.3,0,Active/Censored
C02942,63,58,8033788,3,18,25,2,0.8144350072893112,0,Affluent,60.0,0,Active/Censored
C02943,55,26,27564518,1,19,37,3,0.6781104966103768,0,Affluent,29.2,0,Active/Censored
C02944,29,79,17291038,3,14,53,1,0.9059635887269939,0,Mass,60.0,0,Active/Censored
C02945,57,32,23307511,4,14,84,0,0.28175057544157334,1,Mass,3.5,0,Active/Censored
C02946,25,18,36359179,2,15,29,1,0.19465708449810043,1,Affluent,60.0,1,Churned
C02947,47,33,12562073,2,15,81,1,0.1105657349695478,2,Mass,49.7,0,Active/Censored
C02948,43,112,27274043,4,17,92,0,0.6993677623226496,2,Mass,60.0,0,Active/Censored
C02949,44,113,33825890,1,18,49,2,0.1958965434773094,0,Mass,50.3,0,Active/Censored
C02950,44,62,19256044,1,18,97,1,0.8943632822673382,2,Affluent,60.0,0,Active/Censored
C02951,22,50,38924914,3,18,91,0,0.5885154288742459,0,Affluent,31.7,0,Active/Censored
C02952,43,99,20139065,4,17,82,3,0.773722099667519,2,Mass,49.2,0,Active/Censored
C02953,63,25,20531059,3,20,44,2,0.4412285717481578,0,Mass,55.0,0,Active/Censored
C02954,40,80,35831065,1,18,37,0,0.7113612774847569,1,Affluent,57.6,0,Active/Censored
C02955,33,83,26893093,3,15,88,0,0.4492860182505589,0,Mass,7.0,0,Active/Censored
C02956,65,86,35273440,2,12,50,2,0.5348874270326223,1,Mass,24.4,0,Active/Censored
C02957,25,28,32454877,4,12,12,0,0.7462235597171556,0,Mass,16.9,0,Active/Censored
C02958,42,87,29645208,3,23,75,0,0.26433819998823355,0,Affluent,28.5,0,Active/Censored
C02959,44,75,12693606,2,10,41,3,0.846058561800521,0,Mass,15.2,0,Active/Censored
C02960,42,106,18358351,3,20,95,0,0.6946689460726517,0,Mass,13.0,0,Active/Censored
C02961,62,23,35120213,3,18,87,1,0.7218861211363646,0,Mass,47.5,0,Active/Censored
C02962,39,75,26177165,3,19,19,0,0.2643467060322494,1,Mass,24.5,0,Active/Censored
C02963,64,100,14087232,2,22,92,2,0.13111464501093448,0,Priority,50.1,0,Active/Censored
C02964,24,35,15784696,3,18,96,3,0.11557080613013294,2,Affluent,29.5,0,Active/Censored
C02965,54,90,31929908,1,18,78,0,0.6323149038485048,0,Affluent,60.0,0,Active/Censored
C02966,47,14,10414687,2,15,35,1,0.1850021441894259,0,Mass,26.3,0,Active/Censored
C02967,31,87,8035572,2,10,70,0,0.9492723053550985,2,Mass,23.0,0,Active/Censored
C02968,31,74,31543979,3,21,88,0,0.9149428949365237,0,Mass,60.0,0,Active/Censored
C02969,53,25,14381921,4,14,84,1,0.0762590812556227,0,Mass,60.0,0,Active/Censored
C02970,49,10,31554851,4,21,49,3,0.702551829595344,1,Affluent,2.8,0,Active/Censored
C02971,48,90,23210317,2,12,74,1,0.28469484834415976,1,Mass,16.9,0,Active/Censored
C02972,23,31,39921364,3,19,45,0,0.3568098064194776,1,Affluent,60.0,0,Active/Censored
C02973,47,61,22897195,1,20,33,2,0.2662793933361931,1,Mass,60.0,0,Active/Censored
C02974,65,10,35229479,2,27,71,1,0.7974910607979906,1,Mass,60.0,0,Active/Censored
C02975,21,116,34615522,3,13,52,1,0.8543770931791134,0,Mass,56.8,0,Active/Censored
C02976,42,67,11631433,3,13,30,0,0.08636140107971624,0,Mass,21.8,0,Active/Censored
C02977,43,112,39860581,4,24,70,1,0.29303430185934654,1,Mass,60.0,0,Active/Censored
C02978,61,21,30848849,2,13,39,1,0.4538286160862765,2,Mass,60.0,0,Active/Censored
C02979,33,27,7859590,4,17,63,0,0.5196398284256079,1,Priority,60.0,0,Active/Censored
C02980,42,75,4217375,4,17,42,1,0.12888219032911996,0,Mass,60.0,0,Active/Censored
C02981,53,74,13769972,3,17,90,3,0.7970253736782008,3,Mass,60.0,0,Active/Censored
C02982,23,96,4584765,1,15,87,4,0.8905819095995641,1,Mass,60.0,0,Active/Censored
C02983,57,112,16873535,2,14,53,0,0.4125785746699399,1,Mass,60.0,0,Active/Censored
C02984,57,99,39869068,4,20,74,3,0.8215106717894118,0,Affluent,4.8,0,Active/Censored
C02985,53,19,21241062,3,22,26,1,0.6587194010572083,0,Mass,18.8,0,Active/Censored
C02986,50,39,4860549,4,22,100,0,0.5825692499725007,0,Affluent,60.0,0,Active/Censored
C02987,54,110,21780750,4,16,29,1,0.7871451349457842,0,Affluent,44.6,0,Active/Censored
C02988,56,67,11887757,1,18,88,0,0.47572665538327463,6,Mass,21.0,0,Active/Censored
C02989,61,105,34823022,4,23,86,2,0.5429444593828447,0,Mass,19.6,0,Active/Censored
C02990,40,69,7260352,2,12,26,0,0.2971992736484703,1,Mass,4.4,0,Active/Censored
C02991,41,8,31740134,4,19,10,0,0.6909662837489917,1,Mass,60.0,0,Active/Censored
C02992,49,58,20054883,3,23,77,2,0.19315598157326963,0,Mass,31.1,0,Active/Censored
C02993,29,100,4678656,2,14,89,4,0.2688454082574138,0,Mass,10.3,0,Active/Censored
C02994,59,80,28232833,1,12,75,2,0.4819288587921179,1,Affluent,60.0,0,Active/Censored
C02995,55,18,20380783,1,19,15,1,0.39678123725423076,0,Mass,11.1,0,Active/Censored
C02996,49,27,31776002,3,10,68,2,0.2656205034445706,1,Affluent,60.0,0,Active/Censored
C02997,34,103,26250658,3,25,45,0,0.22269969187397431,1,Affluent,8.6,0,Active/Censored
C02998,36,118,32341202,3,17,93,1,0.8248074591277536,1,Mass,35.3,0,Active/Censored
C02999,40,91,20574241,1,25,82,0,0.5817730076503997,2,Mass,52.1,0,Active/Censored
C03000,50,14,4285788,3,24,82,3,0.38965339311084474,2,Mass,60.0,0,Active/Censored
