Feedback_ID,Text,Topic,Channel,Sentiment,Clean_Text,Topic_Model,Topic_Score,Sentiment_Priority,Priority
FB01861,Saya sangat puas dengan layanan bank ini,Savings,Mobile App,positive,saya sangat puas dengan layanan bank ini,1,0.09265928272652466,0,Low
FB00354,Aplikasi sulit digunakan dan sering logout,Loan,ATM,negative,aplikasi sulit digunakan dan sering logout,3,0.242213474053518,3,High
FB01334,Aplikasi sulit digunakan dan sering logout,Loan,ATM,negative,aplikasi sulit digunakan dan sering logout,3,0.242213474053518,3,High
FB00906,Petugas bank ramah dan profesional,Customer Service,Mobile App,positive,petugas bank ramah dan profesional,1,0.031096285002941575,0,Low
FB01290,Customer service lambat merespons keluhan saya,Transaction,Email,negative,customer service lambat merespons keluhan saya,4,0.1837918353330011,3,High
FB01274,Aplikasi sulit digunakan dan sering logout,ATM,ATM,negative,aplikasi sulit digunakan dan sering logout,3,0.242213474053518,3,High
FB00939,Apa syarat pengajuan KPR,Mobile Banking,ATM,neutral,apa syarat pengajuan kpr,5,0.16188235170437767,1,Medium
FB01732,Saya kecewa karena biaya administrasi terlalu tinggi,Customer Service,Branch,negative,saya kecewa karena biaya administrasi terlalu tinggi,5,0.1152856150730353,3,High
FB00066,Petugas bank ramah dan profesional,Customer Service,Mobile App,positive,petugas bank ramah dan profesional,1,0.031096285002941575,0,Low
FB01324,Proses transaksi berjalan lancar dan cepat,Mobile Banking,ATM,positive,proses transaksi berjalan lancar dan cepat,4,0.10629773296912669,0,Low
FB00057,Bagaimana cara mengganti PIN kartu,Mobile Banking,Branch,neutral,bagaimana cara mengganti pin kartu,2,0.04933707118670494,1,Medium
FB01293,ATM sering tidak bisa digunakan,Card,Call Center,negative,atm sering tidak bisa digunakan,3,0.21136854725851217,3,High
FB01119,Apa syarat pengajuan KPR,Savings,ATM,neutral,apa syarat pengajuan kpr,5,0.16188235170437767,1,Medium
FB00585,Saya suka fitur mobile banking yang lengkap,Loan,Email,positive,saya suka fitur mobile banking yang lengkap,6,0.22314460568451358,0,Low
FB00375,Saya tidak puas dengan pelayanan bank,Loan,Email,negative,saya tidak puas dengan pelayanan bank,1,0.09336184129421808,3,High
FB00276,Saya ingin informasi tentang produk tabungan,Customer Service,Mobile App,neutral,saya ingin informasi tentang produk tabungan,2,0.16840665324179388,1,Medium
FB00747,Transfer berhasil tanpa masalah,Card,Branch,positive,transfer berhasil tanpa masalah,6,1.614786542755145e-06,0,Low
FB00129,Transaksi saya gagal dan saldo belum kembali,Customer Service,ATM,negative,transaksi saya gagal dan saldo belum kembali,4,0.07976518594179097,3,High
FB01647,Transfer berhasil tanpa masalah,Transaction,Branch,positive,transfer berhasil tanpa masalah,6,1.614786542755145e-06,0,Low
FB01853,ATM sering tidak bisa digunakan,Card,Call Center,negative,atm sering tidak bisa digunakan,3,0.21136854725851217,3,High
FB00675,Saya tidak puas dengan pelayanan bank,Customer Service,Email,negative,saya tidak puas dengan pelayanan bank,1,0.09336184129421808,3,High
FB01665,Saya suka fitur mobile banking yang lengkap,Savings,Email,positive,saya suka fitur mobile banking yang lengkap,6,0.22314460568451358,0,Low
FB01982,Aplikasi mobile banking sangat mudah digunakan,Mobile Banking,Branch,positive,aplikasi mobile banking sangat mudah digunakan,6,0.20989998208001634,0,Low
FB01084,Proses transaksi berjalan lancar dan cepat,Savings,ATM,positive,proses transaksi berjalan lancar dan cepat,4,0.10629773296912669,0,Low
FB01923,Pelayanan customer service sangat cepat dan membantu,Card,Call Center,positive,pelayanan customer service sangat cepat dan membantu,4,0.21081811532378333,0,Low
FB00100,Saya ingin mengetahui jam operasional cabang,Transaction,Email,neutral,saya ingin mengetahui jam operasional cabang,2,0.2455238818801823,1,Medium
FB01180,Saya ingin mengetahui jam operasional cabang,Loan,Email,neutral,saya ingin mengetahui jam operasional cabang,2,0.2455238818801823,1,Medium
FB00965,Saya suka fitur mobile banking yang lengkap,Savings,Email,positive,saya suka fitur mobile banking yang lengkap,6,0.22314460568451358,0,Low
FB00793,ATM sering tidak bisa digunakan,Transaction,Call Center,negative,atm sering tidak bisa digunakan,3,0.21136854725851217,3,High
FB00030,Customer service lambat merespons keluhan saya,Transaction,Email,negative,customer service lambat merespons keluhan saya,4,0.1837918353330011,3,High
FB00629,Transaksi saya gagal dan saldo belum kembali,Savings,ATM,negative,transaksi saya gagal dan saldo belum kembali,4,0.07976518594179097,3,High
FB00945,Saya suka fitur mobile banking yang lengkap,ATM,Email,positive,saya suka fitur mobile banking yang lengkap,6,0.22314460568451358,0,Low
FB00573,ATM sering tidak bisa digunakan,Savings,Call Center,negative,atm sering tidak bisa digunakan,3,0.21136854725851217,3,High
FB00908,Aplikasi banking sering error saat saya gunakan,Card,Call Center,negative,aplikasi banking sering error saat saya gunakan,3,0.1701897356859821,3,High
FB01081,Saya sangat puas dengan layanan bank ini,Customer Service,Mobile App,positive,saya sangat puas dengan layanan bank ini,1,0.09265928272652466,0,Low
FB00451,Proses pengajuan kredit terlalu lama,Customer Service,Mobile App,negative,proses pengajuan kredit terlalu lama,5,0.2129058517153481,3,High
FB01610,Customer service lambat merespons keluhan saya,ATM,Email,negative,customer service lambat merespons keluhan saya,4,0.1837918353330011,3,High
FB01291,Proses pengajuan kredit terlalu lama,Customer Service,Mobile App,negative,proses pengajuan kredit terlalu lama,5,0.2129058517153481,3,High
FB01079,Apa syarat pengajuan KPR,Mobile Banking,ATM,neutral,apa syarat pengajuan kpr,5,0.16188235170437767,1,Medium
FB00255,Saya tidak puas dengan pelayanan bank,Customer Service,Email,negative,saya tidak puas dengan pelayanan bank,1,0.09336184129421808,3,High
FB00125,Saya suka fitur mobile banking yang lengkap,Savings,Email,positive,saya suka fitur mobile banking yang lengkap,6,0.22314460568451358,0,Low
FB01928,Aplikasi banking sering error saat saya gunakan,Customer Service,Call Center,negative,aplikasi banking sering error saat saya gunakan,3,0.1701897356859821,3,High
FB00252,Saya kecewa karena biaya administrasi terlalu tinggi,ATM,Branch,negative,saya kecewa karena biaya administrasi terlalu tinggi,5,0.1152856150730353,3,High
FB00586,Petugas bank ramah dan profesional,Card,Mobile App,positive,petugas bank ramah dan profesional,1,0.031096285002941575,0,Low
FB01569,Transaksi saya gagal dan saldo belum kembali,Mobile Banking,ATM,negative,transaksi saya gagal dan saldo belum kembali,4,0.07976518594179097,3,High
FB00825,Saya suka fitur mobile banking yang lengkap,Savings,Email,positive,saya suka fitur mobile banking yang lengkap,6,0.22314460568451358,0,Low
FB00508,Aplikasi banking sering error saat saya gunakan,Loan,Call Center,negative,aplikasi banking sering error saat saya gunakan,3,0.1701897356859821,3,High
FB00890,Customer service lambat merespons keluhan saya,Mobile Banking,Email,negative,customer service lambat merespons keluhan saya,4,0.1837918353330011,3,High
FB00071,Proses pengajuan kredit terlalu lama,Mobile Banking,Mobile App,negative,proses pengajuan kredit terlalu lama,5,0.2129058517153481,3,High
FB01609,Transaksi saya gagal dan saldo belum kembali,Savings,ATM,negative,transaksi saya gagal dan saldo belum kembali,4,0.07976518594179097,3,High
FB01533,ATM sering tidak bisa digunakan,ATM,Call Center,negative,atm sering tidak bisa digunakan,3,0.21136854725851217,3,High
FB00248,Aplikasi banking sering error saat saya gunakan,Customer Service,Call Center,negative,aplikasi banking sering error saat saya gunakan,3,0.1701897356859821,3,High
FB01451,Proses pengajuan kredit terlalu lama,Transaction,Mobile App,negative,proses pengajuan kredit terlalu lama,5,0.2129058517153481,3,High
FB00213,ATM sering tidak bisa digunakan,Customer Service,Call Center,negative,atm sering tidak bisa digunakan,3,0.21136854725851217,3,High
FB00910,Customer service lambat merespons keluhan saya,ATM,Email,negative,customer service lambat merespons keluhan saya,4,0.1837918353330011,3,High
FB01742,Aplikasi mobile banking sangat mudah digunakan,Savings,Branch,positive,aplikasi mobile banking sangat mudah digunakan,6,0.20989998208001634,0,Low
FB01245,Saya suka fitur mobile banking yang lengkap,Savings,Email,positive,saya suka fitur mobile banking yang lengkap,6,0.22314460568451358,0,Low
FB01697,Bagaimana cara mengganti PIN kartu,Customer Service,Branch,neutral,bagaimana cara mengganti pin kartu,2,0.04933707118670494,1,Medium
FB01183,Pelayanan customer service sangat cepat dan membantu,ATM,Call Center,positive,pelayanan customer service sangat cepat dan membantu,4,0.21081811532378333,0,Low
FB00362,Aplikasi mobile banking sangat mudah digunakan,Card,Branch,positive,aplikasi mobile banking sangat mudah digunakan,6,0.20989998208001634,0,Low
FB01474,Aplikasi sulit digunakan dan sering logout,Loan,ATM,negative,aplikasi sulit digunakan dan sering logout,3,0.242213474053518,3,High
FB00679,Apa syarat pengajuan KPR,ATM,ATM,neutral,apa syarat pengajuan kpr,5,0.16188235170437767,1,Medium
FB01622,Aplikasi mobile banking sangat mudah digunakan,Card,Branch,positive,aplikasi mobile banking sangat mudah digunakan,6,0.20989998208001634,0,Low
FB01090,Customer service lambat merespons keluhan saya,Card,Email,negative,customer service lambat merespons keluhan saya,4,0.1837918353330011,3,High
FB01988,Aplikasi banking sering error saat saya gunakan,ATM,Call Center,negative,aplikasi banking sering error saat saya gunakan,3,0.1701897356859821,3,High
FB01848,Aplikasi banking sering error saat saya gunakan,ATM,Call Center,negative,aplikasi banking sering error saat saya gunakan,3,0.1701897356859821,3,High
FB00988,Aplikasi banking sering error saat saya gunakan,Mobile Banking,Call Center,negative,aplikasi banking sering error saat saya gunakan,3,0.1701897356859821,3,High
FB01513,ATM sering tidak bisa digunakan,Mobile Banking,Call Center,negative,atm sering tidak bisa digunakan,3,0.21136854725851217,3,High
FB00112,Saya kecewa karena biaya administrasi terlalu tinggi,ATM,Branch,negative,saya kecewa karena biaya administrasi terlalu tinggi,5,0.1152856150730353,3,High
FB01488,Aplikasi banking sering error saat saya gunakan,Loan,Call Center,negative,aplikasi banking sering error saat saya gunakan,3,0.1701897356859821,3,High
FB01454,Aplikasi sulit digunakan dan sering logout,Card,ATM,negative,aplikasi sulit digunakan dan sering logout,3,0.242213474053518,3,High
FB00384,Proses transaksi berjalan lancar dan cepat,Savings,ATM,positive,proses transaksi berjalan lancar dan cepat,4,0.10629773296912669,0,Low
FB01396,Saya ingin informasi tentang produk tabungan,Customer Service,Mobile App,neutral,saya ingin informasi tentang produk tabungan,2,0.16840665324179388,1,Medium
FB01055,Saya tidak puas dengan pelayanan bank,Card,Email,negative,saya tidak puas dengan pelayanan bank,1,0.09336184129421808,3,High
FB00756,Saya ingin informasi tentang produk tabungan,ATM,Mobile App,neutral,saya ingin informasi tentang produk tabungan,2,0.16840665324179388,1,Medium
FB00325,Saya suka fitur mobile banking yang lengkap,Customer Service,Email,positive,saya suka fitur mobile banking yang lengkap,6,0.22314460568451358,0,Low
FB01624,Proses transaksi berjalan lancar dan cepat,ATM,ATM,positive,proses transaksi berjalan lancar dan cepat,4,0.10629773296912669,0,Low
FB00788,Aplikasi banking sering error saat saya gunakan,Loan,Call Center,negative,aplikasi banking sering error saat saya gunakan,3,0.1701897356859821,3,High
FB00369,Transaksi saya gagal dan saldo belum kembali,Card,ATM,negative,transaksi saya gagal dan saldo belum kembali,4,0.07976518594179097,3,High
FB01820,Saya ingin mengetahui jam operasional cabang,ATM,Email,neutral,saya ingin mengetahui jam operasional cabang,2,0.2455238818801823,1,Medium
FB00070,Customer service lambat merespons keluhan saya,ATM,Email,negative,customer service lambat merespons keluhan saya,4,0.1837918353330011,3,High
FB00858,Saya ingin mengetahui limit kartu kredit,Loan,Call Center,neutral,saya ingin mengetahui limit kartu kredit,2,0.25019283653826707,1,Medium
FB01484,Proses transaksi berjalan lancar dan cepat,ATM,ATM,positive,proses transaksi berjalan lancar dan cepat,4,0.10629773296912669,0,Low
FB01556,Saya ingin informasi tentang produk tabungan,Transaction,Mobile App,neutral,saya ingin informasi tentang produk tabungan,2,0.16840665324179388,1,Medium
FB01692,Saya kecewa karena biaya administrasi terlalu tinggi,Card,Branch,negative,saya kecewa karena biaya administrasi terlalu tinggi,5,0.1152856150730353,3,High
FB01475,Saya tidak puas dengan pelayanan bank,Card,Email,negative,saya tidak puas dengan pelayanan bank,1,0.09336184129421808,3,High
FB01799,Apa syarat pengajuan KPR,ATM,ATM,neutral,apa syarat pengajuan kpr,5,0.16188235170437767,1,Medium
FB00479,Apa syarat pengajuan KPR,Customer Service,ATM,neutral,apa syarat pengajuan kpr,5,0.16188235170437767,1,Medium
FB00282,Aplikasi mobile banking sangat mudah digunakan,Transaction,Branch,positive,aplikasi mobile banking sangat mudah digunakan,6,0.20989998208001634,0,Low
FB01648,Aplikasi banking sering error saat saya gunakan,Customer Service,Call Center,negative,aplikasi banking sering error saat saya gunakan,3,0.1701897356859821,3,High
FB01557,Bagaimana cara mengganti PIN kartu,Customer Service,Branch,neutral,bagaimana cara mengganti pin kartu,2,0.04933707118670494,1,Medium
FB01730,Customer service lambat merespons keluhan saya,Mobile Banking,Email,negative,customer service lambat merespons keluhan saya,4,0.1837918353330011,3,High
FB00211,Proses pengajuan kredit terlalu lama,Mobile Banking,Mobile App,negative,proses pengajuan kredit terlalu lama,5,0.2129058517153481,3,High
FB00298,Saya ingin mengetahui limit kartu kredit,Loan,Call Center,neutral,saya ingin mengetahui limit kartu kredit,2,0.25019283653826707,1,Medium
FB01885,Saya suka fitur mobile banking yang lengkap,Transaction,Email,positive,saya suka fitur mobile banking yang lengkap,6,0.22314460568451358,0,Low
FB01834,Aplikasi sulit digunakan dan sering logout,ATM,ATM,negative,aplikasi sulit digunakan dan sering logout,3,0.242213474053518,3,High
FB00652,Saya kecewa karena biaya administrasi terlalu tinggi,Mobile Banking,Branch,negative,saya kecewa karena biaya administrasi terlalu tinggi,5,0.1152856150730353,3,High
FB01234,Aplikasi sulit digunakan dan sering logout,Transaction,ATM,negative,aplikasi sulit digunakan dan sering logout,3,0.242213474053518,3,High
FB01503,Pelayanan customer service sangat cepat dan membantu,Card,Call Center,positive,pelayanan customer service sangat cepat dan membantu,4,0.21081811532378333,0,Low
FB01932,Saya kecewa karena biaya administrasi terlalu tinggi,ATM,Branch,negative,saya kecewa karena biaya administrasi terlalu tinggi,5,0.1152856150730353,3,High
FB00917,Bagaimana cara mengganti PIN kartu,ATM,Branch,neutral,bagaimana cara mengganti pin kartu,2,0.04933707118670494,1,Medium
FB00994,Aplikasi sulit digunakan dan sering logout,ATM,ATM,negative,aplikasi sulit digunakan dan sering logout,3,0.242213474053518,3,High
FB00430,Customer service lambat merespons keluhan saya,Customer Service,Email,negative,customer service lambat merespons keluhan saya,4,0.1837918353330011,3,High
FB01371,Proses pengajuan kredit terlalu lama,Savings,Mobile App,negative,proses pengajuan kredit terlalu lama,5,0.2129058517153481,3,High
FB00240,Saya ingin mengetahui jam operasional cabang,Transaction,Email,neutral,saya ingin mengetahui jam operasional cabang,2,0.2455238818801823,1,Medium
FB00880,Saya ingin mengetahui jam operasional cabang,Card,Email,neutral,saya ingin mengetahui jam operasional cabang,2,0.2455238818801823,1,Medium
FB00621,Saya sangat puas dengan layanan bank ini,Card,Mobile App,positive,saya sangat puas dengan layanan bank ini,1,0.09265928272652466,0,Low
FB00257,Bagaimana cara mengganti PIN kartu,Card,Branch,neutral,bagaimana cara mengganti pin kartu,2,0.04933707118670494,1,Medium
FB00612,Saya kecewa karena biaya administrasi terlalu tinggi,Customer Service,Branch,negative,saya kecewa karena biaya administrasi terlalu tinggi,5,0.1152856150730353,3,High
FB00545,Saya suka fitur mobile banking yang lengkap,Savings,Email,positive,saya suka fitur mobile banking yang lengkap,6,0.22314460568451358,0,Low
FB00772,Saya kecewa karena biaya administrasi terlalu tinggi,Transaction,Branch,negative,saya kecewa karena biaya administrasi terlalu tinggi,5,0.1152856150730353,3,High
FB01420,Saya ingin mengetahui jam operasional cabang,Savings,Email,neutral,saya ingin mengetahui jam operasional cabang,2,0.2455238818801823,1,Medium
FB01042,Aplikasi mobile banking sangat mudah digunakan,Savings,Branch,positive,aplikasi mobile banking sangat mudah digunakan,6,0.20989998208001634,0,Low
FB01790,Customer service lambat merespons keluhan saya,Card,Email,negative,customer service lambat merespons keluhan saya,4,0.1837918353330011,3,High
FB00760,Saya ingin mengetahui jam operasional cabang,Loan,Email,neutral,saya ingin mengetahui jam operasional cabang,2,0.2455238818801823,1,Medium
FB00383,Pelayanan customer service sangat cepat dan membantu,Card,Call Center,positive,pelayanan customer service sangat cepat dan membantu,4,0.21081811532378333,0,Low
FB01104,Proses transaksi berjalan lancar dan cepat,Card,ATM,positive,proses transaksi berjalan lancar dan cepat,4,0.10629773296912669,0,Low
FB00974,Aplikasi sulit digunakan dan sering logout,Mobile Banking,ATM,negative,aplikasi sulit digunakan dan sering logout,3,0.242213474053518,3,High
FB00353,ATM sering tidak bisa digunakan,Customer Service,Call Center,negative,atm sering tidak bisa digunakan,3,0.21136854725851217,3,High
FB01606,Petugas bank ramah dan profesional,Customer Service,Mobile App,positive,petugas bank ramah dan profesional,1,0.031096285002941575,0,Low
FB01826,Petugas bank ramah dan profesional,Savings,Mobile App,positive,petugas bank ramah dan profesional,1,0.031096285002941575,0,Low
FB01037,Bagaimana cara mengganti PIN kartu,Mobile Banking,Branch,neutral,bagaimana cara mengganti pin kartu,2,0.04933707118670494,1,Medium
FB01108,Aplikasi banking sering error saat saya gunakan,Transaction,Call Center,negative,aplikasi banking sering error saat saya gunakan,3,0.1701897356859821,3,High
FB00495,Saya tidak puas dengan pelayanan bank,Card,Email,negative,saya tidak puas dengan pelayanan bank,1,0.09336184129421808,3,High
FB00394,Aplikasi sulit digunakan dan sering logout,Transaction,ATM,negative,aplikasi sulit digunakan dan sering logout,3,0.242213474053518,3,High
FB01547,Transfer berhasil tanpa masalah,ATM,Branch,positive,transfer berhasil tanpa masalah,6,1.614786542755145e-06,0,Low
FB00465,Saya suka fitur mobile banking yang lengkap,Customer Service,Email,positive,saya suka fitur mobile banking yang lengkap,6,0.22314460568451358,0,Low
FB00887,Transfer berhasil tanpa masalah,Card,Branch,positive,transfer berhasil tanpa masalah,6,1.614786542755145e-06,0,Low
FB01194,Aplikasi sulit digunakan dan sering logout,Loan,ATM,negative,aplikasi sulit digunakan dan sering logout,3,0.242213474053518,3,High
FB00367,Transfer berhasil tanpa masalah,Customer Service,Branch,positive,transfer berhasil tanpa masalah,6,1.614786542755145e-06,0,Low
FB01894,Aplikasi sulit digunakan dan sering logout,Loan,ATM,negative,aplikasi sulit digunakan dan sering logout,3,0.242213474053518,3,High
FB01874,Aplikasi sulit digunakan dan sering logout,Card,ATM,negative,aplikasi sulit digunakan dan sering logout,3,0.242213474053518,3,High
FB00745,Saya suka fitur mobile banking yang lengkap,Customer Service,Email,positive,saya suka fitur mobile banking yang lengkap,6,0.22314460568451358,0,Low
FB00530,Customer service lambat merespons keluhan saya,Card,Email,negative,customer service lambat merespons keluhan saya,4,0.1837918353330011,3,High
FB00803,Pelayanan customer service sangat cepat dan membantu,Card,Call Center,positive,pelayanan customer service sangat cepat dan membantu,4,0.21081811532378333,0,Low
FB01224,Proses transaksi berjalan lancar dan cepat,Savings,ATM,positive,proses transaksi berjalan lancar dan cepat,4,0.10629773296912669,0,Low
FB01979,Apa syarat pengajuan KPR,Card,ATM,neutral,apa syarat pengajuan kpr,5,0.16188235170437767,1,Medium
FB01906,Petugas bank ramah dan profesional,Transaction,Mobile App,positive,petugas bank ramah dan profesional,1,0.031096285002941575,0,Low
FB01700,Saya ingin mengetahui jam operasional cabang,Savings,Email,neutral,saya ingin mengetahui jam operasional cabang,2,0.2455238818801823,1,Medium
FB01545,Saya suka fitur mobile banking yang lengkap,Card,Email,positive,saya suka fitur mobile banking yang lengkap,6,0.22314460568451358,0,Low
FB01314,Aplikasi sulit digunakan dan sering logout,Card,ATM,negative,aplikasi sulit digunakan dan sering logout,3,0.242213474053518,3,High
FB00307,Transfer berhasil tanpa masalah,Savings,Branch,positive,transfer berhasil tanpa masalah,6,1.614786542755145e-06,0,Low
FB01667,Transfer berhasil tanpa masalah,Mobile Banking,Branch,positive,transfer berhasil tanpa masalah,6,1.614786542755145e-06,0,Low
FB00863,Pelayanan customer service sangat cepat dan membantu,Transaction,Call Center,positive,pelayanan customer service sangat cepat dan membantu,4,0.21081811532378333,0,Low
FB01567,Transfer berhasil tanpa masalah,Savings,Branch,positive,transfer berhasil tanpa masalah,6,1.614786542755145e-06,0,Low
FB00531,Proses pengajuan kredit terlalu lama,Savings,Mobile App,negative,proses pengajuan kredit terlalu lama,5,0.2129058517153481,3,High
FB00655,Saya tidak puas dengan pelayanan bank,Loan,Email,negative,saya tidak puas dengan pelayanan bank,1,0.09336184129421808,3,High
FB01260,Saya ingin mengetahui jam operasional cabang,ATM,Email,neutral,saya ingin mengetahui jam operasional cabang,2,0.2455238818801823,1,Medium
FB00234,Aplikasi sulit digunakan dan sering logout,Customer Service,ATM,negative,aplikasi sulit digunakan dan sering logout,3,0.242213474053518,3,High
FB00121,Saya sangat puas dengan layanan bank ini,Transaction,Mobile App,positive,saya sangat puas dengan layanan bank ini,1,0.09265928272652466,0,Low
FB01698,Saya ingin mengetahui limit kartu kredit,Loan,Call Center,neutral,saya ingin mengetahui limit kartu kredit,2,0.25019283653826707,1,Medium
FB00950,Customer service lambat merespons keluhan saya,Card,Email,negative,customer service lambat merespons keluhan saya,4,0.1837918353330011,3,High
FB00618,Saya ingin mengetahui limit kartu kredit,Transaction,Call Center,neutral,saya ingin mengetahui limit kartu kredit,2,0.25019283653826707,1,Medium
FB01179,Apa syarat pengajuan KPR,Customer Service,ATM,neutral,apa syarat pengajuan kpr,5,0.16188235170437767,1,Medium
FB00308,Aplikasi banking sering error saat saya gunakan,ATM,Call Center,negative,aplikasi banking sering error saat saya gunakan,3,0.1701897356859821,3,High
FB00136,Saya ingin informasi tentang produk tabungan,Customer Service,Mobile App,neutral,saya ingin informasi tentang produk tabungan,2,0.16840665324179388,1,Medium
FB00555,Saya tidak puas dengan pelayanan bank,Transaction,Email,negative,saya tidak puas dengan pelayanan bank,1,0.09336184129421808,3,High
FB01674,Aplikasi sulit digunakan dan sering logout,Mobile Banking,ATM,negative,aplikasi sulit digunakan dan sering logout,3,0.242213474053518,3,High
FB00584,Proses transaksi berjalan lancar dan cepat,Customer Service,ATM,positive,proses transaksi berjalan lancar dan cepat,4,0.10629773296912669,0,Low
FB01641,Saya sangat puas dengan layanan bank ini,Customer Service,Mobile App,positive,saya sangat puas dengan layanan bank ini,1,0.09265928272652466,0,Low
FB00671,Proses pengajuan kredit terlalu lama,Savings,Mobile App,negative,proses pengajuan kredit terlalu lama,5,0.2129058517153481,3,High
FB00835,Saya tidak puas dengan pelayanan bank,Transaction,Email,negative,saya tidak puas dengan pelayanan bank,1,0.09336184129421808,3,High
FB00110,Customer service lambat merespons keluhan saya,Card,Email,negative,customer service lambat merespons keluhan saya,4,0.1837918353330011,3,High
FB01165,Saya suka fitur mobile banking yang lengkap,Customer Service,Email,positive,saya suka fitur mobile banking yang lengkap,6,0.22314460568451358,0,Low
FB01960,Saya ingin mengetahui jam operasional cabang,ATM,Email,neutral,saya ingin mengetahui jam operasional cabang,2,0.2455238818801823,1,Medium
FB01465,Saya suka fitur mobile banking yang lengkap,Transaction,Email,positive,saya suka fitur mobile banking yang lengkap,6,0.22314460568451358,0,Low
FB01729,Transaksi saya gagal dan saldo belum kembali,ATM,ATM,negative,transaksi saya gagal dan saldo belum kembali,4,0.07976518594179097,3,High
FB01243,Pelayanan customer service sangat cepat dan membantu,Loan,Call Center,positive,pelayanan customer service sangat cepat dan membantu,4,0.21081811532378333,0,Low
FB00212,Saya kecewa karena biaya administrasi terlalu tinggi,Transaction,Branch,negative,saya kecewa karena biaya administrasi terlalu tinggi,5,0.1152856150730353,3,High
FB01768,Aplikasi banking sering error saat saya gunakan,Loan,Call Center,negative,aplikasi banking sering error saat saya gunakan,3,0.1701897356859821,3,High
FB01121,Saya sangat puas dengan layanan bank ini,Mobile Banking,Mobile App,positive,saya sangat puas dengan layanan bank ini,1,0.09265928272652466,0,Low
FB00680,Saya ingin mengetahui jam operasional cabang,Mobile Banking,Email,neutral,saya ingin mengetahui jam operasional cabang,2,0.2455238818801823,1,Medium
FB01951,Proses pengajuan kredit terlalu lama,Card,Mobile App,negative,proses pengajuan kredit terlalu lama,5,0.2129058517153481,3,High
FB01839,Apa syarat pengajuan KPR,Card,ATM,neutral,apa syarat pengajuan kpr,5,0.16188235170437767,1,Medium
FB00412,Saya kecewa karena biaya administrasi terlalu tinggi,Savings,Branch,negative,saya kecewa karena biaya administrasi terlalu tinggi,5,0.1152856150730353,3,High
FB01325,Saya suka fitur mobile banking yang lengkap,Transaction,Email,positive,saya suka fitur mobile banking yang lengkap,6,0.22314460568451358,0,Low
FB00783,Pelayanan customer service sangat cepat dan membantu,Savings,Call Center,positive,pelayanan customer service sangat cepat dan membantu,4,0.21081811532378333,0,Low
FB01346,Petugas bank ramah dan profesional,Transaction,Mobile App,positive,petugas bank ramah dan profesional,1,0.031096285002941575,0,Low
FB00875,Saya tidak puas dengan pelayanan bank,ATM,Email,negative,saya tidak puas dengan pelayanan bank,1,0.09336184129421808,3,High
FB01653,ATM sering tidak bisa digunakan,Mobile Banking,Call Center,negative,atm sering tidak bisa digunakan,3,0.21136854725851217,3,High
FB01279,Apa syarat pengajuan KPR,Card,ATM,neutral,apa syarat pengajuan kpr,5,0.16188235170437767,1,Medium
FB00786,Petugas bank ramah dan profesional,Transaction,Mobile App,positive,petugas bank ramah dan profesional,1,0.031096285002941575,0,Low
FB01819,Apa syarat pengajuan KPR,Savings,ATM,neutral,apa syarat pengajuan kpr,5,0.16188235170437767,1,Medium
FB01199,Apa syarat pengajuan KPR,Transaction,ATM,neutral,apa syarat pengajuan kpr,5,0.16188235170437767,1,Medium
FB00808,Aplikasi banking sering error saat saya gunakan,Customer Service,Call Center,negative,aplikasi banking sering error saat saya gunakan,3,0.1701897356859821,3,High
FB00713,ATM sering tidak bisa digunakan,Savings,Call Center,negative,atm sering tidak bisa digunakan,3,0.21136854725851217,3,High
FB01991,Proses pengajuan kredit terlalu lama,Customer Service,Mobile App,negative,proses pengajuan kredit terlalu lama,5,0.2129058517153481,3,High
FB01660,Saya ingin mengetahui jam operasional cabang,Mobile Banking,Email,neutral,saya ingin mengetahui jam operasional cabang,2,0.2455238818801823,1,Medium
FB01191,Proses pengajuan kredit terlalu lama,Mobile Banking,Mobile App,negative,proses pengajuan kredit terlalu lama,5,0.2129058517153481,3,High
FB01226,Petugas bank ramah dan profesional,Mobile Banking,Mobile App,positive,petugas bank ramah dan profesional,1,0.031096285002941575,0,Low
FB00603,Pelayanan customer service sangat cepat dan membantu,Mobile Banking,Call Center,positive,pelayanan customer service sangat cepat dan membantu,4,0.21081811532378333,0,Low
FB00271,Proses pengajuan kredit terlalu lama,Card,Mobile App,negative,proses pengajuan kredit terlalu lama,5,0.2129058517153481,3,High
FB01385,Saya suka fitur mobile banking yang lengkap,Savings,Email,positive,saya suka fitur mobile banking yang lengkap,6,0.22314460568451358,0,Low
FB00232,Saya kecewa karena biaya administrasi terlalu tinggi,Mobile Banking,Branch,negative,saya kecewa karena biaya administrasi terlalu tinggi,5,0.1152856150730353,3,High
FB00050,Customer service lambat merespons keluhan saya,Mobile Banking,Email,negative,customer service lambat merespons keluhan saya,4,0.1837918353330011,3,High
FB00463,Pelayanan customer service sangat cepat dan membantu,Mobile Banking,Call Center,positive,pelayanan customer service sangat cepat dan membantu,4,0.21081811532378333,0,Low
FB01106,Petugas bank ramah dan profesional,ATM,Mobile App,positive,petugas bank ramah dan profesional,1,0.031096285002941575,0,Low
FB00856,Saya ingin informasi tentang produk tabungan,Transaction,Mobile App,neutral,saya ingin informasi tentang produk tabungan,2,0.16840665324179388,1,Medium
FB00694,Aplikasi sulit digunakan dan sering logout,Mobile Banking,ATM,negative,aplikasi sulit digunakan dan sering logout,3,0.242213474053518,3,High
FB01552,Saya kecewa karena biaya administrasi terlalu tinggi,Card,Branch,negative,saya kecewa karena biaya administrasi terlalu tinggi,5,0.1152856150730353,3,High
FB01873,ATM sering tidak bisa digunakan,Loan,Call Center,negative,atm sering tidak bisa digunakan,3,0.21136854725851217,3,High
FB00527,Transfer berhasil tanpa masalah,Transaction,Branch,positive,transfer berhasil tanpa masalah,6,1.614786542755145e-06,0,Low
FB00174,Aplikasi sulit digunakan dan sering logout,Savings,ATM,negative,aplikasi sulit digunakan dan sering logout,3,0.242213474053518,3,High
FB00721,Saya sangat puas dengan layanan bank ini,ATM,Mobile App,positive,saya sangat puas dengan layanan bank ini,1,0.09265928272652466,0,Low
FB00415,Saya tidak puas dengan pelayanan bank,Transaction,Email,negative,saya tidak puas dengan pelayanan bank,1,0.09336184129421808,3,High
FB00238,Saya ingin mengetahui limit kartu kredit,ATM,Call Center,neutral,saya ingin mengetahui limit kartu kredit,2,0.25019283653826707,1,Medium
FB01473,ATM sering tidak bisa digunakan,Customer Service,Call Center,negative,atm sering tidak bisa digunakan,3,0.21136854725851217,3,High
FB01336,Saya ingin informasi tentang produk tabungan,Savings,Mobile App,neutral,saya ingin informasi tentang produk tabungan,2,0.16840665324179388,1,Medium
FB01064,Proses transaksi berjalan lancar dan cepat,ATM,ATM,positive,proses transaksi berjalan lancar dan cepat,4,0.10629773296912669,0,Low
FB00024,Proses transaksi berjalan lancar dan cepat,Customer Service,ATM,positive,proses transaksi berjalan lancar dan cepat,4,0.10629773296912669,0,Low
FB01767,Transfer berhasil tanpa masalah,Customer Service,Branch,positive,transfer berhasil tanpa masalah,6,1.614786542755145e-06,0,Low
FB00064,Proses transaksi berjalan lancar dan cepat,Mobile Banking,ATM,positive,proses transaksi berjalan lancar dan cepat,4,0.10629773296912669,0,Low
FB00290,Customer service lambat merespons keluhan saya,Customer Service,Email,negative,customer service lambat merespons keluhan saya,4,0.1837918353330011,3,High
FB00189,Transaksi saya gagal dan saldo belum kembali,ATM,ATM,negative,transaksi saya gagal dan saldo belum kembali,4,0.07976518594179097,3,High
FB00702,Aplikasi mobile banking sangat mudah digunakan,Transaction,Branch,positive,aplikasi mobile banking sangat mudah digunakan,6,0.20989998208001634,0,Low
FB01815,Saya tidak puas dengan pelayanan bank,Transaction,Email,negative,saya tidak puas dengan pelayanan bank,1,0.09336184129421808,3,High
FB01138,Saya ingin mengetahui limit kartu kredit,Loan,Call Center,neutral,saya ingin mengetahui limit kartu kredit,2,0.25019283653826707,1,Medium
FB00355,Saya tidak puas dengan pelayanan bank,Card,Email,negative,saya tidak puas dengan pelayanan bank,1,0.09336184129421808,3,High
FB00417,Bagaimana cara mengganti PIN kartu,Loan,Branch,neutral,bagaimana cara mengganti pin kartu,2,0.04933707118670494,1,Medium
FB01246,Petugas bank ramah dan profesional,ATM,Mobile App,positive,petugas bank ramah dan profesional,1,0.031096285002941575,0,Low
FB00931,Proses pengajuan kredit terlalu lama,ATM,Mobile App,negative,proses pengajuan kredit terlalu lama,5,0.2129058517153481,3,High
FB00197,Bagaimana cara mengganti PIN kartu,Mobile Banking,Branch,neutral,bagaimana cara mengganti pin kartu,2,0.04933707118670494,1,Medium
FB00580,Saya ingin mengetahui jam operasional cabang,Savings,Email,neutral,saya ingin mengetahui jam operasional cabang,2,0.2455238818801823,1,Medium
FB01135,Saya tidak puas dengan pelayanan bank,Mobile Banking,Email,negative,saya tidak puas dengan pelayanan bank,1,0.09336184129421808,3,High
FB01814,Aplikasi sulit digunakan dan sering logout,Mobile Banking,ATM,negative,aplikasi sulit digunakan dan sering logout,3,0.242213474053518,3,High
FB01935,Saya tidak puas dengan pelayanan bank,Customer Service,Email,negative,saya tidak puas dengan pelayanan bank,1,0.09336184129421808,3,High
FB00434,Aplikasi sulit digunakan dan sering logout,ATM,ATM,negative,aplikasi sulit digunakan dan sering logout,3,0.242213474053518,3,High
FB00101,Saya sangat puas dengan layanan bank ini,Customer Service,Mobile App,positive,saya sangat puas dengan layanan bank ini,1,0.09265928272652466,0,Low
FB01655,Saya tidak puas dengan pelayanan bank,Customer Service,Email,negative,saya tidak puas dengan pelayanan bank,1,0.09336184129421808,3,High
FB00395,Saya tidak puas dengan pelayanan bank,Customer Service,Email,negative,saya tidak puas dengan pelayanan bank,1,0.09336184129421808,3,High
FB01939,Apa syarat pengajuan KPR,ATM,ATM,neutral,apa syarat pengajuan kpr,5,0.16188235170437767,1,Medium
FB00221,Saya sangat puas dengan layanan bank ini,Loan,Mobile App,positive,saya sangat puas dengan layanan bank ini,1,0.09265928272652466,0,Low
FB01676,Saya ingin informasi tentang produk tabungan,Customer Service,Mobile App,neutral,saya ingin informasi tentang produk tabungan,2,0.16840665324179388,1,Medium
FB01498,Saya ingin mengetahui limit kartu kredit,ATM,Call Center,neutral,saya ingin mengetahui limit kartu kredit,2,0.25019283653826707,1,Medium
FB01785,Saya suka fitur mobile banking yang lengkap,ATM,Email,positive,saya suka fitur mobile banking yang lengkap,6,0.22314460568451358,0,Low
FB00345,Saya suka fitur mobile banking yang lengkap,Transaction,Email,positive,saya suka fitur mobile banking yang lengkap,6,0.22314460568451358,0,Low
FB01028,Aplikasi banking sering error saat saya gunakan,Savings,Call Center,negative,aplikasi banking sering error saat saya gunakan,3,0.1701897356859821,3,High
FB00889,Transaksi saya gagal dan saldo belum kembali,ATM,ATM,negative,transaksi saya gagal dan saldo belum kembali,4,0.07976518594179097,3,High
FB01351,Proses pengajuan kredit terlalu lama,ATM,Mobile App,negative,proses pengajuan kredit terlalu lama,5,0.2129058517153481,3,High
FB00553,ATM sering tidak bisa digunakan,ATM,Call Center,negative,atm sering tidak bisa digunakan,3,0.21136854725851217,3,High
FB00744,Proses transaksi berjalan lancar dan cepat,Transaction,ATM,positive,proses transaksi berjalan lancar dan cepat,4,0.10629773296912669,0,Low
FB01542,Aplikasi mobile banking sangat mudah digunakan,Transaction,Branch,positive,aplikasi mobile banking sangat mudah digunakan,6,0.20989998208001634,0,Low
FB00539,Apa syarat pengajuan KPR,ATM,ATM,neutral,apa syarat pengajuan kpr,5,0.16188235170437767,1,Medium
FB00907,Transfer berhasil tanpa masalah,Loan,Branch,positive,transfer berhasil tanpa masalah,6,1.614786542755145e-06,0,Low
FB01395,Saya tidak puas dengan pelayanan bank,Transaction,Email,negative,saya tidak puas dengan pelayanan bank,1,0.09336184129421808,3,High
FB00116,Saya ingin informasi tentang produk tabungan,Loan,Mobile App,neutral,saya ingin informasi tentang produk tabungan,2,0.16840665324179388,1,Medium
FB00830,Customer service lambat merespons keluhan saya,Loan,Email,negative,customer service lambat merespons keluhan saya,4,0.1837918353330011,3,High
FB01938,Saya ingin mengetahui limit kartu kredit,Savings,Call Center,neutral,saya ingin mengetahui limit kartu kredit,2,0.25019283653826707,1,Medium
FB00809,Transaksi saya gagal dan saldo belum kembali,Loan,ATM,negative,transaksi saya gagal dan saldo belum kembali,4,0.07976518594179097,3,High
FB01311,Proses pengajuan kredit terlalu lama,Transaction,Mobile App,negative,proses pengajuan kredit terlalu lama,5,0.2129058517153481,3,High
FB01005,Saya suka fitur mobile banking yang lengkap,Loan,Email,positive,saya suka fitur mobile banking yang lengkap,6,0.22314460568451358,0,Low
FB00306,Petugas bank ramah dan profesional,Card,Mobile App,positive,petugas bank ramah dan profesional,1,0.031096285002941575,0,Low
FB01101,Saya sangat puas dengan layanan bank ini,Transaction,Mobile App,positive,saya sangat puas dengan layanan bank ini,1,0.09265928272652466,0,Low
FB00480,Saya ingin mengetahui jam operasional cabang,Loan,Email,neutral,saya ingin mengetahui jam operasional cabang,2,0.2455238818801823,1,Medium
FB01424,Proses transaksi berjalan lancar dan cepat,Customer Service,ATM,positive,proses transaksi berjalan lancar dan cepat,4,0.10629773296912669,0,Low
FB01076,Saya ingin informasi tentang produk tabungan,Card,Mobile App,neutral,saya ingin informasi tentang produk tabungan,2,0.16840665324179388,1,Medium
FB00571,Proses pengajuan kredit terlalu lama,Loan,Mobile App,negative,proses pengajuan kredit terlalu lama,5,0.2129058517153481,3,High
FB00619,Apa syarat pengajuan KPR,Customer Service,ATM,neutral,apa syarat pengajuan kpr,5,0.16188235170437767,1,Medium
FB01898,Saya ingin mengetahui limit kartu kredit,Mobile Banking,Call Center,neutral,saya ingin mengetahui limit kartu kredit,2,0.25019283653826707,1,Medium
FB01266,Petugas bank ramah dan profesional,Savings,Mobile App,positive,petugas bank ramah dan profesional,1,0.031096285002941575,0,Low
FB00079,Apa syarat pengajuan KPR,Transaction,ATM,neutral,apa syarat pengajuan kpr,5,0.16188235170437767,1,Medium
FB01912,Saya kecewa karena biaya administrasi terlalu tinggi,Mobile Banking,Branch,negative,saya kecewa karena biaya administrasi terlalu tinggi,5,0.1152856150730353,3,High
FB00033,ATM sering tidak bisa digunakan,Card,Call Center,negative,atm sering tidak bisa digunakan,3,0.21136854725851217,3,High
FB01538,Saya ingin mengetahui limit kartu kredit,Card,Call Center,neutral,saya ingin mengetahui limit kartu kredit,2,0.25019283653826707,1,Medium
FB01034,Aplikasi sulit digunakan dan sering logout,Card,ATM,negative,aplikasi sulit digunakan dan sering logout,3,0.242213474053518,3,High
FB01563,Pelayanan customer service sangat cepat dan membantu,Transaction,Call Center,positive,pelayanan customer service sangat cepat dan membantu,4,0.21081811532378333,0,Low
FB00352,Saya kecewa karena biaya administrasi terlalu tinggi,Transaction,Branch,negative,saya kecewa karena biaya administrasi terlalu tinggi,5,0.1152856150730353,3,High
FB00164,Proses transaksi berjalan lancar dan cepat,Customer Service,ATM,positive,proses transaksi berjalan lancar dan cepat,4,0.10629773296912669,0,Low
FB00204,Proses transaksi berjalan lancar dan cepat,Mobile Banking,ATM,positive,proses transaksi berjalan lancar dan cepat,4,0.10629773296912669,0,Low
FB01054,Aplikasi sulit digunakan dan sering logout,Loan,ATM,negative,aplikasi sulit digunakan dan sering logout,3,0.242213474053518,3,High
FB01365,Saya suka fitur mobile banking yang lengkap,ATM,Email,positive,saya suka fitur mobile banking yang lengkap,6,0.22314460568451358,0,Low
FB01967,Transfer berhasil tanpa masalah,ATM,Branch,positive,transfer berhasil tanpa masalah,6,1.614786542755145e-06,0,Low
FB00496,Saya ingin informasi tentang produk tabungan,Savings,Mobile App,neutral,saya ingin informasi tentang produk tabungan,2,0.16840665324179388,1,Medium
FB01625,Saya suka fitur mobile banking yang lengkap,Mobile Banking,Email,positive,saya suka fitur mobile banking yang lengkap,6,0.22314460568451358,0,Low
FB01966,Petugas bank ramah dan profesional,Savings,Mobile App,positive,petugas bank ramah dan profesional,1,0.031096285002941575,0,Low
FB01963,Pelayanan customer service sangat cepat dan membantu,Customer Service,Call Center,positive,pelayanan customer service sangat cepat dan membantu,4,0.21081811532378333,0,Low
FB00611,Proses pengajuan kredit terlalu lama,Transaction,Mobile App,negative,proses pengajuan kredit terlalu lama,5,0.2129058517153481,3,High
FB00433,ATM sering tidak bisa digunakan,Savings,Call Center,negative,atm sering tidak bisa digunakan,3,0.21136854725851217,3,High
FB01492,Saya kecewa karena biaya administrasi terlalu tinggi,Mobile Banking,Branch,negative,saya kecewa karena biaya administrasi terlalu tinggi,5,0.1152856150730353,3,High
FB00219,Apa syarat pengajuan KPR,Transaction,ATM,neutral,apa syarat pengajuan kpr,5,0.16188235170437767,1,Medium
FB01931,Proses pengajuan kredit terlalu lama,Savings,Mobile App,negative,proses pengajuan kredit terlalu lama,5,0.2129058517153481,3,High
FB01466,Petugas bank ramah dan profesional,Customer Service,Mobile App,positive,petugas bank ramah dan profesional,1,0.031096285002941575,0,Low
FB00631,Proses pengajuan kredit terlalu lama,Mobile Banking,Mobile App,negative,proses pengajuan kredit terlalu lama,5,0.2129058517153481,3,High
FB01382,Aplikasi mobile banking sangat mudah digunakan,Customer Service,Branch,positive,aplikasi mobile banking sangat mudah digunakan,6,0.20989998208001634,0,Low
FB01302,Aplikasi mobile banking sangat mudah digunakan,ATM,Branch,positive,aplikasi mobile banking sangat mudah digunakan,6,0.20989998208001634,0,Low
FB00060,Saya ingin mengetahui jam operasional cabang,Loan,Email,neutral,saya ingin mengetahui jam operasional cabang,2,0.2455238818801823,1,Medium
FB00299,Apa syarat pengajuan KPR,Card,ATM,neutral,apa syarat pengajuan kpr,5,0.16188235170437767,1,Medium
FB01711,Proses pengajuan kredit terlalu lama,Customer Service,Mobile App,negative,proses pengajuan kredit terlalu lama,5,0.2129058517153481,3,High
FB00074,Aplikasi sulit digunakan dan sering logout,Loan,ATM,negative,aplikasi sulit digunakan dan sering logout,3,0.242213474053518,3,High
FB00163,Pelayanan customer service sangat cepat dan membantu,Transaction,Call Center,positive,pelayanan customer service sangat cepat dan membantu,4,0.21081811532378333,0,Low
FB01275,Saya tidak puas dengan pelayanan bank,Mobile Banking,Email,negative,saya tidak puas dengan pelayanan bank,1,0.09336184129421808,3,High
FB01594,Aplikasi sulit digunakan dan sering logout,Card,ATM,negative,aplikasi sulit digunakan dan sering logout,3,0.242213474053518,3,High
FB01434,Aplikasi sulit digunakan dan sering logout,Savings,ATM,negative,aplikasi sulit digunakan dan sering logout,3,0.242213474053518,3,High
FB01613,ATM sering tidak bisa digunakan,Customer Service,Call Center,negative,atm sering tidak bisa digunakan,3,0.21136854725851217,3,High
FB00592,Saya kecewa karena biaya administrasi terlalu tinggi,Loan,Branch,negative,saya kecewa karena biaya administrasi terlalu tinggi,5,0.1152856150730353,3,High
FB00317,Bagaimana cara mengganti PIN kartu,Transaction,Branch,neutral,bagaimana cara mengganti pin kartu,2,0.04933707118670494,1,Medium
FB00046,Petugas bank ramah dan profesional,Loan,Mobile App,positive,petugas bank ramah dan profesional,1,0.031096285002941575,0,Low
FB01720,Saya ingin mengetahui jam operasional cabang,Card,Email,neutral,saya ingin mengetahui jam operasional cabang,2,0.2455238818801823,1,Medium
FB01832,Saya kecewa karena biaya administrasi terlalu tinggi,Card,Branch,negative,saya kecewa karena biaya administrasi terlalu tinggi,5,0.1152856150730353,3,High
FB00428,Aplikasi banking sering error saat saya gunakan,Mobile Banking,Call Center,negative,aplikasi banking sering error saat saya gunakan,3,0.1701897356859821,3,High
FB00582,Aplikasi mobile banking sangat mudah digunakan,Mobile Banking,Branch,positive,aplikasi mobile banking sangat mudah digunakan,6,0.20989998208001634,0,Low
FB00077,Bagaimana cara mengganti PIN kartu,ATM,Branch,neutral,bagaimana cara mengganti pin kartu,2,0.04933707118670494,1,Medium
FB01917,Bagaimana cara mengganti PIN kartu,Savings,Branch,neutral,bagaimana cara mengganti pin kartu,2,0.04933707118670494,1,Medium
FB01415,Saya tidak puas dengan pelayanan bank,Mobile Banking,Email,negative,saya tidak puas dengan pelayanan bank,1,0.09336184129421808,3,High
FB00781,Saya sangat puas dengan layanan bank ini,Loan,Mobile App,positive,saya sangat puas dengan layanan bank ini,1,0.09265928272652466,0,Low
FB01920,Saya ingin mengetahui jam operasional cabang,Transaction,Email,neutral,saya ingin mengetahui jam operasional cabang,2,0.2455238818801823,1,Medium
FB01174,Aplikasi sulit digunakan dan sering logout,Card,ATM,negative,aplikasi sulit digunakan dan sering logout,3,0.242213474053518,3,High
FB01320,Saya ingin mengetahui jam operasional cabang,Loan,Email,neutral,saya ingin mengetahui jam operasional cabang,2,0.2455238818801823,1,Medium
FB00938,Saya ingin mengetahui limit kartu kredit,ATM,Call Center,neutral,saya ingin mengetahui limit kartu kredit,2,0.25019283653826707,1,Medium
FB00031,Proses pengajuan kredit terlalu lama,Customer Service,Mobile App,negative,proses pengajuan kredit terlalu lama,5,0.2129058517153481,3,High
FB01092,Saya kecewa karena biaya administrasi terlalu tinggi,ATM,Branch,negative,saya kecewa karena biaya administrasi terlalu tinggi,5,0.1152856150730353,3,High
FB01616,Saya ingin informasi tentang produk tabungan,Savings,Mobile App,neutral,saya ingin informasi tentang produk tabungan,2,0.16840665324179388,1,Medium
FB01230,Customer service lambat merespons keluhan saya,Card,Email,negative,customer service lambat merespons keluhan saya,4,0.1837918353330011,3,High
FB00975,Saya tidak puas dengan pelayanan bank,Transaction,Email,negative,saya tidak puas dengan pelayanan bank,1,0.09336184129421808,3,High
FB01085,Saya suka fitur mobile banking yang lengkap,ATM,Email,positive,saya suka fitur mobile banking yang lengkap,6,0.22314460568451358,0,Low
FB00515,Saya tidak puas dengan pelayanan bank,Loan,Email,negative,saya tidak puas dengan pelayanan bank,1,0.09336184129421808,3,High
FB01551,Proses pengajuan kredit terlalu lama,Loan,Mobile App,negative,proses pengajuan kredit terlalu lama,5,0.2129058517153481,3,High
FB01568,Aplikasi banking sering error saat saya gunakan,ATM,Call Center,negative,aplikasi banking sering error saat saya gunakan,3,0.1701897356859821,3,High
FB01811,Proses pengajuan kredit terlalu lama,Card,Mobile App,negative,proses pengajuan kredit terlalu lama,5,0.2129058517153481,3,High
FB01574,Aplikasi sulit digunakan dan sering logout,Savings,ATM,negative,aplikasi sulit digunakan dan sering logout,3,0.242213474053518,3,High
FB00045,Saya suka fitur mobile banking yang lengkap,Customer Service,Email,positive,saya suka fitur mobile banking yang lengkap,6,0.22314460568451358,0,Low
FB01687,Transfer berhasil tanpa masalah,ATM,Branch,positive,transfer berhasil tanpa masalah,6,1.614786542755145e-06,0,Low
FB00169,Transaksi saya gagal dan saldo belum kembali,Mobile Banking,ATM,negative,transaksi saya gagal dan saldo belum kembali,4,0.07976518594179097,3,High
FB00304,Proses transaksi berjalan lancar dan cepat,Customer Service,ATM,positive,proses transaksi berjalan lancar dan cepat,4,0.10629773296912669,0,Low
FB00991,Proses pengajuan kredit terlalu lama,Loan,Mobile App,negative,proses pengajuan kredit terlalu lama,5,0.2129058517153481,3,High
FB00556,Saya ingin informasi tentang produk tabungan,Customer Service,Mobile App,neutral,saya ingin informasi tentang produk tabungan,2,0.16840665324179388,1,Medium
FB01925,Saya suka fitur mobile banking yang lengkap,ATM,Email,positive,saya suka fitur mobile banking yang lengkap,6,0.22314460568451358,0,Low
FB00608,Aplikasi banking sering error saat saya gunakan,Savings,Call Center,negative,aplikasi banking sering error saat saya gunakan,3,0.1701897356859821,3,High
FB01619,Apa syarat pengajuan KPR,Transaction,ATM,neutral,apa syarat pengajuan kpr,5,0.16188235170437767,1,Medium
FB00758,Saya ingin mengetahui limit kartu kredit,Transaction,Call Center,neutral,saya ingin mengetahui limit kartu kredit,2,0.25019283653826707,1,Medium
FB00439,Apa syarat pengajuan KPR,Card,ATM,neutral,apa syarat pengajuan kpr,5,0.16188235170437767,1,Medium
FB00583,Pelayanan customer service sangat cepat dan membantu,Transaction,Call Center,positive,pelayanan customer service sangat cepat dan membantu,4,0.21081811532378333,0,Low
FB01519,Apa syarat pengajuan KPR,ATM,ATM,neutral,apa syarat pengajuan kpr,5,0.16188235170437767,1,Medium
FB00528,Aplikasi banking sering error saat saya gunakan,Customer Service,Call Center,negative,aplikasi banking sering error saat saya gunakan,3,0.1701897356859821,3,High
FB00343,Pelayanan customer service sangat cepat dan membantu,ATM,Call Center,positive,pelayanan customer service sangat cepat dan membantu,4,0.21081811532378333,0,Low
FB01737,Bagaimana cara mengganti PIN kartu,Mobile Banking,Branch,neutral,bagaimana cara mengganti pin kartu,2,0.04933707118670494,1,Medium
FB00368,Aplikasi banking sering error saat saya gunakan,Loan,Call Center,negative,aplikasi banking sering error saat saya gunakan,3,0.1701897356859821,3,High
FB00186,Petugas bank ramah dan profesional,Loan,Mobile App,positive,petugas bank ramah dan profesional,1,0.031096285002941575,0,Low
FB01117,Bagaimana cara mengganti PIN kartu,Loan,Branch,neutral,bagaimana cara mengganti pin kartu,2,0.04933707118670494,1,Medium
FB01755,Saya tidak puas dengan pelayanan bank,Card,Email,negative,saya tidak puas dengan pelayanan bank,1,0.09336184129421808,3,High
FB01426,Petugas bank ramah dan profesional,Card,Mobile App,positive,petugas bank ramah dan profesional,1,0.031096285002941575,0,Low
FB00301,Saya sangat puas dengan layanan bank ini,ATM,Mobile App,positive,saya sangat puas dengan layanan bank ini,1,0.09265928272652466,0,Low
FB01904,Proses transaksi berjalan lancar dan cepat,ATM,ATM,positive,proses transaksi berjalan lancar dan cepat,4,0.10629773296912669,0,Low
FB00833,ATM sering tidak bisa digunakan,ATM,Call Center,negative,atm sering tidak bisa digunakan,3,0.21136854725851217,3,High
FB00544,Proses transaksi berjalan lancar dan cepat,Card,ATM,positive,proses transaksi berjalan lancar dan cepat,4,0.10629773296912669,0,Low
FB01601,Saya sangat puas dengan layanan bank ini,Card,Mobile App,positive,saya sangat puas dengan layanan bank ini,1,0.09265928272652466,0,Low
FB00351,Proses pengajuan kredit terlalu lama,Mobile Banking,Mobile App,negative,proses pengajuan kredit terlalu lama,5,0.2129058517153481,3,High
FB01933,ATM sering tidak bisa digunakan,Mobile Banking,Call Center,negative,atm sering tidak bisa digunakan,3,0.21136854725851217,3,High
FB01511,Proses pengajuan kredit terlalu lama,Savings,Mobile App,negative,proses pengajuan kredit terlalu lama,5,0.2129058517153481,3,High
FB00979,Apa syarat pengajuan KPR,Savings,ATM,neutral,apa syarat pengajuan kpr,5,0.16188235170437767,1,Medium
FB00176,Saya ingin informasi tentang produk tabungan,Mobile Banking,Mobile App,neutral,saya ingin informasi tentang produk tabungan,2,0.16840665324179388,1,Medium
FB00483,Pelayanan customer service sangat cepat dan membantu,ATM,Call Center,positive,pelayanan customer service sangat cepat dan membantu,4,0.21081811532378333,0,Low
FB01413,ATM sering tidak bisa digunakan,Savings,Call Center,negative,atm sering tidak bisa digunakan,3,0.21136854725851217,3,High
FB01611,Proses pengajuan kredit terlalu lama,Mobile Banking,Mobile App,negative,proses pengajuan kredit terlalu lama,5,0.2129058517153481,3,High
FB00124,Proses transaksi berjalan lancar dan cepat,Card,ATM,positive,proses transaksi berjalan lancar dan cepat,4,0.10629773296912669,0,Low
FB00600,Saya ingin mengetahui jam operasional cabang,Card,Email,neutral,saya ingin mengetahui jam operasional cabang,2,0.2455238818801823,1,Medium
FB01795,Saya tidak puas dengan pelayanan bank,Customer Service,Email,negative,saya tidak puas dengan pelayanan bank,1,0.09336184129421808,3,High
FB01746,Petugas bank ramah dan profesional,Customer Service,Mobile App,positive,petugas bank ramah dan profesional,1,0.031096285002941575,0,Low
FB01379,Apa syarat pengajuan KPR,ATM,ATM,neutral,apa syarat pengajuan kpr,5,0.16188235170437767,1,Medium
FB01186,Petugas bank ramah dan profesional,Customer Service,Mobile App,positive,petugas bank ramah dan profesional,1,0.031096285002941575,0,Low
FB00486,Petugas bank ramah dan profesional,Customer Service,Mobile App,positive,petugas bank ramah dan profesional,1,0.031096285002941575,0,Low
FB00332,Saya kecewa karena biaya administrasi terlalu tinggi,Customer Service,Branch,negative,saya kecewa karena biaya administrasi terlalu tinggi,5,0.1152856150730353,3,High
FB00789,Transaksi saya gagal dan saldo belum kembali,Card,ATM,negative,transaksi saya gagal dan saldo belum kembali,4,0.07976518594179097,3,High
FB00195,Saya tidak puas dengan pelayanan bank,Savings,Email,negative,saya tidak puas dengan pelayanan bank,1,0.09336184129421808,3,High
FB00638,Saya ingin mengetahui limit kartu kredit,Mobile Banking,Call Center,neutral,saya ingin mengetahui limit kartu kredit,2,0.25019283653826707,1,Medium
FB00472,Saya kecewa karena biaya administrasi terlalu tinggi,Customer Service,Branch,negative,saya kecewa karena biaya administrasi terlalu tinggi,5,0.1152856150730353,3,High
FB01714,Aplikasi sulit digunakan dan sering logout,Savings,ATM,negative,aplikasi sulit digunakan dan sering logout,3,0.242213474053518,3,High
FB00323,Pelayanan customer service sangat cepat dan membantu,Mobile Banking,Call Center,positive,pelayanan customer service sangat cepat dan membantu,4,0.21081811532378333,0,Low
FB01197,Bagaimana cara mengganti PIN kartu,ATM,Branch,neutral,bagaimana cara mengganti pin kartu,2,0.04933707118670494,1,Medium
FB00267,Transfer berhasil tanpa masalah,Mobile Banking,Branch,positive,transfer berhasil tanpa masalah,6,1.614786542755145e-06,0,Low
FB01544,Proses transaksi berjalan lancar dan cepat,Loan,ATM,positive,proses transaksi berjalan lancar dan cepat,4,0.10629773296912669,0,Low
FB01804,Proses transaksi berjalan lancar dan cepat,Card,ATM,positive,proses transaksi berjalan lancar dan cepat,4,0.10629773296912669,0,Low
FB00068,Aplikasi banking sering error saat saya gunakan,Card,Call Center,negative,aplikasi banking sering error saat saya gunakan,3,0.1701897356859821,3,High
FB01738,Saya ingin mengetahui limit kartu kredit,Transaction,Call Center,neutral,saya ingin mengetahui limit kartu kredit,2,0.25019283653826707,1,Medium
FB01593,ATM sering tidak bisa digunakan,Loan,Call Center,negative,atm sering tidak bisa digunakan,3,0.21136854725851217,3,High
FB01564,Proses transaksi berjalan lancar dan cepat,Customer Service,ATM,positive,proses transaksi berjalan lancar dan cepat,4,0.10629773296912669,0,Low
FB00481,Saya sangat puas dengan layanan bank ini,Card,Mobile App,positive,saya sangat puas dengan layanan bank ini,1,0.09265928272652466,0,Low
FB01757,Bagaimana cara mengganti PIN kartu,ATM,Branch,neutral,bagaimana cara mengganti pin kartu,2,0.04933707118670494,1,Medium
FB01913,ATM sering tidak bisa digunakan,Transaction,Call Center,negative,atm sering tidak bisa digunakan,3,0.21136854725851217,3,High
FB01441,Saya sangat puas dengan layanan bank ini,Savings,Mobile App,positive,saya sangat puas dengan layanan bank ini,1,0.09265928272652466,0,Low
FB01461,Saya sangat puas dengan layanan bank ini,Card,Mobile App,positive,saya sangat puas dengan layanan bank ini,1,0.09265928272652466,0,Low
FB00888,Aplikasi banking sering error saat saya gunakan,Savings,Call Center,negative,aplikasi banking sering error saat saya gunakan,3,0.1701897356859821,3,High
FB00423,Pelayanan customer service sangat cepat dan membantu,Customer Service,Call Center,positive,pelayanan customer service sangat cepat dan membantu,4,0.21081811532378333,0,Low
FB01675,Saya tidak puas dengan pelayanan bank,Transaction,Email,negative,saya tidak puas dengan pelayanan bank,1,0.09336184129421808,3,High
FB01450,Customer service lambat merespons keluhan saya,Mobile Banking,Email,negative,customer service lambat merespons keluhan saya,4,0.1837918353330011,3,High
FB00765,Saya suka fitur mobile banking yang lengkap,Transaction,Email,positive,saya suka fitur mobile banking yang lengkap,6,0.22314460568451358,0,Low
FB00520,Saya ingin mengetahui jam operasional cabang,Transaction,Email,neutral,saya ingin mengetahui jam operasional cabang,2,0.2455238818801823,1,Medium
FB01432,Saya kecewa karena biaya administrasi terlalu tinggi,Loan,Branch,negative,saya kecewa karena biaya administrasi terlalu tinggi,5,0.1152856150730353,3,High
FB00614,Aplikasi sulit digunakan dan sering logout,Card,ATM,negative,aplikasi sulit digunakan dan sering logout,3,0.242213474053518,3,High
FB01531,Proses pengajuan kredit terlalu lama,Card,Mobile App,negative,proses pengajuan kredit terlalu lama,5,0.2129058517153481,3,High
FB01783,Pelayanan customer service sangat cepat dan membantu,Card,Call Center,positive,pelayanan customer service sangat cepat dan membantu,4,0.21081811532378333,0,Low
FB01659,Apa syarat pengajuan KPR,ATM,ATM,neutral,apa syarat pengajuan kpr,5,0.16188235170437767,1,Medium
FB00454,Aplikasi sulit digunakan dan sering logout,Savings,ATM,negative,aplikasi sulit digunakan dan sering logout,3,0.242213474053518,3,High
FB00731,Proses pengajuan kredit terlalu lama,Customer Service,Mobile App,negative,proses pengajuan kredit terlalu lama,5,0.2129058517153481,3,High
FB00535,Saya tidak puas dengan pelayanan bank,Customer Service,Email,negative,saya tidak puas dengan pelayanan bank,1,0.09336184129421808,3,High
FB00966,Petugas bank ramah dan profesional,ATM,Mobile App,positive,petugas bank ramah dan profesional,1,0.031096285002941575,0,Low
FB01285,Saya suka fitur mobile banking yang lengkap,Loan,Email,positive,saya suka fitur mobile banking yang lengkap,6,0.22314460568451358,0,Low
FB01740,Saya ingin mengetahui jam operasional cabang,Loan,Email,neutral,saya ingin mengetahui jam operasional cabang,2,0.2455238818801823,1,Medium
FB00262,Aplikasi mobile banking sangat mudah digunakan,Customer Service,Branch,positive,aplikasi mobile banking sangat mudah digunakan,6,0.20989998208001634,0,Low
FB00536,Saya ingin informasi tentang produk tabungan,Loan,Mobile App,neutral,saya ingin informasi tentang produk tabungan,2,0.16840665324179388,1,Medium
FB00969,Transaksi saya gagal dan saldo belum kembali,Customer Service,ATM,negative,transaksi saya gagal dan saldo belum kembali,4,0.07976518594179097,3,High
FB00241,Saya sangat puas dengan layanan bank ini,Customer Service,Mobile App,positive,saya sangat puas dengan layanan bank ini,1,0.09265928272652466,0,Low
FB00820,Saya ingin mengetahui jam operasional cabang,Mobile Banking,Email,neutral,saya ingin mengetahui jam operasional cabang,2,0.2455238818801823,1,Medium
FB00693,ATM sering tidak bisa digunakan,ATM,Call Center,negative,atm sering tidak bisa digunakan,3,0.21136854725851217,3,High
FB00421,Saya sangat puas dengan layanan bank ini,Mobile Banking,Mobile App,positive,saya sangat puas dengan layanan bank ini,1,0.09265928272652466,0,Low
FB01086,Petugas bank ramah dan profesional,Mobile Banking,Mobile App,positive,petugas bank ramah dan profesional,1,0.031096285002941575,0,Low
FB01999,Apa syarat pengajuan KPR,Loan,ATM,neutral,apa syarat pengajuan kpr,5,0.16188235170437767,1,Medium
FB00366,Petugas bank ramah dan profesional,Transaction,Mobile App,positive,petugas bank ramah dan profesional,1,0.031096285002941575,0,Low
FB01023,Pelayanan customer service sangat cepat dan membantu,Mobile Banking,Call Center,positive,pelayanan customer service sangat cepat dan membantu,4,0.21081811532378333,0,Low
FB01241,Saya sangat puas dengan layanan bank ini,Transaction,Mobile App,positive,saya sangat puas dengan layanan bank ini,1,0.09265928272652466,0,Low
FB00589,Transaksi saya gagal dan saldo belum kembali,Mobile Banking,ATM,negative,transaksi saya gagal dan saldo belum kembali,4,0.07976518594179097,3,High
FB00737,Bagaimana cara mengganti PIN kartu,Transaction,Branch,neutral,bagaimana cara mengganti pin kartu,2,0.04933707118670494,1,Medium
FB01762,Aplikasi mobile banking sangat mudah digunakan,Card,Branch,positive,aplikasi mobile banking sangat mudah digunakan,6,0.20989998208001634,0,Low
FB00942,Aplikasi mobile banking sangat mudah digunakan,Loan,Branch,positive,aplikasi mobile banking sangat mudah digunakan,6,0.20989998208001634,0,Low
FB00072,Saya kecewa karena biaya administrasi terlalu tinggi,Transaction,Branch,negative,saya kecewa karena biaya administrasi terlalu tinggi,5,0.1152856150730353,3,High
FB01408,Aplikasi banking sering error saat saya gunakan,Mobile Banking,Call Center,negative,aplikasi banking sering error saat saya gunakan,3,0.1701897356859821,3,High
FB00260,Saya ingin mengetahui jam operasional cabang,Mobile Banking,Email,neutral,saya ingin mengetahui jam operasional cabang,2,0.2455238818801823,1,Medium
FB00052,Saya kecewa karena biaya administrasi terlalu tinggi,Customer Service,Branch,negative,saya kecewa karena biaya administrasi terlalu tinggi,5,0.1152856150730353,3,High
FB00199,Apa syarat pengajuan KPR,Customer Service,ATM,neutral,apa syarat pengajuan kpr,5,0.16188235170437767,1,Medium
FB01789,Transaksi saya gagal dan saldo belum kembali,Loan,ATM,negative,transaksi saya gagal dan saldo belum kembali,4,0.07976518594179097,3,High
FB00651,Proses pengajuan kredit terlalu lama,ATM,Mobile App,negative,proses pengajuan kredit terlalu lama,5,0.2129058517153481,3,High
FB00333,ATM sering tidak bisa digunakan,Loan,Call Center,negative,atm sering tidak bisa digunakan,3,0.21136854725851217,3,High
FB01360,Saya ingin mengetahui jam operasional cabang,Transaction,Email,neutral,saya ingin mengetahui jam operasional cabang,2,0.2455238818801823,1,Medium
FB00594,Aplikasi sulit digunakan dan sering logout,Savings,ATM,negative,aplikasi sulit digunakan dan sering logout,3,0.242213474053518,3,High
FB01392,Saya kecewa karena biaya administrasi terlalu tinggi,Savings,Branch,negative,saya kecewa karena biaya administrasi terlalu tinggi,5,0.1152856150730353,3,High
FB01801,Saya sangat puas dengan layanan bank ini,Transaction,Mobile App,positive,saya sangat puas dengan layanan bank ini,1,0.09265928272652466,0,Low
FB01315,Saya tidak puas dengan pelayanan bank,Savings,Email,negative,saya tidak puas dengan pelayanan bank,1,0.09336184129421808,3,High
FB01112,Saya kecewa karena biaya administrasi terlalu tinggi,Savings,Branch,negative,saya kecewa karena biaya administrasi terlalu tinggi,5,0.1152856150730353,3,High
FB01007,Transfer berhasil tanpa masalah,Savings,Branch,positive,transfer berhasil tanpa masalah,6,1.614786542755145e-06,0,Low
FB01327,Transfer berhasil tanpa masalah,Loan,Branch,positive,transfer berhasil tanpa masalah,6,1.614786542755145e-06,0,Low
FB00427,Transfer berhasil tanpa masalah,ATM,Branch,positive,transfer berhasil tanpa masalah,6,1.614786542755145e-06,0,Low
FB01559,Apa syarat pengajuan KPR,Card,ATM,neutral,apa syarat pengajuan kpr,5,0.16188235170437767,1,Medium
FB01294,Aplikasi sulit digunakan dan sering logout,Savings,ATM,negative,aplikasi sulit digunakan dan sering logout,3,0.242213474053518,3,High
FB00591,Proses pengajuan kredit terlalu lama,Customer Service,Mobile App,negative,proses pengajuan kredit terlalu lama,5,0.2129058517153481,3,High
FB01958,Saya ingin mengetahui limit kartu kredit,Card,Call Center,neutral,saya ingin mengetahui limit kartu kredit,2,0.25019283653826707,1,Medium
FB01977,Bagaimana cara mengganti PIN kartu,Customer Service,Branch,neutral,bagaimana cara mengganti pin kartu,2,0.04933707118670494,1,Medium
FB01133,ATM sering tidak bisa digunakan,Savings,Call Center,negative,atm sering tidak bisa digunakan,3,0.21136854725851217,3,High
FB00986,Petugas bank ramah dan profesional,Savings,Mobile App,positive,petugas bank ramah dan profesional,1,0.031096285002941575,0,Low
FB00399,Apa syarat pengajuan KPR,ATM,ATM,neutral,apa syarat pengajuan kpr,5,0.16188235170437767,1,Medium
FB01512,Saya kecewa karena biaya administrasi terlalu tinggi,ATM,Branch,negative,saya kecewa karena biaya administrasi terlalu tinggi,5,0.1152856150730353,3,High
FB00437,Bagaimana cara mengganti PIN kartu,Customer Service,Branch,neutral,bagaimana cara mengganti pin kartu,2,0.04933707118670494,1,Medium
FB00193,ATM sering tidak bisa digunakan,Loan,Call Center,negative,atm sering tidak bisa digunakan,3,0.21136854725851217,3,High
FB01436,Saya ingin informasi tentang produk tabungan,Mobile Banking,Mobile App,neutral,saya ingin informasi tentang produk tabungan,2,0.16840665324179388,1,Medium
FB00615,Saya tidak puas dengan pelayanan bank,Savings,Email,negative,saya tidak puas dengan pelayanan bank,1,0.09336184129421808,3,High
FB01494,Aplikasi sulit digunakan dan sering logout,Customer Service,ATM,negative,aplikasi sulit digunakan dan sering logout,3,0.242213474053518,3,High
FB00577,Bagaimana cara mengganti PIN kartu,Customer Service,Branch,neutral,bagaimana cara mengganti pin kartu,2,0.04933707118670494,1,Medium
FB00987,Transfer berhasil tanpa masalah,ATM,Branch,positive,transfer berhasil tanpa masalah,6,1.614786542755145e-06,0,Low
FB01433,ATM sering tidak bisa digunakan,Card,Call Center,negative,atm sering tidak bisa digunakan,3,0.21136854725851217,3,High
FB00707,Transfer berhasil tanpa masalah,ATM,Branch,positive,transfer berhasil tanpa masalah,6,1.614786542755145e-06,0,Low
FB01259,Apa syarat pengajuan KPR,Savings,ATM,neutral,apa syarat pengajuan kpr,5,0.16188235170437767,1,Medium
FB00142,Aplikasi mobile banking sangat mudah digunakan,Transaction,Branch,positive,aplikasi mobile banking sangat mudah digunakan,6,0.20989998208001634,0,Low
FB01358,Saya ingin mengetahui limit kartu kredit,ATM,Call Center,neutral,saya ingin mengetahui limit kartu kredit,2,0.25019283653826707,1,Medium
FB00003,Pelayanan customer service sangat cepat dan membantu,Customer Service,Call Center,positive,pelayanan customer service sangat cepat dan membantu,4,0.21081811532378333,0,Low
FB01222,Aplikasi mobile banking sangat mudah digunakan,Loan,Branch,positive,aplikasi mobile banking sangat mudah digunakan,6,0.20989998208001634,0,Low
FB01870,Customer service lambat merespons keluhan saya,Mobile Banking,Email,negative,customer service lambat merespons keluhan saya,4,0.1837918353330011,3,High
FB01623,Pelayanan customer service sangat cepat dan membantu,Savings,Call Center,positive,pelayanan customer service sangat cepat dan membantu,4,0.21081811532378333,0,Low
FB00340,Saya ingin mengetahui jam operasional cabang,Loan,Email,neutral,saya ingin mengetahui jam operasional cabang,2,0.2455238818801823,1,Medium
FB01770,Customer service lambat merespons keluhan saya,Savings,Email,negative,customer service lambat merespons keluhan saya,4,0.1837918353330011,3,High
FB01537,Bagaimana cara mengganti PIN kartu,Loan,Branch,neutral,bagaimana cara mengganti pin kartu,2,0.04933707118670494,1,Medium
FB00484,Proses transaksi berjalan lancar dan cepat,Mobile Banking,ATM,positive,proses transaksi berjalan lancar dan cepat,4,0.10629773296912669,0,Low
FB00266,Petugas bank ramah dan profesional,ATM,Mobile App,positive,petugas bank ramah dan profesional,1,0.031096285002941575,0,Low
FB00377,Bagaimana cara mengganti PIN kartu,Savings,Branch,neutral,bagaimana cara mengganti pin kartu,2,0.04933707118670494,1,Medium
FB00742,Aplikasi mobile banking sangat mudah digunakan,ATM,Branch,positive,aplikasi mobile banking sangat mudah digunakan,6,0.20989998208001634,0,Low
FB01014,Aplikasi sulit digunakan dan sering logout,Savings,ATM,negative,aplikasi sulit digunakan dan sering logout,3,0.242213474053518,3,High
FB00440,Saya ingin mengetahui jam operasional cabang,Savings,Email,neutral,saya ingin mengetahui jam operasional cabang,2,0.2455238818801823,1,Medium
FB00272,Saya kecewa karena biaya administrasi terlalu tinggi,Savings,Branch,negative,saya kecewa karena biaya administrasi terlalu tinggi,5,0.1152856150730353,3,High
FB00185,Saya suka fitur mobile banking yang lengkap,Customer Service,Email,positive,saya suka fitur mobile banking yang lengkap,6,0.22314460568451358,0,Low
FB00940,Saya ingin mengetahui jam operasional cabang,Transaction,Email,neutral,saya ingin mengetahui jam operasional cabang,2,0.2455238818801823,1,Medium
FB00245,Saya suka fitur mobile banking yang lengkap,ATM,Email,positive,saya suka fitur mobile banking yang lengkap,6,0.22314460568451358,0,Low
FB00932,Saya kecewa karena biaya administrasi terlalu tinggi,Mobile Banking,Branch,negative,saya kecewa karena biaya administrasi terlalu tinggi,5,0.1152856150730353,3,High
FB00446,Petugas bank ramah dan profesional,Card,Mobile App,positive,petugas bank ramah dan profesional,1,0.031096285002941575,0,Low
FB00597,Bagaimana cara mengganti PIN kartu,Transaction,Branch,neutral,bagaimana cara mengganti pin kartu,2,0.04933707118670494,1,Medium
FB00818,Saya ingin mengetahui limit kartu kredit,Savings,Call Center,neutral,saya ingin mengetahui limit kartu kredit,2,0.25019283653826707,1,Medium
FB01273,ATM sering tidak bisa digunakan,Savings,Call Center,negative,atm sering tidak bisa digunakan,3,0.21136854725851217,3,High
FB01677,Bagaimana cara mengganti PIN kartu,Loan,Branch,neutral,bagaimana cara mengganti pin kartu,2,0.04933707118670494,1,Medium
FB00487,Transfer berhasil tanpa masalah,Loan,Branch,positive,transfer berhasil tanpa masalah,6,1.614786542755145e-06,0,Low
FB00681,Saya sangat puas dengan layanan bank ini,Transaction,Mobile App,positive,saya sangat puas dengan layanan bank ini,1,0.09265928272652466,0,Low
FB00416,Saya ingin informasi tentang produk tabungan,Customer Service,Mobile App,neutral,saya ingin informasi tentang produk tabungan,2,0.16840665324179388,1,Medium
FB00274,Aplikasi sulit digunakan dan sering logout,Mobile Banking,ATM,negative,aplikasi sulit digunakan dan sering logout,3,0.242213474053518,3,High
FB01472,Saya kecewa karena biaya administrasi terlalu tinggi,Transaction,Branch,negative,saya kecewa karena biaya administrasi terlalu tinggi,5,0.1152856150730353,3,High
FB01830,Customer service lambat merespons keluhan saya,Customer Service,Email,negative,customer service lambat merespons keluhan saya,4,0.1837918353330011,3,High
FB01455,Saya tidak puas dengan pelayanan bank,Savings,Email,negative,saya tidak puas dengan pelayanan bank,1,0.09336184129421808,3,High
FB00251,Proses pengajuan kredit terlalu lama,Savings,Mobile App,negative,proses pengajuan kredit terlalu lama,5,0.2129058517153481,3,High
FB00414,Aplikasi sulit digunakan dan sering logout,Mobile Banking,ATM,negative,aplikasi sulit digunakan dan sering logout,3,0.242213474053518,3,High
FB01386,Petugas bank ramah dan profesional,ATM,Mobile App,positive,petugas bank ramah dan profesional,1,0.031096285002941575,0,Low
FB01308,Aplikasi banking sering error saat saya gunakan,Savings,Call Center,negative,aplikasi banking sering error saat saya gunakan,3,0.1701897356859821,3,High
FB00716,Saya ingin informasi tentang produk tabungan,Transaction,Mobile App,neutral,saya ingin informasi tentang produk tabungan,2,0.16840665324179388,1,Medium
FB00311,Proses pengajuan kredit terlalu lama,Customer Service,Mobile App,negative,proses pengajuan kredit terlalu lama,5,0.2129058517153481,3,High
FB00927,Transfer berhasil tanpa masalah,Customer Service,Branch,positive,transfer berhasil tanpa masalah,6,1.614786542755145e-06,0,Low
FB00382,Aplikasi mobile banking sangat mudah digunakan,Loan,Branch,positive,aplikasi mobile banking sangat mudah digunakan,6,0.20989998208001634,0,Low
FB01566,Petugas bank ramah dan profesional,Card,Mobile App,positive,petugas bank ramah dan profesional,1,0.031096285002941575,0,Low
FB00426,Petugas bank ramah dan profesional,Savings,Mobile App,positive,petugas bank ramah dan profesional,1,0.031096285002941575,0,Low
FB01875,Saya tidak puas dengan pelayanan bank,Savings,Email,negative,saya tidak puas dengan pelayanan bank,1,0.09336184129421808,3,High
FB00533,ATM sering tidak bisa digunakan,Mobile Banking,Call Center,negative,atm sering tidak bisa digunakan,3,0.21136854725851217,3,High
FB00753,ATM sering tidak bisa digunakan,Loan,Call Center,negative,atm sering tidak bisa digunakan,3,0.21136854725851217,3,High
FB00766,Petugas bank ramah dan profesional,Customer Service,Mobile App,positive,petugas bank ramah dan profesional,1,0.031096285002941575,0,Low
FB01357,Bagaimana cara mengganti PIN kartu,Savings,Branch,neutral,bagaimana cara mengganti pin kartu,2,0.04933707118670494,1,Medium
FB00409,Transaksi saya gagal dan saldo belum kembali,Customer Service,ATM,negative,transaksi saya gagal dan saldo belum kembali,4,0.07976518594179097,3,High
FB01615,Saya tidak puas dengan pelayanan bank,Card,Email,negative,saya tidak puas dengan pelayanan bank,1,0.09336184129421808,3,High
FB00695,Saya tidak puas dengan pelayanan bank,Transaction,Email,negative,saya tidak puas dengan pelayanan bank,1,0.09336184129421808,3,High
FB01739,Apa syarat pengajuan KPR,Customer Service,ATM,neutral,apa syarat pengajuan kpr,5,0.16188235170437767,1,Medium
FB00549,Transaksi saya gagal dan saldo belum kembali,Customer Service,ATM,negative,transaksi saya gagal dan saldo belum kembali,4,0.07976518594179097,3,High
FB00937,Bagaimana cara mengganti PIN kartu,Savings,Branch,neutral,bagaimana cara mengganti pin kartu,2,0.04933707118670494,1,Medium
FB01390,Customer service lambat merespons keluhan saya,Loan,Email,negative,customer service lambat merespons keluhan saya,4,0.1837918353330011,3,High
FB01608,Aplikasi banking sering error saat saya gunakan,Card,Call Center,negative,aplikasi banking sering error saat saya gunakan,3,0.1701897356859821,3,High
FB01940,Saya ingin mengetahui jam operasional cabang,Mobile Banking,Email,neutral,saya ingin mengetahui jam operasional cabang,2,0.2455238818801823,1,Medium
FB01482,Aplikasi mobile banking sangat mudah digunakan,Card,Branch,positive,aplikasi mobile banking sangat mudah digunakan,6,0.20989998208001634,0,Low
FB00183,Pelayanan customer service sangat cepat dan membantu,Mobile Banking,Call Center,positive,pelayanan customer service sangat cepat dan membantu,4,0.21081811532378333,0,Low
FB01941,Saya sangat puas dengan layanan bank ini,Transaction,Mobile App,positive,saya sangat puas dengan layanan bank ini,1,0.09265928272652466,0,Low
FB01161,Saya sangat puas dengan layanan bank ini,Savings,Mobile App,positive,saya sangat puas dengan layanan bank ini,1,0.09265928272652466,0,Low
FB00171,Proses pengajuan kredit terlalu lama,Customer Service,Mobile App,negative,proses pengajuan kredit terlalu lama,5,0.2129058517153481,3,High
FB00293,ATM sering tidak bisa digunakan,Savings,Call Center,negative,atm sering tidak bisa digunakan,3,0.21136854725851217,3,High
FB00562,Aplikasi mobile banking sangat mudah digunakan,Transaction,Branch,positive,aplikasi mobile banking sangat mudah digunakan,6,0.20989998208001634,0,Low
FB01457,Bagaimana cara mengganti PIN kartu,Mobile Banking,Branch,neutral,bagaimana cara mengganti pin kartu,2,0.04933707118670494,1,Medium
FB01877,Bagaimana cara mengganti PIN kartu,Mobile Banking,Branch,neutral,bagaimana cara mengganti pin kartu,2,0.04933707118670494,1,Medium
FB01652,Saya kecewa karena biaya administrasi terlalu tinggi,ATM,Branch,negative,saya kecewa karena biaya administrasi terlalu tinggi,5,0.1152856150730353,3,High
FB00850,Customer service lambat merespons keluhan saya,Customer Service,Email,negative,customer service lambat merespons keluhan saya,4,0.1837918353330011,3,High
FB00273,ATM sering tidak bisa digunakan,ATM,Call Center,negative,atm sering tidak bisa digunakan,3,0.21136854725851217,3,High
FB01550,Customer service lambat merespons keluhan saya,Customer Service,Email,negative,customer service lambat merespons keluhan saya,4,0.1837918353330011,3,High
FB01035,Saya tidak puas dengan pelayanan bank,Savings,Email,negative,saya tidak puas dengan pelayanan bank,1,0.09336184129421808,3,High
FB01744,Proses transaksi berjalan lancar dan cepat,Mobile Banking,ATM,positive,proses transaksi berjalan lancar dan cepat,4,0.10629773296912669,0,Low
FB00372,Saya kecewa karena biaya administrasi terlalu tinggi,Mobile Banking,Branch,negative,saya kecewa karena biaya administrasi terlalu tinggi,5,0.1152856150730353,3,High
FB01670,Customer service lambat merespons keluhan saya,Loan,Email,negative,customer service lambat merespons keluhan saya,4,0.1837918353330011,3,High
FB00722,Aplikasi mobile banking sangat mudah digunakan,Mobile Banking,Branch,positive,aplikasi mobile banking sangat mudah digunakan,6,0.20989998208001634,0,Low
FB00734,Aplikasi sulit digunakan dan sering logout,Savings,ATM,negative,aplikasi sulit digunakan dan sering logout,3,0.242213474053518,3,High
FB00778,Saya ingin mengetahui limit kartu kredit,Mobile Banking,Call Center,neutral,saya ingin mengetahui limit kartu kredit,2,0.25019283653826707,1,Medium
FB00519,Apa syarat pengajuan KPR,Mobile Banking,ATM,neutral,apa syarat pengajuan kpr,5,0.16188235170437767,1,Medium
FB00335,Saya tidak puas dengan pelayanan bank,Savings,Email,negative,saya tidak puas dengan pelayanan bank,1,0.09336184129421808,3,High
FB00846,Petugas bank ramah dan profesional,Savings,Mobile App,positive,petugas bank ramah dan profesional,1,0.031096285002941575,0,Low
FB01252,Saya kecewa karena biaya administrasi terlalu tinggi,Savings,Branch,negative,saya kecewa karena biaya administrasi terlalu tinggi,5,0.1152856150730353,3,High
FB01053,ATM sering tidak bisa digunakan,Customer Service,Call Center,negative,atm sering tidak bisa digunakan,3,0.21136854725851217,3,High
FB01924,Proses transaksi berjalan lancar dan cepat,Savings,ATM,positive,proses transaksi berjalan lancar dan cepat,4,0.10629773296912669,0,Low
FB00016,Saya ingin informasi tentang produk tabungan,Transaction,Mobile App,neutral,saya ingin informasi tentang produk tabungan,2,0.16840665324179388,1,Medium
FB00708,Aplikasi banking sering error saat saya gunakan,Mobile Banking,Call Center,negative,aplikasi banking sering error saat saya gunakan,3,0.1701897356859821,3,High
FB00901,Saya sangat puas dengan layanan bank ini,Card,Mobile App,positive,saya sangat puas dengan layanan bank ini,1,0.09265928272652466,0,Low
FB01980,Saya ingin mengetahui jam operasional cabang,Savings,Email,neutral,saya ingin mengetahui jam operasional cabang,2,0.2455238818801823,1,Medium
FB01573,ATM sering tidak bisa digunakan,Card,Call Center,negative,atm sering tidak bisa digunakan,3,0.21136854725851217,3,High
FB00904,Proses transaksi berjalan lancar dan cepat,Mobile Banking,ATM,positive,proses transaksi berjalan lancar dan cepat,4,0.10629773296912669,0,Low
FB00466,Petugas bank ramah dan profesional,Loan,Mobile App,positive,petugas bank ramah dan profesional,1,0.031096285002941575,0,Low
FB01978,Saya ingin mengetahui limit kartu kredit,Loan,Call Center,neutral,saya ingin mengetahui limit kartu kredit,2,0.25019283653826707,1,Medium
FB00200,Saya ingin mengetahui jam operasional cabang,Loan,Email,neutral,saya ingin mengetahui jam operasional cabang,2,0.2455238818801823,1,Medium
FB01207,Transfer berhasil tanpa masalah,Customer Service,Branch,positive,transfer berhasil tanpa masalah,6,1.614786542755145e-06,0,Low
FB01056,Saya ingin informasi tentang produk tabungan,Savings,Mobile App,neutral,saya ingin informasi tentang produk tabungan,2,0.16840665324179388,1,Medium
FB01132,Saya kecewa karena biaya administrasi terlalu tinggi,Card,Branch,negative,saya kecewa karena biaya administrasi terlalu tinggi,5,0.1152856150730353,3,High
FB01380,Saya ingin mengetahui jam operasional cabang,Mobile Banking,Email,neutral,saya ingin mengetahui jam operasional cabang,2,0.2455238818801823,1,Medium
FB00999,Apa syarat pengajuan KPR,Card,ATM,neutral,apa syarat pengajuan kpr,5,0.16188235170437767,1,Medium
FB00728,Aplikasi banking sering error saat saya gunakan,ATM,Call Center,negative,aplikasi banking sering error saat saya gunakan,3,0.1701897356859821,3,High
FB01772,Saya kecewa karena biaya administrasi terlalu tinggi,Mobile Banking,Branch,negative,saya kecewa karena biaya administrasi terlalu tinggi,5,0.1152856150730353,3,High
FB01910,Customer service lambat merespons keluhan saya,Savings,Email,negative,customer service lambat merespons keluhan saya,4,0.1837918353330011,3,High
FB01822,Aplikasi mobile banking sangat mudah digunakan,Transaction,Branch,positive,aplikasi mobile banking sangat mudah digunakan,6,0.20989998208001634,0,Low
FB00568,Aplikasi banking sering error saat saya gunakan,Mobile Banking,Call Center,negative,aplikasi banking sering error saat saya gunakan,3,0.1701897356859821,3,High
FB00044,Proses transaksi berjalan lancar dan cepat,Transaction,ATM,positive,proses transaksi berjalan lancar dan cepat,4,0.10629773296912669,0,Low
FB00275,Saya tidak puas dengan pelayanan bank,Transaction,Email,negative,saya tidak puas dengan pelayanan bank,1,0.09336184129421808,3,High
FB01097,Bagaimana cara mengganti PIN kartu,Card,Branch,neutral,bagaimana cara mengganti pin kartu,2,0.04933707118670494,1,Medium
FB00102,Aplikasi mobile banking sangat mudah digunakan,Loan,Branch,positive,aplikasi mobile banking sangat mudah digunakan,6,0.20989998208001634,0,Low
FB01232,Saya kecewa karena biaya administrasi terlalu tinggi,ATM,Branch,negative,saya kecewa karena biaya administrasi terlalu tinggi,5,0.1152856150730353,3,High
FB01722,Aplikasi mobile banking sangat mudah digunakan,ATM,Branch,positive,aplikasi mobile banking sangat mudah digunakan,6,0.20989998208001634,0,Low
FB01833,ATM sering tidak bisa digunakan,Savings,Call Center,negative,atm sering tidak bisa digunakan,3,0.21136854725851217,3,High
FB00108,Aplikasi banking sering error saat saya gunakan,Customer Service,Call Center,negative,aplikasi banking sering error saat saya gunakan,3,0.1701897356859821,3,High
FB01618,Saya ingin mengetahui limit kartu kredit,Mobile Banking,Call Center,neutral,saya ingin mengetahui limit kartu kredit,2,0.25019283653826707,1,Medium
FB00498,Saya ingin mengetahui limit kartu kredit,Mobile Banking,Call Center,neutral,saya ingin mengetahui limit kartu kredit,2,0.25019283653826707,1,Medium
FB01981,Saya sangat puas dengan layanan bank ini,ATM,Mobile App,positive,saya sangat puas dengan layanan bank ini,1,0.09265928272652466,0,Low
FB00882,Aplikasi mobile banking sangat mudah digunakan,ATM,Branch,positive,aplikasi mobile banking sangat mudah digunakan,6,0.20989998208001634,0,Low
FB00757,Bagaimana cara mengganti PIN kartu,Mobile Banking,Branch,neutral,bagaimana cara mengganti pin kartu,2,0.04933707118670494,1,Medium
FB00620,Saya ingin mengetahui jam operasional cabang,Loan,Email,neutral,saya ingin mengetahui jam operasional cabang,2,0.2455238818801823,1,Medium
FB01107,Transfer berhasil tanpa masalah,Mobile Banking,Branch,positive,transfer berhasil tanpa masalah,6,1.614786542755145e-06,0,Low
FB01936,Saya ingin informasi tentang produk tabungan,Loan,Mobile App,neutral,saya ingin informasi tentang produk tabungan,2,0.16840665324179388,1,Medium
FB00810,Customer service lambat merespons keluhan saya,Card,Email,negative,customer service lambat merespons keluhan saya,4,0.1837918353330011,3,High
FB01038,Saya ingin mengetahui limit kartu kredit,Transaction,Call Center,neutral,saya ingin mengetahui limit kartu kredit,2,0.25019283653826707,1,Medium
FB00073,ATM sering tidak bisa digunakan,Customer Service,Call Center,negative,atm sering tidak bisa digunakan,3,0.21136854725851217,3,High
FB01284,Proses transaksi berjalan lancar dan cepat,Customer Service,ATM,positive,proses transaksi berjalan lancar dan cepat,4,0.10629773296912669,0,Low
FB01272,Saya kecewa karena biaya administrasi terlalu tinggi,Card,Branch,negative,saya kecewa karena biaya administrasi terlalu tinggi,5,0.1152856150730353,3,High
FB01335,Saya tidak puas dengan pelayanan bank,Card,Email,negative,saya tidak puas dengan pelayanan bank,1,0.09336184129421808,3,High
FB01459,Apa syarat pengajuan KPR,Customer Service,ATM,neutral,apa syarat pengajuan kpr,5,0.16188235170437767,1,Medium
FB00482,Aplikasi mobile banking sangat mudah digunakan,Savings,Branch,positive,aplikasi mobile banking sangat mudah digunakan,6,0.20989998208001634,0,Low
FB01069,Transaksi saya gagal dan saldo belum kembali,Card,ATM,negative,transaksi saya gagal dan saldo belum kembali,4,0.07976518594179097,3,High
FB00507,Transfer berhasil tanpa masalah,Customer Service,Branch,positive,transfer berhasil tanpa masalah,6,1.614786542755145e-06,0,Low
FB01238,Saya ingin mengetahui limit kartu kredit,Savings,Call Center,neutral,saya ingin mengetahui limit kartu kredit,2,0.25019283653826707,1,Medium
FB01862,Aplikasi mobile banking sangat mudah digunakan,ATM,Branch,positive,aplikasi mobile banking sangat mudah digunakan,6,0.20989998208001634,0,Low
FB01990,Customer service lambat merespons keluhan saya,Transaction,Email,negative,customer service lambat merespons keluhan saya,4,0.1837918353330011,3,High
FB01477,Bagaimana cara mengganti PIN kartu,ATM,Branch,neutral,bagaimana cara mengganti pin kartu,2,0.04933707118670494,1,Medium
FB01867,Transfer berhasil tanpa masalah,Card,Branch,positive,transfer berhasil tanpa masalah,6,1.614786542755145e-06,0,Low
FB01456,Saya ingin informasi tentang produk tabungan,ATM,Mobile App,neutral,saya ingin informasi tentang produk tabungan,2,0.16840665324179388,1,Medium
FB00312,Saya kecewa karena biaya administrasi terlalu tinggi,Loan,Branch,negative,saya kecewa karena biaya administrasi terlalu tinggi,5,0.1152856150730353,3,High
FB00963,Pelayanan customer service sangat cepat dan membantu,Loan,Call Center,positive,pelayanan customer service sangat cepat dan membantu,4,0.21081811532378333,0,Low
FB00406,Petugas bank ramah dan profesional,ATM,Mobile App,positive,petugas bank ramah dan profesional,1,0.031096285002941575,0,Low
FB01331,Proses pengajuan kredit terlalu lama,Mobile Banking,Mobile App,negative,proses pengajuan kredit terlalu lama,5,0.2129058517153481,3,High
FB01650,Customer service lambat merespons keluhan saya,Card,Email,negative,customer service lambat merespons keluhan saya,4,0.1837918353330011,3,High
FB00310,Customer service lambat merespons keluhan saya,Transaction,Email,negative,customer service lambat merespons keluhan saya,4,0.1837918353330011,3,High
FB00227,Transfer berhasil tanpa masalah,Customer Service,Branch,positive,transfer berhasil tanpa masalah,6,1.614786542755145e-06,0,Low
FB01858,Saya ingin mengetahui limit kartu kredit,Customer Service,Call Center,neutral,saya ingin mengetahui limit kartu kredit,2,0.25019283653826707,1,Medium
FB00711,Proses pengajuan kredit terlalu lama,Loan,Mobile App,negative,proses pengajuan kredit terlalu lama,5,0.2129058517153481,3,High
FB01944,Proses transaksi berjalan lancar dan cepat,Card,ATM,positive,proses transaksi berjalan lancar dan cepat,4,0.10629773296912669,0,Low
FB01384,Proses transaksi berjalan lancar dan cepat,Card,ATM,positive,proses transaksi berjalan lancar dan cepat,4,0.10629773296912669,0,Low
FB01786,Petugas bank ramah dan profesional,Mobile Banking,Mobile App,positive,petugas bank ramah dan profesional,1,0.031096285002941575,0,Low
FB00149,Transaksi saya gagal dan saldo belum kembali,Transaction,ATM,negative,transaksi saya gagal dan saldo belum kembali,4,0.07976518594179097,3,High
FB01555,Saya tidak puas dengan pelayanan bank,Mobile Banking,Email,negative,saya tidak puas dengan pelayanan bank,1,0.09336184129421808,3,High
FB01957,Bagaimana cara mengganti PIN kartu,Loan,Branch,neutral,bagaimana cara mengganti pin kartu,2,0.04933707118670494,1,Medium
FB00926,Petugas bank ramah dan profesional,Transaction,Mobile App,positive,petugas bank ramah dan profesional,1,0.031096285002941575,0,Low
FB00943,Pelayanan customer service sangat cepat dan membantu,Card,Call Center,positive,pelayanan customer service sangat cepat dan membantu,4,0.21081811532378333,0,Low
FB00837,Bagaimana cara mengganti PIN kartu,Loan,Branch,neutral,bagaimana cara mengganti pin kartu,2,0.04933707118670494,1,Medium
FB00576,Saya ingin informasi tentang produk tabungan,Transaction,Mobile App,neutral,saya ingin informasi tentang produk tabungan,2,0.16840665324179388,1,Medium
FB00558,Saya ingin mengetahui limit kartu kredit,Card,Call Center,neutral,saya ingin mengetahui limit kartu kredit,2,0.25019283653826707,1,Medium
FB01236,Saya ingin informasi tentang produk tabungan,Loan,Mobile App,neutral,saya ingin informasi tentang produk tabungan,2,0.16840665324179388,1,Medium
FB01361,Saya sangat puas dengan layanan bank ini,Customer Service,Mobile App,positive,saya sangat puas dengan layanan bank ini,1,0.09265928272652466,0,Low
FB01348,Aplikasi banking sering error saat saya gunakan,Loan,Call Center,negative,aplikasi banking sering error saat saya gunakan,3,0.1701897356859821,3,High
FB01162,Aplikasi mobile banking sangat mudah digunakan,ATM,Branch,positive,aplikasi mobile banking sangat mudah digunakan,6,0.20989998208001634,0,Low
FB01443,Pelayanan customer service sangat cepat dan membantu,Mobile Banking,Call Center,positive,pelayanan customer service sangat cepat dan membantu,4,0.21081811532378333,0,Low
FB00287,Transfer berhasil tanpa masalah,ATM,Branch,positive,transfer berhasil tanpa masalah,6,1.614786542755145e-06,0,Low
FB01605,Saya suka fitur mobile banking yang lengkap,Transaction,Email,positive,saya suka fitur mobile banking yang lengkap,6,0.22314460568451358,0,Low
FB01058,Saya ingin mengetahui limit kartu kredit,Mobile Banking,Call Center,neutral,saya ingin mengetahui limit kartu kredit,2,0.25019283653826707,1,Medium
FB00599,Apa syarat pengajuan KPR,Loan,ATM,neutral,apa syarat pengajuan kpr,5,0.16188235170437767,1,Medium
FB00933,ATM sering tidak bisa digunakan,Transaction,Call Center,negative,atm sering tidak bisa digunakan,3,0.21136854725851217,3,High
FB01462,Aplikasi mobile banking sangat mudah digunakan,Savings,Branch,positive,aplikasi mobile banking sangat mudah digunakan,6,0.20989998208001634,0,Low
FB01638,Saya ingin mengetahui limit kartu kredit,ATM,Call Center,neutral,saya ingin mengetahui limit kartu kredit,2,0.25019283653826707,1,Medium
FB01588,Aplikasi banking sering error saat saya gunakan,Savings,Call Center,negative,aplikasi banking sering error saat saya gunakan,3,0.1701897356859821,3,High
FB01041,Saya sangat puas dengan layanan bank ini,Card,Mobile App,positive,saya sangat puas dengan layanan bank ini,1,0.09265928272652466,0,Low
FB01231,Proses pengajuan kredit terlalu lama,Savings,Mobile App,negative,proses pengajuan kredit terlalu lama,5,0.2129058517153481,3,High
FB00807,Transfer berhasil tanpa masalah,Transaction,Branch,positive,transfer berhasil tanpa masalah,6,1.614786542755145e-06,0,Low
FB00905,Saya suka fitur mobile banking yang lengkap,Transaction,Email,positive,saya suka fitur mobile banking yang lengkap,6,0.22314460568451358,0,Low
FB01680,Saya ingin mengetahui jam operasional cabang,ATM,Email,neutral,saya ingin mengetahui jam operasional cabang,2,0.2455238818801823,1,Medium
FB01205,Saya suka fitur mobile banking yang lengkap,Mobile Banking,Email,positive,saya suka fitur mobile banking yang lengkap,6,0.22314460568451358,0,Low
FB00768,Aplikasi banking sering error saat saya gunakan,Card,Call Center,negative,aplikasi banking sering error saat saya gunakan,3,0.1701897356859821,3,High
FB00610,Customer service lambat merespons keluhan saya,Mobile Banking,Email,negative,customer service lambat merespons keluhan saya,4,0.1837918353330011,3,High
FB01993,ATM sering tidak bisa digunakan,Card,Call Center,negative,atm sering tidak bisa digunakan,3,0.21136854725851217,3,High
FB01565,Saya suka fitur mobile banking yang lengkap,Loan,Email,positive,saya suka fitur mobile banking yang lengkap,6,0.22314460568451358,0,Low
FB01423,Pelayanan customer service sangat cepat dan membantu,Transaction,Call Center,positive,pelayanan customer service sangat cepat dan membantu,4,0.21081811532378333,0,Low
FB01011,Proses pengajuan kredit terlalu lama,Customer Service,Mobile App,negative,proses pengajuan kredit terlalu lama,5,0.2129058517153481,3,High
FB00494,Aplikasi sulit digunakan dan sering logout,Loan,ATM,negative,aplikasi sulit digunakan dan sering logout,3,0.242213474053518,3,High
FB01321,Saya sangat puas dengan layanan bank ini,Card,Mobile App,positive,saya sangat puas dengan layanan bank ini,1,0.09265928272652466,0,Low
FB00278,Saya ingin mengetahui limit kartu kredit,Card,Call Center,neutral,saya ingin mengetahui limit kartu kredit,2,0.25019283653826707,1,Medium
FB01847,Transfer berhasil tanpa masalah,Savings,Branch,positive,transfer berhasil tanpa masalah,6,1.614786542755145e-06,0,Low
FB00359,Apa syarat pengajuan KPR,Transaction,ATM,neutral,apa syarat pengajuan kpr,5,0.16188235170437767,1,Medium
FB01111,Proses pengajuan kredit terlalu lama,Card,Mobile App,negative,proses pengajuan kredit terlalu lama,5,0.2129058517153481,3,High
FB00237,Bagaimana cara mengganti PIN kartu,Savings,Branch,neutral,bagaimana cara mengganti pin kartu,2,0.04933707118670494,1,Medium
FB00552,Saya kecewa karena biaya administrasi terlalu tinggi,Savings,Branch,negative,saya kecewa karena biaya administrasi terlalu tinggi,5,0.1152856150730353,3,High
FB01868,Aplikasi banking sering error saat saya gunakan,Savings,Call Center,negative,aplikasi banking sering error saat saya gunakan,3,0.1701897356859821,3,High
FB01813,ATM sering tidak bisa digunakan,ATM,Call Center,negative,atm sering tidak bisa digunakan,3,0.21136854725851217,3,High
FB00209,Transaksi saya gagal dan saldo belum kembali,Savings,ATM,negative,transaksi saya gagal dan saldo belum kembali,4,0.07976518594179097,3,High
FB01387,Transfer berhasil tanpa masalah,Mobile Banking,Branch,positive,transfer berhasil tanpa masalah,6,1.614786542755145e-06,0,Low
FB01561,Saya sangat puas dengan layanan bank ini,ATM,Mobile App,positive,saya sangat puas dengan layanan bank ini,1,0.09265928272652466,0,Low
FB00059,Apa syarat pengajuan KPR,Customer Service,ATM,neutral,apa syarat pengajuan kpr,5,0.16188235170437767,1,Medium
FB00632,Saya kecewa karena biaya administrasi terlalu tinggi,Transaction,Branch,negative,saya kecewa karena biaya administrasi terlalu tinggi,5,0.1152856150730353,3,High
FB01962,Aplikasi mobile banking sangat mudah digunakan,Transaction,Branch,positive,aplikasi mobile banking sangat mudah digunakan,6,0.20989998208001634,0,Low
FB01860,Saya ingin mengetahui jam operasional cabang,Card,Email,neutral,saya ingin mengetahui jam operasional cabang,2,0.2455238818801823,1,Medium
FB01817,Bagaimana cara mengganti PIN kartu,Loan,Branch,neutral,bagaimana cara mengganti pin kartu,2,0.04933707118670494,1,Medium
FB00364,Proses transaksi berjalan lancar dan cepat,ATM,ATM,positive,proses transaksi berjalan lancar dan cepat,4,0.10629773296912669,0,Low
FB00506,Petugas bank ramah dan profesional,Transaction,Mobile App,positive,petugas bank ramah dan profesional,1,0.031096285002941575,0,Low
FB01166,Petugas bank ramah dan profesional,Loan,Mobile App,positive,petugas bank ramah dan profesional,1,0.031096285002941575,0,Low
FB01122,Aplikasi mobile banking sangat mudah digunakan,Transaction,Branch,positive,aplikasi mobile banking sangat mudah digunakan,6,0.20989998208001634,0,Low
FB01630,Customer service lambat merespons keluhan saya,Savings,Email,negative,customer service lambat merespons keluhan saya,4,0.1837918353330011,3,High
FB01217,Bagaimana cara mengganti PIN kartu,Savings,Branch,neutral,bagaimana cara mengganti pin kartu,2,0.04933707118670494,1,Medium
FB01152,Saya kecewa karena biaya administrasi terlalu tinggi,Loan,Branch,negative,saya kecewa karena biaya administrasi terlalu tinggi,5,0.1152856150730353,3,High
FB01125,Saya suka fitur mobile banking yang lengkap,Card,Email,positive,saya suka fitur mobile banking yang lengkap,6,0.22314460568451358,0,Low
FB01595,Saya tidak puas dengan pelayanan bank,Savings,Email,negative,saya tidak puas dengan pelayanan bank,1,0.09336184129421808,3,High
FB00119,Apa syarat pengajuan KPR,ATM,ATM,neutral,apa syarat pengajuan kpr,5,0.16188235170437767,1,Medium
FB01250,Customer service lambat merespons keluhan saya,Loan,Email,negative,customer service lambat merespons keluhan saya,4,0.1837918353330011,3,High
FB01994,Aplikasi sulit digunakan dan sering logout,Savings,ATM,negative,aplikasi sulit digunakan dan sering logout,3,0.242213474053518,3,High
FB00523,Pelayanan customer service sangat cepat dan membantu,Card,Call Center,positive,pelayanan customer service sangat cepat dan membantu,4,0.21081811532378333,0,Low
FB00514,Aplikasi sulit digunakan dan sering logout,Customer Service,ATM,negative,aplikasi sulit digunakan dan sering logout,3,0.242213474053518,3,High
FB00082,Aplikasi mobile banking sangat mudah digunakan,Card,Branch,positive,aplikasi mobile banking sangat mudah digunakan,6,0.20989998208001634,0,Low
FB00916,Saya ingin informasi tentang produk tabungan,Savings,Mobile App,neutral,saya ingin informasi tentang produk tabungan,2,0.16840665324179388,1,Medium
FB01019,Apa syarat pengajuan KPR,Loan,ATM,neutral,apa syarat pengajuan kpr,5,0.16188235170437767,1,Medium
FB00381,Saya sangat puas dengan layanan bank ini,Customer Service,Mobile App,positive,saya sangat puas dengan layanan bank ini,1,0.09265928272652466,0,Low
FB01030,Customer service lambat merespons keluhan saya,Mobile Banking,Email,negative,customer service lambat merespons keluhan saya,4,0.1837918353330011,3,High
FB01689,Transaksi saya gagal dan saldo belum kembali,Transaction,ATM,negative,transaksi saya gagal dan saldo belum kembali,4,0.07976518594179097,3,High
FB00085,Saya suka fitur mobile banking yang lengkap,Mobile Banking,Email,positive,saya suka fitur mobile banking yang lengkap,6,0.22314460568451358,0,Low
FB01678,Saya ingin mengetahui limit kartu kredit,Card,Call Center,neutral,saya ingin mengetahui limit kartu kredit,2,0.25019283653826707,1,Medium
FB00330,Customer service lambat merespons keluhan saya,Mobile Banking,Email,negative,customer service lambat merespons keluhan saya,4,0.1837918353330011,3,High
FB00007,Transfer berhasil tanpa masalah,ATM,Branch,positive,transfer berhasil tanpa masalah,6,1.614786542755145e-06,0,Low
FB00746,Petugas bank ramah dan profesional,Loan,Mobile App,positive,petugas bank ramah dan profesional,1,0.031096285002941575,0,Low
FB01554,Aplikasi sulit digunakan dan sering logout,ATM,ATM,negative,aplikasi sulit digunakan dan sering logout,3,0.242213474053518,3,High
FB00915,Saya tidak puas dengan pelayanan bank,Card,Email,negative,saya tidak puas dengan pelayanan bank,1,0.09336184129421808,3,High
FB00874,Aplikasi sulit digunakan dan sering logout,Savings,ATM,negative,aplikasi sulit digunakan dan sering logout,3,0.242213474053518,3,High
FB00452,Saya kecewa karena biaya administrasi terlalu tinggi,Loan,Branch,negative,saya kecewa karena biaya administrasi terlalu tinggi,5,0.1152856150730353,3,High
FB00491,Proses pengajuan kredit terlalu lama,Mobile Banking,Mobile App,negative,proses pengajuan kredit terlalu lama,5,0.2129058517153481,3,High
FB01481,Saya sangat puas dengan layanan bank ini,Loan,Mobile App,positive,saya sangat puas dengan layanan bank ini,1,0.09265928272652466,0,Low
FB00288,Aplikasi banking sering error saat saya gunakan,Mobile Banking,Call Center,negative,aplikasi banking sering error saat saya gunakan,3,0.1701897356859821,3,High
FB00949,Transaksi saya gagal dan saldo belum kembali,Loan,ATM,negative,transaksi saya gagal dan saldo belum kembali,4,0.07976518594179097,3,High
FB01986,Petugas bank ramah dan profesional,Card,Mobile App,positive,petugas bank ramah dan profesional,1,0.031096285002941575,0,Low
FB01369,Transaksi saya gagal dan saldo belum kembali,Loan,ATM,negative,transaksi saya gagal dan saldo belum kembali,4,0.07976518594179097,3,High
FB01147,Transfer berhasil tanpa masalah,Savings,Branch,positive,transfer berhasil tanpa masalah,6,1.614786542755145e-06,0,Low
FB00706,Petugas bank ramah dan profesional,Savings,Mobile App,positive,petugas bank ramah dan profesional,1,0.031096285002941575,0,Low
FB01727,Transfer berhasil tanpa masalah,Card,Branch,positive,transfer berhasil tanpa masalah,6,1.614786542755145e-06,0,Low
FB01702,Aplikasi mobile banking sangat mudah digunakan,Mobile Banking,Branch,positive,aplikasi mobile banking sangat mudah digunakan,6,0.20989998208001634,0,Low
FB01629,Transaksi saya gagal dan saldo belum kembali,Card,ATM,negative,transaksi saya gagal dan saldo belum kembali,4,0.07976518594179097,3,High
FB01600,Saya ingin mengetahui jam operasional cabang,Loan,Email,neutral,saya ingin mengetahui jam operasional cabang,2,0.2455238818801823,1,Medium
FB01539,Apa syarat pengajuan KPR,Savings,ATM,neutral,apa syarat pengajuan kpr,5,0.16188235170437767,1,Medium
FB01406,Petugas bank ramah dan profesional,Savings,Mobile App,positive,petugas bank ramah dan profesional,1,0.031096285002941575,0,Low
FB01651,Proses pengajuan kredit terlalu lama,Savings,Mobile App,negative,proses pengajuan kredit terlalu lama,5,0.2129058517153481,3,High
FB00328,Aplikasi banking sering error saat saya gunakan,Savings,Call Center,negative,aplikasi banking sering error saat saya gunakan,3,0.1701897356859821,3,High
FB00443,Pelayanan customer service sangat cepat dan membantu,Transaction,Call Center,positive,pelayanan customer service sangat cepat dan membantu,4,0.21081811532378333,0,Low
FB00775,Saya tidak puas dengan pelayanan bank,Card,Email,negative,saya tidak puas dengan pelayanan bank,1,0.09336184129421808,3,High
FB01088,Aplikasi banking sering error saat saya gunakan,Customer Service,Call Center,negative,aplikasi banking sering error saat saya gunakan,3,0.1701897356859821,3,High
FB01221,Saya sangat puas dengan layanan bank ini,Customer Service,Mobile App,positive,saya sangat puas dengan layanan bank ini,1,0.09265928272652466,0,Low
FB01636,Saya ingin informasi tentang produk tabungan,Card,Mobile App,neutral,saya ingin informasi tentang produk tabungan,2,0.16840665324179388,1,Medium
FB00178,Saya ingin mengetahui limit kartu kredit,Customer Service,Call Center,neutral,saya ingin mengetahui limit kartu kredit,2,0.25019283653826707,1,Medium
FB01323,Pelayanan customer service sangat cepat dan membantu,ATM,Call Center,positive,pelayanan customer service sangat cepat dan membantu,4,0.21081811532378333,0,Low
FB00705,Saya suka fitur mobile banking yang lengkap,Card,Email,positive,saya suka fitur mobile banking yang lengkap,6,0.22314460568451358,0,Low
FB00087,Transfer berhasil tanpa masalah,Customer Service,Branch,positive,transfer berhasil tanpa masalah,6,1.614786542755145e-06,0,Low
FB01884,Proses transaksi berjalan lancar dan cepat,Mobile Banking,ATM,positive,proses transaksi berjalan lancar dan cepat,4,0.10629773296912669,0,Low
FB01948,Aplikasi banking sering error saat saya gunakan,Transaction,Call Center,negative,aplikasi banking sering error saat saya gunakan,3,0.1701897356859821,3,High
FB00458,Saya ingin mengetahui limit kartu kredit,Customer Service,Call Center,neutral,saya ingin mengetahui limit kartu kredit,2,0.25019283653826707,1,Medium
FB01829,Transaksi saya gagal dan saldo belum kembali,Transaction,ATM,negative,transaksi saya gagal dan saldo belum kembali,4,0.07976518594179097,3,High
FB00055,Saya tidak puas dengan pelayanan bank,Savings,Email,negative,saya tidak puas dengan pelayanan bank,1,0.09336184129421808,3,High
FB01502,Aplikasi mobile banking sangat mudah digunakan,Loan,Branch,positive,aplikasi mobile banking sangat mudah digunakan,6,0.20989998208001634,0,Low
FB00644,Proses transaksi berjalan lancar dan cepat,ATM,ATM,positive,proses transaksi berjalan lancar dan cepat,4,0.10629773296912669,0,Low
FB00678,Saya ingin mengetahui limit kartu kredit,Savings,Call Center,neutral,saya ingin mengetahui limit kartu kredit,2,0.25019283653826707,1,Medium
FB00222,Aplikasi mobile banking sangat mudah digunakan,Card,Branch,positive,aplikasi mobile banking sangat mudah digunakan,6,0.20989998208001634,0,Low
FB00114,Aplikasi sulit digunakan dan sering logout,Transaction,ATM,negative,aplikasi sulit digunakan dan sering logout,3,0.242213474053518,3,High
FB00983,Pelayanan customer service sangat cepat dan membantu,Customer Service,Call Center,positive,pelayanan customer service sangat cepat dan membantu,4,0.21081811532378333,0,Low
FB01229,Transaksi saya gagal dan saldo belum kembali,Loan,ATM,negative,transaksi saya gagal dan saldo belum kembali,4,0.07976518594179097,3,High
FB01000,Saya ingin mengetahui jam operasional cabang,Savings,Email,neutral,saya ingin mengetahui jam operasional cabang,2,0.2455238818801823,1,Medium
FB00175,Saya tidak puas dengan pelayanan bank,ATM,Email,negative,saya tidak puas dengan pelayanan bank,1,0.09336184129421808,3,High
FB00782,Aplikasi mobile banking sangat mudah digunakan,Card,Branch,positive,aplikasi mobile banking sangat mudah digunakan,6,0.20989998208001634,0,Low
FB00590,Customer service lambat merespons keluhan saya,Transaction,Email,negative,customer service lambat merespons keluhan saya,4,0.1837918353330011,3,High
FB01560,Saya ingin mengetahui jam operasional cabang,Savings,Email,neutral,saya ingin mengetahui jam operasional cabang,2,0.2455238818801823,1,Medium
FB00019,Apa syarat pengajuan KPR,Card,ATM,neutral,apa syarat pengajuan kpr,5,0.16188235170437767,1,Medium
FB00424,Proses transaksi berjalan lancar dan cepat,Loan,ATM,positive,proses transaksi berjalan lancar dan cepat,4,0.10629773296912669,0,Low
FB01344,Proses transaksi berjalan lancar dan cepat,ATM,ATM,positive,proses transaksi berjalan lancar dan cepat,4,0.10629773296912669,0,Low
FB00286,Petugas bank ramah dan profesional,Savings,Mobile App,positive,petugas bank ramah dan profesional,1,0.031096285002941575,0,Low
FB01584,Proses transaksi berjalan lancar dan cepat,Transaction,ATM,positive,proses transaksi berjalan lancar dan cepat,4,0.10629773296912669,0,Low
FB00429,Transaksi saya gagal dan saldo belum kembali,Transaction,ATM,negative,transaksi saya gagal dan saldo belum kembali,4,0.07976518594179097,3,High
FB01510,Customer service lambat merespons keluhan saya,Card,Email,negative,customer service lambat merespons keluhan saya,4,0.1837918353330011,3,High
FB01319,Apa syarat pengajuan KPR,Customer Service,ATM,neutral,apa syarat pengajuan kpr,5,0.16188235170437767,1,Medium
FB00670,Customer service lambat merespons keluhan saya,Card,Email,negative,customer service lambat merespons keluhan saya,4,0.1837918353330011,3,High
FB00032,Saya kecewa karena biaya administrasi terlalu tinggi,Loan,Branch,negative,saya kecewa karena biaya administrasi terlalu tinggi,5,0.1152856150730353,3,High
FB00941,Saya sangat puas dengan layanan bank ini,Customer Service,Mobile App,positive,saya sangat puas dengan layanan bank ini,1,0.09265928272652466,0,Low
FB00723,Pelayanan customer service sangat cepat dan membantu,Transaction,Call Center,positive,pelayanan customer service sangat cepat dan membantu,4,0.21081811532378333,0,Low
FB00995,Saya tidak puas dengan pelayanan bank,Mobile Banking,Email,negative,saya tidak puas dengan pelayanan bank,1,0.09336184129421808,3,High
FB00215,Saya tidak puas dengan pelayanan bank,Card,Email,negative,saya tidak puas dengan pelayanan bank,1,0.09336184129421808,3,High
FB00814,Aplikasi sulit digunakan dan sering logout,Transaction,ATM,negative,aplikasi sulit digunakan dan sering logout,3,0.242213474053518,3,High
FB00327,Transfer berhasil tanpa masalah,Card,Branch,positive,transfer berhasil tanpa masalah,6,1.614786542755145e-06,0,Low
FB00561,Saya sangat puas dengan layanan bank ini,Mobile Banking,Mobile App,positive,saya sangat puas dengan layanan bank ini,1,0.09265928272652466,0,Low
FB01113,ATM sering tidak bisa digunakan,ATM,Call Center,negative,atm sering tidak bisa digunakan,3,0.21136854725851217,3,High
FB00701,Saya sangat puas dengan layanan bank ini,Mobile Banking,Mobile App,positive,saya sangat puas dengan layanan bank ini,1,0.09265928272652466,0,Low
FB01579,Apa syarat pengajuan KPR,Loan,ATM,neutral,apa syarat pengajuan kpr,5,0.16188235170437767,1,Medium
FB01190,Customer service lambat merespons keluhan saya,ATM,Email,negative,customer service lambat merespons keluhan saya,4,0.1837918353330011,3,High
FB00342,Aplikasi mobile banking sangat mudah digunakan,Savings,Branch,positive,aplikasi mobile banking sangat mudah digunakan,6,0.20989998208001634,0,Low
FB00630,Customer service lambat merespons keluhan saya,ATM,Email,negative,customer service lambat merespons keluhan saya,4,0.1837918353330011,3,High
FB00148,Aplikasi banking sering error saat saya gunakan,Mobile Banking,Call Center,negative,aplikasi banking sering error saat saya gunakan,3,0.1701897356859821,3,High
FB01310,Customer service lambat merespons keluhan saya,Mobile Banking,Email,negative,customer service lambat merespons keluhan saya,4,0.1837918353330011,3,High
FB00361,Saya sangat puas dengan layanan bank ini,Loan,Mobile App,positive,saya sangat puas dengan layanan bank ini,1,0.09265928272652466,0,Low
FB00084,Proses transaksi berjalan lancar dan cepat,ATM,ATM,positive,proses transaksi berjalan lancar dan cepat,4,0.10629773296912669,0,Low
FB00049,Transaksi saya gagal dan saldo belum kembali,ATM,ATM,negative,transaksi saya gagal dan saldo belum kembali,4,0.07976518594179097,3,High
FB00469,Transaksi saya gagal dan saldo belum kembali,ATM,ATM,negative,transaksi saya gagal dan saldo belum kembali,4,0.07976518594179097,3,High
FB00156,Saya ingin informasi tentang produk tabungan,Transaction,Mobile App,neutral,saya ingin informasi tentang produk tabungan,2,0.16840665324179388,1,Medium
FB00773,ATM sering tidak bisa digunakan,Customer Service,Call Center,negative,atm sering tidak bisa digunakan,3,0.21136854725851217,3,High
FB01240,Saya ingin mengetahui jam operasional cabang,Mobile Banking,Email,neutral,saya ingin mengetahui jam operasional cabang,2,0.2455238818801823,1,Medium
FB01201,Saya sangat puas dengan layanan bank ini,Loan,Mobile App,positive,saya sangat puas dengan layanan bank ini,1,0.09265928272652466,0,Low
FB01403,Pelayanan customer service sangat cepat dan membantu,Customer Service,Call Center,positive,pelayanan customer service sangat cepat dan membantu,4,0.21081811532378333,0,Low
FB01203,Pelayanan customer service sangat cepat dan membantu,Savings,Call Center,positive,pelayanan customer service sangat cepat dan membantu,4,0.21081811532378333,0,Low
FB01631,Proses pengajuan kredit terlalu lama,ATM,Mobile App,negative,proses pengajuan kredit terlalu lama,5,0.2129058517153481,3,High
FB00501,Saya sangat puas dengan layanan bank ini,Loan,Mobile App,positive,saya sangat puas dengan layanan bank ini,1,0.09265928272652466,0,Low
FB01765,Saya suka fitur mobile banking yang lengkap,Mobile Banking,Email,positive,saya suka fitur mobile banking yang lengkap,6,0.22314460568451358,0,Low
FB00180,Saya ingin mengetahui jam operasional cabang,Card,Email,neutral,saya ingin mengetahui jam operasional cabang,2,0.2455238818801823,1,Medium
FB01048,Aplikasi banking sering error saat saya gunakan,Card,Call Center,negative,aplikasi banking sering error saat saya gunakan,3,0.1701897356859821,3,High
FB01756,Saya ingin informasi tentang produk tabungan,Savings,Mobile App,neutral,saya ingin informasi tentang produk tabungan,2,0.16840665324179388,1,Medium
FB00951,Proses pengajuan kredit terlalu lama,Savings,Mobile App,negative,proses pengajuan kredit terlalu lama,5,0.2129058517153481,3,High
FB01317,Bagaimana cara mengganti PIN kartu,Mobile Banking,Branch,neutral,bagaimana cara mengganti pin kartu,2,0.04933707118670494,1,Medium
FB01620,Saya ingin mengetahui jam operasional cabang,Customer Service,Email,neutral,saya ingin mengetahui jam operasional cabang,2,0.2455238818801823,1,Medium
FB00529,Transaksi saya gagal dan saldo belum kembali,Loan,ATM,negative,transaksi saya gagal dan saldo belum kembali,4,0.07976518594179097,3,High
FB00347,Transfer berhasil tanpa masalah,Loan,Branch,positive,transfer berhasil tanpa masalah,6,1.614786542755145e-06,0,Low
FB01388,Aplikasi banking sering error saat saya gunakan,Transaction,Call Center,negative,aplikasi banking sering error saat saya gunakan,3,0.1701897356859821,3,High
FB01961,Saya sangat puas dengan layanan bank ini,Mobile Banking,Mobile App,positive,saya sangat puas dengan layanan bank ini,1,0.09265928272652466,0,Low
FB01051,Proses pengajuan kredit terlalu lama,Mobile Banking,Mobile App,negative,proses pengajuan kredit terlalu lama,5,0.2129058517153481,3,High
FB01973,ATM sering tidak bisa digunakan,Savings,Call Center,negative,atm sering tidak bisa digunakan,3,0.21136854725851217,3,High
FB01442,Aplikasi mobile banking sangat mudah digunakan,ATM,Branch,positive,aplikasi mobile banking sangat mudah digunakan,6,0.20989998208001634,0,Low
FB00602,Aplikasi mobile banking sangat mudah digunakan,ATM,Branch,positive,aplikasi mobile banking sangat mudah digunakan,6,0.20989998208001634,0,Low
FB01282,Aplikasi mobile banking sangat mudah digunakan,Mobile Banking,Branch,positive,aplikasi mobile banking sangat mudah digunakan,6,0.20989998208001634,0,Low
FB00244,Proses transaksi berjalan lancar dan cepat,Savings,ATM,positive,proses transaksi berjalan lancar dan cepat,4,0.10629773296912669,0,Low
FB01337,Bagaimana cara mengganti PIN kartu,ATM,Branch,neutral,bagaimana cara mengganti pin kartu,2,0.04933707118670494,1,Medium
FB01068,Aplikasi banking sering error saat saya gunakan,Loan,Call Center,negative,aplikasi banking sering error saat saya gunakan,3,0.1701897356859821,3,High
FB01476,Saya ingin informasi tentang produk tabungan,Savings,Mobile App,neutral,saya ingin informasi tentang produk tabungan,2,0.16840665324179388,1,Medium
FB00313,ATM sering tidak bisa digunakan,Card,Call Center,negative,atm sering tidak bisa digunakan,3,0.21136854725851217,3,High
FB00436,Saya ingin informasi tentang produk tabungan,Transaction,Mobile App,neutral,saya ingin informasi tentang produk tabungan,2,0.16840665324179388,1,Medium
FB01899,Apa syarat pengajuan KPR,Transaction,ATM,neutral,apa syarat pengajuan kpr,5,0.16188235170437767,1,Medium
FB01329,Transaksi saya gagal dan saldo belum kembali,Savings,ATM,negative,transaksi saya gagal dan saldo belum kembali,4,0.07976518594179097,3,High
FB00309,Transaksi saya gagal dan saldo belum kembali,Mobile Banking,ATM,negative,transaksi saya gagal dan saldo belum kembali,4,0.07976518594179097,3,High
FB00431,Proses pengajuan kredit terlalu lama,Loan,Mobile App,negative,proses pengajuan kredit terlalu lama,5,0.2129058517153481,3,High
FB00661,Saya sangat puas dengan layanan bank ini,Customer Service,Mobile App,positive,saya sangat puas dengan layanan bank ini,1,0.09265928272652466,0,Low
FB00371,Proses pengajuan kredit terlalu lama,ATM,Mobile App,negative,proses pengajuan kredit terlalu lama,5,0.2129058517153481,3,High
FB00567,Transfer berhasil tanpa masalah,ATM,Branch,positive,transfer berhasil tanpa masalah,6,1.614786542755145e-06,0,Low
FB00980,Saya ingin mengetahui jam operasional cabang,ATM,Email,neutral,saya ingin mengetahui jam operasional cabang,2,0.2455238818801823,1,Medium
FB00182,Aplikasi mobile banking sangat mudah digunakan,ATM,Branch,positive,aplikasi mobile banking sangat mudah digunakan,6,0.20989998208001634,0,Low
FB01363,Pelayanan customer service sangat cepat dan membantu,Card,Call Center,positive,pelayanan customer service sangat cepat dan membantu,4,0.21081811532378333,0,Low
FB00622,Aplikasi mobile banking sangat mudah digunakan,Savings,Branch,positive,aplikasi mobile banking sangat mudah digunakan,6,0.20989998208001634,0,Low
FB00819,Apa syarat pengajuan KPR,ATM,ATM,neutral,apa syarat pengajuan kpr,5,0.16188235170437767,1,Medium
FB01193,ATM sering tidak bisa digunakan,Customer Service,Call Center,negative,atm sering tidak bisa digunakan,3,0.21136854725851217,3,High
FB00953,ATM sering tidak bisa digunakan,Mobile Banking,Call Center,negative,atm sering tidak bisa digunakan,3,0.21136854725851217,3,High
FB01422,Aplikasi mobile banking sangat mudah digunakan,Mobile Banking,Branch,positive,aplikasi mobile banking sangat mudah digunakan,6,0.20989998208001634,0,Low
FB01841,Saya sangat puas dengan layanan bank ini,ATM,Mobile App,positive,saya sangat puas dengan layanan bank ini,1,0.09265928272652466,0,Low
FB00923,Pelayanan customer service sangat cepat dan membantu,Savings,Call Center,positive,pelayanan customer service sangat cepat dan membantu,4,0.21081811532378333,0,Low
FB01074,Aplikasi sulit digunakan dan sering logout,Customer Service,ATM,negative,aplikasi sulit digunakan dan sering logout,3,0.242213474053518,3,High
FB00297,Bagaimana cara mengganti PIN kartu,Customer Service,Branch,neutral,bagaimana cara mengganti pin kartu,2,0.04933707118670494,1,Medium
FB00967,Transfer berhasil tanpa masalah,Mobile Banking,Branch,positive,transfer berhasil tanpa masalah,6,1.614786542755145e-06,0,Low
FB00462,Aplikasi mobile banking sangat mudah digunakan,ATM,Branch,positive,aplikasi mobile banking sangat mudah digunakan,6,0.20989998208001634,0,Low
FB01303,Pelayanan customer service sangat cepat dan membantu,Mobile Banking,Call Center,positive,pelayanan customer service sangat cepat dan membantu,4,0.21081811532378333,0,Low
FB01177,Bagaimana cara mengganti PIN kartu,Mobile Banking,Branch,neutral,bagaimana cara mengganti pin kartu,2,0.04933707118670494,1,Medium
FB00378,Saya ingin mengetahui limit kartu kredit,ATM,Call Center,neutral,saya ingin mengetahui limit kartu kredit,2,0.25019283653826707,1,Medium
FB00799,Apa syarat pengajuan KPR,Mobile Banking,ATM,neutral,apa syarat pengajuan kpr,5,0.16188235170437767,1,Medium
FB01103,Pelayanan customer service sangat cepat dan membantu,Loan,Call Center,positive,pelayanan customer service sangat cepat dan membantu,4,0.21081811532378333,0,Low
FB00106,Petugas bank ramah dan profesional,Mobile Banking,Mobile App,positive,petugas bank ramah dan profesional,1,0.031096285002941575,0,Low
FB00127,Transfer berhasil tanpa masalah,Mobile Banking,Branch,positive,transfer berhasil tanpa masalah,6,1.614786542755145e-06,0,Low
FB01996,Saya ingin informasi tentang produk tabungan,Mobile Banking,Mobile App,neutral,saya ingin informasi tentang produk tabungan,2,0.16840665324179388,1,Medium
FB00839,Apa syarat pengajuan KPR,Savings,ATM,neutral,apa syarat pengajuan kpr,5,0.16188235170437767,1,Medium
FB00356,Saya ingin informasi tentang produk tabungan,Savings,Mobile App,neutral,saya ingin informasi tentang produk tabungan,2,0.16840665324179388,1,Medium
FB01617,Bagaimana cara mengganti PIN kartu,ATM,Branch,neutral,bagaimana cara mengganti pin kartu,2,0.04933707118670494,1,Medium
FB00683,Pelayanan customer service sangat cepat dan membantu,Loan,Call Center,positive,pelayanan customer service sangat cepat dan membantu,4,0.21081811532378333,0,Low
FB00813,ATM sering tidak bisa digunakan,Mobile Banking,Call Center,negative,atm sering tidak bisa digunakan,3,0.21136854725851217,3,High
FB01681,Saya sangat puas dengan layanan bank ini,Mobile Banking,Mobile App,positive,saya sangat puas dengan layanan bank ini,1,0.09265928272652466,0,Low
FB00210,Customer service lambat merespons keluhan saya,ATM,Email,negative,customer service lambat merespons keluhan saya,4,0.1837918353330011,3,High
FB01493,ATM sering tidak bisa digunakan,Transaction,Call Center,negative,atm sering tidak bisa digunakan,3,0.21136854725851217,3,High
FB00141,Saya sangat puas dengan layanan bank ini,Mobile Banking,Mobile App,positive,saya sangat puas dengan layanan bank ini,1,0.09265928272652466,0,Low
FB01975,Saya tidak puas dengan pelayanan bank,Mobile Banking,Email,negative,saya tidak puas dengan pelayanan bank,1,0.09336184129421808,3,High
FB01340,Saya ingin mengetahui jam operasional cabang,Customer Service,Email,neutral,saya ingin mengetahui jam operasional cabang,2,0.2455238818801823,1,Medium
FB01798,Saya ingin mengetahui limit kartu kredit,Savings,Call Center,neutral,saya ingin mengetahui limit kartu kredit,2,0.25019283653826707,1,Medium
FB01575,Saya tidak puas dengan pelayanan bank,ATM,Email,negative,saya tidak puas dengan pelayanan bank,1,0.09336184129421808,3,High
FB01182,Aplikasi mobile banking sangat mudah digunakan,Savings,Branch,positive,aplikasi mobile banking sangat mudah digunakan,6,0.20989998208001634,0,Low
FB01394,Aplikasi sulit digunakan dan sering logout,Mobile Banking,ATM,negative,aplikasi sulit digunakan dan sering logout,3,0.242213474053518,3,High
FB01816,Saya ingin informasi tentang produk tabungan,Customer Service,Mobile App,neutral,saya ingin informasi tentang produk tabungan,2,0.16840665324179388,1,Medium
FB00712,Saya kecewa karena biaya administrasi terlalu tinggi,Card,Branch,negative,saya kecewa karena biaya administrasi terlalu tinggi,5,0.1152856150730353,3,High
FB01794,Aplikasi sulit digunakan dan sering logout,Transaction,ATM,negative,aplikasi sulit digunakan dan sering logout,3,0.242213474053518,3,High
FB00893,ATM sering tidak bisa digunakan,Loan,Call Center,negative,atm sering tidak bisa digunakan,3,0.21136854725851217,3,High
FB00860,Saya ingin mengetahui jam operasional cabang,Savings,Email,neutral,saya ingin mengetahui jam operasional cabang,2,0.2455238818801823,1,Medium
FB00011,Proses pengajuan kredit terlalu lama,Loan,Mobile App,negative,proses pengajuan kredit terlalu lama,5,0.2129058517153481,3,High
FB01695,Saya tidak puas dengan pelayanan bank,Mobile Banking,Email,negative,saya tidak puas dengan pelayanan bank,1,0.09336184129421808,3,High
FB01428,Aplikasi banking sering error saat saya gunakan,ATM,Call Center,negative,aplikasi banking sering error saat saya gunakan,3,0.1701897356859821,3,High
FB00283,Pelayanan customer service sangat cepat dan membantu,Customer Service,Call Center,positive,pelayanan customer service sangat cepat dan membantu,4,0.21081811532378333,0,Low
FB00811,Proses pengajuan kredit terlalu lama,Savings,Mobile App,negative,proses pengajuan kredit terlalu lama,5,0.2129058517153481,3,High
FB01342,Aplikasi mobile banking sangat mudah digunakan,Card,Branch,positive,aplikasi mobile banking sangat mudah digunakan,6,0.20989998208001634,0,Low
FB00292,Saya kecewa karena biaya administrasi terlalu tinggi,Card,Branch,negative,saya kecewa karena biaya administrasi terlalu tinggi,5,0.1152856150730353,3,High
FB00755,Saya tidak puas dengan pelayanan bank,Savings,Email,negative,saya tidak puas dengan pelayanan bank,1,0.09336184129421808,3,High
FB00627,Transfer berhasil tanpa masalah,Loan,Branch,positive,transfer berhasil tanpa masalah,6,1.614786542755145e-06,0,Low
FB00944,Proses transaksi berjalan lancar dan cepat,Savings,ATM,positive,proses transaksi berjalan lancar dan cepat,4,0.10629773296912669,0,Low
FB00862,Aplikasi mobile banking sangat mudah digunakan,Mobile Banking,Branch,positive,aplikasi mobile banking sangat mudah digunakan,6,0.20989998208001634,0,Low
FB00130,Customer service lambat merespons keluhan saya,Loan,Email,negative,customer service lambat merespons keluhan saya,4,0.1837918353330011,3,High
FB01176,Saya ingin informasi tentang produk tabungan,ATM,Mobile App,neutral,saya ingin informasi tentang produk tabungan,2,0.16840665324179388,1,Medium
FB00324,Proses transaksi berjalan lancar dan cepat,Transaction,ATM,positive,proses transaksi berjalan lancar dan cepat,4,0.10629773296912669,0,Low
FB01091,Proses pengajuan kredit terlalu lama,Savings,Mobile App,negative,proses pengajuan kredit terlalu lama,5,0.2129058517153481,3,High
FB00844,Proses transaksi berjalan lancar dan cepat,Loan,ATM,positive,proses transaksi berjalan lancar dan cepat,4,0.10629773296912669,0,Low
FB00964,Proses transaksi berjalan lancar dan cepat,Card,ATM,positive,proses transaksi berjalan lancar dan cepat,4,0.10629773296912669,0,Low
FB01865,Saya suka fitur mobile banking yang lengkap,Customer Service,Email,positive,saya suka fitur mobile banking yang lengkap,6,0.22314460568451358,0,Low
FB00866,Petugas bank ramah dan profesional,Card,Mobile App,positive,petugas bank ramah dan profesional,1,0.031096285002941575,0,Low
FB00922,Aplikasi mobile banking sangat mudah digunakan,Card,Branch,positive,aplikasi mobile banking sangat mudah digunakan,6,0.20989998208001634,0,Low
FB00696,Saya ingin informasi tentang produk tabungan,Customer Service,Mobile App,neutral,saya ingin informasi tentang produk tabungan,2,0.16840665324179388,1,Medium
FB00216,Saya ingin informasi tentang produk tabungan,Savings,Mobile App,neutral,saya ingin informasi tentang produk tabungan,2,0.16840665324179388,1,Medium
FB01781,Saya sangat puas dengan layanan bank ini,Customer Service,Mobile App,positive,saya sangat puas dengan layanan bank ini,1,0.09265928272652466,0,Low
FB01262,Aplikasi mobile banking sangat mudah digunakan,Transaction,Branch,positive,aplikasi mobile banking sangat mudah digunakan,6,0.20989998208001634,0,Low
FB00159,Apa syarat pengajuan KPR,Card,ATM,neutral,apa syarat pengajuan kpr,5,0.16188235170437767,1,Medium
FB01059,Apa syarat pengajuan KPR,Transaction,ATM,neutral,apa syarat pengajuan kpr,5,0.16188235170437767,1,Medium
FB00989,Transaksi saya gagal dan saldo belum kembali,Transaction,ATM,negative,transaksi saya gagal dan saldo belum kembali,4,0.07976518594179097,3,High
FB00842,Aplikasi mobile banking sangat mudah digunakan,Transaction,Branch,positive,aplikasi mobile banking sangat mudah digunakan,6,0.20989998208001634,0,Low
FB00635,Saya tidak puas dengan pelayanan bank,Card,Email,negative,saya tidak puas dengan pelayanan bank,1,0.09336184129421808,3,High
FB00517,Bagaimana cara mengganti PIN kartu,Savings,Branch,neutral,bagaimana cara mengganti pin kartu,2,0.04933707118670494,1,Medium
FB01429,Transaksi saya gagal dan saldo belum kembali,Mobile Banking,ATM,negative,transaksi saya gagal dan saldo belum kembali,4,0.07976518594179097,3,High
FB01748,Aplikasi banking sering error saat saya gunakan,Card,Call Center,negative,aplikasi banking sering error saat saya gunakan,3,0.1701897356859821,3,High
FB00598,Saya ingin mengetahui limit kartu kredit,Customer Service,Call Center,neutral,saya ingin mengetahui limit kartu kredit,2,0.25019283653826707,1,Medium
FB00196,Saya ingin informasi tentang produk tabungan,ATM,Mobile App,neutral,saya ingin informasi tentang produk tabungan,2,0.16840665324179388,1,Medium
FB01784,Proses transaksi berjalan lancar dan cepat,Savings,ATM,positive,proses transaksi berjalan lancar dan cepat,4,0.10629773296912669,0,Low
FB00870,Customer service lambat merespons keluhan saya,Transaction,Email,negative,customer service lambat merespons keluhan saya,4,0.1837918353330011,3,High
FB00411,Proses pengajuan kredit terlalu lama,Card,Mobile App,negative,proses pengajuan kredit terlalu lama,5,0.2129058517153481,3,High
FB00097,Bagaimana cara mengganti PIN kartu,Savings,Branch,neutral,bagaimana cara mengganti pin kartu,2,0.04933707118670494,1,Medium
FB01001,Saya sangat puas dengan layanan bank ini,ATM,Mobile App,positive,saya sangat puas dengan layanan bank ini,1,0.09265928272652466,0,Low
FB01506,Petugas bank ramah dan profesional,Mobile Banking,Mobile App,positive,petugas bank ramah dan profesional,1,0.031096285002941575,0,Low
FB00157,Bagaimana cara mengganti PIN kartu,Customer Service,Branch,neutral,bagaimana cara mengganti pin kartu,2,0.04933707118670494,1,Medium
FB00420,Saya ingin mengetahui jam operasional cabang,ATM,Email,neutral,saya ingin mengetahui jam operasional cabang,2,0.2455238818801823,1,Medium
FB01803,Pelayanan customer service sangat cepat dan membantu,Loan,Call Center,positive,pelayanan customer service sangat cepat dan membantu,4,0.21081811532378333,0,Low
FB00478,Saya ingin mengetahui limit kartu kredit,Transaction,Call Center,neutral,saya ingin mengetahui limit kartu kredit,2,0.25019283653826707,1,Medium
FB01856,Saya ingin informasi tentang produk tabungan,Mobile Banking,Mobile App,neutral,saya ingin informasi tentang produk tabungan,2,0.16840665324179388,1,Medium
FB00669,Transaksi saya gagal dan saldo belum kembali,Loan,ATM,negative,transaksi saya gagal dan saldo belum kembali,4,0.07976518594179097,3,High
FB01418,Saya ingin mengetahui limit kartu kredit,Loan,Call Center,neutral,saya ingin mengetahui limit kartu kredit,2,0.25019283653826707,1,Medium
FB01872,Saya kecewa karena biaya administrasi terlalu tinggi,Customer Service,Branch,negative,saya kecewa karena biaya administrasi terlalu tinggi,5,0.1152856150730353,3,High
FB01300,Saya ingin mengetahui jam operasional cabang,Card,Email,neutral,saya ingin mengetahui jam operasional cabang,2,0.2455238818801823,1,Medium
FB00448,Aplikasi banking sering error saat saya gunakan,ATM,Call Center,negative,aplikasi banking sering error saat saya gunakan,3,0.1701897356859821,3,High
FB00554,Aplikasi sulit digunakan dan sering logout,Mobile Banking,ATM,negative,aplikasi sulit digunakan dan sering logout,3,0.242213474053518,3,High
FB00179,Apa syarat pengajuan KPR,Loan,ATM,neutral,apa syarat pengajuan kpr,5,0.16188235170437767,1,Medium
FB00391,Proses pengajuan kredit terlalu lama,Savings,Mobile App,negative,proses pengajuan kredit terlalu lama,5,0.2129058517153481,3,High
FB00579,Apa syarat pengajuan KPR,Card,ATM,neutral,apa syarat pengajuan kpr,5,0.16188235170437767,1,Medium
FB01478,Saya ingin mengetahui limit kartu kredit,Mobile Banking,Call Center,neutral,saya ingin mengetahui limit kartu kredit,2,0.25019283653826707,1,Medium
FB01707,Transfer berhasil tanpa masalah,Savings,Branch,positive,transfer berhasil tanpa masalah,6,1.614786542755145e-06,0,Low
FB01288,Aplikasi banking sering error saat saya gunakan,ATM,Call Center,negative,aplikasi banking sering error saat saya gunakan,3,0.1701897356859821,3,High
FB01645,Saya suka fitur mobile banking yang lengkap,ATM,Email,positive,saya suka fitur mobile banking yang lengkap,6,0.22314460568451358,0,Low
FB01024,Proses transaksi berjalan lancar dan cepat,Transaction,ATM,positive,proses transaksi berjalan lancar dan cepat,4,0.10629773296912669,0,Low
FB00821,Saya sangat puas dengan layanan bank ini,Transaction,Mobile App,positive,saya sangat puas dengan layanan bank ini,1,0.09265928272652466,0,Low
FB01825,Saya suka fitur mobile banking yang lengkap,Card,Email,positive,saya suka fitur mobile banking yang lengkap,6,0.22314460568451358,0,Low
FB00985,Saya suka fitur mobile banking yang lengkap,Card,Email,positive,saya suka fitur mobile banking yang lengkap,6,0.22314460568451358,0,Low
FB01339,Apa syarat pengajuan KPR,Transaction,ATM,neutral,apa syarat pengajuan kpr,5,0.16188235170437767,1,Medium
FB00665,Saya suka fitur mobile banking yang lengkap,ATM,Email,positive,saya suka fitur mobile banking yang lengkap,6,0.22314460568451358,0,Low
FB00143,Pelayanan customer service sangat cepat dan membantu,Customer Service,Call Center,positive,pelayanan customer service sangat cepat dan membantu,4,0.21081811532378333,0,Low
FB01517,Bagaimana cara mengganti PIN kartu,Card,Branch,neutral,bagaimana cara mengganti pin kartu,2,0.04933707118670494,1,Medium
FB01430,Customer service lambat merespons keluhan saya,Transaction,Email,negative,customer service lambat merespons keluhan saya,4,0.1837918353330011,3,High
FB00865,Saya suka fitur mobile banking yang lengkap,Loan,Email,positive,saya suka fitur mobile banking yang lengkap,6,0.22314460568451358,0,Low
FB00422,Aplikasi mobile banking sangat mudah digunakan,Transaction,Branch,positive,aplikasi mobile banking sangat mudah digunakan,6,0.20989998208001634,0,Low
FB00637,Bagaimana cara mengganti PIN kartu,ATM,Branch,neutral,bagaimana cara mengganti pin kartu,2,0.04933707118670494,1,Medium
FB01407,Transfer berhasil tanpa masalah,ATM,Branch,positive,transfer berhasil tanpa masalah,6,1.614786542755145e-06,0,Low
FB00800,Saya ingin mengetahui jam operasional cabang,Transaction,Email,neutral,saya ingin mengetahui jam operasional cabang,2,0.2455238818801823,1,Medium
FB01404,Proses transaksi berjalan lancar dan cepat,Loan,ATM,positive,proses transaksi berjalan lancar dan cepat,4,0.10629773296912669,0,Low
FB00616,Saya ingin informasi tentang produk tabungan,ATM,Mobile App,neutral,saya ingin informasi tentang produk tabungan,2,0.16840665324179388,1,Medium
FB00295,Saya tidak puas dengan pelayanan bank,Mobile Banking,Email,negative,saya tidak puas dengan pelayanan bank,1,0.09336184129421808,3,High
FB00924,Proses transaksi berjalan lancar dan cepat,ATM,ATM,positive,proses transaksi berjalan lancar dan cepat,4,0.10629773296912669,0,Low
FB01269,Transaksi saya gagal dan saldo belum kembali,Transaction,ATM,negative,transaksi saya gagal dan saldo belum kembali,4,0.07976518594179097,3,High
FB01903,Pelayanan customer service sangat cepat dan membantu,Savings,Call Center,positive,pelayanan customer service sangat cepat dan membantu,4,0.21081811532378333,0,Low
FB00089,Transaksi saya gagal dan saldo belum kembali,Card,ATM,negative,transaksi saya gagal dan saldo belum kembali,4,0.07976518594179097,3,High
FB00042,Aplikasi mobile banking sangat mudah digunakan,ATM,Branch,positive,aplikasi mobile banking sangat mudah digunakan,6,0.20989998208001634,0,Low
FB01802,Aplikasi mobile banking sangat mudah digunakan,Customer Service,Branch,positive,aplikasi mobile banking sangat mudah digunakan,6,0.20989998208001634,0,Low
FB01934,Aplikasi sulit digunakan dan sering logout,Transaction,ATM,negative,aplikasi sulit digunakan dan sering logout,3,0.242213474053518,3,High
FB00132,Saya kecewa karena biaya administrasi terlalu tinggi,Savings,Branch,negative,saya kecewa karena biaya administrasi terlalu tinggi,5,0.1152856150730353,3,High
FB01002,Aplikasi mobile banking sangat mudah digunakan,Mobile Banking,Branch,positive,aplikasi mobile banking sangat mudah digunakan,6,0.20989998208001634,0,Low
FB01158,Saya ingin mengetahui limit kartu kredit,Customer Service,Call Center,neutral,saya ingin mengetahui limit kartu kredit,2,0.25019283653826707,1,Medium
FB01095,Saya tidak puas dengan pelayanan bank,Customer Service,Email,negative,saya tidak puas dengan pelayanan bank,1,0.09336184129421808,3,High
FB01855,Saya tidak puas dengan pelayanan bank,ATM,Email,negative,saya tidak puas dengan pelayanan bank,1,0.09336184129421808,3,High
FB01345,Saya suka fitur mobile banking yang lengkap,Mobile Banking,Email,positive,saya suka fitur mobile banking yang lengkap,6,0.22314460568451358,0,Low
FB01499,Apa syarat pengajuan KPR,Mobile Banking,ATM,neutral,apa syarat pengajuan kpr,5,0.16188235170437767,1,Medium
FB00165,Saya suka fitur mobile banking yang lengkap,Loan,Email,positive,saya suka fitur mobile banking yang lengkap,6,0.22314460568451358,0,Low
FB00725,Saya suka fitur mobile banking yang lengkap,Loan,Email,positive,saya suka fitur mobile banking yang lengkap,6,0.22314460568451358,0,Low
FB00291,Proses pengajuan kredit terlalu lama,Loan,Mobile App,negative,proses pengajuan kredit terlalu lama,5,0.2129058517153481,3,High
FB01209,Transaksi saya gagal dan saldo belum kembali,Card,ATM,negative,transaksi saya gagal dan saldo belum kembali,4,0.07976518594179097,3,High
FB01589,Transaksi saya gagal dan saldo belum kembali,ATM,ATM,negative,transaksi saya gagal dan saldo belum kembali,4,0.07976518594179097,3,High
FB01897,Bagaimana cara mengganti PIN kartu,ATM,Branch,neutral,bagaimana cara mengganti pin kartu,2,0.04933707118670494,1,Medium
FB01642,Aplikasi mobile banking sangat mudah digunakan,Loan,Branch,positive,aplikasi mobile banking sangat mudah digunakan,6,0.20989998208001634,0,Low
FB01362,Aplikasi mobile banking sangat mudah digunakan,Loan,Branch,positive,aplikasi mobile banking sangat mudah digunakan,6,0.20989998208001634,0,Low
FB00779,Apa syarat pengajuan KPR,Transaction,ATM,neutral,apa syarat pengajuan kpr,5,0.16188235170437767,1,Medium
FB00840,Saya ingin mengetahui jam operasional cabang,ATM,Email,neutral,saya ingin mengetahui jam operasional cabang,2,0.2455238818801823,1,Medium
FB00349,Transaksi saya gagal dan saldo belum kembali,Savings,ATM,negative,transaksi saya gagal dan saldo belum kembali,4,0.07976518594179097,3,High
FB01945,Saya suka fitur mobile banking yang lengkap,Savings,Email,positive,saya suka fitur mobile banking yang lengkap,6,0.22314460568451358,0,Low
FB00572,Saya kecewa karena biaya administrasi terlalu tinggi,Card,Branch,negative,saya kecewa karena biaya administrasi terlalu tinggi,5,0.1152856150730353,3,High
FB00918,Saya ingin mengetahui limit kartu kredit,Mobile Banking,Call Center,neutral,saya ingin mengetahui limit kartu kredit,2,0.25019283653826707,1,Medium
FB00977,Bagaimana cara mengganti PIN kartu,Loan,Branch,neutral,bagaimana cara mengganti pin kartu,2,0.04933707118670494,1,Medium
FB01914,Aplikasi sulit digunakan dan sering logout,Customer Service,ATM,negative,aplikasi sulit digunakan dan sering logout,3,0.242213474053518,3,High
FB01469,Transaksi saya gagal dan saldo belum kembali,Savings,ATM,negative,transaksi saya gagal dan saldo belum kembali,4,0.07976518594179097,3,High
FB01592,Saya kecewa karena biaya administrasi terlalu tinggi,Customer Service,Branch,negative,saya kecewa karena biaya administrasi terlalu tinggi,5,0.1152856150730353,3,High
FB01318,Saya ingin mengetahui limit kartu kredit,Transaction,Call Center,neutral,saya ingin mengetahui limit kartu kredit,2,0.25019283653826707,1,Medium
FB01845,Saya suka fitur mobile banking yang lengkap,Loan,Email,positive,saya suka fitur mobile banking yang lengkap,6,0.22314460568451358,0,Low
FB00137,Bagaimana cara mengganti PIN kartu,Loan,Branch,neutral,bagaimana cara mengganti pin kartu,2,0.04933707118670494,1,Medium
FB00459,Apa syarat pengajuan KPR,Loan,ATM,neutral,apa syarat pengajuan kpr,5,0.16188235170437767,1,Medium
FB00376,Saya ingin informasi tentang produk tabungan,Card,Mobile App,neutral,saya ingin informasi tentang produk tabungan,2,0.16840665324179388,1,Medium
FB01343,Pelayanan customer service sangat cepat dan membantu,Savings,Call Center,positive,pelayanan customer service sangat cepat dan membantu,4,0.21081811532378333,0,Low
FB00334,Aplikasi sulit digunakan dan sering logout,Card,ATM,negative,aplikasi sulit digunakan dan sering logout,3,0.242213474053518,3,High
FB01160,Saya ingin mengetahui jam operasional cabang,Card,Email,neutral,saya ingin mengetahui jam operasional cabang,2,0.2455238818801823,1,Medium
FB01761,Saya sangat puas dengan layanan bank ini,Loan,Mobile App,positive,saya sangat puas dengan layanan bank ini,1,0.09265928272652466,0,Low
FB01458,Saya ingin mengetahui limit kartu kredit,Transaction,Call Center,neutral,saya ingin mengetahui limit kartu kredit,2,0.25019283653826707,1,Medium
FB00817,Bagaimana cara mengganti PIN kartu,Card,Branch,neutral,bagaimana cara mengganti pin kartu,2,0.04933707118670494,1,Medium
FB01115,Saya tidak puas dengan pelayanan bank,Transaction,Email,negative,saya tidak puas dengan pelayanan bank,1,0.09336184129421808,3,High
FB01006,Petugas bank ramah dan profesional,Card,Mobile App,positive,petugas bank ramah dan profesional,1,0.031096285002941575,0,Low
FB01857,Bagaimana cara mengganti PIN kartu,Transaction,Branch,neutral,bagaimana cara mengganti pin kartu,2,0.04933707118670494,1,Medium
FB01955,Saya tidak puas dengan pelayanan bank,Transaction,Email,negative,saya tidak puas dengan pelayanan bank,1,0.09336184129421808,3,High
FB01851,Proses pengajuan kredit terlalu lama,Customer Service,Mobile App,negative,proses pengajuan kredit terlalu lama,5,0.2129058517153481,3,High
FB00911,Proses pengajuan kredit terlalu lama,Mobile Banking,Mobile App,negative,proses pengajuan kredit terlalu lama,5,0.2129058517153481,3,High
FB01930,Customer service lambat merespons keluhan saya,Card,Email,negative,customer service lambat merespons keluhan saya,4,0.1837918353330011,3,High
FB01126,Petugas bank ramah dan profesional,Savings,Mobile App,positive,petugas bank ramah dan profesional,1,0.031096285002941575,0,Low
FB00329,Transaksi saya gagal dan saldo belum kembali,ATM,ATM,negative,transaksi saya gagal dan saldo belum kembali,4,0.07976518594179097,3,High
FB01248,Aplikasi banking sering error saat saya gunakan,Transaction,Call Center,negative,aplikasi banking sering error saat saya gunakan,3,0.1701897356859821,3,High
FB00319,Apa syarat pengajuan KPR,Loan,ATM,neutral,apa syarat pengajuan kpr,5,0.16188235170437767,1,Medium
FB01690,Customer service lambat merespons keluhan saya,Customer Service,Email,negative,customer service lambat merespons keluhan saya,4,0.1837918353330011,3,High
FB01359,Apa syarat pengajuan KPR,Mobile Banking,ATM,neutral,apa syarat pengajuan kpr,5,0.16188235170437767,1,Medium
FB01733,ATM sering tidak bisa digunakan,Loan,Call Center,negative,atm sering tidak bisa digunakan,3,0.21136854725851217,3,High
FB00168,Aplikasi banking sering error saat saya gunakan,ATM,Call Center,negative,aplikasi banking sering error saat saya gunakan,3,0.1701897356859821,3,High
FB00013,ATM sering tidak bisa digunakan,Savings,Call Center,negative,atm sering tidak bisa digunakan,3,0.21136854725851217,3,High
FB01927,Transfer berhasil tanpa masalah,Transaction,Branch,positive,transfer berhasil tanpa masalah,6,1.614786542755145e-06,0,Low
FB00172,Saya kecewa karena biaya administrasi terlalu tinggi,Loan,Branch,negative,saya kecewa karena biaya administrasi terlalu tinggi,5,0.1152856150730353,3,High
FB00650,Customer service lambat merespons keluhan saya,Savings,Email,negative,customer service lambat merespons keluhan saya,4,0.1837918353330011,3,High
FB01062,Aplikasi mobile banking sangat mudah digunakan,Card,Branch,positive,aplikasi mobile banking sangat mudah digunakan,6,0.20989998208001634,0,Low
FB00261,Saya sangat puas dengan layanan bank ini,Transaction,Mobile App,positive,saya sangat puas dengan layanan bank ini,1,0.09265928272652466,0,Low
FB01367,Transfer berhasil tanpa masalah,Transaction,Branch,positive,transfer berhasil tanpa masalah,6,1.614786542755145e-06,0,Low
FB01549,Transaksi saya gagal dan saldo belum kembali,Transaction,ATM,negative,transaksi saya gagal dan saldo belum kembali,4,0.07976518594179097,3,High
FB00902,Aplikasi mobile banking sangat mudah digunakan,Savings,Branch,positive,aplikasi mobile banking sangat mudah digunakan,6,0.20989998208001634,0,Low
FB00673,ATM sering tidak bisa digunakan,Mobile Banking,Call Center,negative,atm sering tidak bisa digunakan,3,0.21136854725851217,3,High
FB00259,Apa syarat pengajuan KPR,ATM,ATM,neutral,apa syarat pengajuan kpr,5,0.16188235170437767,1,Medium
FB00845,Saya suka fitur mobile banking yang lengkap,Card,Email,positive,saya suka fitur mobile banking yang lengkap,6,0.22314460568451358,0,Low
FB00868,Aplikasi banking sering error saat saya gunakan,ATM,Call Center,negative,aplikasi banking sering error saat saya gunakan,3,0.1701897356859821,3,High
FB01800,Saya ingin mengetahui jam operasional cabang,Mobile Banking,Email,neutral,saya ingin mengetahui jam operasional cabang,2,0.2455238818801823,1,Medium
FB00139,Apa syarat pengajuan KPR,Savings,ATM,neutral,apa syarat pengajuan kpr,5,0.16188235170437767,1,Medium
FB00894,Aplikasi sulit digunakan dan sering logout,Card,ATM,negative,aplikasi sulit digunakan dan sering logout,3,0.242213474053518,3,High
FB01838,Saya ingin mengetahui limit kartu kredit,Loan,Call Center,neutral,saya ingin mengetahui limit kartu kredit,2,0.25019283653826707,1,Medium
FB00550,Customer service lambat merespons keluhan saya,Loan,Email,negative,customer service lambat merespons keluhan saya,4,0.1837918353330011,3,High
FB00320,Saya ingin mengetahui jam operasional cabang,Card,Email,neutral,saya ingin mengetahui jam operasional cabang,2,0.2455238818801823,1,Medium
FB01527,Transfer berhasil tanpa masalah,Mobile Banking,Branch,positive,transfer berhasil tanpa masalah,6,1.614786542755145e-06,0,Low
FB01806,Petugas bank ramah dan profesional,ATM,Mobile App,positive,petugas bank ramah dan profesional,1,0.031096285002941575,0,Low
FB01178,Saya ingin mengetahui limit kartu kredit,Transaction,Call Center,neutral,saya ingin mengetahui limit kartu kredit,2,0.25019283653826707,1,Medium
FB00559,Apa syarat pengajuan KPR,Savings,ATM,neutral,apa syarat pengajuan kpr,5,0.16188235170437767,1,Medium
FB00140,Saya ingin mengetahui jam operasional cabang,ATM,Email,neutral,saya ingin mengetahui jam operasional cabang,2,0.2455238818801823,1,Medium
FB01735,Saya tidak puas dengan pelayanan bank,Savings,Email,negative,saya tidak puas dengan pelayanan bank,1,0.09336184129421808,3,High
FB00532,Saya kecewa karena biaya administrasi terlalu tinggi,ATM,Branch,negative,saya kecewa karena biaya administrasi terlalu tinggi,5,0.1152856150730353,3,High
FB00225,Saya suka fitur mobile banking yang lengkap,Mobile Banking,Email,positive,saya suka fitur mobile banking yang lengkap,6,0.22314460568451358,0,Low
FB00724,Proses transaksi berjalan lancar dan cepat,Customer Service,ATM,positive,proses transaksi berjalan lancar dan cepat,4,0.10629773296912669,0,Low
FB00787,Transfer berhasil tanpa masalah,Customer Service,Branch,positive,transfer berhasil tanpa masalah,6,1.614786542755145e-06,0,Low
FB01718,Saya ingin mengetahui limit kartu kredit,Customer Service,Call Center,neutral,saya ingin mengetahui limit kartu kredit,2,0.25019283653826707,1,Medium
FB01008,Aplikasi banking sering error saat saya gunakan,ATM,Call Center,negative,aplikasi banking sering error saat saya gunakan,3,0.1701897356859821,3,High
FB00410,Customer service lambat merespons keluhan saya,Loan,Email,negative,customer service lambat merespons keluhan saya,4,0.1837918353330011,3,High
FB00326,Petugas bank ramah dan profesional,Loan,Mobile App,positive,petugas bank ramah dan profesional,1,0.031096285002941575,0,Low
FB01766,Petugas bank ramah dan profesional,Transaction,Mobile App,positive,petugas bank ramah dan profesional,1,0.031096285002941575,0,Low
FB00300,Saya ingin mengetahui jam operasional cabang,Savings,Email,neutral,saya ingin mengetahui jam operasional cabang,2,0.2455238818801823,1,Medium
FB01263,Pelayanan customer service sangat cepat dan membantu,Customer Service,Call Center,positive,pelayanan customer service sangat cepat dan membantu,4,0.21081811532378333,0,Low
FB01946,Petugas bank ramah dan profesional,ATM,Mobile App,positive,petugas bank ramah dan profesional,1,0.031096285002941575,0,Low
FB00026,Petugas bank ramah dan profesional,Card,Mobile App,positive,petugas bank ramah dan profesional,1,0.031096285002941575,0,Low
FB01859,Apa syarat pengajuan KPR,Loan,ATM,neutral,apa syarat pengajuan kpr,5,0.16188235170437767,1,Medium
FB00715,Saya tidak puas dengan pelayanan bank,Mobile Banking,Email,negative,saya tidak puas dengan pelayanan bank,1,0.09336184129421808,3,High
FB01010,Customer service lambat merespons keluhan saya,Transaction,Email,negative,customer service lambat merespons keluhan saya,4,0.1837918353330011,3,High
FB00194,Aplikasi sulit digunakan dan sering logout,Card,ATM,negative,aplikasi sulit digunakan dan sering logout,3,0.242213474053518,3,High
FB00441,Saya sangat puas dengan layanan bank ini,ATM,Mobile App,positive,saya sangat puas dengan layanan bank ini,1,0.09265928272652466,0,Low
FB00574,Aplikasi sulit digunakan dan sering logout,ATM,ATM,negative,aplikasi sulit digunakan dan sering logout,3,0.242213474053518,3,High
FB00947,Transfer berhasil tanpa masalah,Transaction,Branch,positive,transfer berhasil tanpa masalah,6,1.614786542755145e-06,0,Low
FB00998,Saya ingin mengetahui limit kartu kredit,Loan,Call Center,neutral,saya ingin mengetahui limit kartu kredit,2,0.25019283653826707,1,Medium
FB00504,Proses transaksi berjalan lancar dan cepat,ATM,ATM,positive,proses transaksi berjalan lancar dan cepat,4,0.10629773296912669,0,Low
FB00606,Petugas bank ramah dan profesional,Loan,Mobile App,positive,petugas bank ramah dan profesional,1,0.031096285002941575,0,Low
FB01717,Bagaimana cara mengganti PIN kartu,Transaction,Branch,neutral,bagaimana cara mengganti pin kartu,2,0.04933707118670494,1,Medium
FB01164,Proses transaksi berjalan lancar dan cepat,Transaction,ATM,positive,proses transaksi berjalan lancar dan cepat,4,0.10629773296912669,0,Low
FB01787,Transfer berhasil tanpa masalah,Transaction,Branch,positive,transfer berhasil tanpa masalah,6,1.614786542755145e-06,0,Low
FB00847,Transfer berhasil tanpa masalah,ATM,Branch,positive,transfer berhasil tanpa masalah,6,1.614786542755145e-06,0,Low
FB00004,Proses transaksi berjalan lancar dan cepat,Loan,ATM,positive,proses transaksi berjalan lancar dan cepat,4,0.10629773296912669,0,Low
FB01287,Transfer berhasil tanpa masalah,Savings,Branch,positive,transfer berhasil tanpa masalah,6,1.614786542755145e-06,0,Low
FB01223,Pelayanan customer service sangat cepat dan membantu,Card,Call Center,positive,pelayanan customer service sangat cepat dan membantu,4,0.21081811532378333,0,Low
FB00468,Aplikasi banking sering error saat saya gunakan,Savings,Call Center,negative,aplikasi banking sering error saat saya gunakan,3,0.1701897356859821,3,High
FB00322,Aplikasi mobile banking sangat mudah digunakan,ATM,Branch,positive,aplikasi mobile banking sangat mudah digunakan,6,0.20989998208001634,0,Low
FB00006,Petugas bank ramah dan profesional,Savings,Mobile App,positive,petugas bank ramah dan profesional,1,0.031096285002941575,0,Low
FB00223,Pelayanan customer service sangat cepat dan membantu,Savings,Call Center,positive,pelayanan customer service sangat cepat dan membantu,4,0.21081811532378333,0,Low
FB01375,Saya tidak puas dengan pelayanan bank,Customer Service,Email,negative,saya tidak puas dengan pelayanan bank,1,0.09336184129421808,3,High
FB00548,Aplikasi banking sering error saat saya gunakan,Transaction,Call Center,negative,aplikasi banking sering error saat saya gunakan,3,0.1701897356859821,3,High
FB00229,Transaksi saya gagal dan saldo belum kembali,Card,ATM,negative,transaksi saya gagal dan saldo belum kembali,4,0.07976518594179097,3,High
FB00040,Saya ingin mengetahui jam operasional cabang,Card,Email,neutral,saya ingin mengetahui jam operasional cabang,2,0.2455238818801823,1,Medium
FB00543,Pelayanan customer service sangat cepat dan membantu,Loan,Call Center,positive,pelayanan customer service sangat cepat dan membantu,4,0.21081811532378333,0,Low
FB00243,Pelayanan customer service sangat cepat dan membantu,Card,Call Center,positive,pelayanan customer service sangat cepat dan membantu,4,0.21081811532378333,0,Low
FB00899,Apa syarat pengajuan KPR,Customer Service,ATM,neutral,apa syarat pengajuan kpr,5,0.16188235170437767,1,Medium
FB01134,Aplikasi sulit digunakan dan sering logout,ATM,ATM,negative,aplikasi sulit digunakan dan sering logout,3,0.242213474053518,3,High
FB01449,Transaksi saya gagal dan saldo belum kembali,ATM,ATM,negative,transaksi saya gagal dan saldo belum kembali,4,0.07976518594179097,3,High
FB01869,Transaksi saya gagal dan saldo belum kembali,ATM,ATM,negative,transaksi saya gagal dan saldo belum kembali,4,0.07976518594179097,3,High
FB00843,Pelayanan customer service sangat cepat dan membantu,Customer Service,Call Center,positive,pelayanan customer service sangat cepat dan membantu,4,0.21081811532378333,0,Low
FB01419,Apa syarat pengajuan KPR,Card,ATM,neutral,apa syarat pengajuan kpr,5,0.16188235170437767,1,Medium
FB01654,Aplikasi sulit digunakan dan sering logout,Transaction,ATM,negative,aplikasi sulit digunakan dan sering logout,3,0.242213474053518,3,High
FB01970,Customer service lambat merespons keluhan saya,Customer Service,Email,negative,customer service lambat merespons keluhan saya,4,0.1837918353330011,3,High
FB00662,Aplikasi mobile banking sangat mudah digunakan,Loan,Branch,positive,aplikasi mobile banking sangat mudah digunakan,6,0.20989998208001634,0,Low
FB01211,Proses pengajuan kredit terlalu lama,ATM,Mobile App,negative,proses pengajuan kredit terlalu lama,5,0.2129058517153481,3,High
FB00315,Saya tidak puas dengan pelayanan bank,ATM,Email,negative,saya tidak puas dengan pelayanan bank,1,0.09336184129421808,3,High
FB00692,Saya kecewa karena biaya administrasi terlalu tinggi,Savings,Branch,negative,saya kecewa karena biaya administrasi terlalu tinggi,5,0.1152856150730353,3,High
FB01504,Proses transaksi berjalan lancar dan cepat,Savings,ATM,positive,proses transaksi berjalan lancar dan cepat,4,0.10629773296912669,0,Low
FB00425,Saya suka fitur mobile banking yang lengkap,Card,Email,positive,saya suka fitur mobile banking yang lengkap,6,0.22314460568451358,0,Low
FB00595,Saya tidak puas dengan pelayanan bank,ATM,Email,negative,saya tidak puas dengan pelayanan bank,1,0.09336184129421808,3,High
FB01964,Proses transaksi berjalan lancar dan cepat,Loan,ATM,positive,proses transaksi berjalan lancar dan cepat,4,0.10629773296912669,0,Low
FB00623,Pelayanan customer service sangat cepat dan membantu,ATM,Call Center,positive,pelayanan customer service sangat cepat dan membantu,4,0.21081811532378333,0,Low
FB01171,Proses pengajuan kredit terlalu lama,Transaction,Mobile App,negative,proses pengajuan kredit terlalu lama,5,0.2129058517153481,3,High
FB01044,Proses transaksi berjalan lancar dan cepat,Mobile Banking,ATM,positive,proses transaksi berjalan lancar dan cepat,4,0.10629773296912669,0,Low
FB00228,Aplikasi banking sering error saat saya gunakan,Loan,Call Center,negative,aplikasi banking sering error saat saya gunakan,3,0.1701897356859821,3,High
FB01118,Saya ingin mengetahui limit kartu kredit,Card,Call Center,neutral,saya ingin mengetahui limit kartu kredit,2,0.25019283653826707,1,Medium
FB01332,Saya kecewa karena biaya administrasi terlalu tinggi,Transaction,Branch,negative,saya kecewa karena biaya administrasi terlalu tinggi,5,0.1152856150730353,3,High
FB01316,Saya ingin informasi tentang produk tabungan,ATM,Mobile App,neutral,saya ingin informasi tentang produk tabungan,2,0.16840665324179388,1,Medium
FB00067,Transfer berhasil tanpa masalah,Loan,Branch,positive,transfer berhasil tanpa masalah,6,1.614786542755145e-06,0,Low
FB00025,Saya suka fitur mobile banking yang lengkap,Loan,Email,positive,saya suka fitur mobile banking yang lengkap,6,0.22314460568451358,0,Low
FB00145,Saya suka fitur mobile banking yang lengkap,Card,Email,positive,saya suka fitur mobile banking yang lengkap,6,0.22314460568451358,0,Low
FB00537,Bagaimana cara mengganti PIN kartu,Card,Branch,neutral,bagaimana cara mengganti pin kartu,2,0.04933707118670494,1,Medium
FB00812,Saya kecewa karena biaya administrasi terlalu tinggi,ATM,Branch,negative,saya kecewa karena biaya administrasi terlalu tinggi,5,0.1152856150730353,3,High
FB01467,Transfer berhasil tanpa masalah,Loan,Branch,positive,transfer berhasil tanpa masalah,6,1.614786542755145e-06,0,Low
FB00086,Petugas bank ramah dan profesional,Transaction,Mobile App,positive,petugas bank ramah dan profesional,1,0.031096285002941575,0,Low
FB01661,Saya sangat puas dengan layanan bank ini,Transaction,Mobile App,positive,saya sangat puas dengan layanan bank ini,1,0.09265928272652466,0,Low
FB01646,Petugas bank ramah dan profesional,Mobile Banking,Mobile App,positive,petugas bank ramah dan profesional,1,0.031096285002941575,0,Low
FB01805,Saya suka fitur mobile banking yang lengkap,Savings,Email,positive,saya suka fitur mobile banking yang lengkap,6,0.22314460568451358,0,Low
FB01818,Saya ingin mengetahui limit kartu kredit,Card,Call Center,neutral,saya ingin mengetahui limit kartu kredit,2,0.25019283653826707,1,Medium
FB01577,Bagaimana cara mengganti PIN kartu,Transaction,Branch,neutral,bagaimana cara mengganti pin kartu,2,0.04933707118670494,1,Medium
FB01145,Saya suka fitur mobile banking yang lengkap,Loan,Email,positive,saya suka fitur mobile banking yang lengkap,6,0.22314460568451358,0,Low
FB00363,Pelayanan customer service sangat cepat dan membantu,Savings,Call Center,positive,pelayanan customer service sangat cepat dan membantu,4,0.21081811532378333,0,Low
FB01612,Saya kecewa karena biaya administrasi terlalu tinggi,Transaction,Branch,negative,saya kecewa karena biaya administrasi terlalu tinggi,5,0.1152856150730353,3,High
FB01866,Petugas bank ramah dan profesional,Loan,Mobile App,positive,petugas bank ramah dan profesional,1,0.031096285002941575,0,Low
FB01027,Transfer berhasil tanpa masalah,Card,Branch,positive,transfer berhasil tanpa masalah,6,1.614786542755145e-06,0,Low
FB01031,Proses pengajuan kredit terlalu lama,Transaction,Mobile App,negative,proses pengajuan kredit terlalu lama,5,0.2129058517153481,3,High
FB01304,Proses transaksi berjalan lancar dan cepat,Transaction,ATM,positive,proses transaksi berjalan lancar dan cepat,4,0.10629773296912669,0,Low
FB01356,Saya ingin informasi tentang produk tabungan,Card,Mobile App,neutral,saya ingin informasi tentang produk tabungan,2,0.16840665324179388,1,Medium
FB01731,Proses pengajuan kredit terlalu lama,Transaction,Mobile App,negative,proses pengajuan kredit terlalu lama,5,0.2129058517153481,3,High
FB00666,Petugas bank ramah dan profesional,Mobile Banking,Mobile App,positive,petugas bank ramah dan profesional,1,0.031096285002941575,0,Low
FB00365,Saya suka fitur mobile banking yang lengkap,Mobile Banking,Email,positive,saya suka fitur mobile banking yang lengkap,6,0.22314460568451358,0,Low
FB00078,Saya ingin mengetahui limit kartu kredit,Mobile Banking,Call Center,neutral,saya ingin mengetahui limit kartu kredit,2,0.25019283653826707,1,Medium
FB00028,Aplikasi banking sering error saat saya gunakan,ATM,Call Center,negative,aplikasi banking sering error saat saya gunakan,3,0.1701897356859821,3,High
FB01437,Bagaimana cara mengganti PIN kartu,Transaction,Branch,neutral,bagaimana cara mengganti pin kartu,2,0.04933707118670494,1,Medium
FB00526,Petugas bank ramah dan profesional,Mobile Banking,Mobile App,positive,petugas bank ramah dan profesional,1,0.031096285002941575,0,Low
FB01835,Saya tidak puas dengan pelayanan bank,Mobile Banking,Email,negative,saya tidak puas dengan pelayanan bank,1,0.09336184129421808,3,High
FB00056,Saya ingin informasi tentang produk tabungan,ATM,Mobile App,neutral,saya ingin informasi tentang produk tabungan,2,0.16840665324179388,1,Medium
FB00639,Apa syarat pengajuan KPR,Transaction,ATM,neutral,apa syarat pengajuan kpr,5,0.16188235170437767,1,Medium
FB00303,Pelayanan customer service sangat cepat dan membantu,Transaction,Call Center,positive,pelayanan customer service sangat cepat dan membantu,4,0.21081811532378333,0,Low
FB00719,Apa syarat pengajuan KPR,Card,ATM,neutral,apa syarat pengajuan kpr,5,0.16188235170437767,1,Medium
FB00625,Saya suka fitur mobile banking yang lengkap,Transaction,Email,positive,saya suka fitur mobile banking yang lengkap,6,0.22314460568451358,0,Low
FB00008,Aplikasi banking sering error saat saya gunakan,Mobile Banking,Call Center,negative,aplikasi banking sering error saat saya gunakan,3,0.1701897356859821,3,High
FB00804,Proses transaksi berjalan lancar dan cepat,Savings,ATM,positive,proses transaksi berjalan lancar dan cepat,4,0.10629773296912669,0,Low
FB01050,Customer service lambat merespons keluhan saya,ATM,Email,negative,customer service lambat merespons keluhan saya,4,0.1837918353330011,3,High
FB00337,Bagaimana cara mengganti PIN kartu,Mobile Banking,Branch,neutral,bagaimana cara mengganti pin kartu,2,0.04933707118670494,1,Medium
FB00048,Aplikasi banking sering error saat saya gunakan,Savings,Call Center,negative,aplikasi banking sering error saat saya gunakan,3,0.1701897356859821,3,High
FB01764,Proses transaksi berjalan lancar dan cepat,ATM,ATM,positive,proses transaksi berjalan lancar dan cepat,4,0.10629773296912669,0,Low
FB00107,Transfer berhasil tanpa masalah,Transaction,Branch,positive,transfer berhasil tanpa masalah,6,1.614786542755145e-06,0,Low
FB00350,Customer service lambat merespons keluhan saya,ATM,Email,negative,customer service lambat merespons keluhan saya,4,0.1837918353330011,3,High
FB01080,Saya ingin mengetahui jam operasional cabang,Transaction,Email,neutral,saya ingin mengetahui jam operasional cabang,2,0.2455238818801823,1,Medium
FB00239,Apa syarat pengajuan KPR,Mobile Banking,ATM,neutral,apa syarat pengajuan kpr,5,0.16188235170437767,1,Medium
FB00214,Aplikasi sulit digunakan dan sering logout,Loan,ATM,negative,aplikasi sulit digunakan dan sering logout,3,0.242213474053518,3,High
FB01776,Saya ingin informasi tentang produk tabungan,Card,Mobile App,neutral,saya ingin informasi tentang produk tabungan,2,0.16840665324179388,1,Medium
FB01139,Apa syarat pengajuan KPR,Card,ATM,neutral,apa syarat pengajuan kpr,5,0.16188235170437767,1,Medium
FB00794,Aplikasi sulit digunakan dan sering logout,Customer Service,ATM,negative,aplikasi sulit digunakan dan sering logout,3,0.242213474053518,3,High
FB01587,Transfer berhasil tanpa masalah,Card,Branch,positive,transfer berhasil tanpa masalah,6,1.614786542755145e-06,0,Low
FB01583,Pelayanan customer service sangat cepat dan membantu,Mobile Banking,Call Center,positive,pelayanan customer service sangat cepat dan membantu,4,0.21081811532378333,0,Low
FB01672,Saya kecewa karena biaya administrasi terlalu tinggi,Savings,Branch,negative,saya kecewa karena biaya administrasi terlalu tinggi,5,0.1152856150730353,3,High
FB00524,Proses transaksi berjalan lancar dan cepat,Savings,ATM,positive,proses transaksi berjalan lancar dan cepat,4,0.10629773296912669,0,Low
FB00233,ATM sering tidak bisa digunakan,Transaction,Call Center,negative,atm sering tidak bisa digunakan,3,0.21136854725851217,3,High
FB00645,Saya suka fitur mobile banking yang lengkap,Mobile Banking,Email,positive,saya suka fitur mobile banking yang lengkap,6,0.22314460568451358,0,Low
FB01508,Aplikasi banking sering error saat saya gunakan,Customer Service,Call Center,negative,aplikasi banking sering error saat saya gunakan,3,0.1701897356859821,3,High
FB00534,Aplikasi sulit digunakan dan sering logout,Transaction,ATM,negative,aplikasi sulit digunakan dan sering logout,3,0.242213474053518,3,High
FB01942,Aplikasi mobile banking sangat mudah digunakan,Customer Service,Branch,positive,aplikasi mobile banking sangat mudah digunakan,6,0.20989998208001634,0,Low
FB00604,Proses transaksi berjalan lancar dan cepat,Transaction,ATM,positive,proses transaksi berjalan lancar dan cepat,4,0.10629773296912669,0,Low
FB01330,Customer service lambat merespons keluhan saya,ATM,Email,negative,customer service lambat merespons keluhan saya,4,0.1837918353330011,3,High
FB01075,Saya tidak puas dengan pelayanan bank,Loan,Email,negative,saya tidak puas dengan pelayanan bank,1,0.09336184129421808,3,High
FB01305,Saya suka fitur mobile banking yang lengkap,Customer Service,Email,positive,saya suka fitur mobile banking yang lengkap,6,0.22314460568451358,0,Low
FB00061,Saya sangat puas dengan layanan bank ini,Card,Mobile App,positive,saya sangat puas dengan layanan bank ini,1,0.09265928272652466,0,Low
FB01264,Proses transaksi berjalan lancar dan cepat,Loan,ATM,positive,proses transaksi berjalan lancar dan cepat,4,0.10629773296912669,0,Low
FB00093,ATM sering tidak bisa digunakan,Transaction,Call Center,negative,atm sering tidak bisa digunakan,3,0.21136854725851217,3,High
FB00667,Transfer berhasil tanpa masalah,Transaction,Branch,positive,transfer berhasil tanpa masalah,6,1.614786542755145e-06,0,Low
FB00281,Saya sangat puas dengan layanan bank ini,Mobile Banking,Mobile App,positive,saya sangat puas dengan layanan bank ini,1,0.09265928272652466,0,Low
FB01114,Aplikasi sulit digunakan dan sering logout,Mobile Banking,ATM,negative,aplikasi sulit digunakan dan sering logout,3,0.242213474053518,3,High
FB00360,Saya ingin mengetahui jam operasional cabang,Customer Service,Email,neutral,saya ingin mengetahui jam operasional cabang,2,0.2455238818801823,1,Medium
FB01129,Transaksi saya gagal dan saldo belum kembali,Transaction,ATM,negative,transaksi saya gagal dan saldo belum kembali,4,0.07976518594179097,3,High
FB01170,Customer service lambat merespons keluhan saya,Mobile Banking,Email,negative,customer service lambat merespons keluhan saya,4,0.1837918353330011,3,High
FB00848,Aplikasi banking sering error saat saya gunakan,Mobile Banking,Call Center,negative,aplikasi banking sering error saat saya gunakan,3,0.1701897356859821,3,High
FB01522,Aplikasi mobile banking sangat mudah digunakan,Customer Service,Branch,positive,aplikasi mobile banking sangat mudah digunakan,6,0.20989998208001634,0,Low
FB00111,Proses pengajuan kredit terlalu lama,Savings,Mobile App,negative,proses pengajuan kredit terlalu lama,5,0.2129058517153481,3,High
FB00043,Pelayanan customer service sangat cepat dan membantu,Mobile Banking,Call Center,positive,pelayanan customer service sangat cepat dan membantu,4,0.21081811532378333,0,Low
FB00126,Petugas bank ramah dan profesional,ATM,Mobile App,positive,petugas bank ramah dan profesional,1,0.031096285002941575,0,Low
FB00205,Saya suka fitur mobile banking yang lengkap,Transaction,Email,positive,saya suka fitur mobile banking yang lengkap,6,0.22314460568451358,0,Low
FB00053,ATM sering tidak bisa digunakan,Loan,Call Center,negative,atm sering tidak bisa digunakan,3,0.21136854725851217,3,High
FB00546,Petugas bank ramah dan profesional,ATM,Mobile App,positive,petugas bank ramah dan profesional,1,0.031096285002941575,0,Low
FB00069,Transaksi saya gagal dan saldo belum kembali,Savings,ATM,negative,transaksi saya gagal dan saldo belum kembali,4,0.07976518594179097,3,High
FB01741,Saya sangat puas dengan layanan bank ini,Card,Mobile App,positive,saya sangat puas dengan layanan bank ini,1,0.09265928272652466,0,Low
FB01548,Aplikasi banking sering error saat saya gunakan,Mobile Banking,Call Center,negative,aplikasi banking sering error saat saya gunakan,3,0.1701897356859821,3,High
FB00184,Proses transaksi berjalan lancar dan cepat,Transaction,ATM,positive,proses transaksi berjalan lancar dan cepat,4,0.10629773296912669,0,Low
FB00138,Saya ingin mengetahui limit kartu kredit,Card,Call Center,neutral,saya ingin mengetahui limit kartu kredit,2,0.25019283653826707,1,Medium
FB00900,Saya ingin mengetahui jam operasional cabang,Loan,Email,neutral,saya ingin mengetahui jam operasional cabang,2,0.2455238818801823,1,Medium
FB00797,Bagaimana cara mengganti PIN kartu,Savings,Branch,neutral,bagaimana cara mengganti pin kartu,2,0.04933707118670494,1,Medium
FB00133,ATM sering tidak bisa digunakan,ATM,Call Center,negative,atm sering tidak bisa digunakan,3,0.21136854725851217,3,High
FB00081,Saya sangat puas dengan layanan bank ini,Loan,Mobile App,positive,saya sangat puas dengan layanan bank ini,1,0.09265928272652466,0,Low
FB01987,Transfer berhasil tanpa masalah,Savings,Branch,positive,transfer berhasil tanpa masalah,6,1.614786542755145e-06,0,Low
FB01541,Saya sangat puas dengan layanan bank ini,Mobile Banking,Mobile App,positive,saya sangat puas dengan layanan bank ini,1,0.09265928272652466,0,Low
FB00542,Aplikasi mobile banking sangat mudah digunakan,Customer Service,Branch,positive,aplikasi mobile banking sangat mudah digunakan,6,0.20989998208001634,0,Low
FB01669,Transaksi saya gagal dan saldo belum kembali,Customer Service,ATM,negative,transaksi saya gagal dan saldo belum kembali,4,0.07976518594179097,3,High
FB00984,Proses transaksi berjalan lancar dan cepat,Loan,ATM,positive,proses transaksi berjalan lancar dan cepat,4,0.10629773296912669,0,Low
FB00166,Petugas bank ramah dan profesional,Card,Mobile App,positive,petugas bank ramah dan profesional,1,0.031096285002941575,0,Low
FB00249,Transaksi saya gagal dan saldo belum kembali,Loan,ATM,negative,transaksi saya gagal dan saldo belum kembali,4,0.07976518594179097,3,High
FB00447,Transfer berhasil tanpa masalah,Savings,Branch,positive,transfer berhasil tanpa masalah,6,1.614786542755145e-06,0,Low
FB01515,Saya tidak puas dengan pelayanan bank,Customer Service,Email,negative,saya tidak puas dengan pelayanan bank,1,0.09336184129421808,3,High
FB00859,Apa syarat pengajuan KPR,Card,ATM,neutral,apa syarat pengajuan kpr,5,0.16188235170437767,1,Medium
FB01212,Saya kecewa karena biaya administrasi terlalu tinggi,Mobile Banking,Branch,negative,saya kecewa karena biaya administrasi terlalu tinggi,5,0.1152856150730353,3,High
FB00098,Saya ingin mengetahui limit kartu kredit,ATM,Call Center,neutral,saya ingin mengetahui limit kartu kredit,2,0.25019283653826707,1,Medium
FB01974,Aplikasi sulit digunakan dan sering logout,ATM,ATM,negative,aplikasi sulit digunakan dan sering logout,3,0.242213474053518,3,High
FB00738,Saya ingin mengetahui limit kartu kredit,Customer Service,Call Center,neutral,saya ingin mengetahui limit kartu kredit,2,0.25019283653826707,1,Medium
FB01256,Saya ingin informasi tentang produk tabungan,Customer Service,Mobile App,neutral,saya ingin informasi tentang produk tabungan,2,0.16840665324179388,1,Medium
FB00103,Pelayanan customer service sangat cepat dan membantu,Card,Call Center,positive,pelayanan customer service sangat cepat dan membantu,4,0.21081811532378333,0,Low
FB00435,Saya tidak puas dengan pelayanan bank,Mobile Banking,Email,negative,saya tidak puas dengan pelayanan bank,1,0.09336184129421808,3,High
FB00075,Saya tidak puas dengan pelayanan bank,Card,Email,negative,saya tidak puas dengan pelayanan bank,1,0.09336184129421808,3,High
FB01792,Saya kecewa karena biaya administrasi terlalu tinggi,ATM,Branch,negative,saya kecewa karena biaya administrasi terlalu tinggi,5,0.1152856150730353,3,High
FB01235,Saya tidak puas dengan pelayanan bank,Customer Service,Email,negative,saya tidak puas dengan pelayanan bank,1,0.09336184129421808,3,High
FB00919,Apa syarat pengajuan KPR,Transaction,ATM,neutral,apa syarat pengajuan kpr,5,0.16188235170437767,1,Medium
FB01712,Saya kecewa karena biaya administrasi terlalu tinggi,Loan,Branch,negative,saya kecewa karena biaya administrasi terlalu tinggi,5,0.1152856150730353,3,High
FB01671,Proses pengajuan kredit terlalu lama,Card,Mobile App,negative,proses pengajuan kredit terlalu lama,5,0.2129058517153481,3,High
FB01621,Saya sangat puas dengan layanan bank ini,Loan,Mobile App,positive,saya sangat puas dengan layanan bank ini,1,0.09265928272652466,0,Low
FB00763,Pelayanan customer service sangat cepat dan membantu,ATM,Call Center,positive,pelayanan customer service sangat cepat dan membantu,4,0.21081811532378333,0,Low
FB00990,Customer service lambat merespons keluhan saya,Customer Service,Email,negative,customer service lambat merespons keluhan saya,4,0.1837918353330011,3,High
FB00389,Transaksi saya gagal dan saldo belum kembali,Loan,ATM,negative,transaksi saya gagal dan saldo belum kembali,4,0.07976518594179097,3,High
FB00236,Saya ingin informasi tentang produk tabungan,Card,Mobile App,neutral,saya ingin informasi tentang produk tabungan,2,0.16840665324179388,1,Medium
FB01507,Transfer berhasil tanpa masalah,Transaction,Branch,positive,transfer berhasil tanpa masalah,6,1.614786542755145e-06,0,Low
FB00268,Aplikasi banking sering error saat saya gunakan,Transaction,Call Center,negative,aplikasi banking sering error saat saya gunakan,3,0.1701897356859821,3,High
FB01188,Aplikasi banking sering error saat saya gunakan,Card,Call Center,negative,aplikasi banking sering error saat saya gunakan,3,0.1701897356859821,3,High
FB00118,Saya ingin mengetahui limit kartu kredit,Savings,Call Center,neutral,saya ingin mengetahui limit kartu kredit,2,0.25019283653826707,1,Medium
FB01607,Transfer berhasil tanpa masalah,Loan,Branch,positive,transfer berhasil tanpa masalah,6,1.614786542755145e-06,0,Low
FB00674,Aplikasi sulit digunakan dan sering logout,Transaction,ATM,negative,aplikasi sulit digunakan dan sering logout,3,0.242213474053518,3,High
FB00250,Customer service lambat merespons keluhan saya,Card,Email,negative,customer service lambat merespons keluhan saya,4,0.1837918353330011,3,High
FB01453,ATM sering tidak bisa digunakan,Loan,Call Center,negative,atm sering tidak bisa digunakan,3,0.21136854725851217,3,High
FB01995,Saya tidak puas dengan pelayanan bank,ATM,Email,negative,saya tidak puas dengan pelayanan bank,1,0.09336184129421808,3,High
FB00095,Saya tidak puas dengan pelayanan bank,Loan,Email,negative,saya tidak puas dengan pelayanan bank,1,0.09336184129421808,3,High
FB00034,Aplikasi sulit digunakan dan sering logout,Savings,ATM,negative,aplikasi sulit digunakan dan sering logout,3,0.242213474053518,3,High
FB01464,Proses transaksi berjalan lancar dan cepat,Mobile Banking,ATM,positive,proses transaksi berjalan lancar dan cepat,4,0.10629773296912669,0,Low
FB01668,Aplikasi banking sering error saat saya gunakan,Transaction,Call Center,negative,aplikasi banking sering error saat saya gunakan,3,0.1701897356859821,3,High
FB00449,Transaksi saya gagal dan saldo belum kembali,Mobile Banking,ATM,negative,transaksi saya gagal dan saldo belum kembali,4,0.07976518594179097,3,High
FB00717,Bagaimana cara mengganti PIN kartu,Customer Service,Branch,neutral,bagaimana cara mengganti pin kartu,2,0.04933707118670494,1,Medium
FB01810,Customer service lambat merespons keluhan saya,Loan,Email,negative,customer service lambat merespons keluhan saya,4,0.1837918353330011,3,High
FB01518,Saya ingin mengetahui limit kartu kredit,Savings,Call Center,neutral,saya ingin mengetahui limit kartu kredit,2,0.25019283653826707,1,Medium
FB00001,Saya sangat puas dengan layanan bank ini,Mobile Banking,Mobile App,positive,saya sangat puas dengan layanan bank ini,1,0.09265928272652466,0,Low
FB01376,Saya ingin informasi tentang produk tabungan,Loan,Mobile App,neutral,saya ingin informasi tentang produk tabungan,2,0.16840665324179388,1,Medium
FB01102,Aplikasi mobile banking sangat mudah digunakan,Customer Service,Branch,positive,aplikasi mobile banking sangat mudah digunakan,6,0.20989998208001634,0,Low
FB01109,Transaksi saya gagal dan saldo belum kembali,Customer Service,ATM,negative,transaksi saya gagal dan saldo belum kembali,4,0.07976518594179097,3,High
FB01227,Transfer berhasil tanpa masalah,Transaction,Branch,positive,transfer berhasil tanpa masalah,6,1.614786542755145e-06,0,Low
FB00083,Pelayanan customer service sangat cepat dan membantu,Savings,Call Center,positive,pelayanan customer service sangat cepat dan membantu,4,0.21081811532378333,0,Low
FB01289,Transaksi saya gagal dan saldo belum kembali,Mobile Banking,ATM,negative,transaksi saya gagal dan saldo belum kembali,4,0.07976518594179097,3,High
FB00677,Bagaimana cara mengganti PIN kartu,Card,Branch,neutral,bagaimana cara mengganti pin kartu,2,0.04933707118670494,1,Medium
FB01921,Saya sangat puas dengan layanan bank ini,Customer Service,Mobile App,positive,saya sangat puas dengan layanan bank ini,1,0.09265928272652466,0,Low
FB01047,Transfer berhasil tanpa masalah,Loan,Branch,positive,transfer berhasil tanpa masalah,6,1.614786542755145e-06,0,Low
FB00771,Proses pengajuan kredit terlalu lama,Mobile Banking,Mobile App,negative,proses pengajuan kredit terlalu lama,5,0.2129058517153481,3,High
FB01947,Transfer berhasil tanpa masalah,Mobile Banking,Branch,positive,transfer berhasil tanpa masalah,6,1.614786542755145e-06,0,Low
FB01281,Saya sangat puas dengan layanan bank ini,ATM,Mobile App,positive,saya sangat puas dengan layanan bank ini,1,0.09265928272652466,0,Low
FB01581,Saya sangat puas dengan layanan bank ini,Savings,Mobile App,positive,saya sangat puas dengan layanan bank ini,1,0.09265928272652466,0,Low
FB01489,Transaksi saya gagal dan saldo belum kembali,Card,ATM,negative,transaksi saya gagal dan saldo belum kembali,4,0.07976518594179097,3,High
FB00405,Saya suka fitur mobile banking yang lengkap,Savings,Email,positive,saya suka fitur mobile banking yang lengkap,6,0.22314460568451358,0,Low
FB01728,Aplikasi banking sering error saat saya gunakan,Savings,Call Center,negative,aplikasi banking sering error saat saya gunakan,3,0.1701897356859821,3,High
FB01299,Apa syarat pengajuan KPR,Loan,ATM,neutral,apa syarat pengajuan kpr,5,0.16188235170437767,1,Medium
FB01341,Saya sangat puas dengan layanan bank ini,Loan,Mobile App,positive,saya sangat puas dengan layanan bank ini,1,0.09265928272652466,0,Low
FB00105,Saya suka fitur mobile banking yang lengkap,ATM,Email,positive,saya suka fitur mobile banking yang lengkap,6,0.22314460568451358,0,Low
FB00689,Transaksi saya gagal dan saldo belum kembali,Customer Service,ATM,negative,transaksi saya gagal dan saldo belum kembali,4,0.07976518594179097,3,High
FB01306,Petugas bank ramah dan profesional,Loan,Mobile App,positive,petugas bank ramah dan profesional,1,0.031096285002941575,0,Low
FB00827,Transfer berhasil tanpa masalah,Mobile Banking,Branch,positive,transfer berhasil tanpa masalah,6,1.614786542755145e-06,0,Low
FB00063,Pelayanan customer service sangat cepat dan membantu,ATM,Call Center,positive,pelayanan customer service sangat cepat dan membantu,4,0.21081811532378333,0,Low
FB00853,ATM sering tidak bisa digunakan,Savings,Call Center,negative,atm sering tidak bisa digunakan,3,0.21136854725851217,3,High
FB01354,Aplikasi sulit digunakan dan sering logout,Customer Service,ATM,negative,aplikasi sulit digunakan dan sering logout,3,0.242213474053518,3,High
FB00224,Proses transaksi berjalan lancar dan cepat,ATM,ATM,positive,proses transaksi berjalan lancar dan cepat,4,0.10629773296912669,0,Low
FB00146,Petugas bank ramah dan profesional,Savings,Mobile App,positive,petugas bank ramah dan profesional,1,0.031096285002941575,0,Low
FB01089,Transaksi saya gagal dan saldo belum kembali,Loan,ATM,negative,transaksi saya gagal dan saldo belum kembali,4,0.07976518594179097,3,High
FB00374,Aplikasi sulit digunakan dan sering logout,Customer Service,ATM,negative,aplikasi sulit digunakan dan sering logout,3,0.242213474053518,3,High
FB01421,Saya sangat puas dengan layanan bank ini,ATM,Mobile App,positive,saya sangat puas dengan layanan bank ini,1,0.09265928272652466,0,Low
FB01143,Pelayanan customer service sangat cepat dan membantu,Transaction,Call Center,positive,pelayanan customer service sangat cepat dan membantu,4,0.21081811532378333,0,Low
FB01827,Transfer berhasil tanpa masalah,ATM,Branch,positive,transfer berhasil tanpa masalah,6,1.614786542755145e-06,0,Low
FB01495,Saya tidak puas dengan pelayanan bank,Loan,Email,negative,saya tidak puas dengan pelayanan bank,1,0.09336184129421808,3,High
FB01602,Aplikasi mobile banking sangat mudah digunakan,Savings,Branch,positive,aplikasi mobile banking sangat mudah digunakan,6,0.20989998208001634,0,Low
FB01271,Proses pengajuan kredit terlalu lama,Loan,Mobile App,negative,proses pengajuan kredit terlalu lama,5,0.2129058517153481,3,High
FB00010,Customer service lambat merespons keluhan saya,Customer Service,Email,negative,customer service lambat merespons keluhan saya,4,0.1837918353330011,3,High
FB00450,Customer service lambat merespons keluhan saya,Transaction,Email,negative,customer service lambat merespons keluhan saya,4,0.1837918353330011,3,High
FB00709,Transaksi saya gagal dan saldo belum kembali,Transaction,ATM,negative,transaksi saya gagal dan saldo belum kembali,4,0.07976518594179097,3,High
FB00256,Saya ingin informasi tentang produk tabungan,Loan,Mobile App,neutral,saya ingin informasi tentang produk tabungan,2,0.16840665324179388,1,Medium
FB00883,Pelayanan customer service sangat cepat dan membantu,Mobile Banking,Call Center,positive,pelayanan customer service sangat cepat dan membantu,4,0.21081811532378333,0,Low
FB00390,Customer service lambat merespons keluhan saya,Card,Email,negative,customer service lambat merespons keluhan saya,4,0.1837918353330011,3,High
FB00909,Transaksi saya gagal dan saldo belum kembali,Savings,ATM,negative,transaksi saya gagal dan saldo belum kembali,4,0.07976518594179097,3,High
FB00925,Saya suka fitur mobile banking yang lengkap,Mobile Banking,Email,positive,saya suka fitur mobile banking yang lengkap,6,0.22314460568451358,0,Low
FB01704,Proses transaksi berjalan lancar dan cepat,Customer Service,ATM,positive,proses transaksi berjalan lancar dan cepat,4,0.10629773296912669,0,Low
FB01233,ATM sering tidak bisa digunakan,Mobile Banking,Call Center,negative,atm sering tidak bisa digunakan,3,0.21136854725851217,3,High
FB00461,Saya sangat puas dengan layanan bank ini,Savings,Mobile App,positive,saya sangat puas dengan layanan bank ini,1,0.09265928272652466,0,Low
FB01270,Customer service lambat merespons keluhan saya,Customer Service,Email,negative,customer service lambat merespons keluhan saya,4,0.1837918353330011,3,High
FB01760,Saya ingin mengetahui jam operasional cabang,Customer Service,Email,neutral,saya ingin mengetahui jam operasional cabang,2,0.2455238818801823,1,Medium
FB01169,Transaksi saya gagal dan saldo belum kembali,ATM,ATM,negative,transaksi saya gagal dan saldo belum kembali,4,0.07976518594179097,3,High
FB00959,Apa syarat pengajuan KPR,ATM,ATM,neutral,apa syarat pengajuan kpr,5,0.16188235170437767,1,Medium
FB00502,Aplikasi mobile banking sangat mudah digunakan,Card,Branch,positive,aplikasi mobile banking sangat mudah digunakan,6,0.20989998208001634,0,Low
FB00740,Saya ingin mengetahui jam operasional cabang,Card,Email,neutral,saya ingin mengetahui jam operasional cabang,2,0.2455238818801823,1,Medium
FB01850,Customer service lambat merespons keluhan saya,Transaction,Email,negative,customer service lambat merespons keluhan saya,4,0.1837918353330011,3,High
FB00869,Transaksi saya gagal dan saldo belum kembali,Mobile Banking,ATM,negative,transaksi saya gagal dan saldo belum kembali,4,0.07976518594179097,3,High
FB00732,Saya kecewa karena biaya administrasi terlalu tinggi,Loan,Branch,negative,saya kecewa karena biaya administrasi terlalu tinggi,5,0.1152856150730353,3,High
FB00540,Saya ingin mengetahui jam operasional cabang,Mobile Banking,Email,neutral,saya ingin mengetahui jam operasional cabang,2,0.2455238818801823,1,Medium
FB01202,Aplikasi mobile banking sangat mudah digunakan,Card,Branch,positive,aplikasi mobile banking sangat mudah digunakan,6,0.20989998208001634,0,Low
FB00698,Saya ingin mengetahui limit kartu kredit,Card,Call Center,neutral,saya ingin mengetahui limit kartu kredit,2,0.25019283653826707,1,Medium
FB01393,ATM sering tidak bisa digunakan,ATM,Call Center,negative,atm sering tidak bisa digunakan,3,0.21136854725851217,3,High
FB01377,Bagaimana cara mengganti PIN kartu,Card,Branch,neutral,bagaimana cara mengganti pin kartu,2,0.04933707118670494,1,Medium
FB01146,Petugas bank ramah dan profesional,Card,Mobile App,positive,petugas bank ramah dan profesional,1,0.031096285002941575,0,Low
FB01032,Saya kecewa karena biaya administrasi terlalu tinggi,Customer Service,Branch,negative,saya kecewa karena biaya administrasi terlalu tinggi,5,0.1152856150730353,3,High
FB00373,ATM sering tidak bisa digunakan,Transaction,Call Center,negative,atm sering tidak bisa digunakan,3,0.21136854725851217,3,High
FB00668,Aplikasi banking sering error saat saya gunakan,Customer Service,Call Center,negative,aplikasi banking sering error saat saya gunakan,3,0.1701897356859821,3,High
FB01526,Petugas bank ramah dan profesional,ATM,Mobile App,positive,petugas bank ramah dan profesional,1,0.031096285002941575,0,Low
FB00358,Saya ingin mengetahui limit kartu kredit,Mobile Banking,Call Center,neutral,saya ingin mengetahui limit kartu kredit,2,0.25019283653826707,1,Medium
FB00968,Aplikasi banking sering error saat saya gunakan,Transaction,Call Center,negative,aplikasi banking sering error saat saya gunakan,3,0.1701897356859821,3,High
FB00784,Proses transaksi berjalan lancar dan cepat,ATM,ATM,positive,proses transaksi berjalan lancar dan cepat,4,0.10629773296912669,0,Low
FB00736,Saya ingin informasi tentang produk tabungan,Mobile Banking,Mobile App,neutral,saya ingin informasi tentang produk tabungan,2,0.16840665324179388,1,Medium
FB01036,Saya ingin informasi tentang produk tabungan,ATM,Mobile App,neutral,saya ingin informasi tentang produk tabungan,2,0.16840665324179388,1,Medium
FB00971,Proses pengajuan kredit terlalu lama,Card,Mobile App,negative,proses pengajuan kredit terlalu lama,5,0.2129058517153481,3,High
FB01525,Saya suka fitur mobile banking yang lengkap,Savings,Email,positive,saya suka fitur mobile banking yang lengkap,6,0.22314460568451358,0,Low
FB01487,Transfer berhasil tanpa masalah,Customer Service,Branch,positive,transfer berhasil tanpa masalah,6,1.614786542755145e-06,0,Low
FB01524,Proses transaksi berjalan lancar dan cepat,Card,ATM,positive,proses transaksi berjalan lancar dan cepat,4,0.10629773296912669,0,Low
FB01491,Proses pengajuan kredit terlalu lama,ATM,Mobile App,negative,proses pengajuan kredit terlalu lama,5,0.2129058517153481,3,High
FB01643,Pelayanan customer service sangat cepat dan membantu,Card,Call Center,positive,pelayanan customer service sangat cepat dan membantu,4,0.21081811532378333,0,Low
FB01253,ATM sering tidak bisa digunakan,ATM,Call Center,negative,atm sering tidak bisa digunakan,3,0.21136854725851217,3,High
FB01694,Aplikasi sulit digunakan dan sering logout,ATM,ATM,negative,aplikasi sulit digunakan dan sering logout,3,0.242213474053518,3,High
FB01750,Customer service lambat merespons keluhan saya,ATM,Email,negative,customer service lambat merespons keluhan saya,4,0.1837918353330011,3,High
FB01237,Bagaimana cara mengganti PIN kartu,Card,Branch,neutral,bagaimana cara mengganti pin kartu,2,0.04933707118670494,1,Medium
FB00886,Petugas bank ramah dan profesional,Loan,Mobile App,positive,petugas bank ramah dan profesional,1,0.031096285002941575,0,Low
FB00080,Saya ingin mengetahui jam operasional cabang,Customer Service,Email,neutral,saya ingin mengetahui jam operasional cabang,2,0.2455238818801823,1,Medium
FB01173,ATM sering tidak bisa digunakan,Loan,Call Center,negative,atm sering tidak bisa digunakan,3,0.21136854725851217,3,High
FB00815,Saya tidak puas dengan pelayanan bank,Customer Service,Email,negative,saya tidak puas dengan pelayanan bank,1,0.09336184129421808,3,High
FB01286,Petugas bank ramah dan profesional,Card,Mobile App,positive,petugas bank ramah dan profesional,1,0.031096285002941575,0,Low
FB00672,Saya kecewa karena biaya administrasi terlalu tinggi,ATM,Branch,negative,saya kecewa karena biaya administrasi terlalu tinggi,5,0.1152856150730353,3,High
FB01532,Saya kecewa karena biaya administrasi terlalu tinggi,Savings,Branch,negative,saya kecewa karena biaya administrasi terlalu tinggi,5,0.1152856150730353,3,High
FB00058,Saya ingin mengetahui limit kartu kredit,Transaction,Call Center,neutral,saya ingin mengetahui limit kartu kredit,2,0.25019283653826707,1,Medium
FB00134,Aplikasi sulit digunakan dan sering logout,Mobile Banking,ATM,negative,aplikasi sulit digunakan dan sering logout,3,0.242213474053518,3,High
FB01141,Saya sangat puas dengan layanan bank ini,ATM,Mobile App,positive,saya sangat puas dengan layanan bank ini,1,0.09265928272652466,0,Low
FB00934,Aplikasi sulit digunakan dan sering logout,Customer Service,ATM,negative,aplikasi sulit digunakan dan sering logout,3,0.242213474053518,3,High
FB01685,Saya suka fitur mobile banking yang lengkap,Card,Email,positive,saya suka fitur mobile banking yang lengkap,6,0.22314460568451358,0,Low
FB00824,Proses transaksi berjalan lancar dan cepat,Card,ATM,positive,proses transaksi berjalan lancar dan cepat,4,0.10629773296912669,0,Low
FB01215,Saya tidak puas dengan pelayanan bank,Loan,Email,negative,saya tidak puas dengan pelayanan bank,1,0.09336184129421808,3,High
FB00505,Saya suka fitur mobile banking yang lengkap,Mobile Banking,Email,positive,saya suka fitur mobile banking yang lengkap,6,0.22314460568451358,0,Low
FB01775,Saya tidak puas dengan pelayanan bank,Loan,Email,negative,saya tidak puas dengan pelayanan bank,1,0.09336184129421808,3,High
FB00348,Aplikasi banking sering error saat saya gunakan,Card,Call Center,negative,aplikasi banking sering error saat saya gunakan,3,0.1701897356859821,3,High
FB00387,Transfer berhasil tanpa masalah,Transaction,Branch,positive,transfer berhasil tanpa masalah,6,1.614786542755145e-06,0,Low
FB01025,Saya suka fitur mobile banking yang lengkap,Customer Service,Email,positive,saya suka fitur mobile banking yang lengkap,6,0.22314460568451358,0,Low
FB00895,Saya tidak puas dengan pelayanan bank,Savings,Email,negative,saya tidak puas dengan pelayanan bank,1,0.09336184129421808,3,High
FB00829,Transaksi saya gagal dan saldo belum kembali,Customer Service,ATM,negative,transaksi saya gagal dan saldo belum kembali,4,0.07976518594179097,3,High
FB01893,ATM sering tidak bisa digunakan,Customer Service,Call Center,negative,atm sering tidak bisa digunakan,3,0.21136854725851217,3,High
FB00476,Saya ingin informasi tentang produk tabungan,ATM,Mobile App,neutral,saya ingin informasi tentang produk tabungan,2,0.16840665324179388,1,Medium
FB01471,Proses pengajuan kredit terlalu lama,Mobile Banking,Mobile App,negative,proses pengajuan kredit terlalu lama,5,0.2129058517153481,3,High
FB01448,Aplikasi banking sering error saat saya gunakan,Savings,Call Center,negative,aplikasi banking sering error saat saya gunakan,3,0.1701897356859821,3,High
FB01582,Aplikasi mobile banking sangat mudah digunakan,ATM,Branch,positive,aplikasi mobile banking sangat mudah digunakan,6,0.20989998208001634,0,Low
FB00653,ATM sering tidak bisa digunakan,Transaction,Call Center,negative,atm sering tidak bisa digunakan,3,0.21136854725851217,3,High
FB00173,ATM sering tidak bisa digunakan,Card,Call Center,negative,atm sering tidak bisa digunakan,3,0.21136854725851217,3,High
FB01150,Customer service lambat merespons keluhan saya,Transaction,Email,negative,customer service lambat merespons keluhan saya,4,0.1837918353330011,3,High
FB00039,Apa syarat pengajuan KPR,Loan,ATM,neutral,apa syarat pengajuan kpr,5,0.16188235170437767,1,Medium
FB00714,Aplikasi sulit digunakan dan sering logout,ATM,ATM,negative,aplikasi sulit digunakan dan sering logout,3,0.242213474053518,3,High
FB00091,Proses pengajuan kredit terlalu lama,ATM,Mobile App,negative,proses pengajuan kredit terlalu lama,5,0.2129058517153481,3,High
FB01937,Bagaimana cara mengganti PIN kartu,Card,Branch,neutral,bagaimana cara mengganti pin kartu,2,0.04933707118670494,1,Medium
FB01206,Petugas bank ramah dan profesional,Transaction,Mobile App,positive,petugas bank ramah dan profesional,1,0.031096285002941575,0,Low
FB00876,Saya ingin informasi tentang produk tabungan,Mobile Banking,Mobile App,neutral,saya ingin informasi tentang produk tabungan,2,0.16840665324179388,1,Medium
FB01352,Saya kecewa karena biaya administrasi terlalu tinggi,Mobile Banking,Branch,negative,saya kecewa karena biaya administrasi terlalu tinggi,5,0.1152856150730353,3,High
FB01890,Customer service lambat merespons keluhan saya,ATM,Email,negative,customer service lambat merespons keluhan saya,4,0.1837918353330011,3,High
FB01094,Aplikasi sulit digunakan dan sering logout,Transaction,ATM,negative,aplikasi sulit digunakan dan sering logout,3,0.242213474053518,3,High
FB01156,Saya ingin informasi tentang produk tabungan,Mobile Banking,Mobile App,neutral,saya ingin informasi tentang produk tabungan,2,0.16840665324179388,1,Medium
FB01782,Aplikasi mobile banking sangat mudah digunakan,Loan,Branch,positive,aplikasi mobile banking sangat mudah digunakan,6,0.20989998208001634,0,Low
FB01959,Apa syarat pengajuan KPR,Savings,ATM,neutral,apa syarat pengajuan kpr,5,0.16188235170437767,1,Medium
FB00500,Saya ingin mengetahui jam operasional cabang,Customer Service,Email,neutral,saya ingin mengetahui jam operasional cabang,2,0.2455238818801823,1,Medium
FB00339,Apa syarat pengajuan KPR,Customer Service,ATM,neutral,apa syarat pengajuan kpr,5,0.16188235170437767,1,Medium
FB01189,Transaksi saya gagal dan saldo belum kembali,Savings,ATM,negative,transaksi saya gagal dan saldo belum kembali,4,0.07976518594179097,3,High
FB00029,Transaksi saya gagal dan saldo belum kembali,Mobile Banking,ATM,negative,transaksi saya gagal dan saldo belum kembali,4,0.07976518594179097,3,High
FB01218,Saya ingin mengetahui limit kartu kredit,ATM,Call Center,neutral,saya ingin mengetahui limit kartu kredit,2,0.25019283653826707,1,Medium
FB01400,Saya ingin mengetahui jam operasional cabang,ATM,Email,neutral,saya ingin mengetahui jam operasional cabang,2,0.2455238818801823,1,Medium
FB01821,Saya sangat puas dengan layanan bank ini,Mobile Banking,Mobile App,positive,saya sangat puas dengan layanan bank ini,1,0.09265928272652466,0,Low
FB00946,Petugas bank ramah dan profesional,Mobile Banking,Mobile App,positive,petugas bank ramah dan profesional,1,0.031096285002941575,0,Low
FB00170,Customer service lambat merespons keluhan saya,Transaction,Email,negative,customer service lambat merespons keluhan saya,4,0.1837918353330011,3,High
FB01405,Saya suka fitur mobile banking yang lengkap,Card,Email,positive,saya suka fitur mobile banking yang lengkap,6,0.22314460568451358,0,Low
FB01198,Saya ingin mengetahui limit kartu kredit,Mobile Banking,Call Center,neutral,saya ingin mengetahui limit kartu kredit,2,0.25019283653826707,1,Medium
FB01254,Aplikasi sulit digunakan dan sering logout,Mobile Banking,ATM,negative,aplikasi sulit digunakan dan sering logout,3,0.242213474053518,3,High
FB01614,Aplikasi sulit digunakan dan sering logout,Loan,ATM,negative,aplikasi sulit digunakan dan sering logout,3,0.242213474053518,3,High
FB00913,ATM sering tidak bisa digunakan,Customer Service,Call Center,negative,atm sering tidak bisa digunakan,3,0.21136854725851217,3,High
FB00492,Saya kecewa karena biaya administrasi terlalu tinggi,Transaction,Branch,negative,saya kecewa karena biaya administrasi terlalu tinggi,5,0.1152856150730353,3,High
FB00954,Aplikasi sulit digunakan dan sering logout,Transaction,ATM,negative,aplikasi sulit digunakan dan sering logout,3,0.242213474053518,3,High
FB01098,Saya ingin mengetahui limit kartu kredit,Savings,Call Center,neutral,saya ingin mengetahui limit kartu kredit,2,0.25019283653826707,1,Medium
FB01033,ATM sering tidak bisa digunakan,Loan,Call Center,negative,atm sering tidak bisa digunakan,3,0.21136854725851217,3,High
FB00588,Aplikasi banking sering error saat saya gunakan,ATM,Call Center,negative,aplikasi banking sering error saat saya gunakan,3,0.1701897356859821,3,High
FB00751,Proses pengajuan kredit terlalu lama,Transaction,Mobile App,negative,proses pengajuan kredit terlalu lama,5,0.2129058517153481,3,High
FB00658,Saya ingin mengetahui limit kartu kredit,ATM,Call Center,neutral,saya ingin mengetahui limit kartu kredit,2,0.25019283653826707,1,Medium
FB00235,Saya tidak puas dengan pelayanan bank,Loan,Email,negative,saya tidak puas dengan pelayanan bank,1,0.09336184129421808,3,High
FB00733,ATM sering tidak bisa digunakan,Card,Call Center,negative,atm sering tidak bisa digunakan,3,0.21136854725851217,3,High
FB01989,Transaksi saya gagal dan saldo belum kembali,Mobile Banking,ATM,negative,transaksi saya gagal dan saldo belum kembali,4,0.07976518594179097,3,High
FB01633,ATM sering tidak bisa digunakan,Transaction,Call Center,negative,atm sering tidak bisa digunakan,3,0.21136854725851217,3,High
FB01157,Bagaimana cara mengganti PIN kartu,Transaction,Branch,neutral,bagaimana cara mengganti pin kartu,2,0.04933707118670494,1,Medium
FB01470,Customer service lambat merespons keluhan saya,ATM,Email,negative,customer service lambat merespons keluhan saya,4,0.1837918353330011,3,High
FB01425,Saya suka fitur mobile banking yang lengkap,Loan,Email,positive,saya suka fitur mobile banking yang lengkap,6,0.22314460568451358,0,Low
FB01628,Aplikasi banking sering error saat saya gunakan,Loan,Call Center,negative,aplikasi banking sering error saat saya gunakan,3,0.1701897356859821,3,High
FB00935,Saya tidak puas dengan pelayanan bank,Loan,Email,negative,saya tidak puas dengan pelayanan bank,1,0.09336184129421808,3,High
FB01210,Customer service lambat merespons keluhan saya,Savings,Email,negative,customer service lambat merespons keluhan saya,4,0.1837918353330011,3,High
FB01066,Petugas bank ramah dan profesional,Transaction,Mobile App,positive,petugas bank ramah dan profesional,1,0.031096285002941575,0,Low
FB00109,Transaksi saya gagal dan saldo belum kembali,Loan,ATM,negative,transaksi saya gagal dan saldo belum kembali,4,0.07976518594179097,3,High
FB01543,Pelayanan customer service sangat cepat dan membantu,Customer Service,Call Center,positive,pelayanan customer service sangat cepat dan membantu,4,0.21081811532378333,0,Low
FB00569,Transaksi saya gagal dan saldo belum kembali,Transaction,ATM,negative,transaksi saya gagal dan saldo belum kembali,4,0.07976518594179097,3,High
FB01168,Aplikasi banking sering error saat saya gunakan,Savings,Call Center,negative,aplikasi banking sering error saat saya gunakan,3,0.1701897356859821,3,High
FB01175,Saya tidak puas dengan pelayanan bank,Savings,Email,negative,saya tidak puas dengan pelayanan bank,1,0.09336184129421808,3,High
FB00891,Proses pengajuan kredit terlalu lama,Transaction,Mobile App,negative,proses pengajuan kredit terlalu lama,5,0.2129058517153481,3,High
FB00948,Aplikasi banking sering error saat saya gunakan,Customer Service,Call Center,negative,aplikasi banking sering error saat saya gunakan,3,0.1701897356859821,3,High
FB01049,Transaksi saya gagal dan saldo belum kembali,Savings,ATM,negative,transaksi saya gagal dan saldo belum kembali,4,0.07976518594179097,3,High
FB01353,ATM sering tidak bisa digunakan,Transaction,Call Center,negative,atm sering tidak bisa digunakan,3,0.21136854725851217,3,High
FB01778,Saya ingin mengetahui limit kartu kredit,ATM,Call Center,neutral,saya ingin mengetahui limit kartu kredit,2,0.25019283653826707,1,Medium
FB01447,Transfer berhasil tanpa masalah,Card,Branch,positive,transfer berhasil tanpa masalah,6,1.614786542755145e-06,0,Low
FB00885,Saya suka fitur mobile banking yang lengkap,Customer Service,Email,positive,saya suka fitur mobile banking yang lengkap,6,0.22314460568451358,0,Low
FB01673,ATM sering tidak bisa digunakan,ATM,Call Center,negative,atm sering tidak bisa digunakan,3,0.21136854725851217,3,High
FB00851,Proses pengajuan kredit terlalu lama,Loan,Mobile App,negative,proses pengajuan kredit terlalu lama,5,0.2129058517153481,3,High
FB00735,Saya tidak puas dengan pelayanan bank,ATM,Email,negative,saya tidak puas dengan pelayanan bank,1,0.09336184129421808,3,High
FB00718,Saya ingin mengetahui limit kartu kredit,Loan,Call Center,neutral,saya ingin mengetahui limit kartu kredit,2,0.25019283653826707,1,Medium
FB00455,Saya tidak puas dengan pelayanan bank,ATM,Email,negative,saya tidak puas dengan pelayanan bank,1,0.09336184129421808,3,High
FB00265,Saya suka fitur mobile banking yang lengkap,Savings,Email,positive,saya suka fitur mobile banking yang lengkap,6,0.22314460568451358,0,Low
FB00076,Saya ingin informasi tentang produk tabungan,Savings,Mobile App,neutral,saya ingin informasi tentang produk tabungan,2,0.16840665324179388,1,Medium
FB01658,Saya ingin mengetahui limit kartu kredit,Savings,Call Center,neutral,saya ingin mengetahui limit kartu kredit,2,0.25019283653826707,1,Medium
FB00445,Saya suka fitur mobile banking yang lengkap,Loan,Email,positive,saya suka fitur mobile banking yang lengkap,6,0.22314460568451358,0,Low
FB00396,Saya ingin informasi tentang produk tabungan,Loan,Mobile App,neutral,saya ingin informasi tentang produk tabungan,2,0.16840665324179388,1,Medium
FB00177,Bagaimana cara mengganti PIN kartu,Transaction,Branch,neutral,bagaimana cara mengganti pin kartu,2,0.04933707118670494,1,Medium
FB01043,Pelayanan customer service sangat cepat dan membantu,ATM,Call Center,positive,pelayanan customer service sangat cepat dan membantu,4,0.21081811532378333,0,Low
FB01736,Saya ingin informasi tentang produk tabungan,ATM,Mobile App,neutral,saya ingin informasi tentang produk tabungan,2,0.16840665324179388,1,Medium
FB01402,Aplikasi mobile banking sangat mudah digunakan,Transaction,Branch,positive,aplikasi mobile banking sangat mudah digunakan,6,0.20989998208001634,0,Low
FB01381,Saya sangat puas dengan layanan bank ini,Transaction,Mobile App,positive,saya sangat puas dengan layanan bank ini,1,0.09265928272652466,0,Low
FB00596,Saya ingin informasi tentang produk tabungan,Mobile Banking,Mobile App,neutral,saya ingin informasi tentang produk tabungan,2,0.16840665324179388,1,Medium
FB00062,Aplikasi mobile banking sangat mudah digunakan,Savings,Branch,positive,aplikasi mobile banking sangat mudah digunakan,6,0.20989998208001634,0,Low
FB01297,Bagaimana cara mengganti PIN kartu,Transaction,Branch,neutral,bagaimana cara mengganti pin kartu,2,0.04933707118670494,1,Medium
FB00873,ATM sering tidak bisa digunakan,Card,Call Center,negative,atm sering tidak bisa digunakan,3,0.21136854725851217,3,High
FB01490,Customer service lambat merespons keluhan saya,Savings,Email,negative,customer service lambat merespons keluhan saya,4,0.1837918353330011,3,High
FB01879,Apa syarat pengajuan KPR,Customer Service,ATM,neutral,apa syarat pengajuan kpr,5,0.16188235170437767,1,Medium
FB00279,Apa syarat pengajuan KPR,Savings,ATM,neutral,apa syarat pengajuan kpr,5,0.16188235170437767,1,Medium
FB00037,Bagaimana cara mengganti PIN kartu,Transaction,Branch,neutral,bagaimana cara mengganti pin kartu,2,0.04933707118670494,1,Medium
FB01976,Saya ingin informasi tentang produk tabungan,Transaction,Mobile App,neutral,saya ingin informasi tentang produk tabungan,2,0.16840665324179388,1,Medium
FB00663,Pelayanan customer service sangat cepat dan membantu,Card,Call Center,positive,pelayanan customer service sangat cepat dan membantu,4,0.21081811532378333,0,Low
FB01954,Aplikasi sulit digunakan dan sering logout,Mobile Banking,ATM,negative,aplikasi sulit digunakan dan sering logout,3,0.242213474053518,3,High
FB01445,Saya suka fitur mobile banking yang lengkap,Customer Service,Email,positive,saya suka fitur mobile banking yang lengkap,6,0.22314460568451358,0,Low
FB00978,Saya ingin mengetahui limit kartu kredit,Card,Call Center,neutral,saya ingin mengetahui limit kartu kredit,2,0.25019283653826707,1,Medium
FB01572,Saya kecewa karena biaya administrasi terlalu tinggi,Loan,Branch,negative,saya kecewa karena biaya administrasi terlalu tinggi,5,0.1152856150730353,3,High
FB00739,Apa syarat pengajuan KPR,Loan,ATM,neutral,apa syarat pengajuan kpr,5,0.16188235170437767,1,Medium
FB00192,Saya kecewa karena biaya administrasi terlalu tinggi,Customer Service,Branch,negative,saya kecewa karena biaya administrasi terlalu tinggi,5,0.1152856150730353,3,High
FB00920,Saya ingin mengetahui jam operasional cabang,Customer Service,Email,neutral,saya ingin mengetahui jam operasional cabang,2,0.2455238818801823,1,Medium
FB00457,Bagaimana cara mengganti PIN kartu,Transaction,Branch,neutral,bagaimana cara mengganti pin kartu,2,0.04933707118670494,1,Medium
FB00676,Saya ingin informasi tentang produk tabungan,Loan,Mobile App,neutral,saya ingin informasi tentang produk tabungan,2,0.16840665324179388,1,Medium
FB00761,Saya sangat puas dengan layanan bank ini,Card,Mobile App,positive,saya sangat puas dengan layanan bank ini,1,0.09265928272652466,0,Low
FB01808,Aplikasi banking sering error saat saya gunakan,Transaction,Call Center,negative,aplikasi banking sering error saat saya gunakan,3,0.1701897356859821,3,High
FB01603,Pelayanan customer service sangat cepat dan membantu,ATM,Call Center,positive,pelayanan customer service sangat cepat dan membantu,4,0.21081811532378333,0,Low
FB00729,Transaksi saya gagal dan saldo belum kembali,Mobile Banking,ATM,negative,transaksi saya gagal dan saldo belum kembali,4,0.07976518594179097,3,High
FB00413,ATM sering tidak bisa digunakan,ATM,Call Center,negative,atm sering tidak bisa digunakan,3,0.21136854725851217,3,High
FB01099,Apa syarat pengajuan KPR,ATM,ATM,neutral,apa syarat pengajuan kpr,5,0.16188235170437767,1,Medium
FB00826,Petugas bank ramah dan profesional,ATM,Mobile App,positive,petugas bank ramah dan profesional,1,0.031096285002941575,0,Low
FB01640,Saya ingin mengetahui jam operasional cabang,Transaction,Email,neutral,saya ingin mengetahui jam operasional cabang,2,0.2455238818801823,1,Medium
FB00617,Bagaimana cara mengganti PIN kartu,Mobile Banking,Branch,neutral,bagaimana cara mengganti pin kartu,2,0.04933707118670494,1,Medium
FB00115,Saya tidak puas dengan pelayanan bank,Customer Service,Email,negative,saya tidak puas dengan pelayanan bank,1,0.09336184129421808,3,High
FB00418,Saya ingin mengetahui limit kartu kredit,Card,Call Center,neutral,saya ingin mengetahui limit kartu kredit,2,0.25019283653826707,1,Medium
FB01911,Proses pengajuan kredit terlalu lama,ATM,Mobile App,negative,proses pengajuan kredit terlalu lama,5,0.2129058517153481,3,High
FB00970,Customer service lambat merespons keluhan saya,Loan,Email,negative,customer service lambat merespons keluhan saya,4,0.1837918353330011,3,High
FB00605,Saya suka fitur mobile banking yang lengkap,Customer Service,Email,positive,saya suka fitur mobile banking yang lengkap,6,0.22314460568451358,0,Low
FB01919,Apa syarat pengajuan KPR,Mobile Banking,ATM,neutral,apa syarat pengajuan kpr,5,0.16188235170437767,1,Medium
FB00090,Customer service lambat merespons keluhan saya,Savings,Email,negative,customer service lambat merespons keluhan saya,4,0.1837918353330011,3,High
FB00849,Transaksi saya gagal dan saldo belum kembali,Transaction,ATM,negative,transaksi saya gagal dan saldo belum kembali,4,0.07976518594179097,3,High
FB01520,Saya ingin mengetahui jam operasional cabang,Mobile Banking,Email,neutral,saya ingin mengetahui jam operasional cabang,2,0.2455238818801823,1,Medium
FB01918,Saya ingin mengetahui limit kartu kredit,ATM,Call Center,neutral,saya ingin mengetahui limit kartu kredit,2,0.25019283653826707,1,Medium
FB00754,Aplikasi sulit digunakan dan sering logout,Card,ATM,negative,aplikasi sulit digunakan dan sering logout,3,0.242213474053518,3,High
FB00499,Apa syarat pengajuan KPR,Transaction,ATM,neutral,apa syarat pengajuan kpr,5,0.16188235170437767,1,Medium
FB01277,Bagaimana cara mengganti PIN kartu,Customer Service,Branch,neutral,bagaimana cara mengganti pin kartu,2,0.04933707118670494,1,Medium
FB01326,Petugas bank ramah dan profesional,Customer Service,Mobile App,positive,petugas bank ramah dan profesional,1,0.031096285002941575,0,Low
FB00012,Saya kecewa karena biaya administrasi terlalu tinggi,Card,Branch,negative,saya kecewa karena biaya administrasi terlalu tinggi,5,0.1152856150730353,3,High
FB00397,Bagaimana cara mengganti PIN kartu,Card,Branch,neutral,bagaimana cara mengganti pin kartu,2,0.04933707118670494,1,Medium
FB00285,Saya suka fitur mobile banking yang lengkap,Card,Email,positive,saya suka fitur mobile banking yang lengkap,6,0.22314460568451358,0,Low
FB01067,Transfer berhasil tanpa masalah,Customer Service,Branch,positive,transfer berhasil tanpa masalah,6,1.614786542755145e-06,0,Low
FB01192,Saya kecewa karena biaya administrasi terlalu tinggi,Transaction,Branch,negative,saya kecewa karena biaya administrasi terlalu tinggi,5,0.1152856150730353,3,High
FB01745,Saya suka fitur mobile banking yang lengkap,Transaction,Email,positive,saya suka fitur mobile banking yang lengkap,6,0.22314460568451358,0,Low
FB00691,Proses pengajuan kredit terlalu lama,Card,Mobile App,negative,proses pengajuan kredit terlalu lama,5,0.2129058517153481,3,High
FB01753,ATM sering tidak bisa digunakan,Customer Service,Call Center,negative,atm sering tidak bisa digunakan,3,0.21136854725851217,3,High
FB01876,Saya ingin informasi tentang produk tabungan,ATM,Mobile App,neutral,saya ingin informasi tentang produk tabungan,2,0.16840665324179388,1,Medium
FB00690,Customer service lambat merespons keluhan saya,Loan,Email,negative,customer service lambat merespons keluhan saya,4,0.1837918353330011,3,High
FB00852,Saya kecewa karena biaya administrasi terlalu tinggi,Card,Branch,negative,saya kecewa karena biaya administrasi terlalu tinggi,5,0.1152856150730353,3,High
FB00160,Saya ingin mengetahui jam operasional cabang,Savings,Email,neutral,saya ingin mengetahui jam operasional cabang,2,0.2455238818801823,1,Medium
FB00896,Saya ingin informasi tentang produk tabungan,ATM,Mobile App,neutral,saya ingin informasi tentang produk tabungan,2,0.16840665324179388,1,Medium
FB01576,Saya ingin informasi tentang produk tabungan,Mobile Banking,Mobile App,neutral,saya ingin informasi tentang produk tabungan,2,0.16840665324179388,1,Medium
FB00258,Saya ingin mengetahui limit kartu kredit,Savings,Call Center,neutral,saya ingin mengetahui limit kartu kredit,2,0.25019283653826707,1,Medium
FB00336,Saya ingin informasi tentang produk tabungan,ATM,Mobile App,neutral,saya ingin informasi tentang produk tabungan,2,0.16840665324179388,1,Medium
FB01880,Saya ingin mengetahui jam operasional cabang,Loan,Email,neutral,saya ingin mengetahui jam operasional cabang,2,0.2455238818801823,1,Medium
FB01040,Saya ingin mengetahui jam operasional cabang,Loan,Email,neutral,saya ingin mengetahui jam operasional cabang,2,0.2455238818801823,1,Medium
FB00516,Saya ingin informasi tentang produk tabungan,Card,Mobile App,neutral,saya ingin informasi tentang produk tabungan,2,0.16840665324179388,1,Medium
FB01349,Transaksi saya gagal dan saldo belum kembali,Card,ATM,negative,transaksi saya gagal dan saldo belum kembali,4,0.07976518594179097,3,High
FB01016,Saya ingin informasi tentang produk tabungan,Mobile Banking,Mobile App,neutral,saya ingin informasi tentang produk tabungan,2,0.16840665324179388,1,Medium
FB00769,Transaksi saya gagal dan saldo belum kembali,Savings,ATM,negative,transaksi saya gagal dan saldo belum kembali,4,0.07976518594179097,3,High
FB01747,Transfer berhasil tanpa masalah,Loan,Branch,positive,transfer berhasil tanpa masalah,6,1.614786542755145e-06,0,Low
FB00762,Aplikasi mobile banking sangat mudah digunakan,Savings,Branch,positive,aplikasi mobile banking sangat mudah digunakan,6,0.20989998208001634,0,Low
FB01247,Transfer berhasil tanpa masalah,Mobile Banking,Branch,positive,transfer berhasil tanpa masalah,6,1.614786542755145e-06,0,Low
FB01204,Proses transaksi berjalan lancar dan cepat,ATM,ATM,positive,proses transaksi berjalan lancar dan cepat,4,0.10629773296912669,0,Low
FB01468,Aplikasi banking sering error saat saya gunakan,Card,Call Center,negative,aplikasi banking sering error saat saya gunakan,3,0.1701897356859821,3,High
FB01984,Proses transaksi berjalan lancar dan cepat,Customer Service,ATM,positive,proses transaksi berjalan lancar dan cepat,4,0.10629773296912669,0,Low
FB00522,Aplikasi mobile banking sangat mudah digunakan,Loan,Branch,positive,aplikasi mobile banking sangat mudah digunakan,6,0.20989998208001634,0,Low
FB00023,Pelayanan customer service sangat cepat dan membantu,Transaction,Call Center,positive,pelayanan customer service sangat cepat dan membantu,4,0.21081811532378333,0,Low
FB00357,Bagaimana cara mengganti PIN kartu,ATM,Branch,neutral,bagaimana cara mengganti pin kartu,2,0.04933707118670494,1,Medium
FB01278,Saya ingin mengetahui limit kartu kredit,Loan,Call Center,neutral,saya ingin mengetahui limit kartu kredit,2,0.25019283653826707,1,Medium
FB01313,ATM sering tidak bisa digunakan,Loan,Call Center,negative,atm sering tidak bisa digunakan,3,0.21136854725851217,3,High
FB01683,Pelayanan customer service sangat cepat dan membantu,Customer Service,Call Center,positive,pelayanan customer service sangat cepat dan membantu,4,0.21081811532378333,0,Low
FB00341,Saya sangat puas dengan layanan bank ini,Card,Mobile App,positive,saya sangat puas dengan layanan bank ini,1,0.09265928272652466,0,Low
FB00432,Saya kecewa karena biaya administrasi terlalu tinggi,Card,Branch,negative,saya kecewa karena biaya administrasi terlalu tinggi,5,0.1152856150730353,3,High
FB00474,Aplikasi sulit digunakan dan sering logout,Card,ATM,negative,aplikasi sulit digunakan dan sering logout,3,0.242213474053518,3,High
FB00218,Saya ingin mengetahui limit kartu kredit,Mobile Banking,Call Center,neutral,saya ingin mengetahui limit kartu kredit,2,0.25019283653826707,1,Medium
FB00912,Saya kecewa karena biaya administrasi terlalu tinggi,Transaction,Branch,negative,saya kecewa karena biaya administrasi terlalu tinggi,5,0.1152856150730353,3,High
FB01228,Aplikasi banking sering error saat saya gunakan,Customer Service,Call Center,negative,aplikasi banking sering error saat saya gunakan,3,0.1701897356859821,3,High
FB01597,Bagaimana cara mengganti PIN kartu,Mobile Banking,Branch,neutral,bagaimana cara mengganti pin kartu,2,0.04933707118670494,1,Medium
FB01012,Saya kecewa karena biaya administrasi terlalu tinggi,Loan,Branch,negative,saya kecewa karena biaya administrasi terlalu tinggi,5,0.1152856150730353,3,High
FB01950,Customer service lambat merespons keluhan saya,Loan,Email,negative,customer service lambat merespons keluhan saya,4,0.1837918353330011,3,High
FB00094,Aplikasi sulit digunakan dan sering logout,Customer Service,ATM,negative,aplikasi sulit digunakan dan sering logout,3,0.242213474053518,3,High
FB01009,Transaksi saya gagal dan saldo belum kembali,Mobile Banking,ATM,negative,transaksi saya gagal dan saldo belum kembali,4,0.07976518594179097,3,High
FB01071,Proses pengajuan kredit terlalu lama,ATM,Mobile App,negative,proses pengajuan kredit terlalu lama,5,0.2129058517153481,3,High
FB01093,ATM sering tidak bisa digunakan,Mobile Banking,Call Center,negative,atm sering tidak bisa digunakan,3,0.21136854725851217,3,High
FB01915,Saya tidak puas dengan pelayanan bank,Loan,Email,negative,saya tidak puas dengan pelayanan bank,1,0.09336184129421808,3,High
FB01309,Transaksi saya gagal dan saldo belum kembali,ATM,ATM,negative,transaksi saya gagal dan saldo belum kembali,4,0.07976518594179097,3,High
FB00697,Bagaimana cara mengganti PIN kartu,Loan,Branch,neutral,bagaimana cara mengganti pin kartu,2,0.04933707118670494,1,Medium
FB01828,Aplikasi banking sering error saat saya gunakan,Mobile Banking,Call Center,negative,aplikasi banking sering error saat saya gunakan,3,0.1701897356859821,3,High
FB00997,Bagaimana cara mengganti PIN kartu,Customer Service,Branch,neutral,bagaimana cara mengganti pin kartu,2,0.04933707118670494,1,Medium
FB00154,Aplikasi sulit digunakan dan sering logout,ATM,ATM,negative,aplikasi sulit digunakan dan sering logout,3,0.242213474053518,3,High
FB01100,Saya ingin mengetahui jam operasional cabang,Mobile Banking,Email,neutral,saya ingin mengetahui jam operasional cabang,2,0.2455238818801823,1,Medium
FB01719,Apa syarat pengajuan KPR,Loan,ATM,neutral,apa syarat pengajuan kpr,5,0.16188235170437767,1,Medium
FB01998,Saya ingin mengetahui limit kartu kredit,Customer Service,Call Center,neutral,saya ingin mengetahui limit kartu kredit,2,0.25019283653826707,1,Medium
FB00790,Customer service lambat merespons keluhan saya,Savings,Email,negative,customer service lambat merespons keluhan saya,4,0.1837918353330011,3,High
FB00581,Saya sangat puas dengan layanan bank ini,ATM,Mobile App,positive,saya sangat puas dengan layanan bank ini,1,0.09265928272652466,0,Low
FB00704,Proses transaksi berjalan lancar dan cepat,Loan,ATM,positive,proses transaksi berjalan lancar dan cepat,4,0.10629773296912669,0,Low
FB01213,ATM sering tidak bisa digunakan,Transaction,Call Center,negative,atm sering tidak bisa digunakan,3,0.21136854725851217,3,High
FB01296,Saya ingin informasi tentang produk tabungan,Mobile Banking,Mobile App,neutral,saya ingin informasi tentang produk tabungan,2,0.16840665324179388,1,Medium
FB01666,Petugas bank ramah dan profesional,ATM,Mobile App,positive,petugas bank ramah dan profesional,1,0.031096285002941575,0,Low
FB01261,Saya sangat puas dengan layanan bank ini,Mobile Banking,Mobile App,positive,saya sangat puas dengan layanan bank ini,1,0.09265928272652466,0,Low
FB00488,Aplikasi banking sering error saat saya gunakan,Card,Call Center,negative,aplikasi banking sering error saat saya gunakan,3,0.1701897356859821,3,High
FB00560,Saya ingin mengetahui jam operasional cabang,ATM,Email,neutral,saya ingin mengetahui jam operasional cabang,2,0.2455238818801823,1,Medium
FB01142,Aplikasi mobile banking sangat mudah digunakan,Mobile Banking,Branch,positive,aplikasi mobile banking sangat mudah digunakan,6,0.20989998208001634,0,Low
FB01120,Saya ingin mengetahui jam operasional cabang,ATM,Email,neutral,saya ingin mengetahui jam operasional cabang,2,0.2455238818801823,1,Medium
FB00802,Aplikasi mobile banking sangat mudah digunakan,Loan,Branch,positive,aplikasi mobile banking sangat mudah digunakan,6,0.20989998208001634,0,Low
FB00513,ATM sering tidak bisa digunakan,Transaction,Call Center,negative,atm sering tidak bisa digunakan,3,0.21136854725851217,3,High
FB00634,Aplikasi sulit digunakan dan sering logout,Loan,ATM,negative,aplikasi sulit digunakan dan sering logout,3,0.242213474053518,3,High
FB01922,Aplikasi mobile banking sangat mudah digunakan,Loan,Branch,positive,aplikasi mobile banking sangat mudah digunakan,6,0.20989998208001634,0,Low
FB01788,Aplikasi banking sering error saat saya gunakan,Customer Service,Call Center,negative,aplikasi banking sering error saat saya gunakan,3,0.1701897356859821,3,High
FB01546,Petugas bank ramah dan profesional,Savings,Mobile App,positive,petugas bank ramah dan profesional,1,0.031096285002941575,0,Low
FB01151,Proses pengajuan kredit terlalu lama,Customer Service,Mobile App,negative,proses pengajuan kredit terlalu lama,5,0.2129058517153481,3,High
FB00791,Proses pengajuan kredit terlalu lama,ATM,Mobile App,negative,proses pengajuan kredit terlalu lama,5,0.2129058517153481,3,High
FB00117,Bagaimana cara mengganti PIN kartu,Card,Branch,neutral,bagaimana cara mengganti pin kartu,2,0.04933707118670494,1,Medium
FB00741,Saya sangat puas dengan layanan bank ini,Savings,Mobile App,positive,saya sangat puas dengan layanan bank ini,1,0.09265928272652466,0,Low
FB01691,Proses pengajuan kredit terlalu lama,Loan,Mobile App,negative,proses pengajuan kredit terlalu lama,5,0.2129058517153481,3,High
FB01082,Aplikasi mobile banking sangat mudah digunakan,Loan,Branch,positive,aplikasi mobile banking sangat mudah digunakan,6,0.20989998208001634,0,Low
FB00831,Proses pengajuan kredit terlalu lama,Card,Mobile App,negative,proses pengajuan kredit terlalu lama,5,0.2129058517153481,3,High
FB00120,Saya ingin mengetahui jam operasional cabang,Mobile Banking,Email,neutral,saya ingin mengetahui jam operasional cabang,2,0.2455238818801823,1,Medium
FB00657,Bagaimana cara mengganti PIN kartu,Savings,Branch,neutral,bagaimana cara mengganti pin kartu,2,0.04933707118670494,1,Medium
FB01908,Aplikasi banking sering error saat saya gunakan,Loan,Call Center,negative,aplikasi banking sering error saat saya gunakan,3,0.1701897356859821,3,High
FB00636,Saya ingin informasi tentang produk tabungan,Savings,Mobile App,neutral,saya ingin informasi tentang produk tabungan,2,0.16840665324179388,1,Medium
FB00370,Customer service lambat merespons keluhan saya,Savings,Email,negative,customer service lambat merespons keluhan saya,4,0.1837918353330011,3,High
FB00269,Transaksi saya gagal dan saldo belum kembali,Customer Service,ATM,negative,transaksi saya gagal dan saldo belum kembali,4,0.07976518594179097,3,High
FB00656,Saya ingin informasi tentang produk tabungan,Card,Mobile App,neutral,saya ingin informasi tentang produk tabungan,2,0.16840665324179388,1,Medium
FB00936,Saya ingin informasi tentang produk tabungan,Card,Mobile App,neutral,saya ingin informasi tentang produk tabungan,2,0.16840665324179388,1,Medium
FB00823,Pelayanan customer service sangat cepat dan membantu,Loan,Call Center,positive,pelayanan customer service sangat cepat dan membantu,4,0.21081811532378333,0,Low
FB00867,Transfer berhasil tanpa masalah,Savings,Branch,positive,transfer berhasil tanpa masalah,6,1.614786542755145e-06,0,Low
FB00047,Transfer berhasil tanpa masalah,Card,Branch,positive,transfer berhasil tanpa masalah,6,1.614786542755145e-06,0,Low
FB01374,Aplikasi sulit digunakan dan sering logout,Transaction,ATM,negative,aplikasi sulit digunakan dan sering logout,3,0.242213474053518,3,High
FB01709,Transaksi saya gagal dan saldo belum kembali,Mobile Banking,ATM,negative,transaksi saya gagal dan saldo belum kembali,4,0.07976518594179097,3,High
FB00992,Saya kecewa karena biaya administrasi terlalu tinggi,Card,Branch,negative,saya kecewa karena biaya administrasi terlalu tinggi,5,0.1152856150730353,3,High
FB00877,Bagaimana cara mengganti PIN kartu,Transaction,Branch,neutral,bagaimana cara mengganti pin kartu,2,0.04933707118670494,1,Medium
FB00774,Aplikasi sulit digunakan dan sering logout,Loan,ATM,negative,aplikasi sulit digunakan dan sering logout,3,0.242213474053518,3,High
FB01220,Saya ingin mengetahui jam operasional cabang,Transaction,Email,neutral,saya ingin mengetahui jam operasional cabang,2,0.2455238818801823,1,Medium
FB02000,Saya ingin mengetahui jam operasional cabang,Card,Email,neutral,saya ingin mengetahui jam operasional cabang,2,0.2455238818801823,1,Medium
FB00005,Saya suka fitur mobile banking yang lengkap,Card,Email,positive,saya suka fitur mobile banking yang lengkap,6,0.22314460568451358,0,Low
FB01004,Proses transaksi berjalan lancar dan cepat,Customer Service,ATM,positive,proses transaksi berjalan lancar dan cepat,4,0.10629773296912669,0,Low
FB01724,Proses transaksi berjalan lancar dan cepat,Transaction,ATM,positive,proses transaksi berjalan lancar dan cepat,4,0.10629773296912669,0,Low
FB00264,Proses transaksi berjalan lancar dan cepat,Card,ATM,positive,proses transaksi berjalan lancar dan cepat,4,0.10629773296912669,0,Low
FB01570,Customer service lambat merespons keluhan saya,Transaction,Email,negative,customer service lambat merespons keluhan saya,4,0.1837918353330011,3,High
FB01831,Proses pengajuan kredit terlalu lama,Loan,Mobile App,negative,proses pengajuan kredit terlalu lama,5,0.2129058517153481,3,High
FB00444,Proses transaksi berjalan lancar dan cepat,Customer Service,ATM,positive,proses transaksi berjalan lancar dan cepat,4,0.10629773296912669,0,Low
FB01003,Pelayanan customer service sangat cepat dan membantu,Transaction,Call Center,positive,pelayanan customer service sangat cepat dan membantu,4,0.21081811532378333,0,Low
FB01078,Saya ingin mengetahui limit kartu kredit,ATM,Call Center,neutral,saya ingin mengetahui limit kartu kredit,2,0.25019283653826707,1,Medium
FB00838,Saya ingin mengetahui limit kartu kredit,Card,Call Center,neutral,saya ingin mengetahui limit kartu kredit,2,0.25019283653826707,1,Medium
FB01791,Proses pengajuan kredit terlalu lama,Savings,Mobile App,negative,proses pengajuan kredit terlalu lama,5,0.2129058517153481,3,High
FB00305,Saya suka fitur mobile banking yang lengkap,Loan,Email,positive,saya suka fitur mobile banking yang lengkap,6,0.22314460568451358,0,Low
FB01366,Petugas bank ramah dan profesional,Mobile Banking,Mobile App,positive,petugas bank ramah dan profesional,1,0.031096285002941575,0,Low
FB01558,Saya ingin mengetahui limit kartu kredit,Loan,Call Center,neutral,saya ingin mengetahui limit kartu kredit,2,0.25019283653826707,1,Medium
FB00314,Aplikasi sulit digunakan dan sering logout,Savings,ATM,negative,aplikasi sulit digunakan dan sering logout,3,0.242213474053518,3,High
FB00150,Customer service lambat merespons keluhan saya,Customer Service,Email,negative,customer service lambat merespons keluhan saya,4,0.1837918353330011,3,High
FB01149,Transaksi saya gagal dan saldo belum kembali,Mobile Banking,ATM,negative,transaksi saya gagal dan saldo belum kembali,4,0.07976518594179097,3,High
FB01214,Aplikasi sulit digunakan dan sering logout,Customer Service,ATM,negative,aplikasi sulit digunakan dan sering logout,3,0.242213474053518,3,High
FB00575,Saya tidak puas dengan pelayanan bank,Mobile Banking,Email,negative,saya tidak puas dengan pelayanan bank,1,0.09336184129421808,3,High
FB00051,Proses pengajuan kredit terlalu lama,Transaction,Mobile App,negative,proses pengajuan kredit terlalu lama,5,0.2129058517153481,3,High
FB01553,ATM sering tidak bisa digunakan,Savings,Call Center,negative,atm sering tidak bisa digunakan,3,0.21136854725851217,3,High
FB00727,Transfer berhasil tanpa masalah,Savings,Branch,positive,transfer berhasil tanpa masalah,6,1.614786542755145e-06,0,Low
FB00834,Aplikasi sulit digunakan dan sering logout,Mobile Banking,ATM,negative,aplikasi sulit digunakan dan sering logout,3,0.242213474053518,3,High
FB01378,Saya ingin mengetahui limit kartu kredit,Savings,Call Center,neutral,saya ingin mengetahui limit kartu kredit,2,0.25019283653826707,1,Medium
FB01116,Saya ingin informasi tentang produk tabungan,Customer Service,Mobile App,neutral,saya ingin informasi tentang produk tabungan,2,0.16840665324179388,1,Medium
FB01167,Transfer berhasil tanpa masalah,Card,Branch,positive,transfer berhasil tanpa masalah,6,1.614786542755145e-06,0,Low
FB00471,Proses pengajuan kredit terlalu lama,Transaction,Mobile App,negative,proses pengajuan kredit terlalu lama,5,0.2129058517153481,3,High
FB00972,Saya kecewa karena biaya administrasi terlalu tinggi,Savings,Branch,negative,saya kecewa karena biaya administrasi terlalu tinggi,5,0.1152856150730353,3,High
FB00654,Aplikasi sulit digunakan dan sering logout,Customer Service,ATM,negative,aplikasi sulit digunakan dan sering logout,3,0.242213474053518,3,High
FB00400,Saya ingin mengetahui jam operasional cabang,Mobile Banking,Email,neutral,saya ingin mengetahui jam operasional cabang,2,0.2455238818801823,1,Medium
FB00512,Saya kecewa karena biaya administrasi terlalu tinggi,Mobile Banking,Branch,negative,saya kecewa karena biaya administrasi terlalu tinggi,5,0.1152856150730353,3,High
FB00321,Saya sangat puas dengan layanan bank ini,Savings,Mobile App,positive,saya sangat puas dengan layanan bank ini,1,0.09265928272652466,0,Low
FB00020,Saya ingin mengetahui jam operasional cabang,Savings,Email,neutral,saya ingin mengetahui jam operasional cabang,2,0.2455238818801823,1,Medium
FB00685,Saya suka fitur mobile banking yang lengkap,Savings,Email,positive,saya suka fitur mobile banking yang lengkap,6,0.22314460568451358,0,Low
FB00036,Saya ingin informasi tentang produk tabungan,Mobile Banking,Mobile App,neutral,saya ingin informasi tentang produk tabungan,2,0.16840665324179388,1,Medium
FB00903,Pelayanan customer service sangat cepat dan membantu,ATM,Call Center,positive,pelayanan customer service sangat cepat dan membantu,4,0.21081811532378333,0,Low
FB01779,Apa syarat pengajuan KPR,Mobile Banking,ATM,neutral,apa syarat pengajuan kpr,5,0.16188235170437767,1,Medium
FB00828,Aplikasi banking sering error saat saya gunakan,Transaction,Call Center,negative,aplikasi banking sering error saat saya gunakan,3,0.1701897356859821,3,High
FB01854,Aplikasi sulit digunakan dan sering logout,Savings,ATM,negative,aplikasi sulit digunakan dan sering logout,3,0.242213474053518,3,High
FB00408,Aplikasi banking sering error saat saya gunakan,Transaction,Call Center,negative,aplikasi banking sering error saat saya gunakan,3,0.1701897356859821,3,High
FB00921,Saya sangat puas dengan layanan bank ini,Loan,Mobile App,positive,saya sangat puas dengan layanan bank ini,1,0.09265928272652466,0,Low
FB00538,Saya ingin mengetahui limit kartu kredit,Savings,Call Center,neutral,saya ingin mengetahui limit kartu kredit,2,0.25019283653826707,1,Medium
FB00759,Apa syarat pengajuan KPR,Customer Service,ATM,neutral,apa syarat pengajuan kpr,5,0.16188235170437767,1,Medium
FB01905,Saya suka fitur mobile banking yang lengkap,Mobile Banking,Email,positive,saya suka fitur mobile banking yang lengkap,6,0.22314460568451358,0,Low
FB01063,Pelayanan customer service sangat cepat dan membantu,Savings,Call Center,positive,pelayanan customer service sangat cepat dan membantu,4,0.21081811532378333,0,Low
FB01200,Saya ingin mengetahui jam operasional cabang,Customer Service,Email,neutral,saya ingin mengetahui jam operasional cabang,2,0.2455238818801823,1,Medium
FB00246,Petugas bank ramah dan profesional,Mobile Banking,Mobile App,positive,petugas bank ramah dan profesional,1,0.031096285002941575,0,Low
FB01417,Bagaimana cara mengganti PIN kartu,Customer Service,Branch,neutral,bagaimana cara mengganti pin kartu,2,0.04933707118670494,1,Medium
FB01128,Aplikasi banking sering error saat saya gunakan,Mobile Banking,Call Center,negative,aplikasi banking sering error saat saya gunakan,3,0.1701897356859821,3,High
FB00785,Saya suka fitur mobile banking yang lengkap,Mobile Banking,Email,positive,saya suka fitur mobile banking yang lengkap,6,0.22314460568451358,0,Low
FB01743,Pelayanan customer service sangat cepat dan membantu,ATM,Call Center,positive,pelayanan customer service sangat cepat dan membantu,4,0.21081811532378333,0,Low
FB00490,Customer service lambat merespons keluhan saya,ATM,Email,negative,customer service lambat merespons keluhan saya,4,0.1837918353330011,3,High
FB00155,Saya tidak puas dengan pelayanan bank,Mobile Banking,Email,negative,saya tidak puas dengan pelayanan bank,1,0.09336184129421808,3,High
FB00962,Aplikasi mobile banking sangat mudah digunakan,Customer Service,Branch,positive,aplikasi mobile banking sangat mudah digunakan,6,0.20989998208001634,0,Low
FB00854,Aplikasi sulit digunakan dan sering logout,ATM,ATM,negative,aplikasi sulit digunakan dan sering logout,3,0.242213474053518,3,High
FB01312,Saya kecewa karena biaya administrasi terlalu tinggi,Customer Service,Branch,negative,saya kecewa karena biaya administrasi terlalu tinggi,5,0.1152856150730353,3,High
FB00626,Petugas bank ramah dan profesional,Customer Service,Mobile App,positive,petugas bank ramah dan profesional,1,0.031096285002941575,0,Low
FB00686,Petugas bank ramah dan profesional,ATM,Mobile App,positive,petugas bank ramah dan profesional,1,0.031096285002941575,0,Low
FB01562,Aplikasi mobile banking sangat mudah digunakan,Mobile Banking,Branch,positive,aplikasi mobile banking sangat mudah digunakan,6,0.20989998208001634,0,Low
FB00570,Customer service lambat merespons keluhan saya,Customer Service,Email,negative,customer service lambat merespons keluhan saya,4,0.1837918353330011,3,High
FB01909,Transaksi saya gagal dan saldo belum kembali,Card,ATM,negative,transaksi saya gagal dan saldo belum kembali,4,0.07976518594179097,3,High
FB00018,Saya ingin mengetahui limit kartu kredit,Loan,Call Center,neutral,saya ingin mengetahui limit kartu kredit,2,0.25019283653826707,1,Medium
FB00128,Aplikasi banking sering error saat saya gunakan,Transaction,Call Center,negative,aplikasi banking sering error saat saya gunakan,3,0.1701897356859821,3,High
FB01347,Transfer berhasil tanpa masalah,Customer Service,Branch,positive,transfer berhasil tanpa masalah,6,1.614786542755145e-06,0,Low
FB01280,Saya ingin mengetahui jam operasional cabang,Savings,Email,neutral,saya ingin mengetahui jam operasional cabang,2,0.2455238818801823,1,Medium
FB01969,Transaksi saya gagal dan saldo belum kembali,Transaction,ATM,negative,transaksi saya gagal dan saldo belum kembali,4,0.07976518594179097,3,High
FB00928,Aplikasi banking sering error saat saya gunakan,Loan,Call Center,negative,aplikasi banking sering error saat saya gunakan,3,0.1701897356859821,3,High
FB00981,Saya sangat puas dengan layanan bank ini,Mobile Banking,Mobile App,positive,saya sangat puas dengan layanan bank ini,1,0.09265928272652466,0,Low
FB01965,Saya suka fitur mobile banking yang lengkap,Card,Email,positive,saya suka fitur mobile banking yang lengkap,6,0.22314460568451358,0,Low
FB00191,Proses pengajuan kredit terlalu lama,Transaction,Mobile App,negative,proses pengajuan kredit terlalu lama,5,0.2129058517153481,3,High
FB01140,Saya ingin mengetahui jam operasional cabang,Savings,Email,neutral,saya ingin mengetahui jam operasional cabang,2,0.2455238818801823,1,Medium
FB00993,ATM sering tidak bisa digunakan,Savings,Call Center,negative,atm sering tidak bisa digunakan,3,0.21136854725851217,3,High
FB01956,Saya ingin informasi tentang produk tabungan,Customer Service,Mobile App,neutral,saya ingin informasi tentang produk tabungan,2,0.16840665324179388,1,Medium
FB01657,Bagaimana cara mengganti PIN kartu,Card,Branch,neutral,bagaimana cara mengganti pin kartu,2,0.04933707118670494,1,Medium
FB00607,Transfer berhasil tanpa masalah,Card,Branch,positive,transfer berhasil tanpa masalah,6,1.614786542755145e-06,0,Low
FB00181,Saya sangat puas dengan layanan bank ini,Savings,Mobile App,positive,saya sangat puas dengan layanan bank ini,1,0.09265928272652466,0,Low
FB00302,Aplikasi mobile banking sangat mudah digunakan,Mobile Banking,Branch,positive,aplikasi mobile banking sangat mudah digunakan,6,0.20989998208001634,0,Low
FB00497,Bagaimana cara mengganti PIN kartu,ATM,Branch,neutral,bagaimana cara mengganti pin kartu,2,0.04933707118670494,1,Medium
FB01721,Saya sangat puas dengan layanan bank ini,Savings,Mobile App,positive,saya sangat puas dengan layanan bank ini,1,0.09265928272652466,0,Low
FB01710,Customer service lambat merespons keluhan saya,Transaction,Email,negative,customer service lambat merespons keluhan saya,4,0.1837918353330011,3,High
FB01888,Aplikasi banking sering error saat saya gunakan,Card,Call Center,negative,aplikasi banking sering error saat saya gunakan,3,0.1701897356859821,3,High
FB01992,Saya kecewa karena biaya administrasi terlalu tinggi,Loan,Branch,negative,saya kecewa karena biaya administrasi terlalu tinggi,5,0.1152856150730353,3,High
FB00518,Saya ingin mengetahui limit kartu kredit,ATM,Call Center,neutral,saya ingin mengetahui limit kartu kredit,2,0.25019283653826707,1,Medium
FB01985,Saya suka fitur mobile banking yang lengkap,Loan,Email,positive,saya suka fitur mobile banking yang lengkap,6,0.22314460568451358,0,Low
FB01070,Customer service lambat merespons keluhan saya,Savings,Email,negative,customer service lambat merespons keluhan saya,4,0.1837918353330011,3,High
FB00477,Bagaimana cara mengganti PIN kartu,Mobile Banking,Branch,neutral,bagaimana cara mengganti pin kartu,2,0.04933707118670494,1,Medium
FB00158,Saya ingin mengetahui limit kartu kredit,Loan,Call Center,neutral,saya ingin mengetahui limit kartu kredit,2,0.25019283653826707,1,Medium
FB01244,Proses transaksi berjalan lancar dan cepat,Card,ATM,positive,proses transaksi berjalan lancar dan cepat,4,0.10629773296912669,0,Low
FB01196,Saya ingin informasi tentang produk tabungan,Savings,Mobile App,neutral,saya ingin informasi tentang produk tabungan,2,0.16840665324179388,1,Medium
FB00017,Bagaimana cara mengganti PIN kartu,Customer Service,Branch,neutral,bagaimana cara mengganti pin kartu,2,0.04933707118670494,1,Medium
FB01536,Saya ingin informasi tentang produk tabungan,Customer Service,Mobile App,neutral,saya ingin informasi tentang produk tabungan,2,0.16840665324179388,1,Medium
FB01073,ATM sering tidak bisa digunakan,Transaction,Call Center,negative,atm sering tidak bisa digunakan,3,0.21136854725851217,3,High
FB01972,Saya kecewa karena biaya administrasi terlalu tinggi,Card,Branch,negative,saya kecewa karena biaya administrasi terlalu tinggi,5,0.1152856150730353,3,High
FB00547,Transfer berhasil tanpa masalah,Mobile Banking,Branch,positive,transfer berhasil tanpa masalah,6,1.614786542755145e-06,0,Low
FB01540,Saya ingin mengetahui jam operasional cabang,ATM,Email,neutral,saya ingin mengetahui jam operasional cabang,2,0.2455238818801823,1,Medium
FB00659,Apa syarat pengajuan KPR,Mobile Banking,ATM,neutral,apa syarat pengajuan kpr,5,0.16188235170437767,1,Medium
FB01626,Petugas bank ramah dan profesional,Transaction,Mobile App,positive,petugas bank ramah dan profesional,1,0.031096285002941575,0,Low
FB01020,Saya ingin mengetahui jam operasional cabang,Card,Email,neutral,saya ingin mengetahui jam operasional cabang,2,0.2455238818801823,1,Medium
FB01663,Pelayanan customer service sangat cepat dan membantu,Loan,Call Center,positive,pelayanan customer service sangat cepat dan membantu,4,0.21081811532378333,0,Low
FB01505,Saya suka fitur mobile banking yang lengkap,ATM,Email,positive,saya suka fitur mobile banking yang lengkap,6,0.22314460568451358,0,Low
FB00960,Saya ingin mengetahui jam operasional cabang,Mobile Banking,Email,neutral,saya ingin mengetahui jam operasional cabang,2,0.2455238818801823,1,Medium
FB01882,Aplikasi mobile banking sangat mudah digunakan,Savings,Branch,positive,aplikasi mobile banking sangat mudah digunakan,6,0.20989998208001634,0,Low
FB00284,Proses transaksi berjalan lancar dan cepat,Loan,ATM,positive,proses transaksi berjalan lancar dan cepat,4,0.10629773296912669,0,Low
FB00798,Saya ingin mengetahui limit kartu kredit,ATM,Call Center,neutral,saya ingin mengetahui limit kartu kredit,2,0.25019283653826707,1,Medium
FB01627,Transfer berhasil tanpa masalah,Customer Service,Branch,positive,transfer berhasil tanpa masalah,6,1.614786542755145e-06,0,Low
FB00226,Petugas bank ramah dan profesional,Transaction,Mobile App,positive,petugas bank ramah dan profesional,1,0.031096285002941575,0,Low
FB00027,Transfer berhasil tanpa masalah,Savings,Branch,positive,transfer berhasil tanpa masalah,6,1.614786542755145e-06,0,Low
FB01771,Proses pengajuan kredit terlalu lama,ATM,Mobile App,negative,proses pengajuan kredit terlalu lama,5,0.2129058517153481,3,High
FB00438,Saya ingin mengetahui limit kartu kredit,Loan,Call Center,neutral,saya ingin mengetahui limit kartu kredit,2,0.25019283653826707,1,Medium
FB01949,Transaksi saya gagal dan saldo belum kembali,Customer Service,ATM,negative,transaksi saya gagal dan saldo belum kembali,4,0.07976518594179097,3,High
FB01389,Transaksi saya gagal dan saldo belum kembali,Customer Service,ATM,negative,transaksi saya gagal dan saldo belum kembali,4,0.07976518594179097,3,High
FB00230,Customer service lambat merespons keluhan saya,Savings,Email,negative,customer service lambat merespons keluhan saya,4,0.1837918353330011,3,High
FB00038,Saya ingin mengetahui limit kartu kredit,Customer Service,Call Center,neutral,saya ingin mengetahui limit kartu kredit,2,0.25019283653826707,1,Medium
FB00750,Customer service lambat merespons keluhan saya,Mobile Banking,Email,negative,customer service lambat merespons keluhan saya,4,0.1837918353330011,3,High
FB01046,Petugas bank ramah dan profesional,Customer Service,Mobile App,positive,petugas bank ramah dan profesional,1,0.031096285002941575,0,Low
FB01399,Apa syarat pengajuan KPR,Savings,ATM,neutral,apa syarat pengajuan kpr,5,0.16188235170437767,1,Medium
FB00470,Customer service lambat merespons keluhan saya,Mobile Banking,Email,negative,customer service lambat merespons keluhan saya,4,0.1837918353330011,3,High
FB01693,ATM sering tidak bisa digunakan,Savings,Call Center,negative,atm sering tidak bisa digunakan,3,0.21136854725851217,3,High
FB01968,Aplikasi banking sering error saat saya gunakan,Mobile Banking,Call Center,negative,aplikasi banking sering error saat saya gunakan,3,0.1701897356859821,3,High
FB00688,Aplikasi banking sering error saat saya gunakan,Transaction,Call Center,negative,aplikasi banking sering error saat saya gunakan,3,0.1701897356859821,3,High
FB01844,Proses transaksi berjalan lancar dan cepat,Customer Service,ATM,positive,proses transaksi berjalan lancar dan cepat,4,0.10629773296912669,0,Low
FB00640,Saya ingin mengetahui jam operasional cabang,Customer Service,Email,neutral,saya ingin mengetahui jam operasional cabang,2,0.2455238818801823,1,Medium
FB01713,ATM sering tidak bisa digunakan,Card,Call Center,negative,atm sering tidak bisa digunakan,3,0.21136854725851217,3,High
FB01219,Apa syarat pengajuan KPR,Mobile Banking,ATM,neutral,apa syarat pengajuan kpr,5,0.16188235170437767,1,Medium
FB01159,Apa syarat pengajuan KPR,Loan,ATM,neutral,apa syarat pengajuan kpr,5,0.16188235170437767,1,Medium
FB01416,Saya ingin informasi tentang produk tabungan,Transaction,Mobile App,neutral,saya ingin informasi tentang produk tabungan,2,0.16840665324179388,1,Medium
FB01528,Aplikasi banking sering error saat saya gunakan,Transaction,Call Center,negative,aplikasi banking sering error saat saya gunakan,3,0.1701897356859821,3,High
FB01656,Saya ingin informasi tentang produk tabungan,Loan,Mobile App,neutral,saya ingin informasi tentang produk tabungan,2,0.16840665324179388,1,Medium
FB01301,Saya sangat puas dengan layanan bank ini,Savings,Mobile App,positive,saya sangat puas dengan layanan bank ini,1,0.09265928272652466,0,Low
FB01823,Pelayanan customer service sangat cepat dan membantu,Customer Service,Call Center,positive,pelayanan customer service sangat cepat dan membantu,4,0.21081811532378333,0,Low
FB00801,Saya sangat puas dengan layanan bank ini,Customer Service,Mobile App,positive,saya sangat puas dengan layanan bank ini,1,0.09265928272652466,0,Low
FB01604,Proses transaksi berjalan lancar dan cepat,Mobile Banking,ATM,positive,proses transaksi berjalan lancar dan cepat,4,0.10629773296912669,0,Low
FB00161,Saya sangat puas dengan layanan bank ini,ATM,Mobile App,positive,saya sangat puas dengan layanan bank ini,1,0.09265928272652466,0,Low
FB00957,Bagaimana cara mengganti PIN kartu,Card,Branch,neutral,bagaimana cara mengganti pin kartu,2,0.04933707118670494,1,Medium
FB01187,Transfer berhasil tanpa masalah,Loan,Branch,positive,transfer berhasil tanpa masalah,6,1.614786542755145e-06,0,Low
FB00822,Aplikasi mobile banking sangat mudah digunakan,Customer Service,Branch,positive,aplikasi mobile banking sangat mudah digunakan,6,0.20989998208001634,0,Low
FB01682,Aplikasi mobile banking sangat mudah digunakan,Transaction,Branch,positive,aplikasi mobile banking sangat mudah digunakan,6,0.20989998208001634,0,Low
FB00878,Saya ingin mengetahui limit kartu kredit,Customer Service,Call Center,neutral,saya ingin mengetahui limit kartu kredit,2,0.25019283653826707,1,Medium
FB00914,Aplikasi sulit digunakan dan sering logout,Loan,ATM,negative,aplikasi sulit digunakan dan sering logout,3,0.242213474053518,3,High
FB00153,ATM sering tidak bisa digunakan,Savings,Call Center,negative,atm sering tidak bisa digunakan,3,0.21136854725851217,3,High
FB01871,Proses pengajuan kredit terlalu lama,Transaction,Mobile App,negative,proses pengajuan kredit terlalu lama,5,0.2129058517153481,3,High
FB01777,Bagaimana cara mengganti PIN kartu,Savings,Branch,neutral,bagaimana cara mengganti pin kartu,2,0.04933707118670494,1,Medium
FB00510,Customer service lambat merespons keluhan saya,Savings,Email,negative,customer service lambat merespons keluhan saya,4,0.1837918353330011,3,High
FB01136,Saya ingin informasi tentang produk tabungan,Transaction,Mobile App,neutral,saya ingin informasi tentang produk tabungan,2,0.16840665324179388,1,Medium
FB01251,Proses pengajuan kredit terlalu lama,Card,Mobile App,negative,proses pengajuan kredit terlalu lama,5,0.2129058517153481,3,High
FB01684,Proses transaksi berjalan lancar dan cepat,Loan,ATM,positive,proses transaksi berjalan lancar dan cepat,4,0.10629773296912669,0,Low
FB00104,Proses transaksi berjalan lancar dan cepat,Savings,ATM,positive,proses transaksi berjalan lancar dan cepat,4,0.10629773296912669,0,Low
FB01446,Petugas bank ramah dan profesional,Loan,Mobile App,positive,petugas bank ramah dan profesional,1,0.031096285002941575,0,Low
FB01444,Proses transaksi berjalan lancar dan cepat,Transaction,ATM,positive,proses transaksi berjalan lancar dan cepat,4,0.10629773296912669,0,Low
FB00587,Transfer berhasil tanpa masalah,Savings,Branch,positive,transfer berhasil tanpa masalah,6,1.614786542755145e-06,0,Low
FB01769,Transaksi saya gagal dan saldo belum kembali,Card,ATM,negative,transaksi saya gagal dan saldo belum kembali,4,0.07976518594179097,3,High
FB01144,Proses transaksi berjalan lancar dan cepat,Customer Service,ATM,positive,proses transaksi berjalan lancar dan cepat,4,0.10629773296912669,0,Low
FB00054,Aplikasi sulit digunakan dan sering logout,Card,ATM,negative,aplikasi sulit digunakan dan sering logout,3,0.242213474053518,3,High
FB00152,Saya kecewa karena biaya administrasi terlalu tinggi,Card,Branch,negative,saya kecewa karena biaya administrasi terlalu tinggi,5,0.1152856150730353,3,High
FB00404,Proses transaksi berjalan lancar dan cepat,Card,ATM,positive,proses transaksi berjalan lancar dan cepat,4,0.10629773296912669,0,Low
FB01943,Pelayanan customer service sangat cepat dan membantu,Loan,Call Center,positive,pelayanan customer service sangat cepat dan membantu,4,0.21081811532378333,0,Low
FB00208,Aplikasi banking sering error saat saya gunakan,Card,Call Center,negative,aplikasi banking sering error saat saya gunakan,3,0.1701897356859821,3,High
FB01895,Saya tidak puas dengan pelayanan bank,Card,Email,negative,saya tidak puas dengan pelayanan bank,1,0.09336184129421808,3,High
FB01123,Pelayanan customer service sangat cepat dan membantu,Customer Service,Call Center,positive,pelayanan customer service sangat cepat dan membantu,4,0.21081811532378333,0,Low
FB01891,Proses pengajuan kredit terlalu lama,Mobile Banking,Mobile App,negative,proses pengajuan kredit terlalu lama,5,0.2129058517153481,3,High
FB00009,Transaksi saya gagal dan saldo belum kembali,Transaction,ATM,negative,transaksi saya gagal dan saldo belum kembali,4,0.07976518594179097,3,High
FB01015,Saya tidak puas dengan pelayanan bank,ATM,Email,negative,saya tidak puas dengan pelayanan bank,1,0.09336184129421808,3,High
FB01907,Transfer berhasil tanpa masalah,Customer Service,Branch,positive,transfer berhasil tanpa masalah,6,1.614786542755145e-06,0,Low
FB01061,Saya sangat puas dengan layanan bank ini,Loan,Mobile App,positive,saya sangat puas dengan layanan bank ini,1,0.09265928272652466,0,Low
FB00453,ATM sering tidak bisa digunakan,Card,Call Center,negative,atm sering tidak bisa digunakan,3,0.21136854725851217,3,High
FB00254,Aplikasi sulit digunakan dan sering logout,Transaction,ATM,negative,aplikasi sulit digunakan dan sering logout,3,0.242213474053518,3,High
FB01328,Aplikasi banking sering error saat saya gunakan,Card,Call Center,negative,aplikasi banking sering error saat saya gunakan,3,0.1701897356859821,3,High
FB00897,Bagaimana cara mengganti PIN kartu,Mobile Banking,Branch,neutral,bagaimana cara mengganti pin kartu,2,0.04933707118670494,1,Medium
FB01734,Aplikasi sulit digunakan dan sering logout,Card,ATM,negative,aplikasi sulit digunakan dan sering logout,3,0.242213474053518,3,High
FB00881,Saya sangat puas dengan layanan bank ini,Savings,Mobile App,positive,saya sangat puas dengan layanan bank ini,1,0.09265928272652466,0,Low
FB01596,Saya ingin informasi tentang produk tabungan,ATM,Mobile App,neutral,saya ingin informasi tentang produk tabungan,2,0.16840665324179388,1,Medium
FB01889,Transaksi saya gagal dan saldo belum kembali,Savings,ATM,negative,transaksi saya gagal dan saldo belum kembali,4,0.07976518594179097,3,High
FB00624,Proses transaksi berjalan lancar dan cepat,Mobile Banking,ATM,positive,proses transaksi berjalan lancar dan cepat,4,0.10629773296912669,0,Low
FB00346,Petugas bank ramah dan profesional,Customer Service,Mobile App,positive,petugas bank ramah dan profesional,1,0.031096285002941575,0,Low
FB01703,Pelayanan customer service sangat cepat dan membantu,Transaction,Call Center,positive,pelayanan customer service sangat cepat dan membantu,4,0.21081811532378333,0,Low
FB00263,Pelayanan customer service sangat cepat dan membantu,Loan,Call Center,positive,pelayanan customer service sangat cepat dan membantu,4,0.21081811532378333,0,Low
FB01635,Saya tidak puas dengan pelayanan bank,Loan,Email,negative,saya tidak puas dengan pelayanan bank,1,0.09336184129421808,3,High
FB01322,Aplikasi mobile banking sangat mudah digunakan,Savings,Branch,positive,aplikasi mobile banking sangat mudah digunakan,6,0.20989998208001634,0,Low
FB01439,Apa syarat pengajuan KPR,Loan,ATM,neutral,apa syarat pengajuan kpr,5,0.16188235170437767,1,Medium
FB00151,Proses pengajuan kredit terlalu lama,Loan,Mobile App,negative,proses pengajuan kredit terlalu lama,5,0.2129058517153481,3,High
FB00473,ATM sering tidak bisa digunakan,Loan,Call Center,negative,atm sering tidak bisa digunakan,3,0.21136854725851217,3,High
FB00641,Saya sangat puas dengan layanan bank ini,Loan,Mobile App,positive,saya sangat puas dengan layanan bank ini,1,0.09265928272652466,0,Low
FB01983,Pelayanan customer service sangat cepat dan membantu,Transaction,Call Center,positive,pelayanan customer service sangat cepat dan membantu,4,0.21081811532378333,0,Low
FB01883,Pelayanan customer service sangat cepat dan membantu,ATM,Call Center,positive,pelayanan customer service sangat cepat dan membantu,4,0.21081811532378333,0,Low
FB00551,Proses pengajuan kredit terlalu lama,Card,Mobile App,negative,proses pengajuan kredit terlalu lama,5,0.2129058517153481,3,High
FB01780,Saya ingin mengetahui jam operasional cabang,Transaction,Email,neutral,saya ingin mengetahui jam operasional cabang,2,0.2455238818801823,1,Medium
FB00929,Transaksi saya gagal dan saldo belum kembali,Card,ATM,negative,transaksi saya gagal dan saldo belum kembali,4,0.07976518594179097,3,High
FB00489,Transaksi saya gagal dan saldo belum kembali,Savings,ATM,negative,transaksi saya gagal dan saldo belum kembali,4,0.07976518594179097,3,High
FB01812,Saya kecewa karena biaya administrasi terlalu tinggi,Savings,Branch,negative,saya kecewa karena biaya administrasi terlalu tinggi,5,0.1152856150730353,3,High
FB01172,Saya kecewa karena biaya administrasi terlalu tinggi,Customer Service,Branch,negative,saya kecewa karena biaya administrasi terlalu tinggi,5,0.1152856150730353,3,High
FB00147,Transfer berhasil tanpa masalah,ATM,Branch,positive,transfer berhasil tanpa masalah,6,1.614786542755145e-06,0,Low
FB01705,Saya suka fitur mobile banking yang lengkap,Loan,Email,positive,saya suka fitur mobile banking yang lengkap,6,0.22314460568451358,0,Low
FB01929,Transaksi saya gagal dan saldo belum kembali,Loan,ATM,negative,transaksi saya gagal dan saldo belum kembali,4,0.07976518594179097,3,High
FB00403,Pelayanan customer service sangat cepat dan membantu,Loan,Call Center,positive,pelayanan customer service sangat cepat dan membantu,4,0.21081811532378333,0,Low
FB00955,Saya tidak puas dengan pelayanan bank,Customer Service,Email,negative,saya tidak puas dengan pelayanan bank,1,0.09336184129421808,3,High
FB01878,Saya ingin mengetahui limit kartu kredit,Transaction,Call Center,neutral,saya ingin mengetahui limit kartu kredit,2,0.25019283653826707,1,Medium
FB00660,Saya ingin mengetahui jam operasional cabang,Transaction,Email,neutral,saya ingin mengetahui jam operasional cabang,2,0.2455238818801823,1,Medium
FB01373,ATM sering tidak bisa digunakan,Mobile Banking,Call Center,negative,atm sering tidak bisa digunakan,3,0.21136854725851217,3,High
FB00464,Proses transaksi berjalan lancar dan cepat,Transaction,ATM,positive,proses transaksi berjalan lancar dan cepat,4,0.10629773296912669,0,Low
FB01350,Customer service lambat merespons keluhan saya,Savings,Email,negative,customer service lambat merespons keluhan saya,4,0.1837918353330011,3,High
FB00187,Transfer berhasil tanpa masalah,Card,Branch,positive,transfer berhasil tanpa masalah,6,1.614786542755145e-06,0,Low
FB01148,Aplikasi banking sering error saat saya gunakan,ATM,Call Center,negative,aplikasi banking sering error saat saya gunakan,3,0.1701897356859821,3,High
FB01225,Saya suka fitur mobile banking yang lengkap,ATM,Email,positive,saya suka fitur mobile banking yang lengkap,6,0.22314460568451358,0,Low
FB00609,Transaksi saya gagal dan saldo belum kembali,ATM,ATM,negative,transaksi saya gagal dan saldo belum kembali,4,0.07976518594179097,3,High
FB00144,Proses transaksi berjalan lancar dan cepat,Loan,ATM,positive,proses transaksi berjalan lancar dan cepat,4,0.10629773296912669,0,Low
FB00752,Saya kecewa karena biaya administrasi terlalu tinggi,Customer Service,Branch,negative,saya kecewa karena biaya administrasi terlalu tinggi,5,0.1152856150730353,3,High
FB01535,Saya tidak puas dengan pelayanan bank,Transaction,Email,negative,saya tidak puas dengan pelayanan bank,1,0.09336184129421808,3,High
FB00982,Aplikasi mobile banking sangat mudah digunakan,Transaction,Branch,positive,aplikasi mobile banking sangat mudah digunakan,6,0.20989998208001634,0,Low
FB00198,Saya ingin mengetahui limit kartu kredit,Transaction,Call Center,neutral,saya ingin mengetahui limit kartu kredit,2,0.25019283653826707,1,Medium
FB01634,Aplikasi sulit digunakan dan sering logout,Customer Service,ATM,negative,aplikasi sulit digunakan dan sering logout,3,0.242213474053518,3,High
FB00884,Proses transaksi berjalan lancar dan cepat,Transaction,ATM,positive,proses transaksi berjalan lancar dan cepat,4,0.10629773296912669,0,Low
FB00280,Saya ingin mengetahui jam operasional cabang,ATM,Email,neutral,saya ingin mengetahui jam operasional cabang,2,0.2455238818801823,1,Medium
FB00294,Aplikasi sulit digunakan dan sering logout,ATM,ATM,negative,aplikasi sulit digunakan dan sering logout,3,0.242213474053518,3,High
FB01824,Proses transaksi berjalan lancar dan cepat,Loan,ATM,positive,proses transaksi berjalan lancar dan cepat,4,0.10629773296912669,0,Low
FB00401,Saya sangat puas dengan layanan bank ini,Transaction,Mobile App,positive,saya sangat puas dengan layanan bank ini,1,0.09265928272652466,0,Low
FB00123,Pelayanan customer service sangat cepat dan membantu,Loan,Call Center,positive,pelayanan customer service sangat cepat dan membantu,4,0.21081811532378333,0,Low
FB01208,Aplikasi banking sering error saat saya gunakan,Loan,Call Center,negative,aplikasi banking sering error saat saya gunakan,3,0.1701897356859821,3,High
FB00203,Pelayanan customer service sangat cepat dan membantu,ATM,Call Center,positive,pelayanan customer service sangat cepat dan membantu,4,0.21081811532378333,0,Low
FB01463,Pelayanan customer service sangat cepat dan membantu,ATM,Call Center,positive,pelayanan customer service sangat cepat dan membantu,4,0.21081811532378333,0,Low
FB00836,Saya ingin informasi tentang produk tabungan,Customer Service,Mobile App,neutral,saya ingin informasi tentang produk tabungan,2,0.16840665324179388,1,Medium
FB00247,Transfer berhasil tanpa masalah,Transaction,Branch,positive,transfer berhasil tanpa masalah,6,1.614786542755145e-06,0,Low
FB01440,Saya ingin mengetahui jam operasional cabang,Card,Email,neutral,saya ingin mengetahui jam operasional cabang,2,0.2455238818801823,1,Medium
FB01754,Aplikasi sulit digunakan dan sering logout,Loan,ATM,negative,aplikasi sulit digunakan dan sering logout,3,0.242213474053518,3,High
FB01902,Aplikasi mobile banking sangat mudah digunakan,Card,Branch,positive,aplikasi mobile banking sangat mudah digunakan,6,0.20989998208001634,0,Low
FB01708,Aplikasi banking sering error saat saya gunakan,ATM,Call Center,negative,aplikasi banking sering error saat saya gunakan,3,0.1701897356859821,3,High
FB01881,Saya sangat puas dengan layanan bank ini,Card,Mobile App,positive,saya sangat puas dengan layanan bank ini,1,0.09265928272652466,0,Low
FB01154,Aplikasi sulit digunakan dan sering logout,Savings,ATM,negative,aplikasi sulit digunakan dan sering logout,3,0.242213474053518,3,High
FB01662,Aplikasi mobile banking sangat mudah digunakan,Customer Service,Branch,positive,aplikasi mobile banking sangat mudah digunakan,6,0.20989998208001634,0,Low
FB01427,Transfer berhasil tanpa masalah,Savings,Branch,positive,transfer berhasil tanpa masalah,6,1.614786542755145e-06,0,Low
FB00385,Saya suka fitur mobile banking yang lengkap,ATM,Email,positive,saya suka fitur mobile banking yang lengkap,6,0.22314460568451358,0,Low
FB01759,Apa syarat pengajuan KPR,Transaction,ATM,neutral,apa syarat pengajuan kpr,5,0.16188235170437767,1,Medium
FB00855,Saya tidak puas dengan pelayanan bank,Mobile Banking,Email,negative,saya tidak puas dengan pelayanan bank,1,0.09336184129421808,3,High
FB01590,Customer service lambat merespons keluhan saya,Mobile Banking,Email,negative,customer service lambat merespons keluhan saya,4,0.1837918353330011,3,High
FB00220,Saya ingin mengetahui jam operasional cabang,Customer Service,Email,neutral,saya ingin mengetahui jam operasional cabang,2,0.2455238818801823,1,Medium
FB00642,Aplikasi mobile banking sangat mudah digunakan,Card,Branch,positive,aplikasi mobile banking sangat mudah digunakan,6,0.20989998208001634,0,Low
FB00002,Aplikasi mobile banking sangat mudah digunakan,Transaction,Branch,positive,aplikasi mobile banking sangat mudah digunakan,6,0.20989998208001634,0,Low
FB00113,ATM sering tidak bisa digunakan,Mobile Banking,Call Center,negative,atm sering tidak bisa digunakan,3,0.21136854725851217,3,High
FB00699,Apa syarat pengajuan KPR,Savings,ATM,neutral,apa syarat pengajuan kpr,5,0.16188235170437767,1,Medium
FB01916,Saya ingin informasi tentang produk tabungan,Card,Mobile App,neutral,saya ingin informasi tentang produk tabungan,2,0.16840665324179388,1,Medium
FB00952,Saya kecewa karena biaya administrasi terlalu tinggi,ATM,Branch,negative,saya kecewa karena biaya administrasi terlalu tinggi,5,0.1152856150730353,3,High
FB01649,Transaksi saya gagal dan saldo belum kembali,Loan,ATM,negative,transaksi saya gagal dan saldo belum kembali,4,0.07976518594179097,3,High
FB01637,Bagaimana cara mengganti PIN kartu,Savings,Branch,neutral,bagaimana cara mengganti pin kartu,2,0.04933707118670494,1,Medium
FB01886,Petugas bank ramah dan profesional,Customer Service,Mobile App,positive,petugas bank ramah dan profesional,1,0.031096285002941575,0,Low
FB01411,Proses pengajuan kredit terlalu lama,Loan,Mobile App,negative,proses pengajuan kredit terlalu lama,5,0.2129058517153481,3,High
FB01410,Customer service lambat merespons keluhan saya,Customer Service,Email,negative,customer service lambat merespons keluhan saya,4,0.1837918353330011,3,High
FB01534,Aplikasi sulit digunakan dan sering logout,Mobile Banking,ATM,negative,aplikasi sulit digunakan dan sering logout,3,0.242213474053518,3,High
FB01292,Saya kecewa karena biaya administrasi terlalu tinggi,Loan,Branch,negative,saya kecewa karena biaya administrasi terlalu tinggi,5,0.1152856150730353,3,High
FB01809,Transaksi saya gagal dan saldo belum kembali,Customer Service,ATM,negative,transaksi saya gagal dan saldo belum kembali,4,0.07976518594179097,3,High
FB00442,Aplikasi mobile banking sangat mudah digunakan,Mobile Banking,Branch,positive,aplikasi mobile banking sangat mudah digunakan,6,0.20989998208001634,0,Low
FB01521,Saya sangat puas dengan layanan bank ini,Transaction,Mobile App,positive,saya sangat puas dengan layanan bank ini,1,0.09265928272652466,0,Low
FB01137,Bagaimana cara mengganti PIN kartu,Customer Service,Branch,neutral,bagaimana cara mengganti pin kartu,2,0.04933707118670494,1,Medium
FB01716,Saya ingin informasi tentang produk tabungan,Mobile Banking,Mobile App,neutral,saya ingin informasi tentang produk tabungan,2,0.16840665324179388,1,Medium
FB01257,Bagaimana cara mengganti PIN kartu,Loan,Branch,neutral,bagaimana cara mengganti pin kartu,2,0.04933707118670494,1,Medium
FB01864,Proses transaksi berjalan lancar dan cepat,Transaction,ATM,positive,proses transaksi berjalan lancar dan cepat,4,0.10629773296912669,0,Low
FB01632,Saya kecewa karena biaya administrasi terlalu tinggi,Mobile Banking,Branch,negative,saya kecewa karena biaya administrasi terlalu tinggi,5,0.1152856150730353,3,High
FB01696,Saya ingin informasi tentang produk tabungan,Transaction,Mobile App,neutral,saya ingin informasi tentang produk tabungan,2,0.16840665324179388,1,Medium
FB01398,Saya ingin mengetahui limit kartu kredit,Card,Call Center,neutral,saya ingin mengetahui limit kartu kredit,2,0.25019283653826707,1,Medium
FB00664,Proses transaksi berjalan lancar dan cepat,Savings,ATM,positive,proses transaksi berjalan lancar dan cepat,4,0.10629773296912669,0,Low
FB01836,Saya ingin informasi tentang produk tabungan,Transaction,Mobile App,neutral,saya ingin informasi tentang produk tabungan,2,0.16840665324179388,1,Medium
FB01258,Saya ingin mengetahui limit kartu kredit,Card,Call Center,neutral,saya ingin mengetahui limit kartu kredit,2,0.25019283653826707,1,Medium
FB01774,Aplikasi sulit digunakan dan sering logout,Customer Service,ATM,negative,aplikasi sulit digunakan dan sering logout,3,0.242213474053518,3,High
FB01701,Saya sangat puas dengan layanan bank ini,ATM,Mobile App,positive,saya sangat puas dengan layanan bank ini,1,0.09265928272652466,0,Low
FB00318,Saya ingin mengetahui limit kartu kredit,Customer Service,Call Center,neutral,saya ingin mengetahui limit kartu kredit,2,0.25019283653826707,1,Medium
FB00649,Transaksi saya gagal dan saldo belum kembali,Card,ATM,negative,transaksi saya gagal dan saldo belum kembali,4,0.07976518594179097,3,High
FB01435,Saya tidak puas dengan pelayanan bank,ATM,Email,negative,saya tidak puas dengan pelayanan bank,1,0.09336184129421808,3,High
FB01480,Saya ingin mengetahui jam operasional cabang,Customer Service,Email,neutral,saya ingin mengetahui jam operasional cabang,2,0.2455238818801823,1,Medium
FB00710,Customer service lambat merespons keluhan saya,Customer Service,Email,negative,customer service lambat merespons keluhan saya,4,0.1837918353330011,3,High
FB01383,Pelayanan customer service sangat cepat dan membantu,Loan,Call Center,positive,pelayanan customer service sangat cepat dan membantu,4,0.21081811532378333,0,Low
FB01283,Pelayanan customer service sangat cepat dan membantu,Transaction,Call Center,positive,pelayanan customer service sangat cepat dan membantu,4,0.21081811532378333,0,Low
FB00973,ATM sering tidak bisa digunakan,ATM,Call Center,negative,atm sering tidak bisa digunakan,3,0.21136854725851217,3,High
FB00628,Aplikasi banking sering error saat saya gunakan,Card,Call Center,negative,aplikasi banking sering error saat saya gunakan,3,0.1701897356859821,3,High
FB00633,ATM sering tidak bisa digunakan,Customer Service,Call Center,negative,atm sering tidak bisa digunakan,3,0.21136854725851217,3,High
FB01307,Transfer berhasil tanpa masalah,Card,Branch,positive,transfer berhasil tanpa masalah,6,1.614786542755145e-06,0,Low
FB01401,Saya sangat puas dengan layanan bank ini,Mobile Banking,Mobile App,positive,saya sangat puas dengan layanan bank ini,1,0.09265928272652466,0,Low
FB01409,Transaksi saya gagal dan saldo belum kembali,Transaction,ATM,negative,transaksi saya gagal dan saldo belum kembali,4,0.07976518594179097,3,High
FB01249,Transaksi saya gagal dan saldo belum kembali,Customer Service,ATM,negative,transaksi saya gagal dan saldo belum kembali,4,0.07976518594179097,3,High
FB01953,ATM sering tidak bisa digunakan,ATM,Call Center,negative,atm sering tidak bisa digunakan,3,0.21136854725851217,3,High
FB01255,Saya tidak puas dengan pelayanan bank,Transaction,Email,negative,saya tidak puas dengan pelayanan bank,1,0.09336184129421808,3,High
FB01497,Bagaimana cara mengganti PIN kartu,Savings,Branch,neutral,bagaimana cara mengganti pin kartu,2,0.04933707118670494,1,Medium
FB01372,Saya kecewa karena biaya administrasi terlalu tinggi,ATM,Branch,negative,saya kecewa karena biaya administrasi terlalu tinggi,5,0.1152856150730353,3,High
FB01530,Customer service lambat merespons keluhan saya,Loan,Email,negative,customer service lambat merespons keluhan saya,4,0.1837918353330011,3,High
FB01664,Proses transaksi berjalan lancar dan cepat,Card,ATM,positive,proses transaksi berjalan lancar dan cepat,4,0.10629773296912669,0,Low
FB01355,Saya tidak puas dengan pelayanan bank,Loan,Email,negative,saya tidak puas dengan pelayanan bank,1,0.09336184129421808,3,High
FB01926,Petugas bank ramah dan profesional,Mobile Banking,Mobile App,positive,petugas bank ramah dan profesional,1,0.031096285002941575,0,Low
FB01901,Saya sangat puas dengan layanan bank ini,Loan,Mobile App,positive,saya sangat puas dengan layanan bank ini,1,0.09265928272652466,0,Low
FB01644,Proses transaksi berjalan lancar dan cepat,Savings,ATM,positive,proses transaksi berjalan lancar dan cepat,4,0.10629773296912669,0,Low
FB01849,Transaksi saya gagal dan saldo belum kembali,Mobile Banking,ATM,negative,transaksi saya gagal dan saldo belum kembali,4,0.07976518594179097,3,High
FB00796,Saya ingin informasi tentang produk tabungan,Card,Mobile App,neutral,saya ingin informasi tentang produk tabungan,2,0.16840665324179388,1,Medium
FB00646,Petugas bank ramah dan profesional,Transaction,Mobile App,positive,petugas bank ramah dan profesional,1,0.031096285002941575,0,Low
FB01013,ATM sering tidak bisa digunakan,Card,Call Center,negative,atm sering tidak bisa digunakan,3,0.21136854725851217,3,High
FB01840,Saya ingin mengetahui jam operasional cabang,Savings,Email,neutral,saya ingin mengetahui jam operasional cabang,2,0.2455238818801823,1,Medium
FB00557,Bagaimana cara mengganti PIN kartu,Loan,Branch,neutral,bagaimana cara mengganti pin kartu,2,0.04933707118670494,1,Medium
FB00682,Aplikasi mobile banking sangat mudah digunakan,Customer Service,Branch,positive,aplikasi mobile banking sangat mudah digunakan,6,0.20989998208001634,0,Low
FB00578,Saya ingin mengetahui limit kartu kredit,Loan,Call Center,neutral,saya ingin mengetahui limit kartu kredit,2,0.25019283653826707,1,Medium
FB01110,Customer service lambat merespons keluhan saya,Loan,Email,negative,customer service lambat merespons keluhan saya,4,0.1837918353330011,3,High
FB01267,Transfer berhasil tanpa masalah,ATM,Branch,positive,transfer berhasil tanpa masalah,6,1.614786542755145e-06,0,Low
FB01723,Pelayanan customer service sangat cepat dan membantu,Mobile Banking,Call Center,positive,pelayanan customer service sangat cepat dan membantu,4,0.21081811532378333,0,Low
FB01184,Proses transaksi berjalan lancar dan cepat,Mobile Banking,ATM,positive,proses transaksi berjalan lancar dan cepat,4,0.10629773296912669,0,Low
FB00525,Saya suka fitur mobile banking yang lengkap,ATM,Email,positive,saya suka fitur mobile banking yang lengkap,6,0.22314460568451358,0,Low
FB01060,Saya ingin mengetahui jam operasional cabang,Customer Service,Email,neutral,saya ingin mengetahui jam operasional cabang,2,0.2455238818801823,1,Medium
FB00541,Saya sangat puas dengan layanan bank ini,Transaction,Mobile App,positive,saya sangat puas dengan layanan bank ini,1,0.09265928272652466,0,Low
FB01195,Saya tidak puas dengan pelayanan bank,Card,Email,negative,saya tidak puas dengan pelayanan bank,1,0.09336184129421808,3,High
FB01679,Apa syarat pengajuan KPR,Savings,ATM,neutral,apa syarat pengajuan kpr,5,0.16188235170437767,1,Medium
FB00749,Transaksi saya gagal dan saldo belum kembali,ATM,ATM,negative,transaksi saya gagal dan saldo belum kembali,4,0.07976518594179097,3,High
FB01852,Saya kecewa karena biaya administrasi terlalu tinggi,Loan,Branch,negative,saya kecewa karena biaya administrasi terlalu tinggi,5,0.1152856150730353,3,High
FB01431,Proses pengajuan kredit terlalu lama,Customer Service,Mobile App,negative,proses pengajuan kredit terlalu lama,5,0.2129058517153481,3,High
FB00485,Saya suka fitur mobile banking yang lengkap,Transaction,Email,positive,saya suka fitur mobile banking yang lengkap,6,0.22314460568451358,0,Low
FB01758,Saya ingin mengetahui limit kartu kredit,Mobile Banking,Call Center,neutral,saya ingin mengetahui limit kartu kredit,2,0.25019283653826707,1,Medium
FB00096,Saya ingin informasi tentang produk tabungan,Card,Mobile App,neutral,saya ingin informasi tentang produk tabungan,2,0.16840665324179388,1,Medium
FB01021,Saya sangat puas dengan layanan bank ini,Savings,Mobile App,positive,saya sangat puas dengan layanan bank ini,1,0.09265928272652466,0,Low
FB00564,Proses transaksi berjalan lancar dan cepat,Loan,ATM,positive,proses transaksi berjalan lancar dan cepat,4,0.10629773296912669,0,Low
FB01265,Saya suka fitur mobile banking yang lengkap,Card,Email,positive,saya suka fitur mobile banking yang lengkap,6,0.22314460568451358,0,Low
FB00743,Pelayanan customer service sangat cepat dan membantu,Mobile Banking,Call Center,positive,pelayanan customer service sangat cepat dan membantu,4,0.21081811532378333,0,Low
FB00864,Proses transaksi berjalan lancar dan cepat,Customer Service,ATM,positive,proses transaksi berjalan lancar dan cepat,4,0.10629773296912669,0,Low
FB01599,Apa syarat pengajuan KPR,Customer Service,ATM,neutral,apa syarat pengajuan kpr,5,0.16188235170437767,1,Medium
FB01715,Saya tidak puas dengan pelayanan bank,ATM,Email,negative,saya tidak puas dengan pelayanan bank,1,0.09336184129421808,3,High
FB01485,Saya suka fitur mobile banking yang lengkap,Mobile Banking,Email,positive,saya suka fitur mobile banking yang lengkap,6,0.22314460568451358,0,Low
FB00892,Saya kecewa karena biaya administrasi terlalu tinggi,Customer Service,Branch,negative,saya kecewa karena biaya administrasi terlalu tinggi,5,0.1152856150730353,3,High
FB01578,Saya ingin mengetahui limit kartu kredit,Customer Service,Call Center,neutral,saya ingin mengetahui limit kartu kredit,2,0.25019283653826707,1,Medium
FB01039,Apa syarat pengajuan KPR,Customer Service,ATM,neutral,apa syarat pengajuan kpr,5,0.16188235170437767,1,Medium
FB00207,Transfer berhasil tanpa masalah,Loan,Branch,positive,transfer berhasil tanpa masalah,6,1.614786542755145e-06,0,Low
FB00393,ATM sering tidak bisa digunakan,Mobile Banking,Call Center,negative,atm sering tidak bisa digunakan,3,0.21136854725851217,3,High
FB00795,Saya tidak puas dengan pelayanan bank,Loan,Email,negative,saya tidak puas dengan pelayanan bank,1,0.09336184129421808,3,High
FB00871,Proses pengajuan kredit terlalu lama,Customer Service,Mobile App,negative,proses pengajuan kredit terlalu lama,5,0.2129058517153481,3,High
FB00398,Saya ingin mengetahui limit kartu kredit,Savings,Call Center,neutral,saya ingin mengetahui limit kartu kredit,2,0.25019283653826707,1,Medium
FB00767,Transfer berhasil tanpa masalah,Loan,Branch,positive,transfer berhasil tanpa masalah,6,1.614786542755145e-06,0,Low
FB01842,Aplikasi mobile banking sangat mudah digunakan,Mobile Banking,Branch,positive,aplikasi mobile banking sangat mudah digunakan,6,0.20989998208001634,0,Low
FB01242,Aplikasi mobile banking sangat mudah digunakan,Customer Service,Branch,positive,aplikasi mobile banking sangat mudah digunakan,6,0.20989998208001634,0,Low
FB01029,Transaksi saya gagal dan saldo belum kembali,ATM,ATM,negative,transaksi saya gagal dan saldo belum kembali,4,0.07976518594179097,3,High
FB01793,ATM sering tidak bisa digunakan,Mobile Banking,Call Center,negative,atm sering tidak bisa digunakan,3,0.21136854725851217,3,High
FB00643,Pelayanan customer service sangat cepat dan membantu,Savings,Call Center,positive,pelayanan customer service sangat cepat dan membantu,4,0.21081811532378333,0,Low
FB01892,Saya kecewa karena biaya administrasi terlalu tinggi,Transaction,Branch,negative,saya kecewa karena biaya administrasi terlalu tinggi,5,0.1152856150730353,3,High
FB00613,ATM sering tidak bisa digunakan,Loan,Call Center,negative,atm sering tidak bisa digunakan,3,0.21136854725851217,3,High
FB01763,Pelayanan customer service sangat cepat dan membantu,Savings,Call Center,positive,pelayanan customer service sangat cepat dan membantu,4,0.21081811532378333,0,Low
FB00961,Saya sangat puas dengan layanan bank ini,Transaction,Mobile App,positive,saya sangat puas dengan layanan bank ini,1,0.09265928272652466,0,Low
FB01571,Proses pengajuan kredit terlalu lama,Customer Service,Mobile App,negative,proses pengajuan kredit terlalu lama,5,0.2129058517153481,3,High
FB00726,Petugas bank ramah dan profesional,Card,Mobile App,positive,petugas bank ramah dan profesional,1,0.031096285002941575,0,Low
FB00684,Proses transaksi berjalan lancar dan cepat,Card,ATM,positive,proses transaksi berjalan lancar dan cepat,4,0.10629773296912669,0,Low
FB00099,Apa syarat pengajuan KPR,Mobile Banking,ATM,neutral,apa syarat pengajuan kpr,5,0.16188235170437767,1,Medium
FB00805,Saya suka fitur mobile banking yang lengkap,ATM,Email,positive,saya suka fitur mobile banking yang lengkap,6,0.22314460568451358,0,Low
FB01752,Saya kecewa karena biaya administrasi terlalu tinggi,Transaction,Branch,negative,saya kecewa karena biaya administrasi terlalu tinggi,5,0.1152856150730353,3,High
FB01598,Saya ingin mengetahui limit kartu kredit,Transaction,Call Center,neutral,saya ingin mengetahui limit kartu kredit,2,0.25019283653826707,1,Medium
FB00407,Transfer berhasil tanpa masalah,Mobile Banking,Branch,positive,transfer berhasil tanpa masalah,6,1.614786542755145e-06,0,Low
FB00503,Pelayanan customer service sangat cepat dan membantu,Savings,Call Center,positive,pelayanan customer service sangat cepat dan membantu,4,0.21081811532378333,0,Low
FB01072,Saya kecewa karena biaya administrasi terlalu tinggi,Mobile Banking,Branch,negative,saya kecewa karena biaya administrasi terlalu tinggi,5,0.1152856150730353,3,High
FB01057,Bagaimana cara mengganti PIN kartu,ATM,Branch,neutral,bagaimana cara mengganti pin kartu,2,0.04933707118670494,1,Medium
FB00930,Customer service lambat merespons keluhan saya,Savings,Email,negative,customer service lambat merespons keluhan saya,4,0.1837918353330011,3,High
FB00780,Saya ingin mengetahui jam operasional cabang,Customer Service,Email,neutral,saya ingin mengetahui jam operasional cabang,2,0.2455238818801823,1,Medium
FB00201,Saya sangat puas dengan layanan bank ini,Card,Mobile App,positive,saya sangat puas dengan layanan bank ini,1,0.09265928272652466,0,Low
FB00135,Saya tidak puas dengan pelayanan bank,Transaction,Email,negative,saya tidak puas dengan pelayanan bank,1,0.09336184129421808,3,High
FB01052,Saya kecewa karena biaya administrasi terlalu tinggi,Transaction,Branch,negative,saya kecewa karena biaya administrasi terlalu tinggi,5,0.1152856150730353,3,High
FB00041,Saya sangat puas dengan layanan bank ini,Savings,Mobile App,positive,saya sangat puas dengan layanan bank ini,1,0.09265928272652466,0,Low
FB01018,Saya ingin mengetahui limit kartu kredit,Customer Service,Call Center,neutral,saya ingin mengetahui limit kartu kredit,2,0.25019283653826707,1,Medium
FB00231,Proses pengajuan kredit terlalu lama,ATM,Mobile App,negative,proses pengajuan kredit terlalu lama,5,0.2129058517153481,3,High
FB01514,Aplikasi sulit digunakan dan sering logout,Transaction,ATM,negative,aplikasi sulit digunakan dan sering logout,3,0.242213474053518,3,High
FB01797,Bagaimana cara mengganti PIN kartu,Card,Branch,neutral,bagaimana cara mengganti pin kartu,2,0.04933707118670494,1,Medium
FB00379,Apa syarat pengajuan KPR,Mobile Banking,ATM,neutral,apa syarat pengajuan kpr,5,0.16188235170437767,1,Medium
FB00289,Transaksi saya gagal dan saldo belum kembali,Transaction,ATM,negative,transaksi saya gagal dan saldo belum kembali,4,0.07976518594179097,3,High
FB00419,Apa syarat pengajuan KPR,Savings,ATM,neutral,apa syarat pengajuan kpr,5,0.16188235170437767,1,Medium
FB01699,Apa syarat pengajuan KPR,Card,ATM,neutral,apa syarat pengajuan kpr,5,0.16188235170437767,1,Medium
FB00392,Saya kecewa karena biaya administrasi terlalu tinggi,ATM,Branch,negative,saya kecewa karena biaya administrasi terlalu tinggi,5,0.1152856150730353,3,High
FB00593,ATM sering tidak bisa digunakan,Card,Call Center,negative,atm sering tidak bisa digunakan,3,0.21136854725851217,3,High
FB01523,Pelayanan customer service sangat cepat dan membantu,Loan,Call Center,positive,pelayanan customer service sangat cepat dan membantu,4,0.21081811532378333,0,Low
FB01163,Pelayanan customer service sangat cepat dan membantu,Mobile Banking,Call Center,positive,pelayanan customer service sangat cepat dan membantu,4,0.21081811532378333,0,Low
FB01087,Transfer berhasil tanpa masalah,Transaction,Branch,positive,transfer berhasil tanpa masalah,6,1.614786542755145e-06,0,Low
FB01496,Saya ingin informasi tentang produk tabungan,Card,Mobile App,neutral,saya ingin informasi tentang produk tabungan,2,0.16840665324179388,1,Medium
FB00648,Aplikasi banking sering error saat saya gunakan,Loan,Call Center,negative,aplikasi banking sering error saat saya gunakan,3,0.1701897356859821,3,High
FB01153,ATM sering tidak bisa digunakan,Card,Call Center,negative,atm sering tidak bisa digunakan,3,0.21136854725851217,3,High
FB01368,Aplikasi banking sering error saat saya gunakan,Customer Service,Call Center,negative,aplikasi banking sering error saat saya gunakan,3,0.1701897356859821,3,High
FB00521,Saya sangat puas dengan layanan bank ini,Customer Service,Mobile App,positive,saya sangat puas dengan layanan bank ini,1,0.09265928272652466,0,Low
FB01863,Pelayanan customer service sangat cepat dan membantu,Mobile Banking,Call Center,positive,pelayanan customer service sangat cepat dan membantu,4,0.21081811532378333,0,Low
FB00065,Saya suka fitur mobile banking yang lengkap,Transaction,Email,positive,saya suka fitur mobile banking yang lengkap,6,0.22314460568451358,0,Low
FB01837,Bagaimana cara mengganti PIN kartu,Customer Service,Branch,neutral,bagaimana cara mengganti pin kartu,2,0.04933707118670494,1,Medium
FB00015,Saya tidak puas dengan pelayanan bank,Mobile Banking,Email,negative,saya tidak puas dengan pelayanan bank,1,0.09336184129421808,3,High
FB01181,Saya sangat puas dengan layanan bank ini,Card,Mobile App,positive,saya sangat puas dengan layanan bank ini,1,0.09265928272652466,0,Low
FB01065,Saya suka fitur mobile banking yang lengkap,Mobile Banking,Email,positive,saya suka fitur mobile banking yang lengkap,6,0.22314460568451358,0,Low
FB00493,ATM sering tidak bisa digunakan,Customer Service,Call Center,negative,atm sering tidak bisa digunakan,3,0.21136854725851217,3,High
FB00380,Saya ingin mengetahui jam operasional cabang,Transaction,Email,neutral,saya ingin mengetahui jam operasional cabang,2,0.2455238818801823,1,Medium
FB00188,Aplikasi banking sering error saat saya gunakan,Savings,Call Center,negative,aplikasi banking sering error saat saya gunakan,3,0.1701897356859821,3,High
FB00764,Proses transaksi berjalan lancar dan cepat,Mobile Banking,ATM,positive,proses transaksi berjalan lancar dan cepat,4,0.10629773296912669,0,Low
FB00217,Bagaimana cara mengganti PIN kartu,ATM,Branch,neutral,bagaimana cara mengganti pin kartu,2,0.04933707118670494,1,Medium
FB00792,Saya kecewa karena biaya administrasi terlalu tinggi,Mobile Banking,Branch,negative,saya kecewa karena biaya administrasi terlalu tinggi,5,0.1152856150730353,3,High
FB01077,Bagaimana cara mengganti PIN kartu,Savings,Branch,neutral,bagaimana cara mengganti pin kartu,2,0.04933707118670494,1,Medium
FB00879,Apa syarat pengajuan KPR,Loan,ATM,neutral,apa syarat pengajuan kpr,5,0.16188235170437767,1,Medium
FB00338,Saya ingin mengetahui limit kartu kredit,Transaction,Call Center,neutral,saya ingin mengetahui limit kartu kredit,2,0.25019283653826707,1,Medium
FB01773,ATM sering tidak bisa digunakan,Transaction,Call Center,negative,atm sering tidak bisa digunakan,3,0.21136854725851217,3,High
FB00720,Saya ingin mengetahui jam operasional cabang,Savings,Email,neutral,saya ingin mengetahui jam operasional cabang,2,0.2455238818801823,1,Medium
FB01749,Transaksi saya gagal dan saldo belum kembali,Savings,ATM,negative,transaksi saya gagal dan saldo belum kembali,4,0.07976518594179097,3,High
FB00296,Saya ingin informasi tentang produk tabungan,Transaction,Mobile App,neutral,saya ingin informasi tentang produk tabungan,2,0.16840665324179388,1,Medium
FB01726,Petugas bank ramah dan profesional,Loan,Mobile App,positive,petugas bank ramah dan profesional,1,0.031096285002941575,0,Low
FB01017,Bagaimana cara mengganti PIN kartu,Transaction,Branch,neutral,bagaimana cara mengganti pin kartu,2,0.04933707118670494,1,Medium
FB01276,Saya ingin informasi tentang produk tabungan,Transaction,Mobile App,neutral,saya ingin informasi tentang produk tabungan,2,0.16840665324179388,1,Medium
FB01751,Proses pengajuan kredit terlalu lama,Mobile Banking,Mobile App,negative,proses pengajuan kredit terlalu lama,5,0.2129058517153481,3,High
FB01486,Petugas bank ramah dan profesional,Transaction,Mobile App,positive,petugas bank ramah dan profesional,1,0.031096285002941575,0,Low
FB00456,Saya ingin informasi tentang produk tabungan,Mobile Banking,Mobile App,neutral,saya ingin informasi tentang produk tabungan,2,0.16840665324179388,1,Medium
FB01997,Bagaimana cara mengganti PIN kartu,Transaction,Branch,neutral,bagaimana cara mengganti pin kartu,2,0.04933707118670494,1,Medium
FB00816,Saya ingin informasi tentang produk tabungan,Loan,Mobile App,neutral,saya ingin informasi tentang produk tabungan,2,0.16840665324179388,1,Medium
FB01887,Transfer berhasil tanpa masalah,Loan,Branch,positive,transfer berhasil tanpa masalah,6,1.614786542755145e-06,0,Low
FB00270,Customer service lambat merespons keluhan saya,Loan,Email,negative,customer service lambat merespons keluhan saya,4,0.1837918353330011,3,High
FB00996,Saya ingin informasi tentang produk tabungan,Transaction,Mobile App,neutral,saya ingin informasi tentang produk tabungan,2,0.16840665324179388,1,Medium
FB00202,Aplikasi mobile banking sangat mudah digunakan,Savings,Branch,positive,aplikasi mobile banking sangat mudah digunakan,6,0.20989998208001634,0,Low
FB00162,Aplikasi mobile banking sangat mudah digunakan,Mobile Banking,Branch,positive,aplikasi mobile banking sangat mudah digunakan,6,0.20989998208001634,0,Low
FB01580,Saya ingin mengetahui jam operasional cabang,Card,Email,neutral,saya ingin mengetahui jam operasional cabang,2,0.2455238818801823,1,Medium
FB00730,Customer service lambat merespons keluhan saya,Transaction,Email,negative,customer service lambat merespons keluhan saya,4,0.1837918353330011,3,High
FB00402,Aplikasi mobile banking sangat mudah digunakan,Customer Service,Branch,positive,aplikasi mobile banking sangat mudah digunakan,6,0.20989998208001634,0,Low
FB00703,Pelayanan customer service sangat cepat dan membantu,Customer Service,Call Center,positive,pelayanan customer service sangat cepat dan membantu,4,0.21081811532378333,0,Low
FB01501,Saya sangat puas dengan layanan bank ini,Customer Service,Mobile App,positive,saya sangat puas dengan layanan bank ini,1,0.09265928272652466,0,Low
FB01846,Petugas bank ramah dan profesional,Card,Mobile App,positive,petugas bank ramah dan profesional,1,0.031096285002941575,0,Low
FB01796,Saya ingin informasi tentang produk tabungan,Loan,Mobile App,neutral,saya ingin informasi tentang produk tabungan,2,0.16840665324179388,1,Medium
FB01130,Customer service lambat merespons keluhan saya,Customer Service,Email,negative,customer service lambat merespons keluhan saya,4,0.1837918353330011,3,High
FB00566,Petugas bank ramah dan profesional,Savings,Mobile App,positive,petugas bank ramah dan profesional,1,0.031096285002941575,0,Low
FB01414,Aplikasi sulit digunakan dan sering logout,ATM,ATM,negative,aplikasi sulit digunakan dan sering logout,3,0.242213474053518,3,High
FB01022,Aplikasi mobile banking sangat mudah digunakan,ATM,Branch,positive,aplikasi mobile banking sangat mudah digunakan,6,0.20989998208001634,0,Low
FB01026,Petugas bank ramah dan profesional,Loan,Mobile App,positive,petugas bank ramah dan profesional,1,0.031096285002941575,0,Low
FB01412,Saya kecewa karena biaya administrasi terlalu tinggi,Card,Branch,negative,saya kecewa karena biaya administrasi terlalu tinggi,5,0.1152856150730353,3,High
FB01896,Saya ingin informasi tentang produk tabungan,Savings,Mobile App,neutral,saya ingin informasi tentang produk tabungan,2,0.16840665324179388,1,Medium
FB01586,Petugas bank ramah dan profesional,Loan,Mobile App,positive,petugas bank ramah dan profesional,1,0.031096285002941575,0,Low
FB01105,Saya suka fitur mobile banking yang lengkap,Savings,Email,positive,saya suka fitur mobile banking yang lengkap,6,0.22314460568451358,0,Low
FB00206,Petugas bank ramah dan profesional,Customer Service,Mobile App,positive,petugas bank ramah dan profesional,1,0.031096285002941575,0,Low
FB00035,Saya tidak puas dengan pelayanan bank,ATM,Email,negative,saya tidak puas dengan pelayanan bank,1,0.09336184129421808,3,High
FB00776,Saya ingin informasi tentang produk tabungan,Savings,Mobile App,neutral,saya ingin informasi tentang produk tabungan,2,0.16840665324179388,1,Medium
FB00509,Transaksi saya gagal dan saldo belum kembali,Card,ATM,negative,transaksi saya gagal dan saldo belum kembali,4,0.07976518594179097,3,High
FB01452,Saya kecewa karena biaya administrasi terlalu tinggi,Customer Service,Branch,negative,saya kecewa karena biaya administrasi terlalu tinggi,5,0.1152856150730353,3,High
FB01479,Apa syarat pengajuan KPR,Transaction,ATM,neutral,apa syarat pengajuan kpr,5,0.16188235170437767,1,Medium
FB01971,Proses pengajuan kredit terlalu lama,Loan,Mobile App,negative,proses pengajuan kredit terlalu lama,5,0.2129058517153481,3,High
FB01391,Proses pengajuan kredit terlalu lama,Card,Mobile App,negative,proses pengajuan kredit terlalu lama,5,0.2129058517153481,3,High
FB00092,Saya kecewa karena biaya administrasi terlalu tinggi,Mobile Banking,Branch,negative,saya kecewa karena biaya administrasi terlalu tinggi,5,0.1152856150730353,3,High
FB01364,Proses transaksi berjalan lancar dan cepat,Savings,ATM,positive,proses transaksi berjalan lancar dan cepat,4,0.10629773296912669,0,Low
FB00898,Saya ingin mengetahui limit kartu kredit,Transaction,Call Center,neutral,saya ingin mengetahui limit kartu kredit,2,0.25019283653826707,1,Medium
FB00565,Saya suka fitur mobile banking yang lengkap,Card,Email,positive,saya suka fitur mobile banking yang lengkap,6,0.22314460568451358,0,Low
FB01370,Customer service lambat merespons keluhan saya,Card,Email,negative,customer service lambat merespons keluhan saya,4,0.1837918353330011,3,High
FB00777,Bagaimana cara mengganti PIN kartu,ATM,Branch,neutral,bagaimana cara mengganti pin kartu,2,0.04933707118670494,1,Medium
FB00242,Aplikasi mobile banking sangat mudah digunakan,Loan,Branch,positive,aplikasi mobile banking sangat mudah digunakan,6,0.20989998208001634,0,Low
FB00014,Aplikasi sulit digunakan dan sering logout,ATM,ATM,negative,aplikasi sulit digunakan dan sering logout,3,0.242213474053518,3,High
FB00316,Saya ingin informasi tentang produk tabungan,Mobile Banking,Mobile App,neutral,saya ingin informasi tentang produk tabungan,2,0.16840665324179388,1,Medium
FB00601,Saya sangat puas dengan layanan bank ini,Savings,Mobile App,positive,saya sangat puas dengan layanan bank ini,1,0.09265928272652466,0,Low
FB00388,Aplikasi banking sering error saat saya gunakan,Customer Service,Call Center,negative,aplikasi banking sering error saat saya gunakan,3,0.1701897356859821,3,High
FB01298,Saya ingin mengetahui limit kartu kredit,Customer Service,Call Center,neutral,saya ingin mengetahui limit kartu kredit,2,0.25019283653826707,1,Medium
FB00167,Transfer berhasil tanpa masalah,Savings,Branch,positive,transfer berhasil tanpa masalah,6,1.614786542755145e-06,0,Low
FB00841,Saya sangat puas dengan layanan bank ini,Mobile Banking,Mobile App,positive,saya sangat puas dengan layanan bank ini,1,0.09265928272652466,0,Low
FB00021,Saya sangat puas dengan layanan bank ini,ATM,Mobile App,positive,saya sangat puas dengan layanan bank ini,1,0.09265928272652466,0,Low
FB00647,Transfer berhasil tanpa masalah,Customer Service,Branch,positive,transfer berhasil tanpa masalah,6,1.614786542755145e-06,0,Low
FB01843,Pelayanan customer service sangat cepat dan membantu,Transaction,Call Center,positive,pelayanan customer service sangat cepat dan membantu,4,0.21081811532378333,0,Low
FB01509,Transaksi saya gagal dan saldo belum kembali,Loan,ATM,negative,transaksi saya gagal dan saldo belum kembali,4,0.07976518594179097,3,High
FB01155,Saya tidak puas dengan pelayanan bank,ATM,Email,negative,saya tidak puas dengan pelayanan bank,1,0.09336184129421808,3,High
FB01529,Transaksi saya gagal dan saldo belum kembali,Customer Service,ATM,negative,transaksi saya gagal dan saldo belum kembali,4,0.07976518594179097,3,High
FB00832,Saya kecewa karena biaya administrasi terlalu tinggi,Savings,Branch,negative,saya kecewa karena biaya administrasi terlalu tinggi,5,0.1152856150730353,3,High
FB01268,Aplikasi banking sering error saat saya gunakan,Mobile Banking,Call Center,negative,aplikasi banking sering error saat saya gunakan,3,0.1701897356859821,3,High
FB01591,Proses pengajuan kredit terlalu lama,Transaction,Mobile App,negative,proses pengajuan kredit terlalu lama,5,0.2129058517153481,3,High
FB01900,Saya ingin mengetahui jam operasional cabang,Customer Service,Email,neutral,saya ingin mengetahui jam operasional cabang,2,0.2455238818801823,1,Medium
FB00563,Pelayanan customer service sangat cepat dan membantu,Customer Service,Call Center,positive,pelayanan customer service sangat cepat dan membantu,4,0.21081811532378333,0,Low
FB01952,Saya kecewa karena biaya administrasi terlalu tinggi,Savings,Branch,negative,saya kecewa karena biaya administrasi terlalu tinggi,5,0.1152856150730353,3,High
FB00687,Transfer berhasil tanpa masalah,Mobile Banking,Branch,positive,transfer berhasil tanpa masalah,6,1.614786542755145e-06,0,Low
FB00958,Saya ingin mengetahui limit kartu kredit,Savings,Call Center,neutral,saya ingin mengetahui limit kartu kredit,2,0.25019283653826707,1,Medium
FB00190,Customer service lambat merespons keluhan saya,Mobile Banking,Email,negative,customer service lambat merespons keluhan saya,4,0.1837918353330011,3,High
FB01807,Transfer berhasil tanpa masalah,Mobile Banking,Branch,positive,transfer berhasil tanpa masalah,6,1.614786542755145e-06,0,Low
FB00976,Saya ingin informasi tentang produk tabungan,Customer Service,Mobile App,neutral,saya ingin informasi tentang produk tabungan,2,0.16840665324179388,1,Medium
FB00700,Saya ingin mengetahui jam operasional cabang,ATM,Email,neutral,saya ingin mengetahui jam operasional cabang,2,0.2455238818801823,1,Medium
FB01500,Saya ingin mengetahui jam operasional cabang,Transaction,Email,neutral,saya ingin mengetahui jam operasional cabang,2,0.2455238818801823,1,Medium
FB01706,Petugas bank ramah dan profesional,Card,Mobile App,positive,petugas bank ramah dan profesional,1,0.031096285002941575,0,Low
FB00511,Proses pengajuan kredit terlalu lama,ATM,Mobile App,negative,proses pengajuan kredit terlalu lama,5,0.2129058517153481,3,High
FB01083,Pelayanan customer service sangat cepat dan membantu,Card,Call Center,positive,pelayanan customer service sangat cepat dan membantu,4,0.21081811532378333,0,Low
FB00475,Saya tidak puas dengan pelayanan bank,Savings,Email,negative,saya tidak puas dengan pelayanan bank,1,0.09336184129421808,3,High
FB01585,Saya suka fitur mobile banking yang lengkap,Customer Service,Email,positive,saya suka fitur mobile banking yang lengkap,6,0.22314460568451358,0,Low
FB00857,Bagaimana cara mengganti PIN kartu,Customer Service,Branch,neutral,bagaimana cara mengganti pin kartu,2,0.04933707118670494,1,Medium
FB00748,Aplikasi banking sering error saat saya gunakan,Savings,Call Center,negative,aplikasi banking sering error saat saya gunakan,3,0.1701897356859821,3,High
FB00253,ATM sering tidak bisa digunakan,Mobile Banking,Call Center,negative,atm sering tidak bisa digunakan,3,0.21136854725851217,3,High
FB00022,Aplikasi mobile banking sangat mudah digunakan,Mobile Banking,Branch,positive,aplikasi mobile banking sangat mudah digunakan,6,0.20989998208001634,0,Low
FB01338,Saya ingin mengetahui limit kartu kredit,Mobile Banking,Call Center,neutral,saya ingin mengetahui limit kartu kredit,2,0.25019283653826707,1,Medium
FB00460,Saya ingin mengetahui jam operasional cabang,Card,Email,neutral,saya ingin mengetahui jam operasional cabang,2,0.2455238818801823,1,Medium
FB01185,Saya suka fitur mobile banking yang lengkap,Transaction,Email,positive,saya suka fitur mobile banking yang lengkap,6,0.22314460568451358,0,Low
FB00277,Bagaimana cara mengganti PIN kartu,Loan,Branch,neutral,bagaimana cara mengganti pin kartu,2,0.04933707118670494,1,Medium
FB00956,Saya ingin informasi tentang produk tabungan,Loan,Mobile App,neutral,saya ingin informasi tentang produk tabungan,2,0.16840665324179388,1,Medium
FB01216,Saya ingin informasi tentang produk tabungan,Card,Mobile App,neutral,saya ingin informasi tentang produk tabungan,2,0.16840665324179388,1,Medium
FB00386,Petugas bank ramah dan profesional,Mobile Banking,Mobile App,positive,petugas bank ramah dan profesional,1,0.031096285002941575,0,Low
FB00806,Petugas bank ramah dan profesional,Mobile Banking,Mobile App,positive,petugas bank ramah dan profesional,1,0.031096285002941575,0,Low
FB01438,Saya ingin mengetahui limit kartu kredit,Customer Service,Call Center,neutral,saya ingin mengetahui limit kartu kredit,2,0.25019283653826707,1,Medium
FB01516,Saya ingin informasi tentang produk tabungan,Loan,Mobile App,neutral,saya ingin informasi tentang produk tabungan,2,0.16840665324179388,1,Medium
FB00344,Proses transaksi berjalan lancar dan cepat,Mobile Banking,ATM,positive,proses transaksi berjalan lancar dan cepat,4,0.10629773296912669,0,Low
FB00770,Customer service lambat merespons keluhan saya,ATM,Email,negative,customer service lambat merespons keluhan saya,4,0.1837918353330011,3,High
FB01333,ATM sering tidak bisa digunakan,Customer Service,Call Center,negative,atm sering tidak bisa digunakan,3,0.21136854725851217,3,High
FB01686,Petugas bank ramah dan profesional,Savings,Mobile App,positive,petugas bank ramah dan profesional,1,0.031096285002941575,0,Low
FB00131,Proses pengajuan kredit terlalu lama,Card,Mobile App,negative,proses pengajuan kredit terlalu lama,5,0.2129058517153481,3,High
FB01688,Aplikasi banking sering error saat saya gunakan,Mobile Banking,Call Center,negative,aplikasi banking sering error saat saya gunakan,3,0.1701897356859821,3,High
FB00872,Saya kecewa karena biaya administrasi terlalu tinggi,Loan,Branch,negative,saya kecewa karena biaya administrasi terlalu tinggi,5,0.1152856150730353,3,High
FB01124,Proses transaksi berjalan lancar dan cepat,Loan,ATM,positive,proses transaksi berjalan lancar dan cepat,4,0.10629773296912669,0,Low
FB01397,Bagaimana cara mengganti PIN kartu,Loan,Branch,neutral,bagaimana cara mengganti pin kartu,2,0.04933707118670494,1,Medium
FB00088,Aplikasi banking sering error saat saya gunakan,Loan,Call Center,negative,aplikasi banking sering error saat saya gunakan,3,0.1701897356859821,3,High
FB01483,Pelayanan customer service sangat cepat dan membantu,Savings,Call Center,positive,pelayanan customer service sangat cepat dan membantu,4,0.21081811532378333,0,Low
FB00331,Proses pengajuan kredit terlalu lama,Transaction,Mobile App,negative,proses pengajuan kredit terlalu lama,5,0.2129058517153481,3,High
FB01239,Apa syarat pengajuan KPR,ATM,ATM,neutral,apa syarat pengajuan kpr,5,0.16188235170437767,1,Medium
FB00467,Transfer berhasil tanpa masalah,Card,Branch,positive,transfer berhasil tanpa masalah,6,1.614786542755145e-06,0,Low
FB00122,Aplikasi mobile banking sangat mudah digunakan,Customer Service,Branch,positive,aplikasi mobile banking sangat mudah digunakan,6,0.20989998208001634,0,Low
FB01639,Apa syarat pengajuan KPR,Mobile Banking,ATM,neutral,apa syarat pengajuan kpr,5,0.16188235170437767,1,Medium
FB01045,Saya suka fitur mobile banking yang lengkap,Transaction,Email,positive,saya suka fitur mobile banking yang lengkap,6,0.22314460568451358,0,Low
FB01725,Saya suka fitur mobile banking yang lengkap,Customer Service,Email,positive,saya suka fitur mobile banking yang lengkap,6,0.22314460568451358,0,Low
FB01096,Saya ingin informasi tentang produk tabungan,Loan,Mobile App,neutral,saya ingin informasi tentang produk tabungan,2,0.16840665324179388,1,Medium
FB01131,Proses pengajuan kredit terlalu lama,Loan,Mobile App,negative,proses pengajuan kredit terlalu lama,5,0.2129058517153481,3,High
FB01295,Saya tidak puas dengan pelayanan bank,ATM,Email,negative,saya tidak puas dengan pelayanan bank,1,0.09336184129421808,3,High
FB00861,Saya sangat puas dengan layanan bank ini,ATM,Mobile App,positive,saya sangat puas dengan layanan bank ini,1,0.09265928272652466,0,Low
FB01460,Saya ingin mengetahui jam operasional cabang,Loan,Email,neutral,saya ingin mengetahui jam operasional cabang,2,0.2455238818801823,1,Medium
FB01127,Transfer berhasil tanpa masalah,ATM,Branch,positive,transfer berhasil tanpa masalah,6,1.614786542755145e-06,0,Low
