Customer_ID,Channel,Expected_Recovery,Cost,Net_Value
C00079,Field Agent,29598138.5185704,180000,29418138.5185704
C01043,Field Agent,27301858.916343596,180000,27121858.916343596
C02444,Field Agent,23948977.725538,180000,23768977.725538
C01570,Field Agent,20370916.412213396,180000,20190916.412213396
C00445,Field Agent,19612095.430759203,180000,19432095.430759203
C02033,Field Agent,19604205.015645,180000,19424205.015645
C01791,Field Agent,16928360.106948,180000,16748360.106948
C01794,Field Agent,16170933.446212998,180000,15990933.446212998
C00050,Field Agent,16007831.346671999,180000,15827831.346671999
C00614,Field Agent,15976568.3275424,180000,15796568.3275424
C00128,Field Agent,15870470.128565798,180000,15690470.128565798
C01057,Field Agent,15101369.354073597,180000,14921369.354073597
C01205,Field Agent,14328056.279086601,180000,14148056.279086601
C01554,Field Agent,14111079.660113,180000,13931079.660113
C01883,Field Agent,13576645.675821997,180000,13396645.675821997
C00922,Field Agent,12756455.627458798,180000,12576455.627458798
C01864,Field Agent,11734995.751679998,180000,11554995.751679998
C01142,Field Agent,11659427.47079923,180000,11479427.47079923
C01669,Field Agent,11489247.1320984,180000,11309247.1320984
C00978,Field Agent,10738640.0331678,180000,10558640.0331678
C00950,Field Agent,10711483.0031024,180000,10531483.0031024
C00364,Field Agent,10483318.18914,180000,10303318.18914
C00363,Field Agent,10389031.919692598,180000,10209031.919692598
C02056,Field Agent,10126986.387738599,180000,9946986.387738599
C00024,Field Agent,10061613.415285999,180000,9881613.415285999
C01300,Field Agent,9936624.505250998,180000,9756624.505250998
C02282,Field Agent,9787374.6316776,180000,9607374.6316776
C00618,Field Agent,9572026.640193399,180000,9392026.640193399
C02090,Field Agent,9443284.466406401,180000,9263284.466406401
C02471,Field Agent,9336043.746304,180000,9156043.746304
C01197,Field Agent,9306076.0584352,180000,9126076.0584352
C01521,Field Agent,9240519.217740798,180000,9060519.217740798
C02183,Field Agent,9054672.9667464,180000,8874672.9667464
C01516,Field Agent,9003277.7174366,180000,8823277.7174366
C00513,Field Agent,8984264.3775872,180000,8804264.3775872
C00479,Field Agent,8916989.7310974,180000,8736989.7310974
C00238,Field Agent,8775566.189395199,180000,8595566.189395199
C00936,Field Agent,8662275.36972,180000,8482275.36972
C00680,Field Agent,8611405.6870912,180000,8431405.6870912
C00795,Field Agent,8547789.776875598,180000,8367789.776875598
C02434,Field Agent,8543759.386994999,180000,8363759.386994999
C02264,Field Agent,8171921.9386214,180000,7991921.9386214
C00905,Field Agent,8055709.3627228,180000,7875709.3627228
C01870,Field Agent,7859347.091023999,180000,7679347.091023999
C00832,Field Agent,7834864.654454819,180000,7654864.654454819
C00944,Field Agent,7818931.092845599,180000,7638931.092845599
C01854,Field Agent,7773174.903123198,180000,7593174.903123198
C00967,Field Agent,7772048.4125304,180000,7592048.4125304
C02050,Field Agent,7622786.762909599,180000,7442786.762909599
C00548,Field Agent,7619456.250294199,180000,7439456.250294199
C00862,Field Agent,7312708.776910399,180000,7132708.776910399
C00823,Field Agent,7197293.4141612,180000,7017293.4141612
C01479,Field Agent,7072350.236261999,180000,6892350.236261999
C00323,Field Agent,7036230.833400399,180000,6856230.833400399
C00920,Field Agent,7003125.856847999,180000,6823125.856847999
C00649,Field Agent,6944065.715534999,180000,6764065.715534999
C02107,Field Agent,6917678.4159744,180000,6737678.4159744
C01939,Field Agent,6798645.821004075,180000,6618645.821004075
C00606,Field Agent,6776853.083865199,180000,6596853.083865199
C00355,Field Agent,6758766.146574386,180000,6578766.146574386
C02175,Field Agent,6700576.980983399,180000,6520576.980983399
C00211,Field Agent,6616338.3742595995,180000,6436338.3742595995
C02008,Field Agent,6559388.110763518,180000,6379388.110763518
C00620,Field Agent,6550083.9345864,180000,6370083.9345864
C00185,Field Agent,6309657.469708798,180000,6129657.469708798
C00763,Field Agent,6228252.9093406,180000,6048252.9093406
C00893,Field Agent,6155018.8569442,180000,5975018.8569442
C01920,Field Agent,6077857.368831599,180000,5897857.368831599
C01080,Field Agent,6013525.320691199,180000,5833525.320691199
C02398,Field Agent,5938704.050003999,180000,5758704.050003999
C00972,Field Agent,5903115.762027998,180000,5723115.762027998
C01487,Field Agent,5879252.331087,180000,5699252.331087
C02302,Field Agent,5859318.1568128,180000,5679318.1568128
C01906,Field Agent,5791060.288751365,180000,5611060.288751365
C01622,Field Agent,5753207.1092759995,180000,5573207.1092759995
C00588,Field Agent,5736279.8941938,180000,5556279.8941938
C00458,Field Agent,5720919.343199999,180000,5540919.343199999
C00057,Field Agent,5679223.321660199,180000,5499223.321660199
C02060,Field Agent,5639900.6935399985,180000,5459900.6935399985
C00021,Field Agent,5620889.223558399,180000,5440889.223558399
C00022,Field Agent,5580113.5196576,180000,5400113.5196576
C01721,Field Agent,5503750.194647399,180000,5323750.194647399
C00638,Field Agent,5475217.290496,180000,5295217.290496
C02239,Field Agent,5458735.211023998,180000,5278735.211023998
C01016,Field Agent,5367819.017824799,180000,5187819.017824799
C01615,Field Agent,5334719.5606916,180000,5154719.5606916
C01069,Field Agent,5313262.642521599,180000,5133262.642521599
C00775,Field Agent,5297048.739859399,180000,5117048.739859399
C00349,Field Agent,5231199.652448,180000,5051199.652448
C01424,Field Agent,5212994.595744,180000,5032994.595744
C01571,Field Agent,5187339.357515199,180000,5007339.357515199
C01962,Field Agent,5150956.5014740005,180000,4970956.5014740005
C01523,Field Agent,5039566.6174727995,180000,4859566.6174727995
C00468,Field Agent,4974955.0914024,180000,4794955.0914024
C01710,Field Agent,4953135.932312599,180000,4773135.932312599
C01856,Field Agent,4925802.310714399,180000,4745802.310714399
C00265,Field Agent,4855793.707859999,180000,4675793.707859999
C01541,Field Agent,4852615.3461342,180000,4672615.3461342
C01990,Field Agent,4851326.4849648,180000,4671326.4849648
C01438,Field Agent,4838328.344516399,180000,4658328.344516399
C01232,Field Agent,4829229.3568904,180000,4649229.3568904
C01240,Field Agent,4815805.631204999,180000,4635805.631204999
C00845,Field Agent,4793015.5115402555,180000,4613015.5115402555
C00895,Field Agent,4666065.023865599,180000,4486065.023865599
C01822,Field Agent,4608198.480044399,180000,4428198.480044399
C00674,Field Agent,4589839.323209999,180000,4409839.323209999
C00005,Field Agent,4546433.8514592,180000,4366433.8514592
C02249,Field Agent,4537273.1781768,180000,4357273.1781768
C00172,Field Agent,4521523.43989905,180000,4341523.43989905
C01853,Field Agent,4497400.627888,180000,4317400.627888
C00466,Field Agent,4489627.3576879995,180000,4309627.3576879995
C00214,Field Agent,4454862.3474698,180000,4274862.3474698
C01698,Field Agent,4452299.8140115,180000,4272299.8140115
C01119,Field Agent,4403122.522305998,180000,4223122.522305998
C01139,Field Agent,4397533.684312499,180000,4217533.684312499
C02043,Field Agent,4381558.892319799,180000,4201558.892319799
C02381,Field Agent,4379547.338622401,180000,4199547.338622401
C02018,Field Agent,4374674.307104,180000,4194674.307104
C00830,Field Agent,4360785.159786399,180000,4180785.1597863995
C01943,Field Agent,4354393.55481,180000,4174393.5548099997
C01520,Field Agent,4318961.406749,180000,4138961.406749
C01066,Field Agent,4297477.1725452,180000,4117477.1725452
C02483,Field Agent,4290584.3065824,180000,4110584.3065823996
C01654,Field Agent,4283146.9815,180000,4103146.9814999998
C00182,Field Agent,4243474.0614808,180000,4063474.0614807997
C00573,Field Agent,4161508.5911919996,180000,3981508.5911919996
C02252,Field Agent,4147606.082924799,180000,3967606.082924799
C01029,Field Agent,4139514.6047612,180000,3959514.6047612
C01575,Field Agent,4085945.9971703994,180000,3905945.9971703994
C01414,Field Agent,4072151.1853505992,180000,3892151.1853505992
C00460,Field Agent,4067947.6608648,180000,3887947.6608648
C01671,Field Agent,4051200.5582459997,180000,3871200.5582459997
C01954,Field Agent,4039002.533591799,180000,3859002.533591799
C00339,Field Agent,3999469.057764199,180000,3819469.057764199
C01360,Field Agent,3997939.987791,180000,3817939.987791
C01741,Field Agent,3997316.0170456,180000,3817316.0170456
C00527,Field Agent,3988782.470537999,180000,3808782.470537999
C01354,Field Agent,3949143.0769547997,180000,3769143.0769547997
C02420,Field Agent,3918670.699754399,180000,3738670.699754399
C01831,Field Agent,3914420.402607,180000,3734420.402607
C00565,Field Agent,3891465.1737546,180000,3711465.1737546
C01009,Field Agent,3887194.42938,180000,3707194.42938
C01036,Field Agent,3860016.6255613584,180000,3680016.6255613584
C01804,Field Agent,3840269.1895986004,180000,3660269.1895986004
C00926,Field Agent,3821404.6949867997,180000,3641404.6949867997
C00063,Field Agent,3819264.267301999,180000,3639264.267301999
C01500,Field Agent,3788676.0644264,180000,3608676.0644264
C00233,Field Agent,3783228.736975536,180000,3603228.736975536
C02300,Field Agent,3778844.6990843993,180000,3598844.6990843993
C00075,Field Agent,3776879.9542,180000,3596879.9542
C01542,Field Agent,3752445.7869899995,180000,3572445.7869899995
C02171,Field Agent,3749389.7898767996,180000,3569389.7898767996
C00954,Field Agent,3717323.5131509993,180000,3537323.5131509993
C00659,Field Agent,3639251.9513999997,180000,3459251.9513999997
C00771,Field Agent,3638801.1798718,180000,3458801.1798718
C01865,Field Agent,3635972.3242029995,180000,3455972.3242029995
C00626,Field Agent,3630470.6204592,180000,3450470.6204592
C02293,Field Agent,3622862.0824566004,180000,3442862.0824566004
C00995,Field Agent,3621835.277788287,180000,3441835.277788287
C02212,Field Agent,3599154.4533775994,180000,3419154.4533775994
C00794,Field Agent,3585009.472362826,180000,3405009.472362826
C02222,Field Agent,3575512.9384463993,180000,3395512.9384463993
C02270,Field Agent,3568360.215006576,180000,3388360.215006576
C00140,Field Agent,3564616.7662887997,180000,3384616.7662887997
C02467,Field Agent,3545722.1268323995,180000,3365722.1268323995
C01282,Field Agent,3534004.9731427995,180000,3354004.9731427995
C00650,Field Agent,3518654.0999999996,180000,3338654.0999999996
C00051,Field Agent,3497007.98525,180000,3317007.98525
C02310,Field Agent,3476263.5574311996,180000,3296263.5574311996
C02233,Field Agent,3450892.2620129995,180000,3270892.2620129995
C01777,Field Agent,3450740.1218649996,180000,3270740.1218649996
C01522,Field Agent,3447976.1587595996,180000,3267976.1587595996
C00443,Field Agent,3436781.572976999,180000,3256781.572976999
C00946,Field Agent,3424646.80854,180000,3244646.80854
C00831,Field Agent,3417507.8576599997,180000,3237507.8576599997
C01369,Field Agent,3410047.0051095993,180000,3230047.0051095993
C01078,Field Agent,3404866.5972551997,180000,3224866.5972551997
C00294,Field Agent,3371105.0616424,180000,3191105.0616424
C00394,Field Agent,3352440.5037084003,180000,3172440.5037084003
C01715,Field Agent,3332262.6327424,180000,3152262.6327424
C00804,Field Agent,3320160.823395,180000,3140160.823395
C00809,Field Agent,3314782.1432482,180000,3134782.1432482
C02459,Field Agent,3306264.4477983993,180000,3126264.4477983993
C00256,Field Agent,3290895.884963,180000,3110895.884963
C01569,Field Agent,3288518.9969622,180000,3108518.9969622
C01151,Field Agent,3284999.1386836,180000,3104999.1386836
C00516,Field Agent,3282987.0098291994,180000,3102987.0098291994
C00599,Field Agent,3270124.5831863997,180000,3090124.5831863997
C02359,Field Agent,3267760.158272,180000,3087760.158272
C00413,Field Agent,3266971.1870849994,180000,3086971.1870849994
C01313,Field Agent,3264862.5459232,180000,3084862.5459232
C00437,Field Agent,3253215.8679408003,180000,3073215.8679408003
C00303,Field Agent,3248329.625321599,180000,3068329.625321599
C02037,Field Agent,3236550.1073640003,180000,3056550.1073640003
C01193,Field Agent,3232916.1141317757,180000,3052916.1141317757
C02286,Field Agent,3206456.4231354594,180000,3026456.4231354594
C01716,Field Agent,3204144.3194312,180000,3024144.3194312
C00984,Field Agent,3182330.5704189995,180000,3002330.5704189995
C01619,Field Agent,3156112.1351208,180000,2976112.1351208
C00664,Field Agent,3135996.9400278,180000,2955996.9400278
C00067,Field Agent,3130451.5573656,180000,2950451.5573656
C01337,Field Agent,3127660.1556839994,180000,2947660.1556839994
C01419,Field Agent,3116783.8183084,180000,2936783.8183084
C01722,Field Agent,3107373.5355125996,180000,2927373.5355125996
C01258,Field Agent,3101023.846533,180000,2921023.846533
C00610,Field Agent,3100892.683854,180000,2920892.683854
C00537,Field Agent,3079510.7366347997,180000,2899510.7366347997
C00961,Field Agent,3062900.9651051997,180000,2882900.9651051997
C02165,Field Agent,3043105.299187959,180000,2863105.299187959
C00730,Field Agent,3039422.5146394004,180000,2859422.5146394004
C00702,Field Agent,3033129.8760722,180000,2853129.8760722
C00693,Field Agent,3015216.7269881996,180000,2835216.7269881996
C02369,Field Agent,2998577.227004584,180000,2818577.227004584
C00340,Field Agent,2996894.8149283878,180000,2816894.8149283878
C01572,Field Agent,2992901.5525248,180000,2812901.5525248
C02014,Field Agent,2992192.7006759997,180000,2812192.7006759997
C02326,Field Agent,2982248.9623871995,180000,2802248.9623871995
C02136,Field Agent,2979580.9873169335,180000,2799580.9873169335
C01471,Field Agent,2978583.4944299995,180000,2798583.4944299995
C00595,Field Agent,2977695.7495271997,180000,2797695.7495271997
C00271,Field Agent,2976753.557223,180000,2796753.557223
C01332,Field Agent,2974812.8694147496,180000,2794812.8694147496
C01488,Field Agent,2970292.0650131996,180000,2790292.0650131996
C01825,Field Agent,2968545.4692299995,180000,2788545.4692299995
C01005,Field Agent,2958434.2062235996,180000,2778434.2062235996
C00542,Field Agent,2951055.2704719994,180000,2771055.2704719994
C00109,Field Agent,2946795.2437530663,180000,2766795.2437530663
C00619,Field Agent,2939031.8902326003,180000,2759031.8902326003
C00404,Field Agent,2933124.3053424,180000,2753124.3053424
C02382,Field Agent,2930537.292436,180000,2750537.292436
C02452,Field Agent,2928227.2936949995,180000,2748227.2936949995
C00014,Field Agent,2900783.34517192,180000,2720783.34517192
C01564,Field Agent,2881493.8405066836,180000,2701493.8405066836
C01416,Field Agent,2873259.4508999996,180000,2693259.4508999996
C01062,Field Agent,2872844.8253777996,180000,2692844.8253777996
C00321,Field Agent,2866283.408448,180000,2686283.408448
C01004,Field Agent,2866113.690569362,180000,2686113.690569362
C01911,Field Agent,2865354.8873296,180000,2685354.8873296
C02012,Field Agent,2859498.3669328,180000,2679498.3669328
C00220,Field Agent,2858317.564531,180000,2678317.564531
C02311,Field Agent,2856404.727141,180000,2676404.727141
C02346,Field Agent,2843256.9469709997,180000,2663256.9469709997
C02357,Field Agent,2838688.2928927997,180000,2658688.2928927997
C00453,Field Agent,2833207.8434462,180000,2653207.8434462
C01837,Field Agent,2826022.00166,180000,2646022.00166
C01396,Field Agent,2820596.3711918,180000,2640596.3711918
C00550,Field Agent,2820540.1909301993,180000,2640540.1909301993
C01256,Field Agent,2814704.9581985795,180000,2634704.9581985795
C01973,Field Agent,2809472.5346444,180000,2629472.5346444
C00447,Field Agent,2806067.0028628,180000,2626067.0028628
C01281,Field Agent,2802299.6196139995,180000,2622299.6196139995
C01824,Field Agent,2799132.3950694273,180000,2619132.3950694273
C02228,Field Agent,2795329.1317871995,180000,2615329.1317871995
C00299,Field Agent,2794414.9275395996,180000,2614414.9275395996
C01382,Field Agent,2787933.9049259997,180000,2607933.9049259997
C00953,Field Agent,2783596.7890807996,180000,2603596.7890807996
C01269,Field Agent,2777044.0509740394,180000,2597044.0509740394
C00975,Field Agent,2768134.2463224,180000,2588134.2463224
C00439,Field Agent,2762346.4521323997,180000,2582346.4521323997
C01616,Field Agent,2743681.6222943994,180000,2563681.6222943994
C01879,Field Agent,2740472.9344740002,180000,2560472.9344740002
C00452,Field Agent,2726758.523478,180000,2546758.523478
C02272,Field Agent,2723268.2483487995,180000,2543268.2483487995
C01013,Field Agent,2708584.52676,180000,2528584.52676
C02202,Field Agent,2702249.9193347995,180000,2522249.9193347995
C01192,Field Agent,2696906.3680944,180000,2516906.3680944
C01695,Field Agent,2692033.7686528,180000,2512033.7686528
C00389,Field Agent,2675669.9540575994,180000,2495669.9540575994
C01528,Field Agent,2674778.014647,180000,2494778.014647
C02491,Field Agent,2667721.4410985596,180000,2487721.4410985596
C00955,Field Agent,2654935.302553113,180000,2474935.302553113
C00225,Field Agent,2649066.34312,180000,2469066.34312
C01851,Field Agent,2647606.7785487995,180000,2467606.7785487995
C00091,Field Agent,2642695.7565002795,180000,2462695.7565002795
C01154,Field Agent,2626591.2531504,180000,2446591.2531504
C00375,Field Agent,2614257.3228903995,180000,2434257.3228903995
C01140,Field Agent,2604408.4927391997,180000,2424408.4927391997
C01684,Field Agent,2603851.4153483994,180000,2423851.4153483994
C00493,Field Agent,2595902.7299948,180000,2415902.7299948
C00304,Field Agent,2587765.987332,180000,2407765.987332
C02328,Field Agent,2583888.4751679995,180000,2403888.4751679995
C00956,Field Agent,2583807.0957392002,180000,2403807.0957392002
C02496,Field Agent,2583754.0110013997,180000,2403754.0110013997
C00976,Field Agent,2579015.3481351994,180000,2399015.3481351994
C00393,Field Agent,2573530.9248881997,180000,2393530.9248881997
C01461,Field Agent,2568193.4900784,180000,2388193.4900784
C01874,Field Agent,2560407.3438029997,180000,2380407.3438029997
C02278,Field Agent,2557485.7093042,180000,2377485.7093042
C01557,Field Agent,2555776.5519351996,180000,2375776.5519351996
C01252,Field Agent,2542352.0529879997,180000,2362352.0529879997
C00134,Field Agent,2541180.7723302,180000,2361180.7723302
C00506,Field Agent,2540907.2128303996,180000,2360907.2128303996
C02118,Field Agent,2535949.3513704003,180000,2355949.3513704003
C00281,Field Agent,2529734.9485681998,180000,2349734.9485681998
C01653,Field Agent,2521721.3914319035,180000,2341721.3914319035
C01921,Field Agent,2518102.7582723997,180000,2338102.7582723997
C00551,Field Agent,2506857.1534916,180000,2326857.1534916
C00992,Field Agent,2504968.782404,180000,2324968.782404
C02006,Field Agent,2482770.1111254,180000,2302770.1111254
C00751,Field Agent,2482079.769936,180000,2302079.769936
C02003,Call Center,1792557.7090721999,25000,1767557.7090721999
C00581,Call Center,1787618.7631259998,25000,1762618.7631259998
C02280,Call Center,1783204.4350512,25000,1758204.4350512
C01342,Call Center,1778571.9705851998,25000,1753571.9705851998
C00401,Call Center,1773767.3171819998,25000,1748767.3171819998
C00234,Call Center,1772093.8504416,25000,1747093.8504416
C00528,Call Center,1769237.0381699998,25000,1744237.0381699998
C01174,Call Center,1767456.7213322879,25000,1742456.7213322879
C01207,Call Center,1765213.9370459998,25000,1740213.9370459998
C00632,Call Center,1755454.668198,25000,1730454.668198
C02174,Call Center,1754384.022783,25000,1729384.022783
C00999,Call Center,1752692.8618835998,25000,1727692.8618835998
C02454,Call Center,1750479.2659871997,25000,1725479.2659871997
C01873,Call Center,1749490.9931519998,25000,1724490.9931519998
C01798,Call Center,1748947.5603185599,25000,1723947.5603185599
C01007,Call Center,1748505.455738118,25000,1723505.455738118
C01988,Call Center,1747221.0255359998,25000,1722221.0255359998
C02356,Call Center,1734080.6843052001,25000,1709080.6843052001
C01719,Call Center,1730246.354284,25000,1705246.354284
C01527,Call Center,1727896.6322100002,25000,1702896.6322100002
C00685,Call Center,1726155.17400648,25000,1701155.17400648
C00290,Call Center,1724102.119824,25000,1699102.119824
C02292,Call Center,1701285.680598,25000,1676285.680598
C01566,Call Center,1690637.7072564,25000,1665637.7072564
C00737,Call Center,1688400.2485896002,25000,1663400.2485896002
C02186,Call Center,1687003.51118082,25000,1662003.51118082
C01546,Call Center,1686632.355072,25000,1661632.355072
C01673,Call Center,1683354.61028462,25000,1658354.61028462
C02384,Call Center,1656401.1197831999,25000,1631401.1197831999
C01490,Call Center,1654866.2409804,25000,1629866.2409804
C01884,Call Center,1649536.602588,25000,1624536.602588
C01674,Call Center,1648138.6949875678,25000,1623138.6949875678
C00195,Call Center,1645994.4471935998,25000,1620994.4471935998
C00836,Call Center,1644584.2139664,25000,1619584.2139664
C00177,Call Center,1639769.658198,25000,1614769.658198
C02004,Call Center,1638589.1342898,25000,1613589.1342898
C01927,Call Center,1632180.9969191998,25000,1607180.9969191998
C00311,Call Center,1631519.9724096,25000,1606519.9724096
C01918,Call Center,1627270.1310599998,25000,1602270.1310599998
C00429,Call Center,1616098.9083035998,25000,1591098.9083035998
C00260,Call Center,1610017.1642184001,25000,1585017.1642184001
C00444,Call Center,1602633.3496992001,25000,1577633.3496992001
C01421,Call Center,1595505.136302,25000,1570505.136302
C01120,Call Center,1580257.0107744,25000,1555257.0107744
C00370,Call Center,1574860.7306711997,25000,1549860.7306711997
C02213,Call Center,1573996.0389709356,25000,1548996.0389709356
C00974,Call Center,1559868.696792,25000,1534868.696792
C02423,Call Center,1559569.6943464675,25000,1534569.6943464675
C01593,Call Center,1558603.521796048,25000,1533603.521796048
C01923,Call Center,1557616.3620618298,25000,1532616.3620618298
C00498,Call Center,1556367.7104948,25000,1531367.7104948
C00603,Call Center,1553965.8976799997,25000,1528965.8976799997
C00013,Call Center,1548590.3134296,25000,1523590.3134296
C00254,Call Center,1547016.11987832,25000,1522016.11987832
C00441,Call Center,1544886.0237887998,25000,1519886.0237887998
C01061,Call Center,1542636.1832489998,25000,1517636.1832489998
C00971,Call Center,1538501.0980332,25000,1513501.0980332
C01442,Call Center,1534703.9429360519,25000,1509703.9429360519
C02151,Call Center,1531661.5203120003,25000,1506661.5203120003
C01233,Call Center,1531185.9315606,25000,1506185.9315606
C01961,Call Center,1529907.2212284,25000,1504907.2212284
C01198,Call Center,1529221.5577911998,25000,1504221.5577911998
C00636,Call Center,1524752.7797906038,25000,1499752.7797906038
C01367,Call Center,1524499.7028643196,25000,1499499.7028643196
C01286,Call Center,1523448.6640968001,25000,1498448.6640968001
C00558,Call Center,1520779.163904,25000,1495779.163904
C01672,Call Center,1517670.3490452,25000,1492670.3490452
C01866,Call Center,1513666.2515655798,25000,1488666.2515655798
C01465,Call Center,1509404.3442324,25000,1484404.3442324
C02217,Call Center,1506092.1835679999,25000,1481092.1835679999
C02079,Call Center,1501158.0254328,25000,1476158.0254328
C02445,Call Center,1499206.4624627999,25000,1474206.4624627999
C01260,Call Center,1498841.8460154715,25000,1473841.8460154715
C00749,Call Center,1484188.8283488,25000,1459188.8283488
C00621,Call Center,1483758.4014623999,25000,1458758.4014623999
C01951,Call Center,1483293.9228491997,25000,1458293.9228491997
C01895,Call Center,1481197.9103711997,25000,1456197.9103711997
C01268,Call Center,1480939.8719471998,25000,1455939.8719471998
C00137,Call Center,1480414.777367904,25000,1455414.777367904
C01524,Call Center,1480011.7866206397,25000,1455011.7866206397
C01049,Call Center,1478860.9280893276,25000,1453860.9280893276
C01235,Call Center,1476491.2712088,25000,1451491.2712088
C02016,Call Center,1474793.3825827297,25000,1449793.3825827297
C00593,Call Center,1469878.1539696802,25000,1444878.1539696802
C02388,Call Center,1468716.4890216,25000,1443716.4890216
C00637,Call Center,1467648.6996696,25000,1442648.6996696
C00176,Call Center,1462720.264362,25000,1437720.264362
C01091,Call Center,1457574.6995376,25000,1432574.6995376
C02372,Call Center,1448956.7457960001,25000,1423956.7457960001
C01377,Call Center,1447144.303542,25000,1422144.303542
C00400,Call Center,1446196.477444992,25000,1421196.477444992
C00859,Call Center,1440140.7480515998,25000,1415140.7480515998
C00174,Call Center,1439841.2433888,25000,1414841.2433888
C00611,Call Center,1438071.4092149998,25000,1413071.4092149998
C01547,Call Center,1434735.0129,25000,1409735.0129
C00351,Call Center,1431500.3789604001,25000,1406500.3789604001
C01649,Call Center,1430807.1315048,25000,1405807.1315048
C00966,Call Center,1428950.5324199281,25000,1403950.5324199281
C00715,Call Center,1427646.6696289699,25000,1402646.6696289699
C01526,Call Center,1418557.5244763999,25000,1393557.5244763999
C01605,Call Center,1417212.9996689279,25000,1392212.9996689279
C00780,Call Center,1410992.6446822498,25000,1385992.6446822498
C00765,Call Center,1409033.1241904397,25000,1384033.1241904397
C00469,Call Center,1404285.149698704,25000,1379285.149698704
C02308,Call Center,1404277.88476864,25000,1379277.88476864
C00307,Call Center,1404206.625935904,25000,1379206.625935904
C01191,Call Center,1403674.22895,25000,1378674.22895
C00604,Call Center,1402334.1191159997,25000,1377334.1191159997
C00206,Call Center,1398175.7450471998,25000,1373175.7450471998
C00219,Call Center,1395048.4982742,25000,1370048.4982742
C00625,Call Center,1388824.0857876,25000,1363824.0857876
C02474,Call Center,1386531.9668255998,25000,1361531.9668255998
C02464,Call Center,1385030.2779936,25000,1360030.2779936
C01311,Call Center,1384201.6705439999,25000,1359201.6705439999
C00714,Call Center,1383542.3425958399,25000,1358542.3425958399
C01234,Call Center,1382839.971283316,25000,1357839.971283316
C00980,Call Center,1379611.2438192002,25000,1354611.2438192002
C00684,Call Center,1378727.4635977498,25000,1353727.4635977498
C02312,Call Center,1376845.6839984,25000,1351845.6839984
C01046,Call Center,1376245.943184,25000,1351245.943184
C00318,Call Center,1366186.9788839999,25000,1341186.9788839999
C00199,Call Center,1363351.9610592,25000,1338351.9610592
C02084,Call Center,1359553.19346,25000,1334553.19346
C00138,Call Center,1343378.89917,25000,1318378.89917
C01051,Call Center,1339761.637494,25000,1314761.637494
C00248,Call Center,1337523.1757999999,25000,1312523.1757999999
C00658,Call Center,1334321.8036974,25000,1309321.8036974
C00876,Call Center,1332863.54770968,25000,1307863.54770968
C01306,Call Center,1330445.3101632001,25000,1305445.3101632001
C00490,Call Center,1327891.4441351998,25000,1302891.4441351998
C01958,Call Center,1326136.6115423997,25000,1301136.6115423997
C00909,Call Center,1321368.1486992,25000,1296368.1486992
C02231,Call Center,1316118.4361598,25000,1291118.4361598
C00562,Call Center,1314709.9680708,25000,1289709.9680708
C01403,Call Center,1314619.7689104476,25000,1289619.7689104476
C01589,Call Center,1314516.7370285997,25000,1289516.7370285997
C00188,Call Center,1314410.7763566778,25000,1289410.7763566778
C01636,Call Center,1313908.076544,25000,1288908.076544
C01035,Call Center,1311098.7441551997,25000,1286098.7441551997
C01844,Call Center,1310287.401423,25000,1285287.401423
C00044,Call Center,1307053.3107701999,25000,1282053.3107701999
C02156,Call Center,1302398.7495792,25000,1277398.7495792
C02338,Call Center,1300111.3091232,25000,1275111.3091232
C00819,Call Center,1295260.0874136,25000,1270260.0874136
C01290,Call Center,1291733.552822328,25000,1266733.552822328
C00487,Call Center,1291253.3079012001,25000,1266253.3079012001
C02110,Call Center,1290577.4364672,25000,1265577.4364672
C00703,Call Center,1287452.378394,25000,1262452.378394
C02046,Call Center,1286657.902152,25000,1261657.902152
C02001,Call Center,1286051.0373396,25000,1261051.0373396
C00589,Call Center,1285734.9133944,25000,1260734.9133944
C02254,Call Center,1285166.06666448,25000,1260166.06666448
C01793,Call Center,1278474.6444287996,25000,1253474.6444287996
C01787,Call Center,1274018.7417132002,25000,1249018.7417132002
C00790,Call Center,1273076.4620657999,25000,1248076.4620657999
C00488,Call Center,1272305.2100858956,25000,1247305.2100858956
C01842,Call Center,1271171.7064494,25000,1246171.7064494
C02179,Call Center,1269637.4471676,25000,1244637.4471676
C02424,Call Center,1266963.7609020001,25000,1241963.7609020001
C01510,Call Center,1265063.257185,25000,1240063.257185
C00344,Call Center,1264200.8346996,25000,1239200.8346996
C01410,Call Center,1261459.4149709998,25000,1236459.4149709998
C00273,Call Center,1260372.602985048,25000,1235372.602985048
C01460,Call Center,1258714.434115992,25000,1233714.434115992
C02250,Call Center,1257821.2069332,25000,1232821.2069332
C00201,Call Center,1255465.0841960637,25000,1230465.0841960637
C02275,Call Center,1252896.6992136,25000,1227896.6992136
C01867,Call Center,1251854.8378433997,25000,1226854.8378433997
C01679,Call Center,1249644.849894,25000,1224644.849894
C00759,Call Center,1247970.425877,25000,1222970.425877
C01855,Call Center,1246886.5382567998,25000,1221886.5382567998
C02140,Call Center,1245317.5533792,25000,1220317.5533792
C01371,Call Center,1243424.1211392,25000,1218424.1211392
C00841,Call Center,1241894.7655043998,25000,1216894.7655043998
C00421,Call Center,1233934.4401859997,25000,1208934.4401859997
C01978,Call Center,1228768.4873142,25000,1203768.4873142
C02022,Call Center,1227186.0116334,25000,1202186.0116334
C02177,Call Center,1225747.7597904,25000,1200747.7597904
C02071,Call Center,1225071.052716,25000,1200071.052716
C00754,Call Center,1221206.0151564,25000,1196206.0151564
C01486,Call Center,1218187.5164339999,25000,1193187.5164339999
C01435,Call Center,1216416.9292516077,25000,1191416.9292516077
C00090,Call Center,1212519.5376756,25000,1187519.5376756
C00745,Call Center,1212182.9187594,25000,1187182.9187594
C02455,Call Center,1209888.784881,25000,1184888.784881
C00505,Call Center,1208398.208787,25000,1183398.208787
C01757,Call Center,1206980.822502,25000,1181980.822502
C02182,Call Center,1203367.8780564,25000,1178367.8780564
C02403,Call Center,1202357.7118056,25000,1177357.7118056
C01034,Call Center,1198759.1092091997,25000,1173759.1092091997
C01501,Call Center,1198736.9919,25000,1173736.9919
C00426,Call Center,1196941.4809873917,25000,1171941.4809873917
C01309,Call Center,1194821.9746007998,25000,1169821.9746007998
C00145,Call Center,1189995.4506325198,25000,1164995.4506325198
C01789,Call Center,1189369.8795971998,25000,1164369.8795971998
C00840,Call Center,1186037.1189743998,25000,1161037.1189743998
C02417,Call Center,1183615.2304032,25000,1158615.2304032
C02284,Call Center,1183428.36315648,25000,1158428.36315648
C02218,Call Center,1178959.6000224003,25000,1153959.6000224003
C01600,Call Center,1171532.894868,25000,1146532.894868
C01033,Call Center,1171187.0861795999,25000,1146187.0861795999
C00230,Call Center,1170828.4933884,25000,1145828.4933884
C00380,Call Center,1170294.166742778,25000,1145294.166742778
C02085,Call Center,1169771.6002433999,25000,1144771.6002433999
C00991,Call Center,1169642.2457412,25000,1144642.2457412
C00911,Call Center,1167365.835111,25000,1142365.835111
C01953,Call Center,1167328.419768,25000,1142328.419768
C02262,Call Center,1166138.4759318,25000,1141138.4759318
C00087,Call Center,1166110.4415324,25000,1141110.4415324
C00123,Call Center,1165719.2802696,25000,1140719.2802696
C01700,Call Center,1162266.4052999998,25000,1137266.4052999998
C02220,Call Center,1158120.145686,25000,1133120.145686
C00557,Call Center,1156993.279210314,25000,1131993.279210314
C00807,Call Center,1156476.0771332998,25000,1131476.0771332998
C02327,Call Center,1154721.8106396,25000,1129721.8106396
C00387,Call Center,1153022.15662074,25000,1128022.15662074
C00227,Call Center,1150629.0214272,25000,1125629.0214272
C00985,Call Center,1149158.7683814,25000,1124158.7683814
C01304,Call Center,1146468.662031616,25000,1121468.662031616
C00111,Call Center,1141521.8507784,25000,1116521.8507784
C00379,Call Center,1139214.9343092,25000,1114214.9343092
C01940,Call Center,1138848.7236168,25000,1113848.7236168
C00163,Call Center,1137081.1993463999,25000,1112081.1993463999
C00129,Call Center,1133929.6494077998,25000,1108929.6494077998
C01123,Call Center,1133688.0738875999,25000,1108688.0738875999
C00010,Call Center,1133502.4398768,25000,1108502.4398768
C01840,Call Center,1131401.44845,25000,1106401.44845
C00041,Call Center,1127902.5540132,25000,1102902.5540132
C02256,Call Center,1125460.2720396,25000,1100460.2720396
C01882,Call Center,1124484.401376,25000,1099484.401376
C00133,Call Center,1124264.253009744,25000,1099264.253009744
C01124,Call Center,1123383.2493287039,25000,1098383.2493287039
C01811,Call Center,1121012.4926784001,25000,1096012.4926784001
C00197,Call Center,1113703.6032528,25000,1088703.6032528
C02109,Call Center,1111770.7945092,25000,1086770.7945092
C01481,Call Center,1111037.2589399999,25000,1086037.2589399999
C00521,Call Center,1107560.2893894,25000,1082560.2893894
C00689,Call Center,1106015.6697408,25000,1081015.6697408
C00099,Call Center,1105956.6434551037,25000,1080956.6434551037
C00486,Call Center,1104674.705904,25000,1079674.705904
C00940,Call Center,1104292.2833249997,25000,1079292.2833249997
C00802,Call Center,1099236.1577356318,25000,1074236.1577356318
C02219,Call Center,1098845.0149068001,25000,1073845.0149068001
C02341,Call Center,1096835.001003,25000,1071835.001003
C00330,Call Center,1096770.4839587999,25000,1071770.4839587999
C01128,Call Center,1089303.6162329998,25000,1064303.6162329998
C00100,Call Center,1087072.8652812,25000,1062072.8652812
C02476,Call Center,1081531.3995359999,25000,1056531.3995359999
C01847,Call Center,1081209.9386395998,25000,1056209.9386395998
C00805,Call Center,1081076.7217194,25000,1056076.7217194
C01904,Call Center,1080396.0166272,25000,1055396.0166272
C00838,Call Center,1078427.7076734,25000,1053427.7076734
C00676,Call Center,1077737.575863312,25000,1052737.575863312
C02400,Call Center,1076976.3209856,25000,1051976.3209856
C01691,Call Center,1074417.4273559998,25000,1049417.4273559998
C02226,Call Center,1073980.436696832,25000,1048980.436696832
C02387,Call Center,1073737.4015213999,25000,1048737.4015213999
C02104,Call Center,1072194.7402026,25000,1047194.7402025999
C02336,Call Center,1071197.6042879997,25000,1046197.6042879997
C00003,Call Center,1071025.8785225998,25000,1046025.8785225998
C01550,Call Center,1068981.223968,25000,1043981.2239679999
C00286,Call Center,1068952.2544089758,25000,1043952.2544089758
C02291,Call Center,1068828.3940949999,25000,1043828.3940949999
C01480,Call Center,1068560.5115303998,25000,1043560.5115303998
C00368,Call Center,1067942.8877208002,25000,1042942.8877208002
C00388,Call Center,1067647.8625343998,25000,1042647.8625343998
C01076,Call Center,1066713.717279,25000,1041713.717279
C02500,Call Center,1063541.3184583879,25000,1038541.3184583879
C01930,Call Center,1062637.1884799998,25000,1037637.1884799998
C01077,Call Center,1061632.1773386,25000,1036632.1773385999
C01027,Call Center,1060297.30884,25000,1035297.3088400001
C01073,Call Center,1060269.057666,25000,1035269.057666
C00298,Call Center,1059746.6178978,25000,1034746.6178977999
C00755,Call Center,1058589.6238763998,25000,1033589.6238763998
C01059,Call Center,1051203.3256115997,25000,1026203.3256115997
C01089,Call Center,1050780.1963881596,25000,1025780.1963881596
C00534,Call Center,1049941.884781692,25000,1024941.884781692
C00696,Call Center,1041028.828728,25000,1016028.828728
C02167,Call Center,1039712.8210559998,25000,1014712.8210559998
C01796,Call Center,1039087.5360809999,25000,1014087.5360809999
C00121,Call Center,1037737.8711,25000,1012737.8711
C00803,Call Center,1037517.3569627999,25000,1012517.3569627999
C02279,Call Center,1035588.3340571999,25000,1010588.3340571999
C00898,Call Center,1035468.8176992319,25000,1010468.8176992319
C01454,Call Center,1034502.9796499999,25000,1009502.9796499999
C01637,Call Center,1024833.5655432,25000,999833.5655432
C02101,Call Center,1024634.9331456,25000,999634.9331456
C02263,Call Center,1022241.0301278,25000,997241.0301278
C00750,Call Center,1022156.7009359999,25000,997156.7009359999
C01375,Call Center,1019182.1583509999,25000,994182.1583509999
C02203,Call Center,1009807.5564191999,25000,984807.5564191999
C01244,Call Center,1008207.0274562998,25000,983207.0274562998
C01729,Call Center,1004884.9278300001,25000,979884.9278300001
C02163,Call Center,1003139.8250770399,25000,978139.8250770399
C02366,Call Center,1002453.8744272639,25000,977453.8744272639
C00762,Call Center,1000089.3420000001,25000,975089.3420000001
C00879,Call Center,998510.4777984,25000,973510.4777984
C02443,Call Center,998268.8841719999,25000,973268.8841719999
C02187,Call Center,998078.1309576,25000,973078.1309576
C01024,Call Center,998013.2285886,25000,973013.2285886
C01330,Call Center,996137.1706229999,25000,971137.1706229999
C00747,Call Center,995394.5558928,25000,970394.5558928
C02106,Call Center,994611.5284559999,25000,969611.5284559999
C01303,Call Center,990077.2576590001,25000,965077.2576590001
C00207,Call Center,989092.0208064,25000,964092.0208064
C00058,Call Center,986903.732986416,25000,961903.732986416
C00524,Call Center,986734.4415905339,25000,961734.4415905339
C01967,Call Center,985747.3674047999,25000,960747.3674047999
C00743,Call Center,983494.2330234001,25000,958494.2330234001
C00462,Call Center,983016.8615357998,25000,958016.8615357998
C02005,Call Center,982012.7770656837,25000,957012.7770656837
C01507,Call Center,981605.8294245279,25000,956605.8294245279
C02386,Call Center,979459.5896903999,25000,954459.5896903999
C01800,Call Center,976723.6772244,25000,951723.6772244
C00430,Call Center,973686.3897475258,25000,948686.3897475258
C01400,Call Center,972633.1398510998,25000,947633.1398510998
C01157,Call Center,971635.9339931998,25000,946635.9339931998
C00223,Call Center,969004.482138,25000,944004.482138
C00544,Call Center,968779.4392891999,25000,943779.4392891999
C01390,Call Center,968461.5674664001,25000,943461.5674664001
C01581,Call Center,964850.1873780001,25000,939850.1873780001
C01565,Call Center,963342.5688961198,25000,938342.5688961198
C02305,Call Center,962539.571843136,25000,937539.571843136
C00561,Call Center,960863.7153779998,25000,935863.7153779998
C02076,Call Center,960146.736595116,25000,935146.736595116
C01759,Call Center,959588.7541547999,25000,934588.7541547999
C01412,Call Center,959107.5924444,25000,934107.5924444
C02288,Call Center,958312.0020095998,25000,933312.0020095998
C01455,Call Center,957598.4849370241,25000,932598.4849370241
C00724,Call Center,956782.8078984,25000,931782.8078984
C02054,Call Center,956610.1122606,25000,931610.1122606
C00122,Call Center,955765.522594932,25000,930765.522594932
C00957,Call Center,954623.6533753917,25000,929623.6533753917
C01265,Call Center,952221.3011177998,25000,927221.3011177998
C02428,Call Center,950055.81237,25000,925055.81237
C00282,Call Center,948411.45957936,25000,923411.45957936
C00500,Call Center,945378.369861408,25000,920378.369861408
C02385,Call Center,945246.8455668,25000,920246.8455668
C01768,Call Center,945163.004109632,25000,920163.004109632
C00947,Call Center,944831.4576288,25000,919831.4576288
C01417,Call Center,938943.6604799998,25000,913943.6604799998
C01358,Call Center,938846.9355679677,25000,913846.9355679677
C01314,Call Center,938111.3843219999,25000,913111.3843219999
C01405,Call Center,937426.9005192,25000,912426.9005192
C00395,Call Center,937158.6082949999,25000,912158.6082949999
C01926,Call Center,934681.43895,25000,909681.43895
C01539,Call Center,934517.370864,25000,909517.370864
C01478,Call Center,933571.594956,25000,908571.594956
C01818,Call Center,928054.8683363999,25000,903054.8683363999
C02409,Call Center,926142.4040169001,25000,901142.4040169001
C00272,Call Center,922838.23997904,25000,897838.23997904
C02002,Call Center,920769.9908904,25000,895769.9908904
C01022,Call Center,919214.3227805999,25000,894214.3227805999
C00059,Call Center,915384.383004,25000,890384.383004
C00027,Call Center,914426.4315724998,25000,889426.4315724998
C01503,Call Center,914179.6776881998,25000,889179.6776881998
C01245,Call Center,913518.1339199998,25000,888518.1339199998
C02466,Call Center,913263.2955179999,25000,888263.2955179999
C01950,Call Center,912654.0026856,25000,887654.0026856
C01186,Call Center,909433.4428956,25000,884433.4428956
C02274,Call Center,908444.0149764,25000,883444.0149764
C00678,Call Center,906012.7680071999,25000,881012.7680071999
C01955,Call Center,905945.278119,25000,880945.278119
C02038,Call Center,904145.5134096,25000,879145.5134096
C00554,Call Center,900788.8770804,25000,875788.8770804
C00885,Call Center,899512.5282469199,25000,874512.5282469199
C01907,Call Center,897307.4420855999,25000,872307.4420855999
C00535,Call Center,896868.6517224,25000,871868.6517224
C01598,Call Center,895249.2508469999,25000,870249.2508469999
C00586,Call Center,894727.7532430718,25000,869727.7532430718
C00446,Call Center,893941.0360817999,25000,868941.0360817999
C00753,Call Center,892472.165005344,25000,867472.165005344
C01740,Call Center,889169.95570515,25000,864169.95570515
C02296,Call Center,886881.83325,25000,861881.83325
C00910,Call Center,886255.08783,25000,861255.08783
C01556,Call Center,886127.2245167999,25000,861127.2245167999
C01838,Call Center,885471.8111148002,25000,860471.8111148002
C00906,Call Center,885006.3210067798,25000,860006.3210067798
C02044,Call Center,884175.9737706,25000,859175.9737706
C02223,Call Center,883482.232626,25000,858482.232626
C01935,Call Center,880715.9732279999,25000,855715.9732279999
C00607,Call Center,878253.245357404,25000,853253.245357404
C01714,Call Center,877906.1967521999,25000,852906.1967521999
C01551,Call Center,876594.637359,25000,851594.637359
C00112,Call Center,876540.1312079999,25000,851540.1312079999
C00215,Call Center,876509.367552,25000,851509.367552
C02148,Call Center,876294.5438898,25000,851294.5438898
C01408,Call Center,876278.0554772998,25000,851278.0554772998
C01496,Call Center,876134.2525739998,25000,851134.2525739998
C01326,Call Center,873919.369155,25000,848919.369155
C00210,Call Center,870976.4308769999,25000,845976.4308769999
C02126,Call Center,868263.6111201359,25000,843263.6111201359
C00023,Call Center,868212.3238903797,25000,843212.3238903797
C01202,Call Center,867954.2095519678,25000,842954.2095519678
C01243,Call Center,866999.7937272,25000,841999.7937272
C01934,Call Center,861609.5063267999,25000,836609.5063267999
C00849,Call Center,861336.55410936,25000,836336.55410936
C02439,Call Center,861208.871544,25000,836208.871544
C01020,Call Center,861016.874256,25000,836016.874256
C01848,Call Center,860206.1630148,25000,835206.1630148
C01886,Call Center,859797.1043803679,25000,834797.1043803679
C00587,Call Center,859557.006070812,25000,834557.006070812
C01751,Call Center,857482.0687103999,25000,832482.0687103999
C01664,Call Center,856172.9209110001,25000,831172.9209110001
C00319,Call Center,855547.8467759999,25000,830547.8467759999
C01122,Call Center,855117.10683,25000,830117.10683
C00641,Call Center,854530.4995542,25000,829530.4995542
C00481,Call Center,854132.94603,25000,829132.94603
C00300,Call Center,854038.6697165399,25000,829038.6697165399
C00236,Call Center,853740.4727958399,25000,828740.4727958399
C01386,Call Center,852142.1307504,25000,827142.1307504
C02410,Call Center,851116.7633219999,25000,826116.7633219999
C00325,Call Center,850660.7386032,25000,825660.7386032
C02142,Call Center,850660.4522052,25000,825660.4522052
C00314,Call Center,850214.7457130881,25000,825214.7457130881
C00450,Call Center,850204.1473799999,25000,825204.1473799999
C00305,Call Center,849199.3177635238,25000,824199.3177635238
C01040,Call Center,848096.821235664,25000,823096.821235664
C00412,Call Center,847157.5476756,25000,822157.5476756
C01287,Call Center,846289.9435746,25000,821289.9435746
C00532,Call Center,846268.29294238,25000,821268.29294238
C01189,Call Center,845907.8488398719,25000,820907.8488398719
C00202,Call Center,845300.5639595999,25000,820300.5639595999
C00369,Call Center,845198.6700443999,25000,820198.6700443999
C01389,Call Center,843730.2768380078,25000,818730.2768380078
C00020,Call Center,841230.7141853999,25000,816230.7141853999
C00624,Call Center,840717.1734444,25000,815717.1734444
C01109,Call Center,839674.0045848001,25000,814674.0045848001
C00151,Call Center,837841.5016986,25000,812841.5016986
C00467,Call Center,837449.634672,25000,812449.634672
C01919,Call Center,830595.5980139999,25000,805595.5980139999
C02075,Call Center,830314.5601085998,25000,805314.5601085998
C02058,Call Center,828254.9551248,25000,803254.9551248
C00301,Call Center,828251.6859414,25000,803251.6859414
C01670,Call Center,827368.7931094319,25000,802368.7931094319
C01132,Call Center,823553.9067348179,25000,798553.9067348179
C01148,Call Center,821491.9341384,25000,796491.9341384
C01723,Call Center,819303.8072099999,25000,794303.8072099999
C00673,Call Center,815864.9133173,25000,790864.9133173
C00275,Call Center,815682.8312808,25000,790682.8312808
C01689,Call Center,813787.9751898119,25000,788787.9751898119
C01682,Call Center,809925.4468824959,25000,784925.4468824959
C02303,Call Center,808208.2266719999,25000,783208.2266719999
C02244,Call Center,806896.427526,25000,781896.427526
C01030,Call Center,806493.6084743999,25000,781493.6084743999
C00873,Call Center,805788.8898191999,25000,780788.8898191999
C02449,Call Center,805306.0567370559,25000,780306.0567370559
C02304,Call Center,804854.0977917439,25000,779854.0977917439
C00629,Call Center,804695.0238600001,25000,779695.0238600001
C01399,Call Center,802614.000552,25000,777614.000552
C00924,Call Center,801294.8841576,25000,776294.8841576
C02484,Call Center,800744.0160048,25000,775744.0160048
C00981,Call Center,800418.5456778,25000,775418.5456778
C02438,Call Center,800046.9106179201,25000,775046.9106179201
C00025,Call Center,798082.5394080001,25000,773082.5394080001
C02399,Call Center,797748.3545471999,25000,772748.3545471999
C02234,Call Center,796784.3939327999,25000,771784.3939327999
C00657,Call Center,796779.9243263997,25000,771779.9243263997
C01712,Call Center,795977.504784,25000,770977.504784
C00280,Call Center,795863.5679903999,25000,770863.5679903999
C02251,Call Center,793087.8323802,25000,768087.8323802
C00515,Call Center,791915.4447119999,25000,766915.4447119999
C01876,Call Center,791355.852,25000,766355.852
C01271,Call Center,790590.57008428,25000,765590.57008428
C02007,Call Center,790309.4094,25000,765309.4094
C02067,Call Center,789496.017370032,25000,764496.017370032
C00945,Call Center,789431.0063470319,25000,764431.0063470319
C00378,Call Center,785665.914819786,25000,760665.914819786
C01869,Call Center,785019.5131085999,25000,760019.5131085999
C01937,Call Center,784860.6953333999,25000,759860.6953333999
C02458,Call Center,783889.1820143999,25000,758889.1820143999
C01431,Call Center,782518.934105272,25000,757518.934105272
C00147,Call Center,780702.1791408001,25000,755702.1791408001
C02489,Call Center,780618.361236,25000,755618.361236
C01201,Call Center,779199.5389962,25000,754199.5389962
C00963,Call Center,778008.9170447999,25000,753008.9170447999
C00793,Call Center,777851.3222172,25000,752851.3222172
C01134,Call Center,776398.6854892799,25000,751398.6854892799
C02358,Call Center,775112.543795016,25000,750112.543795016
C00136,Call Center,773978.455528096,25000,748978.455528096
C01362,Call Center,773827.8125276159,25000,748827.8125276159
C02315,Call Center,772167.206540772,25000,747167.206540772
C01614,Call Center,771616.1057471999,25000,746616.1057471999
C01900,Call Center,767723.5905863999,25000,742723.5905863999
C01150,Call Center,767361.4995143999,25000,742361.4995143999
C01694,Call Center,766961.2425972,25000,741961.2425972
C01640,Call Center,766928.159886,25000,741928.159886
C01805,Call Center,766711.0000619999,25000,741711.0000619999
C01087,Call Center,765895.5999382798,25000,740895.5999382798
C01376,Call Center,764842.3689815999,25000,739842.3689815999
C01999,Call Center,763940.7537677999,25000,738940.7537677999
C02405,Call Center,763576.1772156,25000,738576.1772156
C01531,Call Center,761166.933501744,25000,736166.933501744
C02089,Call Center,760834.2590008158,25000,735834.2590008158
C01125,Call Center,760784.190138,25000,735784.190138
C01662,Call Center,760134.5124072,25000,735134.5124072
C01599,Call Center,759664.9558679999,25000,734664.9558679999
C02363,Call Center,759479.2681476,25000,734479.2681476
C01459,Call Center,758438.5130699999,25000,733438.5130699999
C01720,Call Center,757756.3240674001,25000,732756.3240674001
C02319,Call Center,756802.9910783999,25000,731802.9910783999
C01214,Call Center,754976.0429568,25000,729976.0429568
C01224,Call Center,754190.9518751999,25000,729190.9518751999
C00725,Call Center,753815.98761,25000,728815.98761
C01409,Call Center,753096.7399032,25000,728096.7399032
C01560,Call Center,752855.9852519999,25000,727855.9852519999
C00148,Call Center,751535.8457543999,25000,726535.8457543999
C02340,Call Center,750529.6548623998,25000,725529.6548623998
C01748,Call Center,749916.7524918299,25000,724916.7524918299
C02361,Call Center,747417.808095,25000,722417.808095
C02133,Call Center,746863.4094684001,25000,721863.4094684001
C00336,Call Center,746551.3620096,25000,721551.3620096
C00580,Call Center,743293.48436616,25000,718293.48436616
C01724,Call Center,743025.4622790999,25000,718025.4622790999
C02169,Call Center,742689.335619,25000,717689.335619
C01785,Call Center,741894.9263502,25000,716894.9263502
C00930,Call Center,741424.2972863999,25000,716424.2972863999
C00695,Call Center,741349.53049696,25000,716349.53049696
C02402,Call Center,739210.77624492,25000,714210.77624492
C00267,Call Center,737471.2948795499,25000,712471.2948795499
C01537,Call Center,736076.432141358,25000,711076.432141358
C00602,Call Center,735296.7751122001,25000,710296.7751122001
C00409,Call Center,734494.825274616,25000,709494.825274616
C00854,Call Center,733483.0253532598,25000,708483.0253532598
C01385,Call Center,730924.8329382719,25000,705924.8329382719
C00889,Call Center,730398.1491576,25000,705398.1491576
C00454,Call Center,729988.4656125599,25000,704988.4656125599
C00584,Call Center,728764.8191081999,25000,703764.8191081999
C00856,Call Center,728481.4266492,25000,703481.4266492
C01843,Call Center,727229.3114688,25000,702229.3114688
C00902,Call Center,726134.01105,25000,701134.01105
C02159,Call Center,724208.2115748479,25000,699208.2115748479
C01760,Call Center,723748.3935979499,25000,698748.3935979499
C01315,Call Center,722650.023942,25000,697650.023942
C00093,Call Center,722538.384288,25000,697538.384288
C00449,Call Center,720252.2034708,25000,695252.2034708
C01103,Call Center,719568.7788744,25000,694568.7788744
C01952,Call Center,718916.7231917998,25000,693916.7231917998
C00102,Call Center,717776.8471020001,25000,692776.8471020001
C02241,Call Center,717769.1108515199,25000,692769.1108515199
C01860,Call Center,717568.1425794,25000,692568.1425794
C00118,Call Center,716249.2046975999,25000,691249.2046975999
C00969,Call Center,714971.403864312,25000,689971.403864312
C01597,Call Center,713527.522737498,25000,688527.522737498
C00833,Call Center,712922.2943807999,25000,687922.2943807999
C01242,Call Center,712778.4885522,25000,687778.4885522
C02117,Call Center,711242.6913186,25000,686242.6913186
C00622,Call Center,710167.496980704,25000,685167.496980704
C02199,Call Center,709396.5934649999,25000,684396.5934649999
C00179,Call Center,708416.9842764001,25000,683416.9842764001
C01294,Call Center,707632.925706,25000,682632.925706
C01144,Call Center,707559.93135828,25000,682559.93135828
C01322,Call Center,706009.3566455999,25000,681009.3566455999
C01469,Call Center,703915.142698908,25000,678915.142698908
C02374,Call Center,703854.0472319999,25000,678854.0472319999
C01283,Call Center,703459.3234345599,25000,678459.3234345599
C02269,Call Center,703261.0654271999,25000,678261.0654271999
C01996,Call Center,701877.1224023999,25000,676877.1224023999
C00915,Call Center,701174.1367679999,25000,676174.1367679999
C01146,Call Center,700632.193569,25000,675632.193569
C01705,Call Center,700631.3921628,25000,675631.3921628
C01498,Call Center,700609.70586068,25000,675609.70586068
C01509,Call Center,699956.2493868,25000,674956.2493868
C00052,Call Center,698395.0193388,25000,673395.0193388
C00998,Call Center,698197.3832988,25000,673197.3832988
C00237,Call Center,697861.773378,25000,672861.773378
C00329,Call Center,697698.070829312,25000,672698.070829312
C01845,Call Center,697621.951178124,25000,672621.951178124
C00152,Call Center,697395.9045689999,25000,672395.9045689999
C01861,Call Center,696733.9648793999,25000,671733.9648793999
C00435,Call Center,696061.7002416,25000,671061.7002416
C01328,Call Center,695667.3232194,25000,670667.3232194
C01922,Call Center,695072.773987872,25000,670072.773987872
C00872,Call Center,694465.9120056,25000,669465.9120056
C02412,Call Center,694082.8306818,25000,669082.8306818
C00072,Call Center,693876.372399,25000,668876.372399
C02082,Call Center,692462.8759776,25000,667462.8759776
C01548,Call Center,692416.8247415998,25000,667416.8247415998
C01887,Call Center,692326.5170051999,25000,667326.5170051999
C01820,Call Center,692102.5497792,25000,667102.5497792
C01816,Call Center,691476.2506512001,25000,666476.2506512001
C02456,Call Center,689418.8337288001,25000,664418.8337288001
C00293,Call Center,688398.068232,25000,663398.068232
C00410,Call Center,687100.5078235479,25000,662100.5078235479
C00634,Call Center,686330.5199352,25000,661330.5199352
C00266,Call Center,685185.2690844001,25000,660185.2690844001
C01453,Call Center,678415.8390492001,25000,653415.8390492001
C00931,Call Center,677939.6951711999,25000,652939.6951711999
C00578,Call Center,677670.2441796,25000,652670.2441796
C00655,Call Center,677090.2233186,25000,652090.2233186
C01562,Call Center,676599.3390365998,25000,651599.3390365998
C00277,Call Center,674909.1847007999,25000,649909.1847007999
C01079,Call Center,674462.30878488,25000,649462.30878488
C01320,Call Center,673358.3755022879,25000,648358.3755022879
C01582,Call Center,672913.8225179999,25000,647913.8225179999
C00356,Call Center,672877.5623758719,25000,647877.5623758719
C00740,Call Center,671693.4659820001,25000,646693.4659820001
C01108,Call Center,671389.9676484,25000,646389.9676484
C02238,Call Center,671057.9779877118,25000,646057.9779877118
C00247,Call Center,670759.6508482657,25000,645759.6508482657
C01216,Call Center,670711.4834364001,25000,645711.4834364001
C02144,Call Center,670254.2699999999,25000,645254.2699999999
C01648,Call Center,669873.5891316001,25000,644873.5891316001
C01363,Call Center,669573.7326431999,25000,644573.7326431999
C01508,Call Center,669485.2454236799,25000,644485.2454236799
C02450,Call Center,667738.9837727698,25000,642738.9837727698
C00591,Call Center,664846.1388702,25000,639846.1388702
C00270,Call Center,664631.646336,25000,639631.646336
C01130,Call Center,664267.2403920001,25000,639267.2403920001
C00007,Call Center,664247.936016,25000,639247.936016
C01932,Call Center,661664.707869984,25000,636664.707869984
C00912,Call Center,661041.25625748,25000,636041.25625748
C00250,Call Center,660757.325207616,25000,635757.325207616
C00858,Call Center,660221.268141008,25000,635221.268141008
C02201,Call Center,659337.2421299999,25000,634337.2421299999
C00679,Call Center,658870.48375512,25000,633870.48375512
C00077,Call Center,657445.5200914999,25000,632445.5200914999
C00903,Call Center,655401.2005631999,25000,630401.2005631999
C01779,Call Center,653094.7187183999,25000,628094.7187183999
C00583,Call Center,652881.5796062561,25000,627881.5796062561
C00080,Call Center,652824.6504444,25000,627824.6504444
C01913,Call Center,652018.8871224,25000,627018.8871224
C01993,Call Center,650882.9954591999,25000,625882.9954591999
C00074,Call Center,648414.2473703999,25000,623414.2473703999
C02289,Call Center,645844.0135434001,25000,620844.0135434001
C02453,Call Center,644285.6615076,25000,619285.6615076
C01017,Call Center,644044.9292466,25000,619044.9292466
C01559,Call Center,642630.5740512,25000,617630.5740512
C01038,Call Center,641309.714648064,25000,616309.714648064
C00288,Call Center,640927.008183,25000,615927.008183
C01863,Call Center,640432.388918322,25000,615432.388918322
C01592,Call Center,640044.1603332,25000,615044.1603332
C02283,Call Center,639590.4287136,25000,614590.4287136
C00547,Call Center,638021.2642272001,25000,613021.2642272001
C01097,Call Center,637725.3785310239,25000,612725.3785310239
C00212,Call Center,636470.9563799999,25000,611470.9563799999
C00004,Call Center,635601.8264483999,25000,610601.8264483999
C00997,Call Center,633602.8807163999,25000,608602.8807163999
C01807,Call Center,633181.43679,25000,608181.43679
C02390,Call Center,632603.156178,25000,607603.156178
C00783,Call Center,628594.74468,25000,603594.74468
C00235,Call Center,627986.0589500399,25000,602986.0589500399
C00287,Call Center,626519.34765,25000,601519.34765
C01587,Call Center,626424.9811344,25000,601424.9811344
C02460,Call Center,626008.2936282,25000,601008.2936282
C01871,Call Center,625705.009293,25000,600705.009293
C01596,Call Center,624553.9852104,25000,599553.9852104
C00006,Call Center,624531.6999264001,25000,599531.6999264001
C02353,Call Center,623759.8976078399,25000,598759.8976078399
C00474,Call Center,622370.9355192,25000,597370.9355192
C02166,WhatsApp,400025.9405633401,5000,395025.9405633401
C01974,WhatsApp,399857.3919801,5000,394857.3919801
C00837,WhatsApp,399024.563969007,5000,394024.563969007
C01113,WhatsApp,398907.75185999996,5000,393907.75185999996
C01590,WhatsApp,398703.87204119994,5000,393703.87204119994
C02473,WhatsApp,397451.349656037,5000,392451.349656037
C00525,WhatsApp,396104.3670672,5000,391104.3670672
C00390,WhatsApp,396086.51911971596,5000,391086.51911971596
C02240,WhatsApp,395614.29365279997,5000,390614.29365279997
C01708,WhatsApp,395354.1266235,5000,390354.1266235
C01420,WhatsApp,395288.967996972,5000,390288.967996972
C01238,WhatsApp,395230.30706160003,5000,390230.30706160003
C02422,WhatsApp,394500.32341252203,5000,389500.32341252203
C02068,WhatsApp,394405.41513599997,5000,389405.41513599997
C02094,WhatsApp,393411.31632720004,5000,388411.31632720004
C00816,WhatsApp,393187.9423923,5000,388187.9423923
C02065,WhatsApp,393133.74869160005,5000,388133.74869160005
C01743,WhatsApp,391379.6711088,5000,386379.6711088
C01246,WhatsApp,391193.380080225,5000,386193.380080225
C00371,WhatsApp,391143.7114588079,5000,386143.7114588079
C01437,WhatsApp,391027.5706752,5000,386027.5706752
C00348,WhatsApp,390498.37011629995,5000,385498.37011629995
C01220,WhatsApp,390197.1859776,5000,385197.1859776
C01502,WhatsApp,388834.93446569995,5000,383834.93446569995
C01834,WhatsApp,388822.958697888,5000,383822.958697888
C01737,WhatsApp,388743.4375461,5000,383743.4375461
C02172,WhatsApp,388181.449346688,5000,383181.449346688
C01718,WhatsApp,385583.16846628796,5000,380583.16846628796
C01392,WhatsApp,384684.9992384219,5000,379684.9992384219
C00942,WhatsApp,383980.49679779995,5000,378980.49679779995
C02053,WhatsApp,383331.58631999994,5000,378331.58631999994
C02026,WhatsApp,381922.5795048,5000,376922.5795048
C02040,WhatsApp,381736.50895080005,5000,376736.50895080005
C00002,WhatsApp,381625.3583254169,5000,376625.3583254169
C00139,WhatsApp,380768.3633277,5000,375768.3633277
C00391,WhatsApp,380609.00950860005,5000,375609.00950860005
C00800,WhatsApp,380387.3768064001,5000,375387.3768064001
C01925,WhatsApp,380038.4682048,5000,375038.4682048
C02397,WhatsApp,379360.8487296,5000,374360.8487296
C01965,WhatsApp,379233.57484980003,5000,374233.57484980003
C01115,WhatsApp,378977.28336000006,5000,373977.28336000006
C00661,WhatsApp,378359.1348570001,5000,373359.1348570001
C00875,WhatsApp,378078.28303050005,5000,373078.28303050005
C00949,WhatsApp,377505.9867618001,5000,372505.9867618001
C02028,WhatsApp,377467.08836508,5000,372467.08836508
C01413,WhatsApp,376768.8594054,5000,371768.8594054
C01348,WhatsApp,376726.6666566,5000,371726.6666566
C01072,WhatsApp,375769.5801633,5000,370769.5801633
C00559,WhatsApp,375332.59267200006,5000,370332.59267200006
C02196,WhatsApp,374700.09515400004,5000,369700.09515400004
C00777,WhatsApp,374680.8802152001,5000,369680.8802152001
C01239,WhatsApp,374350.7202543,5000,369350.7202543
C01877,WhatsApp,373785.7451652001,5000,368785.7451652001
C00104,WhatsApp,373728.13472995197,5000,368728.13472995197
C01859,WhatsApp,372397.226625,5000,367397.226625
C00923,WhatsApp,372209.7661704,5000,367209.7661704
C02461,WhatsApp,371887.100382798,5000,366887.100382798
C02499,WhatsApp,371694.799971,5000,366694.799971
C02011,WhatsApp,370708.55077905,5000,365708.55077905
C01639,WhatsApp,369290.260886274,5000,364290.260886274
C00149,WhatsApp,369276.4666602001,5000,364276.4666602001
C02373,WhatsApp,367808.859558,5000,362808.859558
C02237,WhatsApp,367755.5684430001,5000,362755.5684430001
C01685,WhatsApp,367282.295127576,5000,362282.295127576
C00892,WhatsApp,366484.61095218,5000,361484.61095218
C00162,WhatsApp,365619.35358810006,5000,360619.35358810006
C00224,WhatsApp,365577.399306,5000,360577.399306
C01082,WhatsApp,364993.84941840003,5000,359993.84941840003
C01917,WhatsApp,364787.69905080006,5000,359787.69905080006
C02408,WhatsApp,364691.715954084,5000,359691.715954084
C00161,WhatsApp,364626.92956500006,5000,359626.92956500006
C02365,WhatsApp,364591.6929396001,5000,359591.6929396001
C02153,WhatsApp,364522.97974860005,5000,359522.97974860005
C00218,WhatsApp,364471.7542507079,5000,359471.7542507079
C02137,WhatsApp,364286.53422,5000,359286.53422
C02348,WhatsApp,363703.03119360004,5000,358703.03119360004
C01324,WhatsApp,363039.809907744,5000,358039.809907744
C01452,WhatsApp,362039.82031439996,5000,357039.82031439996
C01370,WhatsApp,361354.54762260005,5000,356354.54762260005
C02010,WhatsApp,361235.725191,5000,356235.725191
C02103,WhatsApp,360359.387074926,5000,355359.387074926
C02247,WhatsApp,360291.1278825,5000,355291.1278825
C02176,WhatsApp,358967.1346524,5000,353967.1346524
C02041,WhatsApp,358375.421536776,5000,353375.421536776
C00297,WhatsApp,358326.38991204003,5000,353326.38991204003
C00124,WhatsApp,357896.6499195,5000,352896.6499195
C01393,WhatsApp,357893.36125200003,5000,352893.36125200003
C00608,WhatsApp,357554.33695080003,5000,352554.33695080003
C00575,WhatsApp,356520.61675170006,5000,351520.61675170006
C02210,WhatsApp,356306.26623570005,5000,351306.26623570005
C01474,WhatsApp,355997.88300060004,5000,350997.88300060004
C02498,WhatsApp,355399.855246143,5000,350399.855246143
C01660,WhatsApp,354881.768070816,5000,349881.768070816
C02320,WhatsApp,354864.37148138694,5000,349864.37148138694
C02273,WhatsApp,354831.421761792,5000,349831.421761792
C02478,WhatsApp,354781.8964368,5000,349781.8964368
C02342,WhatsApp,353718.7229043,5000,348718.7229043
C01830,WhatsApp,353534.6570706,5000,348534.6570706
C00110,WhatsApp,353263.537756197,5000,348263.537756197
C00968,WhatsApp,352982.663865,5000,347982.663865
C01357,WhatsApp,352907.80681860005,5000,347907.80681860005
C01997,WhatsApp,351433.17542491195,5000,346433.17542491195
C00497,WhatsApp,351161.4505743,5000,346161.4505743
C02088,WhatsApp,351077.6795292,5000,346077.6795292
C01778,WhatsApp,350586.79610669997,5000,345586.79610669997
C00492,WhatsApp,348239.94372508506,5000,343239.94372508506
C00675,WhatsApp,348132.92986215,5000,343132.92986215
C01296,WhatsApp,347884.5800358,5000,342884.5800358
C00900,WhatsApp,347473.20623835595,5000,342473.20623835595
C01280,WhatsApp,345247.91001043195,5000,340247.91001043195
C00770,WhatsApp,343459.29045636,5000,338459.29045636
C00245,WhatsApp,343294.00939026003,5000,338294.00939026003
C01763,WhatsApp,343159.46476119,5000,338159.46476119
C00451,WhatsApp,343035.766848582,5000,338035.766848582
C02146,WhatsApp,342956.04675660003,5000,337956.04675660003
C00738,WhatsApp,342517.30464441597,5000,337517.30464441597
C01909,WhatsApp,341914.1912955,5000,336914.1912955
C00870,WhatsApp,341516.9582154,5000,336516.9582154
C01008,WhatsApp,340886.5668783,5000,335886.5668783
C00585,WhatsApp,340792.434608472,5000,335792.434608472
C01464,WhatsApp,340771.9881015001,5000,335771.9881015001
C00338,WhatsApp,340761.12597449997,5000,335761.12597449997
C01626,WhatsApp,340543.31543416803,5000,335543.31543416803
C01850,WhatsApp,340234.35227280005,5000,335234.35227280005
C00009,WhatsApp,339737.2982568,5000,334737.2982568
C02072,WhatsApp,339238.108270854,5000,334238.108270854
C01118,WhatsApp,339184.0043964,5000,334184.0043964
C01190,WhatsApp,339003.693772704,5000,334003.693772704
C00884,WhatsApp,338940.2199983941,5000,333940.2199983941
C00560,WhatsApp,338901.0958539,5000,333901.0958539
C01276,WhatsApp,338582.303945262,5000,333582.303945262
C00302,WhatsApp,338544.4563576,5000,333544.4563576
C00752,WhatsApp,337330.65948705,5000,332330.65948705
C00046,WhatsApp,336927.215846988,5000,331927.215846988
C00792,WhatsApp,336617.997264,5000,331617.997264
C00392,WhatsApp,336190.7924674561,5000,331190.7924674561
C01121,WhatsApp,335682.72851489997,5000,330682.72851489997
C01786,WhatsApp,334910.81854188006,5000,329910.81854188006
C01236,WhatsApp,334723.44660299993,5000,329723.44660299993
C00204,WhatsApp,332815.6037016,5000,327815.6037016
C00408,WhatsApp,332252.78204160003,5000,327252.78204160003
C01000,WhatsApp,332005.3829037,5000,327005.3829037
C00533,WhatsApp,331919.431459776,5000,326919.431459776
C02298,WhatsApp,331907.780020176,5000,326907.780020176
C02321,WhatsApp,331186.33529280004,5000,326186.33529280004
C01063,WhatsApp,331024.1374476,5000,326024.1374476
C00258,WhatsApp,330956.967744,5000,325956.967744
C01693,WhatsApp,330649.898904468,5000,325649.898904468
C02236,WhatsApp,330541.4879559,5000,325541.4879559
C00847,WhatsApp,329489.70999749994,5000,324489.70999749994
C02497,WhatsApp,329354.4872367001,5000,324354.4872367001
C02246,WhatsApp,328843.95962875197,5000,323843.95962875197
C01229,WhatsApp,328633.567399692,5000,323633.567399692
C00814,WhatsApp,328297.662954,5000,323297.662954
C00120,WhatsApp,328179.8348066881,5000,323179.8348066881
C01230,WhatsApp,327977.346672,5000,322977.346672
C01836,WhatsApp,327754.010782836,5000,322754.010782836
C00178,WhatsApp,326447.04807,5000,321447.04807
C01912,WhatsApp,326218.76443350007,5000,321218.76443350007
C01206,WhatsApp,325285.683235686,5000,320285.683235686
C00825,WhatsApp,324426.6362151,5000,319426.6362151
C02332,WhatsApp,323684.61840000004,5000,318684.61840000004
C01470,WhatsApp,323472.91171238996,5000,318472.91171238996
C02392,WhatsApp,323463.34713600005,5000,318463.34713600005
C01535,WhatsApp,323434.421307,5000,318434.421307
C00376,WhatsApp,323100.57546,5000,318100.57546
C01291,WhatsApp,323035.001919612,5000,318035.001919612
C01985,WhatsApp,323016.346388736,5000,318016.346388736
C00252,WhatsApp,322357.7432736,5000,317357.7432736
C01696,WhatsApp,322118.601984,5000,317118.601984
C00887,WhatsApp,322101.591178752,5000,317101.591178752
C01336,WhatsApp,321890.963646582,5000,316890.963646582
C01944,WhatsApp,320999.2677063,5000,315999.2677063
C00688,WhatsApp,320322.8871261,5000,315322.8871261
C01970,WhatsApp,319558.0919409,5000,314558.0919409
C02207,WhatsApp,318925.5521112,5000,313925.5521112
C00652,WhatsApp,318439.957473,5000,313439.957473
C01530,WhatsApp,317599.6566780179,5000,312599.6566780179
C02391,WhatsApp,317338.0698678299,5000,312338.0698678299
C01161,WhatsApp,315689.68788479996,5000,310689.68788479996
C00316,WhatsApp,315669.4381089,5000,310669.4381089
C00232,WhatsApp,315500.3817615001,5000,310500.3817615001
C01881,WhatsApp,315134.30043575994,5000,310134.30043575994
C01075,WhatsApp,314678.63367,5000,309678.63367
C01534,WhatsApp,314673.20779752004,5000,309673.20779752004
C00483,WhatsApp,314363.6275104,5000,309363.6275104
C01766,WhatsApp,313607.105119854,5000,308607.105119854
C00205,WhatsApp,313569.81299520005,5000,308569.81299520005
C02314,WhatsApp,313386.95272262394,5000,308386.95272262394
C01169,WhatsApp,313031.98478070006,5000,308031.98478070006
C02301,WhatsApp,311670.4460283,5000,306670.4460283
C01657,WhatsApp,311548.1663484629,5000,306548.1663484629
C01275,WhatsApp,311051.444565456,5000,306051.444565456
C01621,WhatsApp,310557.78852119995,5000,305557.78852119995
C00799,WhatsApp,310261.53353500797,5000,305261.53353500797
C00897,WhatsApp,310180.64723999996,5000,305180.64723999996
C01100,WhatsApp,309342.03056583303,5000,304342.03056583303
C01045,WhatsApp,309217.2489891,5000,304217.2489891
C01991,WhatsApp,309076.19228772004,5000,304076.19228772004
C00261,WhatsApp,309062.97391319997,5000,304062.97391319997
C01070,WhatsApp,307997.3917296,5000,302997.3917296
C02267,WhatsApp,307650.12971760007,5000,302650.12971760007
C01152,WhatsApp,307151.4729816001,5000,302151.4729816001
C02211,WhatsApp,307067.4191358,5000,302067.4191358
C00731,WhatsApp,306805.8543246,5000,301805.8543246
C00034,WhatsApp,306581.1674877,5000,301581.1674877
C00189,WhatsApp,306518.19768,5000,301518.19768
C01666,WhatsApp,306260.4616632,5000,301260.4616632
C00864,WhatsApp,305266.0806936,5000,300266.0806936
C00861,WhatsApp,305258.24593080004,5000,300258.24593080004
C02493,WhatsApp,304652.50424100005,5000,299652.50424100005
C00001,WhatsApp,303041.393424,5000,298041.393424
C00708,WhatsApp,301782.82397085,5000,296782.82397085
C01892,WhatsApp,301330.58237568,5000,296330.58237568
C00512,WhatsApp,300146.23063620005,5000,295146.23063620005
C00517,WhatsApp,299849.62477950007,5000,294849.62477950007
C00700,WhatsApp,298953.08191434597,5000,293953.08191434597
C00494,WhatsApp,298816.8898968,5000,293816.8898968
C00031,WhatsApp,298383.46087032004,5000,293383.46087032004
C00463,WhatsApp,298367.919479808,5000,293367.919479808
C01538,WhatsApp,298264.7068407001,5000,293264.7068407001
C02116,WhatsApp,296723.821698,5000,291723.821698
C02394,WhatsApp,296385.24091564806,5000,291385.24091564806
C00064,WhatsApp,295214.35133987997,5000,290214.35133987997
C01325,WhatsApp,295092.061362189,5000,290092.061362189
C02157,WhatsApp,294209.2897254,5000,289209.2897254
C01754,WhatsApp,293954.981796,5000,288954.981796
C01585,WhatsApp,293547.079566,5000,288547.079566
C01667,WhatsApp,293113.0483128,5000,288113.0483128
C01555,WhatsApp,292789.23205319996,5000,287789.23205319996
C00531,WhatsApp,292750.23416580004,5000,287750.23416580004
C02281,WhatsApp,292202.59761000006,5000,287202.59761000006
C01060,WhatsApp,291504.657919869,5000,286504.657919869
C02115,WhatsApp,291363.548598738,5000,286363.548598738
C00818,WhatsApp,291243.51863795693,5000,286243.51863795693
C00671,WhatsApp,291108.75379880395,5000,286108.75379880395
C00155,WhatsApp,290595.50466219,5000,285595.50466219
C01634,WhatsApp,290305.50716160005,5000,285305.50716160005
C01307,WhatsApp,289702.71021600004,5000,284702.71021600004
C00127,WhatsApp,289159.2047007,5000,284159.2047007
C01795,WhatsApp,288933.50419425,5000,283933.50419425
C01761,WhatsApp,287331.99394255196,5000,282331.99394255196
C02188,WhatsApp,287229.469876713,5000,282229.469876713
C01765,WhatsApp,286610.7334689,5000,281610.7334689
C01924,WhatsApp,286236.48912696,5000,281236.48912696
C01081,WhatsApp,286034.060179008,5000,281034.060179008
C00011,WhatsApp,285148.043538192,5000,280148.043538192
C01165,WhatsApp,284858.551223694,5000,279858.551223694
C01355,WhatsApp,284410.5615,5000,279410.5615
C02024,WhatsApp,283885.27280942403,5000,278885.27280942403
C01468,WhatsApp,283661.99182827,5000,278661.99182827
C00411,WhatsApp,283512.07326419104,5000,278512.07326419104
C00377,WhatsApp,283377.30780744,5000,278377.30780744
C01227,WhatsApp,282752.465570685,5000,277752.465570685
C01373,WhatsApp,282604.4331066,5000,277604.4331066
C00119,WhatsApp,282506.48235054,5000,277506.48235054
C01402,WhatsApp,282192.06535740005,5000,277192.06535740005
C00977,WhatsApp,282131.48898531,5000,277131.48898531
C01085,WhatsApp,281247.347884374,5000,276247.347884374
C02021,WhatsApp,281161.633518,5000,276161.633518
C00047,WhatsApp,280990.39129919995,5000,275990.39129919995
C01826,WhatsApp,280251.163305,5000,275251.163305
C01612,WhatsApp,279857.0512467,5000,274857.0512467
C00242,WhatsApp,279383.22187307995,5000,274383.22187307995
C02077,WhatsApp,279220.50370440003,5000,274220.50370440003
C00249,WhatsApp,279163.2927915,5000,274163.2927915
C01947,WhatsApp,279078.09127425,5000,274078.09127425
C01678,WhatsApp,278985.390328773,5000,273985.390328773
C01351,WhatsApp,278952.82590959995,5000,273952.82590959995
C00917,WhatsApp,278142.0992532,5000,273142.0992532
C02243,WhatsApp,278043.64084708196,5000,273043.64084708196
C00166,WhatsApp,277601.0410611,5000,272601.0410611
C00039,WhatsApp,277593.8371128,5000,272593.8371128
C01687,WhatsApp,277544.88319950004,5000,272544.88319950004
C02113,WhatsApp,277503.00501301204,5000,272503.00501301204
C02339,WhatsApp,277491.083888592,5000,272491.083888592
C01106,WhatsApp,277134.413145525,5000,272134.413145525
C00113,WhatsApp,276882.240630348,5000,271882.240630348
C00663,WhatsApp,276808.47642233997,5000,271808.47642233997
C02415,WhatsApp,276119.41149,5000,271119.41149
C00788,WhatsApp,276025.9540491,5000,271025.9540491
C00570,WhatsApp,275942.95915504504,5000,270942.95915504504
C01808,WhatsApp,274675.9928076,5000,269675.9928076
C00194,WhatsApp,274532.27255369996,5000,269532.27255369996
C00240,WhatsApp,274254.675336,5000,269254.675336
C01212,WhatsApp,274100.88220956,5000,269100.88220956
C01096,WhatsApp,273954.998804535,5000,268954.998804535
C01334,WhatsApp,273642.6996216,5000,268642.6996216
C02073,WhatsApp,273502.443942,5000,268502.443942
C01288,WhatsApp,272804.1590934,5000,267804.1590934
C02086,WhatsApp,272219.29145308805,5000,267219.29145308805
C01703,WhatsApp,272150.23274729995,5000,267150.23274729995
C00485,WhatsApp,271778.69036038505,5000,266778.69036038505
C02160,WhatsApp,271157.49246591,5000,266157.49246591
C01493,WhatsApp,270961.0322004,5000,265961.0322004
C00268,WhatsApp,270776.7112815,5000,265776.7112815
C00442,WhatsApp,270470.672856,5000,265470.672856
C00756,WhatsApp,269947.384210404,5000,264947.384210404
C01894,WhatsApp,269852.70673260005,5000,264852.70673260005
C00095,WhatsApp,269118.76387499995,5000,264118.76387499995
C01126,WhatsApp,268866.91600200004,5000,263866.91600200004
C00094,WhatsApp,268800.10363800003,5000,263800.10363800003
C02051,WhatsApp,268382.824281,5000,263382.824281
C01823,WhatsApp,268322.3000388,5000,263322.3000388
C01607,WhatsApp,265993.834306248,5000,260993.834306248
C01101,WhatsApp,265860.68645430007,5000,260860.68645430007
C01267,WhatsApp,265756.086906282,5000,260756.086906282
C01209,WhatsApp,265058.216237556,5000,260058.21623755601
C00142,WhatsApp,265021.07144759997,5000,260021.07144759997
C01543,WhatsApp,264919.39110431995,5000,259919.39110431995
C00130,WhatsApp,264805.96345715696,5000,259805.96345715696
C00117,WhatsApp,264478.0458195,5000,259478.0458195
C01839,WhatsApp,263655.35008848005,5000,258655.35008848005
C01901,WhatsApp,263515.387337334,5000,258515.387337334
C00785,WhatsApp,263064.7868148,5000,258064.7868148
C01162,WhatsApp,262954.7273952,5000,257954.7273952
C01264,WhatsApp,262692.1464714,5000,257692.1464714
C00672,WhatsApp,262399.44529259996,5000,257399.44529259996
C01681,WhatsApp,261606.515724,5000,256606.515724
C01042,WhatsApp,261603.91874997903,5000,256603.91874997903
C00538,WhatsApp,260790.43980600004,5000,255790.43980600004
C00660,WhatsApp,260577.31750214394,5000,255577.31750214394
C02416,WhatsApp,260057.4677577,5000,255057.4677577
C00383,WhatsApp,260043.22814130003,5000,255043.22814130003
C01231,WhatsApp,259573.019871924,5000,254573.019871924
C01473,WhatsApp,259442.48194866,5000,254442.48194866
C00416,WhatsApp,259316.44149330002,5000,254316.44149330002
C02225,WhatsApp,258704.65486800004,5000,253704.65486800004
C00359,WhatsApp,258639.63552102598,5000,253639.63552102598
C02350,WhatsApp,258300.35648999998,5000,253300.35648999998
C00276,WhatsApp,257560.88143143602,5000,252560.88143143602
C02149,WhatsApp,257181.54831270003,5000,252181.54831270003
C01745,WhatsApp,256637.48047380004,5000,251637.48047380004
C01753,WhatsApp,256528.77541200002,5000,251528.77541200002
C01726,WhatsApp,255877.4513124,5000,250877.4513124
C02132,WhatsApp,255713.868864,5000,250713.868864
C02441,WhatsApp,255149.42185440005,5000,250149.42185440005
C00556,WhatsApp,254941.664790969,5000,249941.664790969
C01872,WhatsApp,254825.0626572,5000,249825.0626572
C02036,WhatsApp,253854.29555564397,5000,248854.29555564397
C00040,WhatsApp,253138.72155333296,5000,248138.72155333296
C02078,WhatsApp,252772.83344102403,5000,247772.83344102403
C00257,WhatsApp,252763.915284,5000,247763.915284
C00716,WhatsApp,252464.31108000004,5000,247464.31108000004
C00035,WhatsApp,251703.401669352,5000,246703.401669352
C00269,WhatsApp,251630.597103336,5000,246630.597103336
C01179,WhatsApp,251624.089429425,5000,246624.089429425
C00431,WhatsApp,251255.88347515202,5000,246255.88347515202
C01317,WhatsApp,250996.9035132,5000,245996.9035132
C01933,WhatsApp,250986.18598065,5000,245986.18598065
C01156,WhatsApp,250959.90056400004,5000,245959.90056400004
C00834,WhatsApp,249986.491461,5000,244986.491461
C02480,WhatsApp,249904.98392390998,5000,244904.98392390998
C00851,WhatsApp,249318.22309020002,5000,244318.22309020002
C01499,WhatsApp,249268.6071504,5000,244268.6071504
C00811,WhatsApp,248023.8104256,5000,243023.8104256
C00867,WhatsApp,247200.87847860003,5000,242200.87847860003
C01341,WhatsApp,246505.11548940002,5000,241505.11548940002
C01656,WhatsApp,246082.81273757995,5000,241082.81273757995
C00154,WhatsApp,245412.510399,5000,240412.510399
C01832,WhatsApp,245096.4767814,5000,240096.4767814
C00062,WhatsApp,244962.53238420005,5000,239962.53238420005
C01711,WhatsApp,244729.59852419997,5000,239729.59852419997
C00781,WhatsApp,244604.83619059197,5000,239604.83619059197
C01166,WhatsApp,244014.69895398006,5000,239014.69895398006
C01623,WhatsApp,243806.81580900002,5000,238806.81580900002
C00789,WhatsApp,243441.7617528,5000,238441.7617528
C02477,WhatsApp,243392.28293520003,5000,238392.28293520003
C02189,WhatsApp,243134.6873238,5000,238134.6873238
C01885,WhatsApp,243080.317406664,5000,238080.317406664
C02048,WhatsApp,243017.7076206,5000,238017.7076206
C01458,WhatsApp,242385.45991723798,5000,237385.45991723798
C01274,WhatsApp,242281.0492191,5000,237281.0492191
C01318,WhatsApp,241899.49151834394,5000,236899.49151834394
C02154,WhatsApp,241300.80500400002,5000,236300.80500400002
C02334,WhatsApp,240319.45282716,5000,235319.45282716
C00623,WhatsApp,240147.7974414,5000,235147.7974414
C01446,WhatsApp,239843.8710207,5000,234843.8710207
C01852,WhatsApp,239752.37718720004,5000,234752.37718720004
C01178,WhatsApp,239514.9797547,5000,234514.9797547
C00433,WhatsApp,239338.22903289003,5000,234338.22903289003
C01088,WhatsApp,239102.60451363004,5000,234102.60451363004
C00987,WhatsApp,239020.48928340003,5000,234020.48928340003
C01449,WhatsApp,238839.39887940002,5000,233839.39887940002
C00135,WhatsApp,238522.84076101502,5000,233522.84076101502
C01483,WhatsApp,238458.759348546,5000,233458.759348546
C01182,WhatsApp,238356.61137939602,5000,233356.61137939602
C00813,WhatsApp,238287.94187220003,5000,233287.94187220003
C00032,WhatsApp,237931.691933988,5000,232931.691933988
C01432,WhatsApp,237925.81786679997,5000,232925.81786679997
C00372,WhatsApp,237639.20289732006,5000,232639.20289732006
C00526,WhatsApp,237577.79297520002,5000,232577.79297520002
C00668,WhatsApp,237376.39891680004,5000,232376.39891680004
C01606,WhatsApp,236993.8230432,5000,231993.8230432
C02437,WhatsApp,236640.59078310002,5000,231640.59078310002
C01037,WhatsApp,236234.4680124,5000,231234.4680124
C00919,WhatsApp,236124.69662475,5000,231124.69662475
C01630,WhatsApp,236067.31723396498,5000,231067.31723396498
C00475,WhatsApp,236052.970186176,5000,231052.970186176
C02495,WhatsApp,235936.60192773,5000,230936.60192773
C02411,WhatsApp,235930.540752,5000,230930.540752
C00767,WhatsApp,235841.020228485,5000,230841.020228485
C02200,WhatsApp,235544.05498679998,5000,230544.05498679998
C00843,WhatsApp,235251.7280091,5000,230251.7280091
C02178,WhatsApp,235003.56913800002,5000,230003.56913800002
C00990,WhatsApp,234761.059420956,5000,229761.059420956
C01595,WhatsApp,234539.96161166998,5000,229539.96161166998
C01149,WhatsApp,234480.921729552,5000,229480.921729552
C01941,WhatsApp,234290.52479880003,5000,229290.52479880003
C00169,WhatsApp,234281.04840338396,5000,229281.04840338396
C02306,WhatsApp,234122.28901650003,5000,229122.28901650003
C02185,WhatsApp,234075.92511600003,5000,229075.92511600003
C00628,WhatsApp,233233.2035298,5000,228233.2035298
C01093,WhatsApp,232453.97705790002,5000,227453.97705790002
C00529,WhatsApp,231908.39650350003,5000,226908.39650350003
C02242,WhatsApp,231818.169928095,5000,226818.169928095
C02091,WhatsApp,231604.41440772,5000,226604.41440772
C01054,WhatsApp,231202.21059057597,5000,226202.21059057597
C00097,WhatsApp,231029.35157106,5000,226029.35157106
C01364,WhatsApp,230914.87633828798,5000,225914.87633828798
C00994,WhatsApp,230775.3096462,5000,225775.3096462
C00186,WhatsApp,230642.6681988,5000,225642.6681988
C01428,WhatsApp,230605.6254624,5000,225605.6254624
C00726,WhatsApp,230508.921749508,5000,225508.921749508
C01609,WhatsApp,230303.95502400002,5000,225303.95502400002
C01168,WhatsApp,230019.76897020004,5000,225019.76897020004
C00553,WhatsApp,229716.73875942003,5000,224716.73875942003
C02147,WhatsApp,229424.60697811202,5000,224424.60697811202
C02027,WhatsApp,228258.06622884,5000,223258.06622884
C01890,WhatsApp,228151.26723589204,5000,223151.26723589204
C00015,WhatsApp,228032.87417280002,5000,223032.87417280002
C02297,WhatsApp,227375.126937792,5000,222375.126937792
C00464,WhatsApp,227196.85774500002,5000,222196.85774500002
C02192,WhatsApp,225798.4444716,5000,220798.4444716
C00908,WhatsApp,225477.87830568,5000,220477.87830568
C00221,WhatsApp,225013.74085727998,5000,220013.74085727998
C00913,WhatsApp,224827.9419564,5000,219827.9419564
C02331,WhatsApp,224383.23768959998,5000,219383.23768959998
C01344,WhatsApp,224296.39425374995,5000,219296.39425374995
C00613,WhatsApp,223507.99941061495,5000,218507.99941061495
C02232,WhatsApp,223371.17157960002,5000,218371.17157960002
C02481,WhatsApp,222405.59088165598,5000,217405.59088165598
C02261,WhatsApp,221628.39505329597,5000,216628.39505329597
C02318,WhatsApp,220801.606668864,5000,215801.606668864
C01105,WhatsApp,220611.304005588,5000,215611.304005588
C01012,WhatsApp,220511.59213435202,5000,215511.59213435202
C01331,WhatsApp,220479.018031008,5000,215479.018031008
C02098,WhatsApp,220267.1791242,5000,215267.1791242
C02368,WhatsApp,220122.88407945,5000,215122.88407945
C02323,WhatsApp,220096.65094365602,5000,215096.65094365602
C00167,WhatsApp,220039.331404464,5000,215039.331404464
C02406,WhatsApp,219847.35053369694,5000,214847.35053369694
C00386,WhatsApp,219803.142246597,5000,214803.142246597
C01350,WhatsApp,219794.57677620006,5000,214794.57677620006
C00682,WhatsApp,219708.91504259998,5000,214708.91504259998
C00820,WhatsApp,219406.33728000004,5000,214406.33728000004
C00164,WhatsApp,219170.56339332004,5000,214170.56339332004
C01628,WhatsApp,219122.19941040003,5000,214122.19941040003
C00806,WhatsApp,219078.64044000005,5000,214078.64044000005
C01170,WhatsApp,218921.420808792,5000,213921.420808792
C00937,WhatsApp,218872.48512729598,5000,213872.48512729598
C00478,WhatsApp,218765.59522074004,5000,213765.59522074004
C02122,WhatsApp,218689.0904016,5000,213689.0904016
C00407,WhatsApp,217312.1263548,5000,212312.1263548
C02099,WhatsApp,217294.64489422794,5000,212294.64489422794
C00012,WhatsApp,217245.44590874997,5000,212245.44590874997
C01065,WhatsApp,216931.924085976,5000,211931.924085976
C02309,WhatsApp,216485.81934912901,5000,211485.81934912901
C00734,WhatsApp,216149.1916023,5000,211149.1916023
C00609,WhatsApp,216142.80035940002,5000,211142.80035940002
C01717,WhatsApp,215858.16049634997,5000,210858.16049634997
C00153,WhatsApp,215582.52139469105,5000,210582.52139469105
C00899,WhatsApp,215403.70401450002,5000,210403.70401450002
C00309,WhatsApp,214860.60158760002,5000,209860.60158760002
C01450,WhatsApp,213299.73117180003,5000,208299.73117180003
C01099,WhatsApp,213278.08788000004,5000,208278.08788000004
C00374,WhatsApp,213197.1146235,5000,208197.1146235
C01966,WhatsApp,212875.939058706,5000,207875.939058706
C01647,WhatsApp,212804.64592686002,5000,207804.64592686002
C01159,WhatsApp,212610.04766362795,5000,207610.04766362795
C00886,WhatsApp,212472.98301240001,5000,207472.98301240001
C00085,WhatsApp,212107.25917962,5000,207107.25917962
C01946,WhatsApp,210994.65295286398,5000,205994.65295286398
C01981,WhatsApp,210768.43265792998,5000,205768.43265792998
C00417,WhatsApp,210738.35728800003,5000,205738.35728800003
C01102,WhatsApp,210704.09805298806,5000,205704.09805298806
C00810,WhatsApp,210343.58609489998,5000,205343.58609489998
C01211,WhatsApp,210289.42955700002,5000,205289.42955700002
C02360,WhatsApp,209817.39254476503,5000,204817.39254476503
C02124,WhatsApp,209634.561228114,5000,204634.561228114
C00677,WhatsApp,209320.344356256,5000,204320.344356256
C00018,WhatsApp,208116.8033256,5000,203116.8033256
C01003,WhatsApp,207824.45064660002,5000,202824.45064660002
C01561,WhatsApp,207697.0373712,5000,202697.0373712
C00342,WhatsApp,206974.63957590002,5000,201974.63957590002
C00422,WhatsApp,206841.982036266,5000,201841.982036266
C02442,WhatsApp,206727.8136084,5000,201727.8136084
C00951,WhatsApp,206639.67342870004,5000,201639.67342870004
C02164,WhatsApp,206379.30455099998,5000,201379.30455099998
C00880,WhatsApp,206279.4944925,5000,201279.4944925
C00779,WhatsApp,206245.6209216,5000,201245.6209216
C02143,WhatsApp,206046.7875594,5000,201046.7875594
C00597,WhatsApp,206029.2389499,5000,201029.2389499
C02105,WhatsApp,205927.596463563,5000,200927.596463563
C01506,WhatsApp,205879.39420831203,5000,200879.39420831203
C02045,WhatsApp,205568.77750200007,5000,200568.77750200007
C01430,WhatsApp,205382.3954166,5000,200382.3954166
C01949,WhatsApp,205231.52747037596,5000,200231.52747037596
C02427,WhatsApp,204660.9497358,5000,199660.9497358
C00070,WhatsApp,204307.23074400003,5000,199307.23074400003
C00566,WhatsApp,204204.98665017,5000,199204.98665017
C02216,WhatsApp,204092.02759219203,5000,199092.02759219203
C00863,WhatsApp,203956.8172272,5000,198956.8172272
C00296,WhatsApp,203948.95253759998,5000,198948.95253759998
C00434,WhatsApp,202882.00354187406,5000,197882.00354187406
C01945,WhatsApp,202147.598646,5000,197147.598646
C01361,WhatsApp,202006.9737927,5000,197006.9737927
C01846,WhatsApp,201808.659889872,5000,196808.659889872
C00403,WhatsApp,201740.4934857,5000,196740.4934857
C01532,WhatsApp,201728.33989732794,5000,196728.33989732794
C02485,WhatsApp,201179.00363781603,5000,196179.00363781603
C02277,WhatsApp,200894.305653,5000,195894.305653
C00761,WhatsApp,200695.216725,5000,195695.216725
C00239,WhatsApp,200465.85786091204,5000,195465.85786091204
C00317,WhatsApp,200416.35582720002,5000,195416.35582720002
C01896,WhatsApp,199722.62099556,5000,194722.62099556
C00168,WhatsApp,199594.09659600002,5000,194594.09659600002
C00326,WhatsApp,199279.03454099997,5000,194279.03454099997
C02352,WhatsApp,199262.9607606,5000,194262.9607606
C00686,WhatsApp,197854.62742782,5000,192854.62742782
C00582,WhatsApp,197686.7257005,5000,192686.7257005
C01688,WhatsApp,197624.2457376,5000,192624.2457376
C00331,WhatsApp,197245.5441831,5000,192245.5441831
C00786,WhatsApp,197213.568804,5000,192213.568804
C01631,WhatsApp,197169.25029119998,5000,192169.25029119998
C01185,WhatsApp,197074.63352412003,5000,192074.63352412003
C00170,WhatsApp,196413.255922752,5000,191413.255922752
C01335,WhatsApp,196000.66075590003,5000,191000.66075590003
C01707,WhatsApp,195445.81227949203,5000,190445.81227949203
C02119,WhatsApp,195420.97230321603,5000,190420.97230321603
C01018,WhatsApp,195410.2045977,5000,190410.2045977
C00894,WhatsApp,193863.7860588,5000,188863.7860588
C01199,WhatsApp,193333.27827600003,5000,188333.27827600003
C00243,WhatsApp,193269.16810656,5000,188269.16810656
C00159,WhatsApp,192652.423887492,5000,187652.423887492
C00928,WhatsApp,192055.72911651002,5000,187055.72911651002
C00808,WhatsApp,191843.91835919998,5000,186843.91835919998
C01586,WhatsApp,191830.75419870001,5000,186830.75419870001
C00345,WhatsApp,191677.202523,5000,186677.202523
C02031,WhatsApp,191652.37888770003,5000,186652.37888770003
C01090,WhatsApp,191412.22866084002,5000,186412.22866084002
C02248,WhatsApp,190943.46206279998,5000,185943.46206279998
C02299,WhatsApp,190935.8891433,5000,185935.8891433
C00760,WhatsApp,190801.30751829,5000,185801.30751829
C01068,WhatsApp,190704.878766,5000,185704.878766
C01750,WhatsApp,190543.26015504,5000,185543.26015504
C02074,WhatsApp,190258.52110916402,5000,185258.52110916402
C02337,WhatsApp,190198.21206339,5000,185198.21206339
C00853,WhatsApp,189354.49584605996,5000,184354.49584605996
C01110,WhatsApp,189057.21697439998,5000,184057.21697439998
C02425,WhatsApp,189052.23505050002,5000,184052.23505050002
C01827,WhatsApp,188549.6051916,5000,183549.6051916
C00742,WhatsApp,188059.93171610404,5000,183059.93171610404
C02260,WhatsApp,187742.30972328,5000,182742.30972328
C01908,WhatsApp,187264.37745457198,5000,182264.37745457198
C01002,WhatsApp,186200.96655916798,5000,181200.96655916798
C02421,WhatsApp,186115.79417400004,5000,181115.79417400004
C00101,WhatsApp,185565.8169828,5000,180565.8169828
C00499,WhatsApp,185458.14629099998,5000,180458.14629099998
C00642,WhatsApp,185137.04684160004,5000,180137.04684160004
C01948,WhatsApp,184749.647788872,5000,179749.647788872
C01579,WhatsApp,184640.29599995998,5000,179640.29599995998
C00150,WhatsApp,184610.81185891203,5000,179610.81185891203
C00633,WhatsApp,184276.29838464,5000,179276.29838464
C00510,WhatsApp,184108.94869589998,5000,179108.94869589998
C00822,WhatsApp,184105.12681510198,5000,179105.12681510198
C00824,WhatsApp,183828.67401329998,5000,178828.67401329998
C01995,WhatsApp,183701.4582024,5000,178701.4582024
C02376,WhatsApp,183596.550399,5000,178596.550399
C02370,WhatsApp,182946.60688877996,5000,177946.60688877996
C01902,WhatsApp,182441.02890960002,5000,177441.02890960002
C00231,WhatsApp,182427.4295172,5000,177427.4295172
C00310,WhatsApp,182394.90526402797,5000,177394.90526402797
C00132,WhatsApp,182065.69173978,5000,177065.69173978
C00869,WhatsApp,182048.34015900004,5000,177048.34015900004
C00567,WhatsApp,181553.6153925,5000,176553.6153925
C00175,WhatsApp,181501.431057882,5000,176501.431057882
C01529,WhatsApp,181499.14767816,5000,176499.14767816
C01025,WhatsApp,181394.58950865004,5000,176394.58950865004
C02042,WhatsApp,181230.07882860003,5000,176230.07882860003
C01632,WhatsApp,181201.17859560004,5000,176201.17859560004
C01462,WhatsApp,181161.4966875,5000,176161.4966875
C02257,WhatsApp,181005.25539059998,5000,176005.25539059998
C01484,WhatsApp,180576.0147312,5000,175576.0147312
C02205,WhatsApp,180421.70084928,5000,175421.70084928
C01540,WhatsApp,180338.05484280002,5000,175338.05484280002
C01591,WhatsApp,180324.8482815,5000,175324.8482815
C00568,WhatsApp,179211.1949928,5000,174211.1949928
C00970,WhatsApp,179083.13196240002,5000,174083.13196240002
C00530,WhatsApp,179034.6415257,5000,174034.6415257
C01014,WhatsApp,179024.13299430002,5000,174024.13299430002
C01423,WhatsApp,178890.8465214,5000,173890.8465214
C01914,WhatsApp,178381.09657269,5000,173381.09657269
C01603,WhatsApp,178152.8269851,5000,173152.8269851
C00844,WhatsApp,177916.51242,5000,172916.51242
C02064,WhatsApp,177818.9501529,5000,172818.9501529
C00131,WhatsApp,176443.28646238803,5000,171443.28646238803
C02465,WhatsApp,176361.64475220002,5000,171361.64475220002
C02197,WhatsApp,176029.13031918296,5000,171029.13031918296
C00846,WhatsApp,175919.0635224,5000,170919.0635224
C00504,WhatsApp,175280.76221400002,5000,170280.76221400002
C00784,WhatsApp,175258.701490104,5000,170258.701490104
C00082,WhatsApp,174932.465184,5000,169932.465184
C01957,WhatsApp,174781.71113562898,5000,169781.71113562898
C01573,WhatsApp,174687.3817578,5000,169687.3817578
C00108,WhatsApp,174667.54849261203,5000,169667.54849261203
C01064,WhatsApp,174184.6707972,5000,169184.6707972
C00029,WhatsApp,173784.6087165,5000,168784.6087165
C02377,WhatsApp,173505.85010820001,5000,168505.85010820001
C00045,WhatsApp,173466.7268598,5000,168466.7268598
C00709,WhatsApp,173453.2665687,5000,168453.2665687
C01137,WhatsApp,172853.71142940002,5000,167853.71142940002
C01329,WhatsApp,172732.8795984,5000,167732.8795984
C01733,WhatsApp,172685.50464132003,5000,167685.50464132003
C00617,WhatsApp,172658.4599628,5000,167658.4599628
C01278,WhatsApp,172076.8615488,5000,167076.8615488
C01339,WhatsApp,171817.0479981,5000,166817.0479981
C01505,WhatsApp,171684.91637693098,5000,166684.91637693098
C01747,WhatsApp,171617.451364944,5000,166617.451364944
C01735,WhatsApp,171210.54857867994,5000,166210.54857867994
C01143,WhatsApp,171158.6266434,5000,166158.6266434
C02063,WhatsApp,171128.3651784,5000,166128.3651784
C01875,WhatsApp,170399.90386350002,5000,165399.90386350002
C00939,WhatsApp,170341.042088952,5000,165341.042088952
C02433,WhatsApp,170291.08352692798,5000,165291.08352692798
C01327,WhatsApp,169970.51041920003,5000,164970.51041920003
C02230,WhatsApp,169610.2826346,5000,164610.2826346
C00088,WhatsApp,169375.33783620002,5000,164375.33783620002
C02440,WhatsApp,169354.797597,5000,164354.797597
C00414,WhatsApp,168921.25417701,5000,163921.25417701
C01680,WhatsApp,168798.21446195102,5000,163798.21446195102
C00729,WhatsApp,168573.6095157,5000,163573.6095157
C01663,WhatsApp,167840.9219556,5000,162840.9219556
C01979,WhatsApp,167838.2160696,5000,162838.2160696
C02317,WhatsApp,167800.04081860502,5000,162800.04081860502
C00782,WhatsApp,167468.75711280003,5000,162468.75711280003
C01821,WhatsApp,166581.680585616,5000,161581.680585616
C00459,WhatsApp,166296.414502656,5000,161296.414502656
C02446,WhatsApp,166208.240160225,5000,161208.240160225
C00653,WhatsApp,165501.26733599996,5000,160501.26733599996
C00574,WhatsApp,165478.804147305,5000,160478.804147305
C00354,WhatsApp,165421.064788308,5000,160421.064788308
C00263,WhatsApp,165295.16749296,5000,160295.16749296
C02061,WhatsApp,164818.566523656,5000,159818.566523656
C02475,WhatsApp,164782.38275769603,5000,159782.38275769603
C00457,WhatsApp,164670.479388,5000,159670.479388
C00065,WhatsApp,164149.44023856596,5000,159149.44023856596
C02215,WhatsApp,163972.84084617597,5000,158972.84084617597
C01683,WhatsApp,163927.93087170002,5000,158927.93087170002
C02032,WhatsApp,163800.95573016,5000,158800.95573016
C01788,WhatsApp,163773.83385,5000,158773.83385
C01477,WhatsApp,163521.82512427503,5000,158521.82512427503
C01218,WhatsApp,162987.41623320003,5000,157987.41623320003
C02285,WhatsApp,162770.01287758202,5000,157770.01287758202
C01183,WhatsApp,162717.212637,5000,157717.212637
C02245,WhatsApp,162638.56907685,5000,157638.56907685
C00989,WhatsApp,162315.78782310002,5000,157315.78782310002
C00828,WhatsApp,162225.776865024,5000,157225.776865024
C02114,WhatsApp,162079.373642823,5000,157079.373642823
C00639,WhatsApp,161896.411165824,5000,156896.411165824
C00213,WhatsApp,161799.370065144,5000,156799.370065144
C01617,WhatsApp,161698.27963752003,5000,156698.27963752003
C01427,WhatsApp,161659.473605172,5000,156659.473605172
C01782,WhatsApp,161432.3394936,5000,156432.3394936
C02093,WhatsApp,160966.98577008003,5000,155966.98577008003
C00461,WhatsApp,160846.75908575996,5000,155846.75908575996
C00107,WhatsApp,160557.31976129996,5000,155557.31976129996
C00797,WhatsApp,159295.2260652,5000,154295.2260652
C00601,WhatsApp,158955.98342457603,5000,153955.98342457603
C00835,WhatsApp,158855.223681,5000,153855.223681
C00285,WhatsApp,158758.73576924397,5000,153758.73576924397
C00362,WhatsApp,158600.670457086,5000,153600.670457086
C01440,WhatsApp,158332.11981660002,5000,153332.11981660002
C00522,WhatsApp,158202.66276,5000,153202.66276
C01583,WhatsApp,158082.17396400005,5000,153082.17396400005
C01744,WhatsApp,158007.0765204,5000,153007.0765204
C01333,WhatsApp,157512.0071745,5000,152512.0071745
C01738,WhatsApp,157263.3263502,5000,152263.3263502
C00948,WhatsApp,157259.0433024,5000,152259.0433024
C01176,WhatsApp,157120.3185552,5000,152120.3185552
C02255,WhatsApp,156930.94548,5000,151930.94548
C01898,WhatsApp,156868.67225021397,5000,151868.67225021397
C01495,WhatsApp,155936.31776892004,5000,150936.31776892004
C02492,WhatsApp,155858.72125698003,5000,150858.72125698003
C02025,WhatsApp,155589.28308000002,5000,150589.28308000002
C02426,WhatsApp,155564.1508023,5000,150564.1508023
C02123,WhatsApp,155535.74600310004,5000,150535.74600310004
C00842,WhatsApp,155516.90119200002,5000,150516.90119200002
C00543,WhatsApp,155472.49923636598,5000,150472.49923636598
C00694,WhatsApp,155427.189706224,5000,150427.189706224
C00801,WhatsApp,155261.76055794,5000,150261.76055794
C00993,WhatsApp,155106.42080940004,5000,150106.42080940004
C00932,WhatsApp,154993.046238828,5000,149993.046238828
C00048,WhatsApp,154968.05640690002,5000,149968.05640690002
C01897,WhatsApp,154575.05074796698,5000,149575.05074796698
C02295,WhatsApp,153939.33004950001,5000,148939.33004950001
C01652,WhatsApp,153279.93919796997,5000,148279.93919796997
C00666,WhatsApp,153204.68183328002,5000,148204.68183328002
C00419,WhatsApp,153079.9277256,5000,148079.9277256
C00962,WhatsApp,152924.805438192,5000,147924.805438192
C01250,WhatsApp,152772.44597035198,5000,147772.44597035198
C00030,WhatsApp,152238.83997231,5000,147238.83997231
C01098,WhatsApp,151510.318884,5000,146510.318884
C02125,WhatsApp,151488.70265700002,5000,146488.70265700002
C01048,WhatsApp,151326.59727600001,5000,146326.59727600001
C01398,WhatsApp,151186.62137039998,5000,146186.62137039998
C00935,WhatsApp,151016.422693365,5000,146016.422693365
C00033,WhatsApp,150720.2583705,5000,145720.2583705
C01533,WhatsApp,150646.601270142,5000,145646.601270142
C00705,WhatsApp,150639.63957,5000,145639.63957
C00313,WhatsApp,150589.168990524,5000,145589.168990524
C01147,WhatsApp,150553.9404657,5000,145553.9404657
C00938,WhatsApp,150545.75291856,5000,145545.75291856
C00360,WhatsApp,150363.97970040003,5000,145363.97970040003
C01457,WhatsApp,150357.7224513,5000,145357.7224513
C00904,WhatsApp,149862.876516,5000,144862.876516
C00019,WhatsApp,149703.97301370002,5000,144703.97301370002
C01023,WhatsApp,149286.80876823,5000,144286.80876823
C02395,WhatsApp,148513.75455600003,5000,143513.75455600003
C02130,WhatsApp,147496.496042727,5000,142496.496042727
C00017,WhatsApp,147374.38793610004,5000,142374.38793610004
C01814,WhatsApp,147242.152920456,5000,142242.152920456
C00106,WhatsApp,146977.9514964,5000,141977.9514964
C02457,WhatsApp,146559.85473060003,5000,141559.85473060003
C01251,WhatsApp,146156.910391296,5000,141156.910391296
C02330,WhatsApp,145957.47628770003,5000,140957.47628770003
C01136,WhatsApp,145875.00096,5000,140875.00096
C01117,WhatsApp,145508.89812300002,5000,140508.89812300002
C02322,WhatsApp,145453.16992319998,5000,140453.16992319998
C01975,WhatsApp,144308.310387552,5000,139308.310387552
C00049,WhatsApp,144287.849670624,5000,139287.849670624
C00350,WhatsApp,144218.03125725,5000,139218.03125725
C02486,WhatsApp,143832.27484080003,5000,138832.27484080003
C01372,WhatsApp,143289.11563560003,5000,138289.11563560003
C01145,WhatsApp,143257.9119408,5000,138257.9119408
C00698,WhatsApp,142754.64671286,5000,137754.64671286
C01345,WhatsApp,142644.8811744,5000,137644.8811744
C02448,WhatsApp,142542.1822734,5000,137542.1822734
C01472,WhatsApp,142350.50226889804,5000,137350.50226889804
C00645,WhatsApp,142203.60659772,5000,137203.60659772
C02329,WhatsApp,142021.19456132402,5000,137021.19456132402
C02347,WhatsApp,141961.4955522,5000,136961.4955522
C00706,WhatsApp,141893.60234026497,5000,136893.60234026497
C00396,WhatsApp,141420.0532554,5000,136420.0532554
C01641,WhatsApp,141395.583900168,5000,136395.583900168
C00635,WhatsApp,141013.98390221997,5000,136013.98390221997
C01553,WhatsApp,140964.2856981,5000,135964.2856981
C01536,WhatsApp,140951.61224100002,5000,135951.61224100002
C01426,WhatsApp,140721.84687159,5000,135721.84687159
C01133,WhatsApp,140615.039601036,5000,135615.039601036
C01625,WhatsApp,140513.9201253,5000,135513.9201253
C00576,WhatsApp,140450.23695815998,5000,135450.23695815998
C00217,WhatsApp,140195.98667308496,5000,135195.98667308496
C01208,WhatsApp,140177.955108096,5000,135177.955108096
C00826,WhatsApp,140114.9796273,5000,135114.9796273
C01518,WhatsApp,140102.20914300001,5000,135102.20914300001
C01858,WhatsApp,139770.8023059,5000,134770.8023059
C02112,WhatsApp,139405.66980862498,5000,134405.66980862498
C02152,WhatsApp,138916.0056636,5000,133916.0056636
C01277,WhatsApp,138455.416730817,5000,133455.416730817
C00681,WhatsApp,138247.61773816796,5000,133247.61773816796
C00352,WhatsApp,137910.98674022398,5000,132910.98674022398
C01512,WhatsApp,137834.00410527,5000,132834.00410527
C02214,WhatsApp,137683.569312,5000,132683.569312
C02100,WhatsApp,137654.02101842102,5000,132654.02101842102
C01704,WhatsApp,137367.98057070002,5000,132367.98057070002
C01517,WhatsApp,137367.054929592,5000,132367.054929592
C02349,WhatsApp,137144.7471708,5000,132144.7471708
C00246,WhatsApp,137066.630573862,5000,132066.630573862
C01083,WhatsApp,136849.914819936,5000,131849.914819936
C01549,WhatsApp,136423.05102855002,5000,131423.05102855002
C01053,WhatsApp,136078.01276652,5000,131078.01276652
C01273,WhatsApp,135949.3247088,5000,130949.3247088
C00616,WhatsApp,135863.85780072003,5000,130863.85780072003
C01084,WhatsApp,135700.351898076,5000,130700.35189807601
C01504,WhatsApp,135573.28454241,5000,130573.28454241
C00125,WhatsApp,135391.66625907,5000,130391.66625907001
C02096,WhatsApp,135048.34694277,5000,130048.34694277
C00071,WhatsApp,134704.037205,5000,129704.037205
C02418,WhatsApp,134567.72519499902,5000,129567.72519499902
C00455,WhatsApp,134555.9729472,5000,129555.9729472
C00925,WhatsApp,134434.4553945,5000,129434.4553945
C02276,WhatsApp,134280.3795192,5000,129280.37951920001
C00092,WhatsApp,133516.9587825,5000,128516.9587825
C02407,WhatsApp,133432.73760306602,5000,128432.73760306602
C00347,WhatsApp,132620.22694051202,5000,127620.22694051202
C02139,WhatsApp,132535.1812887,5000,127535.1812887
C01989,WhatsApp,132526.729996551,5000,127526.729996551
C00382,WhatsApp,132121.377234,5000,127121.37723400001
C01299,WhatsApp,131846.22780282,5000,126846.22780282001
C01255,WhatsApp,131533.369311168,5000,126533.369311168
C02224,WhatsApp,131246.92000872002,5000,126246.92000872002
C01862,WhatsApp,131128.0853067,5000,126128.0853067
C02430,WhatsApp,131112.9283572,5000,126112.9283572
C02039,WhatsApp,130308.28221294002,5000,125308.28221294002
C00555,WhatsApp,130126.56701399999,5000,125126.56701399999
C00187,WhatsApp,129986.42382230402,5000,124986.42382230402
C00552,WhatsApp,129979.582429536,5000,124979.582429536
C02404,WhatsApp,129814.92502237801,5000,124814.92502237801
C01418,WhatsApp,129797.74684137602,5000,124797.74684137602
C02034,WhatsApp,129393.58940559,5000,124393.58940559
C00866,WhatsApp,129382.689346344,5000,124382.689346344
C00769,WhatsApp,129334.35453523198,5000,124334.35453523198
C00196,WhatsApp,128841.11919993599,5000,123841.11919993599
C00055,WhatsApp,128772.80090550003,5000,123772.80090550003
C02419,WhatsApp,128551.84716959999,5000,123551.84716959999
C01702,WhatsApp,128410.02132061498,5000,123410.02132061498
C01153,WhatsApp,128209.71908901601,5000,123209.71908901601
C00958,WhatsApp,128183.61933468001,5000,123183.61933468001
C01618,WhatsApp,128171.875392,5000,123171.875392
C01482,WhatsApp,127965.788820864,5000,122965.788820864
C01594,WhatsApp,127798.42177332002,5000,122798.42177332002
C02059,WhatsApp,127679.7384621,5000,122679.7384621
C01444,WhatsApp,127000.92297600002,5000,122000.92297600002
C01563,WhatsApp,126885.5096616,5000,121885.5096616
C01701,WhatsApp,126803.70034740001,5000,121803.70034740001
C00812,WhatsApp,126709.4662488,5000,121709.4662488
C00482,WhatsApp,126489.43647655201,5000,121489.43647655201
C00278,WhatsApp,126029.1779775,5000,121029.1779775
C01463,WhatsApp,125220.07825902,5000,120220.07825902
C01604,WhatsApp,125154.823098825,5000,120154.823098825
C00764,WhatsApp,124415.01969749999,5000,119415.01969749999
C00083,WhatsApp,124284.38445435601,5000,119284.38445435601
C01319,WhatsApp,124084.35051724802,5000,119084.35051724802
C00907,WhatsApp,123801.26651985601,5000,118801.26651985601
C00357,WhatsApp,123732.402064272,5000,118732.402064272
C02208,WhatsApp,123638.401458,5000,118638.401458
C00262,WhatsApp,123471.11345183999,5000,118471.11345183999
C00878,WhatsApp,123339.6628875,5000,118339.6628875
C00489,WhatsApp,123255.975000978,5000,118255.975000978
C01485,WhatsApp,123091.77386088001,5000,118091.77386088001
C01074,WhatsApp,122783.50475640001,5000,117783.50475640001
C01809,WhatsApp,122241.49554830401,5000,117241.49554830401
C01401,WhatsApp,122115.67156690199,5000,117115.67156690199
C00398,WhatsApp,122023.20324057301,5000,117023.20324057301
C00667,WhatsApp,121690.73689649999,5000,116690.73689649999
C01764,WhatsApp,121563.9168606,5000,116563.9168606
C00646,WhatsApp,121554.88909632001,5000,116554.88909632001
C02389,WhatsApp,121481.57202083997,5000,116481.57202083997
C01780,WhatsApp,121444.39170138599,5000,116444.39170138599
C01544,WhatsApp,120215.763228672,5000,115215.763228672
C01633,WhatsApp,120177.659114496,5000,115177.659114496
C00381,WhatsApp,119868.240258,5000,114868.240258
C01936,WhatsApp,119563.7720364,5000,114563.7720364
C01104,WhatsApp,119283.28453763996,5000,114283.28453763996
C01194,WhatsApp,119207.275451352,5000,114207.275451352
C00289,WhatsApp,119035.31070240002,5000,114035.31070240002
C01394,WhatsApp,118765.974544065,5000,113765.974544065
C01776,WhatsApp,118745.18945049601,5000,113745.18945049601
C00509,WhatsApp,118361.226794544,5000,113361.226794544
C02162,WhatsApp,118197.8493102,5000,113197.8493102
C01366,WhatsApp,118087.23652173,5000,113087.23652173
C01783,WhatsApp,118025.373716496,5000,113025.373716496
C01646,WhatsApp,117996.99232216502,5000,112996.99232216502
C00571,WhatsApp,117860.65315200001,5000,112860.65315200001
C01188,WhatsApp,117681.675336918,5000,112681.675336918
C00564,WhatsApp,117374.29447185,5000,112374.29447185
C01773,WhatsApp,117345.77458531198,5000,112345.77458531198
C00648,WhatsApp,117282.38149267201,5000,112282.38149267201
C01513,WhatsApp,117251.52804143999,5000,112251.52804143999
C01797,WhatsApp,117250.8193719,5000,112250.8193719
C01433,WhatsApp,117175.367017098,5000,112175.367017098
C00366,WhatsApp,117098.65337940004,5000,112098.65337940004
C02193,WhatsApp,116884.159096068,5000,111884.159096068
C01026,WhatsApp,116753.263999488,5000,111753.263999488
C02138,WhatsApp,116401.905561996,5000,111401.905561996
C01497,WhatsApp,115713.96588,5000,110713.96588
C00697,WhatsApp,114854.866351056,5000,109854.866351056
C01006,WhatsApp,114684.21999180001,5000,109684.21999180001
C00615,WhatsApp,114581.842469622,5000,109581.842469622
C02432,WhatsApp,114575.62438168199,5000,109575.62438168199
C01262,WhatsApp,114290.72227108799,5000,109290.72227108799
C01810,WhatsApp,114251.052828384,5000,109251.052828384
C00871,WhatsApp,114023.27713531499,5000,109023.27713531499
C01801,WhatsApp,113921.48859354902,5000,108921.48859354902
C02066,WhatsApp,113679.43780032001,5000,108679.43780032001
C01158,WhatsApp,113671.25749961998,5000,108671.25749961998
C01071,WhatsApp,113368.892351274,5000,108368.892351274
C02029,WhatsApp,113301.05452492501,5000,108301.05452492501
C00324,WhatsApp,113075.60878349999,5000,108075.60878349999
C00353,WhatsApp,112729.39727399999,5000,107729.39727399999
C00200,WhatsApp,112597.52675219999,5000,107597.52675219999
C01929,WhatsApp,112349.81342816098,5000,107349.81342816098
C02092,WhatsApp,112299.85473120002,5000,107299.85473120002
C00346,WhatsApp,111845.495289528,5000,106845.495289528
C02145,WhatsApp,111410.124219,5000,106410.124219
C01942,WhatsApp,110970.4162995,5000,105970.4162995
C01092,WhatsApp,110917.748483865,5000,105917.748483865
C01692,WhatsApp,110898.921042,5000,105898.921042
C00384,WhatsApp,110719.14710399999,5000,105719.14710399999
C01141,WhatsApp,110661.22286783998,5000,105661.22286783998
C01019,WhatsApp,110529.73206,5000,105529.73206
C01857,WhatsApp,110432.82033630002,5000,105432.82033630002
C00579,WhatsApp,110413.348431048,5000,105413.348431048
C00916,WhatsApp,110318.69525130001,5000,105318.69525130001
C00073,WhatsApp,110151.18884721602,5000,105151.18884721602
C00796,WhatsApp,110061.1965726,5000,105061.1965726
C01580,WhatsApp,110059.756108776,5000,105059.756108776
C01835,WhatsApp,109844.389132524,5000,104844.389132524
C01041,WhatsApp,109771.6972212,5000,104771.6972212
C02097,WhatsApp,109722.50907210002,5000,104722.50907210002
C00683,WhatsApp,109088.26216695,5000,104088.26216695
C01425,WhatsApp,108831.6741744,5000,103831.6741744
C00078,WhatsApp,108776.40027997502,5000,103776.40027997502
C00105,WhatsApp,108757.20566879999,5000,103757.20566879999
C00264,WhatsApp,108627.03101388601,5000,103627.03101388601
C00229,WhatsApp,108511.99977420001,5000,103511.99977420001
C02290,WhatsApp,108315.67350915002,5000,103315.67350915002
C01010,WhatsApp,108156.56082200997,5000,103156.56082200997
C02095,WhatsApp,108092.187455616,5000,103092.187455616
C02158,WhatsApp,108013.142600946,5000,103013.142600946
C02229,WhatsApp,107756.283143736,5000,102756.283143736
C01775,WhatsApp,107720.6595444,5000,102720.6595444
C00198,WhatsApp,107510.918328,5000,102510.918328
C00901,WhatsApp,107370.394588296,5000,102370.394588296
C02396,WhatsApp,107303.38560359999,5000,102303.38560359999
C01196,WhatsApp,107300.4938766,5000,102300.4938766
C02472,WhatsApp,107027.8626285,5000,102027.8626285
C00883,WhatsApp,106982.07653132999,5000,101982.07653132999
C01086,WhatsApp,106790.14160825402,5000,101790.14160825402
C01439,WhatsApp,106736.28425415,5000,101736.28425415
C00406,WhatsApp,106625.593773306,5000,101625.593773306
C00914,WhatsApp,106594.24440600001,5000,101594.24440600001
C01545,WhatsApp,106539.77818349999,5000,101539.77818349999
C00719,WhatsApp,106526.23883100001,5000,101526.23883100001
C00772,WhatsApp,106409.2939713,5000,101409.2939713
C01928,WhatsApp,105899.99747625,5000,100899.99747625
C01758,WhatsApp,105833.62318725,5000,100833.62318725
C00076,WhatsApp,104854.00702509,5000,99854.00702509
C01519,WhatsApp,104794.755216264,5000,99794.755216264
C01257,WhatsApp,104632.58513915999,5000,99632.58513915999
C01167,WhatsApp,104542.69119967801,5000,99542.69119967801
C00519,WhatsApp,104259.693215808,5000,99259.693215808
C01817,WhatsApp,103928.037282,5000,98928.037282
C00405,WhatsApp,103758.95210400001,5000,98758.95210400001
C00491,WhatsApp,103359.05702545501,5000,98359.05702545501
C01114,WhatsApp,103155.70912920001,5000,98155.70912920001
C02413,WhatsApp,102857.2470117,5000,97857.2470117
C00855,WhatsApp,102811.46179949999,5000,97811.46179949999
C00284,WhatsApp,102702.98961734398,5000,97702.98961734398
C01568,WhatsApp,102405.0965904,5000,97405.0965904
C00193,WhatsApp,102270.433921461,5000,97270.433921461
C01116,WhatsApp,102210.48611020802,5000,97210.48611020802
C01677,WhatsApp,102106.34319614401,5000,97106.34319614401
C01031,WhatsApp,101968.4957337,5000,96968.4957337
C00518,WhatsApp,101949.318584064,5000,96949.318584064
C02170,WhatsApp,101928.8120976,5000,96928.8120976
C01613,WhatsApp,101583.9359568,5000,96583.9359568
C01611,WhatsApp,101334.57783965998,5000,96334.57783965998
C01986,WhatsApp,101220.08064336,5000,96220.08064336
C01774,WhatsApp,101121.08989248,5000,96121.08989248
C01772,WhatsApp,100776.968802,5000,95776.968802
C02000,WhatsApp,100432.94426820001,5000,95432.94426820001
C00569,WhatsApp,100328.84142849,5000,95328.84142849
C01365,WhatsApp,100246.57792380001,5000,95246.57792380001
C01732,WhatsApp,100230.81217063201,5000,95230.81217063201
C01699,WhatsApp,100059.7033584,5000,95059.7033584
C02121,WhatsApp,100055.61667728,5000,95055.61667728
C00060,WhatsApp,99745.824179259,5000,94745.824179259
C00921,WhatsApp,99683.99061749999,5000,94683.99061749999
C00627,WhatsApp,99586.063862064,5000,94586.063862064
C00066,WhatsApp,99470.548584,5000,94470.548584
C00365,WhatsApp,99357.05706092098,5000,94357.05706092098
C00733,WhatsApp,99302.68948896,5000,94302.68948896
C00964,WhatsApp,99182.94872437799,5000,94182.94872437799
C01790,WhatsApp,98696.8707498,5000,93696.8707498
C00662,WhatsApp,98478.5267538,5000,93478.5267538
C02487,WhatsApp,98352.54831254401,5000,93352.54831254401
C00701,WhatsApp,98344.85293020599,5000,93344.85293020599
C01891,WhatsApp,98174.81543310001,5000,93174.81543310001
C02108,WhatsApp,98095.44856779002,5000,93095.44856779002
C01713,WhatsApp,97960.76988318,5000,92960.76988318
C01312,WhatsApp,97594.53588,5000,92594.53588
C00669,WhatsApp,97568.84704049998,5000,92568.84704049998
C01055,WhatsApp,97091.13069612,5000,92091.13069612
C00776,WhatsApp,96893.808336,5000,91893.808336
C01511,WhatsApp,96855.206772555,5000,91855.206772555
C02155,WhatsApp,96778.30836445202,5000,91778.30836445202
C00415,WhatsApp,96649.52319,5000,91649.52319
C01515,WhatsApp,96481.43089095602,5000,91481.43089095602
C01899,WhatsApp,96094.51903431,5000,91094.51903431
C02168,WhatsApp,96086.57612721302,5000,91086.57612721302
C01769,WhatsApp,95825.28162689997,5000,90825.28162689997
C01601,WhatsApp,95810.253309288,5000,90810.253309288
C01976,WhatsApp,95588.88990373799,5000,90588.88990373799
C02102,WhatsApp,95560.601442246,5000,90560.601442246
C01980,WhatsApp,95396.24016,5000,90396.24016
C02127,WhatsApp,94866.96331584,5000,89866.96331584
C00438,WhatsApp,94201.68203199,5000,89201.68203199
C00183,WhatsApp,94147.49253073498,5000,89147.49253073498
C01476,WhatsApp,94059.48758707798,5000,89059.48758707798
C00890,WhatsApp,93990.37838580001,5000,88990.37838580001
C01661,WhatsApp,93923.188927848,5000,88923.188927848
C01880,WhatsApp,93506.82095709,5000,88506.82095709
C01044,WhatsApp,93133.291118175,5000,88133.291118175
C00798,WhatsApp,92752.375725396,5000,87752.375725396
C00251,WhatsApp,92458.27037844001,5000,87458.27037844001
C00028,WhatsApp,92182.153032,5000,87182.153032
C01111,WhatsApp,91538.8736796,5000,86538.8736796
C01658,WhatsApp,91322.12855952,5000,86322.12855952
C02111,WhatsApp,91004.85152272799,5000,86004.85152272799
C00472,WhatsApp,90665.836573968,5000,85665.836573968
C02378,WhatsApp,90434.28514478402,5000,85434.28514478402
C02190,WhatsApp,90355.770289008,5000,85355.770289008
C01576,WhatsApp,90180.384117768,5000,85180.384117768
C01429,WhatsApp,89920.20735810001,5000,84920.20735810001
C00868,WhatsApp,89807.824926,5000,84807.824926
C01443,WhatsApp,89578.07868254399,5000,84578.07868254399
C00255,WhatsApp,89462.69856,5000,84462.69856
C01305,WhatsApp,89409.06727984801,5000,84409.06727984801
C01204,WhatsApp,87930.2945115,5000,82930.2945115
C00160,WhatsApp,87746.74045200001,5000,82746.74045200001
C00748,WhatsApp,87351.93028396799,5000,82351.93028396799
C02468,WhatsApp,87184.12904755199,5000,82184.12904755199
C02364,WhatsApp,86266.89498960001,5000,81266.89498960001
C00670,WhatsApp,86158.91879307,5000,81158.91879307
C00717,WhatsApp,86137.31904141599,5000,81137.31904141599
C00069,WhatsApp,85652.8191072,5000,80652.8191072
C01815,WhatsApp,85483.71584433001,5000,80483.71584433001
C01915,WhatsApp,85369.76610047999,5000,80369.76610047999
C01588,WhatsApp,85273.95198330001,5000,80273.95198330001
C00965,WhatsApp,85218.605498592,5000,80218.605498592
C01739,WhatsApp,84771.717001425,5000,79771.717001425
C00448,WhatsApp,84733.75022914799,5000,79733.75022914799
C00918,WhatsApp,84588.8157315,5000,79588.8157315
C02362,WhatsApp,84073.29732089999,5000,79073.29732089999
C00096,WhatsApp,84051.598718412,5000,79051.598718412
C00817,WhatsApp,84007.232241408,5000,79007.232241408
C00061,WhatsApp,83454.154779528,5000,78454.154779528
C01406,WhatsApp,83402.868806433,5000,78402.868806433
C00651,WhatsApp,83037.20607755998,5000,78037.20607755998
C00192,WhatsApp,82988.04221639999,5000,77988.04221639999
C01310,WhatsApp,82927.38050829002,5000,77927.38050829002
C01259,WhatsApp,82844.981137152,5000,77844.981137152
C00773,WhatsApp,82329.85377935998,5000,77329.85377935998
C01032,WhatsApp,82228.43740423501,5000,77228.43740423501
C01135,WhatsApp,81815.37219000001,5000,76815.37219000001
C01395,WhatsApp,81799.06093919999,5000,76799.06093919999
C01374,WhatsApp,81633.227950134,5000,76633.227950134
C01380,WhatsApp,81613.13264082,5000,76613.13264082
C02345,WhatsApp,81417.94060185,5000,76417.94060185
C02393,WhatsApp,80961.10543814399,5000,75961.10543814399
C01456,WhatsApp,80921.00044512,5000,75921.00044512
C01378,WhatsApp,80717.651208936,5000,75717.651208936
C01383,WhatsApp,80694.45250380899,5000,75694.45250380899
C00540,WhatsApp,80203.20559389,5000,75203.20559389
C01629,WhatsApp,79646.72648759998,5000,74646.72648759998
C00979,WhatsApp,79603.71578082,5000,74603.71578082
C02023,WhatsApp,78548.65756693199,5000,73548.65756693199
C01610,WhatsApp,78290.9074206,5000,73290.9074206
C01833,WhatsApp,78108.306423165,5000,73108.306423165
C01916,WhatsApp,78037.5933936,5000,73037.5933936
C01665,WhatsApp,78006.4045461,5000,73006.4045461
C01802,WhatsApp,77942.24879616001,5000,72942.24879616001
C01129,WhatsApp,77596.155346176,5000,72596.155346176
C01767,WhatsApp,77497.0109253,5000,72497.0109253
C01200,WhatsApp,77293.717459992,5000,72293.717459992
C02490,WhatsApp,77060.38536962999,5000,72060.38536962999
C00428,WhatsApp,76998.08864348999,5000,71998.08864348999
C00640,WhatsApp,76679.30900044799,5000,71679.30900044799
C00385,WhatsApp,76655.554790445,5000,71655.554790445
C01436,WhatsApp,76619.76877643401,5000,71619.76877643401
C00427,WhatsApp,76540.63471142399,5000,71540.63471142399
C01910,WhatsApp,76324.43649555,5000,71324.43649555
C01172,WhatsApp,76247.19295461001,5000,71247.19295461001
C02150,WhatsApp,76242.840484356,5000,71242.840484356
C00982,WhatsApp,75589.510457232,5000,70589.510457232
C01155,WhatsApp,75335.7715362,5000,70335.7715362
C01187,WhatsApp,75132.05325466499,5000,70132.05325466499
C02287,WhatsApp,75129.02372745,5000,70129.02372745
C00115,WhatsApp,74854.4382432,5000,69854.4382432
C01261,WhatsApp,74713.15921212,5000,69713.15921212
C02367,WhatsApp,74662.66682774998,5000,69662.66682774998
C02020,WhatsApp,74513.34233999999,5000,69513.34233999999
C01972,WhatsApp,74462.57601076801,5000,69462.57601076801
C00335,WhatsApp,74369.175451065,5000,69369.175451065
C02379,WhatsApp,74311.788922308,5000,69311.788922308
C00089,WhatsApp,73657.08094244398,5000,68657.08094244398
C00874,WhatsApp,73428.1139196,5000,68428.1139196
C01491,WhatsApp,73422.36045036,5000,68422.36045036
C01969,WhatsApp,73067.68434931201,5000,68067.68434931201
C01253,WhatsApp,72983.01790843201,5000,67983.01790843201
C01792,WhatsApp,72837.079365024,5000,67837.079365024
C01489,WhatsApp,72824.406715278,5000,67824.406715278
C00361,WhatsApp,71316.384738984,5000,66316.384738984
C00718,WhatsApp,71070.554196945,5000,66070.554196945
C01411,WhatsApp,70990.5436812,5000,65990.5436812
C01475,WhatsApp,70800.720256188,5000,65800.720256188
C00711,WhatsApp,70447.7024658,5000,65447.7024658
C00209,WhatsApp,70444.0901736,5000,65444.090173599994
C00312,WhatsApp,70370.132438988,5000,65370.132438988
C00037,WhatsApp,69851.717284734,5000,64851.717284734
C01725,WhatsApp,69796.45288080002,5000,64796.45288080002
C02313,WhatsApp,69697.59143729402,5000,64697.59143729402
C00424,WhatsApp,69594.0911451,5000,64594.0911451
C01635,WhatsApp,69552.53744454,5000,64552.537444539994
C01668,WhatsApp,69518.12500511997,5000,64518.125005119975
C01602,WhatsApp,69482.18072203199,5000,64482.18072203199
C01067,WhatsApp,69390.4387455,5000,64390.438745499996
C00891,WhatsApp,68990.177326842,5000,63990.17732684199
C00829,WhatsApp,68804.898747048,5000,63804.898747048006
C02134,WhatsApp,68449.096773774,5000,63449.096773774
C01237,WhatsApp,68429.95010280001,5000,63429.95010280001
C00778,WhatsApp,68155.12075680001,5000,63155.12075680001
C01686,WhatsApp,68041.075520187,5000,63041.075520187005
C01177,WhatsApp,67769.97962169601,5000,62769.97962169601
C00423,WhatsApp,67656.98246040002,5000,62656.98246040002
C02462,WhatsApp,67647.98159027999,5000,62647.98159027999
C01998,WhatsApp,67331.07475649999,5000,62331.07475649999
C02131,WhatsApp,67065.82666491599,5000,62065.82666491599
C01210,WhatsApp,67003.30943909999,5000,62003.30943909999
C02344,WhatsApp,66878.0411247,5000,61878.0411247
C01321,WhatsApp,66270.904241724,5000,61270.904241724
C02015,WhatsApp,66036.3806304,5000,61036.3806304
C00473,WhatsApp,65788.81175908801,5000,60788.811759088014
C00860,WhatsApp,65509.564047839995,5000,60509.564047839995
C01388,WhatsApp,65431.206876419994,5000,60431.206876419994
C01295,WhatsApp,65005.540228502985,5000,60005.540228502985
C01359,WhatsApp,65002.359598847994,5000,60002.359598847994
C01404,WhatsApp,64962.563138208,5000,59962.563138208
C02265,WhatsApp,64960.013207699994,5000,59960.013207699994
C00541,WhatsApp,64915.220713626,5000,59915.220713626
C02268,WhatsApp,64549.2503736,5000,59549.2503736
C00536,WhatsApp,64425.416610347995,5000,59425.416610347995
C02271,WhatsApp,64220.677416864,5000,59220.677416864
C02227,WhatsApp,63943.67780482499,5000,58943.67780482499
C01050,WhatsApp,63887.80120918199,5000,58887.80120918199
C01728,WhatsApp,63879.186815999994,5000,58879.186815999994
C00191,WhatsApp,63616.734997695006,5000,58616.734997695006
C00081,WhatsApp,63594.37198155599,5000,58594.37198155599
C01697,WhatsApp,63509.27651047801,5000,58509.27651047801
C00274,WhatsApp,63326.849248727995,5000,58326.849248727995
C00337,WhatsApp,63213.40863900001,5000,58213.40863900001
C02436,WhatsApp,63207.18186255,5000,58207.18186255
C00973,WhatsApp,62740.1917377,5000,57740.1917377
C00590,WhatsApp,62163.45275481,5000,57163.45275481
C01992,WhatsApp,62073.802780721984,5000,57073.802780721984
C02129,WhatsApp,61976.57413482,5000,56976.57413482
C01241,WhatsApp,61867.03180031999,5000,56867.03180031999
C02435,WhatsApp,61682.80040352,5000,56682.80040352
C00600,WhatsApp,61592.677447275,5000,56592.677447275
C00315,WhatsApp,61483.82737190401,5000,56483.82737190401
C01492,WhatsApp,61401.83684157001,5000,56401.83684157001
C01650,WhatsApp,61342.100098560004,5000,56342.100098560004
C01346,WhatsApp,61225.90859677499,5000,56225.90859677499
C00758,WhatsApp,61213.788549792,5000,56213.788549792
C02206,WhatsApp,60923.551113,5000,55923.551113
C00328,WhatsApp,60887.087811396,5000,55887.087811396
C01356,WhatsApp,60676.23293820001,5000,55676.23293820001
C02198,WhatsApp,60633.368037306,5000,55633.368037306
C01514,WhatsApp,60614.664709950004,5000,55614.664709950004
C01956,WhatsApp,60525.27637635599,5000,55525.27637635599
C00402,WhatsApp,60393.488486760005,5000,55393.488486760005
C00471,WhatsApp,60348.63644251202,5000,55348.63644251202
C00988,WhatsApp,60080.508437040015,5000,55080.508437040015
C01638,WhatsApp,60003.455954039986,5000,55003.455954039986
C00367,WhatsApp,59848.01839813499,5000,54848.01839813499
C01387,WhatsApp,59704.117999344,5000,54704.117999344
C02055,WhatsApp,59692.276662336,5000,54692.276662336
C01971,WhatsApp,59658.228653399994,5000,54658.228653399994
C01931,WhatsApp,59304.297661056,5000,54304.297661056
C00839,WhatsApp,59067.199645704,5000,54067.199645704
C00732,WhatsApp,58613.976475362004,5000,53613.976475362004
C01222,WhatsApp,58611.861943776006,5000,53611.861943776006
C00126,WhatsApp,58275.106010496005,5000,53275.106010496005
C01272,WhatsApp,58230.94779067499,5000,53230.94779067499
C00496,WhatsApp,57799.766648699995,5000,52799.766648699995
C00643,WhatsApp,57610.70342042399,5000,52610.70342042399
C01279,WhatsApp,57251.590693344,5000,52251.590693344
C00736,WhatsApp,57214.90238760001,5000,52214.90238760001
C00722,WhatsApp,57198.168451656,5000,52198.168451656
C01567,WhatsApp,57141.39832704001,5000,52141.39832704001
C00476,WhatsApp,57106.836592488005,5000,52106.836592488005
C02087,WhatsApp,57103.169201856006,5000,52103.169201856006
C02307,WhatsApp,56636.33458375798,5000,51636.33458375798
C00291,WhatsApp,56610.673911828,5000,51610.673911828
C00146,WhatsApp,56265.66960300001,5000,51265.66960300001
C01878,WhatsApp,55722.45938267701,5000,50722.45938267701
C01213,WhatsApp,55712.264421600004,5000,50712.264421600004
C01164,WhatsApp,55660.388508630014,5000,50660.388508630014
C01338,WhatsApp,55584.97731936,5000,50584.97731936
C02080,WhatsApp,55583.544778343996,5000,50583.544778343996
C00665,WhatsApp,55547.55116281799,5000,50547.55116281799
C02253,WhatsApp,55409.01652358999,5000,50409.01652358999
C02294,WhatsApp,55398.39466086899,5000,50398.39466086899
C01308,WhatsApp,55263.78019692,5000,50263.78019692
C00208,WhatsApp,54618.88957254,5000,49618.88957254
C01627,WhatsApp,54494.345385611996,5000,49494.345385611996
C01221,WhatsApp,54407.811873636005,5000,49407.811873636005
C01731,WhatsApp,54089.44203645,5000,49089.44203645
C00549,WhatsApp,54024.70684085099,5000,49024.70684085099
C01905,WhatsApp,53987.754384153006,5000,48987.754384153006
C01225,WhatsApp,53779.794938136,5000,48779.794938136
C02181,WhatsApp,53695.21454308799,5000,48695.21454308799
C01642,WhatsApp,53597.36515005001,5000,48597.36515005001
C01829,WhatsApp,53504.248521384,5000,48504.248521384
C02128,WhatsApp,53480.900754,5000,48480.900754
C01249,WhatsApp,53002.27816650001,5000,48002.27816650001
C00054,WhatsApp,52916.79326427001,5000,47916.79326427001
C00933,WhatsApp,52877.09463102,5000,47877.09463102
C02069,WhatsApp,52811.505436437,5000,47811.505436437
C00592,WhatsApp,52719.086085840005,5000,47719.086085840005
C00056,WhatsApp,52689.59765999999,5000,47689.59765999999
C00399,WhatsApp,52287.961536,5000,47287.961536
C01384,WhatsApp,52185.66244074001,5000,47185.66244074001
C00279,WhatsApp,52048.012967999995,5000,47048.012967999995
C02414,WhatsApp,51988.343535,5000,46988.343535
C00098,WhatsApp,51176.865159792,5000,46176.865159792
C02120,WhatsApp,51054.400780200005,5000,46054.400780200005
C01217,WhatsApp,51036.538116393,5000,46036.538116393
C01525,WhatsApp,50797.258458435004,5000,45797.258458435004
C00952,WhatsApp,50506.3512864,5000,45506.3512864
C02383,WhatsApp,50226.283869299994,5000,45226.283869299994
C01746,WhatsApp,50100.458840334,5000,45100.458840334
C02325,WhatsApp,49876.15299795,5000,44876.15299795
C01466,WhatsApp,49826.368782432,5000,44826.368782432
C01706,WhatsApp,49770.5315427,5000,44770.5315427
C00596,WhatsApp,49634.233222860006,5000,44634.233222860006
C00358,WhatsApp,49456.34778735,5000,44456.34778735
C01742,WhatsApp,49289.971540608,5000,44289.971540608
C02401,WhatsApp,49125.5203239,5000,44125.5203239
C01180,WhatsApp,49082.87596262399,5000,44082.87596262399
C00707,WhatsApp,48702.6705456,5000,43702.6705456
C01391,WhatsApp,48205.22756544,5000,43205.22756544
C01806,WhatsApp,47797.56766540799,5000,42797.56766540799
C00546,WhatsApp,47792.144741328,5000,42792.144741328
C01558,WhatsApp,47780.195604803994,5000,42780.195604803994
C01293,WhatsApp,47530.866970368,5000,42530.866970368
C00539,WhatsApp,46921.40956206,5000,41921.40956206
C00244,WhatsApp,46740.201022584006,5000,41740.201022584006
C02135,WhatsApp,46388.359668375,5000,41388.359668375
C01868,WhatsApp,46382.60236521599,5000,41382.60236521599
C00507,WhatsApp,46337.065824888,5000,41337.065824888
C00704,WhatsApp,46218.020520672,5000,41218.020520672
C00456,WhatsApp,45844.48074636,5000,40844.48074636
C00563,WhatsApp,45551.848865472,5000,40551.848865472
C00594,WhatsApp,45471.973854276,5000,40471.973854276
C01676,WhatsApp,45289.68850621799,5000,40289.68850621799
C00986,WhatsApp,45108.418976082,5000,40108.418976082
C00222,WhatsApp,44974.726233372,5000,39974.726233372
C00687,WhatsApp,44447.52628245601,5000,39447.52628245601
C01052,WhatsApp,44412.196791501,5000,39412.196791501
C00295,WhatsApp,44382.032333099996,5000,39382.032333099996
C01762,WhatsApp,43554.68452827,5000,38554.68452827
C00420,WhatsApp,43538.84576154,5000,38538.84576154
C02258,WhatsApp,43410.61355630399,5000,38410.61355630399
C00216,WhatsApp,43200.86341501801,5000,38200.86341501801
C01219,WhatsApp,43069.997320812,5000,38069.997320812
C00766,WhatsApp,42820.32865680001,5000,37820.32865680001
C01963,WhatsApp,42718.848795648,5000,37718.848795648
C01812,WhatsApp,42666.8882994,5000,37666.8882994
C01494,WhatsApp,42474.350320065,5000,37474.350320065
C01058,WhatsApp,42027.821027712,5000,37027.821027712
C02447,WhatsApp,41937.081590844,5000,36937.081590844
C00710,WhatsApp,41845.56124417201,5000,36845.56124417201
C02335,WhatsApp,41832.443272464,5000,36832.443272464
C02035,WhatsApp,41758.0337043,5000,36758.0337043
C02195,WhatsApp,41697.65481749999,5000,36697.65481749999
C00727,WhatsApp,41694.458604930005,5000,36694.458604930005
C00728,WhatsApp,41573.849542434,5000,36573.849542434
C01644,WhatsApp,41513.47488936,5000,36513.47488936
C01690,WhatsApp,41241.780516096,5000,36241.780516096
C01297,WhatsApp,40897.951274700004,5000,35897.951274700004
C01215,WhatsApp,40835.28339971999,5000,35835.28339971999
C00144,WhatsApp,40518.142259039996,5000,35518.142259039996
C01578,WhatsApp,40388.79238344,5000,35388.79238344
C00691,WhatsApp,40387.362999164994,5000,35387.362999164994
C00723,WhatsApp,40115.50656867,5000,35115.50656867
C00158,WhatsApp,39882.216424032005,5000,34882.216424032005
C01175,WhatsApp,39754.000981440004,5000,34754.000981440004
C00228,WhatsApp,39642.25536432,5000,34642.25536432
C00184,WhatsApp,39559.696188300004,5000,34559.696188300004
C02062,WhatsApp,39457.246794624,5000,34457.246794624
C01131,WhatsApp,39127.500803556,5000,34127.500803556
C01552,WhatsApp,38911.7967381,5000,33911.7967381
C00631,WhatsApp,38899.71657450001,5000,33899.71657450001
C02191,WhatsApp,38465.362063449,5000,33465.362063449
C01292,WhatsApp,38371.18727177999,5000,33371.18727177999
C00941,WhatsApp,38356.27386120001,5000,33356.27386120001
C01381,WhatsApp,38287.528956666,5000,33287.528956666
C01799,WhatsApp,38272.609901295,5000,33272.609901295
C00292,WhatsApp,38226.506396832,5000,33226.506396832
C00791,WhatsApp,38155.020482304004,5000,33155.020482304004
C02049,WhatsApp,37997.20305224999,5000,32997.20305224999
C00436,WhatsApp,37949.642007552,5000,32949.642007552
C01028,WhatsApp,37929.229121682,5000,32929.229121682
C01247,WhatsApp,37851.27266376,5000,32851.27266376
C01184,WhatsApp,37630.94881095,5000,32630.94881095
C02184,WhatsApp,37336.5930816,5000,32336.593081599996
C01340,WhatsApp,37204.555950504,5000,32204.555950504
C00306,WhatsApp,37066.07254194,5000,32066.072541939997
C01983,WhatsApp,37050.24725433,5000,32050.247254330003
C01352,WhatsApp,36862.905693887995,5000,31862.905693887995
C00327,WhatsApp,36324.988038828,5000,31324.988038828
C01248,WhatsApp,36024.154491707995,5000,31024.154491707995
C02324,WhatsApp,35978.936062662,5000,30978.936062661996
C00896,WhatsApp,35923.137872706,5000,30923.137872706
C02375,WhatsApp,35881.074265446,5000,30881.074265445997
C01734,WhatsApp,35804.288404872,5000,30804.288404872
C01226,WhatsApp,35761.096294704,5000,30761.096294704003
C00746,WhatsApp,35727.166865664,5000,30727.166865664003
C01447,WhatsApp,35666.156616552005,5000,30666.156616552005
C00418,WhatsApp,35603.024478021,5000,30603.024478020998
C00343,WhatsApp,35325.92485656001,5000,30325.924856560006
C00042,WhatsApp,35120.639745792,5000,30120.639745792003
C00341,WhatsApp,35044.94767823999,5000,30044.947678239987
C00008,WhatsApp,34482.95993666699,5000,29482.959936666994
C00647,WhatsApp,34433.396822015995,5000,29433.396822015995
C01813,WhatsApp,34234.261037352,5000,29234.261037352
C02343,WhatsApp,33964.934400000006,5000,28964.934400000006
C01254,WhatsApp,33958.598885154,5000,28958.598885154002
C01397,WhatsApp,33827.9316363,5000,28827.931636300003
C01651,WhatsApp,33759.3183075,5000,28759.318307499998
C01994,WhatsApp,33575.310000000005,5000,28575.310000000005
C02259,WhatsApp,33491.998529082004,5000,28491.998529082004
C01727,WhatsApp,33385.893997499996,5000,28385.893997499996
C02469,WhatsApp,33361.286036445,5000,28361.286036445003
C02013,WhatsApp,33065.203474737,5000,28065.203474736998
C00712,WhatsApp,33000.74999999999,5000,28000.749999999993
C02451,WhatsApp,32846.87747664,5000,27846.877476640002
C00373,WhatsApp,32720.989299336,5000,27720.989299336
C01451,WhatsApp,32440.936428972,5000,27440.936428972
C00043,WhatsApp,32396.64212421,5000,27396.64212421
C01624,WhatsApp,32284.440000000002,5000,27284.440000000002
C00572,WhatsApp,32276.149674678,5000,27276.149674678
C00929,WhatsApp,32229.301003767,5000,27229.301003767
C00470,WhatsApp,32188.96063152,5000,27188.96063152
C01173,WhatsApp,32153.806644984,5000,27153.806644984
C00495,WhatsApp,31974.441158780992,5000,26974.441158780992
C00397,WhatsApp,31927.663799999995,5000,26927.663799999995
C00180,WhatsApp,31750.419998664,5000,26750.419998664
C01195,WhatsApp,31295.181578399995,5000,26295.181578399995
C00425,WhatsApp,31169.946270528002,5000,26169.946270528002
C02070,WhatsApp,31002.824921625004,5000,26002.824921625004
C01959,WhatsApp,30587.71829418,5000,25587.71829418
C00713,WhatsApp,30486.970626372,5000,25486.970626372
C01620,WhatsApp,30410.666849178004,5000,25410.666849178004
C02161,WhatsApp,30388.724999999995,5000,25388.724999999995
C02371,WhatsApp,30141.9279,5000,25141.9279
C01960,WhatsApp,29898.883023299997,5000,24898.883023299997
C00612,WhatsApp,29833.857246024,5000,24833.857246024
C01749,WhatsApp,29814.893683847997,5000,24814.893683847997
C01298,WhatsApp,29726.476199999997,5000,24726.476199999997
C00156,WhatsApp,29647.332,5000,24647.332
C01577,WhatsApp,29500.0992,5000,24500.0992
C00744,WhatsApp,29378.368688327995,5000,24378.368688327995
C00480,WhatsApp,29252.813144327993,5000,24252.813144327993
C00038,WhatsApp,29198.753926758,5000,24198.753926758
C01343,WhatsApp,28603.809759096,5000,23603.809759096
C00259,WhatsApp,28583.654399999996,5000,23583.654399999996
C00768,WhatsApp,28503.695829888,5000,23503.695829888
C01645,WhatsApp,28497.950751284996,5000,23497.950751284996
C00857,WhatsApp,28360.970437500004,5000,23360.970437500004
C01755,WhatsApp,28277.674140095998,5000,23277.674140095998
C01127,WhatsApp,28063.476000000002,5000,23063.476000000002
C01228,WhatsApp,27934.090715231996,5000,22934.090715231996
C02494,WhatsApp,27842.424176160002,5000,22842.424176160002
C01021,WhatsApp,27774.854274690002,5000,22774.854274690002
C01353,WhatsApp,27678.6774,5000,22678.6774
C00333,WhatsApp,27610.779599999994,5000,22610.779599999994
C00943,WhatsApp,27571.0995,5000,22571.0995
C00741,WhatsApp,27561.538253699997,5000,22561.538253699997
C02019,WhatsApp,27356.3496,5000,22356.3496
C00850,WhatsApp,27255.897899999996,5000,22255.897899999996
C01784,WhatsApp,27147.697767360005,5000,22147.697767360005
C01968,WhatsApp,27142.018199999995,5000,22142.018199999995
C01434,WhatsApp,26973.273600000004,5000,21973.273600000004
C00322,WhatsApp,26941.269965399995,5000,21941.269965399995
C02482,WhatsApp,26805.018191796,5000,21805.018191796
C00053,WhatsApp,26798.649304032,5000,21798.649304032
C00739,WhatsApp,26693.064,5000,21693.064
C00888,WhatsApp,26683.109969885998,5000,21683.109969885998
C00959,WhatsApp,26679.275999999998,5000,21679.275999999998
C02083,WhatsApp,26676.706500000004,5000,21676.706500000004
C02333,WhatsApp,26661.902400000003,5000,21661.902400000003
C01888,WhatsApp,26652.717000000008,5000,21652.717000000008
C01964,WhatsApp,26626.160940515998,5000,21626.160940515998
C00334,WhatsApp,26624.497499999998,5000,21624.497499999998
C00881,WhatsApp,26543.7792,5000,21543.7792
C00165,WhatsApp,26506.3149,5000,21506.3149
C02380,WhatsApp,26441.935716671996,5000,21441.935716671996
C01181,WhatsApp,26364.7674,5000,21364.7674
C01160,WhatsApp,26246.257162307997,5000,21246.257162307997
C01284,WhatsApp,26197.024500000003,5000,21197.024500000003
C01266,WhatsApp,26157.558599999997,5000,21157.558599999997
C00545,WhatsApp,26142.2316,5000,21142.2316
C00036,WhatsApp,25969.698900000003,5000,20969.698900000003
C00086,WhatsApp,25931.808,5000,20931.808
C00815,WhatsApp,25917.948,5000,20917.948
C02052,WhatsApp,25917.0219,5000,20917.0219
C01467,WhatsApp,25893.7371,5000,20893.7371
C01368,WhatsApp,25827.439474907995,5000,20827.439474907995
C01056,WhatsApp,25816.357800000005,5000,20816.357800000005
C02204,WhatsApp,25786.9872,5000,20786.9872
C01889,WhatsApp,25741.781999999996,5000,20741.781999999996
C00630,WhatsApp,25734.8034,5000,20734.8034
C01047,WhatsApp,25363.980000000003,5000,20363.980000000003
C00852,WhatsApp,25316.015399999997,5000,20316.015399999997
C01803,WhatsApp,25270.6464,5000,20270.6464
C00514,WhatsApp,25191.1566,5000,20191.1566
C00103,WhatsApp,25186.5126,5000,20186.5126
C00690,WhatsApp,25163.819099999997,5000,20163.819099999997
C01203,WhatsApp,25159.571999999996,5000,20159.571999999996
C01301,WhatsApp,25141.9626,5000,20141.9626
C01584,WhatsApp,25128.035999999996,5000,20128.035999999996
C01819,WhatsApp,24901.019999999993,5000,19901.019999999993
C00241,WhatsApp,24875.164799999995,5000,19875.164799999995
C00477,WhatsApp,24845.097599999997,5000,19845.097599999997
C01655,WhatsApp,24752.803499999998,5000,19752.803499999998
C00692,WhatsApp,24750.391500000005,5000,19750.391500000005
C00508,WhatsApp,24658.627499999995,5000,19658.627499999995
C01987,WhatsApp,24648.5691,5000,19648.5691
C00026,WhatsApp,24537.962700000004,5000,19537.962700000004
C00283,WhatsApp,24510.614400000002,5000,19510.614400000002
C00598,WhatsApp,24470.904599999998,5000,19470.904599999998
C02057,SMS,18090.999333333333,3000,15090.999333333333
C01643,SMS,18087.064,3000,15087.063999999998
C02030,SMS,18067.912,3000,15067.912
C01285,SMS,18063.594666666668,3000,15063.594666666668
C00577,SMS,18048.125333333333,3000,15048.125333333333
C01448,SMS,18047.615999999998,3000,15047.615999999998
C00511,SMS,18040.210666666666,3000,15040.210666666666
C01756,SMS,18032.766666666666,3000,15032.766666666666
C01977,SMS,18021.58666666667,3000,15021.58666666667
C02141,SMS,18005.032,3000,15005.032
C02470,SMS,17996.106,3000,14996.106
C01938,SMS,17991.733333333337,3000,14991.733333333337
C00656,SMS,17840.304,3000,14840.304
C00720,SMS,17832.048,3000,14832.047999999999
C01574,SMS,17829.826666666668,3000,14829.826666666668
C01163,SMS,17810.064000000002,3000,14810.064000000002
C00484,SMS,17804.866666666665,3000,14804.866666666665
C00253,SMS,17801.55,3000,14801.55
C01349,SMS,17800.853333333333,3000,14800.853333333333
C01112,SMS,17798.846666666665,3000,14798.846666666665
C00934,SMS,17775.906,3000,14775.905999999999
C02047,SMS,17768.72666666667,3000,14768.72666666667
C00721,SMS,17746.072,3000,14746.072
C00774,SMS,17726.67266666667,3000,14726.67266666667
C01675,SMS,17726.048,3000,14726.047999999999
C02479,SMS,17672.118000000002,3000,14672.118000000002
C00016,SMS,17615.847999999998,3000,14615.847999999998
C01441,SMS,17601.935999999998,3000,14601.935999999998
C00654,SMS,17562.362666666668,3000,14562.362666666668
C02355,SMS,17549.016666666663,3000,14549.016666666663
C01730,SMS,17535.04,3000,14535.04
C00308,SMS,17533.482922799998,3000,14533.482922799998
C01015,SMS,17528.692000000003,3000,14528.692000000003
C01781,SMS,17506.34133333333,3000,14506.34133333333
C00865,SMS,17502.32,3000,14502.32
C00877,SMS,17493.306666666664,3000,14493.306666666664
C01223,SMS,17468.352,3000,14468.351999999999
C00114,SMS,17466.352,3000,14466.351999999999
C00116,SMS,17423.6,3000,14423.599999999999
C02431,SMS,17391.18609904,3000,14391.186099039998
C00332,SMS,17390.133357000002,3000,14390.133357000002
C01422,SMS,17386.90133333333,3000,14386.901333333331
C02017,SMS,17365.931333333334,3000,14365.931333333334
C01011,SMS,17333.41866666667,3000,14333.418666666668
C00848,SMS,17331.84933333333,3000,14331.849333333332
C01263,SMS,17325.674000000003,3000,14325.674000000003
C01001,SMS,17316.018666666667,3000,14316.018666666667
C01903,SMS,17272.653333333332,3000,14272.653333333332
C00960,SMS,17244.786666666663,3000,14244.786666666663
C01841,SMS,17222.338666666663,3000,14222.338666666663
C02194,SMS,17220.766,3000,14220.766
C00440,SMS,17161.474,3000,14161.473999999998
C00983,SMS,17130.024,3000,14130.024000000001
C00143,SMS,17094.978666666666,3000,14094.978666666666
C01752,SMS,17083.68533333333,3000,14083.685333333331
C02354,SMS,17048.23733333333,3000,14048.23733333333
C01608,SMS,17034.058666666664,3000,14034.058666666664
C00226,SMS,17015.674,3000,14015.673999999999
C02180,SMS,16969.48,3000,13969.48
C01107,SMS,16896.541333333338,3000,13896.541333333338
C00502,SMS,16893.644666666663,3000,13893.644666666663
C01316,SMS,16771.333333333332,3000,13771.333333333332
C00181,SMS,16765.825999999997,3000,13765.825999999997
C02173,SMS,16760.576,3000,13760.576000000001
C00068,SMS,16754.172000000002,3000,13754.172000000002
C01770,SMS,16742.500000000004,3000,13742.500000000004
C01302,SMS,16723.989333333335,3000,13723.989333333335
C00757,SMS,16694.208000000002,3000,13694.208000000002
C00173,SMS,16686.987999999998,3000,13686.987999999998
C00882,SMS,16684.585195279997,3000,13684.585195279997
C00644,SMS,16682.513333333332,3000,13682.513333333332
C02351,SMS,16666.62,3000,13666.619999999999
C01094,SMS,16651.033333333333,3000,13651.033333333333
C01828,SMS,16638.5,3000,13638.5
C02221,SMS,16613.432,3000,13613.432
C00141,SMS,16604.712,3000,13604.712
C02081,SMS,16595.539999999997,3000,13595.539999999997
C02266,SMS,16590.833333333336,3000,13590.833333333336
C00996,SMS,16557.768000000004,3000,13557.768000000004
C00503,SMS,16549.996,3000,13549.996
C00523,SMS,16519.658666666666,3000,13519.658666666666
C01039,SMS,16517.482666666663,3000,13517.482666666663
C02235,SMS,16492.08,3000,13492.080000000002
C02429,SMS,16461.350000000002,3000,13461.350000000002
C00084,SMS,16459.594666666668,3000,13459.594666666668
C00735,SMS,16433.80533333333,3000,13433.80533333333
C01323,SMS,16162.52,3000,13162.52
C00605,SMS,16111.936,3000,13111.936
C00827,SMS,16082.731999999996,3000,13082.731999999996
C00787,SMS,16061.270666666664,3000,13061.270666666664
C02009,SMS,15844.88,3000,12844.88
C02488,SMS,15820.389333333334,3000,12820.389333333334
C00927,SMS,15729.552000000001,3000,12729.552000000001
C00821,SMS,15677.703260266666,3000,12677.703260266666
C01849,SMS,15661.340872800003,3000,12661.340872800003
C01095,SMS,15653.293333333335,3000,12653.293333333335
C01659,SMS,15638.844000000001,3000,12638.844000000001
C01347,SMS,15606.502666666669,3000,12606.502666666669
C02463,SMS,15547.605333333333,3000,12547.605333333333
C02316,SMS,15480.143333333335,3000,12480.143333333335
C01407,SMS,15416.578,3000,12416.578
C01415,SMS,15356.733333333334,3000,12356.733333333334
C01736,SMS,15354.576000000001,3000,12354.576000000001
C01289,SMS,15142.716,3000,12142.716
C01709,SMS,15099.988000000001,3000,12099.988000000001
C00320,SMS,15081.355333333333,3000,12081.355333333333
C01771,SMS,15074.253333333334,3000,12074.253333333334
C00699,SMS,14960.744118,3000,11960.744118
C01893,SMS,14934.854,3000,11934.854
C00157,SMS,14822.924,3000,11822.924
C01984,SMS,14749.200666666668,3000,11749.200666666668
C01270,SMS,14648.744000000002,3000,11648.744000000002
C00171,SMS,14648.380000000003,3000,11648.380000000003
C01982,SMS,14569.262666666666,3000,11569.262666666666
C00520,SMS,14550.882000000001,3000,11550.882000000001
C01138,SMS,14475.80666666667,3000,11475.80666666667
C00501,SMS,14163.585788,3000,11163.585788
C01379,SMS,14128.653333333335,3000,11128.653333333335
C00203,SMS,13834.285333333331,3000,10834.285333333331
C00432,SMS,13799.928,3000,10799.928
C01445,SMS,13767.722666666668,3000,10767.722666666668
C00190,SMS,13544.630666666666,3000,10544.630666666666
C00465,SMS,13431.721333333335,3000,10431.721333333335
C01171,SMS,13288.78,3000,10288.78
C02209,SMS,11547.889333333333,3000,8547.889333333333
