Customer_ID,Age,Monthly_Income,Tenure_Months,Product_Count,Digital_Engagement,Balance,Prior_Monthly_Transactions,Segment,Treatment,Campaign_Name,Conversion,Propensity_True
C00001,25,21454163.0,100,6,52,9832455.0,31,Mass,1,Personal Loan Offer,0,0.6441203706648848
C00002,55,7921147.0,11,3,42,30903871.0,23,Mass,1,Personal Loan Offer,0,0.2184024838098478
C00003,50,3000000.0,178,4,26,10661096.0,26,Mass,1,Personal Loan Offer,0,0.2894675013643237
C00004,40,4540684.0,130,1,19,7236638.0,21,Affluent,0,Personal Loan Offer,0,0.3042785391374882
C00005,40,26227317.0,85,1,23,156224382.0,24,Mass,1,Personal Loan Offer,0,0.2061264923531306
C00006,59,9623581.0,45,3,96,7341177.0,21,Affluent,1,Personal Loan Offer,0,0.47139468812690316
C00007,24,7940753.0,51,5,45,5564532.0,22,Mass,1,Personal Loan Offer,1,0.3705884860922623
C00008,52,29617631.0,83,5,97,24790182.0,20,Priority,1,Personal Loan Offer,0,0.7973709859775135
C00009,30,24064666.0,13,6,40,26160581.0,24,Affluent,0,Personal Loan Offer,1,0.6830657310052342
C00010,25,12162451.0,68,2,38,38976715.0,27,Affluent,0,Personal Loan Offer,0,0.40807369423233897
C00011,44,10211708.0,41,2,54,147962717.0,19,Mass,0,Personal Loan Offer,0,0.6789335405307707
C00012,64,11159052.0,23,4,96,9194472.0,17,Mass,1,Personal Loan Offer,1,0.49495102539754426
C00013,54,13596959.0,25,4,61,11215485.0,22,Affluent,1,Personal Loan Offer,1,0.6176140331719108
C00014,55,28931549.0,64,1,13,99936778.0,26,Affluent,0,Personal Loan Offer,1,0.21091365259457562
C00015,53,15138842.0,71,3,34,51154785.0,30,Affluent,0,Personal Loan Offer,0,0.617321279804718
C00016,56,17889655.0,65,6,99,44514439.0,29,Mass,0,Personal Loan Offer,0,0.8251222621844179
C00017,44,22828396.0,125,1,24,11088002.0,16,Mass,0,Personal Loan Offer,0,0.32688095152253066
C00018,26,6306525.0,95,5,86,61659080.0,22,Mass,0,Personal Loan Offer,0,0.37261953214656834
C00019,58,18175612.0,37,3,94,44652714.0,26,Mass,1,Personal Loan Offer,0,0.663161599306791
C00020,41,10205164.0,176,4,29,24173803.0,25,Affluent,0,Personal Loan Offer,0,0.31316842012817614
C00021,43,3007335.0,132,4,60,11142922.0,21,Mass,1,Personal Loan Offer,1,0.4852362150874802
C00022,37,3722567.0,86,5,64,22251910.0,26,Mass,0,Personal Loan Offer,0,0.32199339776069813
C00023,29,6854751.0,11,4,82,103982141.0,19,Mass,1,Personal Loan Offer,0,0.5726893297977226
C00024,62,16072013.0,165,1,82,6697702.0,28,Affluent,1,Personal Loan Offer,0,0.4678233178794906
C00025,56,12775080.0,135,2,15,8988385.0,31,Mass,0,Personal Loan Offer,0,0.1892751973970808
C00026,49,13280653.0,85,6,39,10675270.0,26,Mass,0,Personal Loan Offer,0,0.5394867338900583
C00027,39,35090329.0,31,1,95,13262110.0,20,Affluent,1,Personal Loan Offer,1,0.5956494308882636
C00028,58,5970958.0,22,5,42,19687730.0,30,Affluent,0,Personal Loan Offer,0,0.46304005451265756
C00029,45,11820299.0,54,4,32,52159342.0,26,Mass,0,Personal Loan Offer,0,0.46142265165526686
C00030,40,14187286.0,43,1,67,31726313.0,25,Mass,0,Personal Loan Offer,1,0.6238167279055798
C00031,41,8004120.0,40,1,27,21254600.0,24,Mass,0,Personal Loan Offer,0,0.26894445115882487
C00032,31,12188420.0,75,6,23,26383155.0,32,Mass,0,Personal Loan Offer,1,0.2258349162626928
C00033,25,4977534.0,11,1,82,37327235.0,22,Mass,0,Personal Loan Offer,1,0.2441952422680682
C00034,45,26058788.0,60,1,20,3721126.0,24,Mass,0,Personal Loan Offer,0,0.2674717051454522
C00035,60,8248395.0,158,1,91,58400034.0,26,Mass,1,Personal Loan Offer,0,0.5957472026390849
C00036,23,36677986.0,157,4,32,8752325.0,18,Mass,1,Personal Loan Offer,1,0.4352080972588682
C00037,59,11787572.0,4,6,19,12835592.0,18,Affluent,1,Personal Loan Offer,1,0.4956965281970751
C00038,58,21122443.0,123,2,77,28111187.0,27,Affluent,1,Personal Loan Offer,0,0.5412459562044774
C00039,33,11653308.0,179,5,26,18547341.0,21,Mass,0,Personal Loan Offer,0,0.4863983871467834
C00040,49,11798797.0,105,5,43,32546268.0,20,Mass,1,Personal Loan Offer,0,0.508544196399287
C00041,28,8703198.0,72,2,41,23047567.0,28,Mass,0,Personal Loan Offer,0,0.22346147500854813
C00042,55,12812546.0,90,1,56,14975267.0,24,Mass,1,Personal Loan Offer,0,0.3948737927627868
C00043,52,14293515.0,40,3,53,92248908.0,16,Mass,0,Personal Loan Offer,0,0.24162877689635814
C00044,36,7795639.0,73,1,27,40601207.0,25,Mass,0,Personal Loan Offer,0,0.29092428488391886
C00045,24,11202447.0,169,1,31,27054399.0,20,Affluent,1,Personal Loan Offer,0,0.2763834467361311
C00046,64,8579300.0,111,3,27,39974914.0,27,Affluent,0,Personal Loan Offer,0,0.38586576083618584
C00047,41,42509258.0,79,5,15,9878916.0,18,Affluent,1,Personal Loan Offer,0,0.5112505839406668
C00048,61,11422153.0,25,6,69,176003524.0,18,Mass,1,Personal Loan Offer,0,0.6260451828673382
C00049,51,28072328.0,164,4,52,6740237.0,25,Affluent,1,Personal Loan Offer,1,0.7061319911962219
C00050,56,10775924.0,31,2,19,22396416.0,28,Mass,0,Personal Loan Offer,0,0.26415328450559833
C00051,55,13839334.0,131,2,40,15018849.0,15,Affluent,1,Personal Loan Offer,0,0.3867599167214165
C00052,29,5801732.0,56,4,70,14459012.0,17,Mass,1,Personal Loan Offer,0,0.6303089041000358
C00053,37,9384100.0,52,2,35,12698394.0,32,Affluent,1,Personal Loan Offer,0,0.5983123537168159
C00054,42,13473176.0,33,4,46,9244440.0,23,Mass,0,Personal Loan Offer,0,0.409784439997505
C00055,43,28708945.0,69,5,77,65632728.0,27,Mass,1,Personal Loan Offer,0,0.5667329779128595
C00056,22,13558277.0,123,6,71,5995622.0,22,Mass,0,Personal Loan Offer,0,0.5194497637139397
C00057,45,25686173.0,77,1,73,53479381.0,36,Mass,1,Personal Loan Offer,0,0.5286502176574754
C00058,27,17069746.0,7,2,44,38254837.0,28,Priority,1,Personal Loan Offer,1,0.4443743331348359
C00059,54,29370107.0,49,2,54,13665045.0,27,Affluent,0,Personal Loan Offer,1,0.2811255212880084
C00060,51,11616580.0,31,4,86,34067354.0,24,Affluent,0,Personal Loan Offer,0,0.7424198450108739
C00061,62,44680141.0,74,2,89,17078720.0,30,Priority,1,Personal Loan Offer,1,0.7840163131047114
C00062,54,9188372.0,163,6,15,6650725.0,19,Mass,1,Personal Loan Offer,0,0.4916426985807327
C00063,37,7872319.0,174,6,86,6721414.0,19,Affluent,0,Personal Loan Offer,0,0.7956914040359618
C00064,64,6168018.0,180,2,91,38519854.0,33,Priority,1,Personal Loan Offer,1,0.6429039167499248
C00065,39,43248832.0,23,3,95,36572720.0,17,Mass,0,Personal Loan Offer,0,0.6666734918972125
C00066,35,18832852.0,89,3,34,25476175.0,16,Mass,1,Personal Loan Offer,0,0.4601477003874021
C00067,61,9985562.0,11,1,55,13520617.0,21,Mass,0,Personal Loan Offer,0,0.20874158143099644
C00068,37,23852025.0,91,6,13,16532047.0,25,Affluent,0,Personal Loan Offer,1,0.41699194667003314
C00069,24,17516396.0,105,5,19,14442556.0,25,Affluent,1,Personal Loan Offer,0,0.41910052754067645
C00070,42,35384602.0,140,2,61,3486116.0,33,Mass,0,Personal Loan Offer,0,0.5909082644278204
C00071,56,5122275.0,62,4,28,21263363.0,31,Affluent,0,Personal Loan Offer,0,0.3372218027886662
C00072,29,10370431.0,9,3,30,33723237.0,19,Affluent,1,Personal Loan Offer,0,0.2881720521018504
C00073,41,9304702.0,83,2,37,21398933.0,27,Mass,1,Personal Loan Offer,0,0.26628211681918573
C00074,26,4052691.0,79,2,51,117317208.0,28,Affluent,0,Personal Loan Offer,0,0.48076772210458246
C00075,51,21500724.0,114,1,23,7324099.0,11,Affluent,0,Personal Loan Offer,0,0.28058987747018965
C00076,42,10341744.0,20,5,83,10325624.0,26,Mass,1,Personal Loan Offer,0,0.403964450528542
C00077,35,18023993.0,112,4,70,22845434.0,33,Mass,0,Personal Loan Offer,1,0.3832113794357295
C00078,31,43938073.0,74,6,82,25520935.0,28,Affluent,1,Personal Loan Offer,1,0.7716281625763085
C00079,46,9881088.0,134,1,94,2987759.0,31,Mass,1,Personal Loan Offer,0,0.503553268570699
C00080,51,9518835.0,178,4,64,36540830.0,26,Mass,1,Personal Loan Offer,0,0.4822337985235513
C00081,63,12809306.0,43,4,42,25637320.0,26,Affluent,1,Personal Loan Offer,0,0.40719562121270914
C00082,40,20653663.0,137,4,98,2402090.0,22,Mass,0,Personal Loan Offer,0,0.7088549995145926
C00083,28,8786483.0,25,6,61,17796877.0,23,Mass,1,Personal Loan Offer,1,0.5756509834409161
C00084,58,8481419.0,178,3,52,8910147.0,22,Affluent,1,Personal Loan Offer,0,0.48207057808023407
C00085,49,21463649.0,88,1,47,12710253.0,22,Affluent,0,Personal Loan Offer,0,0.43295658948958027
C00086,52,14778276.0,135,1,13,5246869.0,17,Mass,1,Personal Loan Offer,0,0.36859915415139877
C00087,25,3897386.0,141,3,96,30323438.0,17,Mass,1,Personal Loan Offer,0,0.3984143414526417
C00088,35,6116201.0,111,2,84,116455433.0,23,Mass,1,Personal Loan Offer,0,0.4284125361654119
C00089,55,27401188.0,71,1,73,26069234.0,29,Mass,0,Personal Loan Offer,1,0.41607796906058214
C00090,58,14968788.0,137,1,30,2307923.0,20,Priority,0,Personal Loan Offer,0,0.5063835256227246
C00091,40,7890811.0,87,2,94,26611097.0,21,Mass,1,Personal Loan Offer,0,0.45258365170356063
C00092,57,10926394.0,120,1,26,16462639.0,25,Mass,1,Personal Loan Offer,0,0.18089484464690186
C00093,58,12087681.0,112,3,31,6650684.0,33,Affluent,0,Personal Loan Offer,0,0.38275602338215553
C00094,38,17985394.0,85,4,16,28484387.0,19,Affluent,0,Personal Loan Offer,0,0.3847932530256562
C00095,61,5685174.0,23,2,36,48206651.0,25,Affluent,0,Personal Loan Offer,0,0.49869982603887353
C00096,33,7556322.0,55,1,39,10249601.0,27,Mass,0,Personal Loan Offer,0,0.2425145311180403
C00097,31,13943763.0,169,4,82,3865146.0,31,Mass,1,Personal Loan Offer,0,0.4762873743008025
C00098,51,11358855.0,95,1,39,2675296.0,22,Priority,0,Personal Loan Offer,0,0.2788427673602091
C00099,49,16435263.0,116,5,96,10278426.0,34,Affluent,1,Personal Loan Offer,1,0.67728686363677
C00100,27,6102372.0,49,3,37,17119682.0,25,Affluent,0,Personal Loan Offer,0,0.6943347186721368
C00101,58,14604467.0,128,3,57,11938001.0,25,Mass,0,Personal Loan Offer,0,0.4705855809517248
C00102,29,21873539.0,89,2,63,10099139.0,32,Affluent,1,Personal Loan Offer,0,0.5785224317398885
C00103,57,15684247.0,41,2,85,35291135.0,23,Priority,0,Personal Loan Offer,0,0.6067872966622884
C00104,21,12954175.0,29,1,78,31771140.0,34,Mass,0,Personal Loan Offer,0,0.46126172943522936
C00105,56,11383565.0,73,4,88,24418125.0,21,Mass,1,Personal Loan Offer,0,0.6547161209122295
C00106,56,7581708.0,103,1,95,45250787.0,24,Mass,0,Personal Loan Offer,0,0.5448901951346181
C00107,56,11534095.0,52,5,20,10375268.0,29,Affluent,0,Personal Loan Offer,0,0.4624023052567819
C00108,50,23992586.0,46,2,18,6693742.0,25,Mass,0,Personal Loan Offer,0,0.28332970259305024
C00109,42,11239574.0,50,4,50,11862695.0,24,Mass,1,Personal Loan Offer,0,0.38022299761722955
C00110,52,7355986.0,55,4,23,11072112.0,28,Affluent,0,Personal Loan Offer,0,0.43153459005998135
C00111,33,9153815.0,134,4,54,2571380.0,22,Affluent,0,Personal Loan Offer,0,0.4962348167586868
C00112,56,13401603.0,91,5,63,11590243.0,33,Mass,1,Personal Loan Offer,1,0.7679253415422417
C00113,46,9771539.0,86,4,35,60375466.0,30,Priority,0,Personal Loan Offer,0,0.6264211726973489
C00114,41,15671182.0,31,6,18,44548822.0,21,Mass,0,Personal Loan Offer,0,0.3162644699620928
C00115,43,15998112.0,99,2,97,33815394.0,21,Mass,0,Personal Loan Offer,0,0.3918924367289552
C00116,46,19567057.0,174,5,43,22813451.0,31,Mass,1,Personal Loan Offer,0,0.42536923883805833
C00117,22,26255208.0,135,3,86,85168428.0,27,Mass,0,Personal Loan Offer,1,0.45167587141914395
C00118,27,20751716.0,82,4,66,6927953.0,29,Affluent,0,Personal Loan Offer,0,0.5232582138842858
C00119,32,7178390.0,57,3,70,7620981.0,24,Affluent,1,Personal Loan Offer,0,0.3882235367056192
C00120,26,7300645.0,65,6,81,61560938.0,17,Affluent,1,Personal Loan Offer,1,0.6166841286519966
C00121,40,11510185.0,7,2,34,20559789.0,22,Affluent,1,Personal Loan Offer,0,0.31649329411442845
C00122,51,9362948.0,8,4,29,10222120.0,30,Priority,1,Personal Loan Offer,0,0.4812940990306027
C00123,50,6416206.0,141,1,100,34731842.0,18,Priority,1,Personal Loan Offer,0,0.5631151305952892
C00124,42,9411912.0,153,4,70,12900490.0,28,Mass,0,Personal Loan Offer,0,0.3887440857002504
C00125,59,9243536.0,175,1,36,8655602.0,15,Affluent,1,Personal Loan Offer,0,0.4455079989560944
C00126,46,8292823.0,114,3,68,8418069.0,22,Mass,1,Personal Loan Offer,0,0.4886480220181455
C00127,24,10086747.0,168,1,45,27585262.0,16,Affluent,1,Personal Loan Offer,1,0.28325670201336073
C00128,55,22943958.0,77,2,88,24570530.0,28,Mass,0,Personal Loan Offer,0,0.4251609307363715
C00129,46,13389724.0,48,3,56,91147497.0,29,Mass,1,Personal Loan Offer,1,0.2750988587534573
C00130,49,46730714.0,46,2,38,14963936.0,23,Priority,0,Personal Loan Offer,0,0.33470091551309117
C00131,46,13179811.0,45,3,72,14710813.0,17,Affluent,0,Personal Loan Offer,0,0.6470567537824532
C00132,45,10230470.0,135,1,78,84382987.0,25,Mass,1,Personal Loan Offer,0,0.5471965872896709
C00133,25,12027308.0,4,5,43,53590889.0,21,Mass,0,Personal Loan Offer,0,0.36898580826832794
C00134,46,13818071.0,171,5,78,23118440.0,21,Mass,1,Personal Loan Offer,1,0.722663788640576
C00135,56,15245682.0,140,3,31,4198467.0,19,Affluent,0,Personal Loan Offer,0,0.45192616677735625
C00136,34,37603528.0,70,1,31,8880674.0,29,Mass,0,Personal Loan Offer,0,0.35614438115250474
C00137,48,7538177.0,127,1,85,6970155.0,25,Mass,1,Personal Loan Offer,0,0.5381012659207386
C00138,22,19247515.0,27,5,66,20742486.0,27,Affluent,0,Personal Loan Offer,1,0.6813252597620516
C00139,36,13452561.0,79,6,13,12029851.0,23,Mass,1,Personal Loan Offer,0,0.3841657654528689
C00140,40,5057149.0,22,6,71,99348827.0,21,Mass,0,Personal Loan Offer,0,0.5406794382820334
C00141,65,18334618.0,22,3,37,4154928.0,27,Affluent,0,Personal Loan Offer,0,0.41002964638469064
C00142,30,24097295.0,4,3,34,6261330.0,18,Affluent,0,Personal Loan Offer,0,0.23863373528320034
C00143,33,7489182.0,144,1,48,25542943.0,24,Mass,0,Personal Loan Offer,1,0.22696895539674364
C00144,39,11941181.0,135,1,51,33688897.0,31,Mass,0,Personal Loan Offer,0,0.5588989705640636
C00145,65,4645792.0,161,5,91,1504704.0,31,Affluent,0,Personal Loan Offer,1,0.5625145767033839
C00146,59,6004824.0,177,3,49,3526557.0,16,Mass,0,Personal Loan Offer,0,0.17695774021705638
C00147,22,21355790.0,174,3,36,15365559.0,24,Mass,1,Personal Loan Offer,0,0.47603842976739486
C00148,31,9284790.0,179,3,80,77616180.0,22,Mass,1,Personal Loan Offer,0,0.5328474067897507
C00149,57,6521243.0,5,2,59,132091275.0,32,Mass,1,Personal Loan Offer,0,0.44783386088425753
C00150,23,13614152.0,142,6,10,13213444.0,27,Affluent,1,Personal Loan Offer,0,0.4031156585060722
C00151,59,9003198.0,131,5,67,16862383.0,36,Priority,1,Personal Loan Offer,1,0.7458491206577331
C00152,33,9262322.0,31,5,55,8661315.0,28,Affluent,1,Personal Loan Offer,0,0.7166247730519006
C00153,62,18020968.0,27,3,62,37672812.0,30,Mass,0,Personal Loan Offer,0,0.4035807902742875
C00154,34,6334135.0,177,5,26,92227823.0,24,Mass,0,Personal Loan Offer,0,0.4520120407178005
C00155,40,7293298.0,160,3,53,70228416.0,27,Mass,1,Personal Loan Offer,1,0.54263950880166
C00156,50,13061261.0,61,4,68,19428317.0,30,Affluent,1,Personal Loan Offer,0,0.4975846767443339
C00157,26,20452028.0,16,1,71,8646897.0,20,Mass,0,Personal Loan Offer,0,0.5945953886866452
C00158,46,23709951.0,62,5,71,20164614.0,28,Priority,1,Personal Loan Offer,0,0.7948237723661885
C00159,43,8323832.0,3,1,100,79560599.0,13,Mass,0,Personal Loan Offer,0,0.3328072884265004
C00160,56,20094858.0,125,5,55,13399470.0,24,Mass,1,Personal Loan Offer,1,0.6937450866268288
C00161,65,7796137.0,70,4,49,3255361.0,19,Mass,0,Personal Loan Offer,0,0.2667243287337887
C00162,50,32763720.0,11,1,59,13953397.0,31,Mass,0,Personal Loan Offer,0,0.3418637846281798
C00163,39,6432303.0,177,4,39,15130408.0,36,Mass,1,Personal Loan Offer,0,0.47642673969769295
C00164,39,24917491.0,149,2,38,3236311.0,19,Mass,0,Personal Loan Offer,1,0.4612410193302489
C00165,39,8363185.0,164,3,72,25223336.0,28,Mass,1,Personal Loan Offer,1,0.48160789166029766
C00166,57,36313595.0,180,1,38,33173021.0,35,Mass,0,Personal Loan Offer,0,0.29957651580421807
C00167,35,16612128.0,5,5,78,128460940.0,30,Mass,1,Personal Loan Offer,1,0.5853812315273796
C00168,28,6862677.0,140,4,77,5276987.0,29,Affluent,0,Personal Loan Offer,0,0.5324192727459053
C00169,36,9004059.0,143,3,96,41523258.0,26,Affluent,1,Personal Loan Offer,1,0.7128017277478838
C00170,22,18440629.0,142,6,21,52592232.0,21,Mass,1,Personal Loan Offer,0,0.3655586633767541
C00171,25,21410064.0,50,4,43,33627803.0,28,Mass,1,Personal Loan Offer,0,0.3612973888307585
C00172,25,11542237.0,72,4,80,7307715.0,21,Affluent,0,Personal Loan Offer,1,0.40599682374063195
C00173,55,12298394.0,168,1,49,6895063.0,16,Priority,1,Personal Loan Offer,0,0.33730468576321876
C00174,53,18210545.0,14,4,69,22041544.0,38,Affluent,1,Personal Loan Offer,0,0.5898097472501068
C00175,52,12902173.0,117,5,76,21887374.0,28,Mass,0,Personal Loan Offer,0,0.43126911659719924
C00176,41,5891313.0,144,6,90,11430651.0,23,Affluent,1,Personal Loan Offer,1,0.47193482617982385
C00177,53,7673485.0,145,4,30,72774767.0,24,Affluent,1,Personal Loan Offer,1,0.5335889332807794
C00178,28,13656596.0,109,2,33,13396329.0,17,Mass,0,Personal Loan Offer,1,0.19888576404508249
C00179,61,23416057.0,139,5,52,3010275.0,34,Mass,0,Personal Loan Offer,0,0.3614759375536622
C00180,43,29186229.0,164,1,56,15985399.0,31,Priority,0,Personal Loan Offer,0,0.6989670742329663
C00181,63,18423883.0,139,2,92,32330324.0,26,Priority,1,Personal Loan Offer,0,0.7344990702650919
C00182,27,14054134.0,23,6,13,28154112.0,25,Mass,1,Personal Loan Offer,0,0.5004327851045339
C00183,43,18115253.0,46,5,32,27937081.0,21,Affluent,0,Personal Loan Offer,0,0.5344768880549213
C00184,52,8316102.0,57,6,93,89096610.0,19,Mass,1,Personal Loan Offer,1,0.7829034004113936
C00185,43,11030119.0,64,3,65,6559679.0,25,Affluent,0,Personal Loan Offer,1,0.6106313293271239
C00186,41,7626544.0,67,5,71,13092295.0,21,Mass,0,Personal Loan Offer,0,0.47853357070579555
C00187,28,6038153.0,42,5,32,93764499.0,31,Mass,0,Personal Loan Offer,0,0.28952785030998107
C00188,38,14416287.0,124,2,66,2796538.0,23,Mass,0,Personal Loan Offer,0,0.27050527096350935
C00189,31,13289031.0,22,6,43,18954433.0,30,Mass,0,Personal Loan Offer,0,0.4729460824533572
C00190,34,17516013.0,143,6,76,68350808.0,26,Priority,1,Personal Loan Offer,1,0.6046100190169709
C00191,51,16204163.0,120,1,18,67339603.0,26,Affluent,0,Personal Loan Offer,0,0.21912279413088753
C00192,49,13713229.0,174,5,35,38700350.0,22,Mass,0,Personal Loan Offer,0,0.3951398673145912
C00193,48,16298056.0,4,3,68,39692870.0,18,Mass,0,Personal Loan Offer,0,0.6327982880804728
C00194,37,11721572.0,55,5,64,7061865.0,26,Mass,0,Personal Loan Offer,0,0.3339720735246588
C00195,64,15059318.0,162,4,86,78957470.0,29,Mass,1,Personal Loan Offer,1,0.5959543629511139
C00196,24,8048834.0,90,2,82,6023513.0,26,Mass,0,Personal Loan Offer,0,0.31309068938508017
C00197,36,14705843.0,102,1,11,6393739.0,12,Mass,0,Personal Loan Offer,0,0.15644150098287996
C00198,26,17331686.0,8,4,18,29476885.0,16,Mass,0,Personal Loan Offer,0,0.4249306161577967
C00199,36,8302709.0,138,6,42,12215648.0,28,Priority,0,Personal Loan Offer,1,0.47388858779480353
C00200,64,12347015.0,48,5,97,24592191.0,18,Affluent,1,Personal Loan Offer,1,0.6530814611975486
C00201,37,8515817.0,174,2,53,30768743.0,20,Mass,1,Personal Loan Offer,0,0.36711647424094274
C00202,61,8982947.0,69,6,91,118373161.0,28,Affluent,1,Personal Loan Offer,0,0.7856531905909618
C00203,43,6463659.0,36,3,15,30859877.0,36,Mass,0,Personal Loan Offer,0,0.23047901063070628
C00204,52,24072807.0,108,4,97,10774670.0,31,Affluent,1,Personal Loan Offer,0,0.8141131019039033
C00205,41,21564178.0,87,2,15,39339151.0,19,Mass,0,Personal Loan Offer,1,0.2224595371937804
C00206,32,16127006.0,86,4,83,8705701.0,19,Mass,1,Personal Loan Offer,1,0.608386686621611
C00207,55,35502901.0,172,4,89,49843485.0,19,Mass,1,Personal Loan Offer,1,0.6137106059082807
C00208,64,10813783.0,67,5,36,21335241.0,35,Priority,1,Personal Loan Offer,0,0.6328399844635978
C00209,32,63584897.0,73,3,37,29852724.0,22,Affluent,1,Personal Loan Offer,0,0.7737555615142523
C00210,56,10588468.0,114,4,62,3370558.0,21,Affluent,0,Personal Loan Offer,0,0.48357970185653604
C00211,32,13808205.0,33,4,75,2106413.0,22,Affluent,1,Personal Loan Offer,1,0.5758076032206163
C00212,53,9642002.0,150,3,20,4456252.0,29,Affluent,1,Personal Loan Offer,0,0.2954001645505198
C00213,56,14727047.0,43,4,31,114606340.0,19,Affluent,0,Personal Loan Offer,0,0.3656084285538505
C00214,41,19001062.0,46,1,78,6344431.0,29,Mass,0,Personal Loan Offer,0,0.3626396219759287
C00215,54,11271221.0,4,6,83,41597583.0,27,Mass,0,Personal Loan Offer,1,0.6281688290364222
C00216,33,31883944.0,64,1,23,10525748.0,27,Affluent,0,Personal Loan Offer,1,0.2610711497276602
C00217,24,13686894.0,106,6,90,15732084.0,17,Priority,0,Personal Loan Offer,0,0.6561275483964553
C00218,25,13924830.0,128,5,88,19125299.0,23,Mass,1,Personal Loan Offer,0,0.2415061362529396
C00219,41,7278741.0,162,6,88,103493696.0,23,Priority,1,Personal Loan Offer,1,0.8496635720405116
C00220,61,15105836.0,141,1,31,35882073.0,33,Affluent,1,Personal Loan Offer,0,0.5397819852732052
C00221,26,11147237.0,60,2,70,29393261.0,20,Mass,1,Personal Loan Offer,1,0.4986499262983744
C00222,41,8588077.0,149,1,24,73144044.0,21,Priority,0,Personal Loan Offer,0,0.243229524471613
C00223,52,7829086.0,37,3,27,10617838.0,21,Affluent,0,Personal Loan Offer,0,0.2209328084815912
C00224,30,52163161.0,40,6,16,58211053.0,23,Mass,1,Personal Loan Offer,0,0.31434075335696177
C00225,53,10381176.0,66,5,54,49256181.0,21,Affluent,1,Personal Loan Offer,0,0.6133662860424554
C00226,34,5384717.0,98,5,74,48697692.0,24,Mass,0,Personal Loan Offer,0,0.6884951317975849
C00227,57,8173399.0,39,6,28,17128017.0,21,Mass,0,Personal Loan Offer,0,0.42178247156084264
C00228,47,11664433.0,163,1,26,12915361.0,34,Mass,0,Personal Loan Offer,0,0.35263219800820944
C00229,45,16209111.0,51,5,35,8380509.0,19,Mass,0,Personal Loan Offer,1,0.46293690256950093
C00230,28,16281748.0,72,2,27,8922266.0,20,Affluent,0,Personal Loan Offer,0,0.2550172834952802
C00231,41,17409998.0,110,5,85,7994223.0,27,Mass,1,Personal Loan Offer,0,0.7234917446671983
C00232,59,8416832.0,79,5,25,28863564.0,31,Mass,0,Personal Loan Offer,0,0.4931916034964358
C00233,21,14471033.0,74,5,35,15917131.0,21,Mass,1,Personal Loan Offer,0,0.2964492174232868
C00234,55,7411805.0,178,3,37,30788230.0,21,Mass,1,Personal Loan Offer,1,0.42389696274720845
C00235,43,8534383.0,80,4,28,32577253.0,26,Mass,0,Personal Loan Offer,0,0.32869993287686333
C00236,53,7243951.0,23,3,95,6930807.0,24,Mass,1,Personal Loan Offer,1,0.5074296034970872
C00237,50,6241951.0,132,4,29,6725887.0,20,Mass,1,Personal Loan Offer,1,0.3708110279690859
C00238,40,21546683.0,128,3,54,15911974.0,25,Mass,0,Personal Loan Offer,0,0.47819819942774866
C00239,34,17525257.0,41,3,61,9212963.0,23,Affluent,0,Personal Loan Offer,0,0.6122874203309637
C00240,49,20533806.0,154,2,33,8292240.0,23,Affluent,0,Personal Loan Offer,0,0.2795321924953855
C00241,27,12262292.0,72,3,52,109007783.0,21,Affluent,1,Personal Loan Offer,0,0.5426595445277852
C00242,47,18396324.0,29,5,25,4316209.0,21,Mass,0,Personal Loan Offer,0,0.25686152405583274
C00243,25,4554872.0,33,6,53,151229220.0,28,Affluent,1,Personal Loan Offer,1,0.5659602890539315
C00244,50,19290346.0,130,1,11,26698534.0,27,Mass,0,Personal Loan Offer,0,0.21933838370049916
C00245,49,13227825.0,41,2,49,53622597.0,19,Affluent,1,Personal Loan Offer,0,0.5309646632816029
C00246,24,16942359.0,86,4,43,47658695.0,21,Mass,1,Personal Loan Offer,0,0.41674078950980503
C00247,55,14789530.0,133,5,41,37065679.0,28,Affluent,0,Personal Loan Offer,0,0.47849156537489856
C00248,39,6972866.0,154,2,20,105379073.0,32,Priority,0,Personal Loan Offer,1,0.5504478201180292
C00249,56,5264493.0,90,2,100,6775516.0,24,Affluent,0,Personal Loan Offer,1,0.5229273007852429
C00250,22,8111452.0,164,1,12,17104711.0,20,Affluent,0,Personal Loan Offer,0,0.1997520930625741
C00251,29,16372632.0,56,1,23,8523997.0,19,Mass,1,Personal Loan Offer,0,0.1103565246051611
C00252,43,17539525.0,158,1,19,3668023.0,30,Mass,0,Personal Loan Offer,0,0.22799673833196707
C00253,29,5654990.0,47,5,98,10324205.0,13,Mass,1,Personal Loan Offer,0,0.4828342142296496
C00254,35,6995744.0,14,6,38,130096964.0,29,Mass,0,Personal Loan Offer,0,0.44464570826317484
C00255,50,8061721.0,132,3,49,16814903.0,32,Affluent,0,Personal Loan Offer,0,0.4794748403321581
C00256,27,9859041.0,137,2,78,145365024.0,27,Affluent,0,Personal Loan Offer,0,0.4103752189261109
C00257,51,5673344.0,167,6,14,161024969.0,35,Priority,0,Personal Loan Offer,0,0.4125369780715715
C00258,25,5489176.0,167,2,16,399759309.0,29,Priority,1,Personal Loan Offer,0,0.24102356481452153
C00259,28,7636178.0,21,1,26,134454425.0,16,Mass,1,Personal Loan Offer,0,0.20193192049240866
C00260,47,12582995.0,113,1,71,211423692.0,30,Priority,1,Personal Loan Offer,1,0.4449824767011275
C00261,56,6268767.0,128,3,99,27685251.0,30,Affluent,1,Personal Loan Offer,0,0.8309307126637481
C00262,28,11259528.0,109,5,66,25129954.0,26,Affluent,1,Personal Loan Offer,0,0.7507751153342125
C00263,34,21479751.0,6,3,89,26858212.0,14,Mass,0,Personal Loan Offer,0,0.7005356887415994
C00264,62,5864562.0,11,3,90,20001244.0,23,Mass,0,Personal Loan Offer,0,0.3600800635303614
C00265,65,10711967.0,122,3,35,23228859.0,26,Mass,1,Personal Loan Offer,0,0.3194646673442865
C00266,47,21084177.0,155,6,26,42432511.0,26,Mass,0,Personal Loan Offer,1,0.30738022165604234
C00267,41,9533949.0,34,5,24,12552432.0,17,Mass,0,Personal Loan Offer,0,0.5727587278858501
C00268,36,8752928.0,11,4,82,5043539.0,17,Mass,1,Personal Loan Offer,0,0.6203692638152252
C00269,48,22756011.0,74,3,70,28770515.0,17,Mass,0,Personal Loan Offer,0,0.3563303694252411
C00270,47,10140076.0,58,4,88,10003424.0,29,Mass,1,Personal Loan Offer,0,0.6147731224136617
C00271,34,22029422.0,177,6,56,11094603.0,26,Mass,1,Personal Loan Offer,0,0.37309943252024713
C00272,22,15193043.0,167,4,98,17339360.0,24,Affluent,1,Personal Loan Offer,0,0.6540026445680459
C00273,27,9937764.0,102,5,91,13785110.0,26,Mass,1,Personal Loan Offer,0,0.5907044539306661
C00274,64,15622879.0,172,1,83,60689747.0,29,Mass,0,Personal Loan Offer,0,0.5594472563317063
C00275,39,14312795.0,43,6,83,16928367.0,25,Mass,0,Personal Loan Offer,1,0.7361219869556282
C00276,42,21039302.0,179,6,21,63827358.0,25,Mass,1,Personal Loan Offer,0,0.4341542158844096
C00277,42,8875695.0,82,5,77,24575463.0,16,Mass,1,Personal Loan Offer,0,0.5124039384102778
C00278,56,12275065.0,87,6,96,18305531.0,24,Affluent,0,Personal Loan Offer,1,0.33696360290393124
C00279,23,11600788.0,11,4,36,23428489.0,17,Mass,0,Personal Loan Offer,0,0.5541263307711071
C00280,24,17675653.0,34,2,84,5496450.0,30,Mass,0,Personal Loan Offer,0,0.42268987222161336
C00281,33,6828179.0,37,4,41,28044975.0,29,Mass,0,Personal Loan Offer,0,0.40257483706756064
C00282,42,20994154.0,89,4,29,46755017.0,26,Mass,1,Personal Loan Offer,1,0.6607314630510396
C00283,51,15508488.0,36,1,76,53870483.0,23,Priority,1,Personal Loan Offer,0,0.3933046404655736
C00284,43,5815913.0,21,2,25,5173545.0,23,Mass,0,Personal Loan Offer,0,0.2580904656519108
C00285,40,23323261.0,110,2,53,4378701.0,25,Mass,1,Personal Loan Offer,0,0.4569193818620806
C00286,63,41003517.0,158,4,95,11692104.0,28,Affluent,1,Personal Loan Offer,1,0.8238707993233326
C00287,28,20820026.0,15,1,24,79869546.0,21,Affluent,1,Personal Loan Offer,0,0.319805219172454
C00288,46,26304717.0,102,5,24,24945855.0,22,Mass,1,Personal Loan Offer,0,0.5527774269895855
C00289,45,12576889.0,173,1,95,9216884.0,23,Priority,1,Personal Loan Offer,0,0.5412553553351109
C00290,42,4811837.0,75,6,80,4677636.0,33,Mass,1,Personal Loan Offer,1,0.6676800033370092
C00291,57,4352021.0,35,5,52,10091999.0,19,Mass,1,Personal Loan Offer,0,0.48757391085566154
C00292,33,13807360.0,17,3,46,9432688.0,30,Affluent,0,Personal Loan Offer,0,0.43871551721654367
C00293,63,8665229.0,169,3,97,50975748.0,25,Priority,1,Personal Loan Offer,1,0.7050807976940793
C00294,35,7256443.0,75,5,75,55051908.0,25,Mass,1,Personal Loan Offer,0,0.44382351472512716
C00295,45,11592936.0,21,1,92,6999442.0,30,Mass,1,Personal Loan Offer,0,0.4417876473865212
C00296,44,16835312.0,157,5,18,42474264.0,29,Mass,0,Personal Loan Offer,0,0.24027185848858587
C00297,59,5397252.0,145,4,58,38339825.0,26,Affluent,0,Personal Loan Offer,0,0.45053554783489475
C00298,40,9374788.0,128,2,75,6147537.0,24,Mass,1,Personal Loan Offer,0,0.5754496892369826
C00299,33,27531630.0,18,6,13,18391959.0,25,Priority,1,Personal Loan Offer,0,0.5761868717248101
C00300,21,6642564.0,17,4,56,28122002.0,31,Mass,0,Personal Loan Offer,0,0.48674959132750717
C00301,37,19361282.0,41,1,15,23546276.0,27,Affluent,0,Personal Loan Offer,0,0.15317499730193823
C00302,58,9191735.0,31,4,91,3615359.0,20,Affluent,1,Personal Loan Offer,0,0.6555623748003331
C00303,21,16201328.0,97,3,71,22803516.0,27,Mass,0,Personal Loan Offer,0,0.478650837453545
C00304,61,21942750.0,72,5,27,37788211.0,18,Mass,0,Personal Loan Offer,0,0.46630869593002416
C00305,45,18040363.0,139,3,57,97059718.0,25,Mass,1,Personal Loan Offer,1,0.6225642287958011
C00306,27,19785403.0,21,6,19,10246550.0,22,Affluent,1,Personal Loan Offer,1,0.41294276056353335
C00307,34,6369559.0,132,6,83,11591582.0,26,Mass,0,Personal Loan Offer,1,0.5700522220770354
C00308,45,22140743.0,169,1,27,16230067.0,29,Affluent,1,Personal Loan Offer,0,0.44308811981792684
C00309,35,7507672.0,26,3,65,26761069.0,19,Mass,0,Personal Loan Offer,0,0.3519376761920583
C00310,25,13841269.0,119,2,17,22037599.0,25,Mass,0,Personal Loan Offer,0,0.2659292934457722
C00311,50,13831409.0,93,3,24,36599708.0,28,Mass,0,Personal Loan Offer,0,0.14611811264184515
C00312,51,15669624.0,19,1,99,6491838.0,31,Mass,0,Personal Loan Offer,0,0.48072214728706975
C00313,26,14443332.0,55,4,45,29742767.0,21,Mass,1,Personal Loan Offer,0,0.5733663110501226
C00314,33,7544442.0,143,1,21,9521162.0,23,Priority,1,Personal Loan Offer,1,0.347696634636623
C00315,31,5711488.0,157,4,73,17329294.0,23,Affluent,1,Personal Loan Offer,0,0.6587756680231323
C00316,50,19388855.0,68,3,28,110359796.0,27,Mass,0,Personal Loan Offer,0,0.4740601880136608
C00317,53,13291380.0,21,6,63,4940613.0,35,Priority,1,Personal Loan Offer,1,0.8051145123830866
C00318,53,22579985.0,46,6,83,15123727.0,30,Mass,1,Personal Loan Offer,1,0.6215158772696324
C00319,63,11708365.0,153,4,72,5590599.0,19,Priority,0,Personal Loan Offer,0,0.7117035718107109
C00320,55,5540398.0,104,3,32,23308084.0,19,Mass,0,Personal Loan Offer,0,0.5727968461579466
C00321,35,20415164.0,79,5,31,57052117.0,25,Mass,0,Personal Loan Offer,0,0.42511082274880563
C00322,25,9788447.0,5,5,30,23697923.0,19,Affluent,0,Personal Loan Offer,0,0.2841350090808713
C00323,48,14483478.0,142,1,67,17796760.0,22,Mass,0,Personal Loan Offer,0,0.31504051581235
C00324,62,8404808.0,85,3,71,75500147.0,25,Affluent,0,Personal Loan Offer,1,0.5897607012770383
C00325,64,29644381.0,100,6,57,27833343.0,27,Affluent,1,Personal Loan Offer,0,0.44174778664481085
C00326,31,7409745.0,153,2,46,45390296.0,25,Mass,0,Personal Loan Offer,0,0.25706604438326736
C00327,31,9967405.0,103,1,15,40894258.0,29,Mass,1,Personal Loan Offer,0,0.19758172270222943
C00328,22,12730535.0,168,6,86,1126924.0,30,Mass,0,Personal Loan Offer,0,0.6544617220187852
C00329,27,6581129.0,102,6,70,18523931.0,41,Mass,1,Personal Loan Offer,0,0.7810678398461698
C00330,45,14392286.0,63,4,68,6805001.0,21,Mass,0,Personal Loan Offer,0,0.5770655935865078
C00331,45,29120937.0,167,4,19,8726945.0,20,Mass,0,Personal Loan Offer,0,0.23964515239759182
C00332,37,9162806.0,117,3,36,87384540.0,29,Mass,1,Personal Loan Offer,0,0.7932131472777932
C00333,34,14913028.0,138,3,37,13748459.0,24,Mass,0,Personal Loan Offer,0,0.34979732731494634
C00334,58,3000000.0,43,6,64,132727807.0,30,Mass,0,Personal Loan Offer,0,0.3578389576049551
C00335,41,11745798.0,122,6,81,4894166.0,25,Mass,0,Personal Loan Offer,0,0.4852951866375152
C00336,57,10102000.0,102,3,88,6767025.0,20,Mass,1,Personal Loan Offer,1,0.38724291821242823
C00337,64,7650209.0,21,2,57,42866170.0,28,Affluent,1,Personal Loan Offer,0,0.2850376630996966
C00338,35,21751972.0,48,2,43,14215896.0,24,Affluent,1,Personal Loan Offer,0,0.4780888702781683
C00339,30,10028917.0,165,1,47,27195720.0,22,Mass,0,Personal Loan Offer,1,0.103619822261051
C00340,63,10884002.0,104,3,77,17875400.0,28,Affluent,1,Personal Loan Offer,1,0.6708034890082214
C00341,49,9751787.0,140,4,38,17342429.0,21,Mass,0,Personal Loan Offer,1,0.46949636561327873
C00342,34,4181449.0,33,5,47,14753734.0,26,Mass,0,Personal Loan Offer,0,0.3771215530850199
C00343,48,6438619.0,41,5,81,23932219.0,20,Mass,0,Personal Loan Offer,0,0.6641088293025181
C00344,44,20358694.0,170,3,59,37991808.0,19,Mass,0,Personal Loan Offer,0,0.3141314732561475
C00345,61,3760056.0,77,2,52,100499668.0,25,Affluent,0,Personal Loan Offer,0,0.3185179268953412
C00346,32,7872953.0,160,6,76,16333525.0,29,Mass,0,Personal Loan Offer,0,0.6583501138774864
C00347,65,9631708.0,146,5,36,13491960.0,34,Affluent,0,Personal Loan Offer,0,0.4575903054792274
C00348,63,31308783.0,62,4,15,11861178.0,26,Mass,0,Personal Loan Offer,0,0.2904554832482995
C00349,29,18313504.0,172,1,81,86965904.0,25,Mass,0,Personal Loan Offer,0,0.4517169723805947
C00350,28,8832719.0,141,3,51,39887268.0,29,Mass,0,Personal Loan Offer,1,0.561751474958343
C00351,44,24591213.0,25,4,39,2994265.0,30,Mass,1,Personal Loan Offer,0,0.5897149339879029
C00352,23,7985464.0,19,6,18,2865124.0,23,Mass,0,Personal Loan Offer,0,0.4171381731872645
C00353,34,20903394.0,25,4,94,8720481.0,26,Mass,0,Personal Loan Offer,0,0.5741915646649808
C00354,40,5683255.0,134,3,75,25175662.0,24,Mass,1,Personal Loan Offer,0,0.5296062186476832
C00355,64,21654179.0,28,3,34,19341676.0,22,Priority,0,Personal Loan Offer,0,0.36286145796147723
C00356,65,9597793.0,53,3,65,33465358.0,18,Affluent,1,Personal Loan Offer,0,0.6326881616494604
C00357,27,6815704.0,80,1,52,16781697.0,22,Affluent,0,Personal Loan Offer,0,0.480785569498775
C00358,61,10649124.0,27,1,39,80894921.0,18,Priority,0,Personal Loan Offer,0,0.6225509485082942
C00359,25,13977459.0,61,5,38,43286623.0,15,Mass,1,Personal Loan Offer,1,0.3198631124678321
C00360,54,9141231.0,123,3,16,21613300.0,17,Affluent,0,Personal Loan Offer,0,0.2204575409385611
C00361,59,16274201.0,176,6,98,62870164.0,24,Priority,1,Personal Loan Offer,1,0.8241231071048487
C00362,61,8708156.0,86,3,94,3845202.0,27,Mass,1,Personal Loan Offer,0,0.5117671760048614
C00363,31,16879696.0,135,6,89,18368873.0,21,Affluent,0,Personal Loan Offer,0,0.7968542223961965
C00364,61,15304223.0,97,2,38,22948317.0,24,Mass,0,Personal Loan Offer,0,0.481298522084971
C00365,26,11604570.0,86,2,100,36516667.0,26,Mass,1,Personal Loan Offer,0,0.7372108978274667
C00366,44,9413515.0,95,4,35,3598677.0,24,Mass,0,Personal Loan Offer,0,0.36874609081460025
C00367,42,13043033.0,173,5,85,15414758.0,21,Mass,0,Personal Loan Offer,0,0.6907401799218696
C00368,35,16241119.0,13,1,19,29850246.0,22,Mass,0,Personal Loan Offer,0,0.19376626098676747
C00369,21,37296377.0,94,4,38,32229894.0,30,Affluent,1,Personal Loan Offer,0,0.5597557708452602
C00370,55,20117456.0,12,2,62,65487685.0,19,Mass,0,Personal Loan Offer,0,0.41474831638723114
C00371,36,20526180.0,158,5,98,42829949.0,26,Mass,0,Personal Loan Offer,0,0.6591423049920434
C00372,50,65600831.0,110,4,34,18819362.0,30,Mass,1,Personal Loan Offer,0,0.7438556305859981
C00373,39,15937643.0,11,4,49,39279628.0,19,Priority,1,Personal Loan Offer,0,0.37696823557573417
C00374,37,15665496.0,114,2,86,16352301.0,31,Affluent,1,Personal Loan Offer,1,0.5703339793826079
C00375,60,17674359.0,80,2,52,23161843.0,27,Mass,0,Personal Loan Offer,0,0.3907461785941897
C00376,25,6889341.0,11,4,72,44280067.0,19,Affluent,1,Personal Loan Offer,0,0.6274223726695801
C00377,54,9400480.0,177,3,48,19114199.0,25,Affluent,0,Personal Loan Offer,1,0.30926075238611056
C00378,54,9083990.0,70,5,10,28723682.0,22,Affluent,0,Personal Loan Offer,0,0.33322529914912974
C00379,38,17134506.0,7,1,35,52302336.0,27,Affluent,0,Personal Loan Offer,1,0.28716414546916413
C00380,32,10903792.0,112,2,61,40767987.0,19,Mass,0,Personal Loan Offer,0,0.16918431931791778
C00381,21,12947847.0,69,1,11,68662564.0,24,Mass,0,Personal Loan Offer,0,0.3330126716100713
C00382,63,21823922.0,119,1,31,205240112.0,25,Affluent,0,Personal Loan Offer,0,0.22646806669718889
C00383,63,19291017.0,31,2,96,40393143.0,26,Affluent,0,Personal Loan Offer,1,0.41562405793322627
C00384,31,10978734.0,150,3,11,12609364.0,29,Mass,0,Personal Loan Offer,1,0.36909697380944845
C00385,22,8301277.0,77,1,32,33366597.0,17,Mass,1,Personal Loan Offer,0,0.21895230704623633
C00386,26,22405529.0,77,1,66,31962096.0,27,Mass,1,Personal Loan Offer,0,0.37836122896475605
C00387,24,18366839.0,146,6,61,36938079.0,23,Mass,0,Personal Loan Offer,0,0.527979835372223
C00388,58,4960296.0,100,4,28,89188180.0,30,Mass,0,Personal Loan Offer,1,0.4842497761964641
C00389,61,10101379.0,3,5,15,3712185.0,33,Mass,1,Personal Loan Offer,1,0.28651857803458625
C00390,27,13143668.0,105,5,91,90882755.0,24,Mass,1,Personal Loan Offer,1,0.6993177888483415
C00391,54,18416795.0,117,1,60,127249426.0,19,Mass,0,Personal Loan Offer,0,0.26249089733007996
C00392,29,19795655.0,58,4,62,35297175.0,22,Mass,1,Personal Loan Offer,0,0.5350270001666375
C00393,37,14027995.0,35,6,15,36156884.0,18,Mass,1,Personal Loan Offer,0,0.480315918094708
C00394,47,16556732.0,12,3,29,15706701.0,35,Mass,1,Personal Loan Offer,0,0.5200804469372967
C00395,53,12430858.0,153,6,16,20126881.0,28,Mass,0,Personal Loan Offer,0,0.22386552938727958
C00396,60,8283688.0,3,6,99,40192662.0,22,Mass,1,Personal Loan Offer,0,0.6337246558707136
C00397,23,10393818.0,106,4,80,37685849.0,24,Mass,1,Personal Loan Offer,1,0.7210799447543553
C00398,29,12125999.0,151,1,59,41117836.0,29,Mass,0,Personal Loan Offer,1,0.477628070534366
C00399,33,11773286.0,65,4,71,37427317.0,35,Mass,1,Personal Loan Offer,0,0.5051143284259662
C00400,34,4253923.0,38,6,25,49112925.0,16,Affluent,1,Personal Loan Offer,0,0.43663090897254847
C00401,65,9643565.0,130,4,99,43920490.0,26,Affluent,1,Personal Loan Offer,0,0.6988358842740693
C00402,55,12376751.0,115,5,57,7180605.0,30,Mass,1,Personal Loan Offer,0,0.4535078688223669
C00403,35,10279516.0,5,4,57,45970520.0,30,Affluent,1,Personal Loan Offer,1,0.5934636969643163
C00404,64,10476698.0,105,3,97,128293280.0,36,Mass,1,Personal Loan Offer,0,0.6636134195022179
C00405,43,15694368.0,3,6,18,19474492.0,27,Mass,0,Personal Loan Offer,1,0.2757721725120333
C00406,43,6629174.0,74,1,48,89587179.0,25,Mass,0,Personal Loan Offer,0,0.26605960552629243
C00407,40,4901216.0,57,3,18,7991967.0,14,Affluent,0,Personal Loan Offer,0,0.2527429778869069
C00408,27,9908701.0,151,1,48,19413519.0,25,Mass,0,Personal Loan Offer,0,0.2846758287752449
C00409,63,18268341.0,176,4,34,10533642.0,26,Affluent,0,Personal Loan Offer,0,0.48166786036430437
C00410,21,30358023.0,127,6,51,79436148.0,12,Priority,0,Personal Loan Offer,0,0.6774386953263188
C00411,28,18450236.0,133,6,73,103152536.0,29,Mass,0,Personal Loan Offer,1,0.545216683827716
C00412,31,5351418.0,7,2,35,18111302.0,28,Priority,1,Personal Loan Offer,0,0.5633218109551047
C00413,33,10560331.0,14,5,14,64508293.0,27,Affluent,0,Personal Loan Offer,0,0.40331041977778814
C00414,26,13819153.0,141,6,24,104204874.0,24,Mass,1,Personal Loan Offer,0,0.6090745409503843
C00415,21,13231254.0,79,6,75,19352341.0,33,Mass,1,Personal Loan Offer,0,0.7658968197902873
C00416,51,16143608.0,93,4,62,22770911.0,27,Mass,0,Personal Loan Offer,0,0.3613788667868409
C00417,64,7246581.0,126,2,99,41651927.0,27,Mass,0,Personal Loan Offer,0,0.47010479404748723
C00418,26,12436371.0,64,3,91,8612325.0,25,Mass,1,Personal Loan Offer,0,0.49083974390269886
C00419,34,15120995.0,124,5,24,22327740.0,24,Mass,1,Personal Loan Offer,0,0.415858590305252
C00420,43,18897425.0,132,4,76,170463190.0,29,Mass,1,Personal Loan Offer,1,0.671591161387788
C00421,62,7704169.0,45,3,18,12130449.0,23,Mass,0,Personal Loan Offer,0,0.2851271666963766
C00422,52,9925134.0,125,2,18,46972321.0,21,Mass,0,Personal Loan Offer,0,0.20163999389554157
C00423,55,3000000.0,33,4,82,33768780.0,20,Priority,1,Personal Loan Offer,0,0.7920280749985064
C00424,47,8525849.0,58,3,46,16978815.0,15,Mass,0,Personal Loan Offer,0,0.3011932472743613
C00425,39,8993287.0,141,3,100,24962816.0,36,Priority,1,Personal Loan Offer,1,0.7675092785405067
C00426,29,6849223.0,177,6,10,115393981.0,30,Mass,0,Personal Loan Offer,0,0.3675978307771633
C00427,59,13144367.0,14,1,55,34789980.0,17,Mass,0,Personal Loan Offer,0,0.3246375788585539
C00428,57,11636383.0,118,2,38,40672447.0,23,Mass,0,Personal Loan Offer,0,0.39343833909938997
C00429,22,3463706.0,104,6,99,99146105.0,25,Mass,0,Personal Loan Offer,0,0.8156722631720695
C00430,53,13510079.0,110,6,70,14974097.0,17,Mass,1,Personal Loan Offer,0,0.6020689899145852
C00431,24,7201781.0,143,2,80,7020380.0,24,Mass,1,Personal Loan Offer,1,0.38706242010342773
C00432,54,15674506.0,15,6,36,117223183.0,24,Affluent,0,Personal Loan Offer,0,0.7131293079573225
C00433,58,5929195.0,134,2,91,22925597.0,29,Mass,1,Personal Loan Offer,1,0.5586551028864244
C00434,26,12199686.0,52,1,86,48878280.0,20,Mass,1,Personal Loan Offer,0,0.4689320894776708
C00435,40,10269382.0,30,2,81,9331568.0,25,Mass,1,Personal Loan Offer,1,0.5891537923792723
C00436,26,14176883.0,82,4,53,29496116.0,25,Affluent,1,Personal Loan Offer,0,0.549284072215479
C00437,46,12851881.0,7,1,93,6677873.0,16,Priority,1,Personal Loan Offer,1,0.8200533400178899
C00438,62,10428749.0,115,2,70,21316302.0,25,Mass,1,Personal Loan Offer,0,0.4243987341602799
C00439,24,5154947.0,103,5,15,10462622.0,31,Mass,1,Personal Loan Offer,0,0.4673222178702949
C00440,38,5325157.0,94,4,90,8315140.0,31,Priority,1,Personal Loan Offer,1,0.7201850310657453
C00441,64,8703879.0,8,4,11,14770170.0,28,Priority,0,Personal Loan Offer,0,0.4454880420497743
C00442,34,11945477.0,138,6,72,2018474.0,25,Affluent,1,Personal Loan Offer,0,0.5960717768284342
C00443,26,8588038.0,9,2,32,6270335.0,26,Affluent,0,Personal Loan Offer,0,0.3021970610475243
C00444,42,16924685.0,49,6,91,43734901.0,27,Mass,1,Personal Loan Offer,1,0.7254728503754064
C00445,43,10291673.0,73,3,76,28315197.0,26,Mass,0,Personal Loan Offer,0,0.3805659156788964
C00446,50,7057915.0,127,6,83,6831507.0,33,Mass,0,Personal Loan Offer,0,0.5528194275074934
C00447,35,10298041.0,75,5,73,34591426.0,29,Mass,1,Personal Loan Offer,0,0.5595554148156524
C00448,64,13587219.0,148,2,61,8310495.0,23,Affluent,1,Personal Loan Offer,1,0.6069983958928187
C00449,44,14347752.0,169,2,88,41169436.0,34,Mass,1,Personal Loan Offer,1,0.5353139976309929
C00450,33,33717439.0,139,4,37,17815934.0,36,Mass,1,Personal Loan Offer,0,0.474020732875447
C00451,64,8306236.0,9,4,58,14448768.0,33,Affluent,1,Personal Loan Offer,1,0.39230608836879133
C00452,62,11524710.0,140,2,37,18259192.0,29,Mass,1,Personal Loan Offer,0,0.5223784043092982
C00453,43,15169318.0,39,2,20,258594379.0,26,Mass,0,Personal Loan Offer,0,0.4443131623728567
C00454,22,11846400.0,161,6,89,9364545.0,27,Affluent,1,Personal Loan Offer,1,0.8109871660563467
C00455,47,9111767.0,177,5,55,25085524.0,29,Mass,1,Personal Loan Offer,0,0.31272532311262285
C00456,45,5118263.0,17,2,14,43689202.0,23,Mass,0,Personal Loan Offer,0,0.26318413486953546
C00457,27,9060711.0,20,5,85,7639403.0,21,Mass,1,Personal Loan Offer,0,0.45995512086407264
C00458,49,6648361.0,127,1,95,4061184.0,23,Mass,1,Personal Loan Offer,0,0.5568160725571315
C00459,58,4642593.0,28,3,70,10964186.0,22,Mass,0,Personal Loan Offer,0,0.4756255785981153
C00460,25,7746827.0,175,1,39,42742574.0,21,Affluent,0,Personal Loan Offer,0,0.38671195596858554
C00461,53,6746381.0,99,4,88,14206915.0,28,Mass,1,Personal Loan Offer,0,0.4698958205726953
C00462,27,16543433.0,105,2,77,15873108.0,37,Affluent,0,Personal Loan Offer,1,0.4228425471293352
C00463,54,16701644.0,156,2,35,49724707.0,22,Mass,0,Personal Loan Offer,0,0.2546066960578122
C00464,39,7299260.0,41,2,40,8929757.0,27,Affluent,0,Personal Loan Offer,0,0.4038444410536505
C00465,21,10399741.0,101,2,99,18301389.0,20,Mass,0,Personal Loan Offer,0,0.4912892530070477
C00466,64,4318349.0,180,1,96,4401262.0,23,Affluent,1,Personal Loan Offer,1,0.5501709284631545
C00467,28,9143285.0,6,4,71,27562367.0,27,Mass,1,Personal Loan Offer,1,0.37837291771566023
C00468,47,14944550.0,34,6,13,25159595.0,23,Affluent,1,Personal Loan Offer,0,0.4311183483503729
C00469,29,18889807.0,29,2,30,44312578.0,26,Mass,0,Personal Loan Offer,0,0.4805374751854943
C00470,62,8107023.0,62,5,42,6362848.0,13,Priority,0,Personal Loan Offer,0,0.5518575523596044
C00471,54,21400768.0,26,4,58,16507993.0,20,Mass,0,Personal Loan Offer,1,0.524759776259646
C00472,57,5213629.0,33,2,88,5569258.0,28,Affluent,1,Personal Loan Offer,0,0.5885637024350463
C00473,40,6041857.0,154,1,87,15636776.0,19,Mass,1,Personal Loan Offer,0,0.36299476326737673
C00474,42,17729336.0,85,5,34,88016153.0,29,Mass,1,Personal Loan Offer,0,0.6456189191948016
C00475,49,30084898.0,66,1,19,14512053.0,34,Affluent,0,Personal Loan Offer,0,0.378620326467483
C00476,56,15741401.0,77,3,35,5102918.0,28,Mass,0,Personal Loan Offer,0,0.3731071240768108
C00477,59,11736672.0,175,1,31,10133563.0,25,Affluent,0,Personal Loan Offer,0,0.3901806253165896
C00478,21,3587859.0,90,5,91,3993949.0,19,Mass,1,Personal Loan Offer,0,0.6865406591677288
C00479,50,3945441.0,86,6,11,5473725.0,19,Affluent,1,Personal Loan Offer,0,0.24814496861054672
C00480,25,12885233.0,168,2,85,39123340.0,25,Mass,1,Personal Loan Offer,0,0.4982538455349816
C00481,33,9854933.0,9,2,69,4708875.0,13,Mass,1,Personal Loan Offer,0,0.663535089348613
C00482,58,6531896.0,88,4,19,27332073.0,12,Affluent,0,Personal Loan Offer,0,0.5390797139198202
C00483,32,12440404.0,136,4,72,20521538.0,20,Affluent,0,Personal Loan Offer,0,0.5497233522786458
C00484,56,12784441.0,94,3,62,11754122.0,26,Affluent,0,Personal Loan Offer,1,0.589280460079562
C00485,41,20172804.0,157,3,10,25105382.0,21,Affluent,0,Personal Loan Offer,0,0.29201127343645167
C00486,31,12936308.0,160,2,30,7830848.0,12,Mass,1,Personal Loan Offer,0,0.3068506404026534
C00487,36,23582940.0,62,2,41,46366475.0,31,Affluent,0,Personal Loan Offer,0,0.37837935312970067
C00488,44,12052877.0,148,4,29,9948203.0,32,Mass,0,Personal Loan Offer,0,0.31151349742718304
C00489,55,11262430.0,46,5,62,13590423.0,18,Mass,0,Personal Loan Offer,0,0.419568067787325
C00490,48,21547900.0,45,5,66,12065876.0,33,Affluent,0,Personal Loan Offer,0,0.7956938242304473
C00491,62,7005981.0,176,4,25,39853325.0,23,Mass,0,Personal Loan Offer,0,0.27662107037589745
C00492,60,56421639.0,5,5,21,34472992.0,24,Priority,0,Personal Loan Offer,0,0.7292796265467612
C00493,54,14750814.0,65,4,69,1453582.0,22,Priority,0,Personal Loan Offer,0,0.5568744358155602
C00494,48,14796087.0,115,3,52,25789701.0,22,Affluent,0,Personal Loan Offer,0,0.39620425198245574
C00495,34,16017941.0,76,3,34,3494322.0,19,Mass,0,Personal Loan Offer,0,0.3780255796742836
C00496,39,33694402.0,153,4,33,14216604.0,29,Affluent,0,Personal Loan Offer,0,0.34068598954745105
C00497,26,18555862.0,47,2,13,17949428.0,26,Mass,0,Personal Loan Offer,0,0.32610784669614334
C00498,37,4963573.0,101,5,87,14064783.0,26,Mass,0,Personal Loan Offer,0,0.5663946428808667
C00499,62,25966711.0,25,2,86,33001450.0,20,Affluent,0,Personal Loan Offer,1,0.5152258248584654
C00500,40,9948418.0,40,1,60,41091810.0,15,Affluent,0,Personal Loan Offer,0,0.30759683344688776
C00501,26,12728479.0,33,3,41,9228223.0,28,Mass,1,Personal Loan Offer,0,0.6072375841748434
C00502,50,5937671.0,134,1,29,8898968.0,23,Affluent,1,Personal Loan Offer,0,0.28416512036638214
C00503,64,16027689.0,39,2,37,19293393.0,22,Affluent,1,Personal Loan Offer,0,0.3652746380623405
C00504,60,8386731.0,122,3,94,4271650.0,31,Mass,0,Personal Loan Offer,0,0.6567762879595832
C00505,33,12679670.0,64,1,18,12413124.0,30,Mass,0,Personal Loan Offer,0,0.1683320129700143
C00506,41,10264098.0,103,2,84,77000361.0,20,Affluent,1,Personal Loan Offer,1,0.6736231860998985
C00507,44,34593427.0,158,4,37,4434575.0,28,Mass,1,Personal Loan Offer,0,0.44528035490042667
C00508,32,35699969.0,156,3,34,14233736.0,29,Mass,0,Personal Loan Offer,0,0.2575627616994172
C00509,33,12310947.0,4,6,83,11061067.0,26,Mass,1,Personal Loan Offer,1,0.5610537189069398
C00510,31,12429770.0,142,1,97,148561670.0,21,Affluent,1,Personal Loan Offer,1,0.43863195623095647
C00511,65,9771921.0,173,5,100,11679919.0,14,Affluent,0,Personal Loan Offer,1,0.6846774552793267
C00512,54,22047740.0,121,4,34,12378008.0,26,Affluent,0,Personal Loan Offer,0,0.3639912582450695
C00513,58,10014166.0,36,4,63,7134680.0,28,Affluent,1,Personal Loan Offer,0,0.4228073750352916
C00514,57,9517871.0,121,5,36,20187308.0,16,Affluent,0,Personal Loan Offer,0,0.4853751037732554
C00515,64,20555586.0,116,1,27,26203666.0,21,Affluent,0,Personal Loan Offer,0,0.32305168010123164
C00516,25,8924873.0,120,5,45,8247519.0,23,Mass,1,Personal Loan Offer,0,0.5812969237842469
C00517,60,11753386.0,79,2,15,53755988.0,25,Mass,0,Personal Loan Offer,0,0.3767997982576891
C00518,23,5028822.0,96,4,24,26227169.0,22,Mass,1,Personal Loan Offer,0,0.32095942554229284
C00519,42,17676063.0,119,2,64,46881894.0,21,Mass,1,Personal Loan Offer,0,0.4830391536579664
C00520,47,34896393.0,85,3,72,14405308.0,21,Mass,1,Personal Loan Offer,0,0.3603045934084855
C00521,37,17842453.0,140,5,34,25506074.0,31,Mass,1,Personal Loan Offer,0,0.523254553853023
C00522,27,26813251.0,129,6,60,16161563.0,20,Mass,1,Personal Loan Offer,1,0.6228482222353188
C00523,29,7534937.0,56,6,79,85919759.0,32,Mass,1,Personal Loan Offer,1,0.7282549402082928
C00524,58,13665645.0,111,5,91,22465851.0,19,Mass,0,Personal Loan Offer,0,0.5739763851272153
C00525,35,7143256.0,137,4,61,20175848.0,18,Mass,1,Personal Loan Offer,0,0.4047095749600076
C00526,34,10587093.0,90,4,31,12647888.0,33,Affluent,0,Personal Loan Offer,0,0.39336097964180083
C00527,62,18349879.0,130,6,74,11938502.0,32,Affluent,1,Personal Loan Offer,0,0.8114156881739465
C00528,27,12691189.0,25,2,25,25367133.0,19,Affluent,0,Personal Loan Offer,0,0.35173674338697936
C00529,62,5517661.0,71,6,22,45391267.0,25,Mass,0,Personal Loan Offer,0,0.2295389844414704
C00530,62,5821981.0,127,4,42,10086261.0,25,Affluent,1,Personal Loan Offer,0,0.5190238301899476
C00531,47,5614017.0,162,4,39,22698788.0,18,Affluent,1,Personal Loan Offer,1,0.3612709821228999
C00532,28,15724273.0,117,4,23,24044391.0,32,Mass,0,Personal Loan Offer,1,0.48840748331224754
C00533,28,37339384.0,121,5,14,28619714.0,29,Mass,0,Personal Loan Offer,0,0.48380712657506847
C00534,33,25387545.0,63,5,96,3626384.0,24,Mass,0,Personal Loan Offer,1,0.78753598046759
C00535,46,4229631.0,127,1,71,7932749.0,25,Mass,1,Personal Loan Offer,1,0.49808118790890876
C00536,27,26219369.0,66,5,75,5103302.0,24,Mass,1,Personal Loan Offer,0,0.7015958773083527
C00537,41,20084068.0,12,5,16,20668622.0,21,Mass,0,Personal Loan Offer,1,0.49621202047286184
C00538,26,5129415.0,46,6,82,8123482.0,28,Mass,1,Personal Loan Offer,0,0.6964381746557787
C00539,45,10156824.0,111,6,43,12176297.0,21,Mass,0,Personal Loan Offer,0,0.37728675217082613
C00540,21,21920976.0,174,6,78,6058436.0,30,Mass,1,Personal Loan Offer,0,0.5016779522814132
C00541,52,16242724.0,91,1,54,13363081.0,27,Priority,1,Personal Loan Offer,0,0.3595800636387336
C00542,23,5841014.0,156,4,32,6498872.0,31,Mass,1,Personal Loan Offer,1,0.44257662697904576
C00543,29,16790527.0,141,6,33,42676171.0,30,Affluent,0,Personal Loan Offer,0,0.27055598239023865
C00544,28,3703511.0,102,6,22,32296545.0,32,Mass,1,Personal Loan Offer,1,0.38979103812648297
C00545,58,10615917.0,146,4,85,23242013.0,25,Affluent,0,Personal Loan Offer,0,0.5830670688353055
C00546,23,22438604.0,74,6,49,14787620.0,25,Affluent,1,Personal Loan Offer,0,0.7260144132173023
C00547,40,12122018.0,81,6,80,2606597.0,27,Mass,1,Personal Loan Offer,0,0.5999373313443906
C00548,47,9120193.0,134,1,85,12648336.0,26,Affluent,1,Personal Loan Offer,1,0.45377415895355244
C00549,44,19570965.0,116,6,25,9339715.0,26,Affluent,1,Personal Loan Offer,1,0.652322755832156
C00550,51,20512207.0,96,4,40,25610604.0,23,Affluent,0,Personal Loan Offer,1,0.4631275717297384
C00551,57,24666067.0,80,4,21,37167675.0,23,Mass,0,Personal Loan Offer,0,0.33219525020157215
C00552,38,19410128.0,176,2,10,27670447.0,30,Mass,0,Personal Loan Offer,1,0.2147060766469424
C00553,58,21751066.0,14,6,99,70722982.0,21,Affluent,0,Personal Loan Offer,1,0.7799686719138066
C00554,35,17957473.0,12,2,70,11329592.0,29,Mass,0,Personal Loan Offer,0,0.4114304992237166
C00555,65,13886920.0,88,3,51,10869453.0,24,Mass,0,Personal Loan Offer,0,0.35881543032616736
C00556,43,12605543.0,9,2,28,56464409.0,29,Priority,0,Personal Loan Offer,0,0.5827811447930292
C00557,54,10531953.0,63,6,63,23616572.0,29,Priority,1,Personal Loan Offer,1,0.6690927412363683
C00558,60,6160168.0,104,3,59,15622834.0,25,Mass,1,Personal Loan Offer,0,0.35408614591499926
C00559,56,7095674.0,75,1,30,126754661.0,28,Mass,0,Personal Loan Offer,0,0.18628610088960743
C00560,59,10275873.0,39,1,11,35639794.0,25,Mass,0,Personal Loan Offer,1,0.226118929720705
C00561,45,13704241.0,53,6,52,16530185.0,44,Mass,0,Personal Loan Offer,1,0.4828701384168148
C00562,22,26505535.0,110,2,56,10072284.0,38,Priority,1,Personal Loan Offer,1,0.5104897286612537
C00563,43,11727285.0,172,5,82,75357612.0,28,Mass,1,Personal Loan Offer,0,0.4966962083724799
C00564,29,20838841.0,142,1,45,24599578.0,22,Mass,0,Personal Loan Offer,0,0.34788598319944847
C00565,61,21726447.0,100,6,18,20496399.0,24,Affluent,0,Personal Loan Offer,0,0.3174536375337615
C00566,31,10565679.0,27,4,90,39330830.0,23,Mass,1,Personal Loan Offer,1,0.6229102142804191
C00567,31,16642943.0,46,2,47,48222231.0,31,Priority,0,Personal Loan Offer,0,0.42015896357480303
C00568,32,10495706.0,81,6,75,34660554.0,23,Mass,1,Personal Loan Offer,1,0.6735888390414668
C00569,49,24830715.0,46,2,13,48410070.0,32,Mass,0,Personal Loan Offer,0,0.33965526912105726
C00570,46,17023938.0,125,6,13,31409382.0,29,Priority,0,Personal Loan Offer,0,0.5166336157684085
C00571,63,6234763.0,68,4,12,34835008.0,29,Mass,0,Personal Loan Offer,0,0.3872800545217958
C00572,39,13114850.0,151,3,81,9622407.0,17,Affluent,1,Personal Loan Offer,1,0.7291892963527501
C00573,33,29706573.0,50,1,31,122252204.0,21,Mass,0,Personal Loan Offer,0,0.4709709773261206
C00574,23,10861556.0,91,2,82,5824398.0,18,Affluent,0,Personal Loan Offer,0,0.35414887265607936
C00575,21,15350529.0,130,1,95,27251536.0,29,Mass,0,Personal Loan Offer,0,0.428750672921582
C00576,37,16202086.0,39,6,70,5253871.0,21,Affluent,1,Personal Loan Offer,1,0.579490450046063
C00577,62,6785338.0,138,1,99,18130644.0,26,Priority,0,Personal Loan Offer,1,0.6715153244497072
C00578,44,15891685.0,107,1,94,11295887.0,29,Mass,0,Personal Loan Offer,0,0.4333372533700189
C00579,61,5575028.0,118,1,75,22908045.0,30,Mass,1,Personal Loan Offer,0,0.3366577181016752
C00580,25,8506354.0,83,6,83,28148384.0,27,Affluent,1,Personal Loan Offer,0,0.590569905518125
C00581,25,21683558.0,169,6,64,7685985.0,16,Priority,1,Personal Loan Offer,0,0.7025696803070876
C00582,58,14601476.0,140,5,29,19420279.0,25,Mass,1,Personal Loan Offer,0,0.47378260865962535
C00583,25,10149697.0,37,1,19,80592573.0,31,Priority,0,Personal Loan Offer,0,0.21866316723548893
C00584,23,15339945.0,101,4,44,5384192.0,30,Affluent,0,Personal Loan Offer,0,0.41989724873332884
C00585,39,11609874.0,163,6,53,8513716.0,16,Affluent,0,Personal Loan Offer,1,0.3246389517472322
C00586,62,12083306.0,52,1,41,47298894.0,33,Mass,0,Personal Loan Offer,1,0.12139618422166812
C00587,52,17221470.0,98,5,19,21612829.0,25,Mass,0,Personal Loan Offer,0,0.42639914615698565
C00588,25,8043420.0,137,1,55,23263537.0,17,Affluent,1,Personal Loan Offer,0,0.4088241016899827
C00589,58,12269195.0,51,5,55,55591740.0,24,Affluent,1,Personal Loan Offer,1,0.5733336586725154
C00590,58,10106302.0,95,4,96,9040040.0,34,Mass,0,Personal Loan Offer,0,0.7746751482992611
C00591,57,5016963.0,101,6,96,11898318.0,25,Mass,1,Personal Loan Offer,0,0.44350333715049745
C00592,61,7233015.0,34,3,66,10518025.0,21,Affluent,0,Personal Loan Offer,0,0.2514695743916252
C00593,31,28429297.0,34,5,87,14119110.0,24,Mass,0,Personal Loan Offer,0,0.5097955383863748
C00594,65,14827810.0,103,6,38,76344375.0,31,Mass,1,Personal Loan Offer,1,0.25064479202244955
C00595,35,5794638.0,34,2,98,3649726.0,35,Mass,0,Personal Loan Offer,1,0.45416465756636587
C00596,57,5143387.0,171,4,95,6058810.0,13,Mass,1,Personal Loan Offer,0,0.6195416651340921
C00597,47,11282090.0,96,3,21,5104126.0,21,Mass,1,Personal Loan Offer,1,0.3145914095248629
C00598,56,28319744.0,128,3,73,81241502.0,21,Mass,0,Personal Loan Offer,0,0.654688453988027
C00599,49,10828588.0,73,5,51,10819308.0,21,Affluent,0,Personal Loan Offer,1,0.5629305455720418
C00600,49,24624858.0,56,2,34,14426382.0,30,Affluent,0,Personal Loan Offer,0,0.3546782163885426
C00601,48,14562774.0,89,1,47,3979269.0,16,Mass,0,Personal Loan Offer,0,0.2494315818175769
C00602,56,15550525.0,129,3,92,15384280.0,28,Mass,0,Personal Loan Offer,0,0.6161360857209622
C00603,54,5756101.0,73,5,94,47572459.0,33,Affluent,1,Personal Loan Offer,0,0.5039517322901684
C00604,27,20096472.0,53,1,41,25756559.0,27,Mass,0,Personal Loan Offer,0,0.08758338355083192
C00605,58,9981107.0,28,3,52,17954993.0,29,Priority,1,Personal Loan Offer,1,0.5616951051546614
C00606,45,19290399.0,99,5,56,4182239.0,29,Affluent,1,Personal Loan Offer,0,0.6033383608069295
C00607,35,7668440.0,123,3,76,14407951.0,27,Priority,0,Personal Loan Offer,0,0.7596274038653889
C00608,44,13227312.0,96,4,53,23165105.0,32,Affluent,0,Personal Loan Offer,1,0.6043907810478978
C00609,64,14563353.0,48,4,46,7417985.0,21,Priority,0,Personal Loan Offer,1,0.5619366581013094
C00610,59,11025253.0,47,5,94,38498660.0,25,Affluent,0,Personal Loan Offer,0,0.6492824481904513
C00611,58,14990348.0,70,6,43,48463010.0,26,Mass,0,Personal Loan Offer,0,0.39434999798374715
C00612,41,10364518.0,64,3,34,11788018.0,30,Affluent,1,Personal Loan Offer,0,0.36351433266362027
C00613,56,8397414.0,39,3,39,41329001.0,20,Mass,0,Personal Loan Offer,0,0.4527742027944443
C00614,38,29018179.0,170,2,40,17921349.0,29,Mass,1,Personal Loan Offer,0,0.4324601463590695
C00615,51,21366638.0,61,3,60,62983341.0,26,Mass,0,Personal Loan Offer,0,0.583753227395842
C00616,49,7896590.0,47,6,70,152915110.0,24,Affluent,0,Personal Loan Offer,0,0.6621162930495706
C00617,32,16404423.0,110,4,22,6699727.0,32,Affluent,0,Personal Loan Offer,0,0.3066371439417232
C00618,32,7975970.0,145,5,90,43173059.0,18,Affluent,0,Personal Loan Offer,0,0.7692102238781157
C00619,23,6254681.0,85,3,33,73751169.0,28,Mass,0,Personal Loan Offer,0,0.46144545126813935
C00620,27,21189417.0,121,5,20,7576504.0,21,Priority,0,Personal Loan Offer,0,0.5067130063586393
C00621,40,4700420.0,19,5,70,11252739.0,28,Affluent,0,Personal Loan Offer,1,0.6487423885707039
C00622,42,19978914.0,97,4,29,11126784.0,25,Mass,1,Personal Loan Offer,0,0.43419319713929566
C00623,28,10442765.0,14,6,78,17513133.0,23,Mass,0,Personal Loan Offer,0,0.5401325464887643
C00624,39,10681957.0,27,6,96,14004333.0,22,Mass,0,Personal Loan Offer,0,0.6287231762097508
C00625,48,15033331.0,108,1,73,16402728.0,22,Mass,0,Personal Loan Offer,0,0.30181409583300695
C00626,31,16519905.0,39,2,80,46234238.0,34,Mass,1,Personal Loan Offer,1,0.4700221214168156
C00627,36,7617269.0,9,6,55,3003927.0,22,Mass,0,Personal Loan Offer,0,0.6249310639187992
C00628,37,17808141.0,34,3,41,7552200.0,30,Mass,1,Personal Loan Offer,0,0.48650880589910545
C00629,43,12772066.0,140,2,65,39081935.0,27,Affluent,0,Personal Loan Offer,0,0.5507421696451267
C00630,37,6013918.0,107,5,42,34761429.0,28,Mass,1,Personal Loan Offer,1,0.5466244929850815
C00631,54,10929611.0,70,4,89,6939225.0,24,Affluent,1,Personal Loan Offer,0,0.5809668136107575
C00632,35,25651707.0,176,1,52,35003016.0,33,Mass,1,Personal Loan Offer,0,0.2585850201893702
C00633,40,30175604.0,71,1,55,75384315.0,32,Mass,0,Personal Loan Offer,0,0.39711870297082363
C00634,38,17804448.0,159,5,71,19043118.0,18,Priority,0,Personal Loan Offer,0,0.6470159768803843
C00635,29,6235244.0,64,5,27,7299247.0,33,Mass,1,Personal Loan Offer,0,0.4596531539408692
C00636,51,15716961.0,7,3,61,47975311.0,17,Mass,1,Personal Loan Offer,1,0.49712620829474846
C00637,31,19161061.0,22,6,78,112031234.0,24,Priority,1,Personal Loan Offer,1,0.8253539651868702
C00638,34,17886496.0,51,1,80,8244876.0,21,Mass,1,Personal Loan Offer,1,0.219703425805748
C00639,56,18478936.0,36,6,30,20800652.0,25,Affluent,0,Personal Loan Offer,1,0.41010093849782875
C00640,63,14653824.0,30,1,14,59494740.0,22,Priority,0,Personal Loan Offer,0,0.30464218362224266
C00641,51,11531471.0,71,4,27,22445519.0,30,Mass,1,Personal Loan Offer,0,0.41174785956907245
C00642,62,8587473.0,176,6,84,3484888.0,40,Affluent,1,Personal Loan Offer,1,0.8674248538609491
C00643,59,4225097.0,38,4,34,31160460.0,33,Affluent,1,Personal Loan Offer,0,0.311973622497271
C00644,42,14464677.0,44,5,15,7515170.0,25,Priority,0,Personal Loan Offer,0,0.36712344677650555
C00645,55,13292975.0,180,3,64,5612575.0,18,Mass,0,Personal Loan Offer,0,0.37916440189789685
C00646,35,16306656.0,38,2,90,3553682.0,25,Affluent,0,Personal Loan Offer,0,0.48028361033226624
C00647,41,5750332.0,150,2,30,65768406.0,26,Mass,0,Personal Loan Offer,0,0.20457812917990853
C00648,45,17110047.0,113,1,13,8679995.0,20,Mass,1,Personal Loan Offer,1,0.22116180377227826
C00649,64,37147871.0,168,2,22,27912328.0,36,Affluent,1,Personal Loan Offer,0,0.5313881425138912
C00650,59,12529104.0,102,2,21,35683440.0,25,Priority,0,Personal Loan Offer,0,0.3803977612012734
C00651,43,11599833.0,108,5,28,23512948.0,27,Mass,0,Personal Loan Offer,0,0.2924535394517146
C00652,50,14222965.0,43,2,26,26904755.0,17,Mass,0,Personal Loan Offer,0,0.2540324675280899
C00653,30,36696890.0,105,1,67,29276360.0,21,Priority,0,Personal Loan Offer,1,0.43178208719633093
C00654,57,6833933.0,122,5,30,22961754.0,21,Mass,1,Personal Loan Offer,1,0.49054782043537704
C00655,45,13418985.0,178,4,59,9351837.0,24,Mass,0,Personal Loan Offer,1,0.6415322882594241
C00656,44,7729893.0,20,2,46,8553967.0,36,Mass,0,Personal Loan Offer,1,0.19480091109678466
C00657,55,8882242.0,30,5,69,18006823.0,18,Priority,1,Personal Loan Offer,1,0.6505155731118262
C00658,49,11677127.0,6,2,69,17629405.0,27,Priority,0,Personal Loan Offer,0,0.44346512141375904
C00659,24,25177089.0,143,5,63,30724243.0,18,Mass,1,Personal Loan Offer,1,0.5498873112278617
C00660,33,32312414.0,17,1,91,60182544.0,24,Affluent,0,Personal Loan Offer,0,0.5868929070309702
C00661,28,15354135.0,165,4,27,28208903.0,21,Mass,0,Personal Loan Offer,0,0.21620968918021502
C00662,54,9754996.0,67,4,57,8889302.0,28,Mass,1,Personal Loan Offer,0,0.6007206345688418
C00663,22,47271758.0,54,3,45,2258219.0,23,Affluent,0,Personal Loan Offer,1,0.5118574644872682
C00664,30,9485380.0,176,5,58,9270108.0,27,Mass,1,Personal Loan Offer,0,0.4312292214703459
C00665,47,8765135.0,131,3,22,5213450.0,18,Mass,0,Personal Loan Offer,0,0.28741500467409414
C00666,52,4520796.0,100,4,39,9634593.0,21,Mass,0,Personal Loan Offer,0,0.2651485700604033
C00667,43,25861542.0,161,2,95,25482941.0,26,Mass,1,Personal Loan Offer,1,0.5435009233589382
C00668,59,20438936.0,137,4,82,21761074.0,21,Mass,0,Personal Loan Offer,0,0.34168199343056627
C00669,62,45363132.0,116,5,48,128240818.0,22,Priority,1,Personal Loan Offer,0,0.3970473042255769
C00670,26,5588265.0,60,6,20,32421242.0,28,Mass,0,Personal Loan Offer,0,0.27591817815125447
C00671,63,26759796.0,178,3,69,134949355.0,17,Affluent,1,Personal Loan Offer,0,0.5105932878239554
C00672,48,12471938.0,131,3,37,40889433.0,20,Mass,0,Personal Loan Offer,1,0.1784274626246188
C00673,49,18695106.0,171,3,39,59230642.0,24,Affluent,0,Personal Loan Offer,0,0.37775437944275786
C00674,25,4848305.0,174,6,18,13968852.0,37,Affluent,0,Personal Loan Offer,0,0.38104664628325996
C00675,48,26906063.0,100,6,36,6829306.0,21,Priority,0,Personal Loan Offer,1,0.5893399586797745
C00676,53,18494823.0,66,4,29,12765834.0,25,Mass,0,Personal Loan Offer,0,0.4441104883658794
C00677,47,11745922.0,171,5,13,19764013.0,27,Mass,1,Personal Loan Offer,0,0.5438335713682455
C00678,24,17110950.0,180,1,63,10671465.0,26,Mass,0,Personal Loan Offer,0,0.43341306048908346
C00679,44,7876505.0,24,5,98,7349188.0,34,Mass,1,Personal Loan Offer,0,0.5252473988334361
C00680,63,8725193.0,116,5,21,30343125.0,33,Mass,1,Personal Loan Offer,1,0.448744866199518
C00681,53,9299979.0,110,5,14,7317986.0,22,Affluent,1,Personal Loan Offer,1,0.5497072962497355
C00682,27,4331467.0,136,4,19,4315617.0,27,Mass,0,Personal Loan Offer,0,0.19729708628929474
C00683,64,19276251.0,176,6,59,6511997.0,32,Affluent,1,Personal Loan Offer,1,0.49771603900638356
C00684,64,23110409.0,47,4,85,15821611.0,15,Affluent,1,Personal Loan Offer,0,0.4553776159583676
C00685,28,8159373.0,176,6,38,7424707.0,20,Mass,1,Personal Loan Offer,0,0.36640892969945377
C00686,57,14532947.0,117,2,20,15921054.0,29,Affluent,0,Personal Loan Offer,0,0.3664056495459358
C00687,39,10369402.0,17,4,18,36458571.0,20,Mass,1,Personal Loan Offer,0,0.48221935686336814
C00688,47,14374522.0,93,3,65,35522820.0,22,Priority,1,Personal Loan Offer,1,0.6695834354462146
C00689,41,8497221.0,26,6,42,10328493.0,38,Affluent,0,Personal Loan Offer,0,0.5946026295995532
C00690,56,7381839.0,173,6,42,5429194.0,27,Affluent,0,Personal Loan Offer,0,0.5268110639964215
C00691,65,21403358.0,138,6,31,11247083.0,23,Mass,0,Personal Loan Offer,0,0.5029302903412638
C00692,56,11585772.0,164,2,91,38527685.0,20,Affluent,0,Personal Loan Offer,0,0.6151296329954392
C00693,62,36491033.0,110,3,44,48663463.0,19,Priority,1,Personal Loan Offer,1,0.7006274731567044
C00694,63,12309571.0,73,1,74,28463489.0,24,Mass,0,Personal Loan Offer,0,0.4048953747931112
C00695,25,7210683.0,79,6,77,66497764.0,26,Mass,1,Personal Loan Offer,1,0.6318705590783583
C00696,32,23564094.0,171,2,15,112723103.0,19,Affluent,1,Personal Loan Offer,0,0.28945571378848656
C00697,53,16976784.0,29,4,32,12335784.0,22,Mass,1,Personal Loan Offer,0,0.38403037018338443
C00698,47,17897960.0,160,3,91,88437450.0,27,Mass,0,Personal Loan Offer,0,0.5491450806006162
C00699,23,23097792.0,78,6,90,15412560.0,22,Affluent,1,Personal Loan Offer,1,0.5907964769490389
C00700,25,8380174.0,108,5,47,55455504.0,37,Affluent,1,Personal Loan Offer,1,0.6417828017810959
C00701,44,11188845.0,121,5,24,40621795.0,21,Mass,0,Personal Loan Offer,0,0.5480891086781393
C00702,48,10920145.0,17,4,37,2769520.0,34,Mass,0,Personal Loan Offer,0,0.38741782023168914
C00703,28,5900258.0,29,1,96,7610319.0,26,Mass,1,Personal Loan Offer,1,0.5104182608173597
C00704,28,10380531.0,31,6,71,5897004.0,30,Mass,1,Personal Loan Offer,1,0.6825891163720196
C00705,26,25026002.0,141,1,16,3365866.0,25,Mass,0,Personal Loan Offer,0,0.23535408313262815
C00706,46,13673267.0,16,3,75,48184975.0,24,Affluent,1,Personal Loan Offer,0,0.5779205813615315
C00707,21,5723457.0,111,3,23,158301925.0,16,Affluent,0,Personal Loan Offer,0,0.32533977216528454
C00708,46,5099768.0,22,3,37,15456966.0,25,Priority,1,Personal Loan Offer,0,0.368270631038812
C00709,42,29980090.0,139,6,53,46987844.0,23,Priority,1,Personal Loan Offer,1,0.7304373804904979
C00710,41,11418458.0,176,2,42,88266230.0,22,Priority,1,Personal Loan Offer,1,0.5084297345335195
C00711,51,8405036.0,76,4,73,24632433.0,20,Mass,1,Personal Loan Offer,1,0.6080924541689082
C00712,44,10321315.0,40,2,24,19500092.0,30,Mass,0,Personal Loan Offer,0,0.27681955057663116
C00713,53,5324865.0,82,6,89,15643326.0,27,Mass,1,Personal Loan Offer,0,0.48227367469683474
C00714,55,26248504.0,125,5,64,34236460.0,26,Affluent,1,Personal Loan Offer,0,0.7431920553067163
C00715,62,9667092.0,132,3,37,47962829.0,23,Priority,1,Personal Loan Offer,1,0.3625999865463961
C00716,56,25456662.0,116,1,97,31738713.0,22,Mass,0,Personal Loan Offer,0,0.43515329192765917
C00717,44,12345790.0,106,1,53,30667251.0,16,Mass,0,Personal Loan Offer,0,0.26556766615221505
C00718,43,26341595.0,115,2,47,19001718.0,27,Mass,1,Personal Loan Offer,1,0.21121860270984222
C00719,31,13819610.0,41,3,11,4066480.0,22,Mass,0,Personal Loan Offer,0,0.24079677902369198
C00720,47,19186072.0,39,6,100,49079855.0,20,Affluent,1,Personal Loan Offer,1,0.8004445193750013
C00721,27,17821540.0,168,1,87,5535086.0,25,Mass,0,Personal Loan Offer,0,0.4150867366331597
C00722,62,16906814.0,106,4,26,37155727.0,22,Mass,0,Personal Loan Offer,0,0.5178474870218329
C00723,59,14530801.0,156,3,96,42583588.0,26,Priority,1,Personal Loan Offer,0,0.8027856523900956
C00724,26,10557524.0,114,1,82,6393617.0,21,Mass,0,Personal Loan Offer,0,0.5312315225511087
C00725,56,34411669.0,84,4,48,10890943.0,16,Mass,0,Personal Loan Offer,0,0.2503520093964837
C00726,26,7286995.0,104,5,94,166868625.0,32,Affluent,1,Personal Loan Offer,0,0.8341710666677259
C00727,53,12028464.0,126,6,60,18471888.0,24,Mass,1,Personal Loan Offer,0,0.5085936030309721
C00728,24,12098650.0,36,4,72,5903342.0,32,Mass,1,Personal Loan Offer,0,0.71620259251627
C00729,42,14973007.0,85,2,26,44549971.0,20,Mass,0,Personal Loan Offer,0,0.22578557054171672
C00730,50,9475378.0,131,6,19,9235521.0,20,Mass,0,Personal Loan Offer,0,0.35368331798029135
C00731,53,14267969.0,18,2,58,2930603.0,29,Mass,0,Personal Loan Offer,0,0.4062879025110264
C00732,39,10935815.0,16,5,39,33632801.0,22,Affluent,0,Personal Loan Offer,0,0.3661715178411779
C00733,62,5027047.0,31,6,99,7997384.0,21,Mass,0,Personal Loan Offer,0,0.45271413171899616
C00734,55,12063211.0,108,1,17,27575305.0,25,Priority,1,Personal Loan Offer,1,0.12247073208856477
C00735,30,6550856.0,45,6,79,8873260.0,23,Mass,1,Personal Loan Offer,0,0.8620002941405587
C00736,51,4622772.0,80,2,64,40566251.0,24,Affluent,1,Personal Loan Offer,0,0.2601242422772659
C00737,53,12938236.0,26,3,89,24028259.0,20,Priority,1,Personal Loan Offer,0,0.4376924575899105
C00738,36,15693435.0,47,2,100,1501589.0,22,Mass,0,Personal Loan Offer,0,0.6110361588159181
C00739,54,16032062.0,6,1,89,29304609.0,24,Affluent,0,Personal Loan Offer,1,0.3609696648999796
C00740,61,16392936.0,146,5,44,14969293.0,29,Affluent,0,Personal Loan Offer,0,0.3301267999534812
C00741,57,4145331.0,86,3,73,82471264.0,21,Mass,0,Personal Loan Offer,0,0.16795148451331396
C00742,55,5676571.0,34,4,24,29693855.0,20,Affluent,1,Personal Loan Offer,0,0.4028034351192592
C00743,49,35528793.0,96,3,54,42601528.0,30,Mass,1,Personal Loan Offer,0,0.36115782919347506
C00744,33,6745947.0,169,5,34,9827568.0,24,Priority,0,Personal Loan Offer,1,0.5789563529332616
C00745,56,16791440.0,149,6,32,9076281.0,23,Mass,0,Personal Loan Offer,0,0.4343225222928382
C00746,37,8224282.0,160,4,61,19493536.0,18,Mass,1,Personal Loan Offer,0,0.45462402037381106
C00747,44,12537531.0,75,1,21,13944932.0,21,Mass,1,Personal Loan Offer,0,0.192987682630815
C00748,35,8470731.0,67,2,61,76228951.0,30,Mass,1,Personal Loan Offer,1,0.37457475186407424
C00749,35,16342258.0,59,3,46,17157119.0,26,Mass,0,Personal Loan Offer,0,0.29155245883810793
C00750,28,12937530.0,57,1,30,5876201.0,35,Mass,1,Personal Loan Offer,0,0.2043216294727122
C00751,64,9377820.0,166,2,61,8742108.0,19,Affluent,0,Personal Loan Offer,1,0.30680570917129935
C00752,27,6734961.0,27,2,78,52498435.0,25,Mass,1,Personal Loan Offer,1,0.6353084594087844
C00753,24,13904082.0,154,6,65,16919637.0,32,Mass,0,Personal Loan Offer,0,0.5287218442060169
C00754,63,6158981.0,166,3,18,16038956.0,34,Priority,0,Personal Loan Offer,0,0.16839205144965919
C00755,45,15180644.0,153,6,61,57738249.0,25,Priority,0,Personal Loan Offer,0,0.6970970978907152
C00756,40,50880175.0,114,4,66,8012230.0,29,Affluent,1,Personal Loan Offer,0,0.5702577409593351
C00757,54,25216541.0,155,4,72,2139465.0,29,Mass,1,Personal Loan Offer,0,0.5484187188262868
C00758,38,17814237.0,8,6,48,8523829.0,23,Priority,1,Personal Loan Offer,0,0.585566748363452
C00759,26,11448087.0,148,5,18,25478154.0,28,Mass,0,Personal Loan Offer,0,0.5372795107716132
C00760,53,4131302.0,93,2,21,15583626.0,19,Mass,0,Personal Loan Offer,0,0.2040433693380383
C00761,28,5798789.0,173,2,40,4200916.0,21,Priority,0,Personal Loan Offer,0,0.5011007624810843
C00762,45,24299183.0,18,4,67,55245772.0,18,Mass,1,Personal Loan Offer,0,0.6095834099402719
C00763,63,7772103.0,168,1,77,23552435.0,18,Mass,0,Personal Loan Offer,0,0.24604543811268575
C00764,63,8168767.0,105,1,71,29510525.0,32,Mass,0,Personal Loan Offer,0,0.4229823762145215
C00765,37,10955032.0,21,1,38,30427370.0,32,Mass,0,Personal Loan Offer,0,0.22368521319772497
C00766,56,6691120.0,93,5,50,5458686.0,20,Mass,0,Personal Loan Offer,0,0.2975226658139
C00767,48,6111571.0,9,3,14,27075011.0,23,Affluent,0,Personal Loan Offer,0,0.1953438447656787
C00768,42,11671453.0,17,1,82,49560099.0,21,Affluent,0,Personal Loan Offer,0,0.5958776152968339
C00769,27,7349009.0,97,5,42,62554771.0,25,Priority,1,Personal Loan Offer,0,0.8177237349788702
C00770,37,7983257.0,148,4,56,41140605.0,20,Mass,1,Personal Loan Offer,0,0.3385353030479069
C00771,50,7808802.0,22,5,50,33410223.0,18,Affluent,0,Personal Loan Offer,0,0.5301248327319127
C00772,65,15993858.0,49,1,36,3519472.0,21,Affluent,0,Personal Loan Offer,0,0.3666319399132137
C00773,21,10561735.0,72,6,25,19703526.0,27,Mass,1,Personal Loan Offer,0,0.34761934397934613
C00774,53,10877452.0,99,2,96,7684136.0,29,Mass,0,Personal Loan Offer,0,0.692800943952469
C00775,59,16663603.0,3,4,20,72088905.0,24,Mass,1,Personal Loan Offer,0,0.611902392150589
C00776,63,11098221.0,116,4,95,61936630.0,20,Mass,0,Personal Loan Offer,0,0.5187586506741158
C00777,40,10297149.0,91,2,20,7730731.0,35,Mass,0,Personal Loan Offer,0,0.46946807230376747
C00778,26,15543683.0,174,3,18,19101256.0,16,Affluent,0,Personal Loan Offer,0,0.2735588497944959
C00779,33,17329590.0,56,1,92,25642259.0,20,Affluent,0,Personal Loan Offer,0,0.4208966183099158
C00780,59,11067537.0,90,3,96,49231001.0,20,Mass,1,Personal Loan Offer,0,0.5392817738642235
C00781,60,12543981.0,17,5,91,3743848.0,31,Mass,1,Personal Loan Offer,0,0.7213977938308225
C00782,49,7806229.0,166,2,80,2194842.0,40,Mass,0,Personal Loan Offer,1,0.46593765560955575
C00783,26,7474752.0,151,4,54,20777710.0,24,Mass,0,Personal Loan Offer,1,0.5198130755329347
C00784,26,18318982.0,66,6,19,1590925.0,26,Priority,0,Personal Loan Offer,0,0.5455105535323951
C00785,42,15327135.0,84,2,63,23436735.0,26,Mass,1,Personal Loan Offer,0,0.5828394996579332
C00786,47,15414688.0,155,2,57,36159512.0,34,Affluent,1,Personal Loan Offer,1,0.5386341483416133
C00787,22,14004470.0,55,1,76,68841873.0,28,Mass,1,Personal Loan Offer,0,0.6246392223230441
C00788,51,12308849.0,44,4,13,10731293.0,22,Mass,0,Personal Loan Offer,0,0.21409235183280512
C00789,45,17600603.0,46,2,17,23497967.0,25,Affluent,0,Personal Loan Offer,0,0.295384869775079
C00790,21,20069805.0,128,6,63,38368703.0,18,Mass,0,Personal Loan Offer,0,0.5655215847285717
C00791,25,19807924.0,40,2,87,6171934.0,18,Mass,0,Personal Loan Offer,1,0.39300686995221723
C00792,41,11352963.0,18,4,94,49952876.0,25,Affluent,0,Personal Loan Offer,0,0.5331120156873368
C00793,53,25732445.0,32,2,61,26313302.0,21,Mass,0,Personal Loan Offer,1,0.47664851618563575
C00794,58,13606669.0,178,2,43,10916615.0,25,Priority,1,Personal Loan Offer,0,0.5264077498817411
C00795,40,16991506.0,158,2,52,23037259.0,27,Priority,0,Personal Loan Offer,0,0.507986688575351
C00796,34,14013974.0,172,4,56,17398740.0,24,Mass,0,Personal Loan Offer,1,0.5854864728955758
C00797,64,13746171.0,52,1,66,43632672.0,25,Mass,0,Personal Loan Offer,0,0.26748215141045373
C00798,41,8006415.0,81,1,30,13947108.0,19,Affluent,1,Personal Loan Offer,0,0.2516369115686352
C00799,35,17648479.0,90,4,45,25098869.0,24,Mass,0,Personal Loan Offer,0,0.29140765728869183
C00800,40,57387044.0,96,4,59,10748870.0,33,Mass,0,Personal Loan Offer,0,0.626448689085348
C00801,21,9764656.0,7,2,87,7829428.0,33,Mass,0,Personal Loan Offer,0,0.5590127019244197
C00802,34,12477833.0,109,3,83,23742461.0,23,Affluent,1,Personal Loan Offer,1,0.7243260798523795
C00803,44,9388577.0,9,3,78,8157719.0,18,Priority,1,Personal Loan Offer,0,0.43791614082243235
C00804,62,9175122.0,51,5,29,44536655.0,28,Mass,0,Personal Loan Offer,0,0.4366904926203635
C00805,54,28060247.0,55,3,46,36160408.0,19,Mass,0,Personal Loan Offer,0,0.5937099688839803
C00806,56,8287701.0,123,6,60,9305613.0,22,Priority,0,Personal Loan Offer,0,0.509494581706763
C00807,45,9245735.0,162,2,98,24767014.0,20,Mass,0,Personal Loan Offer,0,0.3647319434108797
C00808,25,5011752.0,127,2,42,9263041.0,21,Mass,0,Personal Loan Offer,0,0.17210868611200877
C00809,38,7910731.0,80,3,93,4020553.0,21,Mass,0,Personal Loan Offer,0,0.6043888432308226
C00810,65,4689316.0,96,1,78,11006732.0,24,Mass,0,Personal Loan Offer,0,0.3133377432207714
C00811,22,16986166.0,94,5,67,19018562.0,12,Mass,0,Personal Loan Offer,1,0.5771238264406379
C00812,60,55965763.0,29,3,73,33687977.0,26,Mass,1,Personal Loan Offer,0,0.5858489107308879
C00813,51,9808343.0,173,3,82,23224603.0,26,Mass,1,Personal Loan Offer,1,0.7164771704055017
C00814,33,4797955.0,166,4,73,49571045.0,28,Affluent,1,Personal Loan Offer,0,0.6592873496147775
C00815,56,19685975.0,45,1,71,7497474.0,28,Mass,1,Personal Loan Offer,0,0.3274094448944123
C00816,58,8045379.0,23,3,44,13722460.0,17,Affluent,0,Personal Loan Offer,0,0.3655974547619617
C00817,22,24521431.0,32,6,48,103554596.0,21,Affluent,1,Personal Loan Offer,1,0.6930442999741061
C00818,25,10275790.0,114,4,64,2899830.0,22,Mass,1,Personal Loan Offer,0,0.3379596522958151
C00819,50,8477436.0,8,4,86,12727665.0,24,Priority,0,Personal Loan Offer,0,0.7757845063114566
C00820,65,10881129.0,21,4,69,6849929.0,25,Mass,0,Personal Loan Offer,1,0.4617321090790681
C00821,22,18204774.0,118,3,99,16450138.0,32,Mass,1,Personal Loan Offer,1,0.6960836533036739
C00822,50,10589101.0,29,6,71,12952448.0,35,Mass,1,Personal Loan Offer,0,0.5709353038711015
C00823,27,9131300.0,15,6,47,36521010.0,23,Mass,0,Personal Loan Offer,0,0.4181245550429912
C00824,50,10756920.0,6,3,62,25822674.0,25,Mass,0,Personal Loan Offer,0,0.3517355556291024
C00825,49,5961883.0,128,6,66,5420102.0,25,Priority,1,Personal Loan Offer,1,0.8157190911551243
C00826,25,14928528.0,67,1,88,11106941.0,33,Affluent,1,Personal Loan Offer,1,0.5051447142730615
C00827,51,4491591.0,53,2,33,19997659.0,27,Mass,1,Personal Loan Offer,0,0.6509460111421635
C00828,61,9399344.0,116,2,32,41892766.0,32,Mass,0,Personal Loan Offer,0,0.32353195628740505
C00829,59,18220886.0,33,5,28,227850237.0,20,Mass,1,Personal Loan Offer,0,0.3381209984314661
C00830,22,14176465.0,95,4,15,40387812.0,14,Mass,0,Personal Loan Offer,0,0.16122155316234602
C00831,32,16602993.0,89,3,71,7266192.0,22,Mass,0,Personal Loan Offer,1,0.6255486143446591
C00832,31,11578287.0,123,2,97,18208473.0,32,Mass,0,Personal Loan Offer,0,0.5173584509953477
C00833,41,22834374.0,114,4,65,23967733.0,23,Mass,1,Personal Loan Offer,1,0.6144188955927351
C00834,27,19955229.0,123,2,15,11897656.0,22,Mass,0,Personal Loan Offer,0,0.528047688139762
C00835,59,15337245.0,40,3,43,32008135.0,30,Affluent,0,Personal Loan Offer,0,0.5317751794064333
C00836,55,19986496.0,27,3,92,2063400.0,25,Mass,1,Personal Loan Offer,0,0.6083411119063743
C00837,57,18131298.0,98,6,14,34774414.0,24,Mass,0,Personal Loan Offer,0,0.5409146593004857
C00838,29,9423454.0,13,5,65,12420457.0,23,Priority,0,Personal Loan Offer,1,0.7089557135862679
C00839,21,5730268.0,83,2,50,17921965.0,25,Affluent,0,Personal Loan Offer,1,0.25894131254196123
C00840,61,15121322.0,114,6,93,86613458.0,19,Mass,1,Personal Loan Offer,0,0.7978214626408385
C00841,34,16203961.0,149,4,56,5664480.0,33,Mass,0,Personal Loan Offer,0,0.4701772068130822
C00842,50,21860170.0,119,3,61,26270629.0,22,Affluent,1,Personal Loan Offer,1,0.6990217232562863
C00843,61,7170174.0,180,4,75,44241084.0,27,Affluent,1,Personal Loan Offer,0,0.6376969530318957
C00844,22,7289023.0,102,2,84,23714074.0,21,Mass,1,Personal Loan Offer,0,0.6064910681031142
C00845,21,15453752.0,82,1,56,3981028.0,34,Affluent,1,Personal Loan Offer,0,0.39740756262771765
C00846,21,11539372.0,46,3,75,77179116.0,31,Mass,0,Personal Loan Offer,0,0.325695348249017
C00847,28,4253481.0,122,5,83,16189748.0,25,Mass,0,Personal Loan Offer,1,0.6323865838573979
C00848,23,14749603.0,147,3,57,11801084.0,26,Affluent,0,Personal Loan Offer,0,0.6068384851541131
C00849,57,4332194.0,60,3,75,14661857.0,29,Mass,1,Personal Loan Offer,0,0.39980346668290634
C00850,48,7135024.0,16,6,43,13647903.0,24,Mass,1,Personal Loan Offer,0,0.4337053217716495
C00851,65,25237511.0,4,6,42,6083332.0,32,Affluent,1,Personal Loan Offer,1,0.3169442310202421
C00852,57,32739756.0,115,3,10,23586697.0,24,Mass,0,Personal Loan Offer,0,0.29493323053160897
C00853,64,6149038.0,121,1,70,11006646.0,29,Priority,1,Personal Loan Offer,1,0.34196906277406686
C00854,31,10011569.0,24,5,32,39119480.0,26,Affluent,0,Personal Loan Offer,0,0.5242205446433289
C00855,33,12284632.0,7,5,84,33559761.0,28,Affluent,1,Personal Loan Offer,1,0.695101876060197
C00856,59,31963079.0,119,6,96,101636395.0,22,Affluent,1,Personal Loan Offer,1,0.7761952155567053
C00857,32,9150685.0,73,6,89,16185231.0,35,Affluent,1,Personal Loan Offer,1,0.8242917534725046
C00858,23,9231490.0,77,4,35,8957423.0,33,Mass,0,Personal Loan Offer,1,0.40813560637721946
C00859,51,28126318.0,49,1,69,4599695.0,19,Affluent,0,Personal Loan Offer,0,0.5050954750713095
C00860,57,9764688.0,130,2,78,179302740.0,13,Mass,0,Personal Loan Offer,0,0.5033398694716785
C00861,64,17852036.0,135,5,56,38777503.0,35,Affluent,1,Personal Loan Offer,1,0.5181717126839829
C00862,62,5325348.0,12,4,56,10007275.0,21,Mass,1,Personal Loan Offer,0,0.5440362471129591
C00863,26,10921449.0,18,3,49,108732133.0,26,Affluent,0,Personal Loan Offer,1,0.35634458148011283
C00864,55,4816890.0,101,3,38,77625397.0,23,Mass,1,Personal Loan Offer,0,0.3877078459910058
C00865,59,6715499.0,110,5,62,5178186.0,26,Mass,1,Personal Loan Offer,1,0.641662562212452
C00866,52,19038579.0,28,3,100,9414560.0,34,Affluent,0,Personal Loan Offer,1,0.547530805974067
C00867,57,11675104.0,31,1,29,17521127.0,22,Mass,0,Personal Loan Offer,0,0.1475027932683536
C00868,58,10068367.0,124,6,14,6859587.0,26,Mass,0,Personal Loan Offer,0,0.25406088592620274
C00869,41,7949383.0,83,3,15,18158755.0,14,Affluent,1,Personal Loan Offer,0,0.5130628722913403
C00870,22,10628572.0,24,2,62,40759715.0,28,Mass,1,Personal Loan Offer,0,0.3348283889695151
C00871,41,14161385.0,111,1,34,5065594.0,17,Mass,0,Personal Loan Offer,0,0.1638668793518578
C00872,30,20604522.0,16,3,51,26808870.0,28,Mass,0,Personal Loan Offer,0,0.4734150882580449
C00873,26,3000000.0,44,6,96,64343135.0,31,Priority,0,Personal Loan Offer,0,0.4439869546259789
C00874,26,7594604.0,129,1,16,29843066.0,33,Mass,0,Personal Loan Offer,0,0.15377415682295384
C00875,52,13097346.0,42,2,25,18543437.0,20,Mass,0,Personal Loan Offer,0,0.4294475982246197
C00876,43,11364926.0,14,2,29,10253617.0,25,Priority,0,Personal Loan Offer,0,0.28048108634931657
C00877,45,14980713.0,173,1,51,45905005.0,29,Affluent,0,Personal Loan Offer,0,0.37348089409753243
C00878,54,13902293.0,42,4,73,6164532.0,25,Affluent,1,Personal Loan Offer,1,0.6128800922792917
C00879,45,10147520.0,94,2,26,25496064.0,31,Mass,0,Personal Loan Offer,0,0.316490581512101
C00880,49,8981235.0,149,5,19,20516881.0,25,Affluent,0,Personal Loan Offer,0,0.3407350337244238
C00881,24,10484320.0,179,3,17,61641990.0,27,Priority,0,Personal Loan Offer,0,0.4577215502203567
C00882,59,22572107.0,147,4,82,11167229.0,38,Priority,1,Personal Loan Offer,0,0.8310416806378325
C00883,41,8022919.0,63,1,12,12158110.0,23,Affluent,0,Personal Loan Offer,0,0.15914471182917403
C00884,27,11592553.0,155,2,66,5776901.0,25,Affluent,1,Personal Loan Offer,1,0.4102556398823077
C00885,57,13273172.0,5,3,62,30969924.0,33,Affluent,0,Personal Loan Offer,1,0.5058937625956368
C00886,54,28306732.0,61,1,19,13090888.0,25,Affluent,0,Personal Loan Offer,0,0.3968496819934495
C00887,23,10173000.0,38,3,60,8445707.0,22,Affluent,1,Personal Loan Offer,0,0.4793204208347409
C00888,29,20333104.0,96,3,36,9289791.0,28,Mass,1,Personal Loan Offer,0,0.35497889368298186
C00889,21,23629486.0,161,3,56,34220941.0,18,Affluent,0,Personal Loan Offer,0,0.3140328642225356
C00890,33,11586514.0,140,4,22,6637742.0,25,Mass,0,Personal Loan Offer,1,0.2155962542852431
C00891,25,10686820.0,180,5,70,7254096.0,26,Mass,1,Personal Loan Offer,1,0.5594940847250203
C00892,52,10013429.0,27,5,82,49013398.0,26,Mass,0,Personal Loan Offer,1,0.523820331214407
C00893,44,10424970.0,136,1,10,16938882.0,32,Mass,0,Personal Loan Offer,0,0.18622880301089767
C00894,65,19196704.0,131,4,58,51996549.0,23,Mass,1,Personal Loan Offer,1,0.47507580980028746
C00895,54,13625760.0,84,6,68,13962518.0,30,Mass,1,Personal Loan Offer,0,0.8186038083717446
C00896,48,13657871.0,20,6,10,19977495.0,25,Affluent,0,Personal Loan Offer,0,0.36080629710849377
C00897,43,6462613.0,21,2,75,23383521.0,23,Priority,1,Personal Loan Offer,1,0.7018394269465372
C00898,23,7048305.0,165,5,59,80079392.0,24,Mass,1,Personal Loan Offer,1,0.6548818086517767
C00899,24,39009391.0,55,5,37,73818184.0,30,Mass,1,Personal Loan Offer,0,0.6180852978947213
C00900,48,10881918.0,116,3,53,63368653.0,21,Mass,1,Personal Loan Offer,0,0.30510462172693037
C00901,21,7836420.0,171,6,72,10664425.0,28,Affluent,0,Personal Loan Offer,1,0.6504972001561485
C00902,22,26364310.0,90,4,68,7455132.0,22,Mass,1,Personal Loan Offer,0,0.48096822792974653
C00903,30,14011821.0,40,5,80,42799385.0,22,Mass,1,Personal Loan Offer,0,0.7924684563310493
C00904,60,16492271.0,89,5,13,79240852.0,23,Mass,1,Personal Loan Offer,0,0.4021657254784625
C00905,41,11122619.0,43,5,81,63978751.0,28,Mass,1,Personal Loan Offer,1,0.5679425221544963
C00906,52,10070763.0,35,6,13,20262695.0,21,Affluent,0,Personal Loan Offer,0,0.6317067274697253
C00907,39,10931343.0,147,6,69,41410763.0,32,Affluent,1,Personal Loan Offer,1,0.6054423156631267
C00908,28,5609158.0,64,3,41,42145163.0,22,Mass,1,Personal Loan Offer,0,0.4066202038562464
C00909,37,11433488.0,124,4,15,23212132.0,24,Mass,0,Personal Loan Offer,0,0.3837406740051524
C00910,25,14121873.0,132,4,72,24242466.0,28,Affluent,1,Personal Loan Offer,0,0.6257367426330273
C00911,55,33203704.0,100,6,60,22063565.0,30,Priority,1,Personal Loan Offer,1,0.7026812256271469
C00912,29,12581231.0,99,3,70,9094190.0,24,Affluent,1,Personal Loan Offer,1,0.6259591927535275
C00913,37,3323802.0,35,2,44,10071200.0,26,Affluent,0,Personal Loan Offer,1,0.29879883415394054
C00914,65,11395456.0,97,5,35,9916915.0,21,Priority,1,Personal Loan Offer,1,0.645774935189434
C00915,47,54143283.0,136,6,66,4041013.0,22,Mass,1,Personal Loan Offer,1,0.6407565283535044
C00916,41,19325164.0,37,6,29,23071364.0,21,Mass,1,Personal Loan Offer,1,0.6045748051173263
C00917,45,7682290.0,44,1,83,19204774.0,20,Affluent,1,Personal Loan Offer,1,0.6064977772759466
C00918,56,16610171.0,125,6,72,42849604.0,19,Mass,0,Personal Loan Offer,1,0.6557801942422042
C00919,32,7978890.0,177,5,100,70559022.0,22,Mass,0,Personal Loan Offer,0,0.6318472316210308
C00920,49,5699124.0,72,1,12,75190631.0,30,Affluent,0,Personal Loan Offer,0,0.37810436488955146
C00921,60,9907613.0,150,1,63,82615535.0,29,Mass,0,Personal Loan Offer,0,0.4516001808849266
C00922,46,12619537.0,35,2,60,9380671.0,25,Mass,0,Personal Loan Offer,0,0.11421528945294834
C00923,41,4285431.0,104,6,88,4776810.0,12,Mass,1,Personal Loan Offer,0,0.4907180911719996
C00924,27,6378092.0,170,5,48,50727890.0,30,Mass,1,Personal Loan Offer,0,0.47915254354273135
C00925,32,12068409.0,81,4,95,79667818.0,19,Mass,0,Personal Loan Offer,0,0.6302723186795375
C00926,63,9587032.0,93,4,31,94795764.0,32,Mass,1,Personal Loan Offer,0,0.4687755220233407
C00927,45,14910309.0,30,3,87,32483377.0,28,Mass,0,Personal Loan Offer,0,0.7234384452764638
C00928,34,6152380.0,96,6,57,2715642.0,24,Priority,1,Personal Loan Offer,0,0.6838668495079727
C00929,39,17772800.0,107,1,95,28827844.0,30,Mass,0,Personal Loan Offer,0,0.2713164883619783
C00930,47,6257865.0,177,2,29,34854182.0,30,Affluent,1,Personal Loan Offer,0,0.36014982159874426
C00931,45,29618836.0,38,2,33,69951860.0,28,Priority,1,Personal Loan Offer,0,0.6225261904132317
C00932,52,4670376.0,68,6,61,83542958.0,22,Mass,1,Personal Loan Offer,0,0.5443896048034126
C00933,32,6579783.0,118,4,60,49668239.0,29,Mass,1,Personal Loan Offer,0,0.48934738727159377
C00934,50,15096465.0,170,5,23,11116754.0,19,Affluent,1,Personal Loan Offer,1,0.36263115918836775
C00935,40,29971141.0,45,6,69,7146444.0,18,Mass,1,Personal Loan Offer,1,0.7149803203264521
C00936,63,14270298.0,126,2,46,34113508.0,26,Mass,0,Personal Loan Offer,0,0.31504394212880715
C00937,28,16354098.0,159,6,23,9055001.0,30,Mass,0,Personal Loan Offer,0,0.49645678473403204
C00938,27,12116304.0,115,1,56,87432702.0,18,Affluent,0,Personal Loan Offer,0,0.4544658184245571
C00939,41,6823602.0,78,5,73,3637052.0,21,Affluent,1,Personal Loan Offer,0,0.5915234207609904
C00940,43,9164438.0,44,5,12,35255406.0,32,Affluent,1,Personal Loan Offer,0,0.45381948591658383
C00941,52,6161722.0,54,5,93,27529750.0,21,Mass,1,Personal Loan Offer,1,0.6254049273981334
C00942,39,5939448.0,12,1,65,16264188.0,37,Mass,0,Personal Loan Offer,1,0.5363274920507678
C00943,62,14967311.0,30,6,33,7929706.0,22,Mass,1,Personal Loan Offer,1,0.5240075742015408
C00944,42,6469888.0,80,5,78,2544555.0,24,Affluent,1,Personal Loan Offer,0,0.7224786508125174
C00945,26,14305747.0,28,1,86,11755293.0,29,Priority,0,Personal Loan Offer,0,0.481830801396972
C00946,26,5864423.0,4,4,97,11963365.0,24,Mass,1,Personal Loan Offer,1,0.47872050763188195
C00947,64,14124591.0,126,5,81,60792652.0,28,Mass,0,Personal Loan Offer,0,0.609346197784226
C00948,27,9171779.0,15,3,28,9141977.0,29,Mass,0,Personal Loan Offer,0,0.4001158692512049
C00949,63,26011668.0,28,3,24,31453268.0,21,Affluent,1,Personal Loan Offer,0,0.4573993083531817
C00950,33,14338555.0,108,2,28,5493098.0,20,Priority,0,Personal Loan Offer,0,0.29658204768139296
C00951,25,23678968.0,167,4,89,32329511.0,25,Mass,1,Personal Loan Offer,1,0.6981545295391695
C00952,34,7919285.0,131,6,37,2134072.0,31,Mass,0,Personal Loan Offer,0,0.37426379645198055
C00953,48,12376326.0,8,4,40,162556958.0,21,Priority,1,Personal Loan Offer,0,0.6117662302178706
C00954,40,6995791.0,32,5,91,17368613.0,27,Mass,0,Personal Loan Offer,0,0.6396529089366085
C00955,56,9558433.0,134,5,28,1222908.0,24,Affluent,1,Personal Loan Offer,0,0.4037753720972079
C00956,48,10389018.0,133,5,47,9756979.0,29,Priority,0,Personal Loan Offer,0,0.5018651604119987
C00957,39,8050101.0,72,3,36,8331721.0,22,Affluent,1,Personal Loan Offer,0,0.3969212320088194
C00958,49,6149557.0,172,5,37,10380345.0,25,Mass,1,Personal Loan Offer,0,0.4084590386447046
C00959,64,5515003.0,161,2,64,13888913.0,27,Affluent,0,Personal Loan Offer,0,0.32660028158227145
C00960,39,3313633.0,135,4,77,10310008.0,22,Mass,1,Personal Loan Offer,0,0.5698108197919174
C00961,27,6712128.0,136,2,34,8840295.0,29,Mass,0,Personal Loan Offer,0,0.42772084277124195
C00962,39,16945940.0,142,6,13,6277987.0,22,Mass,0,Personal Loan Offer,1,0.47758752167591223
C00963,58,4981507.0,29,5,68,45491327.0,24,Mass,1,Personal Loan Offer,0,0.5548379753723091
C00964,30,5654429.0,127,4,59,66477789.0,24,Priority,1,Personal Loan Offer,0,0.5086778627741205
C00965,63,32133557.0,170,3,69,15504936.0,28,Affluent,0,Personal Loan Offer,0,0.6030113220609997
C00966,47,8455641.0,43,4,50,19650359.0,21,Mass,0,Personal Loan Offer,0,0.39446598943909794
C00967,48,14317491.0,5,5,80,6484414.0,29,Mass,1,Personal Loan Offer,0,0.6039130474813957
C00968,35,17084662.0,67,2,66,21472069.0,35,Mass,1,Personal Loan Offer,0,0.5652660838694925
C00969,62,17275616.0,50,5,78,25171088.0,26,Mass,1,Personal Loan Offer,1,0.5754082134562946
C00970,22,5194674.0,171,2,76,16060031.0,30,Mass,0,Personal Loan Offer,0,0.23832673777127988
C00971,34,10567929.0,82,1,55,29719615.0,20,Mass,0,Personal Loan Offer,0,0.42270871932406495
C00972,39,4927746.0,120,5,39,27233315.0,23,Affluent,0,Personal Loan Offer,1,0.5115595104760323
C00973,42,46080113.0,177,5,62,6969844.0,29,Mass,0,Personal Loan Offer,0,0.6332514929355912
C00974,42,4991444.0,143,3,67,65942278.0,30,Affluent,1,Personal Loan Offer,0,0.370996862437067
C00975,27,6743604.0,136,4,62,16249888.0,30,Mass,0,Personal Loan Offer,0,0.3657227733035494
C00976,31,6770508.0,175,5,57,106836954.0,21,Mass,1,Personal Loan Offer,1,0.39956108143878066
C00977,25,5268488.0,125,5,41,30452036.0,19,Mass,1,Personal Loan Offer,0,0.33531953624450117
C00978,46,25250180.0,44,6,22,143547416.0,23,Mass,1,Personal Loan Offer,0,0.40158562650317603
C00979,36,45479105.0,132,6,48,64780293.0,24,Mass,0,Personal Loan Offer,0,0.45640913887108553
C00980,46,9237254.0,60,3,90,25101357.0,21,Mass,0,Personal Loan Offer,0,0.7644556198525952
C00981,47,5804735.0,61,2,75,9704847.0,28,Affluent,1,Personal Loan Offer,0,0.6733635212375478
C00982,52,3506427.0,117,1,78,9916151.0,28,Mass,0,Personal Loan Offer,0,0.4337871378521864
C00983,45,10492355.0,59,4,77,34081904.0,28,Mass,1,Personal Loan Offer,0,0.5296534781396361
C00984,50,10083553.0,7,4,93,23077506.0,14,Mass,1,Personal Loan Offer,1,0.7617028086406905
C00985,47,8387091.0,180,5,30,11097347.0,30,Mass,0,Personal Loan Offer,0,0.5896491593728254
C00986,50,13553747.0,104,1,75,46006938.0,26,Priority,1,Personal Loan Offer,0,0.44326847585474444
C00987,48,14913277.0,122,5,16,20790655.0,20,Mass,1,Personal Loan Offer,0,0.3708689383258842
C00988,35,14333543.0,146,5,32,46281490.0,30,Mass,0,Personal Loan Offer,0,0.39950059072744915
C00989,32,10084887.0,115,5,12,7540302.0,30,Affluent,0,Personal Loan Offer,0,0.3562056171432331
C00990,56,6547051.0,111,4,49,54336921.0,24,Mass,0,Personal Loan Offer,0,0.39454004750579386
C00991,36,17307066.0,143,1,22,33007270.0,30,Mass,0,Personal Loan Offer,0,0.2524774498100543
C00992,45,12082876.0,55,3,45,66241154.0,33,Affluent,0,Personal Loan Offer,0,0.48599859639939935
C00993,29,19560325.0,150,4,22,53152374.0,16,Affluent,1,Personal Loan Offer,0,0.4240331288761234
C00994,40,18531059.0,131,4,13,18371102.0,27,Affluent,1,Personal Loan Offer,0,0.5532960071295903
C00995,44,5490051.0,35,4,53,16951524.0,28,Mass,0,Personal Loan Offer,0,0.3310792449077674
C00996,49,5452556.0,28,4,47,118957141.0,26,Mass,1,Personal Loan Offer,1,0.5421377810199782
C00997,44,7919747.0,159,4,47,14956766.0,33,Mass,0,Personal Loan Offer,0,0.2973377360173646
C00998,37,6712428.0,162,2,41,42273735.0,22,Mass,1,Personal Loan Offer,0,0.33805319054712485
C00999,64,18179510.0,179,4,47,13658271.0,22,Priority,1,Personal Loan Offer,0,0.6655489083094576
C01000,44,14557801.0,20,2,10,3107595.0,21,Mass,0,Personal Loan Offer,0,0.2849589558052523
C01001,57,21965166.0,162,3,53,5861428.0,20,Mass,0,Personal Loan Offer,0,0.38123047986520486
C01002,54,14924056.0,156,3,87,30013676.0,18,Mass,0,Personal Loan Offer,0,0.561560812360189
C01003,46,13459214.0,139,5,22,40320659.0,24,Mass,1,Personal Loan Offer,0,0.5734506278813012
C01004,60,23214058.0,91,6,23,30112660.0,28,Mass,0,Personal Loan Offer,0,0.37257635478961737
C01005,26,15537504.0,93,4,80,62908531.0,28,Mass,0,Personal Loan Offer,0,0.6342154669673306
C01006,62,12457990.0,79,1,55,29576864.0,24,Affluent,1,Personal Loan Offer,0,0.5176573039407265
C01007,59,27089761.0,8,5,33,9211913.0,24,Mass,1,Personal Loan Offer,1,0.39564499407517434
C01008,43,12784789.0,92,2,81,36235324.0,30,Mass,0,Personal Loan Offer,0,0.6918355459012225
C01009,54,10150463.0,45,1,39,23696805.0,23,Mass,1,Personal Loan Offer,0,0.5246663751795092
C01010,44,7569325.0,38,2,65,11247819.0,37,Mass,1,Personal Loan Offer,0,0.554524830013775
C01011,33,17664742.0,12,6,60,32080603.0,13,Mass,1,Personal Loan Offer,0,0.6666176086313426
C01012,56,23695483.0,84,3,25,21652100.0,22,Mass,0,Personal Loan Offer,0,0.17371575046539517
C01013,32,11670725.0,11,2,78,10921483.0,29,Affluent,0,Personal Loan Offer,0,0.3627186280060782
C01014,35,24637268.0,154,1,66,16741095.0,24,Mass,1,Personal Loan Offer,0,0.4014305593684828
C01015,44,4060875.0,161,4,28,82211846.0,27,Mass,1,Personal Loan Offer,0,0.2748495111679185
C01016,58,11639533.0,145,5,78,79568644.0,26,Mass,1,Personal Loan Offer,1,0.6575117127742083
C01017,38,11738270.0,56,3,66,24140150.0,20,Mass,0,Personal Loan Offer,0,0.1596176100772628
C01018,43,8045072.0,32,1,87,21178774.0,17,Affluent,1,Personal Loan Offer,1,0.5649571387539222
C01019,22,44524082.0,92,3,84,4771622.0,25,Mass,1,Personal Loan Offer,0,0.5892130079194714
C01020,26,11570985.0,122,4,38,111619681.0,27,Mass,1,Personal Loan Offer,0,0.3439842055550265
C01021,23,9589366.0,6,1,95,56377727.0,30,Priority,1,Personal Loan Offer,0,0.8004500923579517
C01022,24,12172579.0,155,2,13,42422711.0,21,Mass,0,Personal Loan Offer,0,0.21302583885902507
C01023,60,3988276.0,81,1,40,2056492.0,34,Mass,0,Personal Loan Offer,0,0.14973621851582275
C01024,58,7900921.0,148,3,65,20835430.0,28,Affluent,1,Personal Loan Offer,1,0.5587383954646703
C01025,57,20608191.0,16,2,58,17612406.0,28,Mass,0,Personal Loan Offer,0,0.46213156047396836
C01026,23,8490830.0,78,2,30,39588858.0,16,Mass,1,Personal Loan Offer,1,0.25512765737359777
C01027,24,7606669.0,84,1,28,12739424.0,32,Mass,0,Personal Loan Offer,0,0.5260742247905953
C01028,33,24659094.0,11,5,81,15863519.0,23,Mass,1,Personal Loan Offer,0,0.6374320605685033
C01029,46,25079394.0,128,3,89,37156741.0,24,Mass,0,Personal Loan Offer,1,0.6939792890770895
C01030,36,15946692.0,168,6,71,9227184.0,31,Affluent,1,Personal Loan Offer,1,0.694066210556149
C01031,42,9342670.0,99,3,58,11264876.0,23,Mass,0,Personal Loan Offer,0,0.5650132685965608
C01032,28,10519152.0,73,2,80,24265581.0,23,Priority,0,Personal Loan Offer,0,0.5303701503391356
C01033,53,7710817.0,116,2,31,76265294.0,16,Mass,0,Personal Loan Offer,0,0.1857991913070243
C01034,35,6943330.0,67,6,98,44889415.0,34,Mass,0,Personal Loan Offer,1,0.7592532755967184
C01035,23,6756315.0,67,4,21,58623541.0,21,Affluent,1,Personal Loan Offer,0,0.4040717921674832
C01036,54,8541842.0,138,2,63,21307286.0,31,Mass,1,Personal Loan Offer,0,0.5030724203304715
C01037,61,6792439.0,108,4,41,89193690.0,26,Mass,1,Personal Loan Offer,0,0.32660689880000104
C01038,21,5077753.0,49,4,92,3506260.0,28,Mass,0,Personal Loan Offer,1,0.6243805278289299
C01039,40,13539050.0,75,1,32,151104476.0,26,Mass,0,Personal Loan Offer,0,0.15967143443847745
C01040,58,13652658.0,151,5,68,171999445.0,28,Mass,0,Personal Loan Offer,0,0.518176615662092
C01041,52,30579892.0,97,1,24,31574462.0,26,Mass,1,Personal Loan Offer,0,0.2246183255773752
C01042,59,8308844.0,16,2,26,45970271.0,25,Mass,0,Personal Loan Offer,0,0.3271859152858624
C01043,39,14122397.0,155,5,47,19254261.0,29,Mass,0,Personal Loan Offer,0,0.4089492284189447
C01044,37,14252019.0,134,3,82,16218684.0,22,Mass,0,Personal Loan Offer,1,0.3441639854364202
C01045,52,10436361.0,50,2,35,10857563.0,21,Mass,0,Personal Loan Offer,0,0.2393742950851651
C01046,27,18070669.0,174,1,73,19043394.0,30,Priority,1,Personal Loan Offer,0,0.6161482967129792
C01047,31,18380360.0,172,4,61,34871356.0,32,Affluent,0,Personal Loan Offer,1,0.5826083512408917
C01048,48,14367702.0,180,5,98,30435696.0,30,Mass,1,Personal Loan Offer,1,0.5713259298449863
C01049,51,10426022.0,70,2,37,145814512.0,28,Mass,0,Personal Loan Offer,1,0.43904278974494565
C01050,26,9857820.0,167,3,32,22109488.0,16,Mass,0,Personal Loan Offer,1,0.494724165675054
C01051,43,5655576.0,146,3,92,4512736.0,27,Mass,0,Personal Loan Offer,0,0.6393034859002592
C01052,37,7703324.0,157,6,40,103548789.0,31,Priority,1,Personal Loan Offer,0,0.31753708882144377
C01053,43,8523291.0,100,5,29,5898971.0,25,Mass,0,Personal Loan Offer,0,0.4039980343424316
C01054,64,6467064.0,52,2,84,11431142.0,19,Affluent,0,Personal Loan Offer,0,0.4934942774585409
C01055,24,15284891.0,43,4,83,26244998.0,18,Affluent,1,Personal Loan Offer,1,0.35966186046127296
C01056,65,23174487.0,175,6,15,30353364.0,31,Affluent,0,Personal Loan Offer,0,0.32699772963700974
C01057,41,7282486.0,92,3,87,4712855.0,24,Mass,0,Personal Loan Offer,1,0.6078215342754829
C01058,55,14024411.0,168,1,67,9480718.0,20,Mass,0,Personal Loan Offer,0,0.3976325563735906
C01059,40,6794718.0,101,2,35,4549193.0,26,Affluent,0,Personal Loan Offer,0,0.3552475838447597
C01060,34,10147217.0,98,4,58,37242305.0,31,Affluent,1,Personal Loan Offer,1,0.44849292130187424
C01061,55,8208953.0,16,6,31,65307844.0,26,Mass,1,Personal Loan Offer,0,0.5674431759068583
C01062,51,16709029.0,74,2,25,5893760.0,28,Mass,0,Personal Loan Offer,0,0.18092568127580752
C01063,27,8261227.0,101,1,22,54130198.0,18,Mass,1,Personal Loan Offer,0,0.1581428169340525
C01064,52,20932854.0,22,2,25,50729674.0,28,Mass,0,Personal Loan Offer,0,0.2762724549118982
C01065,54,10483056.0,31,3,63,10346636.0,28,Mass,0,Personal Loan Offer,0,0.267222722700534
C01066,38,8394902.0,108,1,83,2754272.0,28,Mass,1,Personal Loan Offer,1,0.32769857586741047
C01067,62,6023020.0,47,1,54,6851559.0,20,Affluent,1,Personal Loan Offer,0,0.4935573606394627
C01068,49,13793109.0,127,4,11,11028410.0,24,Affluent,0,Personal Loan Offer,0,0.2602440167104042
C01069,36,19634275.0,84,5,49,93447812.0,31,Mass,1,Personal Loan Offer,1,0.6090099353444786
C01070,21,13946566.0,74,2,77,17768544.0,26,Affluent,1,Personal Loan Offer,0,0.6008063320357042
C01071,51,41110521.0,23,4,86,7307523.0,25,Affluent,1,Personal Loan Offer,1,0.6793279561804959
C01072,30,26345296.0,75,4,76,23186746.0,21,Mass,1,Personal Loan Offer,1,0.3859294053626065
C01073,55,10132685.0,99,5,43,5476053.0,13,Affluent,1,Personal Loan Offer,0,0.4755763975545055
C01074,44,10074340.0,105,6,69,33450687.0,27,Mass,1,Personal Loan Offer,0,0.3200792356983429
C01075,42,15537242.0,51,6,16,7523777.0,26,Priority,1,Personal Loan Offer,0,0.4333410049894592
C01076,28,7568509.0,7,2,47,8699004.0,30,Mass,1,Personal Loan Offer,0,0.36941654629600856
C01077,53,22790989.0,169,6,58,29114150.0,23,Affluent,1,Personal Loan Offer,1,0.717777840467949
C01078,28,14640431.0,173,1,12,115118952.0,27,Mass,0,Personal Loan Offer,0,0.22259935834500644
C01079,39,13817820.0,163,6,11,180101365.0,23,Mass,0,Personal Loan Offer,1,0.3258360789912651
C01080,58,17509282.0,54,1,82,7070044.0,20,Mass,0,Personal Loan Offer,0,0.3572005123610854
C01081,62,30952788.0,110,1,30,11013546.0,24,Mass,1,Personal Loan Offer,0,0.25715573583569235
C01082,65,13183052.0,28,1,21,33490592.0,28,Affluent,1,Personal Loan Offer,0,0.3622538083308672
C01083,64,11276653.0,164,1,63,64361886.0,28,Mass,0,Personal Loan Offer,0,0.4224537136631105
C01084,46,27514206.0,3,3,35,2297103.0,27,Mass,0,Personal Loan Offer,0,0.3804187898395959
C01085,30,20431123.0,86,4,99,21825284.0,27,Affluent,1,Personal Loan Offer,1,0.7550692920285793
C01086,58,10057994.0,155,5,96,12287584.0,21,Mass,1,Personal Loan Offer,0,0.6201115485171897
C01087,57,12034279.0,132,1,84,2920372.0,24,Affluent,1,Personal Loan Offer,1,0.3377400468422688
C01088,65,13361349.0,156,2,37,5251766.0,20,Mass,1,Personal Loan Offer,0,0.20179722305482814
C01089,50,14642141.0,91,1,89,11335709.0,25,Mass,1,Personal Loan Offer,0,0.5428315287640605
C01090,27,5690378.0,19,1,33,21211581.0,24,Mass,0,Personal Loan Offer,0,0.14646287775646344
C01091,43,5137364.0,4,5,31,54807943.0,31,Affluent,1,Personal Loan Offer,0,0.40817571954872406
C01092,41,7365759.0,30,4,98,28505025.0,33,Affluent,1,Personal Loan Offer,1,0.6538411360510162
C01093,58,7058980.0,13,2,71,51587104.0,29,Affluent,0,Personal Loan Offer,0,0.3673636546044884
C01094,38,8421630.0,82,2,17,20541693.0,33,Mass,0,Personal Loan Offer,0,0.13063869172015535
C01095,35,17013336.0,11,6,90,9882706.0,23,Mass,0,Personal Loan Offer,0,0.51491298737536
C01096,24,10935295.0,36,4,24,16642877.0,22,Mass,1,Personal Loan Offer,0,0.1648379845964151
C01097,58,13368801.0,77,2,71,40094919.0,25,Mass,0,Personal Loan Offer,1,0.5168253301837719
C01098,54,6119863.0,133,6,49,56165037.0,29,Mass,0,Personal Loan Offer,1,0.5472891428985122
C01099,22,9309203.0,123,2,11,17250784.0,18,Affluent,0,Personal Loan Offer,0,0.1980419119711639
C01100,40,16575047.0,13,2,81,7898059.0,27,Affluent,0,Personal Loan Offer,0,0.37714881775104425
C01101,42,16645343.0,163,5,72,27977215.0,27,Mass,1,Personal Loan Offer,1,0.7014202835854688
C01102,42,8055790.0,100,4,90,32256296.0,34,Affluent,0,Personal Loan Offer,0,0.6927214367523227
C01103,62,13115844.0,65,1,65,68610896.0,33,Mass,0,Personal Loan Offer,0,0.3312850093829452
C01104,27,40216323.0,71,5,78,10144883.0,20,Mass,0,Personal Loan Offer,0,0.7622921229404654
C01105,34,11884414.0,154,2,92,10256740.0,27,Mass,1,Personal Loan Offer,0,0.5291285592805244
C01106,29,8196062.0,85,5,98,42601628.0,25,Mass,1,Personal Loan Offer,1,0.6716597406684525
C01107,31,10906264.0,46,3,61,13307113.0,18,Affluent,1,Personal Loan Offer,0,0.3488415315117907
C01108,61,12624054.0,78,5,11,12756591.0,23,Mass,0,Personal Loan Offer,0,0.18300049743136212
C01109,63,11042639.0,15,6,41,70096450.0,22,Mass,0,Personal Loan Offer,0,0.28937200710004435
C01110,23,11794833.0,30,5,66,5077031.0,24,Mass,1,Personal Loan Offer,0,0.7539189619344286
C01111,49,5424962.0,58,6,19,156324725.0,23,Affluent,0,Personal Loan Offer,1,0.3557187971714996
C01112,31,7067168.0,42,4,20,10838416.0,22,Mass,0,Personal Loan Offer,0,0.3106991661378267
C01113,29,11053778.0,65,1,45,47582292.0,30,Affluent,0,Personal Loan Offer,0,0.42929597735547703
C01114,34,10957337.0,14,4,92,17938202.0,30,Mass,1,Personal Loan Offer,1,0.5883675152562344
C01115,29,8789014.0,111,3,39,26235004.0,18,Affluent,0,Personal Loan Offer,0,0.3719067281536131
C01116,43,10886780.0,23,5,95,15378121.0,28,Mass,0,Personal Loan Offer,0,0.6118765746168418
C01117,65,12409531.0,41,2,83,47101692.0,29,Mass,1,Personal Loan Offer,0,0.5518823231216232
C01118,47,19571688.0,177,5,37,14131529.0,34,Mass,0,Personal Loan Offer,0,0.33285001940819414
C01119,53,11362747.0,4,3,31,11277232.0,23,Affluent,1,Personal Loan Offer,0,0.32524606224893643
C01120,43,14945547.0,52,5,85,122618033.0,30,Priority,0,Personal Loan Offer,0,0.46451830571215924
C01121,21,8908684.0,92,3,78,20596373.0,18,Priority,0,Personal Loan Offer,0,0.3573045570289588
C01122,24,16437401.0,57,3,67,10176048.0,25,Mass,0,Personal Loan Offer,0,0.3126805024068709
C01123,33,14754650.0,60,2,99,4506162.0,22,Mass,1,Personal Loan Offer,0,0.6385288797117314
C01124,31,19319327.0,25,5,19,129193374.0,23,Mass,1,Personal Loan Offer,1,0.3614109953533083
C01125,58,17766415.0,78,1,45,11516801.0,15,Mass,0,Personal Loan Offer,0,0.38160669857010626
C01126,58,16588526.0,137,2,64,157208117.0,27,Mass,1,Personal Loan Offer,1,0.502248072858271
C01127,59,11367712.0,107,3,16,29802331.0,13,Affluent,0,Personal Loan Offer,0,0.33900815451824023
C01128,49,13730549.0,167,1,98,23071947.0,26,Priority,0,Personal Loan Offer,0,0.4991219315906501
C01129,46,21538382.0,127,6,62,23702395.0,21,Mass,1,Personal Loan Offer,0,0.5781690000869462
C01130,50,8383501.0,143,3,38,183402504.0,33,Mass,0,Personal Loan Offer,0,0.419921493483831
C01131,39,8493340.0,79,2,31,2233375.0,26,Mass,1,Personal Loan Offer,0,0.5442017237855304
C01132,51,13259230.0,112,2,10,24780915.0,22,Mass,1,Personal Loan Offer,0,0.20333288603949212
C01133,56,15079112.0,105,2,63,15340995.0,31,Mass,1,Personal Loan Offer,0,0.5134632379917493
C01134,55,7626645.0,147,4,98,16161613.0,24,Mass,1,Personal Loan Offer,1,0.5759392634716841
C01135,48,11516574.0,92,3,13,23220700.0,19,Mass,0,Personal Loan Offer,0,0.1986062894855599
C01136,23,11395372.0,74,2,47,15324887.0,24,Affluent,1,Personal Loan Offer,0,0.506825650179877
C01137,53,3548421.0,15,6,70,24139824.0,29,Mass,1,Personal Loan Offer,0,0.7671162687366924
C01138,37,10634782.0,155,4,49,19533966.0,28,Affluent,1,Personal Loan Offer,1,0.5200393772093095
C01139,54,11005354.0,80,3,69,5377234.0,22,Affluent,0,Personal Loan Offer,1,0.42589653638534974
C01140,45,10987360.0,145,4,74,29285670.0,30,Mass,1,Personal Loan Offer,0,0.5846643733923681
C01141,60,26145040.0,123,4,97,40926866.0,29,Mass,1,Personal Loan Offer,0,0.6850951608712841
C01142,36,6148558.0,3,1,64,11630915.0,28,Priority,1,Personal Loan Offer,1,0.727406268082609
C01143,62,7624481.0,118,5,74,129493198.0,22,Mass,1,Personal Loan Offer,0,0.6491084064875241
C01144,59,3000000.0,89,2,37,76043384.0,24,Mass,0,Personal Loan Offer,0,0.21159232628125707
C01145,35,9211037.0,45,1,23,46510801.0,20,Mass,1,Personal Loan Offer,0,0.3646446444111773
C01146,42,9653328.0,50,4,19,45949962.0,21,Affluent,1,Personal Loan Offer,0,0.4607993418349984
C01147,44,9064985.0,116,6,19,20611089.0,19,Mass,1,Personal Loan Offer,0,0.4830135197243179
C01148,55,22068013.0,18,5,85,62621231.0,26,Mass,1,Personal Loan Offer,1,0.684951468030686
C01149,52,19264158.0,110,2,13,96205534.0,42,Affluent,1,Personal Loan Offer,0,0.474498416953265
C01150,59,12525015.0,153,3,53,44869411.0,19,Mass,1,Personal Loan Offer,0,0.4521455119143649
C01151,37,9787142.0,18,4,65,11307304.0,25,Affluent,1,Personal Loan Offer,1,0.5051082127840997
C01152,43,21100800.0,4,2,71,19221911.0,24,Mass,1,Personal Loan Offer,0,0.47367901889018743
C01153,40,11870304.0,13,5,16,35495371.0,27,Affluent,1,Personal Loan Offer,1,0.3935089401051632
C01154,61,7651167.0,132,2,88,46222985.0,30,Mass,1,Personal Loan Offer,1,0.5409351197759183
C01155,34,4669117.0,153,2,49,18508962.0,22,Mass,0,Personal Loan Offer,0,0.3370225040249388
C01156,47,9413866.0,178,1,11,11346663.0,24,Mass,0,Personal Loan Offer,0,0.17841655540021245
C01157,26,18173430.0,8,5,22,97508471.0,19,Mass,0,Personal Loan Offer,0,0.36517679233046746
C01158,59,41972008.0,88,1,88,6844275.0,28,Mass,0,Personal Loan Offer,1,0.5503350018668176
C01159,38,12413596.0,11,5,95,7802159.0,17,Mass,0,Personal Loan Offer,1,0.3956664790381357
C01160,36,7877110.0,69,6,78,5304760.0,31,Mass,1,Personal Loan Offer,1,0.716976924523094
C01161,47,6253716.0,57,1,40,7784865.0,25,Mass,0,Personal Loan Offer,0,0.3113137649478755
C01162,43,16256321.0,110,1,96,69621759.0,20,Mass,1,Personal Loan Offer,0,0.42604426821785113
C01163,59,4546546.0,164,6,35,71992722.0,23,Mass,0,Personal Loan Offer,0,0.5059870311454862
C01164,44,16241935.0,146,1,31,18572588.0,19,Affluent,0,Personal Loan Offer,0,0.26299952654622405
C01165,44,18814880.0,14,3,79,32853118.0,24,Mass,1,Personal Loan Offer,0,0.45717424138177154
C01166,25,15254284.0,45,6,39,19791008.0,27,Affluent,0,Personal Loan Offer,1,0.5827764803257219
C01167,21,10634386.0,51,1,57,6072409.0,33,Mass,0,Personal Loan Offer,0,0.5293137309000012
C01168,38,16372842.0,47,4,70,183798359.0,31,Mass,0,Personal Loan Offer,1,0.5986468485345394
C01169,65,13182929.0,65,3,25,79080968.0,26,Mass,0,Personal Loan Offer,1,0.24497954794201893
C01170,62,7821986.0,111,3,94,28507057.0,24,Mass,1,Personal Loan Offer,1,0.49890340292473
C01171,49,33202774.0,134,6,25,8498098.0,28,Affluent,0,Personal Loan Offer,1,0.6398251259689122
C01172,49,9889593.0,170,4,100,15971372.0,20,Mass,1,Personal Loan Offer,0,0.6445549164331276
C01173,38,18385649.0,128,2,35,10007219.0,33,Priority,0,Personal Loan Offer,0,0.5630058454818567
C01174,28,3172972.0,56,6,47,22050042.0,20,Affluent,0,Personal Loan Offer,0,0.5657788332153167
C01175,21,24214839.0,35,4,33,27266407.0,29,Mass,1,Personal Loan Offer,0,0.5068830158637161
C01176,36,26916156.0,70,1,59,14219394.0,22,Priority,0,Personal Loan Offer,0,0.732685225390394
C01177,35,12198527.0,145,3,10,4670749.0,17,Mass,1,Personal Loan Offer,0,0.14312495655130358
C01178,29,16317379.0,179,2,25,168644215.0,24,Affluent,1,Personal Loan Offer,0,0.6599699174059291
C01179,32,16315083.0,72,4,57,25362178.0,24,Mass,1,Personal Loan Offer,1,0.5826964394399667
C01180,22,8426451.0,34,6,73,31573693.0,24,Mass,1,Personal Loan Offer,0,0.8360353176653402
C01181,48,16213171.0,3,1,97,13109313.0,28,Mass,0,Personal Loan Offer,0,0.38787116813323386
C01182,62,7691839.0,16,5,86,4194278.0,22,Affluent,0,Personal Loan Offer,1,0.6788087464648933
C01183,52,8585634.0,116,6,93,18401492.0,28,Mass,1,Personal Loan Offer,0,0.6722275380977931
C01184,41,22303093.0,107,6,82,14476263.0,26,Mass,0,Personal Loan Offer,0,0.7427738229203521
C01185,39,20511145.0,117,4,80,40660888.0,27,Priority,0,Personal Loan Offer,0,0.7288124678085439
C01186,34,8136826.0,7,2,41,49491941.0,27,Mass,1,Personal Loan Offer,0,0.36634070215780706
C01187,27,8016001.0,80,1,92,42981155.0,17,Priority,1,Personal Loan Offer,1,0.6559586843263533
C01188,47,8413424.0,35,6,97,53731779.0,20,Mass,1,Personal Loan Offer,1,0.6481494706087259
C01189,46,17954817.0,62,3,56,121437300.0,21,Affluent,0,Personal Loan Offer,0,0.4427118330751198
C01190,21,6923456.0,113,3,20,29535237.0,25,Mass,0,Personal Loan Offer,0,0.32877912329942444
C01191,39,14601125.0,52,5,13,60036223.0,28,Affluent,0,Personal Loan Offer,1,0.3507693071558919
C01192,33,18095665.0,120,5,54,32772602.0,22,Affluent,1,Personal Loan Offer,0,0.5411262368621065
C01193,28,11431488.0,54,5,67,2991266.0,19,Mass,0,Personal Loan Offer,0,0.3376722637737981
C01194,52,20914479.0,93,6,60,17136522.0,20,Affluent,0,Personal Loan Offer,0,0.6223088160473587
C01195,44,10150633.0,84,6,91,8398228.0,28,Priority,1,Personal Loan Offer,0,0.6477226584952764
C01196,49,10668400.0,71,2,58,25208106.0,24,Affluent,1,Personal Loan Offer,0,0.4356635029962087
C01197,53,7010586.0,25,2,70,9067731.0,28,Priority,0,Personal Loan Offer,0,0.39610385087067707
C01198,65,20996467.0,105,2,78,36649990.0,30,Affluent,1,Personal Loan Offer,0,0.5573161109826552
C01199,57,7872065.0,179,4,91,53343939.0,29,Mass,1,Personal Loan Offer,0,0.6876868751151202
C01200,48,14545492.0,117,4,65,66639822.0,23,Affluent,0,Personal Loan Offer,0,0.4851547369520598
C01201,60,11538425.0,135,6,60,100987206.0,22,Affluent,1,Personal Loan Offer,1,0.4959262130113957
C01202,42,6725296.0,146,6,17,3742329.0,20,Mass,0,Personal Loan Offer,0,0.4476654145080272
C01203,65,8583999.0,9,5,68,6029911.0,23,Mass,1,Personal Loan Offer,0,0.6269310653096688
C01204,55,25674194.0,144,1,26,373735176.0,16,Mass,0,Personal Loan Offer,0,0.38329461778497936
C01205,50,13407554.0,46,5,43,54885873.0,20,Affluent,1,Personal Loan Offer,1,0.44461855711525494
C01206,61,6888642.0,121,6,58,25032632.0,20,Affluent,0,Personal Loan Offer,1,0.491338407258161
C01207,44,14194254.0,178,6,17,20651125.0,21,Affluent,1,Personal Loan Offer,0,0.39919370455047665
C01208,53,11073379.0,162,3,73,18894524.0,20,Mass,1,Personal Loan Offer,1,0.45643663885574587
C01209,33,80000000.0,76,5,35,2892108.0,27,Mass,0,Personal Loan Offer,0,0.39912540563805954
C01210,64,14037394.0,152,3,56,9238718.0,28,Mass,0,Personal Loan Offer,0,0.30985200270089935
C01211,49,9733397.0,113,1,41,17883611.0,20,Affluent,1,Personal Loan Offer,0,0.4820904871051355
C01212,56,26204260.0,26,3,42,9775433.0,25,Affluent,1,Personal Loan Offer,0,0.48799306286516325
C01213,41,4359410.0,45,2,45,11140602.0,25,Affluent,1,Personal Loan Offer,0,0.5239391183133407
C01214,60,12638943.0,173,6,14,258388353.0,24,Mass,1,Personal Loan Offer,0,0.5483620770380605
C01215,24,35939692.0,165,2,27,15550289.0,24,Affluent,0,Personal Loan Offer,1,0.36147791602013907
C01216,26,11257078.0,161,1,81,26412894.0,26,Affluent,1,Personal Loan Offer,0,0.4571506802713842
C01217,43,4625531.0,71,4,21,25489550.0,16,Priority,0,Personal Loan Offer,0,0.5149276698388748
C01218,53,9651871.0,60,4,55,36060272.0,29,Affluent,1,Personal Loan Offer,1,0.6057784855967041
C01219,57,26706088.0,146,4,22,12409341.0,27,Mass,0,Personal Loan Offer,1,0.4928377640085539
C01220,40,14757404.0,6,1,59,69596447.0,24,Affluent,0,Personal Loan Offer,0,0.4267708320631026
C01221,50,7565026.0,162,3,68,31164963.0,27,Mass,1,Personal Loan Offer,0,0.4690692276478411
C01222,45,8231951.0,110,6,52,5521049.0,15,Affluent,1,Personal Loan Offer,1,0.5052428125071773
C01223,64,8820438.0,115,1,80,17961459.0,21,Affluent,0,Personal Loan Offer,0,0.4646282669484861
C01224,50,14637189.0,81,5,34,16837086.0,32,Affluent,1,Personal Loan Offer,1,0.40347129068007315
C01225,39,25051019.0,177,1,60,16079848.0,22,Mass,0,Personal Loan Offer,0,0.378408531319663
C01226,64,21407457.0,136,2,35,33282412.0,26,Affluent,1,Personal Loan Offer,1,0.37398446551418363
C01227,25,15420740.0,12,6,56,37730073.0,25,Mass,0,Personal Loan Offer,0,0.4824162137404058
C01228,65,5769019.0,96,2,15,33528149.0,27,Affluent,1,Personal Loan Offer,0,0.3730808358618469
C01229,27,5780810.0,156,4,34,28068491.0,26,Priority,0,Personal Loan Offer,1,0.3020642616079615
C01230,33,16089957.0,16,3,74,21788231.0,26,Mass,1,Personal Loan Offer,1,0.5372825422825122
C01231,57,5725315.0,134,4,80,2326873.0,35,Affluent,1,Personal Loan Offer,1,0.4837439230961499
C01232,54,10599902.0,46,3,34,43537599.0,23,Affluent,1,Personal Loan Offer,0,0.29555754512786914
C01233,64,14185061.0,93,3,33,32592636.0,26,Affluent,0,Personal Loan Offer,0,0.31356250644257055
C01234,54,6418792.0,160,5,37,7470568.0,15,Mass,1,Personal Loan Offer,1,0.43638866735827925
C01235,49,6831624.0,90,4,35,26478009.0,29,Priority,0,Personal Loan Offer,0,0.22952279882718915
C01236,36,11394606.0,9,4,100,38231919.0,25,Priority,1,Personal Loan Offer,0,0.7331168581227443
C01237,21,15830118.0,6,5,69,64520264.0,35,Affluent,1,Personal Loan Offer,1,0.6412414685111848
C01238,26,21514819.0,134,3,45,33315865.0,19,Mass,0,Personal Loan Offer,1,0.2849743731601838
C01239,34,16756497.0,168,5,52,27586708.0,25,Affluent,1,Personal Loan Offer,0,0.5724885102592568
C01240,22,12496115.0,54,5,56,51547545.0,25,Mass,1,Personal Loan Offer,0,0.3497178451348608
C01241,43,7960561.0,169,6,60,14719781.0,29,Affluent,0,Personal Loan Offer,0,0.5899822612607565
C01242,55,6658590.0,83,3,45,30196786.0,18,Mass,0,Personal Loan Offer,0,0.22280153983515344
C01243,64,9060500.0,13,4,98,10746919.0,31,Mass,1,Personal Loan Offer,0,0.8117720551237647
C01244,43,15034856.0,97,1,36,60705177.0,26,Mass,0,Personal Loan Offer,0,0.39263627389749944
C01245,60,14440687.0,176,1,48,3998907.0,32,Affluent,0,Personal Loan Offer,0,0.4185132717310812
C01246,65,3780894.0,47,1,10,45262073.0,17,Mass,0,Personal Loan Offer,0,0.12395671977470217
C01247,59,7789559.0,173,4,54,20357334.0,26,Affluent,0,Personal Loan Offer,0,0.4593478320828698
C01248,41,23275139.0,119,2,87,52516090.0,28,Mass,0,Personal Loan Offer,0,0.5096163967764443
C01249,35,12534376.0,73,2,100,9163131.0,31,Mass,1,Personal Loan Offer,0,0.5811776495597697
C01250,65,5504422.0,126,4,53,21883126.0,32,Mass,1,Personal Loan Offer,0,0.484011183654854
C01251,31,43842703.0,74,3,22,21250116.0,20,Mass,0,Personal Loan Offer,0,0.4007539640342216
C01252,39,11810497.0,18,1,75,30864783.0,22,Mass,0,Personal Loan Offer,0,0.4481020240089119
C01253,24,14824635.0,157,4,68,7015839.0,24,Affluent,1,Personal Loan Offer,1,0.5389918433444162
C01254,56,14949013.0,69,4,97,37786329.0,28,Mass,1,Personal Loan Offer,1,0.6600747227770222
C01255,50,9803399.0,103,1,55,3157682.0,26,Priority,0,Personal Loan Offer,1,0.36343540032607835
C01256,24,8042509.0,135,2,10,10256280.0,14,Mass,0,Personal Loan Offer,0,0.1342364914677855
C01257,30,38545058.0,17,2,91,4191264.0,33,Mass,1,Personal Loan Offer,0,0.7890574301199266
C01258,45,20835742.0,131,5,71,45784778.0,23,Mass,0,Personal Loan Offer,0,0.6220452632233702
C01259,45,18858658.0,68,2,82,29840396.0,32,Mass,1,Personal Loan Offer,1,0.7195445475839257
C01260,57,16475356.0,99,1,20,31556226.0,23,Mass,1,Personal Loan Offer,0,0.21801601365029163
C01261,32,6910777.0,84,2,51,87262574.0,20,Affluent,1,Personal Loan Offer,1,0.6977958990097206
C01262,62,24228951.0,141,3,51,14582040.0,24,Affluent,0,Personal Loan Offer,0,0.4989183720163698
C01263,41,7547253.0,36,5,34,36793381.0,30,Mass,0,Personal Loan Offer,0,0.5490074073968495
C01264,58,14023218.0,22,1,87,21365012.0,24,Affluent,1,Personal Loan Offer,0,0.5239650599731766
C01265,31,4870722.0,76,6,27,18347581.0,21,Mass,0,Personal Loan Offer,1,0.40864318038896136
C01266,22,3905689.0,24,2,16,73873791.0,28,Affluent,1,Personal Loan Offer,1,0.2818617677013503
C01267,23,14295815.0,46,3,31,160390527.0,26,Mass,0,Personal Loan Offer,1,0.3084234717263221
C01268,37,7689856.0,120,1,100,12991114.0,32,Mass,1,Personal Loan Offer,0,0.6224808129439325
C01269,63,4018322.0,148,2,20,46037297.0,28,Affluent,0,Personal Loan Offer,0,0.30031945206919713
C01270,23,16155198.0,126,3,62,27518244.0,24,Mass,0,Personal Loan Offer,0,0.5512808337694558
C01271,37,38511276.0,59,4,26,27850327.0,17,Mass,0,Personal Loan Offer,1,0.5162686742449016
C01272,25,25768809.0,147,5,45,25608133.0,26,Affluent,0,Personal Loan Offer,1,0.7145206856473784
C01273,62,10416403.0,75,4,60,14334286.0,32,Affluent,0,Personal Loan Offer,1,0.5864923013985736
C01274,51,12058521.0,35,1,11,554744.0,20,Affluent,0,Personal Loan Offer,0,0.13121208365752557
C01275,55,19553320.0,137,3,31,92808813.0,28,Affluent,0,Personal Loan Offer,0,0.38747578669863636
C01276,53,22244106.0,94,5,63,9984158.0,28,Mass,0,Personal Loan Offer,0,0.5454527644516335
C01277,50,9933988.0,68,4,11,15708078.0,32,Affluent,1,Personal Loan Offer,0,0.35561507607977016
C01278,55,12227706.0,120,4,55,16045675.0,31,Affluent,1,Personal Loan Offer,0,0.6766395945330702
C01279,21,14157504.0,132,4,64,9133316.0,25,Mass,0,Personal Loan Offer,0,0.6239207767230471
C01280,59,16273510.0,42,4,29,25431089.0,18,Mass,0,Personal Loan Offer,0,0.3373139929997203
C01281,54,11153068.0,23,6,24,19133100.0,25,Affluent,1,Personal Loan Offer,0,0.7448067980417532
C01282,54,11233044.0,95,4,54,9768826.0,16,Affluent,1,Personal Loan Offer,0,0.4383579290057724
C01283,38,25631304.0,12,4,75,23220472.0,27,Mass,1,Personal Loan Offer,0,0.5338552553937996
C01284,57,23339403.0,116,3,11,19349868.0,19,Affluent,0,Personal Loan Offer,0,0.2250089299216159
C01285,38,15603301.0,81,3,40,50580739.0,29,Mass,0,Personal Loan Offer,1,0.22014516927127048
C01286,23,30889510.0,41,5,100,5234909.0,24,Mass,0,Personal Loan Offer,1,0.5565935486932749
C01287,61,9702286.0,109,6,40,8938278.0,23,Affluent,0,Personal Loan Offer,1,0.6365090925368682
C01288,31,29298668.0,69,5,40,41306914.0,28,Mass,0,Personal Loan Offer,1,0.5826134697251542
C01289,25,16172142.0,72,4,77,10548560.0,18,Mass,1,Personal Loan Offer,0,0.41599997676590683
C01290,48,72527878.0,41,5,53,8103775.0,32,Affluent,0,Personal Loan Offer,0,0.7258300109472419
C01291,31,6227915.0,123,1,45,11083321.0,27,Mass,0,Personal Loan Offer,0,0.3843664692973637
C01292,59,8213398.0,163,2,81,18079045.0,34,Affluent,0,Personal Loan Offer,0,0.2952847044302424
C01293,40,15108318.0,113,2,12,18147873.0,21,Priority,0,Personal Loan Offer,0,0.5465494487665835
C01294,21,14930191.0,45,4,74,16212359.0,24,Affluent,1,Personal Loan Offer,1,0.7041256439340672
C01295,63,35074806.0,151,5,44,7150392.0,23,Affluent,0,Personal Loan Offer,0,0.6618591796424048
C01296,44,8308679.0,24,1,90,43331992.0,27,Priority,1,Personal Loan Offer,1,0.7131522844367424
C01297,32,19739305.0,54,2,75,75335543.0,24,Affluent,0,Personal Loan Offer,1,0.2985744454366244
C01298,51,22743089.0,9,3,95,2960338.0,14,Affluent,0,Personal Loan Offer,0,0.5982780347409049
C01299,44,17680511.0,154,6,21,4229956.0,30,Mass,1,Personal Loan Offer,1,0.5744810811591307
C01300,22,7073523.0,11,1,27,54521180.0,34,Affluent,0,Personal Loan Offer,0,0.31054698191163876
C01301,55,26028029.0,100,6,92,96113387.0,29,Mass,1,Personal Loan Offer,0,0.7828200711687113
C01302,39,23595013.0,37,2,45,2378698.0,27,Mass,0,Personal Loan Offer,0,0.5499251794409796
C01303,52,16687804.0,40,2,84,45203240.0,27,Mass,1,Personal Loan Offer,1,0.5911564737692312
C01304,61,13427406.0,111,4,72,102885031.0,18,Mass,1,Personal Loan Offer,0,0.48722047407051694
C01305,48,13589074.0,146,5,55,8442851.0,26,Mass,0,Personal Loan Offer,0,0.5600883504982428
C01306,51,11491435.0,6,6,14,97066868.0,30,Mass,0,Personal Loan Offer,0,0.2209321122712865
C01307,32,17070272.0,31,1,16,16738944.0,24,Mass,0,Personal Loan Offer,0,0.2782987586225497
C01308,31,12207260.0,54,1,75,27395242.0,29,Affluent,1,Personal Loan Offer,0,0.5739439128804225
C01309,39,7524903.0,170,3,18,9742512.0,31,Priority,0,Personal Loan Offer,0,0.4007219330148365
C01310,59,6740818.0,13,4,10,54421582.0,37,Affluent,1,Personal Loan Offer,0,0.5004085272702011
C01311,44,7935027.0,34,2,29,46071033.0,16,Mass,0,Personal Loan Offer,0,0.29713009456591494
C01312,36,13559391.0,74,4,93,112217800.0,22,Mass,1,Personal Loan Offer,1,0.6243810128090052
C01313,56,11823404.0,60,2,67,84465202.0,27,Mass,1,Personal Loan Offer,0,0.6581507559314123
C01314,59,13508860.0,11,6,75,19817834.0,21,Affluent,1,Personal Loan Offer,1,0.5346999444623283
C01315,61,15805435.0,99,2,69,447694414.0,27,Mass,0,Personal Loan Offer,0,0.6983929961671516
C01316,34,8498419.0,111,4,61,77209687.0,20,Mass,1,Personal Loan Offer,0,0.6231528094986396
C01317,52,26870250.0,34,4,33,34337852.0,26,Mass,1,Personal Loan Offer,0,0.5197384195366866
C01318,47,10357032.0,125,1,49,7378555.0,22,Priority,0,Personal Loan Offer,0,0.3646283893323702
C01319,41,9454793.0,13,4,59,4330572.0,28,Mass,1,Personal Loan Offer,1,0.4994257055849206
C01320,38,15646059.0,133,1,99,4714790.0,23,Mass,0,Personal Loan Offer,0,0.40344041779553036
C01321,26,4370275.0,49,4,91,7862203.0,22,Mass,1,Personal Loan Offer,1,0.47987650413966754
C01322,33,7768777.0,42,4,77,79283888.0,22,Mass,1,Personal Loan Offer,0,0.5402383098778588
C01323,45,20583642.0,37,1,84,32551426.0,22,Priority,0,Personal Loan Offer,0,0.4689127007043833
C01324,60,4615059.0,157,2,83,10830423.0,26,Mass,0,Personal Loan Offer,0,0.42591501149408445
C01325,59,22188463.0,92,2,70,17459139.0,27,Mass,1,Personal Loan Offer,1,0.33114161591469765
C01326,29,27550805.0,125,6,85,15455824.0,21,Mass,0,Personal Loan Offer,0,0.7337987531258892
C01327,51,9793376.0,39,2,16,44513074.0,21,Mass,0,Personal Loan Offer,0,0.4214101283726882
C01328,24,14089131.0,13,6,11,8305638.0,25,Mass,0,Personal Loan Offer,0,0.6318133625966466
C01329,51,22206933.0,9,4,50,28372452.0,30,Affluent,0,Personal Loan Offer,0,0.403779574290439
C01330,36,9282887.0,81,6,14,26999492.0,22,Affluent,0,Personal Loan Offer,1,0.318165173544993
C01331,41,19340149.0,61,5,40,8557981.0,27,Mass,1,Personal Loan Offer,0,0.44541777196847
C01332,53,8296011.0,139,2,28,97879615.0,28,Priority,0,Personal Loan Offer,0,0.49945332475020665
C01333,40,9227844.0,143,4,97,14882129.0,24,Affluent,0,Personal Loan Offer,1,0.6387930458232427
C01334,57,7731258.0,58,5,69,7411124.0,20,Affluent,1,Personal Loan Offer,0,0.6959780964960491
C01335,45,14488607.0,80,1,13,46927894.0,27,Mass,0,Personal Loan Offer,0,0.2890824881444981
C01336,65,22686945.0,70,4,66,21120156.0,21,Affluent,0,Personal Loan Offer,0,0.369896417496082
C01337,49,10844354.0,123,3,76,30089028.0,32,Affluent,0,Personal Loan Offer,0,0.5824718658368301
C01338,34,5963870.0,115,1,39,6116882.0,37,Mass,1,Personal Loan Offer,0,0.18931536124216752
C01339,55,6615517.0,118,6,90,45066921.0,28,Mass,0,Personal Loan Offer,0,0.5910396044070947
C01340,39,14908572.0,12,2,98,175591564.0,23,Mass,0,Personal Loan Offer,0,0.5353886931663626
C01341,45,33088000.0,63,6,99,5657027.0,21,Mass,1,Personal Loan Offer,0,0.7993953380027887
C01342,27,14901403.0,175,2,18,28501054.0,20,Mass,0,Personal Loan Offer,0,0.2643259407092166
C01343,26,9699880.0,63,4,50,9119569.0,19,Priority,1,Personal Loan Offer,1,0.47631029283673887
C01344,46,18289147.0,34,3,80,294517473.0,17,Mass,1,Personal Loan Offer,0,0.7981902482090324
C01345,29,10518992.0,38,6,50,69086874.0,14,Mass,0,Personal Loan Offer,0,0.3917374195445729
C01346,65,9745930.0,7,6,53,26518421.0,24,Mass,0,Personal Loan Offer,0,0.5567567045978821
C01347,59,7083401.0,141,5,39,5858331.0,26,Affluent,1,Personal Loan Offer,1,0.5666152377764947
C01348,52,26037909.0,3,6,48,7460901.0,22,Mass,1,Personal Loan Offer,1,0.5634389445071328
C01349,54,3000000.0,109,5,73,42182556.0,30,Affluent,0,Personal Loan Offer,1,0.5026586519255362
C01350,47,18610561.0,74,2,12,5120438.0,30,Mass,1,Personal Loan Offer,0,0.18680351743875595
C01351,23,9298443.0,19,6,82,5283657.0,22,Mass,1,Personal Loan Offer,0,0.687461078394895
C01352,38,9575610.0,160,4,76,20177408.0,23,Mass,1,Personal Loan Offer,0,0.6536829137912928
C01353,43,30437640.0,135,3,22,22854521.0,35,Mass,0,Personal Loan Offer,0,0.37172546308806276
C01354,62,8102191.0,148,2,80,29246610.0,18,Mass,0,Personal Loan Offer,1,0.30244224667148023
C01355,30,8255409.0,169,5,57,12886844.0,30,Mass,1,Personal Loan Offer,0,0.5040622383068556
C01356,43,11169533.0,165,2,39,50193163.0,28,Mass,0,Personal Loan Offer,0,0.5252485546740068
C01357,36,15067238.0,127,4,51,8447897.0,26,Mass,0,Personal Loan Offer,0,0.33487846716158187
C01358,27,9411064.0,98,1,57,37426411.0,32,Priority,0,Personal Loan Offer,0,0.44009495149546857
C01359,25,5049475.0,127,4,29,24775443.0,26,Affluent,0,Personal Loan Offer,0,0.4146656533616754
C01360,37,7454163.0,82,4,65,36466038.0,23,Mass,0,Personal Loan Offer,0,0.6179319892020444
C01361,24,24279692.0,35,4,67,65217662.0,20,Mass,1,Personal Loan Offer,0,0.47642834216160546
C01362,24,12503816.0,71,4,43,12684743.0,27,Mass,1,Personal Loan Offer,1,0.47998902040542535
C01363,36,15379026.0,86,6,51,10325894.0,23,Mass,1,Personal Loan Offer,0,0.6886300496071277
C01364,30,10392922.0,11,6,66,3696323.0,34,Mass,0,Personal Loan Offer,0,0.4024010369249421
C01365,45,8349344.0,153,3,55,2655758.0,21,Priority,0,Personal Loan Offer,0,0.35443307761851056
C01366,21,30191784.0,164,6,49,16772793.0,31,Mass,1,Personal Loan Offer,0,0.5668148916888701
C01367,34,10820053.0,77,6,97,17961119.0,28,Affluent,1,Personal Loan Offer,1,0.8198765249496311
C01368,41,9403230.0,91,1,89,6750720.0,23,Mass,1,Personal Loan Offer,1,0.5024122718879831
C01369,64,21928452.0,152,3,44,8369822.0,35,Mass,0,Personal Loan Offer,0,0.5623860684132664
C01370,49,8065603.0,84,5,75,91760886.0,19,Mass,0,Personal Loan Offer,0,0.35677032713116036
C01371,60,8652139.0,125,4,83,48017813.0,24,Mass,1,Personal Loan Offer,0,0.6016312589768689
C01372,36,12067819.0,94,1,20,5663972.0,29,Affluent,0,Personal Loan Offer,0,0.09185452323988753
C01373,41,12001783.0,51,3,63,12850519.0,23,Affluent,1,Personal Loan Offer,0,0.6678223385092802
C01374,39,13841798.0,144,3,82,30016132.0,24,Mass,1,Personal Loan Offer,0,0.671470727936883
C01375,60,37914160.0,37,5,15,10689706.0,33,Mass,1,Personal Loan Offer,1,0.40002561083828364
C01376,64,14437705.0,42,4,40,8908777.0,33,Mass,0,Personal Loan Offer,1,0.18934586577513277
C01377,64,3244551.0,126,1,82,14260400.0,23,Mass,1,Personal Loan Offer,0,0.39331291848239486
C01378,54,14358916.0,129,1,95,59524808.0,22,Affluent,0,Personal Loan Offer,0,0.6974871395535603
C01379,43,12252630.0,172,2,100,65178755.0,23,Mass,1,Personal Loan Offer,0,0.6110830854910155
C01380,45,12290224.0,129,1,64,9585825.0,25,Mass,1,Personal Loan Offer,0,0.6096439010405332
C01381,65,13738164.0,7,6,13,31698944.0,25,Affluent,0,Personal Loan Offer,0,0.4110489751884496
C01382,33,11812208.0,154,2,12,19872175.0,23,Mass,1,Personal Loan Offer,1,0.4734940045016693
C01383,36,11657736.0,76,4,83,7297244.0,31,Mass,1,Personal Loan Offer,0,0.32813190995135666
C01384,61,16811799.0,4,1,76,14859773.0,29,Mass,0,Personal Loan Offer,0,0.35719382357054974
C01385,38,8906330.0,106,3,27,5649110.0,26,Affluent,0,Personal Loan Offer,0,0.2363337511917038
C01386,31,7125495.0,33,6,21,63993884.0,27,Priority,1,Personal Loan Offer,0,0.6111116263548126
C01387,46,63306401.0,77,4,23,94462631.0,18,Affluent,0,Personal Loan Offer,0,0.4079862102236259
C01388,35,8094502.0,86,2,89,13265401.0,24,Mass,1,Personal Loan Offer,0,0.6210849946427555
C01389,61,12679484.0,16,5,79,10450533.0,31,Affluent,1,Personal Loan Offer,1,0.7285693274270199
C01390,61,5271387.0,154,4,96,57416213.0,22,Mass,0,Personal Loan Offer,1,0.6167341691814978
C01391,34,12793846.0,93,2,20,67483371.0,29,Mass,1,Personal Loan Offer,0,0.27769279973765076
C01392,44,7182393.0,174,6,73,6562167.0,24,Mass,1,Personal Loan Offer,0,0.4518410948342496
C01393,65,9407870.0,85,6,94,17247852.0,29,Mass,0,Personal Loan Offer,0,0.7359273326724771
C01394,54,21320994.0,108,4,58,18855297.0,25,Mass,0,Personal Loan Offer,0,0.4357569095448267
C01395,30,15557019.0,147,1,80,9253076.0,23,Priority,1,Personal Loan Offer,1,0.650049439408503
C01396,47,16404110.0,40,3,64,29421155.0,21,Mass,1,Personal Loan Offer,0,0.6459850398958394
C01397,48,4530100.0,164,4,10,9932249.0,24,Priority,1,Personal Loan Offer,1,0.34453333874549497
C01398,50,32956845.0,35,6,49,11651926.0,19,Mass,0,Personal Loan Offer,1,0.7118111737640925
C01399,22,6229973.0,180,5,33,18072466.0,20,Mass,1,Personal Loan Offer,0,0.41143566324369335
C01400,34,27816103.0,116,2,17,4511682.0,37,Priority,1,Personal Loan Offer,0,0.49829584155853207
C01401,59,21046953.0,95,4,64,2558136.0,30,Mass,0,Personal Loan Offer,1,0.36464979766093736
C01402,31,16484815.0,40,2,94,50099180.0,22,Mass,0,Personal Loan Offer,0,0.45920653974911985
C01403,34,7498215.0,104,3,14,9539196.0,30,Mass,0,Personal Loan Offer,0,0.21428022513671807
C01404,35,13043384.0,101,4,39,169117943.0,26,Affluent,0,Personal Loan Offer,1,0.6616397578280447
C01405,28,9261814.0,178,4,70,143677355.0,26,Mass,1,Personal Loan Offer,1,0.4934666147120164
C01406,27,12193200.0,151,3,38,12052278.0,20,Priority,1,Personal Loan Offer,1,0.539226778613127
C01407,36,10459147.0,88,3,20,207428203.0,19,Mass,0,Personal Loan Offer,0,0.31584363619758105
C01408,60,3910522.0,72,5,27,51075596.0,19,Mass,0,Personal Loan Offer,1,0.32569924728914323
C01409,21,22239899.0,71,4,12,10489959.0,31,Affluent,0,Personal Loan Offer,0,0.24307835571185488
C01410,33,11476457.0,70,1,100,1512695.0,29,Mass,0,Personal Loan Offer,0,0.29262907397132887
C01411,23,9191383.0,5,5,54,39800816.0,27,Mass,1,Personal Loan Offer,1,0.4510503371406389
C01412,46,8817397.0,9,4,95,20635815.0,29,Mass,0,Personal Loan Offer,0,0.572473821362218
C01413,32,14615161.0,136,5,72,30787041.0,20,Mass,1,Personal Loan Offer,0,0.45128828392987297
C01414,56,7340013.0,48,5,41,15909177.0,25,Mass,0,Personal Loan Offer,0,0.4478834204210956
C01415,47,3471407.0,76,2,95,6371758.0,26,Mass,1,Personal Loan Offer,1,0.7336162653007322
C01416,56,15011672.0,127,6,33,13048923.0,18,Mass,1,Personal Loan Offer,0,0.6290559378681652
C01417,49,15965231.0,111,6,26,40543260.0,28,Mass,0,Personal Loan Offer,0,0.44632993137849486
C01418,40,10752187.0,67,1,83,14032231.0,27,Affluent,1,Personal Loan Offer,0,0.5143541068663922
C01419,59,6382501.0,136,2,60,13947697.0,25,Affluent,1,Personal Loan Offer,0,0.521248455774708
C01420,42,12601567.0,31,2,48,4376920.0,26,Mass,1,Personal Loan Offer,0,0.3862356615112567
C01421,63,5362412.0,87,6,63,21909772.0,24,Mass,0,Personal Loan Offer,0,0.616055598485128
C01422,65,6820480.0,21,6,98,6578458.0,25,Mass,0,Personal Loan Offer,0,0.6954323478166187
C01423,47,7940870.0,97,2,35,50111898.0,21,Affluent,0,Personal Loan Offer,1,0.3671213249796642
C01424,51,19088253.0,19,4,92,9598736.0,24,Mass,1,Personal Loan Offer,1,0.5283841085632078
C01425,32,9830312.0,170,2,92,14880151.0,15,Affluent,1,Personal Loan Offer,1,0.5941319395049851
C01426,57,9380003.0,120,1,79,174114972.0,23,Mass,0,Personal Loan Offer,0,0.210945998994948
C01427,51,35162759.0,46,2,24,14719278.0,16,Mass,0,Personal Loan Offer,0,0.3495836816420848
C01428,61,14567034.0,112,1,18,12873326.0,22,Mass,0,Personal Loan Offer,1,0.09729734572935816
C01429,33,14459529.0,65,6,20,35922156.0,28,Priority,1,Personal Loan Offer,0,0.5600036158526588
C01430,56,9792054.0,95,5,73,3355063.0,28,Mass,0,Personal Loan Offer,0,0.4313655584170077
C01431,42,8644318.0,32,2,46,69863378.0,30,Mass,1,Personal Loan Offer,0,0.5147752045148455
C01432,29,3605221.0,92,4,99,54037179.0,35,Mass,1,Personal Loan Offer,0,0.6283436431559304
C01433,28,20444501.0,22,2,10,33790646.0,31,Mass,0,Personal Loan Offer,0,0.2685827431424941
C01434,46,15355550.0,30,4,43,682928.0,31,Mass,1,Personal Loan Offer,1,0.4761161160676659
C01435,35,10873899.0,106,6,34,15430107.0,25,Mass,0,Personal Loan Offer,0,0.3420782486628497
C01436,25,11127638.0,92,6,90,5600557.0,24,Affluent,1,Personal Loan Offer,1,0.8037903441339546
C01437,40,17989459.0,55,5,21,61549336.0,20,Affluent,0,Personal Loan Offer,0,0.5278924826371507
C01438,50,5102936.0,13,2,47,57299584.0,21,Mass,1,Personal Loan Offer,0,0.2756977015778945
C01439,35,8675231.0,78,2,88,29480887.0,26,Mass,0,Personal Loan Offer,1,0.3665726773919537
C01440,63,6423352.0,167,1,98,6005172.0,22,Mass,1,Personal Loan Offer,0,0.42353226712941977
C01441,56,31792702.0,129,1,93,89123806.0,23,Mass,1,Personal Loan Offer,0,0.5341693846615325
C01442,44,19424151.0,13,4,69,15386202.0,26,Mass,1,Personal Loan Offer,0,0.3887840941315385
C01443,63,3573072.0,169,4,24,121644559.0,25,Affluent,1,Personal Loan Offer,0,0.33825651910203286
C01444,40,5219167.0,78,6,18,26078712.0,27,Mass,0,Personal Loan Offer,0,0.30498394237588744
C01445,27,11157551.0,105,1,47,33199682.0,32,Mass,0,Personal Loan Offer,0,0.3044170893819351
C01446,22,9254080.0,3,2,53,12621830.0,23,Affluent,0,Personal Loan Offer,0,0.38918942964388253
C01447,63,5792109.0,58,5,56,81670091.0,23,Affluent,0,Personal Loan Offer,0,0.6001422214580558
C01448,64,34971235.0,142,5,14,36751027.0,19,Mass,1,Personal Loan Offer,0,0.39660111483909183
C01449,54,14250665.0,61,3,71,84658369.0,26,Mass,1,Personal Loan Offer,0,0.5427041594231102
C01450,25,15581053.0,32,1,45,23885545.0,16,Mass,0,Personal Loan Offer,1,0.3286922081688024
C01451,34,8201347.0,19,3,19,19081010.0,23,Mass,0,Personal Loan Offer,0,0.2567620136800297
C01452,22,17852748.0,167,2,93,36265339.0,23,Affluent,1,Personal Loan Offer,0,0.6710048335666821
C01453,23,9734426.0,147,4,42,84628643.0,29,Affluent,0,Personal Loan Offer,1,0.1866350966914941
C01454,32,10268366.0,10,6,31,55283063.0,27,Mass,0,Personal Loan Offer,0,0.39522101131065573
C01455,46,16792926.0,167,2,54,22964650.0,20,Mass,0,Personal Loan Offer,0,0.31149359810531374
C01456,23,4898642.0,149,1,96,3122125.0,19,Affluent,1,Personal Loan Offer,1,0.5270435599694088
C01457,65,28883543.0,67,5,85,44975519.0,24,Mass,0,Personal Loan Offer,1,0.5712401784881252
C01458,41,13266217.0,119,1,19,4744697.0,31,Affluent,0,Personal Loan Offer,0,0.34658481972343747
C01459,32,24274489.0,48,6,72,20712513.0,23,Affluent,1,Personal Loan Offer,1,0.746796997829262
C01460,44,6642084.0,47,5,70,17813669.0,22,Mass,1,Personal Loan Offer,0,0.34972149108863654
C01461,56,7222245.0,130,3,90,4845080.0,25,Affluent,1,Personal Loan Offer,1,0.6101103822090533
C01462,35,6333554.0,39,3,97,29027259.0,28,Mass,1,Personal Loan Offer,1,0.3990748558370449
C01463,23,13771075.0,66,3,77,172440114.0,15,Mass,0,Personal Loan Offer,0,0.5708402737914793
C01464,23,12443488.0,66,3,69,14630768.0,13,Mass,0,Personal Loan Offer,0,0.3818317597621251
C01465,59,9295033.0,29,6,42,43017712.0,29,Affluent,1,Personal Loan Offer,1,0.4390911381283862
C01466,26,6870031.0,150,5,91,210908020.0,32,Mass,1,Personal Loan Offer,0,0.44720587758842484
C01467,49,5979152.0,122,2,95,47386885.0,17,Mass,0,Personal Loan Offer,0,0.48233395903474685
C01468,38,11684235.0,156,2,100,10494895.0,21,Mass,1,Personal Loan Offer,1,0.38666700551061284
C01469,55,9289028.0,96,4,96,25349197.0,25,Affluent,0,Personal Loan Offer,1,0.46941524603830115
C01470,23,8230303.0,34,4,68,32346715.0,19,Affluent,0,Personal Loan Offer,0,0.559185487885241
C01471,61,28101020.0,52,5,97,83893271.0,19,Mass,1,Personal Loan Offer,0,0.7780499338177874
C01472,52,11468768.0,65,2,81,67341899.0,22,Mass,0,Personal Loan Offer,0,0.5216038127202731
C01473,41,24129382.0,170,3,31,1253386.0,24,Mass,0,Personal Loan Offer,0,0.21118250470998998
C01474,30,8949682.0,45,1,12,8495424.0,23,Affluent,0,Personal Loan Offer,0,0.23248195397564111
C01475,64,13729319.0,126,3,99,18647378.0,22,Mass,1,Personal Loan Offer,0,0.6531277975949322
C01476,34,11639388.0,24,5,48,7245968.0,21,Affluent,1,Personal Loan Offer,1,0.4902508997479148
C01477,43,4717195.0,173,2,89,500000.0,33,Affluent,1,Personal Loan Offer,1,0.589965372508018
C01478,38,26324307.0,118,2,36,9680502.0,24,Affluent,0,Personal Loan Offer,0,0.35045814272624903
C01479,31,11140333.0,79,3,42,19927918.0,21,Mass,1,Personal Loan Offer,0,0.31158305399881325
C01480,39,18091400.0,64,6,85,11827740.0,22,Affluent,1,Personal Loan Offer,0,0.6210330275168091
C01481,27,7935060.0,66,4,57,7380114.0,29,Mass,0,Personal Loan Offer,0,0.5236996717518764
C01482,21,10959890.0,43,6,71,20846726.0,29,Affluent,1,Personal Loan Offer,0,0.7170392613418664
C01483,34,7449432.0,109,1,39,28185860.0,20,Mass,0,Personal Loan Offer,0,0.21962965969988804
C01484,26,23681776.0,157,6,65,12517594.0,21,Priority,0,Personal Loan Offer,0,0.7633038752216336
C01485,39,14241807.0,45,1,54,78844385.0,33,Mass,1,Personal Loan Offer,1,0.22311142561668304
C01486,59,14684406.0,136,2,94,21188248.0,23,Affluent,1,Personal Loan Offer,0,0.5618615958744685
C01487,28,25327935.0,103,3,54,8366357.0,15,Mass,0,Personal Loan Offer,1,0.2718273297259186
C01488,21,22666643.0,140,2,18,6496054.0,18,Priority,0,Personal Loan Offer,0,0.24618140924673124
C01489,25,18280685.0,140,6,77,16163611.0,20,Mass,1,Personal Loan Offer,0,0.441786167753393
C01490,43,5490156.0,9,6,96,60895113.0,27,Mass,0,Personal Loan Offer,0,0.5863320914704339
C01491,33,8184836.0,6,4,90,8776200.0,28,Mass,1,Personal Loan Offer,0,0.6433633488463723
C01492,43,6908608.0,165,3,19,36292524.0,34,Affluent,0,Personal Loan Offer,1,0.338135478808583
C01493,22,17904466.0,30,5,100,21983434.0,25,Affluent,1,Personal Loan Offer,0,0.6542299870959063
C01494,35,13180853.0,105,5,41,146784459.0,33,Affluent,0,Personal Loan Offer,0,0.5193711898772662
C01495,39,5585226.0,137,3,85,29547045.0,28,Mass,0,Personal Loan Offer,0,0.2717955756977605
C01496,40,10816766.0,92,5,67,9949338.0,29,Affluent,1,Personal Loan Offer,1,0.6585104223846938
C01497,45,5275877.0,4,2,98,41766802.0,29,Mass,0,Personal Loan Offer,0,0.2648488960944075
C01498,56,11654246.0,4,2,41,43196275.0,34,Mass,0,Personal Loan Offer,0,0.27132867171642133
C01499,42,4828094.0,122,1,65,13446532.0,27,Affluent,1,Personal Loan Offer,0,0.4053072337464171
C01500,58,16050849.0,162,1,72,6244722.0,22,Mass,0,Personal Loan Offer,1,0.45685785626385605
C01501,44,14772777.0,64,2,24,34184334.0,21,Mass,0,Personal Loan Offer,0,0.3005946504285938
C01502,32,34270274.0,99,4,80,21311513.0,32,Affluent,1,Personal Loan Offer,0,0.6696662681897125
C01503,31,19129602.0,169,6,23,4389355.0,31,Mass,1,Personal Loan Offer,1,0.6118868057745307
C01504,35,9509619.0,149,4,85,25796873.0,23,Affluent,0,Personal Loan Offer,1,0.8098075924926124
C01505,47,18818590.0,99,3,21,10577609.0,24,Mass,1,Personal Loan Offer,0,0.30914284143887444
C01506,31,5563300.0,119,2,26,4393518.0,27,Affluent,0,Personal Loan Offer,0,0.3039984884523075
C01507,62,7067782.0,174,1,55,14063966.0,23,Mass,0,Personal Loan Offer,0,0.3050438575389279
C01508,42,14413064.0,144,4,26,72143054.0,31,Affluent,0,Personal Loan Offer,0,0.357886361577562
C01509,59,3661487.0,77,1,16,66939804.0,15,Affluent,1,Personal Loan Offer,0,0.2783044938362354
C01510,51,11757228.0,126,5,14,51546503.0,27,Affluent,0,Personal Loan Offer,0,0.5607606873879528
C01511,36,6846666.0,61,3,36,26179199.0,25,Mass,0,Personal Loan Offer,0,0.1246222588767297
C01512,31,12687605.0,166,3,54,36289538.0,19,Affluent,0,Personal Loan Offer,0,0.43956718681990226
C01513,54,6633627.0,19,1,14,22073479.0,27,Mass,0,Personal Loan Offer,0,0.35887895010130827
C01514,35,15153676.0,43,2,22,6623881.0,17,Mass,0,Personal Loan Offer,1,0.29951441410761714
C01515,32,12128241.0,64,1,65,8086778.0,32,Mass,1,Personal Loan Offer,0,0.43553935667104815
C01516,62,25922412.0,38,5,38,10897696.0,19,Mass,0,Personal Loan Offer,1,0.26745401357475457
C01517,42,12044530.0,108,3,78,81214301.0,34,Affluent,0,Personal Loan Offer,1,0.6694482765142311
C01518,23,7862881.0,129,5,86,58699018.0,19,Mass,0,Personal Loan Offer,0,0.6992538980787647
C01519,43,10476341.0,161,4,12,6792742.0,22,Affluent,0,Personal Loan Offer,0,0.3618826850885257
C01520,41,5729204.0,92,6,96,21096843.0,28,Affluent,1,Personal Loan Offer,1,0.6385237344053168
C01521,59,15003479.0,113,5,72,13371494.0,32,Mass,1,Personal Loan Offer,1,0.6223384954818526
C01522,53,16598698.0,109,1,84,17126582.0,25,Mass,0,Personal Loan Offer,0,0.33307081347147566
C01523,29,46663602.0,3,1,53,11701177.0,27,Mass,0,Personal Loan Offer,0,0.2986776271886656
C01524,27,8524095.0,129,6,10,81566929.0,35,Mass,1,Personal Loan Offer,0,0.47670846205591016
C01525,48,10356555.0,7,2,90,19625421.0,11,Mass,0,Personal Loan Offer,0,0.6053597535201957
C01526,23,8742878.0,100,5,61,24825940.0,28,Affluent,1,Personal Loan Offer,0,0.47251452220974804
C01527,35,13484882.0,180,4,13,25027882.0,18,Priority,1,Personal Loan Offer,1,0.268092630399897
C01528,27,14803097.0,143,5,25,7156078.0,26,Mass,0,Personal Loan Offer,0,0.2845820937481551
C01529,21,11652847.0,93,2,28,22293295.0,19,Mass,1,Personal Loan Offer,0,0.295404769951001
C01530,62,21810378.0,59,2,44,57861319.0,26,Affluent,0,Personal Loan Offer,1,0.29832204069446794
C01531,25,8546894.0,152,4,50,87219093.0,32,Priority,1,Personal Loan Offer,0,0.7076456633963104
C01532,21,20641474.0,155,1,48,6346588.0,31,Priority,0,Personal Loan Offer,1,0.3998619155279228
C01533,62,16136446.0,68,2,89,4380361.0,27,Priority,1,Personal Loan Offer,0,0.6652381011662539
C01534,29,11920865.0,22,4,95,21282111.0,19,Mass,1,Personal Loan Offer,0,0.4919018255966418
C01535,57,10091480.0,106,2,71,60637884.0,23,Priority,1,Personal Loan Offer,0,0.615782158237718
C01536,22,45584781.0,115,2,67,28655022.0,17,Mass,1,Personal Loan Offer,0,0.5858291967175717
C01537,27,7656477.0,169,6,88,39489245.0,39,Mass,1,Personal Loan Offer,0,0.45524841454602
C01538,25,14136638.0,161,2,34,5131937.0,27,Affluent,0,Personal Loan Offer,0,0.2901669725639943
C01539,52,7942961.0,43,6,60,11288052.0,25,Mass,1,Personal Loan Offer,1,0.5067905924863874
C01540,48,32040415.0,47,6,68,2224695.0,25,Affluent,1,Personal Loan Offer,0,0.6198474156869133
C01541,42,19543859.0,180,5,35,17343958.0,21,Affluent,1,Personal Loan Offer,0,0.592407323620272
C01542,31,8263219.0,61,1,96,2296791.0,27,Affluent,1,Personal Loan Offer,1,0.4634724571320318
C01543,24,15908187.0,84,2,31,75822416.0,24,Mass,0,Personal Loan Offer,0,0.39497768946628964
C01544,46,13827223.0,57,6,15,94684825.0,24,Mass,0,Personal Loan Offer,0,0.4527600112604488
C01545,31,9031902.0,73,1,39,23020285.0,22,Affluent,0,Personal Loan Offer,0,0.3167233980314965
C01546,47,18208654.0,103,4,84,4406846.0,34,Mass,1,Personal Loan Offer,0,0.6753853997672642
C01547,51,14865225.0,55,4,44,29120574.0,20,Mass,0,Personal Loan Offer,1,0.24151842686654995
C01548,59,13511497.0,76,6,29,128363339.0,16,Mass,0,Personal Loan Offer,0,0.42795952553600786
C01549,43,11726495.0,65,6,89,32183947.0,22,Affluent,0,Personal Loan Offer,1,0.6079173482195758
C01550,21,15210510.0,22,2,23,65412689.0,24,Priority,0,Personal Loan Offer,1,0.3728380570611077
C01551,33,13613608.0,143,4,24,12311908.0,23,Affluent,1,Personal Loan Offer,0,0.338214979994771
C01552,59,12396423.0,161,4,91,8368898.0,25,Affluent,1,Personal Loan Offer,0,0.6448050550690778
C01553,44,8434647.0,90,6,39,18631809.0,18,Affluent,0,Personal Loan Offer,1,0.49918189864012935
C01554,48,30461941.0,39,4,10,2912544.0,28,Mass,0,Personal Loan Offer,0,0.35698868171540155
C01555,41,6734043.0,117,1,49,192447008.0,27,Mass,0,Personal Loan Offer,0,0.3645204612135843
C01556,28,15181940.0,98,6,77,22997427.0,25,Mass,1,Personal Loan Offer,1,0.6779924756674163
C01557,61,10062083.0,101,4,78,47584412.0,27,Priority,1,Personal Loan Offer,0,0.4938016920878056
C01558,55,31584221.0,108,2,17,12606641.0,30,Mass,1,Personal Loan Offer,1,0.36355654725766834
C01559,65,7300853.0,130,2,35,4274409.0,23,Priority,0,Personal Loan Offer,0,0.23132227186096446
C01560,59,8008567.0,10,2,66,83224943.0,28,Affluent,0,Personal Loan Offer,1,0.18737216452827363
C01561,34,7039286.0,20,5,70,6498894.0,19,Mass,1,Personal Loan Offer,0,0.7366350596378661
C01562,32,14336553.0,20,6,66,28348413.0,22,Mass,1,Personal Loan Offer,0,0.44871412487604606
C01563,32,5639124.0,30,3,40,31150088.0,30,Mass,0,Personal Loan Offer,0,0.30188982449114365
C01564,62,9223144.0,175,1,88,21535087.0,21,Mass,0,Personal Loan Offer,0,0.2379764365433165
C01565,46,3673355.0,132,6,17,9126188.0,30,Mass,1,Personal Loan Offer,0,0.3143341897488028
C01566,41,13696474.0,121,4,84,17220491.0,22,Affluent,1,Personal Loan Offer,1,0.6374362327537493
C01567,64,9113788.0,127,4,95,7734427.0,11,Mass,0,Personal Loan Offer,0,0.5867911048510364
C01568,48,5293478.0,8,1,72,44921206.0,29,Affluent,0,Personal Loan Offer,0,0.3116452177608174
C01569,61,21801784.0,40,6,49,35420091.0,26,Mass,1,Personal Loan Offer,1,0.47868145291568526
C01570,65,5845604.0,144,1,44,19576499.0,25,Affluent,0,Personal Loan Offer,1,0.3839404595447338
C01571,24,18601192.0,85,4,49,11329170.0,24,Affluent,0,Personal Loan Offer,0,0.5311309116822428
C01572,37,8160735.0,93,4,25,164522966.0,14,Affluent,0,Personal Loan Offer,0,0.4114745049473348
C01573,54,28955811.0,136,4,30,5439397.0,31,Mass,1,Personal Loan Offer,1,0.507644024083174
C01574,57,18122594.0,16,4,67,4267888.0,35,Priority,0,Personal Loan Offer,0,0.6240600486880198
C01575,27,6892820.0,145,3,60,18425329.0,19,Affluent,1,Personal Loan Offer,0,0.632375437555123
C01576,35,7246447.0,124,4,55,15451173.0,22,Affluent,0,Personal Loan Offer,0,0.45023777803622506
C01577,45,16742418.0,74,3,53,59938242.0,35,Mass,1,Personal Loan Offer,1,0.5317354443376691
C01578,56,10387453.0,91,3,17,38162323.0,18,Affluent,0,Personal Loan Offer,0,0.40565796621510275
C01579,26,10932809.0,16,5,88,20599316.0,24,Mass,1,Personal Loan Offer,0,0.399429398981552
C01580,48,24158542.0,39,5,96,32985565.0,16,Mass,1,Personal Loan Offer,1,0.7022513475158382
C01581,34,7949649.0,46,1,32,32391564.0,23,Affluent,0,Personal Loan Offer,0,0.24295959052611238
C01582,30,12617923.0,159,6,38,163905328.0,23,Mass,0,Personal Loan Offer,1,0.36551758585071625
C01583,44,20286425.0,23,1,67,25767027.0,27,Mass,0,Personal Loan Offer,0,0.3601792901978132
C01584,39,18726156.0,54,2,10,10121432.0,31,Mass,1,Personal Loan Offer,1,0.2714392483636907
C01585,49,10991472.0,26,3,19,24391467.0,19,Mass,0,Personal Loan Offer,0,0.14910996843360522
C01586,35,10236998.0,53,2,92,1457981.0,21,Mass,0,Personal Loan Offer,0,0.49639955721910356
C01587,58,4611523.0,4,3,25,19357593.0,20,Mass,0,Personal Loan Offer,1,0.2590276730241491
C01588,24,6712503.0,51,2,62,59663160.0,27,Mass,0,Personal Loan Offer,0,0.5248135812482
C01589,59,14296349.0,131,3,90,36522057.0,22,Mass,1,Personal Loan Offer,0,0.46596654822557937
C01590,22,11123627.0,139,5,76,26958222.0,19,Priority,1,Personal Loan Offer,1,0.7772405120794041
C01591,54,12504850.0,70,5,34,38281679.0,25,Mass,1,Personal Loan Offer,1,0.459566270173811
C01592,36,21252959.0,128,3,23,60279303.0,18,Mass,1,Personal Loan Offer,0,0.31681258787450794
C01593,38,6245611.0,113,2,75,83176569.0,24,Priority,0,Personal Loan Offer,1,0.7023758017958127
C01594,21,10538208.0,163,5,46,31286546.0,30,Priority,1,Personal Loan Offer,1,0.7774526523934105
C01595,52,13312423.0,146,1,98,14579564.0,22,Affluent,1,Personal Loan Offer,1,0.527122430353053
C01596,28,8146747.0,43,3,68,1978245.0,23,Mass,0,Personal Loan Offer,0,0.35057739673385774
C01597,50,26369791.0,107,2,11,53191877.0,23,Mass,1,Personal Loan Offer,0,0.316003926325282
C01598,53,19779171.0,142,4,32,33479549.0,29,Affluent,0,Personal Loan Offer,0,0.29172212602013375
C01599,59,14076123.0,57,1,77,23298565.0,21,Affluent,0,Personal Loan Offer,1,0.32242877917528384
C01600,52,32192520.0,105,5,73,10051087.0,26,Priority,1,Personal Loan Offer,1,0.8258926311037378
C01601,34,5262016.0,74,2,77,52503733.0,24,Mass,1,Personal Loan Offer,0,0.5108302014648017
C01602,54,11949115.0,57,4,31,15463708.0,20,Mass,0,Personal Loan Offer,0,0.2598443746092763
C01603,58,14678620.0,38,4,32,19323272.0,21,Affluent,1,Personal Loan Offer,0,0.77800153485843
C01604,35,7256527.0,9,3,29,18910999.0,21,Affluent,1,Personal Loan Offer,0,0.2160273872451266
C01605,26,14158281.0,136,3,73,31361593.0,27,Affluent,0,Personal Loan Offer,0,0.6257404805888772
C01606,61,6529212.0,148,2,11,6341404.0,18,Mass,0,Personal Loan Offer,0,0.15378841919535824
C01607,27,17544020.0,119,5,84,35102914.0,26,Affluent,1,Personal Loan Offer,0,0.8314103851044164
C01608,47,21471270.0,45,4,35,9726401.0,28,Mass,0,Personal Loan Offer,0,0.34297711765838185
C01609,31,13938991.0,6,2,54,10073705.0,20,Mass,0,Personal Loan Offer,1,0.3327058360834544
C01610,26,4331301.0,115,2,32,48471322.0,15,Mass,0,Personal Loan Offer,0,0.1291181099217785
C01611,55,7051005.0,38,3,48,7394258.0,30,Mass,1,Personal Loan Offer,1,0.6324146669804556
C01612,27,16370765.0,100,6,79,48384266.0,33,Mass,0,Personal Loan Offer,1,0.5695511119239595
C01613,51,12140730.0,175,6,28,22133648.0,19,Mass,1,Personal Loan Offer,0,0.46946385807579766
C01614,52,3000000.0,3,3,61,3847623.0,21,Mass,1,Personal Loan Offer,0,0.3952792294967319
C01615,23,23770929.0,105,3,15,78273423.0,40,Mass,1,Personal Loan Offer,0,0.2839339036563556
C01616,28,12936693.0,179,1,26,27275422.0,29,Mass,0,Personal Loan Offer,0,0.10320975090573242
C01617,56,7647781.0,62,4,72,29661744.0,26,Priority,1,Personal Loan Offer,1,0.5859669225702262
C01618,43,20741411.0,147,2,61,54760799.0,15,Affluent,0,Personal Loan Offer,0,0.4359389149782064
C01619,26,8266900.0,150,5,65,89563961.0,34,Mass,0,Personal Loan Offer,1,0.5832657790087133
C01620,65,8217434.0,89,4,30,24453153.0,27,Affluent,0,Personal Loan Offer,1,0.6691517745231852
C01621,32,14614302.0,57,2,28,37077844.0,28,Mass,1,Personal Loan Offer,1,0.3716810640594477
C01622,21,31959766.0,124,6,48,28989051.0,24,Mass,1,Personal Loan Offer,1,0.6573569797978852
C01623,62,29308559.0,113,5,21,14194642.0,20,Mass,1,Personal Loan Offer,0,0.3628286692739594
C01624,21,14625228.0,87,2,90,4105370.0,23,Priority,1,Personal Loan Offer,1,0.4530290646952194
C01625,45,15474891.0,37,1,34,24795305.0,25,Mass,0,Personal Loan Offer,0,0.2550955116181126
C01626,65,18545572.0,135,2,75,79413637.0,41,Affluent,1,Personal Loan Offer,0,0.48120279234038127
C01627,47,6010847.0,40,3,24,35840023.0,26,Affluent,1,Personal Loan Offer,0,0.3412678718356261
C01628,47,17101877.0,26,3,69,6877870.0,31,Mass,0,Personal Loan Offer,0,0.42490464089789776
C01629,38,8013810.0,14,5,28,59934589.0,26,Affluent,1,Personal Loan Offer,0,0.2562139809676336
C01630,26,14297284.0,82,6,35,14676718.0,24,Mass,1,Personal Loan Offer,1,0.607130398557857
C01631,46,10588828.0,24,5,47,2468736.0,16,Affluent,0,Personal Loan Offer,1,0.47175366143388076
C01632,61,15808871.0,62,6,21,55347754.0,27,Affluent,0,Personal Loan Offer,0,0.4379468524898804
C01633,25,12805356.0,46,1,21,7770633.0,31,Mass,0,Personal Loan Offer,0,0.1572634509417427
C01634,60,3000000.0,84,1,78,118683543.0,28,Mass,1,Personal Loan Offer,0,0.3656590415430283
C01635,39,13240722.0,141,6,41,63023374.0,16,Affluent,0,Personal Loan Offer,0,0.41871661046999753
C01636,45,17083119.0,83,4,61,15925682.0,26,Mass,0,Personal Loan Offer,0,0.34193911432970836
C01637,28,15335452.0,102,2,68,31661205.0,23,Priority,0,Personal Loan Offer,0,0.5628855837055505
C01638,48,11341679.0,28,5,66,225800268.0,22,Mass,1,Personal Loan Offer,0,0.5052271826331123
C01639,29,29609510.0,23,2,67,54366019.0,29,Mass,1,Personal Loan Offer,0,0.578238071024546
C01640,33,14241523.0,176,5,98,25379260.0,25,Mass,0,Personal Loan Offer,0,0.6067236499064462
C01641,53,15265982.0,113,6,67,359561872.0,32,Mass,0,Personal Loan Offer,0,0.6737492569668357
C01642,23,21314278.0,5,3,41,22495455.0,25,Priority,0,Personal Loan Offer,0,0.5097888227901037
C01643,41,14648425.0,103,4,35,35785654.0,28,Mass,0,Personal Loan Offer,0,0.4376743548151913
C01644,47,7322830.0,4,5,82,7842197.0,25,Mass,0,Personal Loan Offer,0,0.46365215615978955
C01645,26,3138739.0,16,6,48,3747217.0,29,Mass,0,Personal Loan Offer,0,0.584820932243657
C01646,34,9230287.0,69,4,60,14998197.0,29,Mass,1,Personal Loan Offer,0,0.3243743676377646
C01647,36,18236529.0,119,2,84,20783104.0,21,Mass,1,Personal Loan Offer,1,0.49669034814757307
C01648,50,9881889.0,113,2,31,27798883.0,22,Mass,0,Personal Loan Offer,1,0.17977668831707813
C01649,64,18644566.0,143,3,30,4835387.0,23,Mass,0,Personal Loan Offer,0,0.32119675652718255
C01650,58,13022871.0,34,1,14,38721949.0,24,Mass,1,Personal Loan Offer,0,0.30758050652264
C01651,29,24369759.0,37,5,16,8717624.0,29,Priority,0,Personal Loan Offer,1,0.563412323225758
C01652,21,10201527.0,97,3,66,36762071.0,23,Mass,1,Personal Loan Offer,0,0.5765880414228289
C01653,23,15519461.0,157,5,55,50940524.0,32,Affluent,1,Personal Loan Offer,0,0.5390372540744389
C01654,47,15849587.0,131,1,37,13466743.0,23,Mass,0,Personal Loan Offer,0,0.38835732990952854
C01655,28,27406705.0,122,2,29,7628669.0,19,Affluent,1,Personal Loan Offer,0,0.2935163421537118
C01656,31,4693864.0,19,3,73,93632879.0,26,Mass,1,Personal Loan Offer,1,0.4168722119790074
C01657,59,9325775.0,159,1,17,47877438.0,32,Mass,0,Personal Loan Offer,0,0.246199802063407
C01658,60,19136366.0,178,5,73,23282654.0,20,Affluent,1,Personal Loan Offer,0,0.7161799171961584
C01659,58,28082587.0,106,4,92,86848050.0,29,Affluent,1,Personal Loan Offer,1,0.645309248526916
C01660,32,13693838.0,62,6,51,21736524.0,27,Mass,1,Personal Loan Offer,0,0.6016770435609068
C01661,48,10215635.0,120,5,55,10753433.0,22,Affluent,0,Personal Loan Offer,1,0.5606645232664884
C01662,48,18198183.0,117,1,58,7345076.0,21,Mass,0,Personal Loan Offer,0,0.3968586839239919
C01663,29,19350014.0,168,6,18,17956158.0,24,Mass,1,Personal Loan Offer,0,0.30641076280937507
C01664,45,9846270.0,22,1,67,43269706.0,31,Affluent,0,Personal Loan Offer,0,0.4043780838157376
C01665,44,14390607.0,94,6,43,80277669.0,28,Priority,0,Personal Loan Offer,0,0.6039905867165608
C01666,38,22970175.0,129,5,52,20475775.0,26,Mass,1,Personal Loan Offer,1,0.5500367583046861
C01667,54,33942201.0,65,5,12,67279609.0,24,Affluent,0,Personal Loan Offer,0,0.36150275369814455
C01668,51,18053496.0,152,3,89,16142618.0,20,Affluent,0,Personal Loan Offer,0,0.444031042008641
C01669,44,12294882.0,14,1,40,9153481.0,24,Mass,0,Personal Loan Offer,0,0.12253850563276386
C01670,53,11648359.0,21,1,16,5416333.0,24,Mass,0,Personal Loan Offer,0,0.28896019907300735
C01671,55,16305048.0,143,1,81,12055154.0,26,Mass,0,Personal Loan Offer,0,0.5625591859375502
C01672,46,11260337.0,25,5,99,5624178.0,34,Mass,0,Personal Loan Offer,0,0.41152701937427644
C01673,33,13319231.0,77,4,57,149193468.0,25,Mass,1,Personal Loan Offer,1,0.4967351202237978
C01674,55,6706483.0,53,2,13,31032303.0,21,Affluent,0,Personal Loan Offer,0,0.2364647629277183
C01675,53,24490569.0,125,1,100,18176280.0,24,Mass,1,Personal Loan Offer,0,0.6815188812009891
C01676,65,6409652.0,5,1,28,111914371.0,21,Mass,0,Personal Loan Offer,0,0.2333495664312713
C01677,27,9461635.0,66,2,31,5438291.0,29,Mass,1,Personal Loan Offer,0,0.35164633808482954
C01678,39,12661716.0,178,5,74,17436914.0,25,Mass,1,Personal Loan Offer,0,0.5037537352510912
C01679,62,35871727.0,68,6,40,147732922.0,26,Affluent,1,Personal Loan Offer,1,0.5431109736353744
C01680,44,9510829.0,109,4,17,17317053.0,19,Affluent,0,Personal Loan Offer,0,0.4416010876561664
C01681,63,8319465.0,178,6,72,231029649.0,25,Mass,1,Personal Loan Offer,0,0.7363223874549586
C01682,21,8863638.0,111,3,33,43874668.0,21,Mass,0,Personal Loan Offer,1,0.20171549536454836
C01683,22,29883309.0,137,2,88,73822103.0,26,Mass,1,Personal Loan Offer,0,0.6951399667467448
C01684,56,3000000.0,173,5,24,75991926.0,19,Mass,1,Personal Loan Offer,0,0.2458250524110968
C01685,37,6912980.0,112,1,92,20032075.0,33,Affluent,0,Personal Loan Offer,0,0.2638513909207507
C01686,44,53899189.0,151,6,75,12274459.0,20,Affluent,1,Personal Loan Offer,1,0.7489925567805129
C01687,40,16608121.0,93,5,31,17819475.0,26,Affluent,0,Personal Loan Offer,0,0.5341766847829275
C01688,39,6531358.0,147,1,62,7454365.0,24,Mass,0,Personal Loan Offer,0,0.1976923259110121
C01689,63,11726506.0,117,2,95,18723312.0,24,Affluent,0,Personal Loan Offer,0,0.3380908467095845
C01690,25,12453562.0,63,4,15,19912073.0,33,Mass,1,Personal Loan Offer,0,0.2707082202996061
C01691,55,19111219.0,102,5,84,108306727.0,29,Mass,1,Personal Loan Offer,1,0.5632910212619053
C01692,61,33004132.0,62,2,51,36198149.0,21,Mass,0,Personal Loan Offer,0,0.5857530662771915
C01693,50,14859064.0,73,5,96,212374204.0,26,Affluent,1,Personal Loan Offer,1,0.7346786984181736
C01694,38,8917566.0,54,3,28,2307554.0,21,Affluent,1,Personal Loan Offer,1,0.4401285969157209
C01695,28,18500599.0,90,5,75,5922085.0,21,Affluent,1,Personal Loan Offer,0,0.6502599881215336
C01696,51,8173258.0,64,3,98,14018627.0,21,Mass,1,Personal Loan Offer,0,0.7277115492214777
C01697,42,6797610.0,114,3,41,88963550.0,22,Affluent,0,Personal Loan Offer,0,0.31040840752302773
C01698,27,4558332.0,68,3,19,17924259.0,21,Mass,1,Personal Loan Offer,0,0.255375525359217
C01699,37,5073780.0,90,1,45,4608514.0,19,Affluent,0,Personal Loan Offer,1,0.18279834606953452
C01700,64,7329167.0,27,2,64,15652143.0,27,Mass,1,Personal Loan Offer,0,0.4959337004357887
C01701,32,6278445.0,71,2,67,6038369.0,23,Affluent,1,Personal Loan Offer,0,0.5918908488496563
C01702,29,14256126.0,66,5,53,4963477.0,29,Mass,1,Personal Loan Offer,0,0.5960244720389878
C01703,51,6204257.0,174,3,94,147607997.0,17,Mass,1,Personal Loan Offer,1,0.5351812055744256
C01704,29,3000000.0,82,3,62,14071105.0,19,Mass,1,Personal Loan Offer,0,0.23793130206757182
C01705,62,6758190.0,6,6,68,23780957.0,25,Mass,0,Personal Loan Offer,1,0.5447055531078888
C01706,59,9257035.0,58,6,97,18224666.0,18,Mass,0,Personal Loan Offer,1,0.5714154998168339
C01707,65,8601266.0,132,2,95,15552737.0,28,Mass,0,Personal Loan Offer,1,0.6289089771354418
C01708,62,27678203.0,32,3,41,8628505.0,29,Mass,0,Personal Loan Offer,0,0.3597492995032256
C01709,31,8563065.0,32,3,36,14659633.0,19,Priority,0,Personal Loan Offer,0,0.3749406463532098
C01710,30,19480511.0,69,6,78,28021379.0,22,Mass,1,Personal Loan Offer,1,0.8308940765063095
C01711,36,11875367.0,66,5,57,82629568.0,29,Affluent,0,Personal Loan Offer,0,0.6678619912853555
C01712,42,11724012.0,88,4,50,51581749.0,30,Affluent,1,Personal Loan Offer,1,0.6364708843347584
C01713,60,7579502.0,9,2,73,5910116.0,23,Affluent,0,Personal Loan Offer,1,0.41683496788520824
C01714,54,11618239.0,131,3,70,53745755.0,30,Mass,0,Personal Loan Offer,0,0.34923812764329487
C01715,49,7878234.0,41,1,93,32174374.0,22,Mass,0,Personal Loan Offer,0,0.5933650915927134
C01716,60,13176303.0,129,5,43,10708216.0,29,Mass,1,Personal Loan Offer,0,0.6319995261453952
C01717,50,10537806.0,103,6,78,23994614.0,27,Affluent,0,Personal Loan Offer,0,0.5089496442899937
C01718,38,7137491.0,39,5,30,35446321.0,29,Mass,0,Personal Loan Offer,0,0.3297770239721236
C01719,39,20706518.0,86,2,95,20963550.0,29,Mass,0,Personal Loan Offer,1,0.44206550756611745
C01720,44,15175297.0,9,3,17,32329354.0,26,Priority,1,Personal Loan Offer,1,0.45509841566964016
C01721,24,9378991.0,127,6,78,8438303.0,17,Affluent,1,Personal Loan Offer,1,0.7529327017252921
C01722,54,12999720.0,57,3,19,146725621.0,19,Mass,1,Personal Loan Offer,0,0.2671551732652727
C01723,50,11459330.0,71,6,90,2905041.0,25,Mass,0,Personal Loan Offer,0,0.599774095037401
C01724,53,7446407.0,30,4,97,35644095.0,22,Mass,0,Personal Loan Offer,1,0.3484328845477997
C01725,45,12474413.0,67,3,84,28861131.0,24,Affluent,1,Personal Loan Offer,1,0.46146334626982555
C01726,56,8527960.0,73,4,81,38041424.0,29,Affluent,1,Personal Loan Offer,1,0.7653485273624262
C01727,63,7136290.0,43,2,53,9848921.0,26,Mass,0,Personal Loan Offer,0,0.4118871002854472
C01728,46,4915456.0,177,3,32,64388130.0,25,Priority,1,Personal Loan Offer,1,0.5411764024358079
C01729,40,9851982.0,52,2,99,17952899.0,24,Mass,1,Personal Loan Offer,0,0.4822076418665896
C01730,25,16391133.0,35,5,58,6107499.0,20,Mass,0,Personal Loan Offer,0,0.46149129773132247
C01731,56,8189428.0,100,4,84,6692061.0,36,Mass,1,Personal Loan Offer,0,0.5650307455505431
C01732,61,48004580.0,59,3,74,22656286.0,28,Mass,0,Personal Loan Offer,0,0.6324089207724324
C01733,52,19531602.0,83,5,73,4052001.0,26,Mass,0,Personal Loan Offer,0,0.7269191527162331
C01734,59,24588730.0,132,3,42,121054185.0,39,Mass,1,Personal Loan Offer,0,0.3681031904387764
C01735,59,18583801.0,16,6,48,57091404.0,19,Mass,0,Personal Loan Offer,0,0.49433625151168487
C01736,56,33247593.0,93,4,50,124284910.0,28,Mass,1,Personal Loan Offer,1,0.4226758069986918
C01737,43,7783885.0,6,6,64,111849673.0,22,Priority,1,Personal Loan Offer,1,0.4257992378929909
C01738,25,3000000.0,10,6,75,14066918.0,25,Affluent,1,Personal Loan Offer,0,0.7268561345687266
C01739,21,9388988.0,19,2,28,8384651.0,31,Affluent,1,Personal Loan Offer,0,0.5515512025971915
C01740,30,16312421.0,31,2,30,1374321.0,27,Affluent,0,Personal Loan Offer,0,0.44786916246128083
C01741,40,13042862.0,65,6,14,13323084.0,17,Affluent,1,Personal Loan Offer,0,0.44389964006712385
C01742,54,13963078.0,169,2,57,116907746.0,24,Mass,1,Personal Loan Offer,0,0.6333216217706475
C01743,41,24813979.0,164,5,70,8739750.0,32,Priority,1,Personal Loan Offer,1,0.7400199660305969
C01744,22,14806086.0,21,2,29,16212966.0,31,Mass,0,Personal Loan Offer,1,0.39571272225511495
C01745,30,18621350.0,179,6,74,11486380.0,32,Mass,0,Personal Loan Offer,0,0.6388277942636901
C01746,65,7157403.0,116,5,10,29099687.0,28,Affluent,1,Personal Loan Offer,0,0.4080404534651541
C01747,65,6569516.0,101,4,88,72371817.0,26,Mass,0,Personal Loan Offer,0,0.5511931866017672
C01748,37,29156250.0,144,3,72,4291008.0,25,Mass,1,Personal Loan Offer,1,0.6224656923907289
C01749,57,12684775.0,89,4,72,5196349.0,24,Affluent,1,Personal Loan Offer,1,0.4324782155556759
C01750,53,8517566.0,50,3,74,88442473.0,24,Mass,1,Personal Loan Offer,1,0.5357984087887915
C01751,62,8526165.0,97,3,42,41629088.0,25,Mass,0,Personal Loan Offer,0,0.26761783153381863
C01752,60,8397121.0,132,2,100,15430587.0,21,Priority,0,Personal Loan Offer,0,0.6883856906061037
C01753,49,8125272.0,124,1,77,110257114.0,31,Affluent,1,Personal Loan Offer,1,0.7670624791787873
C01754,38,5924968.0,33,6,26,5107466.0,27,Affluent,0,Personal Loan Offer,0,0.5440411124291231
C01755,49,5257604.0,169,5,93,50751733.0,29,Mass,1,Personal Loan Offer,0,0.745115650581477
C01756,35,10779587.0,53,3,77,18680761.0,27,Affluent,0,Personal Loan Offer,1,0.6600251258476183
C01757,36,8660716.0,148,5,38,36681631.0,23,Affluent,0,Personal Loan Offer,0,0.2180717134696843
C01758,48,22061726.0,58,4,96,1837820.0,24,Affluent,1,Personal Loan Offer,0,0.6631911407068305
C01759,46,14098929.0,14,4,32,15410189.0,29,Mass,0,Personal Loan Offer,0,0.4302069304312893
C01760,47,13885309.0,180,1,68,41784648.0,19,Mass,1,Personal Loan Offer,0,0.17972468390998173
C01761,38,7974033.0,107,4,70,18772669.0,27,Mass,1,Personal Loan Offer,1,0.45925317370852325
C01762,39,11227218.0,41,1,97,70177661.0,28,Priority,0,Personal Loan Offer,0,0.6087985074610959
C01763,21,14635605.0,3,5,61,67866143.0,31,Mass,1,Personal Loan Offer,1,0.38554249590941236
C01764,48,17793163.0,25,1,100,7668865.0,27,Mass,1,Personal Loan Offer,0,0.40169088408796455
C01765,46,11396042.0,33,4,35,45591665.0,31,Mass,1,Personal Loan Offer,0,0.5546463927016054
C01766,63,21724154.0,167,3,82,7411773.0,21,Mass,0,Personal Loan Offer,0,0.15775145412334535
C01767,43,12052845.0,34,1,32,21110018.0,20,Mass,1,Personal Loan Offer,0,0.2868704247281127
C01768,42,18559329.0,31,3,100,38546316.0,34,Affluent,1,Personal Loan Offer,1,0.7868747615321732
C01769,24,9165880.0,152,2,79,8675035.0,27,Mass,0,Personal Loan Offer,0,0.4514610730057192
C01770,29,4428155.0,159,2,66,43932680.0,27,Mass,1,Personal Loan Offer,1,0.5751733399292375
C01771,36,13908555.0,40,6,16,12065818.0,28,Mass,1,Personal Loan Offer,0,0.33806552511374105
C01772,37,17882720.0,118,3,55,11190159.0,21,Mass,0,Personal Loan Offer,0,0.3132713019767753
C01773,37,16466824.0,98,3,23,40543816.0,20,Mass,0,Personal Loan Offer,0,0.306692865449999
C01774,38,15136504.0,105,1,93,8669051.0,39,Mass,1,Personal Loan Offer,1,0.46397836985818924
C01775,55,9906428.0,58,2,44,8239147.0,22,Mass,0,Personal Loan Offer,0,0.26432300372516565
C01776,26,7699814.0,136,3,85,56649792.0,24,Mass,0,Personal Loan Offer,0,0.49253803596684215
C01777,35,16254295.0,159,5,92,22293372.0,28,Affluent,0,Personal Loan Offer,1,0.603033203451349
C01778,28,15172017.0,132,1,20,4672119.0,25,Mass,0,Personal Loan Offer,0,0.1704170681117771
C01779,34,8814624.0,163,6,79,47057660.0,29,Mass,0,Personal Loan Offer,0,0.47605181477815456
C01780,51,22089225.0,22,1,37,13318194.0,19,Mass,0,Personal Loan Offer,0,0.34126175066535297
C01781,23,7384112.0,119,4,19,4917100.0,26,Mass,1,Personal Loan Offer,0,0.21190922023209982
C01782,36,8705620.0,180,1,33,1629735.0,26,Mass,0,Personal Loan Offer,0,0.15948158956762093
C01783,22,29516237.0,98,5,60,49360306.0,24,Mass,0,Personal Loan Offer,1,0.4264777463036723
C01784,63,19348729.0,170,5,87,8463935.0,24,Mass,1,Personal Loan Offer,0,0.6432779255374519
C01785,53,9855223.0,65,6,72,5765475.0,31,Affluent,1,Personal Loan Offer,0,0.7173066792244753
C01786,31,14054829.0,162,6,31,37906974.0,14,Mass,1,Personal Loan Offer,0,0.5138190871813012
C01787,29,13066378.0,170,6,36,44769355.0,22,Priority,1,Personal Loan Offer,0,0.5927245072977331
C01788,25,3000000.0,113,4,37,9103230.0,25,Mass,0,Personal Loan Offer,0,0.41750166094974517
C01789,42,7288851.0,128,6,76,49817829.0,20,Affluent,1,Personal Loan Offer,1,0.634114197031667
C01790,54,11669061.0,96,1,57,156120039.0,16,Priority,0,Personal Loan Offer,0,0.5240650255744381
C01791,47,9862802.0,59,4,12,76891516.0,32,Mass,0,Personal Loan Offer,0,0.36439579161750135
C01792,60,13746896.0,98,6,16,65811156.0,28,Mass,0,Personal Loan Offer,1,0.3150473457666642
C01793,36,22334262.0,174,3,16,27381330.0,22,Mass,0,Personal Loan Offer,0,0.20114240080139695
C01794,33,10054919.0,5,6,97,12832924.0,28,Mass,1,Personal Loan Offer,1,0.8001586693270386
C01795,42,6707300.0,39,4,55,18912938.0,31,Affluent,1,Personal Loan Offer,0,0.5195366166452695
C01796,30,14347491.0,91,3,54,31077183.0,18,Mass,1,Personal Loan Offer,0,0.5324628059703009
C01797,64,10026823.0,63,2,79,5687213.0,29,Affluent,0,Personal Loan Offer,1,0.3863800914773733
C01798,29,11012949.0,114,1,27,9265987.0,27,Affluent,0,Personal Loan Offer,1,0.25993958579368787
C01799,42,10220864.0,67,6,12,4796959.0,29,Affluent,1,Personal Loan Offer,0,0.26808776920828364
C01800,44,41178548.0,120,5,34,25302897.0,24,Mass,1,Personal Loan Offer,0,0.5725050679693102
C01801,23,3499147.0,21,3,28,21732008.0,27,Affluent,0,Personal Loan Offer,0,0.28604006331144066
C01802,42,9692215.0,62,6,82,10412673.0,19,Mass,0,Personal Loan Offer,1,0.5325884266263478
C01803,41,11975677.0,126,2,84,45432671.0,25,Affluent,1,Personal Loan Offer,1,0.7626927212224843
C01804,32,7809011.0,86,5,67,7036648.0,22,Mass,1,Personal Loan Offer,0,0.5900522544630737
C01805,26,19684093.0,130,3,92,10033179.0,27,Mass,1,Personal Loan Offer,0,0.649827772434895
C01806,23,18768846.0,116,4,52,43652422.0,24,Mass,0,Personal Loan Offer,0,0.31766096177815306
C01807,21,11688923.0,61,1,31,50630191.0,18,Mass,0,Personal Loan Offer,0,0.12089954738630813
C01808,42,10340168.0,79,4,40,9025068.0,38,Mass,1,Personal Loan Offer,1,0.5303432566667876
C01809,25,11283375.0,174,5,22,25223469.0,26,Affluent,0,Personal Loan Offer,0,0.1932407186591913
C01810,64,11327960.0,174,6,91,9179062.0,22,Mass,1,Personal Loan Offer,0,0.5828315400655932
C01811,32,11493728.0,9,3,64,16418237.0,26,Priority,0,Personal Loan Offer,0,0.45509160855193076
C01812,50,10821200.0,128,1,80,23093927.0,24,Affluent,1,Personal Loan Offer,0,0.37169977823056405
C01813,51,13787381.0,90,1,35,35026274.0,23,Affluent,0,Personal Loan Offer,0,0.2850596054308749
C01814,43,18159127.0,3,1,75,27475406.0,21,Priority,0,Personal Loan Offer,1,0.40438590899951715
C01815,60,6099846.0,115,2,40,26282271.0,25,Affluent,0,Personal Loan Offer,0,0.23755110101795046
C01816,25,6733139.0,7,5,50,6802117.0,18,Mass,1,Personal Loan Offer,0,0.4646742318672888
C01817,31,4586979.0,59,2,69,29488752.0,20,Mass,1,Personal Loan Offer,0,0.5274082525370088
C01818,32,19325495.0,125,1,99,34702010.0,24,Mass,0,Personal Loan Offer,0,0.31475243680076276
C01819,27,13771269.0,147,1,60,39831848.0,20,Mass,0,Personal Loan Offer,0,0.37962985612858197
C01820,34,15844204.0,76,3,74,9739717.0,28,Affluent,0,Personal Loan Offer,0,0.6221310433195087
C01821,35,5466741.0,146,4,64,49964757.0,25,Mass,0,Personal Loan Offer,0,0.5234392151043642
C01822,55,32028564.0,152,2,48,5357500.0,27,Affluent,0,Personal Loan Offer,0,0.4401760625947287
C01823,34,8585190.0,82,3,94,12999542.0,17,Mass,1,Personal Loan Offer,0,0.45318418285573947
C01824,60,13163131.0,33,2,97,15183559.0,26,Priority,1,Personal Loan Offer,1,0.7249033171332767
C01825,55,19198232.0,120,5,38,5659430.0,26,Mass,0,Personal Loan Offer,0,0.48278694965219887
C01826,61,6973155.0,5,1,91,14954635.0,31,Mass,0,Personal Loan Offer,0,0.25218114516885715
C01827,25,8885567.0,161,2,51,24958469.0,17,Priority,1,Personal Loan Offer,0,0.41935009514676164
C01828,65,13242762.0,72,4,77,3221864.0,19,Mass,0,Personal Loan Offer,1,0.5241204839252729
C01829,48,57772729.0,138,6,57,13477800.0,24,Affluent,1,Personal Loan Offer,1,0.5867486739688293
C01830,65,14161475.0,134,3,79,3481041.0,26,Mass,1,Personal Loan Offer,0,0.47361176544961525
C01831,36,29032192.0,87,1,89,154049050.0,21,Affluent,0,Personal Loan Offer,0,0.6526707147917655
C01832,63,23290065.0,175,4,48,24735105.0,24,Affluent,0,Personal Loan Offer,0,0.4121887223883207
C01833,47,14692133.0,144,2,73,22681771.0,29,Affluent,0,Personal Loan Offer,0,0.546171402735497
C01834,24,6964661.0,160,2,56,25224246.0,20,Mass,1,Personal Loan Offer,1,0.2519030585301945
C01835,39,21493942.0,19,6,82,36607491.0,24,Affluent,1,Personal Loan Offer,0,0.5595986990667092
C01836,27,5264288.0,89,6,27,53190889.0,21,Mass,0,Personal Loan Offer,0,0.47298590916005234
C01837,63,28944725.0,172,2,76,4187812.0,25,Mass,0,Personal Loan Offer,1,0.640631216577865
C01838,34,13395376.0,147,4,64,74136640.0,30,Affluent,1,Personal Loan Offer,1,0.42082308320331735
C01839,31,3000000.0,83,4,51,69516043.0,31,Mass,1,Personal Loan Offer,0,0.5468812011385338
C01840,45,9950555.0,15,6,43,18716129.0,19,Affluent,1,Personal Loan Offer,0,0.5179272577299354
C01841,40,17194300.0,53,6,73,17760974.0,22,Mass,0,Personal Loan Offer,0,0.32884622974477207
C01842,25,10533320.0,104,3,41,898500.0,40,Mass,0,Personal Loan Offer,0,0.23053995362221252
C01843,57,17781522.0,117,1,12,5764631.0,20,Affluent,1,Personal Loan Offer,0,0.3225011649790182
C01844,59,7518701.0,167,1,96,33601864.0,32,Mass,0,Personal Loan Offer,0,0.30037589996223835
C01845,54,5851022.0,19,1,50,66443352.0,33,Affluent,0,Personal Loan Offer,0,0.3164211805038043
C01846,48,11537605.0,73,5,24,41453371.0,29,Priority,1,Personal Loan Offer,0,0.4830267144680528
C01847,39,12210152.0,51,5,30,18541607.0,21,Mass,0,Personal Loan Offer,0,0.43910850379176297
C01848,45,9907532.0,173,5,85,137222675.0,18,Priority,1,Personal Loan Offer,0,0.7228677550659205
C01849,44,23568634.0,32,1,40,54647738.0,19,Mass,1,Personal Loan Offer,0,0.5045712839443165
C01850,28,7517943.0,42,1,35,13489422.0,26,Mass,1,Personal Loan Offer,0,0.19426275978892965
C01851,24,14255570.0,56,2,54,177299949.0,28,Affluent,0,Personal Loan Offer,0,0.48973607727025475
C01852,32,12457092.0,21,4,12,6682987.0,27,Mass,0,Personal Loan Offer,0,0.34928357504364393
C01853,41,5097310.0,117,1,60,4590055.0,34,Priority,0,Personal Loan Offer,0,0.549466504293734
C01854,28,5809184.0,96,4,13,13126419.0,31,Mass,1,Personal Loan Offer,0,0.4134210036200054
C01855,25,12078871.0,102,6,86,9366056.0,18,Mass,1,Personal Loan Offer,1,0.5671767786830187
C01856,59,35679156.0,164,1,49,13884883.0,22,Affluent,1,Personal Loan Offer,1,0.5180889822429058
C01857,37,16502387.0,80,5,29,44425915.0,18,Mass,0,Personal Loan Offer,0,0.2898908543706815
C01858,47,4645075.0,58,4,51,19331825.0,25,Mass,0,Personal Loan Offer,0,0.4011420301879418
C01859,44,3000000.0,69,6,25,19834751.0,21,Mass,0,Personal Loan Offer,1,0.4372021318417876
C01860,54,17958906.0,145,2,39,21211576.0,35,Affluent,0,Personal Loan Offer,1,0.5330250160200222
C01861,54,11381500.0,97,2,21,1980614.0,24,Mass,1,Personal Loan Offer,1,0.3165813548205752
C01862,34,22479481.0,33,1,70,4395019.0,41,Mass,1,Personal Loan Offer,1,0.4618203526391586
C01863,59,7392839.0,125,5,98,13604777.0,31,Mass,0,Personal Loan Offer,0,0.6293003240315168
C01864,37,14549018.0,135,6,54,8608960.0,22,Priority,1,Personal Loan Offer,1,0.6894892793268116
C01865,58,19111726.0,47,1,18,15862293.0,23,Priority,1,Personal Loan Offer,0,0.5980206026475523
C01866,39,9382082.0,102,3,16,81439520.0,26,Priority,1,Personal Loan Offer,1,0.49154471848782216
C01867,25,9493047.0,103,5,85,18565087.0,25,Mass,0,Personal Loan Offer,1,0.6332999843438227
C01868,55,12167898.0,34,5,41,5331134.0,23,Mass,0,Personal Loan Offer,0,0.27196568622514095
C01869,22,16173573.0,4,6,36,9048803.0,23,Affluent,0,Personal Loan Offer,0,0.41313695853526794
C01870,55,11905768.0,130,5,19,110642931.0,24,Mass,0,Personal Loan Offer,0,0.33345708669283
C01871,22,20503685.0,112,6,70,92594176.0,25,Mass,1,Personal Loan Offer,0,0.7179649770027925
C01872,30,9307703.0,130,6,15,36292449.0,24,Priority,0,Personal Loan Offer,0,0.3653945863039992
C01873,48,5779339.0,70,6,92,4192299.0,27,Mass,1,Personal Loan Offer,0,0.7089625865764141
C01874,63,35596350.0,94,3,28,27181517.0,28,Mass,0,Personal Loan Offer,0,0.4026270345961841
C01875,39,8605126.0,177,3,16,29354016.0,31,Mass,0,Personal Loan Offer,0,0.31976449973649784
C01876,26,8778131.0,43,3,73,20517383.0,27,Mass,0,Personal Loan Offer,1,0.44443694119046834
C01877,31,11573463.0,119,6,42,11310384.0,17,Priority,0,Personal Loan Offer,0,0.49293710280834996
C01878,61,12451689.0,26,2,73,13916862.0,23,Mass,1,Personal Loan Offer,1,0.3217075471045512
C01879,53,9701016.0,14,5,13,10548855.0,26,Mass,1,Personal Loan Offer,0,0.39764275185475384
C01880,25,11885486.0,173,4,88,6364008.0,20,Mass,1,Personal Loan Offer,0,0.5473557077762998
C01881,38,11740418.0,26,1,38,78391861.0,24,Mass,0,Personal Loan Offer,0,0.19541788471323285
C01882,32,13211099.0,119,3,78,48329690.0,26,Affluent,1,Personal Loan Offer,0,0.5954807850073323
C01883,29,3281460.0,94,2,95,15041346.0,24,Affluent,0,Personal Loan Offer,1,0.8728686230394576
C01884,59,33763780.0,147,5,58,28443242.0,30,Mass,1,Personal Loan Offer,0,0.5473644453567211
C01885,48,11066229.0,100,3,40,29530782.0,28,Mass,0,Personal Loan Offer,0,0.5647406407423189
C01886,29,16514670.0,127,3,38,208224293.0,10,Mass,0,Personal Loan Offer,0,0.14099342562360653
C01887,50,5623481.0,162,1,72,47860999.0,13,Mass,1,Personal Loan Offer,0,0.33388216717073055
C01888,39,9261412.0,150,1,10,46085662.0,18,Priority,0,Personal Loan Offer,1,0.38438144940809676
C01889,23,8290688.0,131,5,23,20774230.0,19,Affluent,1,Personal Loan Offer,0,0.4056356287184018
C01890,41,26930372.0,31,6,68,12952753.0,23,Mass,1,Personal Loan Offer,1,0.5293427192630054
C01891,29,8694661.0,33,2,12,79713785.0,26,Affluent,0,Personal Loan Offer,0,0.2882014811833145
C01892,32,18207810.0,91,5,36,38397962.0,23,Affluent,1,Personal Loan Offer,0,0.6141064218449063
C01893,60,8391132.0,120,4,68,8724981.0,19,Affluent,0,Personal Loan Offer,0,0.7680383765137684
C01894,52,9355517.0,121,3,32,31487758.0,22,Affluent,0,Personal Loan Offer,1,0.5060892759413892
C01895,27,10484040.0,143,3,94,46206402.0,28,Priority,0,Personal Loan Offer,1,0.6115973282334206
C01896,59,24313250.0,21,5,98,2459360.0,16,Mass,1,Personal Loan Offer,1,0.6284412699279555
C01897,46,4243921.0,33,6,13,7951380.0,32,Mass,0,Personal Loan Offer,0,0.33100681033867313
C01898,60,5819950.0,29,3,25,28745956.0,27,Priority,0,Personal Loan Offer,0,0.30113199672969904
C01899,54,4111915.0,99,3,92,2919087.0,26,Mass,1,Personal Loan Offer,0,0.5031094253038492
C01900,36,6598092.0,115,5,12,3419865.0,28,Affluent,0,Personal Loan Offer,0,0.3417179927499443
C01901,45,7679286.0,23,4,54,15260542.0,27,Mass,0,Personal Loan Offer,1,0.2955890117684926
C01902,44,4937909.0,157,3,96,32696778.0,23,Mass,1,Personal Loan Offer,0,0.6414691934513872
C01903,53,8013482.0,57,3,63,34244158.0,19,Priority,1,Personal Loan Offer,0,0.5840554618117572
C01904,32,3962256.0,120,4,37,97332390.0,23,Mass,0,Personal Loan Offer,0,0.30020396817484307
C01905,35,6855237.0,136,1,10,21714846.0,30,Mass,0,Personal Loan Offer,0,0.21682017252013677
C01906,32,23222877.0,9,1,45,13778087.0,24,Mass,0,Personal Loan Offer,0,0.2360964336057118
C01907,34,14982459.0,156,4,59,5410669.0,21,Priority,0,Personal Loan Offer,0,0.5041333357796718
C01908,28,13303323.0,175,2,17,13614081.0,25,Mass,0,Personal Loan Offer,0,0.32535508717250955
C01909,22,6912825.0,173,4,58,40579442.0,25,Priority,1,Personal Loan Offer,1,0.6177474802055289
C01910,63,5155478.0,27,5,46,42455415.0,24,Mass,1,Personal Loan Offer,0,0.37179626542034905
C01911,24,6413280.0,72,2,39,26058689.0,30,Priority,1,Personal Loan Offer,1,0.4591274478240651
C01912,60,11718177.0,44,3,98,34565194.0,32,Mass,1,Personal Loan Offer,0,0.5770167241827282
C01913,21,19344418.0,83,6,91,71673124.0,27,Affluent,1,Personal Loan Offer,1,0.6280843898705848
C01914,55,19711628.0,176,1,73,21563544.0,22,Mass,1,Personal Loan Offer,1,0.3997101378782451
C01915,35,16975030.0,138,5,63,78496270.0,35,Mass,0,Personal Loan Offer,0,0.6142857468282065
C01916,44,7998471.0,140,2,53,9670552.0,19,Mass,1,Personal Loan Offer,0,0.3786611953260573
C01917,33,12163128.0,78,6,16,18586606.0,21,Affluent,0,Personal Loan Offer,0,0.24404600865979803
C01918,43,10055988.0,169,3,37,12365360.0,29,Affluent,0,Personal Loan Offer,0,0.42478750742961696
C01919,41,10742977.0,166,1,10,44187299.0,25,Mass,0,Personal Loan Offer,0,0.21105084258092463
C01920,44,36793713.0,146,5,43,7251786.0,25,Mass,0,Personal Loan Offer,1,0.28780094631663977
C01921,38,4553092.0,147,1,53,14497363.0,18,Affluent,0,Personal Loan Offer,0,0.26848251527896794
C01922,45,10546926.0,119,3,65,3114460.0,30,Affluent,1,Personal Loan Offer,1,0.570816107803645
C01923,58,23368023.0,19,4,42,36238002.0,22,Affluent,0,Personal Loan Offer,1,0.6584583845596123
C01924,40,5358405.0,53,5,33,69583158.0,27,Mass,0,Personal Loan Offer,0,0.22577341818217503
C01925,37,8421985.0,139,3,74,49721639.0,25,Mass,1,Personal Loan Offer,0,0.5975975770867142
C01926,26,8970447.0,61,6,23,45076448.0,31,Mass,0,Personal Loan Offer,0,0.21433802361362753
C01927,37,10613187.0,33,3,21,46299570.0,30,Mass,1,Personal Loan Offer,0,0.46823951271800074
C01928,26,4988475.0,171,3,73,40262725.0,30,Priority,0,Personal Loan Offer,0,0.5539800334182455
C01929,29,16648398.0,89,3,63,36970781.0,19,Mass,0,Personal Loan Offer,1,0.3595525234145112
C01930,63,17311390.0,156,5,89,39434684.0,25,Mass,1,Personal Loan Offer,0,0.6694052299357339
C01931,25,15871310.0,53,4,77,10381757.0,18,Mass,1,Personal Loan Offer,0,0.4055363359301045
C01932,42,7435019.0,66,1,92,16371448.0,30,Mass,0,Personal Loan Offer,0,0.5329310434104632
C01933,58,12584773.0,64,5,70,21455382.0,23,Affluent,1,Personal Loan Offer,0,0.5835448814275972
C01934,63,7317103.0,69,3,86,14296677.0,33,Affluent,0,Personal Loan Offer,1,0.17431674443750522
C01935,27,9993936.0,80,3,25,4176287.0,22,Affluent,0,Personal Loan Offer,0,0.2619861881597264
C01936,28,39224989.0,55,1,58,5816643.0,31,Mass,0,Personal Loan Offer,0,0.45995674400876074
C01937,37,12648506.0,147,6,95,25171399.0,26,Affluent,1,Personal Loan Offer,1,0.8154276784740631
C01938,45,6244912.0,61,1,81,49477013.0,24,Priority,1,Personal Loan Offer,1,0.5737620260001779
C01939,64,13251239.0,81,6,46,20187714.0,23,Priority,0,Personal Loan Offer,0,0.7173668756167694
C01940,30,5705433.0,156,1,94,317524232.0,23,Mass,0,Personal Loan Offer,0,0.4136868767019507
C01941,28,6205593.0,80,4,38,7972275.0,24,Mass,0,Personal Loan Offer,0,0.45201436293689795
C01942,32,6768564.0,4,1,12,31207998.0,24,Priority,0,Personal Loan Offer,0,0.367842645226642
C01943,60,9398372.0,3,3,82,72743160.0,24,Affluent,1,Personal Loan Offer,0,0.3727965762060091
C01944,22,20090350.0,80,6,47,58056077.0,20,Mass,1,Personal Loan Offer,0,0.6475055308566139
C01945,38,16494478.0,118,4,13,38505425.0,24,Affluent,1,Personal Loan Offer,1,0.40812424031422834
C01946,26,15999446.0,170,4,28,58322400.0,28,Affluent,1,Personal Loan Offer,0,0.39957069877284307
C01947,28,6556770.0,26,1,16,21139147.0,23,Affluent,0,Personal Loan Offer,0,0.22572012043425693
C01948,62,8910085.0,99,6,100,105489774.0,37,Mass,1,Personal Loan Offer,1,0.5935964419263006
C01949,21,13936444.0,54,3,87,72160397.0,28,Affluent,1,Personal Loan Offer,0,0.6838639163894175
C01950,35,8493751.0,83,4,94,8529278.0,27,Affluent,1,Personal Loan Offer,0,0.6751618409425453
C01951,62,10296511.0,81,6,26,27585774.0,22,Mass,0,Personal Loan Offer,0,0.47647940488582785
C01952,48,15296957.0,58,4,82,4256451.0,23,Affluent,1,Personal Loan Offer,0,0.6191373606479637
C01953,24,9905416.0,6,5,61,91608242.0,19,Mass,0,Personal Loan Offer,0,0.5302643888036981
C01954,41,13588712.0,16,2,36,25027212.0,19,Mass,1,Personal Loan Offer,0,0.27480850588403394
C01955,64,28815323.0,95,3,70,77053895.0,20,Affluent,1,Personal Loan Offer,0,0.7023533440913554
C01956,39,10917689.0,42,4,96,17928198.0,25,Mass,0,Personal Loan Offer,0,0.6660407304786433
C01957,44,22955153.0,61,2,51,3125095.0,22,Mass,1,Personal Loan Offer,0,0.4026824293180743
C01958,44,16322756.0,19,3,12,279527259.0,26,Affluent,0,Personal Loan Offer,0,0.36892363477020546
C01959,50,5354426.0,11,5,86,22801375.0,29,Affluent,1,Personal Loan Offer,0,0.42991412605404733
C01960,29,6545196.0,25,6,27,7356054.0,30,Affluent,0,Personal Loan Offer,0,0.24653941882036037
C01961,58,7586944.0,70,5,26,62896754.0,25,Mass,0,Personal Loan Offer,0,0.33258862250106297
C01962,65,7498833.0,32,6,66,153176301.0,32,Mass,1,Personal Loan Offer,1,0.7326658207084484
C01963,27,11418642.0,44,6,82,16334740.0,30,Mass,1,Personal Loan Offer,0,0.5422225783820186
C01964,57,16826598.0,56,2,82,18110463.0,16,Mass,1,Personal Loan Offer,0,0.3878044064667419
C01965,57,23932653.0,54,6,88,25375357.0,19,Mass,0,Personal Loan Offer,0,0.5488078745657297
C01966,54,14216496.0,4,4,90,6584785.0,19,Mass,0,Personal Loan Offer,0,0.4093460136967361
C01967,37,9391292.0,23,6,21,10024828.0,19,Mass,0,Personal Loan Offer,1,0.2752237935988332
C01968,42,3817799.0,172,4,37,118825750.0,22,Mass,0,Personal Loan Offer,0,0.4068680724331864
C01969,58,12475053.0,121,1,75,17523202.0,19,Affluent,0,Personal Loan Offer,0,0.39928412268227453
C01970,27,12171294.0,25,4,45,8655330.0,26,Priority,1,Personal Loan Offer,1,0.45592438308653327
C01971,58,13270154.0,53,5,75,12726550.0,28,Mass,1,Personal Loan Offer,1,0.489141954704821
C01972,62,38219231.0,71,1,51,58472465.0,24,Affluent,1,Personal Loan Offer,1,0.49543860740564954
C01973,51,23741742.0,164,4,51,2772738.0,24,Mass,0,Personal Loan Offer,0,0.5098849837299412
C01974,36,18480020.0,159,4,12,25800198.0,32,Mass,0,Personal Loan Offer,1,0.16063348205911598
C01975,46,7069320.0,140,3,65,234616207.0,33,Mass,0,Personal Loan Offer,0,0.40248029642642524
C01976,23,9049953.0,21,5,88,152443632.0,20,Affluent,1,Personal Loan Offer,0,0.6628686075715655
C01977,62,11390072.0,90,1,84,35478790.0,22,Mass,0,Personal Loan Offer,1,0.49351706612960833
C01978,36,7833683.0,89,3,40,74602565.0,19,Mass,0,Personal Loan Offer,0,0.3605433702873898
C01979,23,15802405.0,116,6,71,73888600.0,25,Mass,1,Personal Loan Offer,1,0.6968951827658827
C01980,56,14602701.0,153,4,28,17634907.0,28,Mass,0,Personal Loan Offer,0,0.21911673623826716
C01981,50,6595169.0,60,2,67,50426966.0,21,Mass,0,Personal Loan Offer,1,0.451433016974174
C01982,49,23176894.0,102,1,47,119619431.0,32,Mass,1,Personal Loan Offer,1,0.6277153398265226
C01983,23,12694608.0,49,4,94,5651777.0,31,Affluent,0,Personal Loan Offer,0,0.6646938223748204
C01984,54,4636304.0,40,6,74,35601335.0,22,Affluent,0,Personal Loan Offer,0,0.6371264736569567
C01985,49,11665877.0,58,1,16,28708916.0,27,Mass,0,Personal Loan Offer,0,0.2751713560987234
C01986,56,14007182.0,133,1,89,22173475.0,28,Affluent,1,Personal Loan Offer,1,0.4673898313820419
C01987,58,20490112.0,80,3,75,20294818.0,22,Mass,1,Personal Loan Offer,1,0.38739408089124067
C01988,30,9967149.0,124,2,29,25214072.0,24,Affluent,1,Personal Loan Offer,0,0.3414833682220959
C01989,30,18921005.0,126,1,35,27420872.0,34,Mass,0,Personal Loan Offer,0,0.1640670868939766
C01990,62,13300940.0,67,2,25,61212264.0,25,Mass,1,Personal Loan Offer,0,0.3290877018290202
C01991,44,5821900.0,172,4,38,32209033.0,19,Affluent,1,Personal Loan Offer,0,0.4870313903118701
C01992,40,5510002.0,11,5,95,16740914.0,32,Priority,1,Personal Loan Offer,1,0.5412239690308743
C01993,33,22249390.0,162,2,92,8634889.0,17,Mass,1,Personal Loan Offer,0,0.5429604113366432
C01994,49,23166284.0,4,5,60,12469551.0,18,Mass,1,Personal Loan Offer,0,0.4937455079518236
C01995,54,14332171.0,71,5,42,25968866.0,21,Affluent,1,Personal Loan Offer,0,0.6742118599477283
C01996,21,27317987.0,149,1,43,9871596.0,25,Mass,0,Personal Loan Offer,0,0.49665523745093243
C01997,45,21456810.0,124,6,97,51501419.0,25,Affluent,1,Personal Loan Offer,0,0.8212210902633893
C01998,65,17477292.0,60,2,28,30746846.0,29,Mass,1,Personal Loan Offer,0,0.4488644954297102
C01999,33,7269484.0,160,5,78,62756345.0,26,Mass,0,Personal Loan Offer,0,0.5222609646669613
C02000,33,31099522.0,27,5,100,10558308.0,20,Mass,1,Personal Loan Offer,0,0.7155856673282192
C02001,60,16116965.0,122,6,87,8711680.0,27,Mass,1,Personal Loan Offer,0,0.6215229386743117
C02002,23,9705525.0,95,3,75,62289290.0,32,Affluent,1,Personal Loan Offer,1,0.43781060582845704
C02003,38,8309157.0,39,4,91,22775519.0,24,Affluent,1,Personal Loan Offer,0,0.6372713882384707
C02004,41,13820289.0,166,1,29,16333450.0,30,Mass,1,Personal Loan Offer,0,0.26190731923924515
C02005,56,4786618.0,139,3,99,40221142.0,22,Mass,1,Personal Loan Offer,0,0.525846374330318
C02006,26,17632203.0,4,6,18,38751967.0,23,Mass,0,Personal Loan Offer,0,0.39432767550466696
C02007,40,7102471.0,18,1,11,5697164.0,27,Mass,0,Personal Loan Offer,0,0.20615775543301357
C02008,27,14713142.0,12,1,28,79868170.0,28,Mass,1,Personal Loan Offer,0,0.37434544097555456
C02009,56,9007121.0,76,5,65,13267605.0,23,Mass,1,Personal Loan Offer,1,0.4345744057391335
C02010,49,10375802.0,77,4,32,109480924.0,33,Affluent,0,Personal Loan Offer,0,0.30411592643014423
C02011,43,7913785.0,131,3,67,5270808.0,31,Affluent,0,Personal Loan Offer,1,0.5954903476331738
C02012,38,10981702.0,123,2,20,27471007.0,37,Priority,0,Personal Loan Offer,1,0.48395407243944466
C02013,27,33922055.0,5,2,73,16611763.0,23,Mass,1,Personal Loan Offer,0,0.5448768624353363
C02014,62,25705101.0,87,5,30,2774575.0,28,Mass,0,Personal Loan Offer,0,0.3027076061381792
C02015,50,14583198.0,142,3,57,38626565.0,27,Mass,1,Personal Loan Offer,0,0.417028837168502
C02016,35,11834214.0,162,5,20,2920618.0,14,Priority,0,Personal Loan Offer,0,0.4760587971584582
C02017,39,19091005.0,55,3,98,14940347.0,20,Mass,0,Personal Loan Offer,1,0.44728830060675645
C02018,53,22340259.0,10,3,44,60340755.0,31,Mass,0,Personal Loan Offer,0,0.3314050388127094
C02019,53,7602724.0,30,2,65,11771676.0,25,Mass,0,Personal Loan Offer,1,0.378372950281329
C02020,41,11499635.0,63,4,54,8101086.0,32,Mass,0,Personal Loan Offer,0,0.5993502845941382
C02021,34,4405394.0,81,2,64,44526688.0,23,Mass,0,Personal Loan Offer,0,0.4132660304215556
C02022,50,22256026.0,65,6,51,15583524.0,14,Affluent,1,Personal Loan Offer,1,0.504207901561107
C02023,50,37362592.0,19,3,16,13338740.0,25,Mass,0,Personal Loan Offer,1,0.32071739753810435
C02024,47,12540358.0,63,5,85,71573490.0,31,Affluent,0,Personal Loan Offer,0,0.5986306689265277
C02025,24,3729041.0,54,3,68,6224254.0,27,Affluent,0,Personal Loan Offer,0,0.4440715743932209
C02026,42,16773436.0,89,3,33,12630633.0,13,Mass,0,Personal Loan Offer,0,0.4067984216204153
C02027,48,7298418.0,17,3,17,47568905.0,27,Mass,0,Personal Loan Offer,0,0.12913757136447723
C02028,63,8331675.0,143,3,90,5834479.0,29,Priority,0,Personal Loan Offer,1,0.7772485180662412
C02029,44,16937391.0,77,3,40,118046597.0,34,Mass,1,Personal Loan Offer,0,0.6739448742878558
C02030,36,13803351.0,59,6,92,16101055.0,33,Mass,0,Personal Loan Offer,0,0.6911311350921875
C02031,46,9174674.0,164,5,79,47954836.0,23,Mass,0,Personal Loan Offer,0,0.46424051250464604
C02032,28,8394893.0,135,1,97,47854610.0,21,Mass,0,Personal Loan Offer,0,0.6220890298229772
C02033,25,12859933.0,27,1,70,17174820.0,25,Affluent,0,Personal Loan Offer,0,0.48843937638818696
C02034,51,9580220.0,29,1,26,12387900.0,23,Affluent,0,Personal Loan Offer,0,0.2372402534052513
C02035,65,6519686.0,3,5,13,19158907.0,28,Mass,1,Personal Loan Offer,1,0.22767843485918945
C02036,59,9994120.0,102,2,32,40789167.0,28,Mass,0,Personal Loan Offer,0,0.2607104960267124
C02037,47,14464286.0,66,3,49,7458150.0,27,Mass,1,Personal Loan Offer,1,0.4200847293141177
C02038,22,10880256.0,69,5,66,6004287.0,25,Mass,0,Personal Loan Offer,0,0.6280172313020945
C02039,65,5515029.0,93,1,91,88228937.0,22,Affluent,1,Personal Loan Offer,1,0.5556890109006823
C02040,41,20674317.0,98,1,22,9591499.0,30,Mass,1,Personal Loan Offer,1,0.3108352316869058
C02041,34,3000000.0,3,1,67,28497494.0,19,Affluent,0,Personal Loan Offer,0,0.36511693487683355
C02042,61,9387752.0,22,2,17,16338562.0,19,Mass,0,Personal Loan Offer,0,0.32340269643816216
C02043,54,8531776.0,143,1,53,17079291.0,16,Mass,0,Personal Loan Offer,0,0.2864664723534845
C02044,54,13018938.0,172,4,16,83606561.0,25,Affluent,0,Personal Loan Offer,0,0.6071789083301912
C02045,33,16343343.0,152,5,44,18367138.0,36,Mass,0,Personal Loan Offer,0,0.3975372390815058
C02046,65,22300906.0,164,2,65,13997884.0,24,Mass,0,Personal Loan Offer,0,0.48618007179936745
C02047,41,8109887.0,85,4,77,15271932.0,31,Priority,1,Personal Loan Offer,1,0.8407418738985853
C02048,44,16568892.0,150,2,83,12088733.0,20,Affluent,1,Personal Loan Offer,1,0.6638913400317945
C02049,54,13364564.0,160,1,57,10233243.0,26,Mass,0,Personal Loan Offer,0,0.4391265562175305
C02050,50,4681226.0,161,3,33,12137325.0,29,Affluent,0,Personal Loan Offer,0,0.4103579288383713
C02051,28,34130922.0,29,5,93,105524419.0,30,Mass,1,Personal Loan Offer,0,0.7142182685521876
C02052,34,5438919.0,29,2,94,40740436.0,24,Mass,0,Personal Loan Offer,0,0.4792620066424319
C02053,37,15114131.0,74,5,98,14161623.0,18,Mass,1,Personal Loan Offer,1,0.5688625779163677
C02054,63,14870578.0,92,6,82,53377425.0,33,Mass,1,Personal Loan Offer,0,0.46322224939746803
C02055,53,13964339.0,173,1,80,4089973.0,21,Mass,0,Personal Loan Offer,0,0.5023903949168675
C02056,37,9142093.0,59,1,17,79155211.0,28,Affluent,1,Personal Loan Offer,0,0.15263661097892386
C02057,54,18913872.0,151,2,62,73031295.0,22,Mass,0,Personal Loan Offer,0,0.5060965765967603
C02058,54,5087083.0,160,6,47,187179170.0,20,Mass,1,Personal Loan Offer,0,0.46005573491516666
C02059,38,11573301.0,174,1,33,54997279.0,19,Affluent,0,Personal Loan Offer,0,0.22315756886738713
C02060,39,8800210.0,36,3,16,30968384.0,32,Mass,0,Personal Loan Offer,0,0.4457930584973636
C02061,61,8268001.0,46,4,29,72738634.0,21,Affluent,0,Personal Loan Offer,1,0.2475229819533219
C02062,46,15191225.0,42,1,93,10696567.0,26,Affluent,0,Personal Loan Offer,1,0.4642743521687237
C02063,27,21704505.0,133,1,92,13467990.0,32,Mass,1,Personal Loan Offer,1,0.44330711641224396
C02064,53,9935518.0,125,1,77,18755508.0,29,Mass,0,Personal Loan Offer,0,0.4373050221782785
C02065,47,18435557.0,75,1,19,78619032.0,35,Mass,1,Personal Loan Offer,0,0.21427341067726066
C02066,43,12332820.0,18,4,72,8498196.0,16,Affluent,1,Personal Loan Offer,1,0.7189986081975602
C02067,53,7344149.0,95,6,21,7642086.0,17,Mass,0,Personal Loan Offer,1,0.22449867282452396
C02068,61,10412771.0,133,3,72,25337116.0,17,Mass,1,Personal Loan Offer,0,0.8648844568007088
C02069,35,10177602.0,87,2,13,40987321.0,24,Mass,0,Personal Loan Offer,0,0.15665019957969267
C02070,39,8180422.0,50,2,35,9901158.0,27,Mass,0,Personal Loan Offer,0,0.6515844060565931
C02071,29,15189012.0,108,6,21,39101085.0,22,Mass,0,Personal Loan Offer,0,0.5386676115726428
C02072,50,13653038.0,120,6,94,78581132.0,26,Mass,1,Personal Loan Offer,1,0.6676142542728208
C02073,39,5003058.0,108,4,61,66433003.0,23,Mass,0,Personal Loan Offer,0,0.483041808769248
C02074,36,4838319.0,158,3,93,28474958.0,34,Affluent,0,Personal Loan Offer,0,0.5637281569694281
C02075,52,15157313.0,58,1,11,18267701.0,22,Mass,0,Personal Loan Offer,0,0.24284533986598714
C02076,39,7663732.0,111,6,77,113449285.0,32,Mass,1,Personal Loan Offer,0,0.5340878537550108
C02077,41,14168615.0,155,1,53,20310465.0,21,Affluent,1,Personal Loan Offer,0,0.47521989940640774
C02078,40,18438097.0,40,1,52,51217788.0,20,Mass,0,Personal Loan Offer,0,0.36548212175542294
C02079,32,5964842.0,53,5,89,141742744.0,21,Mass,0,Personal Loan Offer,0,0.48934930727751835
C02080,26,5521012.0,11,2,14,46108640.0,25,Mass,0,Personal Loan Offer,0,0.2751443594695965
C02081,58,30139725.0,69,1,95,7379021.0,27,Mass,1,Personal Loan Offer,1,0.5846831812784584
C02082,25,14559891.0,10,4,12,5793343.0,30,Mass,0,Personal Loan Offer,0,0.23891540843129752
C02083,35,9528852.0,135,1,43,14851529.0,19,Priority,0,Personal Loan Offer,0,0.3353378395024024
C02084,51,7179569.0,18,2,22,40659455.0,26,Mass,1,Personal Loan Offer,0,0.31367179632643755
C02085,26,9062674.0,126,4,57,31203122.0,31,Mass,0,Personal Loan Offer,0,0.5951276299912371
C02086,50,6234459.0,106,2,64,181783122.0,30,Mass,0,Personal Loan Offer,0,0.41758181558101076
C02087,53,19507194.0,178,5,68,30901000.0,23,Affluent,0,Personal Loan Offer,0,0.716308762273648
C02088,50,7827894.0,64,1,82,14415313.0,21,Mass,0,Personal Loan Offer,0,0.5593289668652724
C02089,34,21897023.0,64,4,78,6439109.0,25,Affluent,1,Personal Loan Offer,0,0.7567958054568462
C02090,21,9626895.0,46,1,96,65115958.0,22,Mass,1,Personal Loan Offer,0,0.5370865388719046
C02091,60,6760278.0,98,5,50,19879142.0,23,Affluent,0,Personal Loan Offer,0,0.39583260159949213
C02092,35,9491919.0,42,5,25,4435288.0,22,Affluent,1,Personal Loan Offer,0,0.5273584995339167
C02093,57,3000000.0,23,5,24,20450204.0,19,Mass,1,Personal Loan Offer,0,0.31447190470999253
C02094,29,11228823.0,171,2,35,7389013.0,21,Priority,0,Personal Loan Offer,0,0.4607431037223604
C02095,28,10928140.0,123,2,64,13067063.0,31,Priority,0,Personal Loan Offer,1,0.44803725238326453
C02096,56,18887780.0,24,6,14,20124224.0,29,Mass,1,Personal Loan Offer,0,0.32886562812730535
C02097,63,4252210.0,113,5,96,8089397.0,21,Mass,0,Personal Loan Offer,0,0.5163967414877143
C02098,59,22735627.0,57,2,100,12281672.0,36,Affluent,0,Personal Loan Offer,1,0.48860044439244477
C02099,54,18844786.0,35,1,24,9503047.0,19,Affluent,0,Personal Loan Offer,0,0.24018168887443908
C02100,32,23891688.0,86,3,81,9761471.0,24,Affluent,0,Personal Loan Offer,0,0.4702863440287576
C02101,62,11657035.0,143,4,64,7298813.0,28,Affluent,1,Personal Loan Offer,0,0.61267878346328
C02102,51,20958618.0,3,3,53,12341502.0,20,Mass,0,Personal Loan Offer,0,0.29633152426125187
C02103,28,5342653.0,66,5,76,8174617.0,30,Affluent,0,Personal Loan Offer,1,0.5279093298506332
C02104,26,17762381.0,166,4,62,35956734.0,25,Mass,0,Personal Loan Offer,0,0.4942752906353005
C02105,60,7851991.0,73,6,39,24447607.0,13,Affluent,1,Personal Loan Offer,0,0.701916235785754
C02106,33,4838649.0,20,6,61,66052343.0,29,Mass,1,Personal Loan Offer,0,0.45473886026177407
C02107,55,6466464.0,79,3,22,131951663.0,28,Affluent,1,Personal Loan Offer,0,0.2234354988452916
C02108,27,12036561.0,124,6,33,39372094.0,33,Affluent,0,Personal Loan Offer,1,0.3607625176113579
C02109,33,7625837.0,180,3,98,31353293.0,17,Mass,0,Personal Loan Offer,1,0.43669365805223465
C02110,33,14757436.0,114,1,26,41932851.0,17,Affluent,0,Personal Loan Offer,0,0.23279656210185964
C02111,33,4438764.0,11,2,64,31890912.0,20,Affluent,1,Personal Loan Offer,1,0.7107993625330589
C02112,51,3724762.0,147,3,37,21029614.0,23,Mass,0,Personal Loan Offer,0,0.43437972248510814
C02113,62,25526567.0,141,6,52,19422000.0,26,Mass,0,Personal Loan Offer,1,0.51356908719048
C02114,61,19727167.0,118,5,32,7199865.0,27,Mass,1,Personal Loan Offer,0,0.649224581620834
C02115,54,6738204.0,162,1,61,46277312.0,24,Mass,0,Personal Loan Offer,0,0.2835779614442651
C02116,30,11980219.0,139,1,60,19383796.0,27,Affluent,1,Personal Loan Offer,0,0.3697198757707441
C02117,64,21023388.0,44,4,66,85221287.0,22,Mass,0,Personal Loan Offer,1,0.4648981438273091
C02118,45,15111665.0,77,4,38,49942292.0,23,Affluent,1,Personal Loan Offer,0,0.5838776106703107
C02119,45,13019254.0,93,5,62,10695046.0,25,Mass,0,Personal Loan Offer,0,0.5027174477724721
C02120,52,21916535.0,89,2,76,69576253.0,29,Mass,1,Personal Loan Offer,1,0.6794575430040068
C02121,55,8028637.0,116,5,75,1544948.0,31,Mass,0,Personal Loan Offer,0,0.6077193770704659
C02122,63,12207552.0,127,3,61,137821314.0,36,Mass,1,Personal Loan Offer,0,0.5933948854639493
C02123,47,11882775.0,21,3,37,5245062.0,22,Affluent,0,Personal Loan Offer,0,0.20837464991766397
C02124,48,10328298.0,104,3,58,32813646.0,27,Mass,0,Personal Loan Offer,0,0.23864904362878292
C02125,54,9684374.0,9,6,58,30665813.0,24,Affluent,1,Personal Loan Offer,1,0.3817078529710535
C02126,32,12490698.0,94,3,96,61525341.0,27,Affluent,1,Personal Loan Offer,1,0.5847263579686389
C02127,34,12229252.0,78,4,44,14397225.0,16,Mass,1,Personal Loan Offer,0,0.22763473439008033
C02128,49,6741426.0,39,6,39,2340147.0,20,Affluent,0,Personal Loan Offer,1,0.6440905211761692
C02129,23,18650900.0,179,1,78,14417523.0,21,Mass,0,Personal Loan Offer,0,0.4073796643406437
C02130,35,7013906.0,48,4,67,16063827.0,15,Affluent,1,Personal Loan Offer,0,0.5929792201713897
C02131,53,10642743.0,13,5,48,2576779.0,22,Mass,0,Personal Loan Offer,0,0.3845916974654063
C02132,64,10201170.0,66,6,10,20928333.0,21,Affluent,0,Personal Loan Offer,0,0.5041624829600727
C02133,44,14612300.0,137,1,74,6820145.0,28,Mass,0,Personal Loan Offer,0,0.21130812752342906
C02134,38,3741174.0,4,5,77,38275782.0,26,Mass,1,Personal Loan Offer,1,0.5418759318149552
C02135,40,19587802.0,90,5,94,15637198.0,25,Mass,1,Personal Loan Offer,1,0.7025534779784125
C02136,51,8269400.0,77,3,55,142142085.0,26,Mass,1,Personal Loan Offer,0,0.5006654852954887
C02137,45,23473837.0,157,5,56,15480074.0,22,Mass,0,Personal Loan Offer,0,0.4757136747504137
C02138,22,9224988.0,3,3,28,30757182.0,22,Mass,0,Personal Loan Offer,0,0.1582751987677388
C02139,45,11681924.0,6,4,51,16161967.0,36,Mass,0,Personal Loan Offer,1,0.5777091318688736
C02140,39,34380480.0,103,3,10,3945060.0,26,Mass,0,Personal Loan Offer,1,0.2744779815146779
C02141,52,10302336.0,34,2,55,16297623.0,21,Mass,1,Personal Loan Offer,0,0.327085567728573
C02142,60,23718945.0,128,5,74,42484772.0,37,Affluent,1,Personal Loan Offer,0,0.8621743694001094
C02143,64,12260484.0,52,2,81,36514961.0,26,Priority,1,Personal Loan Offer,1,0.6001978876208381
C02144,48,15080266.0,103,2,70,14916449.0,25,Mass,1,Personal Loan Offer,0,0.37400622129653527
C02145,37,12470725.0,9,6,83,4659817.0,24,Mass,0,Personal Loan Offer,0,0.5501889480459853
C02146,40,19129374.0,126,6,70,38099108.0,38,Mass,1,Personal Loan Offer,1,0.6985551674385193
C02147,28,8230644.0,95,4,80,30423607.0,25,Affluent,0,Personal Loan Offer,0,0.4901792550151351
C02148,63,6984406.0,3,4,49,46485625.0,23,Priority,0,Personal Loan Offer,0,0.5879513169426951
C02149,59,8445973.0,50,3,64,15204935.0,22,Mass,0,Personal Loan Offer,0,0.5625967359795244
C02150,59,12676468.0,13,4,68,3711208.0,22,Mass,1,Personal Loan Offer,0,0.4768440511727254
C02151,35,10627620.0,10,4,62,34106653.0,24,Mass,0,Personal Loan Offer,0,0.592459239473432
C02152,35,17735315.0,127,4,61,19817978.0,32,Mass,0,Personal Loan Offer,0,0.4918103426850227
C02153,59,24594162.0,79,4,81,80432317.0,27,Mass,0,Personal Loan Offer,1,0.513694474119027
C02154,45,7016016.0,145,4,31,20582996.0,36,Affluent,0,Personal Loan Offer,0,0.2438711905789731
C02155,52,8014359.0,48,6,38,19111025.0,28,Mass,0,Personal Loan Offer,0,0.486235330952969
C02156,43,5446510.0,130,5,57,30355774.0,22,Mass,0,Personal Loan Offer,0,0.5054299385678924
C02157,40,36657271.0,112,3,68,11009970.0,26,Affluent,1,Personal Loan Offer,0,0.7033819518054943
C02158,49,14189111.0,121,4,56,10491827.0,27,Affluent,1,Personal Loan Offer,0,0.6278935235193317
C02159,57,15623840.0,150,2,28,18134877.0,19,Mass,1,Personal Loan Offer,0,0.5273452354028071
C02160,36,5741911.0,128,2,84,7967143.0,21,Affluent,0,Personal Loan Offer,0,0.4399309801753116
C02161,57,11992281.0,135,5,59,15905052.0,25,Mass,0,Personal Loan Offer,0,0.5426897877390259
C02162,31,15878929.0,134,4,49,139113985.0,27,Mass,1,Personal Loan Offer,0,0.3829476011825367
C02163,39,10442562.0,82,1,89,56733564.0,20,Mass,0,Personal Loan Offer,0,0.5711153807683744
C02164,62,21683351.0,131,3,49,27215052.0,21,Mass,1,Personal Loan Offer,0,0.30454245126923046
C02165,63,42794679.0,152,6,24,94387584.0,29,Mass,1,Personal Loan Offer,0,0.6335179650121542
C02166,62,7127939.0,134,4,99,8765611.0,17,Affluent,0,Personal Loan Offer,1,0.5476438646198656
C02167,35,6839801.0,111,6,44,241331654.0,31,Affluent,1,Personal Loan Offer,1,0.6760180966209823
C02168,58,7404892.0,16,4,91,12619330.0,23,Mass,0,Personal Loan Offer,1,0.7010805812583243
C02169,63,29029605.0,80,1,57,148344633.0,28,Mass,0,Personal Loan Offer,0,0.25612954870505306
C02170,65,21289246.0,14,2,32,147692930.0,24,Mass,1,Personal Loan Offer,0,0.21195149971162733
C02171,21,11138041.0,21,1,44,3464272.0,25,Mass,1,Personal Loan Offer,0,0.32392946677030277
C02172,54,12243736.0,67,5,92,86732131.0,21,Affluent,1,Personal Loan Offer,1,0.696822289501157
C02173,65,7658435.0,85,5,95,15056701.0,25,Mass,0,Personal Loan Offer,0,0.5828222935628546
C02174,55,19578296.0,96,3,22,11333510.0,26,Mass,0,Personal Loan Offer,1,0.26796131645360916
C02175,31,9737269.0,163,5,99,33796944.0,29,Mass,1,Personal Loan Offer,1,0.5465313020210039
C02176,55,10400611.0,138,4,87,7299581.0,29,Affluent,1,Personal Loan Offer,0,0.6634955979105754
C02177,25,16772506.0,78,5,68,33040344.0,21,Mass,0,Personal Loan Offer,0,0.42233261978839376
C02178,42,10821224.0,62,5,26,7806352.0,28,Mass,1,Personal Loan Offer,0,0.4216338763892202
C02179,49,10545248.0,129,3,63,23874515.0,25,Mass,0,Personal Loan Offer,0,0.3672204289547854
C02180,41,12070000.0,51,4,48,76027480.0,30,Affluent,0,Personal Loan Offer,0,0.451879816254599
C02181,52,18584950.0,160,2,21,29436936.0,26,Mass,0,Personal Loan Offer,1,0.42077371921104517
C02182,31,29680131.0,142,5,99,13956435.0,21,Mass,1,Personal Loan Offer,1,0.7771204888683152
C02183,48,16558906.0,124,6,64,34368601.0,28,Mass,0,Personal Loan Offer,0,0.4539282880218093
C02184,50,18666481.0,47,2,18,4900082.0,35,Mass,0,Personal Loan Offer,0,0.20455703931996927
C02185,49,10750873.0,113,5,41,8644052.0,27,Mass,0,Personal Loan Offer,0,0.5266513425261499
C02186,34,8130463.0,149,1,86,13006669.0,29,Mass,0,Personal Loan Offer,1,0.28177851962521283
C02187,34,17194664.0,15,3,50,43929344.0,25,Priority,1,Personal Loan Offer,0,0.6959046032509253
C02188,32,13185122.0,34,5,55,30010011.0,27,Affluent,1,Personal Loan Offer,0,0.5717040269378197
C02189,41,5487435.0,94,2,22,34154650.0,26,Mass,1,Personal Loan Offer,0,0.20513250390858695
C02190,47,10018850.0,66,2,20,19459779.0,21,Mass,0,Personal Loan Offer,0,0.25180431463505215
C02191,37,11465165.0,129,3,98,9094162.0,20,Mass,1,Personal Loan Offer,0,0.7122442680862251
C02192,39,9062589.0,74,1,96,88574961.0,19,Priority,0,Personal Loan Offer,0,0.33624036112813344
C02193,33,27108877.0,180,4,18,9953645.0,31,Mass,0,Personal Loan Offer,0,0.49135517307660354
C02194,30,15624155.0,56,1,59,30409992.0,29,Mass,1,Personal Loan Offer,0,0.5197728046096686
C02195,50,25537625.0,67,2,71,17879014.0,22,Affluent,1,Personal Loan Offer,1,0.4870258332058813
C02196,57,13870864.0,3,2,90,35118408.0,25,Mass,1,Personal Loan Offer,1,0.5030663325437562
C02197,34,12549364.0,47,6,60,10916171.0,30,Mass,0,Personal Loan Offer,1,0.5667592073319037
C02198,59,7169084.0,44,6,89,57306235.0,21,Mass,1,Personal Loan Offer,0,0.712461763735539
C02199,46,12078994.0,138,1,21,79361248.0,25,Mass,0,Personal Loan Offer,0,0.18490046124180212
C02200,28,12086466.0,63,1,11,53895951.0,26,Mass,0,Personal Loan Offer,0,0.21573229425982443
C02201,37,5657567.0,39,5,52,23414549.0,23,Priority,1,Personal Loan Offer,0,0.5518187831589882
C02202,21,8918846.0,58,2,34,12943672.0,31,Mass,0,Personal Loan Offer,0,0.38133119089882567
C02203,22,10045263.0,103,4,78,336246344.0,25,Affluent,1,Personal Loan Offer,1,0.8782407953783246
C02204,36,15064190.0,142,6,40,7419471.0,24,Mass,1,Personal Loan Offer,0,0.3804851502760273
C02205,41,15466080.0,177,1,47,48277317.0,24,Affluent,1,Personal Loan Offer,1,0.3918507089276526
C02206,56,8716184.0,11,6,58,27896944.0,28,Affluent,1,Personal Loan Offer,0,0.4970747824417828
C02207,27,15530175.0,152,1,97,18787558.0,35,Affluent,1,Personal Loan Offer,0,0.5221988179889141
C02208,58,10856492.0,72,2,16,24068290.0,24,Affluent,0,Personal Loan Offer,0,0.19638562653003172
C02209,31,3000000.0,146,4,60,12007326.0,25,Mass,0,Personal Loan Offer,1,0.2653325956056124
C02210,27,9191880.0,9,6,45,30654756.0,25,Affluent,1,Personal Loan Offer,0,0.6790301983976201
C02211,52,21722539.0,114,4,13,27455232.0,22,Affluent,0,Personal Loan Offer,0,0.420534131741274
C02212,55,4758410.0,168,1,84,291018109.0,21,Mass,0,Personal Loan Offer,0,0.48586763500473734
C02213,48,12767295.0,9,2,93,58355551.0,33,Mass,1,Personal Loan Offer,0,0.43235491086637484
C02214,26,28697222.0,143,5,25,33502332.0,19,Priority,0,Personal Loan Offer,1,0.5172522252101738
C02215,26,7897684.0,23,4,79,35562482.0,24,Affluent,0,Personal Loan Offer,0,0.44290013113976157
C02216,38,12014192.0,177,1,73,125872555.0,27,Mass,1,Personal Loan Offer,0,0.4267378282720134
C02217,41,5857352.0,135,4,74,7578427.0,35,Affluent,0,Personal Loan Offer,0,0.6175056335790866
C02218,65,29367358.0,165,3,51,16659815.0,15,Affluent,0,Personal Loan Offer,1,0.41973823604276655
C02219,33,11462418.0,162,1,39,2970094.0,31,Mass,0,Personal Loan Offer,0,0.22180438840037017
C02220,29,12311717.0,59,2,16,34970544.0,26,Mass,0,Personal Loan Offer,0,0.21099517882538654
C02221,63,25273891.0,77,6,13,46707559.0,18,Mass,0,Personal Loan Offer,0,0.49793323172477055
C02222,27,17265664.0,126,5,26,7390033.0,17,Mass,0,Personal Loan Offer,0,0.3990682843466687
C02223,22,7413561.0,34,1,58,83999621.0,28,Mass,0,Personal Loan Offer,0,0.19862740198471082
C02224,40,8405647.0,57,1,22,9745955.0,29,Priority,0,Personal Loan Offer,0,0.4105650089103976
C02225,39,15754387.0,20,3,72,14200315.0,22,Affluent,0,Personal Loan Offer,0,0.6045501550783786
C02226,48,8513389.0,161,3,66,22540151.0,17,Affluent,1,Personal Loan Offer,1,0.5092477574572388
C02227,60,3745005.0,47,3,41,98487401.0,27,Mass,0,Personal Loan Offer,0,0.559069485741638
C02228,62,11653706.0,76,5,17,8478508.0,25,Mass,0,Personal Loan Offer,0,0.3462399350766434
C02229,34,5316364.0,83,2,57,26761904.0,21,Mass,0,Personal Loan Offer,0,0.40763603783434765
C02230,65,29191034.0,69,1,84,43404800.0,23,Affluent,1,Personal Loan Offer,1,0.6137409339830353
C02231,49,13225408.0,141,5,45,35311279.0,17,Mass,1,Personal Loan Offer,1,0.5474053703721224
C02232,24,7294060.0,165,6,83,36639735.0,30,Mass,0,Personal Loan Offer,0,0.5972625541462957
C02233,63,8171552.0,104,2,36,42829730.0,29,Affluent,0,Personal Loan Offer,0,0.2955009213343472
C02234,27,4244984.0,151,3,17,11484629.0,24,Mass,0,Personal Loan Offer,0,0.3646614924885612
C02235,47,6554833.0,22,4,69,108149233.0,21,Mass,0,Personal Loan Offer,0,0.6081785781433587
C02236,56,20986606.0,175,1,90,17896101.0,28,Mass,1,Personal Loan Offer,1,0.6523449928561968
C02237,32,40951524.0,23,6,90,15672131.0,24,Priority,1,Personal Loan Offer,1,0.8334540872394004
C02238,33,17893271.0,14,2,97,76965539.0,26,Mass,1,Personal Loan Offer,1,0.35953342851532294
C02239,42,11407639.0,6,4,19,10645800.0,20,Mass,0,Personal Loan Offer,0,0.32596625680777647
C02240,60,9462428.0,46,3,13,27550218.0,28,Priority,0,Personal Loan Offer,0,0.3726627980212021
C02241,31,7091054.0,152,5,61,9707489.0,22,Priority,1,Personal Loan Offer,1,0.7319530832338516
C02242,50,37254692.0,56,2,96,248382051.0,23,Mass,0,Personal Loan Offer,1,0.7546959128410546
C02243,41,10816739.0,143,1,100,201217576.0,29,Affluent,0,Personal Loan Offer,0,0.6779356921982702
C02244,26,38417115.0,78,4,35,17912366.0,27,Priority,1,Personal Loan Offer,1,0.3179148148909132
C02245,52,25824984.0,21,6,44,33635749.0,30,Mass,1,Personal Loan Offer,1,0.4323580693489348
C02246,58,4606501.0,87,4,70,20104267.0,25,Affluent,0,Personal Loan Offer,0,0.4965576206285463
C02247,46,8319755.0,44,5,93,14113514.0,30,Mass,0,Personal Loan Offer,1,0.5809939249357879
C02248,28,8305615.0,54,3,25,22541629.0,24,Affluent,1,Personal Loan Offer,0,0.3694428305919042
C02249,28,11484418.0,95,1,98,19204235.0,30,Mass,1,Personal Loan Offer,0,0.6803105455829617
C02250,40,11608456.0,143,3,84,4371319.0,31,Affluent,0,Personal Loan Offer,0,0.6760908223794185
C02251,43,62354644.0,107,6,16,26017141.0,30,Affluent,1,Personal Loan Offer,0,0.4842980325664642
C02252,45,6635482.0,42,5,86,19171780.0,35,Mass,0,Personal Loan Offer,0,0.5006364308762701
C02253,31,13610480.0,130,5,68,27328572.0,22,Affluent,1,Personal Loan Offer,0,0.47986711726784387
C02254,43,16843855.0,126,2,99,18508211.0,24,Mass,0,Personal Loan Offer,0,0.534286867124813
C02255,34,11989629.0,45,4,29,13948792.0,26,Mass,1,Personal Loan Offer,0,0.4507116486825867
C02256,51,12749677.0,154,4,100,47973191.0,19,Priority,1,Personal Loan Offer,1,0.7998218125216345
C02257,56,6754857.0,153,4,14,34085316.0,27,Priority,0,Personal Loan Offer,0,0.3554030512947217
C02258,50,12723797.0,110,6,16,80784052.0,34,Affluent,1,Personal Loan Offer,0,0.46687876386487936
C02259,21,15897726.0,55,5,50,32801100.0,29,Affluent,1,Personal Loan Offer,1,0.7377649597126453
C02260,65,14369199.0,66,2,69,16413854.0,22,Mass,1,Personal Loan Offer,0,0.2603356180058884
C02261,22,16420280.0,81,2,25,37058613.0,21,Mass,0,Personal Loan Offer,0,0.35260170954425024
C02262,65,26097538.0,36,4,34,2759692.0,21,Affluent,1,Personal Loan Offer,1,0.5258842172945061
C02263,22,20090323.0,57,6,45,163925517.0,31,Affluent,1,Personal Loan Offer,1,0.576468867055949
C02264,44,12479892.0,26,6,21,26314297.0,24,Mass,0,Personal Loan Offer,0,0.3944171497500365
C02265,25,6299307.0,30,4,26,177716248.0,22,Mass,1,Personal Loan Offer,1,0.40411366012936345
C02266,25,8627060.0,135,4,23,8384521.0,28,Affluent,0,Personal Loan Offer,1,0.34927985372950515
C02267,51,10634565.0,25,5,96,6540979.0,24,Mass,1,Personal Loan Offer,0,0.5490167763022781
C02268,53,13786597.0,86,6,95,28834298.0,28,Affluent,0,Personal Loan Offer,1,0.6522472542074867
C02269,26,9224137.0,79,1,67,28739343.0,29,Mass,0,Personal Loan Offer,0,0.6117415932133793
C02270,64,7172494.0,11,2,72,28049675.0,21,Mass,0,Personal Loan Offer,0,0.36335491786588686
C02271,35,6242604.0,150,3,22,24084259.0,28,Mass,0,Personal Loan Offer,1,0.3102956919213074
C02272,35,4839246.0,178,4,14,10671911.0,28,Affluent,1,Personal Loan Offer,0,0.4351921078630604
C02273,34,10545337.0,116,2,44,4528435.0,15,Priority,0,Personal Loan Offer,0,0.39171035090315465
C02274,41,5347294.0,122,2,99,26546100.0,19,Mass,0,Personal Loan Offer,0,0.5107368324165021
C02275,29,6921396.0,44,1,53,5546351.0,33,Priority,0,Personal Loan Offer,0,0.5008552486099692
C02276,40,9662579.0,153,1,83,5046657.0,23,Mass,1,Personal Loan Offer,1,0.3264087505681272
C02277,30,5755478.0,142,3,43,13668590.0,31,Mass,0,Personal Loan Offer,0,0.2068761573098631
C02278,23,14787324.0,80,6,38,30765418.0,29,Affluent,1,Personal Loan Offer,1,0.4469095483521273
C02279,37,18029861.0,128,2,83,145983195.0,22,Mass,1,Personal Loan Offer,0,0.7176788747447108
C02280,51,8870417.0,173,2,52,53249668.0,29,Mass,1,Personal Loan Offer,1,0.30550693900390347
C02281,55,9436089.0,110,2,76,83843323.0,29,Affluent,1,Personal Loan Offer,0,0.5426502451859145
C02282,36,16126970.0,38,6,76,38451356.0,29,Mass,0,Personal Loan Offer,0,0.4593956875957933
C02283,35,8102797.0,61,4,76,28863736.0,22,Affluent,1,Personal Loan Offer,1,0.7221763925137664
C02284,56,7802179.0,35,4,71,245064781.0,21,Mass,0,Personal Loan Offer,0,0.4991604451633099
C02285,51,23172838.0,62,2,83,5327471.0,27,Mass,0,Personal Loan Offer,1,0.45422771051516425
C02286,58,19515517.0,161,6,52,13230198.0,26,Mass,1,Personal Loan Offer,0,0.5168379324975806
C02287,61,16705853.0,36,2,37,14304190.0,19,Mass,0,Personal Loan Offer,0,0.6170067842292268
C02288,57,19965608.0,161,6,56,48876138.0,23,Affluent,1,Personal Loan Offer,0,0.6622505804035811
C02289,63,4044684.0,53,6,39,7515410.0,20,Mass,0,Personal Loan Offer,0,0.40658600029180236
C02290,39,25267430.0,91,4,13,42912445.0,24,Affluent,0,Personal Loan Offer,0,0.13382219226017497
C02291,38,14887781.0,97,6,42,35708263.0,28,Mass,1,Personal Loan Offer,1,0.655044648708547
C02292,35,20922736.0,25,6,55,45108906.0,34,Mass,1,Personal Loan Offer,1,0.4853106679612136
C02293,31,14847710.0,35,4,57,44298700.0,26,Affluent,0,Personal Loan Offer,1,0.4254879934702995
C02294,54,12327288.0,57,5,40,93135173.0,29,Mass,0,Personal Loan Offer,0,0.3617273649013351
C02295,53,10313839.0,13,4,76,19039634.0,31,Mass,1,Personal Loan Offer,1,0.702955911684206
C02296,57,14685139.0,137,4,35,33984012.0,30,Mass,0,Personal Loan Offer,0,0.3895333148485806
C02297,28,10109194.0,100,3,68,9575263.0,28,Mass,1,Personal Loan Offer,0,0.2814859290717116
C02298,43,19341219.0,153,4,34,7621226.0,26,Mass,0,Personal Loan Offer,1,0.3669988430286144
C02299,30,5014609.0,156,2,99,116811446.0,21,Priority,1,Personal Loan Offer,0,0.5393031119032698
C02300,61,8908803.0,64,2,69,8878330.0,20,Mass,0,Personal Loan Offer,0,0.44760967715703287
C02301,33,36949771.0,148,2,60,37979417.0,15,Mass,1,Personal Loan Offer,0,0.40236266367980367
C02302,27,8504219.0,13,1,49,34014098.0,25,Mass,0,Personal Loan Offer,0,0.17264668637319427
C02303,46,10523708.0,79,6,78,64761622.0,28,Affluent,1,Personal Loan Offer,1,0.664257536942151
C02304,60,7385267.0,121,2,48,3809628.0,33,Mass,0,Personal Loan Offer,1,0.3424610983416296
C02305,62,14434509.0,85,5,83,48761412.0,20,Mass,0,Personal Loan Offer,1,0.43668007061546343
C02306,25,8004156.0,134,3,24,18872395.0,15,Mass,0,Personal Loan Offer,0,0.12597770807670494
C02307,35,10835423.0,155,3,84,10977230.0,28,Affluent,1,Personal Loan Offer,0,0.6130644082645952
C02308,27,19140055.0,78,2,97,15563287.0,27,Mass,0,Personal Loan Offer,1,0.5185829840776452
C02309,34,8170963.0,51,5,32,56401912.0,23,Affluent,0,Personal Loan Offer,0,0.4256119640304081
C02310,45,18516140.0,106,4,30,41553128.0,26,Mass,0,Personal Loan Offer,0,0.4726542064126817
C02311,33,18861688.0,157,3,96,17598415.0,30,Priority,1,Personal Loan Offer,1,0.464519225796094
C02312,24,21437302.0,178,4,46,6402092.0,17,Priority,0,Personal Loan Offer,0,0.5434304916843602
C02313,43,12964362.0,148,5,73,6870162.0,27,Affluent,0,Personal Loan Offer,0,0.6897700512986508
C02314,23,71350128.0,46,4,27,42468492.0,23,Affluent,1,Personal Loan Offer,0,0.5589987033868784
C02315,31,21432323.0,39,3,48,5573314.0,27,Mass,0,Personal Loan Offer,0,0.257334008818927
C02316,21,14347696.0,104,6,73,17771175.0,18,Affluent,1,Personal Loan Offer,0,0.5601451894135685
C02317,24,7412355.0,74,6,91,292014775.0,29,Mass,0,Personal Loan Offer,0,0.6509071963991485
C02318,40,11376208.0,111,6,49,31667569.0,23,Affluent,1,Personal Loan Offer,1,0.3634377950044239
C02319,59,26295202.0,167,1,16,42013100.0,29,Mass,0,Personal Loan Offer,0,0.3017541472790621
C02320,55,30727275.0,100,6,47,6921946.0,19,Affluent,1,Personal Loan Offer,1,0.593525422825572
C02321,25,27058134.0,66,2,68,5861647.0,17,Mass,0,Personal Loan Offer,0,0.3692368441179233
C02322,22,18481356.0,157,4,89,44325242.0,24,Affluent,0,Personal Loan Offer,0,0.7551796412914374
C02323,36,6015224.0,81,4,85,15080165.0,28,Mass,1,Personal Loan Offer,0,0.48094992096285416
C02324,50,15687209.0,110,2,79,64673644.0,31,Mass,0,Personal Loan Offer,0,0.6724760106593921
C02325,54,6062579.0,27,1,25,23077671.0,24,Mass,0,Personal Loan Offer,0,0.21016296828541742
C02326,58,5295183.0,93,6,57,500000000.0,17,Affluent,1,Personal Loan Offer,0,0.5429616619112798
C02327,36,13686965.0,78,6,62,12471081.0,27,Mass,1,Personal Loan Offer,1,0.4401115981142196
C02328,28,16001242.0,24,2,52,29513973.0,14,Priority,0,Personal Loan Offer,1,0.4777940998173994
C02329,22,19722578.0,40,4,93,9039344.0,25,Affluent,0,Personal Loan Offer,0,0.5373213765774013
C02330,27,15773504.0,128,1,97,62042044.0,20,Affluent,1,Personal Loan Offer,0,0.5811072405760543
C02331,23,16075220.0,35,4,29,34337727.0,43,Priority,1,Personal Loan Offer,0,0.4644468193742189
C02332,59,6982086.0,26,2,97,8453178.0,27,Mass,0,Personal Loan Offer,0,0.46273607813099976
C02333,33,11326776.0,13,5,87,16094014.0,28,Affluent,1,Personal Loan Offer,1,0.6578191612428195
C02334,58,5238276.0,7,4,74,87144447.0,25,Mass,0,Personal Loan Offer,0,0.63497765622722
C02335,45,3987058.0,80,3,44,77280478.0,25,Mass,1,Personal Loan Offer,0,0.3006720073806135
C02336,45,18034023.0,89,5,79,5372733.0,29,Mass,0,Personal Loan Offer,1,0.6178206713478549
C02337,41,7930279.0,114,3,63,13870477.0,27,Mass,1,Personal Loan Offer,0,0.4852034134339118
C02338,57,19390453.0,104,1,91,136609847.0,21,Mass,0,Personal Loan Offer,0,0.36209391082617615
C02339,22,22076150.0,98,4,74,18700579.0,39,Mass,1,Personal Loan Offer,1,0.6376376233210947
C02340,25,8535911.0,180,5,97,26553320.0,31,Priority,1,Personal Loan Offer,1,0.8087670908050016
C02341,40,16602906.0,47,3,48,61723466.0,31,Mass,1,Personal Loan Offer,1,0.5388857465375076
C02342,38,8341728.0,129,2,17,5833228.0,29,Priority,0,Personal Loan Offer,0,0.2302279779681713
C02343,45,4347814.0,17,1,54,8636823.0,27,Affluent,0,Personal Loan Offer,1,0.2614423286555355
C02344,54,12842074.0,154,2,100,15991114.0,22,Affluent,0,Personal Loan Offer,0,0.5896024901960635
C02345,47,9262056.0,67,5,69,73726028.0,22,Affluent,1,Personal Loan Offer,1,0.5812423241488953
C02346,32,9420213.0,64,2,73,61282702.0,31,Priority,0,Personal Loan Offer,0,0.5685294634194658
C02347,35,35564408.0,27,6,66,45399389.0,23,Mass,1,Personal Loan Offer,0,0.5898456079750746
C02348,54,5184562.0,93,2,63,19231938.0,17,Mass,0,Personal Loan Offer,0,0.39017863858685903
C02349,30,14812713.0,74,3,15,68395157.0,33,Mass,0,Personal Loan Offer,0,0.1092204087207526
C02350,43,6943199.0,176,5,47,18974331.0,32,Mass,0,Personal Loan Offer,1,0.5350513285532479
C02351,45,19775631.0,34,4,17,39397418.0,19,Mass,0,Personal Loan Offer,0,0.5039269639720958
C02352,54,14140511.0,77,1,40,55024099.0,20,Mass,0,Personal Loan Offer,1,0.24097937556906276
C02353,53,14784008.0,163,1,75,120608811.0,28,Priority,1,Personal Loan Offer,0,0.5844659637954165
C02354,41,7136464.0,146,2,83,20892864.0,14,Mass,0,Personal Loan Offer,0,0.6460624533310116
C02355,34,7876103.0,139,6,30,15380832.0,27,Priority,1,Personal Loan Offer,0,0.5364571620904671
C02356,37,19983250.0,96,1,69,80705573.0,25,Mass,1,Personal Loan Offer,0,0.46260669939572036
C02357,39,31780262.0,158,1,30,87145998.0,28,Affluent,1,Personal Loan Offer,0,0.6105548981491472
C02358,30,15628184.0,42,5,28,12837336.0,24,Mass,0,Personal Loan Offer,0,0.6409076857980951
C02359,49,7325235.0,147,4,97,7320646.0,31,Priority,1,Personal Loan Offer,0,0.579838073920203
C02360,30,14459084.0,106,6,65,74796174.0,24,Affluent,1,Personal Loan Offer,0,0.5859090501200813
C02361,50,45604950.0,65,2,27,4280222.0,28,Mass,1,Personal Loan Offer,0,0.4817346744652462
C02362,54,12695393.0,41,4,22,4067103.0,28,Priority,1,Personal Loan Offer,0,0.5033905980181288
C02363,64,26813865.0,95,1,14,16902088.0,22,Mass,0,Personal Loan Offer,0,0.3156142842371646
C02364,26,7986283.0,3,4,55,22157410.0,34,Priority,0,Personal Loan Offer,1,0.2605705665534876
C02365,55,11725422.0,130,1,19,6929448.0,38,Mass,0,Personal Loan Offer,1,0.10997489020488861
C02366,24,16872204.0,44,6,63,24968040.0,26,Mass,1,Personal Loan Offer,0,0.7631531924927769
C02367,36,14930965.0,72,3,49,26106971.0,19,Mass,1,Personal Loan Offer,0,0.4816594075995902
C02368,28,7872635.0,37,2,67,12370868.0,20,Affluent,0,Personal Loan Offer,0,0.49810659206362234
C02369,28,7688087.0,85,6,28,152810173.0,31,Affluent,0,Personal Loan Offer,0,0.3593103425372995
C02370,28,20665447.0,69,1,23,30737810.0,28,Affluent,0,Personal Loan Offer,0,0.2753103229655949
C02371,22,23109865.0,36,5,19,61819652.0,22,Mass,0,Personal Loan Offer,0,0.45729979649982205
C02372,58,27566068.0,161,4,18,4662348.0,29,Mass,0,Personal Loan Offer,0,0.22191315432301212
C02373,23,32364703.0,138,5,16,4622291.0,23,Mass,0,Personal Loan Offer,1,0.3130087279597676
C02374,38,12922207.0,72,2,33,31683463.0,24,Mass,1,Personal Loan Offer,0,0.3448582764593062
C02375,52,10112245.0,13,6,82,127815774.0,28,Mass,1,Personal Loan Offer,0,0.7079094667905554
C02376,65,25227929.0,153,3,65,7284847.0,36,Mass,0,Personal Loan Offer,1,0.4404754341277487
C02377,59,17762593.0,127,3,32,23083289.0,32,Mass,1,Personal Loan Offer,0,0.47777965092855407
C02378,27,6990529.0,101,3,94,5816135.0,26,Affluent,0,Personal Loan Offer,1,0.7062021520551308
C02379,65,6796495.0,110,2,79,9748463.0,26,Mass,1,Personal Loan Offer,0,0.24730362545489767
C02380,50,15728404.0,4,2,80,24260356.0,20,Priority,1,Personal Loan Offer,1,0.7585155371530239
C02381,29,10885217.0,87,1,91,12220576.0,29,Affluent,0,Personal Loan Offer,0,0.6719083589770113
C02382,41,11826824.0,36,3,77,5420610.0,26,Affluent,0,Personal Loan Offer,1,0.5764177122268862
C02383,62,21645552.0,118,3,97,5300571.0,15,Affluent,1,Personal Loan Offer,1,0.6144051370271771
C02384,38,18217398.0,168,3,40,3033522.0,32,Mass,1,Personal Loan Offer,0,0.4805125136584412
C02385,29,24936608.0,97,6,87,32211260.0,34,Priority,1,Personal Loan Offer,1,0.821579978228367
C02386,60,4147732.0,110,1,20,36354329.0,24,Mass,0,Personal Loan Offer,0,0.1960315113745303
C02387,63,13794576.0,121,6,37,36172013.0,22,Mass,1,Personal Loan Offer,1,0.6529938541525463
C02388,64,17583929.0,168,6,91,8057122.0,27,Affluent,0,Personal Loan Offer,1,0.4730032130850148
C02389,64,5182484.0,9,1,22,54690147.0,33,Affluent,1,Personal Loan Offer,0,0.22582538099189184
C02390,60,8370504.0,58,5,55,40548993.0,22,Mass,0,Personal Loan Offer,0,0.5279282451009741
C02391,41,7558251.0,50,2,40,20146422.0,22,Affluent,1,Personal Loan Offer,1,0.3552086967057392
C02392,29,12144066.0,130,1,19,17097009.0,25,Affluent,0,Personal Loan Offer,1,0.3522671101930473
C02393,48,29377419.0,82,6,31,10450155.0,20,Mass,0,Personal Loan Offer,0,0.30780828568555474
C02394,30,36500678.0,140,1,58,24237332.0,23,Priority,1,Personal Loan Offer,1,0.4979001592368772
C02395,42,7667944.0,87,2,67,100784047.0,38,Mass,1,Personal Loan Offer,0,0.5907109486496753
C02396,50,16030820.0,176,1,71,62401474.0,22,Affluent,0,Personal Loan Offer,0,0.2968544135217716
C02397,63,16317619.0,139,1,21,15479582.0,23,Affluent,0,Personal Loan Offer,1,0.26571148651710297
C02398,34,14851499.0,6,1,39,34272858.0,31,Mass,0,Personal Loan Offer,0,0.25476734753759045
C02399,32,14944532.0,178,6,19,6647908.0,35,Affluent,0,Personal Loan Offer,0,0.5192402941354327
C02400,54,14181879.0,172,1,10,41504400.0,29,Mass,1,Personal Loan Offer,0,0.25656174848953894
C02401,21,30358308.0,10,5,45,8713514.0,20,Affluent,1,Personal Loan Offer,1,0.5623466444054902
C02402,46,22004858.0,72,1,66,39884502.0,19,Affluent,1,Personal Loan Offer,0,0.4236096537083132
C02403,54,6698087.0,175,6,43,389476864.0,29,Affluent,1,Personal Loan Offer,0,0.6188193671188686
C02404,45,18588688.0,152,6,13,11310368.0,24,Priority,1,Personal Loan Offer,1,0.4732551392353321
C02405,38,19603576.0,86,4,30,371866747.0,29,Mass,1,Personal Loan Offer,1,0.4590150584849812
C02406,58,14269704.0,99,5,49,32667077.0,22,Mass,0,Personal Loan Offer,1,0.643392762482554
C02407,37,22358131.0,8,2,42,9450868.0,26,Mass,1,Personal Loan Offer,0,0.23391673668232027
C02408,52,13307761.0,103,5,85,9027506.0,27,Affluent,1,Personal Loan Offer,1,0.6952216873420474
C02409,41,13398783.0,121,2,64,212871326.0,22,Mass,0,Personal Loan Offer,0,0.3356619045007279
C02410,22,12827470.0,66,4,100,32744040.0,26,Mass,0,Personal Loan Offer,0,0.8128894080801249
C02411,44,3954572.0,57,6,25,11354106.0,27,Mass,0,Personal Loan Offer,1,0.39968272364826485
C02412,23,11480932.0,150,5,43,16318047.0,27,Affluent,1,Personal Loan Offer,0,0.34853632643150884
C02413,62,8309246.0,82,2,17,30769011.0,24,Affluent,0,Personal Loan Offer,0,0.26961955737607746
C02414,48,6248618.0,49,5,11,19826345.0,26,Affluent,1,Personal Loan Offer,0,0.21949157069699
C02415,37,26406672.0,69,6,94,28265202.0,25,Mass,1,Personal Loan Offer,1,0.6308122647972444
C02416,42,15834970.0,90,6,54,117841815.0,22,Priority,1,Personal Loan Offer,1,0.7200991364561486
C02417,48,11804721.0,49,5,70,6473789.0,19,Affluent,1,Personal Loan Offer,1,0.7359651838767722
C02418,32,8795716.0,102,5,35,38105651.0,25,Mass,0,Personal Loan Offer,0,0.5387189921273297
C02419,33,14122933.0,156,5,14,18593920.0,24,Mass,0,Personal Loan Offer,0,0.3286651701859399
C02420,39,20701300.0,135,5,91,12142199.0,27,Priority,1,Personal Loan Offer,1,0.7909020581536983
C02421,32,7614661.0,44,1,69,58434498.0,17,Priority,1,Personal Loan Offer,0,0.5803523911176803
C02422,55,11968175.0,86,5,74,4638109.0,30,Mass,1,Personal Loan Offer,1,0.7978089014111267
C02423,25,19343244.0,99,2,58,1876295.0,21,Affluent,0,Personal Loan Offer,0,0.38102968155276595
C02424,58,4137559.0,124,4,46,25034761.0,18,Priority,1,Personal Loan Offer,0,0.6716985787827504
C02425,36,11625992.0,137,3,48,17418843.0,31,Mass,1,Personal Loan Offer,0,0.27431667521988834
C02426,46,9476323.0,89,2,79,5170064.0,27,Mass,0,Personal Loan Offer,0,0.6009290044245071
C02427,28,11148447.0,59,2,30,3615318.0,31,Affluent,0,Personal Loan Offer,0,0.2828654103708348
C02428,38,9106705.0,120,1,41,137877506.0,25,Mass,1,Personal Loan Offer,0,0.24167917722442794
C02429,54,12943583.0,25,3,37,31777139.0,25,Affluent,0,Personal Loan Offer,0,0.3755681239464756
C02430,33,34567074.0,122,3,57,20396799.0,23,Mass,0,Personal Loan Offer,0,0.3856025578448983
C02431,26,10041729.0,162,3,98,179644012.0,24,Mass,1,Personal Loan Offer,0,0.6473036186060738
C02432,44,14088343.0,129,1,93,55578407.0,26,Mass,0,Personal Loan Offer,0,0.6422978549034124
C02433,28,35945977.0,80,4,59,117332178.0,14,Affluent,1,Personal Loan Offer,1,0.33696915275361977
C02434,35,8867546.0,149,2,28,6145858.0,20,Mass,1,Personal Loan Offer,0,0.25061041754194496
C02435,41,32556534.0,97,6,95,5920019.0,25,Mass,0,Personal Loan Offer,0,0.5933244407421568
C02436,46,12035183.0,99,1,38,37069981.0,25,Mass,0,Personal Loan Offer,0,0.38943837323584934
C02437,49,31974847.0,154,1,42,30272251.0,24,Mass,1,Personal Loan Offer,1,0.5232693181709339
C02438,51,18129080.0,37,2,90,69783271.0,20,Affluent,0,Personal Loan Offer,0,0.5616922321128827
C02439,58,14208157.0,141,3,33,3915501.0,21,Mass,0,Personal Loan Offer,0,0.25642560555396066
C02440,23,11574562.0,123,6,52,40420201.0,28,Mass,1,Personal Loan Offer,1,0.3255615081419086
C02441,37,8513762.0,97,4,93,53785338.0,25,Mass,1,Personal Loan Offer,0,0.7891762106068002
C02442,21,12510797.0,16,3,38,51004014.0,30,Mass,1,Personal Loan Offer,1,0.5288425226017686
C02443,21,19657431.0,139,6,66,13316953.0,18,Mass,0,Personal Loan Offer,1,0.330178094290474
C02444,30,11913776.0,41,2,13,33593999.0,29,Mass,0,Personal Loan Offer,1,0.316033003981001
C02445,47,10082126.0,162,6,100,9208023.0,27,Affluent,1,Personal Loan Offer,0,0.6068773730932375
C02446,61,10453912.0,144,3,48,14921247.0,34,Mass,0,Personal Loan Offer,0,0.3377387939893778
C02447,55,20713150.0,67,2,70,7048367.0,29,Mass,0,Personal Loan Offer,0,0.3127408499561806
C02448,50,23541044.0,80,2,55,9365817.0,31,Mass,0,Personal Loan Offer,0,0.20809013561954195
C02449,56,8314275.0,7,1,49,15717425.0,16,Affluent,0,Personal Loan Offer,0,0.3427921446286156
C02450,28,8307704.0,91,5,46,12241056.0,21,Mass,1,Personal Loan Offer,0,0.6607000973895012
C02451,58,14784126.0,13,4,11,9364639.0,25,Affluent,1,Personal Loan Offer,1,0.2559397228727957
C02452,61,27800369.0,178,4,35,5452833.0,29,Priority,1,Personal Loan Offer,1,0.6447797776976008
C02453,25,22537967.0,116,4,44,142142214.0,17,Mass,0,Personal Loan Offer,0,0.5789660347762035
C02454,42,6027835.0,44,1,43,12123786.0,29,Mass,1,Personal Loan Offer,0,0.37077823744079585
C02455,58,10377758.0,146,6,34,27818405.0,26,Affluent,1,Personal Loan Offer,0,0.7331763561351227
C02456,42,7192758.0,6,4,68,3444436.0,26,Priority,0,Personal Loan Offer,1,0.7005706334899645
C02457,58,10358162.0,100,5,85,77740893.0,20,Mass,1,Personal Loan Offer,0,0.7827206825083417
C02458,63,29001053.0,22,1,91,23638883.0,23,Affluent,0,Personal Loan Offer,0,0.43530333394406645
C02459,42,5487519.0,12,5,98,12830918.0,23,Affluent,0,Personal Loan Offer,0,0.7500871319879835
C02460,23,4926017.0,46,5,69,12943467.0,25,Mass,1,Personal Loan Offer,0,0.6923674965452273
C02461,36,7608012.0,55,3,47,47710053.0,22,Affluent,0,Personal Loan Offer,0,0.33720692915444267
C02462,30,14054287.0,132,6,68,1043559.0,25,Mass,0,Personal Loan Offer,0,0.18946499515886017
C02463,42,16883247.0,161,4,22,8771773.0,30,Priority,0,Personal Loan Offer,1,0.3104161495178364
C02464,47,15264094.0,141,6,84,17754667.0,28,Mass,0,Personal Loan Offer,1,0.554967869282684
C02465,41,22909086.0,134,5,58,17551180.0,24,Mass,0,Personal Loan Offer,1,0.594667809094012
C02466,29,4550375.0,103,2,25,244947582.0,27,Affluent,0,Personal Loan Offer,0,0.2948050293752329
C02467,34,23069047.0,69,6,48,14269706.0,17,Mass,1,Personal Loan Offer,1,0.5118056618087626
C02468,51,10107262.0,48,5,37,53836909.0,32,Mass,0,Personal Loan Offer,0,0.360907800773318
C02469,22,17943511.0,171,2,41,122411640.0,22,Mass,1,Personal Loan Offer,1,0.34349033426682785
C02470,30,5795158.0,95,5,14,39108755.0,33,Affluent,0,Personal Loan Offer,1,0.3871346837847982
C02471,61,12032759.0,103,3,11,10195192.0,32,Mass,1,Personal Loan Offer,0,0.21557875874303106
C02472,25,13665243.0,5,6,41,5535848.0,25,Affluent,1,Personal Loan Offer,0,0.631717562918525
C02473,39,22659285.0,84,2,37,42146538.0,17,Affluent,0,Personal Loan Offer,0,0.5587278925497747
C02474,30,5017926.0,124,2,100,103622812.0,27,Mass,0,Personal Loan Offer,0,0.40012128296817684
C02475,25,12204693.0,91,3,33,34525403.0,35,Affluent,1,Personal Loan Offer,0,0.4393469559257645
C02476,40,6606323.0,112,3,39,68660936.0,17,Mass,1,Personal Loan Offer,1,0.1973889534749747
C02477,44,15846196.0,147,4,93,267115012.0,14,Mass,0,Personal Loan Offer,1,0.4160998809560382
C02478,28,18400461.0,6,2,88,46205857.0,26,Mass,1,Personal Loan Offer,0,0.6476354745005445
C02479,24,24357755.0,163,5,15,6653210.0,30,Mass,0,Personal Loan Offer,0,0.626442203684731
C02480,27,8940938.0,148,1,17,21047737.0,28,Affluent,0,Personal Loan Offer,0,0.23795059801680768
C02481,50,19982986.0,77,2,18,78723953.0,18,Priority,1,Personal Loan Offer,1,0.5977974206340692
C02482,59,25365818.0,138,4,51,15595033.0,31,Mass,0,Personal Loan Offer,0,0.40307356573996334
C02483,29,4860400.0,14,2,62,90146657.0,19,Mass,0,Personal Loan Offer,0,0.3553085605666697
C02484,35,16805334.0,57,3,41,18705084.0,22,Mass,0,Personal Loan Offer,1,0.5728200712717343
C02485,36,20329801.0,22,4,11,27940568.0,21,Mass,0,Personal Loan Offer,1,0.22196913234619056
C02486,37,10408337.0,116,2,28,14083322.0,23,Affluent,0,Personal Loan Offer,0,0.43657220521032014
C02487,31,6165574.0,155,6,65,23459338.0,19,Mass,0,Personal Loan Offer,0,0.4869933162142001
C02488,23,20156611.0,110,6,43,24734022.0,21,Affluent,0,Personal Loan Offer,0,0.46550170777709
C02489,44,6203892.0,129,6,21,4003586.0,19,Mass,1,Personal Loan Offer,1,0.3080285306278892
C02490,37,10878772.0,28,3,69,12860222.0,21,Mass,1,Personal Loan Offer,0,0.21601699718368667
C02491,36,11738082.0,169,3,65,5827128.0,25,Affluent,1,Personal Loan Offer,0,0.6562543024992779
C02492,32,17786728.0,37,6,54,13311438.0,23,Mass,0,Personal Loan Offer,0,0.5578821176390297
C02493,62,8501642.0,96,5,95,9030146.0,26,Affluent,1,Personal Loan Offer,0,0.6601913735352876
C02494,48,8234936.0,124,5,86,55012116.0,24,Affluent,0,Personal Loan Offer,0,0.5692663579087026
C02495,39,12670927.0,155,2,13,55652790.0,21,Mass,0,Personal Loan Offer,0,0.27309554360643334
C02496,30,20872269.0,169,6,92,35023751.0,35,Mass,1,Personal Loan Offer,1,0.7830813267791833
C02497,57,42224649.0,109,4,14,5629851.0,25,Mass,0,Personal Loan Offer,0,0.350803365526727
C02498,60,5237226.0,105,5,53,18130534.0,34,Priority,1,Personal Loan Offer,1,0.6969802483998736
C02499,22,14272645.0,77,5,92,5199383.0,27,Priority,1,Personal Loan Offer,0,0.7529672810820659
C02500,62,6601602.0,104,1,99,17260815.0,21,Mass,0,Personal Loan Offer,1,0.4628346562666479
C02501,52,21015344.0,123,1,12,38212147.0,21,Affluent,0,Personal Loan Offer,0,0.37419926139378507
C02502,25,7161412.0,118,1,16,53938073.0,24,Affluent,0,Personal Loan Offer,0,0.21543395133869453
C02503,54,8280059.0,108,4,31,32091046.0,21,Affluent,1,Personal Loan Offer,0,0.26512023896669973
C02504,25,8678144.0,81,6,35,70400744.0,30,Mass,0,Personal Loan Offer,0,0.4516400837074044
C02505,23,11507480.0,37,1,35,25932284.0,24,Priority,0,Personal Loan Offer,0,0.37779172926458804
C02506,26,14334444.0,12,1,47,15834198.0,27,Affluent,1,Personal Loan Offer,0,0.352310844092776
C02507,41,15657381.0,77,3,39,47913283.0,31,Mass,0,Personal Loan Offer,0,0.5272125648037966
C02508,48,11961995.0,73,3,63,49511669.0,18,Mass,0,Personal Loan Offer,0,0.4943379049711654
C02509,39,5774586.0,111,1,87,11840911.0,35,Mass,0,Personal Loan Offer,0,0.4396506475480585
C02510,26,17906952.0,163,4,59,29215942.0,20,Mass,0,Personal Loan Offer,0,0.4708887303948448
C02511,29,11655514.0,127,6,40,14900860.0,26,Affluent,1,Personal Loan Offer,1,0.5365824387597528
C02512,59,22733981.0,146,2,61,2683542.0,28,Affluent,0,Personal Loan Offer,0,0.5553347441533435
C02513,64,8130727.0,105,1,66,31057452.0,21,Priority,1,Personal Loan Offer,1,0.47870978420127763
C02514,54,4971172.0,168,2,91,5480575.0,28,Mass,1,Personal Loan Offer,1,0.4691281576254793
C02515,25,11777517.0,170,2,96,27770005.0,22,Priority,0,Personal Loan Offer,1,0.4676007716514653
C02516,57,24475696.0,30,3,35,4307794.0,23,Affluent,1,Personal Loan Offer,0,0.34224345056870836
C02517,52,13110649.0,116,1,93,9738287.0,24,Mass,1,Personal Loan Offer,0,0.5103967651852039
C02518,44,10751962.0,93,3,84,12963445.0,29,Mass,0,Personal Loan Offer,0,0.5440586325186821
C02519,27,7435128.0,176,1,21,66516966.0,23,Affluent,0,Personal Loan Offer,1,0.15452027904796847
C02520,65,31553301.0,107,5,60,11730792.0,20,Affluent,0,Personal Loan Offer,0,0.540719300948226
C02521,40,6811588.0,5,3,23,6826153.0,21,Mass,0,Personal Loan Offer,0,0.19560487183404418
C02522,22,8052155.0,40,1,54,28791418.0,16,Affluent,1,Personal Loan Offer,0,0.534409281593707
C02523,30,16418774.0,26,1,14,16099025.0,20,Mass,0,Personal Loan Offer,0,0.2417848330611166
C02524,39,4323630.0,38,3,37,44092638.0,28,Mass,0,Personal Loan Offer,1,0.38597592765840916
C02525,23,24189811.0,20,4,63,7270698.0,23,Priority,1,Personal Loan Offer,1,0.6100354118902991
C02526,35,16915204.0,142,2,37,24694639.0,32,Mass,0,Personal Loan Offer,0,0.2734962312953573
C02527,42,19677655.0,90,2,10,236346529.0,27,Mass,0,Personal Loan Offer,0,0.24826704014532355
C02528,63,16311510.0,122,4,45,15743905.0,28,Affluent,0,Personal Loan Offer,0,0.5499006844913198
C02529,24,10982342.0,180,3,59,24106046.0,25,Affluent,0,Personal Loan Offer,0,0.4510163455684525
C02530,46,6687064.0,118,1,79,3798826.0,30,Mass,1,Personal Loan Offer,0,0.47756675136119486
C02531,62,11110217.0,88,3,22,8522869.0,25,Mass,0,Personal Loan Offer,0,0.3084191730790778
C02532,57,7018340.0,50,2,53,31672632.0,31,Mass,1,Personal Loan Offer,1,0.4021531241753135
C02533,62,15678527.0,137,6,28,14379945.0,27,Affluent,0,Personal Loan Offer,1,0.5387627787850187
C02534,28,18702095.0,93,5,23,36972161.0,16,Affluent,1,Personal Loan Offer,0,0.3687978342510161
C02535,57,27035516.0,137,2,21,30589933.0,17,Mass,0,Personal Loan Offer,0,0.2587447317352987
C02536,65,14722528.0,7,2,79,5353245.0,24,Mass,1,Personal Loan Offer,1,0.5775957989389773
C02537,35,19953870.0,32,1,93,55204173.0,26,Mass,1,Personal Loan Offer,1,0.722181915710177
C02538,43,10190715.0,26,5,70,5772166.0,27,Mass,0,Personal Loan Offer,0,0.6462234066500165
C02539,44,9224419.0,124,6,44,9307405.0,27,Mass,0,Personal Loan Offer,0,0.18251570131847183
C02540,43,15571249.0,95,2,96,25159038.0,24,Affluent,0,Personal Loan Offer,0,0.5018747920982941
C02541,34,9702141.0,59,4,55,95847202.0,26,Affluent,1,Personal Loan Offer,0,0.5344569399648406
C02542,64,13914881.0,58,2,58,7329123.0,24,Mass,0,Personal Loan Offer,0,0.26628884170599987
C02543,64,6694263.0,111,6,67,23182941.0,27,Affluent,0,Personal Loan Offer,1,0.47368736576137604
C02544,38,7389141.0,174,2,69,23377003.0,25,Mass,0,Personal Loan Offer,0,0.3624723577400922
C02545,57,17019875.0,180,1,54,38593824.0,19,Affluent,0,Personal Loan Offer,0,0.44241522146256457
C02546,38,19542395.0,86,6,53,65350352.0,28,Affluent,1,Personal Loan Offer,1,0.6826749836184127
C02547,56,6978233.0,122,6,38,13351877.0,25,Mass,0,Personal Loan Offer,0,0.39701509174561983
C02548,47,17352638.0,17,3,71,55013660.0,23,Affluent,0,Personal Loan Offer,0,0.49492053809045905
C02549,42,8952224.0,171,6,71,75645200.0,34,Mass,1,Personal Loan Offer,1,0.49766663708524084
C02550,26,12109430.0,6,2,49,119067606.0,22,Priority,1,Personal Loan Offer,0,0.5428998709715389
C02551,50,26159857.0,63,2,74,33037906.0,30,Mass,1,Personal Loan Offer,1,0.5531972246883078
C02552,35,18709373.0,132,4,22,23410138.0,23,Affluent,1,Personal Loan Offer,0,0.5145220039025715
C02553,30,18590231.0,175,4,47,12442870.0,29,Mass,1,Personal Loan Offer,0,0.45913079472584073
C02554,29,34286145.0,33,3,99,4649434.0,21,Mass,0,Personal Loan Offer,0,0.4658074099542283
C02555,65,8148004.0,120,5,76,15146640.0,24,Mass,0,Personal Loan Offer,0,0.5047407492232536
C02556,25,6977393.0,36,5,75,22377814.0,25,Affluent,1,Personal Loan Offer,1,0.7010553798445421
C02557,56,8066659.0,11,1,88,17925781.0,20,Mass,0,Personal Loan Offer,0,0.24512076958647427
C02558,59,10432554.0,78,6,65,36359309.0,23,Mass,1,Personal Loan Offer,0,0.5435146094463968
C02559,22,3286765.0,105,1,70,4671868.0,23,Mass,0,Personal Loan Offer,0,0.39417912333787236
C02560,47,10706180.0,50,4,53,16672456.0,17,Mass,1,Personal Loan Offer,0,0.6629175530111387
C02561,46,8894141.0,176,3,85,147010172.0,19,Mass,0,Personal Loan Offer,0,0.4540008332559573
C02562,37,18466800.0,112,3,74,54126886.0,34,Mass,0,Personal Loan Offer,1,0.5103678464280987
C02563,51,14566688.0,81,1,57,37037185.0,29,Mass,0,Personal Loan Offer,0,0.5717352893537835
C02564,39,8623780.0,89,3,21,29559780.0,20,Priority,1,Personal Loan Offer,0,0.31344290137203445
C02565,40,16599708.0,85,1,83,13877938.0,27,Mass,0,Personal Loan Offer,0,0.5890499966710429
C02566,40,17862461.0,22,6,39,3461362.0,28,Mass,1,Personal Loan Offer,0,0.5306602535708345
C02567,57,7863301.0,110,1,42,31590640.0,24,Affluent,1,Personal Loan Offer,0,0.3163244746206384
C02568,49,9149903.0,142,3,21,1728586.0,21,Mass,0,Personal Loan Offer,1,0.32523052526756246
C02569,38,3528797.0,77,2,29,14442517.0,20,Affluent,0,Personal Loan Offer,0,0.2935069354800533
C02570,62,6586642.0,78,2,21,19926950.0,21,Mass,0,Personal Loan Offer,0,0.5022202435390554
C02571,57,7976888.0,165,3,18,12788443.0,23,Mass,0,Personal Loan Offer,0,0.11695922026157914
C02572,62,12499618.0,111,6,11,175408113.0,26,Priority,0,Personal Loan Offer,0,0.47368170387469866
C02573,53,7134529.0,56,3,36,123974396.0,27,Mass,0,Personal Loan Offer,0,0.326647618359627
C02574,38,9047677.0,3,6,78,56179055.0,28,Affluent,0,Personal Loan Offer,0,0.65274721177242
C02575,55,6116407.0,149,5,88,7928037.0,23,Mass,1,Personal Loan Offer,1,0.7057319551558167
C02576,35,13184202.0,114,3,30,136612384.0,23,Mass,0,Personal Loan Offer,0,0.2976827614013675
C02577,33,15165903.0,114,6,48,37140255.0,30,Mass,1,Personal Loan Offer,0,0.5796744518114233
C02578,41,14972386.0,53,3,85,7797106.0,27,Mass,0,Personal Loan Offer,0,0.5605561081024634
C02579,64,12081861.0,36,4,74,20665160.0,22,Affluent,1,Personal Loan Offer,1,0.6712445148128916
C02580,46,5141354.0,90,5,92,52159541.0,29,Mass,0,Personal Loan Offer,0,0.5991797505147296
C02581,38,8532924.0,137,4,48,10988546.0,22,Mass,1,Personal Loan Offer,0,0.4426012699562793
C02582,41,9591603.0,55,5,25,23017731.0,18,Mass,1,Personal Loan Offer,1,0.34143527539457263
C02583,34,9612787.0,96,1,23,27445676.0,27,Mass,0,Personal Loan Offer,0,0.16219688044214897
C02584,50,12505222.0,180,3,74,6651737.0,29,Mass,1,Personal Loan Offer,1,0.6786484346424412
C02585,36,26283843.0,42,4,12,15266172.0,17,Mass,0,Personal Loan Offer,0,0.24306540365849053
C02586,45,18756860.0,44,2,51,7172611.0,26,Mass,0,Personal Loan Offer,0,0.3241628331039324
C02587,37,6971092.0,44,6,42,47674673.0,20,Affluent,0,Personal Loan Offer,1,0.4093021945068877
C02588,35,17427131.0,165,2,93,8066154.0,27,Priority,0,Personal Loan Offer,0,0.686411531447429
C02589,64,17065740.0,97,2,100,26776804.0,35,Mass,0,Personal Loan Offer,0,0.5174448362743204
C02590,36,7702689.0,166,2,54,4980730.0,24,Mass,0,Personal Loan Offer,0,0.5390542853171502
C02591,24,19140048.0,171,5,62,6438499.0,26,Mass,1,Personal Loan Offer,0,0.5963911541421023
C02592,38,10986854.0,77,1,44,6134025.0,21,Mass,0,Personal Loan Offer,0,0.26443177601618534
C02593,44,5525823.0,12,1,80,14971631.0,29,Mass,1,Personal Loan Offer,0,0.31150537452203636
C02594,25,15413876.0,57,5,36,23953487.0,35,Mass,1,Personal Loan Offer,0,0.430740953235345
C02595,34,13520887.0,99,2,77,28803231.0,30,Mass,1,Personal Loan Offer,0,0.5357361586644022
C02596,28,10587605.0,70,1,92,3399054.0,19,Mass,0,Personal Loan Offer,0,0.4474863883400904
C02597,43,11755338.0,3,2,25,16896270.0,30,Mass,0,Personal Loan Offer,0,0.269156446492162
C02598,53,8080144.0,179,3,30,9441928.0,25,Affluent,1,Personal Loan Offer,0,0.25735237324893234
C02599,64,16784879.0,56,1,44,34120923.0,27,Affluent,1,Personal Loan Offer,1,0.6512869512483959
C02600,38,11716625.0,113,6,85,15303720.0,23,Mass,1,Personal Loan Offer,0,0.6017632064099903
C02601,59,13150418.0,171,1,68,18446991.0,34,Mass,0,Personal Loan Offer,0,0.25524120232682684
C02602,30,14604573.0,99,3,27,9495171.0,22,Mass,0,Personal Loan Offer,1,0.2103656373697184
C02603,56,6359085.0,126,2,43,112210883.0,22,Mass,0,Personal Loan Offer,0,0.29447407918240587
C02604,46,7337887.0,9,2,68,5540877.0,25,Affluent,1,Personal Loan Offer,0,0.6964457090983392
C02605,55,3558849.0,127,1,97,13409968.0,16,Affluent,1,Personal Loan Offer,0,0.4868964736985661
C02606,54,16371056.0,153,6,51,22272010.0,29,Mass,1,Personal Loan Offer,1,0.48153255571626535
C02607,44,6160704.0,166,6,16,15554839.0,30,Mass,0,Personal Loan Offer,0,0.4725959760873809
C02608,32,12907648.0,17,1,19,9316586.0,16,Mass,0,Personal Loan Offer,0,0.3068513818976878
C02609,44,14716218.0,43,2,12,3267577.0,29,Affluent,0,Personal Loan Offer,0,0.36960290809027824
C02610,58,16713232.0,11,6,21,10016396.0,25,Mass,0,Personal Loan Offer,0,0.43156017642561495
C02611,64,6188529.0,166,3,47,7662570.0,24,Affluent,0,Personal Loan Offer,0,0.2933830771138445
C02612,62,11577549.0,51,1,35,107227942.0,23,Affluent,0,Personal Loan Offer,1,0.26190848899307856
C02613,29,30070989.0,97,1,37,192563930.0,24,Mass,0,Personal Loan Offer,0,0.2035415945058565
C02614,47,30808164.0,87,3,79,19009533.0,22,Affluent,0,Personal Loan Offer,0,0.5819601303512602
C02615,25,20654524.0,125,4,53,4908536.0,26,Affluent,0,Personal Loan Offer,0,0.47201477027439986
C02616,51,14447594.0,162,4,76,41836802.0,28,Mass,1,Personal Loan Offer,1,0.4777149773218779
C02617,65,6903981.0,60,1,59,7498146.0,23,Mass,0,Personal Loan Offer,1,0.36545329499412016
C02618,23,17816920.0,143,3,28,11548565.0,17,Mass,0,Personal Loan Offer,0,0.2500401232937378
C02619,50,11001097.0,54,2,96,10664097.0,18,Mass,1,Personal Loan Offer,1,0.46390745553547463
C02620,63,16333157.0,38,4,53,12124481.0,23,Mass,1,Personal Loan Offer,0,0.38763692619467194
C02621,59,8472645.0,21,2,86,14027392.0,24,Mass,0,Personal Loan Offer,0,0.4701284876560143
C02622,38,10911240.0,69,2,18,5377536.0,25,Affluent,1,Personal Loan Offer,0,0.3391898319763249
C02623,25,13133782.0,102,5,87,9911727.0,24,Mass,1,Personal Loan Offer,0,0.43567331369374257
C02624,62,13740664.0,141,4,75,55460803.0,18,Mass,1,Personal Loan Offer,0,0.5769854380027111
C02625,62,15743918.0,154,3,32,19339997.0,23,Priority,1,Personal Loan Offer,0,0.47688131568599423
C02626,47,8726369.0,96,1,82,22670083.0,32,Mass,0,Personal Loan Offer,0,0.49260869774742183
C02627,65,5732205.0,75,1,77,2145739.0,29,Mass,0,Personal Loan Offer,0,0.4192953505831558
C02628,21,29327875.0,34,5,91,51599704.0,34,Priority,1,Personal Loan Offer,1,0.8055196100166998
C02629,48,47181244.0,165,6,29,10076565.0,20,Mass,0,Personal Loan Offer,0,0.4656568602992702
C02630,22,15348044.0,73,4,90,61540828.0,33,Mass,1,Personal Loan Offer,1,0.662677127491277
C02631,63,5793352.0,139,1,79,23336230.0,29,Mass,1,Personal Loan Offer,0,0.5572000646423929
C02632,51,7843219.0,114,3,40,11400747.0,26,Affluent,0,Personal Loan Offer,0,0.3451762139929034
C02633,62,15877791.0,168,2,41,3735728.0,30,Affluent,0,Personal Loan Offer,0,0.346230139464388
C02634,46,25091277.0,176,1,33,176016586.0,24,Affluent,1,Personal Loan Offer,0,0.4642517981632491
C02635,24,6158399.0,128,1,53,44655592.0,30,Mass,0,Personal Loan Offer,0,0.2733060658810744
C02636,22,11206832.0,120,3,91,47408743.0,34,Priority,0,Personal Loan Offer,1,0.5889268430957743
C02637,36,13365400.0,27,3,86,123292549.0,24,Mass,0,Personal Loan Offer,0,0.6021506075663171
C02638,54,19306171.0,5,4,23,25023598.0,26,Affluent,1,Personal Loan Offer,0,0.36284470786722584
C02639,27,9933631.0,100,5,21,77333893.0,36,Mass,1,Personal Loan Offer,0,0.5380953517628554
C02640,59,5077447.0,128,2,15,12393313.0,31,Mass,0,Personal Loan Offer,0,0.19972365694387045
C02641,31,16887358.0,135,2,65,41817328.0,29,Priority,1,Personal Loan Offer,1,0.4483662590696516
C02642,43,22276770.0,47,5,38,10650806.0,25,Affluent,1,Personal Loan Offer,0,0.509877237576428
C02643,30,11467092.0,92,2,79,12083894.0,30,Mass,1,Personal Loan Offer,0,0.5227831529595033
C02644,41,14996078.0,156,1,79,22037220.0,26,Affluent,0,Personal Loan Offer,0,0.5369189313135116
C02645,41,9243647.0,20,6,27,5631261.0,26,Mass,0,Personal Loan Offer,0,0.47463386180649914
C02646,21,7536302.0,71,2,73,27803349.0,30,Mass,0,Personal Loan Offer,0,0.37142243290741517
C02647,46,21103539.0,171,1,79,14640242.0,22,Mass,0,Personal Loan Offer,0,0.5854447120535639
C02648,56,14850438.0,38,5,99,2740586.0,29,Mass,1,Personal Loan Offer,0,0.45512053645572176
C02649,63,15714901.0,59,4,75,12655228.0,29,Mass,1,Personal Loan Offer,1,0.4418987215838649
C02650,35,27414443.0,86,1,42,14163632.0,31,Mass,1,Personal Loan Offer,0,0.3518093111071119
C02651,60,6717683.0,125,6,100,46925852.0,35,Affluent,1,Personal Loan Offer,0,0.6680295350307973
C02652,60,8857745.0,48,2,35,26600506.0,18,Mass,0,Personal Loan Offer,0,0.2581480263966927
C02653,65,13088971.0,144,5,83,85047051.0,28,Mass,0,Personal Loan Offer,1,0.4904461883594259
C02654,37,8798088.0,44,4,44,33644240.0,28,Mass,1,Personal Loan Offer,1,0.3812557712060229
C02655,59,18460471.0,68,5,95,11493380.0,15,Priority,1,Personal Loan Offer,1,0.7709014565163842
C02656,46,10824771.0,105,5,81,18866218.0,20,Affluent,1,Personal Loan Offer,1,0.5619554017090563
C02657,23,6951890.0,5,5,64,14121299.0,27,Priority,0,Personal Loan Offer,0,0.5094109229672052
C02658,33,12442040.0,139,1,29,32580213.0,23,Affluent,0,Personal Loan Offer,0,0.26156843592951184
C02659,51,13178582.0,122,6,27,21232954.0,24,Affluent,1,Personal Loan Offer,0,0.615664529050835
C02660,28,20065096.0,151,1,96,10667190.0,29,Mass,1,Personal Loan Offer,1,0.650256835540398
C02661,40,14896617.0,51,2,82,20172751.0,26,Affluent,0,Personal Loan Offer,0,0.4852192836801444
C02662,55,15464347.0,73,3,56,31718907.0,28,Affluent,0,Personal Loan Offer,1,0.5565723844785602
C02663,27,14311552.0,162,2,89,7310493.0,25,Mass,0,Personal Loan Offer,1,0.5010377013270512
C02664,43,10819870.0,14,4,81,27460292.0,29,Mass,1,Personal Loan Offer,1,0.699218035364753
C02665,30,8092892.0,90,1,45,4124931.0,21,Mass,1,Personal Loan Offer,0,0.30780745599932435
C02666,45,14066101.0,89,3,85,60418999.0,25,Mass,1,Personal Loan Offer,1,0.5118460887860385
C02667,31,9991033.0,82,3,82,33882989.0,28,Priority,0,Personal Loan Offer,0,0.7874003151025234
C02668,64,30395941.0,80,4,53,102004335.0,24,Mass,1,Personal Loan Offer,1,0.39691275412150445
C02669,24,25106001.0,136,4,11,6547844.0,23,Mass,1,Personal Loan Offer,0,0.35795920497486056
C02670,64,16995833.0,38,5,77,62127207.0,27,Mass,1,Personal Loan Offer,1,0.7434352716629645
C02671,56,14776875.0,161,1,40,50984024.0,25,Mass,1,Personal Loan Offer,0,0.37901956182797214
C02672,59,11433289.0,162,6,43,16668159.0,20,Affluent,1,Personal Loan Offer,0,0.43064506049390977
C02673,59,5997175.0,34,3,74,13723215.0,32,Mass,0,Personal Loan Offer,1,0.37565832089039075
C02674,29,10654815.0,176,3,83,6757049.0,20,Mass,1,Personal Loan Offer,0,0.3284277154755495
C02675,62,12688254.0,49,4,17,5206577.0,26,Priority,0,Personal Loan Offer,1,0.6026228599197366
C02676,47,13614123.0,12,1,84,9435677.0,28,Mass,1,Personal Loan Offer,0,0.3185192521497618
C02677,64,15535872.0,73,5,36,5697096.0,23,Mass,0,Personal Loan Offer,0,0.5055644197169106
C02678,60,19918287.0,144,2,61,98637820.0,19,Mass,1,Personal Loan Offer,0,0.26532705019658337
C02679,47,8200720.0,153,6,89,4453456.0,22,Mass,1,Personal Loan Offer,1,0.8571676800171912
C02680,37,8241769.0,117,1,29,23211034.0,30,Mass,0,Personal Loan Offer,0,0.15037570307305226
C02681,26,26652363.0,147,6,30,30921057.0,21,Mass,0,Personal Loan Offer,0,0.47175962900517665
C02682,25,18337470.0,49,3,98,28594989.0,23,Mass,0,Personal Loan Offer,0,0.7222831473796595
C02683,38,9679233.0,159,4,43,31218813.0,24,Affluent,0,Personal Loan Offer,0,0.37161638254032653
C02684,57,11312864.0,116,6,96,51528373.0,31,Mass,1,Personal Loan Offer,1,0.7411617440336588
C02685,43,11340881.0,26,1,42,12804672.0,35,Mass,0,Personal Loan Offer,0,0.28225544740516856
C02686,42,12210209.0,25,3,66,21829951.0,27,Affluent,0,Personal Loan Offer,0,0.5649473139086938
C02687,32,15562783.0,50,6,56,14912067.0,21,Mass,0,Personal Loan Offer,0,0.6566857129813047
C02688,46,48383201.0,15,1,99,73571510.0,26,Priority,1,Personal Loan Offer,1,0.6749430069404734
C02689,49,13320081.0,53,1,60,163301502.0,29,Mass,1,Personal Loan Offer,0,0.5835266160303801
C02690,65,17276300.0,179,4,55,6060538.0,24,Mass,0,Personal Loan Offer,0,0.5014961390013403
C02691,53,4746201.0,45,1,52,2623820.0,26,Priority,1,Personal Loan Offer,0,0.6517064982101843
C02692,48,9190880.0,116,6,44,35334642.0,22,Mass,0,Personal Loan Offer,0,0.36868055496778046
C02693,61,23588396.0,176,6,50,58329336.0,18,Affluent,0,Personal Loan Offer,0,0.5133765098551013
C02694,40,14971975.0,48,2,51,141558008.0,23,Mass,1,Personal Loan Offer,1,0.36353190042769573
C02695,63,3000000.0,126,2,79,41830370.0,20,Mass,0,Personal Loan Offer,0,0.2915890145446179
C02696,37,17385202.0,83,5,14,80762539.0,22,Priority,0,Personal Loan Offer,0,0.583036357625308
C02697,26,34463372.0,53,4,55,105192605.0,25,Priority,0,Personal Loan Offer,0,0.6342084094371593
C02698,39,4003454.0,172,5,59,86531633.0,32,Priority,0,Personal Loan Offer,0,0.47473598640467474
C02699,26,27676118.0,119,6,78,48273984.0,22,Affluent,0,Personal Loan Offer,0,0.6118662751055545
C02700,26,3000000.0,81,3,70,5548473.0,25,Mass,1,Personal Loan Offer,1,0.3331463596495551
C02701,60,20101734.0,147,2,49,19833460.0,28,Mass,0,Personal Loan Offer,0,0.4949753340442708
C02702,56,11943055.0,163,4,19,26998219.0,19,Mass,0,Personal Loan Offer,0,0.36197626990810405
C02703,30,3295054.0,142,4,43,18100194.0,27,Affluent,0,Personal Loan Offer,0,0.42446951103824554
C02704,58,15337218.0,157,3,33,19252219.0,28,Affluent,0,Personal Loan Offer,0,0.3618656938018455
C02705,24,22598161.0,60,2,28,95866858.0,16,Affluent,0,Personal Loan Offer,0,0.33874159417214617
C02706,33,14658854.0,64,2,75,9383010.0,23,Mass,1,Personal Loan Offer,0,0.6646103302997597
C02707,52,16552909.0,44,4,53,44468658.0,25,Mass,1,Personal Loan Offer,1,0.42964639683285627
C02708,34,9568580.0,126,3,82,27444723.0,25,Affluent,0,Personal Loan Offer,0,0.6666999940675863
C02709,53,4310881.0,145,3,22,8484151.0,15,Priority,1,Personal Loan Offer,0,0.3207583674752225
C02710,60,17556634.0,120,1,99,6815032.0,24,Mass,0,Personal Loan Offer,0,0.7078701095522736
C02711,23,31414555.0,109,6,53,3648869.0,28,Mass,1,Personal Loan Offer,1,0.4230324166369822
C02712,22,22335473.0,140,5,33,32502250.0,16,Priority,1,Personal Loan Offer,0,0.6292015534673076
C02713,63,4021178.0,35,6,43,18774273.0,16,Affluent,0,Personal Loan Offer,0,0.4021425448261072
C02714,44,5215916.0,68,5,86,8757889.0,27,Affluent,1,Personal Loan Offer,0,0.8426557413119743
C02715,43,7535494.0,128,4,74,3063712.0,29,Priority,0,Personal Loan Offer,0,0.6982243407591409
C02716,41,4996662.0,12,2,25,30828611.0,20,Affluent,0,Personal Loan Offer,1,0.15654134869984165
C02717,40,12295227.0,165,4,100,16810522.0,23,Mass,1,Personal Loan Offer,0,0.49523495769424347
C02718,52,14898870.0,33,4,21,9796633.0,25,Affluent,1,Personal Loan Offer,0,0.4725724482822978
C02719,47,5464471.0,143,6,35,7626983.0,24,Mass,0,Personal Loan Offer,1,0.5045833432785627
C02720,28,18399570.0,112,2,76,15754990.0,29,Mass,0,Personal Loan Offer,0,0.5494718139149525
C02721,49,16701755.0,153,1,58,31999771.0,27,Mass,1,Personal Loan Offer,0,0.3878195537577923
C02722,51,8876605.0,140,1,50,14378719.0,26,Affluent,1,Personal Loan Offer,1,0.3347005347139637
C02723,26,10913707.0,94,2,94,6093398.0,29,Mass,1,Personal Loan Offer,1,0.6506328610272224
C02724,37,4106274.0,137,4,82,18870641.0,25,Priority,0,Personal Loan Offer,0,0.5297599165394707
C02725,56,9995775.0,64,1,97,56899112.0,23,Mass,1,Personal Loan Offer,0,0.4967188480465619
C02726,48,12048840.0,106,1,35,20821786.0,20,Affluent,0,Personal Loan Offer,0,0.2560225385494293
C02727,27,13167054.0,165,3,87,21416375.0,23,Mass,1,Personal Loan Offer,1,0.44184432649647415
C02728,22,14780207.0,18,5,29,14440884.0,19,Mass,0,Personal Loan Offer,0,0.3313377869575671
C02729,47,13725283.0,66,3,83,8215877.0,27,Mass,1,Personal Loan Offer,0,0.42934260214311776
C02730,41,10376230.0,6,2,59,7947321.0,27,Affluent,0,Personal Loan Offer,0,0.513127998608807
C02731,64,14045666.0,98,2,64,3795736.0,23,Mass,0,Personal Loan Offer,0,0.24562440376043831
C02732,44,20822294.0,142,5,20,65167320.0,25,Mass,1,Personal Loan Offer,0,0.44374588412039284
C02733,62,11385979.0,9,3,90,31759327.0,19,Affluent,1,Personal Loan Offer,0,0.5112685706773697
C02734,30,14290341.0,100,3,35,21719688.0,19,Affluent,1,Personal Loan Offer,1,0.3960923345072298
C02735,41,10832085.0,76,5,64,26878186.0,15,Affluent,0,Personal Loan Offer,0,0.5363739148119173
C02736,27,8408047.0,142,3,25,28085731.0,30,Affluent,0,Personal Loan Offer,0,0.30715857265007307
C02737,46,15998428.0,42,3,94,9594461.0,19,Affluent,0,Personal Loan Offer,1,0.7434881356862953
C02738,29,8842171.0,31,5,39,14446757.0,25,Mass,0,Personal Loan Offer,0,0.37020603622185455
C02739,43,14839424.0,19,2,79,12447547.0,29,Mass,1,Personal Loan Offer,0,0.564151236265463
C02740,36,12187942.0,75,4,79,246449299.0,28,Mass,0,Personal Loan Offer,0,0.6759570310240968
C02741,29,10152729.0,89,4,60,55475102.0,21,Mass,0,Personal Loan Offer,0,0.42640554840913825
C02742,25,10018447.0,166,2,20,23655947.0,25,Mass,0,Personal Loan Offer,0,0.15611370314586653
C02743,44,9074244.0,85,1,35,78391582.0,33,Affluent,0,Personal Loan Offer,0,0.2539549056184102
C02744,63,4853577.0,33,6,65,69090727.0,31,Mass,1,Personal Loan Offer,0,0.7074070198358979
C02745,29,14812908.0,127,2,58,5028934.0,20,Mass,0,Personal Loan Offer,0,0.43993060301746467
C02746,39,13629784.0,13,3,63,16004645.0,22,Affluent,0,Personal Loan Offer,0,0.515842025059372
C02747,31,19148517.0,64,4,32,19676162.0,33,Mass,0,Personal Loan Offer,0,0.3335832077989486
C02748,57,8958523.0,119,1,58,36864913.0,27,Mass,1,Personal Loan Offer,0,0.560352224339322
C02749,39,34034259.0,48,1,17,15986419.0,23,Mass,0,Personal Loan Offer,0,0.194308323681132
C02750,64,9738157.0,108,3,54,18123350.0,22,Affluent,0,Personal Loan Offer,0,0.4710383180143318
C02751,32,7415678.0,83,6,18,12608655.0,29,Mass,1,Personal Loan Offer,0,0.438620981626337
C02752,24,6947487.0,172,4,70,57092196.0,23,Mass,0,Personal Loan Offer,0,0.33534677150730924
C02753,47,4623950.0,54,4,61,4722753.0,25,Affluent,1,Personal Loan Offer,1,0.4110801024328008
C02754,50,27878394.0,164,4,87,13044642.0,18,Mass,1,Personal Loan Offer,0,0.5415311456803196
C02755,65,25508040.0,114,6,52,3164694.0,23,Mass,1,Personal Loan Offer,1,0.6465480145639613
C02756,60,16698460.0,136,6,24,7142714.0,28,Mass,1,Personal Loan Offer,1,0.37095789575836924
C02757,60,7330603.0,33,1,31,27464925.0,23,Mass,0,Personal Loan Offer,0,0.14107268710973694
C02758,49,32495573.0,6,4,84,27991099.0,28,Mass,1,Personal Loan Offer,0,0.4336431286898391
C02759,37,9889377.0,133,4,97,14622195.0,29,Mass,1,Personal Loan Offer,1,0.5088322919225882
C02760,40,10349544.0,88,2,15,61541849.0,31,Mass,1,Personal Loan Offer,0,0.14276990747306373
C02761,27,26453782.0,57,6,71,77461045.0,22,Affluent,1,Personal Loan Offer,0,0.7608748933111894
C02762,40,17241297.0,162,2,53,18662291.0,24,Mass,0,Personal Loan Offer,1,0.4786659094696085
C02763,37,40266239.0,61,6,33,25691627.0,14,Mass,0,Personal Loan Offer,0,0.5042111046614436
C02764,22,13759148.0,80,1,56,12720156.0,18,Mass,0,Personal Loan Offer,0,0.30555151969351024
C02765,30,9645965.0,131,4,95,37435520.0,27,Affluent,0,Personal Loan Offer,0,0.7322840226112354
C02766,45,8571253.0,174,5,27,6059770.0,24,Mass,1,Personal Loan Offer,0,0.4515026238384031
C02767,37,4345143.0,163,4,86,120490039.0,26,Affluent,0,Personal Loan Offer,1,0.5025607125890643
C02768,65,10295212.0,119,1,18,62534446.0,46,Mass,0,Personal Loan Offer,0,0.1890134780331669
C02769,42,22520657.0,22,1,75,6030355.0,21,Mass,0,Personal Loan Offer,1,0.5179790726111344
C02770,64,16680918.0,22,4,16,9085809.0,25,Mass,0,Personal Loan Offer,0,0.3506065490119724
C02771,50,12134784.0,126,6,15,30477266.0,26,Priority,1,Personal Loan Offer,1,0.565905428838257
C02772,22,6942714.0,93,4,13,14260324.0,15,Mass,0,Personal Loan Offer,1,0.1921942458574267
C02773,30,13594792.0,26,1,83,34478358.0,30,Mass,0,Personal Loan Offer,0,0.36663918745934665
C02774,52,20946136.0,126,5,62,13961952.0,22,Mass,1,Personal Loan Offer,0,0.5870694746732023
C02775,45,15207706.0,170,3,72,91885573.0,35,Mass,1,Personal Loan Offer,0,0.43394091104525656
C02776,34,13152489.0,14,1,24,20166832.0,26,Mass,0,Personal Loan Offer,0,0.1340064000959965
C02777,44,7741380.0,149,3,93,225042079.0,17,Mass,0,Personal Loan Offer,0,0.48576102395563625
C02778,61,19333835.0,64,2,83,36540001.0,18,Affluent,1,Personal Loan Offer,0,0.5240620949928662
C02779,38,3000000.0,73,6,54,5187895.0,23,Affluent,1,Personal Loan Offer,0,0.7369825053658935
C02780,23,14812505.0,130,6,91,161132798.0,18,Mass,0,Personal Loan Offer,1,0.5775066889130687
C02781,34,49332532.0,46,1,23,60004000.0,24,Mass,0,Personal Loan Offer,0,0.33228929052931816
C02782,63,5234657.0,30,4,36,29250010.0,17,Mass,0,Personal Loan Offer,1,0.5954651080834422
C02783,55,10508174.0,174,1,14,38182058.0,14,Priority,1,Personal Loan Offer,0,0.18858332092762728
C02784,58,11947901.0,65,3,24,6090228.0,24,Mass,0,Personal Loan Offer,1,0.3731096778842093
C02785,62,9304388.0,33,1,86,3291542.0,20,Mass,1,Personal Loan Offer,0,0.345049196715603
C02786,26,21219328.0,125,5,47,19182196.0,13,Affluent,0,Personal Loan Offer,0,0.5687474222550093
C02787,33,15560797.0,41,1,68,79400337.0,30,Mass,0,Personal Loan Offer,0,0.69751892742882
C02788,23,13048483.0,141,6,90,29708735.0,20,Mass,1,Personal Loan Offer,1,0.7289090622100196
C02789,21,18604557.0,15,2,79,110487652.0,25,Priority,1,Personal Loan Offer,1,0.6314920332248136
C02790,58,12111066.0,95,2,46,74959881.0,21,Mass,0,Personal Loan Offer,0,0.2488481503172295
C02791,63,68981070.0,74,6,41,20416451.0,23,Mass,1,Personal Loan Offer,1,0.6124060431027795
C02792,28,13041642.0,173,6,19,65332473.0,18,Affluent,0,Personal Loan Offer,1,0.3790976747703674
C02793,53,13360623.0,95,1,85,91682146.0,28,Mass,0,Personal Loan Offer,0,0.30291904852574275
C02794,45,4683985.0,167,1,99,18458968.0,34,Mass,0,Personal Loan Offer,0,0.25262913624180433
C02795,24,8899623.0,47,6,55,16150592.0,28,Mass,0,Personal Loan Offer,1,0.41461919532890734
C02796,62,22555172.0,87,6,55,23015842.0,26,Affluent,1,Personal Loan Offer,0,0.6114955210166998
C02797,60,5756936.0,147,3,87,1792882.0,28,Affluent,0,Personal Loan Offer,1,0.7014801146615173
C02798,46,3662882.0,31,1,41,26474028.0,24,Mass,0,Personal Loan Offer,0,0.20680161809764266
C02799,52,12215189.0,168,1,46,41106664.0,39,Mass,0,Personal Loan Offer,0,0.3615566082641434
C02800,38,25503511.0,140,2,91,23109490.0,30,Priority,1,Personal Loan Offer,0,0.4591523061782689
C02801,56,12283002.0,123,5,44,28230606.0,24,Affluent,1,Personal Loan Offer,0,0.40603102429232824
C02802,41,9974563.0,46,1,94,19149103.0,25,Mass,0,Personal Loan Offer,0,0.2096998138653112
C02803,65,4317767.0,148,4,24,2714779.0,29,Affluent,1,Personal Loan Offer,1,0.6475571611543761
C02804,23,15388899.0,153,5,55,105459504.0,19,Mass,0,Personal Loan Offer,0,0.5263696202329912
C02805,28,17263733.0,55,1,54,13844713.0,27,Priority,1,Personal Loan Offer,0,0.48346372226436096
C02806,64,4503945.0,107,6,37,10782906.0,26,Affluent,0,Personal Loan Offer,0,0.5595563696625067
C02807,33,22396384.0,13,6,97,77766835.0,32,Affluent,1,Personal Loan Offer,1,0.9213567399518515
C02808,34,18284235.0,73,2,53,53219919.0,35,Mass,0,Personal Loan Offer,0,0.36000825157973537
C02809,56,22369097.0,29,1,89,26279736.0,31,Affluent,0,Personal Loan Offer,0,0.4451451181828079
C02810,29,16541055.0,102,2,29,43168109.0,21,Mass,0,Personal Loan Offer,0,0.5350510856691265
C02811,44,17191793.0,100,2,41,6301224.0,24,Mass,0,Personal Loan Offer,0,0.2147596447357706
C02812,33,15979444.0,97,2,53,18445822.0,32,Mass,1,Personal Loan Offer,0,0.5519167389690862
C02813,29,19347562.0,123,6,61,73004157.0,35,Affluent,0,Personal Loan Offer,1,0.6458769836509711
C02814,64,4413155.0,167,1,30,10161341.0,24,Affluent,1,Personal Loan Offer,0,0.33531935227143406
C02815,29,5255757.0,38,2,38,7369862.0,21,Mass,0,Personal Loan Offer,0,0.16649775534024572
C02816,25,8005288.0,41,5,66,21635516.0,19,Mass,1,Personal Loan Offer,0,0.7865617682392145
C02817,51,11173060.0,41,1,35,22148932.0,23,Mass,1,Personal Loan Offer,1,0.2353931791258224
C02818,60,14855675.0,168,1,79,38217915.0,23,Mass,0,Personal Loan Offer,0,0.3500061193687535
C02819,26,14346149.0,19,2,53,5040876.0,24,Mass,0,Personal Loan Offer,0,0.4348416556388888
C02820,52,22182747.0,8,6,98,1562607.0,23,Affluent,0,Personal Loan Offer,1,0.6778955345989908
C02821,45,22569040.0,31,6,31,50247671.0,27,Mass,1,Personal Loan Offer,1,0.5272931706546474
C02822,58,7426798.0,139,6,86,6771687.0,21,Mass,1,Personal Loan Offer,0,0.455797021029503
C02823,26,13682580.0,106,6,54,10867122.0,28,Mass,1,Personal Loan Offer,0,0.5450712091525718
C02824,64,7527773.0,166,1,17,2253528.0,25,Mass,0,Personal Loan Offer,0,0.1673924567479239
C02825,48,10819724.0,39,3,74,55625679.0,23,Mass,0,Personal Loan Offer,1,0.38514692143245943
C02826,58,14323362.0,73,4,29,28390952.0,22,Affluent,0,Personal Loan Offer,0,0.30635189124129875
C02827,37,3000000.0,101,1,22,27273808.0,29,Mass,0,Personal Loan Offer,0,0.31334618805063497
C02828,63,45199719.0,16,6,58,27090615.0,36,Mass,1,Personal Loan Offer,0,0.6105392269104376
C02829,49,16386067.0,166,4,81,2548666.0,24,Mass,0,Personal Loan Offer,0,0.5284651435975907
C02830,26,8647496.0,146,6,33,7467545.0,22,Mass,0,Personal Loan Offer,0,0.4737799968071021
C02831,62,34638300.0,28,2,66,12730557.0,26,Affluent,1,Personal Loan Offer,0,0.677038664739695
C02832,56,9912727.0,153,5,11,9459216.0,28,Affluent,0,Personal Loan Offer,0,0.2788524818087263
C02833,34,12907291.0,82,1,26,15244530.0,22,Affluent,0,Personal Loan Offer,0,0.3186308165055511
C02834,45,9179686.0,62,1,78,25583100.0,29,Mass,0,Personal Loan Offer,0,0.31655571720141096
C02835,38,29770029.0,171,4,11,54716789.0,22,Mass,1,Personal Loan Offer,0,0.3193475887255102
C02836,45,11326726.0,95,1,42,4551825.0,33,Mass,0,Personal Loan Offer,0,0.42961081637668647
C02837,64,13028287.0,43,2,56,19824071.0,32,Mass,1,Personal Loan Offer,0,0.16758428261075542
C02838,61,23265855.0,147,5,16,40742670.0,23,Mass,0,Personal Loan Offer,0,0.27456552488380714
C02839,30,16555748.0,130,3,99,7937903.0,14,Affluent,0,Personal Loan Offer,0,0.5943916110006644
C02840,64,11646611.0,37,3,56,16492397.0,29,Priority,1,Personal Loan Offer,0,0.5797906858389054
C02841,40,22100974.0,123,2,40,31889742.0,19,Affluent,0,Personal Loan Offer,0,0.5500291899731897
C02842,52,48476174.0,114,5,98,20225438.0,21,Mass,0,Personal Loan Offer,0,0.5347629651796989
C02843,55,14288891.0,52,6,60,39249160.0,23,Affluent,1,Personal Loan Offer,0,0.7583273075532957
C02844,42,12795899.0,79,5,71,21986539.0,27,Mass,0,Personal Loan Offer,0,0.6141366624906756
C02845,41,13180672.0,152,3,18,14641643.0,18,Priority,0,Personal Loan Offer,1,0.3475176768486036
C02846,41,24671356.0,34,3,24,6190541.0,33,Mass,0,Personal Loan Offer,0,0.2044207789308245
C02847,59,8630892.0,131,1,14,25607898.0,30,Affluent,0,Personal Loan Offer,0,0.21171804962834667
C02848,38,10296788.0,150,1,56,22102817.0,26,Mass,0,Personal Loan Offer,1,0.4635772441470436
C02849,33,5151629.0,169,2,86,7410517.0,20,Affluent,1,Personal Loan Offer,0,0.5191658690980437
C02850,37,6257491.0,60,3,92,35794280.0,22,Mass,0,Personal Loan Offer,0,0.5057250744350126
C02851,29,9026066.0,50,6,62,71069323.0,18,Mass,0,Personal Loan Offer,0,0.415939396498747
C02852,38,11636437.0,169,6,14,10336065.0,30,Mass,1,Personal Loan Offer,0,0.4666143297634609
C02853,26,31750310.0,85,1,66,9661029.0,34,Mass,0,Personal Loan Offer,0,0.4321324146650666
C02854,25,16114229.0,104,2,68,9314606.0,25,Mass,1,Personal Loan Offer,0,0.40213979348865614
C02855,53,7266418.0,94,1,64,3732472.0,30,Affluent,0,Personal Loan Offer,0,0.41046073625139434
C02856,24,8040710.0,94,1,75,148444917.0,26,Mass,0,Personal Loan Offer,0,0.35216513846791914
C02857,46,25559739.0,114,3,60,12766785.0,24,Affluent,0,Personal Loan Offer,1,0.4249605324971317
C02858,56,22299011.0,78,6,74,8476334.0,28,Mass,1,Personal Loan Offer,1,0.43768909203743966
C02859,53,12187235.0,72,2,54,6481534.0,26,Affluent,0,Personal Loan Offer,0,0.3555674557150643
C02860,41,9407593.0,74,5,23,13568688.0,21,Priority,0,Personal Loan Offer,0,0.2578875161775854
C02861,29,22278447.0,119,3,17,9979399.0,19,Mass,0,Personal Loan Offer,1,0.3489116582703761
C02862,62,6948854.0,148,4,92,84251423.0,17,Priority,1,Personal Loan Offer,0,0.5978213780194491
C02863,58,14887521.0,101,6,50,5737333.0,26,Affluent,0,Personal Loan Offer,1,0.5226502727240965
C02864,48,41882543.0,123,5,39,4293911.0,23,Mass,0,Personal Loan Offer,0,0.5017219194494094
C02865,24,13434853.0,76,5,36,34726961.0,21,Mass,0,Personal Loan Offer,0,0.3206855001277051
C02866,22,7832811.0,140,3,14,17966803.0,19,Priority,0,Personal Loan Offer,0,0.22964123885043153
C02867,35,15038438.0,73,1,96,16003180.0,28,Affluent,1,Personal Loan Offer,0,0.5901963852749049
C02868,28,9266464.0,77,6,17,35000716.0,31,Mass,0,Personal Loan Offer,1,0.6201543088690146
C02869,59,5574167.0,12,6,29,22929950.0,18,Mass,1,Personal Loan Offer,1,0.5053986357273912
C02870,30,17645424.0,49,6,51,19085229.0,20,Mass,0,Personal Loan Offer,1,0.66682435381348
C02871,33,22191638.0,134,3,42,4904172.0,26,Mass,0,Personal Loan Offer,1,0.2515232030867273
C02872,64,10113872.0,18,2,13,3772120.0,20,Mass,0,Personal Loan Offer,0,0.21148954234562561
C02873,57,9751558.0,42,2,39,9927452.0,27,Priority,1,Personal Loan Offer,1,0.3972232212030341
C02874,30,7071310.0,141,3,80,6762329.0,27,Affluent,1,Personal Loan Offer,1,0.7142578234534797
C02875,38,11050129.0,158,3,32,26178490.0,32,Mass,0,Personal Loan Offer,0,0.4503084418683942
C02876,44,8807504.0,76,2,88,3310229.0,28,Mass,1,Personal Loan Offer,1,0.4676952613913212
C02877,50,6881514.0,75,6,42,12788831.0,28,Mass,1,Personal Loan Offer,0,0.2148232663788771
C02878,63,33974135.0,93,4,11,16821493.0,29,Priority,1,Personal Loan Offer,0,0.33079874194317993
C02879,60,15509887.0,140,2,19,19222414.0,27,Affluent,1,Personal Loan Offer,0,0.39314598258439853
C02880,64,16440108.0,86,4,83,29805607.0,28,Affluent,1,Personal Loan Offer,1,0.5933271166673502
C02881,22,19507059.0,33,5,46,14428308.0,25,Affluent,0,Personal Loan Offer,0,0.5192317702687416
C02882,31,18338021.0,79,4,99,10259871.0,19,Mass,1,Personal Loan Offer,1,0.6841924301459823
C02883,46,9561037.0,48,6,81,69422597.0,19,Mass,1,Personal Loan Offer,1,0.733042975716659
C02884,23,13940672.0,124,6,12,14522506.0,23,Affluent,1,Personal Loan Offer,0,0.3318001432660756
C02885,36,10349517.0,28,3,38,82670485.0,17,Affluent,0,Personal Loan Offer,0,0.4738799912096147
C02886,27,15272619.0,111,3,75,14448708.0,18,Affluent,0,Personal Loan Offer,0,0.7243216000549428
C02887,62,14480988.0,26,2,15,19677239.0,22,Affluent,0,Personal Loan Offer,0,0.46293515946179375
C02888,23,9722507.0,176,5,100,17408958.0,19,Mass,1,Personal Loan Offer,1,0.5668300298273083
C02889,27,5776468.0,116,6,25,25202694.0,18,Mass,0,Personal Loan Offer,0,0.4154301269150073
C02890,29,13005041.0,27,4,82,13142931.0,24,Affluent,1,Personal Loan Offer,0,0.6921659428544169
C02891,27,10724796.0,173,2,86,22018153.0,22,Mass,0,Personal Loan Offer,0,0.4811562014498392
C02892,46,4242709.0,105,4,55,92438753.0,27,Mass,0,Personal Loan Offer,0,0.4135063079846453
C02893,37,15865082.0,110,5,83,57087436.0,24,Affluent,1,Personal Loan Offer,0,0.45227823980987997
C02894,62,20406323.0,14,1,90,57481929.0,29,Mass,0,Personal Loan Offer,1,0.4003688029982202
C02895,32,48206926.0,36,4,76,5226813.0,27,Affluent,1,Personal Loan Offer,0,0.6074303079507838
C02896,45,9676962.0,146,4,74,6144838.0,22,Mass,0,Personal Loan Offer,0,0.3490916586910497
C02897,50,8922847.0,86,4,45,24865547.0,33,Affluent,0,Personal Loan Offer,0,0.4920512712730861
C02898,49,6519027.0,112,4,36,43227212.0,36,Priority,0,Personal Loan Offer,1,0.6066880809253717
C02899,56,13459157.0,178,6,88,11900694.0,21,Mass,0,Personal Loan Offer,1,0.5867649799076453
C02900,30,13412427.0,79,1,30,9955721.0,24,Priority,0,Personal Loan Offer,0,0.1564421159792733
C02901,43,7680569.0,70,4,47,80606176.0,20,Affluent,0,Personal Loan Offer,0,0.45401182428064407
C02902,57,10899263.0,145,5,56,39710234.0,28,Affluent,1,Personal Loan Offer,0,0.5896512033764174
C02903,59,4041600.0,14,5,45,57611313.0,27,Affluent,0,Personal Loan Offer,1,0.5223683098839507
C02904,48,19973649.0,83,3,43,12862064.0,31,Mass,0,Personal Loan Offer,0,0.317277331760015
C02905,50,7854079.0,155,6,64,11890166.0,25,Mass,1,Personal Loan Offer,1,0.3923256207343914
C02906,59,11773434.0,43,2,39,51656854.0,17,Mass,0,Personal Loan Offer,0,0.4138607640833832
C02907,49,5475181.0,57,3,99,15379053.0,20,Affluent,0,Personal Loan Offer,0,0.64460492653793
C02908,63,8711223.0,87,5,26,10857708.0,30,Mass,0,Personal Loan Offer,0,0.3002075558168821
C02909,26,10289578.0,16,3,45,8024793.0,36,Mass,0,Personal Loan Offer,0,0.2302509361855085
C02910,36,11925711.0,15,3,86,11994367.0,30,Priority,1,Personal Loan Offer,1,0.6682336303183625
C02911,26,15623240.0,47,4,53,47981515.0,35,Priority,1,Personal Loan Offer,0,0.47798662163221123
C02912,25,26480218.0,162,4,74,4419681.0,31,Affluent,0,Personal Loan Offer,0,0.6717446374596984
C02913,42,17955521.0,42,6,68,37516647.0,19,Mass,1,Personal Loan Offer,1,0.5987235685714771
C02914,31,20370691.0,133,4,40,9850414.0,27,Affluent,1,Personal Loan Offer,0,0.7216714707162628
C02915,39,26582787.0,78,2,77,16206816.0,24,Priority,0,Personal Loan Offer,0,0.5978773392509787
C02916,40,16415828.0,138,1,31,17278910.0,29,Mass,1,Personal Loan Offer,0,0.5149756208562137
C02917,48,11760162.0,61,6,78,16038425.0,23,Mass,1,Personal Loan Offer,0,0.6107611807771368
C02918,63,20903533.0,158,3,21,15008319.0,35,Priority,1,Personal Loan Offer,0,0.3614414107742822
C02919,59,21651219.0,69,2,73,12824743.0,22,Mass,0,Personal Loan Offer,0,0.33506069232261787
C02920,38,17143479.0,143,2,20,11294401.0,27,Affluent,1,Personal Loan Offer,1,0.23837160509150934
C02921,35,5391704.0,150,1,89,74851475.0,30,Mass,0,Personal Loan Offer,0,0.5178940376274619
C02922,55,7554199.0,79,2,66,20507314.0,28,Mass,1,Personal Loan Offer,0,0.42255021632358025
C02923,26,10316421.0,121,5,13,17633209.0,31,Mass,0,Personal Loan Offer,0,0.1698553315794208
C02924,45,18424812.0,24,4,19,10496896.0,26,Affluent,0,Personal Loan Offer,0,0.5196465916702716
C02925,40,11859937.0,91,4,27,13300325.0,30,Mass,1,Personal Loan Offer,0,0.5343813611833235
C02926,29,22425179.0,69,1,97,10533504.0,26,Priority,0,Personal Loan Offer,0,0.4066546514411766
C02927,48,24736671.0,172,5,63,42994683.0,25,Mass,1,Personal Loan Offer,0,0.6762404445656992
C02928,35,23206918.0,169,6,35,9413390.0,21,Priority,1,Personal Loan Offer,1,0.7643181771490409
C02929,29,23288367.0,142,6,35,2115913.0,22,Mass,0,Personal Loan Offer,0,0.2658723744864068
C02930,50,6783953.0,171,3,12,21200830.0,21,Mass,1,Personal Loan Offer,1,0.20831000585249862
C02931,28,15648204.0,176,4,28,15124886.0,24,Priority,0,Personal Loan Offer,0,0.36438496976652035
C02932,51,8591434.0,139,2,87,11133338.0,26,Mass,1,Personal Loan Offer,1,0.6018227070963368
C02933,28,4844869.0,108,6,64,49763829.0,23,Mass,1,Personal Loan Offer,1,0.4849000050313865
C02934,40,10245079.0,39,6,43,1299803.0,25,Mass,0,Personal Loan Offer,1,0.411402528714745
C02935,57,24866263.0,148,2,11,96735102.0,26,Affluent,1,Personal Loan Offer,1,0.38085749061574775
C02936,31,15460908.0,37,3,41,57420997.0,29,Affluent,0,Personal Loan Offer,0,0.6362256224405527
C02937,55,36404843.0,35,2,44,10672593.0,17,Priority,0,Personal Loan Offer,0,0.49166098058434443
C02938,53,13228627.0,159,4,20,12742565.0,28,Mass,0,Personal Loan Offer,0,0.28066707611712494
C02939,61,46117762.0,23,2,65,33119400.0,23,Mass,0,Personal Loan Offer,0,0.47503182349679285
C02940,28,13230745.0,28,5,70,34019989.0,17,Mass,0,Personal Loan Offer,0,0.6116989185457338
C02941,53,12149291.0,93,6,100,10610567.0,26,Priority,1,Personal Loan Offer,1,0.6347500985278203
C02942,63,5937226.0,106,6,42,3970752.0,37,Mass,0,Personal Loan Offer,0,0.47317609265592864
C02943,55,22103062.0,11,2,35,165575121.0,20,Mass,0,Personal Loan Offer,0,0.2554765616171564
C02944,29,9104218.0,70,1,84,52031865.0,24,Mass,0,Personal Loan Offer,0,0.3008150894521696
C02945,57,8406712.0,43,5,41,23396473.0,24,Mass,0,Personal Loan Offer,1,0.21527754852308903
C02946,25,24278312.0,56,1,67,23843402.0,33,Affluent,0,Personal Loan Offer,0,0.4302830065635892
C02947,47,22690109.0,35,3,77,37227558.0,31,Mass,0,Personal Loan Offer,1,0.667777520636325
C02948,43,22365842.0,123,6,90,41963306.0,23,Affluent,1,Personal Loan Offer,0,0.4983666386339059
C02949,44,9832582.0,87,3,38,2482747.0,18,Mass,0,Personal Loan Offer,0,0.39068939951443166
C02950,44,11668232.0,173,1,66,14081478.0,30,Mass,1,Personal Loan Offer,1,0.3117982884972365
C02951,22,11611393.0,4,6,21,12691117.0,23,Affluent,0,Personal Loan Offer,0,0.32367391786957145
C02952,43,18454194.0,141,5,80,17018443.0,43,Affluent,1,Personal Loan Offer,1,0.7206533511895807
C02953,63,28201276.0,164,2,14,43229633.0,22,Mass,0,Personal Loan Offer,1,0.4301119223089445
C02954,40,14693236.0,89,4,73,3338936.0,37,Affluent,1,Personal Loan Offer,0,0.762116881360928
C02955,33,35555567.0,127,4,29,5189254.0,18,Affluent,0,Personal Loan Offer,1,0.49929668595008747
C02956,65,19655625.0,81,4,52,10114674.0,25,Mass,0,Personal Loan Offer,0,0.4476496719598994
C02957,25,10546215.0,108,6,16,23337871.0,31,Affluent,0,Personal Loan Offer,1,0.4940841025271606
C02958,42,18929053.0,164,5,72,45963973.0,19,Affluent,1,Personal Loan Offer,0,0.8499230109080904
C02959,44,30666590.0,97,2,53,102212675.0,24,Mass,0,Personal Loan Offer,0,0.4014686432158222
C02960,42,36016083.0,105,6,70,15019931.0,26,Mass,0,Personal Loan Offer,1,0.7633581619631169
C02961,62,23050717.0,178,6,41,45888438.0,22,Mass,0,Personal Loan Offer,0,0.4286703567396466
C02962,39,12170653.0,91,1,10,40686435.0,22,Mass,0,Personal Loan Offer,0,0.1472105433122333
C02963,64,10651762.0,33,2,62,34377471.0,20,Affluent,1,Personal Loan Offer,1,0.6633393053653898
C02964,24,16473366.0,124,4,73,19520229.0,32,Affluent,0,Personal Loan Offer,0,0.6017056961761624
C02965,54,30132147.0,126,6,70,13412677.0,31,Mass,1,Personal Loan Offer,0,0.664617591416871
C02966,47,15233237.0,45,5,33,6891804.0,30,Priority,1,Personal Loan Offer,0,0.5992822655040446
C02967,31,15408190.0,132,4,75,6450382.0,38,Priority,1,Personal Loan Offer,0,0.5568479242145231
C02968,31,12344066.0,14,2,59,28298650.0,20,Mass,0,Personal Loan Offer,1,0.3316927361668519
C02969,53,10019834.0,59,1,29,18940638.0,26,Mass,0,Personal Loan Offer,0,0.199289830941918
C02970,49,10976237.0,155,6,20,13200106.0,20,Mass,0,Personal Loan Offer,0,0.418163713182566
C02971,48,12927941.0,112,4,39,38882369.0,24,Priority,0,Personal Loan Offer,0,0.5511818562552625
C02972,23,30872371.0,111,3,12,16366607.0,29,Mass,0,Personal Loan Offer,0,0.2586384087967969
C02973,47,10517748.0,113,6,75,8024931.0,24,Affluent,0,Personal Loan Offer,0,0.8333167519268209
C02974,65,12352312.0,32,1,11,15321150.0,22,Priority,0,Personal Loan Offer,0,0.2878861913803442
C02975,21,7455477.0,174,2,14,45438607.0,26,Affluent,0,Personal Loan Offer,0,0.2983329898566225
C02976,42,17797424.0,56,6,24,7186606.0,28,Affluent,0,Personal Loan Offer,1,0.6503966850428226
C02977,43,25446551.0,142,2,39,24655724.0,15,Mass,0,Personal Loan Offer,0,0.24882005782237468
C02978,61,29323243.0,179,6,11,18921645.0,24,Mass,1,Personal Loan Offer,0,0.3464846485412399
C02979,33,13420148.0,45,6,67,9345756.0,23,Mass,1,Personal Loan Offer,0,0.5989771934548686
C02980,42,16457833.0,115,1,22,14915189.0,31,Affluent,0,Personal Loan Offer,0,0.1745223469720441
C02981,53,11028182.0,10,3,83,4153907.0,16,Mass,1,Personal Loan Offer,1,0.46017212765924587
C02982,23,16043711.0,116,5,60,22317530.0,25,Mass,1,Personal Loan Offer,0,0.7480141000758748
C02983,57,14261841.0,81,3,17,5108978.0,26,Affluent,1,Personal Loan Offer,1,0.5617416025198033
C02984,57,12390773.0,15,2,46,58449872.0,37,Mass,0,Personal Loan Offer,0,0.4839810601053205
C02985,53,12944502.0,122,1,22,18242606.0,29,Mass,0,Personal Loan Offer,0,0.37171384482634423
C02986,50,15386091.0,175,1,99,11290014.0,27,Mass,1,Personal Loan Offer,1,0.5726042909139917
C02987,54,10207501.0,17,2,63,63834360.0,21,Mass,1,Personal Loan Offer,0,0.3491411211696382
C02988,56,10501661.0,161,2,83,7126950.0,30,Mass,1,Personal Loan Offer,0,0.6768258304446332
C02989,61,30690580.0,153,2,44,9469247.0,29,Affluent,0,Personal Loan Offer,0,0.34060418211566756
C02990,40,53287798.0,100,6,23,3210689.0,31,Mass,0,Personal Loan Offer,0,0.6501216725716212
C02991,41,6187337.0,163,4,31,74086889.0,16,Mass,1,Personal Loan Offer,0,0.2848217403313909
C02992,49,6002629.0,58,1,47,130138331.0,14,Affluent,1,Personal Loan Offer,0,0.3050570306747097
C02993,29,7088492.0,131,1,80,3751434.0,31,Mass,1,Personal Loan Offer,1,0.48894396379675054
C02994,59,11337298.0,127,1,49,8845951.0,17,Mass,1,Personal Loan Offer,0,0.5453740414977866
C02995,55,19640346.0,106,2,94,21446165.0,32,Mass,1,Personal Loan Offer,0,0.7181526090069693
C02996,49,16611509.0,151,5,42,11941720.0,23,Priority,0,Personal Loan Offer,1,0.598319062128389
C02997,34,13190855.0,158,1,31,19383405.0,23,Affluent,0,Personal Loan Offer,0,0.3210766457487833
C02998,36,16051803.0,142,3,55,17781069.0,32,Mass,1,Personal Loan Offer,0,0.532544593692667
C02999,40,8201026.0,107,3,20,30062668.0,32,Affluent,0,Personal Loan Offer,0,0.5147583439281298
C03000,50,10492273.0,176,1,70,7650468.0,22,Mass,0,Personal Loan Offer,0,0.20237985652566495
C03001,56,11868106.0,101,1,19,24249401.0,25,Mass,0,Personal Loan Offer,0,0.22024086895456588
C03002,51,5020792.0,116,2,68,6550916.0,27,Mass,0,Personal Loan Offer,0,0.2841290031806251
C03003,62,6335610.0,36,1,44,13248368.0,28,Affluent,0,Personal Loan Offer,0,0.3224819250276463
C03004,64,6475626.0,60,5,42,3521831.0,20,Affluent,0,Personal Loan Offer,1,0.31797899170083266
C03005,52,18268279.0,164,6,65,13345564.0,20,Mass,1,Personal Loan Offer,1,0.3459694014083174
C03006,37,13733689.0,91,4,74,11279588.0,28,Mass,0,Personal Loan Offer,0,0.36570904120188086
C03007,47,16793473.0,94,5,94,51383218.0,34,Mass,1,Personal Loan Offer,0,0.5994112484522075
C03008,40,4362723.0,148,5,36,18849233.0,25,Mass,0,Personal Loan Offer,0,0.4632139733529866
C03009,49,5306566.0,61,6,83,22606455.0,29,Mass,1,Personal Loan Offer,0,0.5135154003925306
C03010,57,17282167.0,50,1,86,19555963.0,20,Priority,0,Personal Loan Offer,1,0.46185775811527785
C03011,37,3000000.0,4,6,100,2378865.0,26,Priority,1,Personal Loan Offer,0,0.7856665127345893
C03012,43,23534156.0,44,3,97,2714984.0,21,Priority,1,Personal Loan Offer,1,0.7223699254833622
C03013,23,4402102.0,94,4,81,14542198.0,24,Affluent,1,Personal Loan Offer,0,0.7629653304751299
C03014,54,19082016.0,132,5,36,26424517.0,21,Mass,1,Personal Loan Offer,1,0.544410007551361
C03015,43,7360921.0,61,3,73,15813549.0,25,Mass,1,Personal Loan Offer,0,0.33953064218064466
C03016,41,21366060.0,82,2,81,8428959.0,20,Priority,1,Personal Loan Offer,1,0.5146696001356029
C03017,44,70063022.0,42,1,36,15727632.0,22,Mass,1,Personal Loan Offer,0,0.5235204500453214
C03018,30,3437206.0,148,2,84,14420441.0,28,Mass,0,Personal Loan Offer,1,0.35318905395875594
C03019,47,17590590.0,96,1,73,43585979.0,24,Mass,0,Personal Loan Offer,1,0.38346758532136016
C03020,54,4438947.0,28,3,54,41212939.0,21,Affluent,0,Personal Loan Offer,1,0.2512669720139762
C03021,36,15174700.0,111,5,88,11499663.0,25,Mass,0,Personal Loan Offer,0,0.45242795011405545
C03022,26,10710044.0,62,3,17,19026030.0,29,Affluent,0,Personal Loan Offer,0,0.48933520497965033
C03023,38,12887875.0,156,4,72,26362210.0,21,Affluent,1,Personal Loan Offer,0,0.5878239451857357
C03024,29,7267986.0,50,2,81,30580932.0,33,Mass,0,Personal Loan Offer,0,0.3963334675734738
C03025,37,18434138.0,156,4,13,104410512.0,26,Affluent,0,Personal Loan Offer,0,0.3360222289445963
C03026,49,5410329.0,127,6,47,19444896.0,27,Affluent,1,Personal Loan Offer,0,0.7322511825169938
C03027,26,23755335.0,27,2,57,64359019.0,24,Mass,0,Personal Loan Offer,0,0.3456037158243319
C03028,54,9581355.0,138,3,28,6269203.0,28,Mass,1,Personal Loan Offer,0,0.3661664499072675
C03029,31,5547940.0,131,6,90,10570409.0,28,Mass,0,Personal Loan Offer,0,0.7282612314315879
C03030,61,28850344.0,84,4,67,2362943.0,31,Mass,1,Personal Loan Offer,1,0.7158190325932331
C03031,53,11563669.0,31,3,35,23267064.0,28,Mass,0,Personal Loan Offer,1,0.2560069457946656
C03032,33,34264384.0,88,1,49,38216075.0,24,Priority,1,Personal Loan Offer,1,0.32691876357898003
C03033,46,23491826.0,111,6,20,1553246.0,21,Mass,1,Personal Loan Offer,0,0.28894012806705305
C03034,25,7736323.0,26,4,17,24143583.0,27,Mass,0,Personal Loan Offer,0,0.3896176780431238
C03035,25,11451976.0,63,1,77,36596135.0,30,Mass,1,Personal Loan Offer,0,0.6706911960182156
C03036,64,12826040.0,127,4,99,34569434.0,24,Mass,0,Personal Loan Offer,0,0.6995006913648363
C03037,57,27781586.0,101,6,35,6048868.0,32,Mass,0,Personal Loan Offer,0,0.42313298641792474
C03038,27,15264676.0,179,6,32,43330304.0,17,Mass,1,Personal Loan Offer,0,0.5822668948927016
C03039,33,13221808.0,41,2,72,20186958.0,27,Affluent,0,Personal Loan Offer,0,0.44603150668338415
C03040,29,10750722.0,141,3,56,36117225.0,23,Affluent,0,Personal Loan Offer,0,0.36927251334423467
C03041,38,11670920.0,78,6,22,17634803.0,24,Mass,0,Personal Loan Offer,1,0.35714136064088137
C03042,34,24592273.0,42,5,70,29276046.0,25,Affluent,0,Personal Loan Offer,0,0.568539310972319
C03043,35,12024480.0,172,4,29,60640808.0,32,Mass,0,Personal Loan Offer,1,0.2971141990683664
C03044,44,9656760.0,113,2,20,16308888.0,28,Mass,0,Personal Loan Offer,0,0.39303747125029814
C03045,29,8797149.0,98,5,52,26571443.0,30,Affluent,1,Personal Loan Offer,0,0.4716785773020192
C03046,60,8849277.0,55,4,77,69790714.0,27,Affluent,0,Personal Loan Offer,0,0.39923774316117167
C03047,53,5549755.0,159,4,57,17505272.0,24,Priority,1,Personal Loan Offer,0,0.6171070346941516
C03048,55,7942279.0,8,6,68,6490478.0,19,Mass,0,Personal Loan Offer,1,0.4245389985279364
C03049,28,27358788.0,23,3,31,39321656.0,19,Priority,0,Personal Loan Offer,0,0.35996802254164106
C03050,52,10711062.0,35,4,54,83982621.0,23,Mass,1,Personal Loan Offer,0,0.5371158942472825
C03051,58,17678215.0,119,1,74,72567400.0,23,Mass,1,Personal Loan Offer,0,0.34496072335828903
C03052,28,3069733.0,21,5,58,40883233.0,33,Mass,1,Personal Loan Offer,1,0.43320369067405584
C03053,54,16403223.0,144,4,31,1918560.0,19,Affluent,0,Personal Loan Offer,0,0.42107874242238785
C03054,37,10980958.0,37,6,96,10589888.0,26,Mass,1,Personal Loan Offer,1,0.633237568133704
C03055,56,9208386.0,123,2,16,11146570.0,27,Mass,0,Personal Loan Offer,0,0.20782660527257144
C03056,42,13255792.0,144,6,92,20917804.0,21,Priority,0,Personal Loan Offer,1,0.4773716773867478
C03057,57,9135818.0,159,4,75,108201703.0,30,Affluent,0,Personal Loan Offer,1,0.5819004808888623
C03058,27,3731370.0,55,2,20,6788233.0,29,Mass,0,Personal Loan Offer,0,0.423020320599483
C03059,38,19928344.0,16,1,33,188280781.0,31,Mass,0,Personal Loan Offer,1,0.4052624941972125
C03060,33,13716045.0,137,2,43,13645425.0,20,Affluent,0,Personal Loan Offer,0,0.3405425843431022
C03061,32,10096999.0,82,2,97,9289001.0,20,Priority,1,Personal Loan Offer,0,0.6758169827379336
C03062,34,7053364.0,171,4,57,46569089.0,23,Affluent,1,Personal Loan Offer,0,0.5803555374063246
C03063,38,5346729.0,36,6,33,50402286.0,24,Mass,0,Personal Loan Offer,0,0.32640114000416454
C03064,26,13572526.0,105,6,93,38308783.0,23,Mass,1,Personal Loan Offer,1,0.7866644636431288
C03065,52,29145461.0,24,5,20,9265305.0,26,Mass,1,Personal Loan Offer,0,0.42497615553272633
C03066,45,13418686.0,89,3,84,33041370.0,33,Priority,1,Personal Loan Offer,1,0.6138670437569238
C03067,58,5609086.0,3,4,85,7114782.0,27,Affluent,1,Personal Loan Offer,0,0.7694007918087118
C03068,52,13581667.0,136,2,45,9011364.0,20,Affluent,1,Personal Loan Offer,1,0.18496338688071812
C03069,27,11653051.0,110,2,13,18189820.0,32,Mass,0,Personal Loan Offer,0,0.15700316741333928
C03070,24,19300493.0,20,4,90,8808954.0,20,Mass,1,Personal Loan Offer,1,0.6615782136883416
C03071,40,16753545.0,91,5,98,57310309.0,17,Affluent,1,Personal Loan Offer,1,0.7668597626976411
C03072,42,3000000.0,79,1,44,11218506.0,28,Affluent,1,Personal Loan Offer,0,0.5370548343149025
C03073,31,16196414.0,122,1,26,16043055.0,19,Mass,0,Personal Loan Offer,0,0.09733480483624475
C03074,56,6910161.0,91,2,34,8294014.0,30,Affluent,0,Personal Loan Offer,0,0.4538160538567084
C03075,47,5490151.0,84,2,22,56449255.0,20,Mass,0,Personal Loan Offer,0,0.15238861095913406
C03076,54,10818377.0,150,1,65,10273886.0,28,Affluent,0,Personal Loan Offer,0,0.4856331881170604
C03077,25,15043421.0,95,1,57,62661259.0,19,Affluent,0,Personal Loan Offer,0,0.4028528318913153
C03078,57,4867121.0,147,1,42,58222732.0,23,Mass,0,Personal Loan Offer,0,0.3774833077011399
C03079,30,17679817.0,160,3,69,12804432.0,35,Affluent,0,Personal Loan Offer,0,0.5289661988572263
C03080,41,18260550.0,153,5,66,20602246.0,25,Mass,0,Personal Loan Offer,0,0.6644473097722091
C03081,40,12314083.0,173,1,11,12453769.0,23,Mass,0,Personal Loan Offer,0,0.14728389054577068
C03082,57,7446273.0,127,2,47,34517080.0,22,Priority,0,Personal Loan Offer,1,0.42939954051546814
C03083,33,7002371.0,102,6,88,16465396.0,28,Priority,1,Personal Loan Offer,1,0.7491792688815907
C03084,31,21097812.0,97,2,82,13174085.0,27,Mass,1,Personal Loan Offer,1,0.7004372867485573
C03085,36,5226460.0,39,6,87,20945241.0,23,Affluent,1,Personal Loan Offer,1,0.7562156585341404
C03086,37,21549776.0,150,4,96,4110384.0,27,Mass,1,Personal Loan Offer,1,0.6503269527197965
C03087,29,10957752.0,126,5,15,18539137.0,26,Affluent,1,Personal Loan Offer,1,0.47404369617481573
C03088,28,11383873.0,158,2,34,38295954.0,29,Mass,1,Personal Loan Offer,0,0.43933787537268343
C03089,31,4690121.0,127,2,51,22960760.0,25,Mass,0,Personal Loan Offer,0,0.38443033461905857
C03090,42,11069709.0,88,3,56,51799932.0,33,Mass,1,Personal Loan Offer,0,0.31449982280042493
C03091,36,16816805.0,55,1,81,13714233.0,25,Priority,1,Personal Loan Offer,1,0.6337485238178163
C03092,38,5753919.0,178,2,75,12634631.0,23,Priority,0,Personal Loan Offer,1,0.5325192820339104
C03093,53,15786519.0,133,6,74,6543114.0,24,Mass,1,Personal Loan Offer,0,0.554984836357976
C03094,31,12602099.0,158,1,24,13329603.0,25,Mass,0,Personal Loan Offer,0,0.17955030951467807
C03095,61,8421947.0,107,4,71,142825685.0,24,Mass,1,Personal Loan Offer,0,0.5929737865977133
C03096,54,19201278.0,93,5,82,26344925.0,25,Mass,1,Personal Loan Offer,0,0.6659949961156112
C03097,28,3573929.0,9,1,78,11136144.0,19,Mass,0,Personal Loan Offer,0,0.2783073355387709
C03098,35,14520785.0,15,1,63,7312537.0,34,Affluent,0,Personal Loan Offer,0,0.3185973069468572
C03099,29,29241706.0,128,4,18,4043868.0,23,Mass,0,Personal Loan Offer,0,0.5876724768704599
C03100,33,26492863.0,42,2,23,8717554.0,25,Mass,1,Personal Loan Offer,0,0.40157041551047135
C03101,37,14869325.0,17,6,77,42731048.0,22,Priority,1,Personal Loan Offer,1,0.7203607294221116
C03102,26,10165323.0,141,2,89,13048856.0,31,Mass,1,Personal Loan Offer,0,0.5792878010762542
C03103,21,8458867.0,113,1,85,7671871.0,22,Mass,1,Personal Loan Offer,1,0.37181097875600644
C03104,40,10158365.0,22,2,48,8563838.0,21,Priority,0,Personal Loan Offer,0,0.4222385010542761
C03105,52,16183636.0,91,2,63,38290931.0,26,Affluent,0,Personal Loan Offer,0,0.48435498928798126
C03106,34,7697707.0,86,1,26,18439022.0,24,Mass,0,Personal Loan Offer,0,0.33695778765953377
C03107,59,18201240.0,3,4,63,10681656.0,28,Mass,0,Personal Loan Offer,1,0.32967954403847777
C03108,37,38789319.0,110,3,27,14692599.0,26,Affluent,0,Personal Loan Offer,0,0.32663726489917994
C03109,61,11598443.0,73,4,82,181565306.0,31,Mass,0,Personal Loan Offer,0,0.44231285334519055
C03110,31,5728705.0,159,2,81,67718225.0,28,Mass,1,Personal Loan Offer,0,0.5732808497130504
C03111,45,5727603.0,23,1,14,86865210.0,19,Mass,0,Personal Loan Offer,0,0.19916091591042182
C03112,55,18393875.0,153,1,95,3468174.0,24,Affluent,1,Personal Loan Offer,1,0.44464264088620153
C03113,23,11612084.0,4,1,82,17195195.0,25,Mass,1,Personal Loan Offer,0,0.40710655003118607
C03114,62,19436712.0,139,6,44,10495464.0,37,Mass,0,Personal Loan Offer,0,0.44590845790184164
C03115,37,8947801.0,142,2,51,34452187.0,23,Affluent,1,Personal Loan Offer,0,0.2525823684685268
C03116,43,18948970.0,75,2,17,57716272.0,12,Mass,1,Personal Loan Offer,0,0.3918619668885
C03117,49,10999415.0,52,4,95,27720120.0,24,Mass,1,Personal Loan Offer,0,0.5742639420681626
C03118,49,8020730.0,28,1,19,8358360.0,28,Priority,0,Personal Loan Offer,1,0.46493164025369343
C03119,22,9624938.0,63,4,93,10326557.0,21,Affluent,0,Personal Loan Offer,1,0.45224695496576767
C03120,60,6212272.0,122,4,69,37199791.0,27,Mass,1,Personal Loan Offer,0,0.5525959281990439
C03121,49,35839635.0,132,5,93,41091671.0,17,Priority,0,Personal Loan Offer,0,0.6181741941112584
C03122,65,11380446.0,35,1,43,23027396.0,30,Mass,1,Personal Loan Offer,0,0.6022816000543532
C03123,42,17105318.0,4,1,91,22771806.0,20,Mass,0,Personal Loan Offer,0,0.2760839223602783
C03124,48,8931895.0,102,5,48,21027998.0,29,Mass,0,Personal Loan Offer,0,0.673951618157252
C03125,40,6728460.0,106,3,41,26175630.0,21,Affluent,1,Personal Loan Offer,0,0.39469657541342373
C03126,61,10551546.0,177,1,40,40923041.0,29,Mass,0,Personal Loan Offer,0,0.27970563710482826
C03127,58,21989445.0,138,4,96,37558435.0,29,Mass,1,Personal Loan Offer,0,0.7035679347647911
C03128,61,9011524.0,100,3,52,20477315.0,20,Mass,1,Personal Loan Offer,0,0.2783936240611401
C03129,43,7434372.0,108,6,53,19042682.0,22,Mass,1,Personal Loan Offer,1,0.5914360006560008
C03130,56,13071208.0,117,6,68,18328074.0,21,Affluent,1,Personal Loan Offer,0,0.7181936746400017
C03131,37,15789878.0,83,4,60,9165089.0,21,Mass,1,Personal Loan Offer,0,0.4679647152196089
C03132,41,29620691.0,123,1,59,9049451.0,25,Mass,1,Personal Loan Offer,0,0.431341218425109
C03133,55,14577357.0,37,5,44,34456186.0,35,Mass,1,Personal Loan Offer,1,0.7028197133836529
C03134,24,17100413.0,150,2,24,9804715.0,25,Priority,1,Personal Loan Offer,0,0.4637184010974949
C03135,52,17823326.0,156,6,100,45135368.0,24,Mass,1,Personal Loan Offer,0,0.6119221043869848
C03136,21,6364580.0,80,4,54,18999061.0,34,Mass,0,Personal Loan Offer,0,0.5376139533432542
C03137,47,7064442.0,84,3,98,45391621.0,28,Mass,0,Personal Loan Offer,1,0.5001646951760415
C03138,42,6611190.0,91,6,51,37814441.0,30,Priority,1,Personal Loan Offer,0,0.5268720015039086
C03139,42,5767429.0,148,4,64,46463274.0,23,Mass,1,Personal Loan Offer,1,0.5278087688908797
C03140,43,18586018.0,34,3,59,12420726.0,21,Mass,0,Personal Loan Offer,0,0.3170268234379477
C03141,43,14075479.0,63,2,97,30103207.0,30,Mass,1,Personal Loan Offer,1,0.5533451490897786
C03142,39,12536313.0,112,4,20,41830271.0,30,Mass,0,Personal Loan Offer,1,0.4170146136299463
C03143,41,3000000.0,126,2,57,4239331.0,15,Mass,0,Personal Loan Offer,0,0.5670120414480397
C03144,46,37166913.0,55,1,23,109664502.0,24,Mass,1,Personal Loan Offer,1,0.3895671911315913
C03145,55,7337932.0,23,1,88,192806158.0,22,Mass,1,Personal Loan Offer,0,0.30419434947424484
C03146,45,37092087.0,93,4,58,51574149.0,26,Mass,1,Personal Loan Offer,1,0.38051282697200167
C03147,49,5407700.0,116,6,93,44773347.0,21,Affluent,0,Personal Loan Offer,0,0.8424220440845676
C03148,58,7675904.0,139,2,35,36035007.0,21,Mass,0,Personal Loan Offer,0,0.23154910641688262
C03149,65,3572764.0,3,2,24,14473204.0,21,Mass,0,Personal Loan Offer,0,0.1330410785657617
C03150,25,14644654.0,6,4,67,17913633.0,31,Mass,1,Personal Loan Offer,0,0.38757276852194655
C03151,53,6548365.0,71,1,23,52464522.0,26,Affluent,1,Personal Loan Offer,0,0.37071834426958017
C03152,31,6650929.0,103,1,43,7557308.0,16,Affluent,1,Personal Loan Offer,1,0.33426282012570524
C03153,29,5640788.0,3,4,38,6924150.0,24,Affluent,0,Personal Loan Offer,0,0.5011471156708801
C03154,56,18401863.0,33,4,30,13442255.0,19,Affluent,1,Personal Loan Offer,0,0.41663987884318415
C03155,24,17746914.0,77,1,21,38551131.0,13,Mass,0,Personal Loan Offer,0,0.14997874714422352
C03156,59,32509270.0,52,2,69,8413151.0,21,Mass,0,Personal Loan Offer,0,0.27033141092369894
C03157,55,8229852.0,129,2,78,15963681.0,24,Mass,0,Personal Loan Offer,0,0.34475660243176065
C03158,65,13534707.0,9,5,45,17976344.0,19,Mass,1,Personal Loan Offer,0,0.45424810000398563
C03159,51,5904840.0,161,4,35,7270776.0,20,Affluent,0,Personal Loan Offer,0,0.2720247413812976
C03160,60,9980520.0,33,5,24,1743622.0,27,Mass,0,Personal Loan Offer,0,0.4847014099978282
C03161,26,9020879.0,81,1,71,7165084.0,26,Mass,0,Personal Loan Offer,0,0.2764109155521999
C03162,61,15492470.0,178,6,83,25961607.0,18,Mass,0,Personal Loan Offer,1,0.4187979022704668
C03163,28,20994671.0,120,2,59,32520665.0,21,Affluent,1,Personal Loan Offer,0,0.46992024702342045
C03164,35,20697095.0,180,6,49,32789071.0,31,Affluent,0,Personal Loan Offer,0,0.6870226625341419
C03165,26,7548583.0,6,6,69,36792892.0,31,Affluent,0,Personal Loan Offer,0,0.7854942990053151
C03166,39,20781517.0,131,3,93,10690306.0,33,Mass,0,Personal Loan Offer,0,0.39224167587643555
C03167,54,11712537.0,16,5,100,8628953.0,23,Priority,1,Personal Loan Offer,1,0.8518470039703122
C03168,33,10038005.0,111,5,27,29101516.0,25,Affluent,0,Personal Loan Offer,0,0.4599147290714205
C03169,57,8127272.0,61,5,53,16183338.0,22,Affluent,0,Personal Loan Offer,0,0.44215765187623884
C03170,48,8819295.0,141,1,89,49541510.0,21,Mass,0,Personal Loan Offer,0,0.5358944619404795
C03171,49,31286268.0,25,1,67,29285890.0,19,Mass,0,Personal Loan Offer,0,0.5954362461145687
C03172,63,14210521.0,162,6,84,72208144.0,28,Affluent,1,Personal Loan Offer,1,0.5062444895015925
C03173,40,13209591.0,88,5,100,12555966.0,18,Priority,1,Personal Loan Offer,1,0.6906905184538298
C03174,36,10388203.0,95,4,19,58163995.0,28,Mass,1,Personal Loan Offer,0,0.2716372851365231
C03175,65,46071516.0,104,2,65,152995448.0,26,Mass,1,Personal Loan Offer,0,0.6192929288545052
C03176,46,24597933.0,9,3,58,21104258.0,26,Mass,0,Personal Loan Offer,0,0.639266909730263
C03177,48,8071364.0,58,3,35,32951571.0,21,Priority,0,Personal Loan Offer,0,0.44058524423177886
C03178,34,10323454.0,129,3,69,7886907.0,34,Mass,0,Personal Loan Offer,0,0.43582722874185864
C03179,30,10666118.0,174,4,19,48900558.0,21,Priority,0,Personal Loan Offer,0,0.47569026412024784
C03180,28,13002430.0,178,5,55,61854846.0,32,Mass,0,Personal Loan Offer,0,0.48137363283546386
C03181,31,8159904.0,98,3,47,12198086.0,29,Mass,0,Personal Loan Offer,0,0.1695418121554948
C03182,29,15275584.0,48,6,45,35941472.0,23,Mass,1,Personal Loan Offer,0,0.5580293501632202
C03183,54,26670421.0,88,1,65,26475109.0,36,Mass,1,Personal Loan Offer,1,0.5621052581384895
C03184,23,5826469.0,85,5,95,29562822.0,25,Mass,1,Personal Loan Offer,0,0.7327015103640867
C03185,49,6452231.0,73,5,96,45049055.0,24,Mass,0,Personal Loan Offer,0,0.4805033168144059
C03186,63,9199687.0,67,4,73,33603552.0,22,Mass,1,Personal Loan Offer,1,0.5781585249342195
C03187,55,9437292.0,157,3,40,17404772.0,17,Mass,0,Personal Loan Offer,0,0.5203126969857953
C03188,39,36019587.0,72,3,97,46017816.0,27,Mass,1,Personal Loan Offer,0,0.8652922425976193
C03189,23,20818598.0,8,3,100,60799913.0,26,Affluent,1,Personal Loan Offer,1,0.7205133191592158
C03190,58,20171767.0,131,6,87,11490698.0,24,Mass,1,Personal Loan Offer,1,0.7579243517520424
C03191,21,10376105.0,121,1,89,19964050.0,25,Priority,1,Personal Loan Offer,0,0.44674490535326516
C03192,51,10251605.0,70,4,84,3411116.0,26,Mass,0,Personal Loan Offer,0,0.4091185329869783
C03193,51,5400376.0,115,6,79,35849525.0,21,Affluent,0,Personal Loan Offer,0,0.748143425101276
C03194,29,18446299.0,170,4,76,67955281.0,21,Mass,0,Personal Loan Offer,1,0.304189377697544
C03195,54,15720832.0,167,4,68,15462799.0,26,Mass,0,Personal Loan Offer,1,0.5270338134006695
C03196,28,24342047.0,143,4,68,22854966.0,18,Affluent,1,Personal Loan Offer,0,0.7382656185164413
C03197,31,10686169.0,106,4,45,16047235.0,27,Priority,0,Personal Loan Offer,0,0.6094425681606703
C03198,57,11099811.0,7,4,90,13624042.0,20,Mass,0,Personal Loan Offer,0,0.647597197052737
C03199,65,13176457.0,94,6,67,25226715.0,21,Mass,1,Personal Loan Offer,0,0.5570223558934859
C03200,32,19598447.0,148,5,65,9129307.0,26,Affluent,1,Personal Loan Offer,0,0.5539032876455191
C03201,62,5345676.0,153,6,77,15807039.0,25,Priority,1,Personal Loan Offer,0,0.8659671564685301
C03202,62,17988587.0,140,4,16,8094472.0,25,Affluent,1,Personal Loan Offer,1,0.5312019402265625
C03203,55,11865489.0,178,5,93,36046467.0,23,Mass,1,Personal Loan Offer,1,0.7164573474424726
C03204,27,6703677.0,94,6,63,25405620.0,23,Mass,1,Personal Loan Offer,0,0.536493000669258
C03205,34,3812837.0,22,2,95,12994086.0,22,Priority,1,Personal Loan Offer,0,0.5303100494322976
C03206,51,11132248.0,91,6,19,20755495.0,38,Mass,1,Personal Loan Offer,0,0.5451478346534074
C03207,65,26606320.0,59,5,31,16038740.0,23,Mass,0,Personal Loan Offer,0,0.3963418750794252
C03208,57,30143919.0,151,3,96,62779428.0,23,Affluent,1,Personal Loan Offer,1,0.6849428811221998
C03209,39,14590397.0,141,5,73,12867696.0,33,Mass,1,Personal Loan Offer,1,0.6464593734920371
C03210,31,35304476.0,78,2,68,37742140.0,27,Mass,0,Personal Loan Offer,1,0.5245689341771196
C03211,64,11719909.0,72,5,46,9880123.0,33,Mass,1,Personal Loan Offer,0,0.6521556842352523
C03212,33,20271655.0,31,4,60,45149115.0,18,Priority,1,Personal Loan Offer,0,0.43116885288168155
C03213,36,9362662.0,10,6,59,56432085.0,28,Affluent,0,Personal Loan Offer,1,0.610831589259963
C03214,64,9041972.0,58,4,28,59159582.0,25,Mass,0,Personal Loan Offer,0,0.6108245404794187
C03215,46,8267041.0,45,4,61,87073202.0,32,Affluent,1,Personal Loan Offer,1,0.6552273533575211
C03216,32,3863663.0,50,4,56,26793981.0,19,Affluent,0,Personal Loan Offer,0,0.4523838522284827
C03217,21,24356710.0,180,4,38,68970507.0,21,Mass,1,Personal Loan Offer,0,0.5229250091579366
C03218,40,8431788.0,124,6,41,101485124.0,20,Mass,0,Personal Loan Offer,1,0.46099169713351246
C03219,65,7722324.0,101,5,79,6512217.0,30,Priority,0,Personal Loan Offer,1,0.8117947837053577
C03220,40,6270915.0,34,1,71,10940748.0,16,Mass,1,Personal Loan Offer,1,0.459768208556318
C03221,52,10724265.0,152,4,52,4481831.0,24,Mass,1,Personal Loan Offer,0,0.32551662278965937
C03222,32,31652826.0,117,2,65,57793505.0,25,Affluent,0,Personal Loan Offer,0,0.5673454844844238
C03223,55,37958180.0,94,1,31,4424689.0,20,Affluent,0,Personal Loan Offer,0,0.4228202030115786
C03224,55,4813526.0,85,6,55,3373295.0,29,Mass,1,Personal Loan Offer,0,0.562632419977605
C03225,48,9874545.0,101,6,61,6674802.0,38,Affluent,1,Personal Loan Offer,0,0.656531794796648
C03226,55,6793796.0,152,6,32,3516339.0,26,Affluent,0,Personal Loan Offer,0,0.5498494986395442
C03227,47,20666053.0,131,3,25,26255889.0,19,Affluent,0,Personal Loan Offer,0,0.42632419124330995
C03228,38,14048745.0,89,3,57,6761127.0,19,Affluent,0,Personal Loan Offer,0,0.38132597201099616
C03229,54,8455300.0,121,5,95,3689347.0,14,Mass,0,Personal Loan Offer,0,0.5407957528353694
C03230,58,12488670.0,168,2,52,19179825.0,27,Affluent,1,Personal Loan Offer,0,0.39676630175006855
C03231,58,9228776.0,61,1,92,20345186.0,36,Mass,1,Personal Loan Offer,0,0.4987053254412364
C03232,30,29158370.0,163,3,87,3083142.0,11,Mass,1,Personal Loan Offer,0,0.5175490301606266
C03233,51,16211719.0,111,4,77,9796558.0,22,Mass,0,Personal Loan Offer,0,0.665031449819418
C03234,21,17345091.0,35,3,91,18561574.0,37,Mass,1,Personal Loan Offer,1,0.4640079656805409
C03235,46,3000000.0,175,2,47,13997924.0,29,Mass,0,Personal Loan Offer,0,0.17055255386566168
C03236,46,11567193.0,125,4,79,14385907.0,27,Mass,1,Personal Loan Offer,0,0.7569768052780557
C03237,37,37738194.0,71,6,23,65041092.0,27,Mass,0,Personal Loan Offer,0,0.39260955084153487
C03238,65,24885309.0,41,2,39,171104942.0,20,Affluent,1,Personal Loan Offer,0,0.5726831627087323
C03239,60,4344920.0,166,3,61,14620634.0,27,Mass,1,Personal Loan Offer,0,0.48765062517217556
C03240,22,10099869.0,149,2,13,5332663.0,32,Mass,1,Personal Loan Offer,0,0.18032703427313912
C03241,30,6197035.0,10,2,79,15818010.0,30,Affluent,1,Personal Loan Offer,0,0.49802882592122366
C03242,30,30753768.0,116,4,94,24289044.0,27,Mass,1,Personal Loan Offer,0,0.6167859477922631
C03243,61,13725559.0,23,3,19,18962318.0,21,Priority,1,Personal Loan Offer,1,0.42995438942447833
C03244,44,7866546.0,55,4,100,36834076.0,15,Mass,0,Personal Loan Offer,1,0.49095987872791996
C03245,53,12227573.0,104,1,18,182662744.0,28,Affluent,0,Personal Loan Offer,0,0.2914957145949757
C03246,57,3000000.0,47,4,21,3606044.0,25,Mass,1,Personal Loan Offer,0,0.29642493891139876
C03247,55,6607319.0,94,1,79,12045036.0,30,Affluent,0,Personal Loan Offer,1,0.6132605704633287
C03248,25,12242955.0,79,3,72,93398515.0,29,Affluent,0,Personal Loan Offer,1,0.5081036762760629
C03249,27,19106491.0,106,6,95,11866113.0,23,Mass,1,Personal Loan Offer,0,0.5649142837977972
C03250,38,4125486.0,145,3,48,44045614.0,14,Priority,1,Personal Loan Offer,0,0.39026219249757266
C03251,36,9730558.0,30,5,62,37586050.0,29,Mass,1,Personal Loan Offer,1,0.5612185113612665
C03252,54,20910132.0,144,3,23,68896965.0,33,Affluent,0,Personal Loan Offer,0,0.2194514575392208
C03253,28,5401125.0,42,6,72,135513602.0,14,Mass,1,Personal Loan Offer,1,0.7062900615773557
C03254,37,13612074.0,8,6,100,27904975.0,20,Mass,1,Personal Loan Offer,1,0.6809812983535405
C03255,31,12443428.0,82,6,64,3490003.0,15,Affluent,0,Personal Loan Offer,1,0.6442984874989904
C03256,29,30809276.0,56,3,94,9927663.0,21,Mass,1,Personal Loan Offer,0,0.6262677563186551
C03257,28,10573298.0,35,2,45,178000283.0,19,Affluent,1,Personal Loan Offer,0,0.3374673495698618
C03258,29,10919239.0,78,4,99,4862411.0,30,Affluent,1,Personal Loan Offer,1,0.5409847400439209
C03259,46,19204306.0,157,5,58,32869292.0,27,Affluent,1,Personal Loan Offer,0,0.4976986720792616
C03260,39,5785848.0,107,4,23,1618052.0,29,Mass,1,Personal Loan Offer,0,0.18166189648890582
C03261,40,10627244.0,132,5,42,5178446.0,32,Priority,1,Personal Loan Offer,0,0.5980421533464729
C03262,42,9339548.0,29,6,54,48553659.0,26,Affluent,1,Personal Loan Offer,1,0.5590718952865659
C03263,54,11117330.0,16,5,16,20732307.0,27,Affluent,1,Personal Loan Offer,1,0.23792416274324937
C03264,59,19135212.0,62,3,91,13725981.0,24,Mass,0,Personal Loan Offer,0,0.485185082942698
C03265,44,16276062.0,140,2,31,8858489.0,18,Mass,0,Personal Loan Offer,0,0.3631665080481871
C03266,49,7949678.0,160,3,71,2716080.0,19,Mass,1,Personal Loan Offer,1,0.6014120221727881
C03267,54,12936997.0,21,4,93,40010350.0,36,Affluent,1,Personal Loan Offer,1,0.5193182370153152
C03268,52,27238994.0,87,6,49,15068175.0,20,Mass,1,Personal Loan Offer,0,0.7713806709541376
C03269,27,7596256.0,73,2,65,4366087.0,20,Mass,0,Personal Loan Offer,0,0.2789608238876154
C03270,65,12997388.0,135,1,57,20612989.0,26,Mass,0,Personal Loan Offer,0,0.18772495618636903
C03271,28,10790523.0,39,2,79,35765377.0,24,Mass,0,Personal Loan Offer,0,0.6720349654161072
C03272,39,11591289.0,89,4,13,16363587.0,30,Affluent,0,Personal Loan Offer,0,0.2522599416413987
C03273,50,4894171.0,154,2,42,22459753.0,26,Affluent,1,Personal Loan Offer,1,0.5557325101701319
C03274,39,26071069.0,85,3,65,20777259.0,18,Priority,0,Personal Loan Offer,0,0.5057758233263359
C03275,31,7838230.0,142,2,18,9864451.0,36,Mass,0,Personal Loan Offer,0,0.23404401655900375
C03276,62,21099434.0,113,6,88,21115173.0,22,Mass,1,Personal Loan Offer,0,0.5039099873821403
C03277,24,8526249.0,109,4,67,41718689.0,26,Mass,1,Personal Loan Offer,1,0.6437278689704123
C03278,32,8506913.0,49,5,10,56282066.0,23,Affluent,1,Personal Loan Offer,0,0.5129404111496428
C03279,65,23385693.0,179,4,11,44100081.0,24,Priority,1,Personal Loan Offer,0,0.35481824538691886
C03280,53,20729197.0,47,1,24,10182130.0,31,Mass,1,Personal Loan Offer,0,0.2647296827870342
C03281,24,13459335.0,168,2,70,37786233.0,32,Mass,1,Personal Loan Offer,1,0.5330930559884924
C03282,54,18238586.0,179,6,57,31855138.0,25,Priority,1,Personal Loan Offer,0,0.6039200251714888
C03283,64,10238986.0,94,4,53,9835748.0,29,Mass,0,Personal Loan Offer,0,0.6084569188272037
C03284,25,11944901.0,157,5,61,12571339.0,35,Mass,0,Personal Loan Offer,1,0.511679693577703
C03285,39,8339583.0,130,5,55,39465441.0,23,Mass,0,Personal Loan Offer,0,0.4097143996143914
C03286,42,19730040.0,134,4,41,79252616.0,21,Mass,1,Personal Loan Offer,0,0.24967812529786987
C03287,26,8195042.0,15,4,10,3267615.0,24,Mass,0,Personal Loan Offer,1,0.1674825505991998
C03288,30,27159928.0,27,2,12,103109704.0,16,Affluent,0,Personal Loan Offer,0,0.3931697972109537
C03289,28,10086500.0,15,2,72,64064600.0,23,Affluent,1,Personal Loan Offer,1,0.5263306314609487
C03290,29,12136123.0,8,1,77,24406531.0,21,Mass,1,Personal Loan Offer,0,0.5121112124727304
C03291,39,18214301.0,151,2,31,15721287.0,28,Mass,1,Personal Loan Offer,0,0.2573661506620383
C03292,41,12158543.0,34,4,32,29552423.0,16,Mass,0,Personal Loan Offer,1,0.19152176590777417
C03293,31,10186436.0,4,6,47,10539888.0,26,Mass,1,Personal Loan Offer,0,0.42471846101457317
C03294,34,11803472.0,169,3,68,16743954.0,23,Mass,0,Personal Loan Offer,1,0.6962858579715447
C03295,29,19619162.0,52,4,64,4575451.0,26,Mass,1,Personal Loan Offer,0,0.3834655762548075
C03296,56,8333953.0,148,6,60,3505066.0,20,Priority,1,Personal Loan Offer,1,0.6224471184088342
C03297,30,11195101.0,173,5,13,206033527.0,23,Mass,0,Personal Loan Offer,0,0.14703934687804837
C03298,61,12068085.0,96,2,49,21302139.0,27,Mass,0,Personal Loan Offer,0,0.3004936826769583
C03299,45,19306243.0,167,2,78,24518337.0,24,Affluent,0,Personal Loan Offer,0,0.48844549856798924
C03300,57,11358788.0,175,4,63,19394693.0,16,Mass,1,Personal Loan Offer,0,0.4981709784370009
C03301,49,32442560.0,28,2,83,8740420.0,26,Mass,1,Personal Loan Offer,0,0.49780089394989524
C03302,32,11010071.0,29,2,73,14712098.0,33,Mass,0,Personal Loan Offer,1,0.2778944595528059
C03303,48,10529498.0,68,4,91,21909514.0,23,Mass,1,Personal Loan Offer,1,0.4907807220846641
C03304,33,10922654.0,102,4,62,16429755.0,26,Mass,0,Personal Loan Offer,0,0.44568327912990824
C03305,26,5816821.0,142,2,61,9426544.0,19,Affluent,1,Personal Loan Offer,1,0.3083599240534086
C03306,32,6784950.0,35,1,60,32304969.0,20,Mass,0,Personal Loan Offer,1,0.24881583853468953
C03307,33,8962416.0,37,5,34,24145474.0,24,Mass,1,Personal Loan Offer,0,0.5209554992564315
C03308,27,22412371.0,57,3,49,29625635.0,32,Affluent,1,Personal Loan Offer,1,0.41803930544903983
C03309,22,11783348.0,51,4,25,40478748.0,29,Mass,0,Personal Loan Offer,0,0.40246820093858504
C03310,63,9192173.0,170,2,49,16864459.0,20,Mass,0,Personal Loan Offer,0,0.31691276449174227
C03311,44,23558831.0,73,2,23,16892071.0,18,Mass,0,Personal Loan Offer,0,0.17827573698299942
C03312,39,28164268.0,157,4,54,88074658.0,16,Mass,0,Personal Loan Offer,1,0.4473844691234338
C03313,62,23935603.0,12,1,96,7781251.0,28,Mass,0,Personal Loan Offer,0,0.5630927054751096
C03314,31,7506033.0,21,2,51,3071299.0,27,Mass,0,Personal Loan Offer,1,0.5602624582195882
C03315,39,9138716.0,146,5,77,34857592.0,25,Mass,1,Personal Loan Offer,0,0.46503576684811143
C03316,59,32539720.0,47,5,49,10658761.0,29,Mass,1,Personal Loan Offer,0,0.5186028879918845
C03317,49,13701886.0,17,3,92,6809926.0,25,Affluent,1,Personal Loan Offer,0,0.7109686021400743
C03318,38,10357509.0,108,1,29,48471223.0,31,Mass,0,Personal Loan Offer,0,0.4088252403019775
C03319,32,17814238.0,29,1,85,17304453.0,24,Mass,0,Personal Loan Offer,1,0.38269807929499744
C03320,22,20882702.0,13,4,75,5652897.0,26,Mass,0,Personal Loan Offer,0,0.5276676234535915
C03321,24,8763623.0,75,5,90,138473420.0,16,Mass,1,Personal Loan Offer,0,0.7338290892223946
C03322,28,13539328.0,100,4,22,3995010.0,25,Mass,0,Personal Loan Offer,0,0.3897871491995998
C03323,56,19975663.0,96,3,91,18339439.0,29,Mass,0,Personal Loan Offer,0,0.6942226530070831
C03324,49,6339176.0,107,1,92,3023622.0,31,Mass,0,Personal Loan Offer,0,0.6088552487280304
C03325,40,12081757.0,7,2,36,26216540.0,22,Priority,1,Personal Loan Offer,0,0.47912143419156655
C03326,56,6501236.0,54,1,66,10534163.0,23,Affluent,1,Personal Loan Offer,0,0.43248217084557117
C03327,28,6986204.0,64,3,63,45377078.0,20,Mass,0,Personal Loan Offer,1,0.34168065678286025
C03328,30,8803960.0,55,2,14,19655278.0,28,Affluent,1,Personal Loan Offer,1,0.26507230439103624
C03329,38,15600803.0,102,1,57,77195414.0,40,Mass,1,Personal Loan Offer,0,0.37583959144579027
C03330,62,10052227.0,43,4,69,13013904.0,21,Affluent,0,Personal Loan Offer,0,0.6856450068834954
C03331,48,8400378.0,115,3,28,4019622.0,17,Mass,1,Personal Loan Offer,0,0.30972467418637434
C03332,59,12345130.0,169,6,42,25361907.0,18,Affluent,0,Personal Loan Offer,0,0.5455911255669701
C03333,32,6385802.0,120,3,63,15536231.0,26,Mass,0,Personal Loan Offer,0,0.30929748309036453
C03334,59,15191688.0,72,1,94,3242914.0,18,Affluent,0,Personal Loan Offer,0,0.6762212186769738
C03335,24,22357668.0,80,5,15,6961201.0,29,Mass,0,Personal Loan Offer,0,0.2886171652450762
C03336,31,11488476.0,107,5,95,9569681.0,27,Mass,0,Personal Loan Offer,1,0.5975128472397717
C03337,44,10734359.0,131,6,84,94738045.0,21,Mass,1,Personal Loan Offer,0,0.7679514973084839
C03338,23,14736079.0,56,5,86,40576053.0,40,Mass,1,Personal Loan Offer,1,0.7343206363582945
C03339,59,3932394.0,9,3,14,14125718.0,24,Mass,1,Personal Loan Offer,0,0.18049655381404836
C03340,60,16121540.0,128,5,61,32027727.0,38,Mass,0,Personal Loan Offer,0,0.41383627281913293
C03341,45,66085135.0,120,5,43,2601979.0,23,Mass,1,Personal Loan Offer,0,0.5677061241493186
C03342,34,11217048.0,21,4,93,11368270.0,19,Mass,0,Personal Loan Offer,0,0.5009078278037261
C03343,25,11238978.0,114,5,77,29866207.0,21,Mass,0,Personal Loan Offer,1,0.37778572510549535
C03344,48,18063449.0,15,6,69,23596740.0,21,Mass,1,Personal Loan Offer,0,0.49108878416292373
C03345,45,29661195.0,117,5,12,11662472.0,19,Mass,1,Personal Loan Offer,0,0.12723916729967347
C03346,55,20514644.0,135,4,89,19248327.0,20,Mass,1,Personal Loan Offer,1,0.6922132003327274
C03347,48,3666813.0,5,3,54,28045853.0,28,Priority,0,Personal Loan Offer,1,0.6055779067894796
C03348,26,16358964.0,132,6,24,19813740.0,13,Mass,1,Personal Loan Offer,0,0.5702780548137159
C03349,26,49376185.0,24,6,89,47310688.0,27,Affluent,1,Personal Loan Offer,0,0.8187221132067185
C03350,56,16898912.0,50,2,92,27506831.0,31,Mass,0,Personal Loan Offer,0,0.4828549217562995
C03351,28,6359028.0,128,1,55,33347164.0,34,Mass,0,Personal Loan Offer,0,0.4663067189743731
C03352,63,14011984.0,66,5,70,110973015.0,20,Mass,1,Personal Loan Offer,1,0.46936055712394886
C03353,25,5932992.0,176,2,65,45752142.0,20,Mass,0,Personal Loan Offer,0,0.24677447557405702
C03354,53,23640201.0,173,6,37,114056133.0,32,Priority,0,Personal Loan Offer,0,0.6174454292541821
C03355,64,7093446.0,178,1,78,10214598.0,20,Mass,0,Personal Loan Offer,0,0.4451809118749941
C03356,40,12500150.0,21,6,100,4068679.0,27,Mass,0,Personal Loan Offer,0,0.5899317904873244
C03357,23,7486697.0,34,5,95,17382283.0,27,Affluent,0,Personal Loan Offer,1,0.5542186786834337
C03358,60,8884962.0,35,2,72,15960803.0,27,Affluent,1,Personal Loan Offer,0,0.4387005379559759
C03359,29,27174785.0,107,1,42,86068753.0,23,Mass,0,Personal Loan Offer,0,0.39496565099823366
C03360,44,12702618.0,79,6,92,6460378.0,36,Mass,0,Personal Loan Offer,0,0.657805742202415
C03361,65,8822853.0,135,1,94,18483036.0,28,Priority,1,Personal Loan Offer,0,0.8428724283870433
C03362,54,6391898.0,53,1,10,29991429.0,11,Mass,0,Personal Loan Offer,0,0.17131446540025974
C03363,23,4286501.0,38,5,40,22105684.0,27,Mass,0,Personal Loan Offer,0,0.5031639024013376
C03364,57,6029730.0,118,5,60,16847506.0,29,Affluent,1,Personal Loan Offer,0,0.3752272667478002
C03365,28,12762156.0,112,1,62,28625580.0,20,Priority,1,Personal Loan Offer,1,0.5417414509747932
C03366,54,20574146.0,125,3,74,58840471.0,22,Priority,0,Personal Loan Offer,1,0.5645554709519505
C03367,48,8817279.0,58,4,56,92895736.0,25,Mass,1,Personal Loan Offer,0,0.456312537540879
C03368,33,28465864.0,96,4,11,20667026.0,31,Affluent,0,Personal Loan Offer,1,0.6133919432406355
C03369,40,8087191.0,168,3,25,8845302.0,25,Mass,1,Personal Loan Offer,0,0.2580506174982501
C03370,26,10527598.0,111,3,79,92783272.0,21,Affluent,0,Personal Loan Offer,0,0.40223244868770447
C03371,65,6626915.0,168,1,73,6808003.0,16,Affluent,0,Personal Loan Offer,0,0.29475491622014405
C03372,31,20693623.0,80,1,69,119858408.0,35,Mass,0,Personal Loan Offer,0,0.47692705023958193
C03373,34,38036168.0,10,6,50,76697387.0,22,Mass,0,Personal Loan Offer,0,0.6012780507461317
C03374,43,4553551.0,138,2,35,88688574.0,27,Affluent,0,Personal Loan Offer,1,0.3679575841227035
C03375,51,9919649.0,84,6,38,39690947.0,21,Mass,1,Personal Loan Offer,1,0.299431766693842
C03376,43,24059636.0,10,1,72,2418729.0,21,Priority,1,Personal Loan Offer,0,0.7607994733323368
C03377,43,5414533.0,27,6,55,7075311.0,22,Affluent,1,Personal Loan Offer,1,0.7210342155573718
C03378,47,16388548.0,58,3,21,27183781.0,26,Affluent,0,Personal Loan Offer,0,0.3785493235585872
C03379,59,23493326.0,36,5,46,10176542.0,20,Mass,0,Personal Loan Offer,0,0.29536141782122965
C03380,38,12527579.0,124,6,84,14591693.0,27,Affluent,1,Personal Loan Offer,1,0.8287353925779157
C03381,58,16241202.0,111,3,64,36912139.0,32,Affluent,0,Personal Loan Offer,0,0.6698544625296079
C03382,56,31607770.0,61,5,88,16873730.0,26,Mass,1,Personal Loan Offer,0,0.6734623656837553
C03383,64,35041787.0,18,3,56,5910389.0,27,Mass,0,Personal Loan Offer,0,0.6297641451261055
C03384,62,11597907.0,16,5,54,48491619.0,23,Affluent,0,Personal Loan Offer,0,0.4811729565247097
C03385,56,8953986.0,171,6,96,33469516.0,26,Mass,0,Personal Loan Offer,0,0.5511802504745996
C03386,32,7234908.0,64,5,56,15591663.0,32,Mass,1,Personal Loan Offer,0,0.5063835910052107
C03387,55,20537181.0,22,5,22,40731366.0,32,Mass,0,Personal Loan Offer,1,0.23916429770577796
C03388,54,5643080.0,129,3,46,21994212.0,19,Mass,1,Personal Loan Offer,0,0.23585257154235809
C03389,34,10443616.0,157,1,68,75723872.0,36,Mass,1,Personal Loan Offer,0,0.4808623888855753
C03390,51,12697257.0,24,4,41,23264769.0,23,Mass,0,Personal Loan Offer,0,0.42367547645032405
C03391,32,9099826.0,171,1,47,75163064.0,25,Mass,0,Personal Loan Offer,0,0.1886224212345545
C03392,44,13996507.0,131,4,89,3071234.0,27,Affluent,0,Personal Loan Offer,0,0.5895787064953101
C03393,56,49175178.0,47,6,49,31656747.0,25,Mass,1,Personal Loan Offer,0,0.44634704537178255
C03394,29,11223698.0,141,1,37,13435097.0,26,Mass,0,Personal Loan Offer,0,0.23424254159869098
C03395,36,9444509.0,77,6,19,8471277.0,24,Mass,1,Personal Loan Offer,0,0.30981573400455725
C03396,56,20975166.0,116,4,46,63703076.0,30,Mass,1,Personal Loan Offer,0,0.5830118208321363
C03397,41,13690164.0,25,1,79,48658169.0,24,Mass,0,Personal Loan Offer,0,0.41500225146294706
C03398,64,26484014.0,46,5,37,2689232.0,22,Affluent,0,Personal Loan Offer,0,0.4811590687525941
C03399,21,13137685.0,140,1,52,40904002.0,22,Affluent,1,Personal Loan Offer,0,0.342820233332803
C03400,53,10467486.0,146,4,69,36229740.0,25,Mass,0,Personal Loan Offer,0,0.2958591520041401
C03401,57,4499013.0,4,4,94,9705190.0,22,Mass,0,Personal Loan Offer,0,0.5496859860696207
C03402,62,4923662.0,41,5,84,8674853.0,18,Affluent,1,Personal Loan Offer,0,0.6698055805334235
C03403,28,4372226.0,111,3,36,4076167.0,20,Priority,0,Personal Loan Offer,0,0.4444632638550549
C03404,65,14783966.0,164,1,24,14270584.0,34,Priority,0,Personal Loan Offer,1,0.443630053384086
C03405,38,5672724.0,123,3,71,16747429.0,28,Priority,1,Personal Loan Offer,1,0.656512509471696
C03406,36,23938169.0,128,5,33,44377343.0,27,Mass,1,Personal Loan Offer,0,0.7083204939286109
C03407,36,12201297.0,72,6,45,26183060.0,31,Affluent,1,Personal Loan Offer,1,0.41911977364539443
C03408,49,10491903.0,12,2,19,6929753.0,28,Mass,0,Personal Loan Offer,1,0.28059756472096536
C03409,50,7544255.0,139,3,80,25396379.0,31,Mass,0,Personal Loan Offer,0,0.5460641051690275
C03410,42,16897217.0,145,6,24,15513131.0,25,Affluent,1,Personal Loan Offer,0,0.44073731447583364
C03411,24,7709342.0,81,2,44,7853082.0,27,Mass,0,Personal Loan Offer,0,0.26102113122713894
C03412,65,6979301.0,93,2,47,4080522.0,28,Mass,1,Personal Loan Offer,0,0.393126221753257
C03413,30,23069216.0,44,5,13,37357572.0,22,Mass,0,Personal Loan Offer,0,0.4092298843203948
C03414,25,14584339.0,83,3,80,31253439.0,25,Mass,0,Personal Loan Offer,0,0.3838121716515332
C03415,47,10545460.0,46,4,66,34900505.0,28,Mass,1,Personal Loan Offer,0,0.2835657226307669
C03416,39,17076356.0,77,3,59,9655115.0,28,Mass,1,Personal Loan Offer,0,0.3838604414566691
C03417,48,12059095.0,26,4,26,23731710.0,23,Mass,0,Personal Loan Offer,0,0.26960079532998743
C03418,60,14813870.0,110,2,14,5054951.0,20,Mass,0,Personal Loan Offer,1,0.30020546615104426
C03419,25,7657153.0,47,5,15,7456972.0,29,Affluent,1,Personal Loan Offer,0,0.28671483444022494
C03420,33,37473195.0,131,3,66,20686152.0,24,Mass,1,Personal Loan Offer,1,0.5028719766672731
C03421,44,8724330.0,95,4,78,25999708.0,25,Affluent,1,Personal Loan Offer,0,0.3751083214122449
C03422,56,28239328.0,162,2,82,3923226.0,32,Mass,0,Personal Loan Offer,0,0.3435888776373898
C03423,48,10816024.0,42,1,82,6946150.0,38,Affluent,1,Personal Loan Offer,0,0.4207490530802748
C03424,38,18705359.0,51,4,45,13878480.0,21,Priority,1,Personal Loan Offer,1,0.5024222936435847
C03425,48,17970465.0,46,1,10,52156614.0,26,Priority,1,Personal Loan Offer,1,0.23427602861895572
C03426,65,22548648.0,115,6,32,8869598.0,23,Mass,1,Personal Loan Offer,1,0.47849675288113497
C03427,42,7557675.0,22,6,81,23018714.0,21,Affluent,1,Personal Loan Offer,1,0.44738967894185744
C03428,60,21682514.0,125,2,79,25562461.0,25,Mass,0,Personal Loan Offer,0,0.4652265257379201
C03429,56,33130310.0,148,2,56,15580817.0,27,Priority,1,Personal Loan Offer,0,0.5301773216727417
C03430,34,10408528.0,123,4,12,26147467.0,23,Mass,0,Personal Loan Offer,0,0.16638203249405345
C03431,32,12231260.0,26,2,80,5211228.0,31,Mass,0,Personal Loan Offer,0,0.5034147467077156
C03432,55,8998078.0,90,6,84,10380666.0,33,Mass,0,Personal Loan Offer,0,0.3674450076652534
C03433,30,9918153.0,97,1,30,83939150.0,34,Affluent,0,Personal Loan Offer,1,0.2628826885960044
C03434,36,30759202.0,72,3,83,90061897.0,24,Affluent,1,Personal Loan Offer,0,0.7262960238794224
C03435,31,6907292.0,86,2,68,46462848.0,26,Mass,0,Personal Loan Offer,0,0.1884940977220733
C03436,48,7147347.0,138,5,90,60106889.0,31,Mass,0,Personal Loan Offer,0,0.6949513870722438
C03437,34,29104773.0,151,1,67,3221417.0,31,Affluent,0,Personal Loan Offer,0,0.35828504501361486
C03438,50,16918510.0,56,3,18,7744914.0,24,Priority,1,Personal Loan Offer,0,0.32778263339413677
C03439,63,38517408.0,61,6,68,14652789.0,30,Mass,1,Personal Loan Offer,0,0.7922721840465748
C03440,58,9366743.0,40,3,19,223939113.0,24,Affluent,1,Personal Loan Offer,0,0.30416964825246123
C03441,63,12863081.0,74,2,33,14623770.0,31,Mass,0,Personal Loan Offer,0,0.5043503933290585
C03442,22,8343930.0,100,1,89,42124797.0,23,Mass,0,Personal Loan Offer,0,0.4144512972926077
C03443,41,12984058.0,130,4,98,29198119.0,16,Mass,1,Personal Loan Offer,0,0.583651136522283
C03444,30,4522900.0,50,1,53,28555676.0,29,Affluent,1,Personal Loan Offer,0,0.48078566198882394
C03445,62,17490041.0,41,3,36,19534881.0,20,Mass,1,Personal Loan Offer,0,0.41326010909721694
C03446,53,14336624.0,8,4,45,6023686.0,18,Affluent,1,Personal Loan Offer,0,0.4796381101860965
C03447,35,11626089.0,19,3,32,1342547.0,25,Mass,0,Personal Loan Offer,0,0.27668989011231365
C03448,46,9681398.0,12,5,62,72065452.0,29,Mass,0,Personal Loan Offer,0,0.3357264306220395
C03449,48,7335987.0,39,5,48,10796635.0,25,Mass,0,Personal Loan Offer,0,0.27222894627642924
C03450,43,17906231.0,126,1,15,3091385.0,34,Affluent,0,Personal Loan Offer,0,0.44182432125676685
C03451,42,6301623.0,140,5,65,30990890.0,32,Mass,0,Personal Loan Offer,0,0.7179327561036358
C03452,23,15902072.0,176,6,68,30402404.0,28,Mass,0,Personal Loan Offer,0,0.6051513263178729
C03453,41,37556817.0,100,2,70,43104379.0,25,Mass,0,Personal Loan Offer,1,0.2999848712402807
C03454,36,27165383.0,83,3,96,61035031.0,32,Mass,1,Personal Loan Offer,0,0.535136535173405
C03455,57,5244009.0,163,3,74,7978464.0,23,Mass,0,Personal Loan Offer,1,0.35506740498864814
C03456,59,8932539.0,29,3,71,8337393.0,25,Mass,0,Personal Loan Offer,0,0.3897899151968482
C03457,54,15130379.0,115,3,29,14541825.0,25,Mass,0,Personal Loan Offer,0,0.2381775140436286
C03458,22,11544990.0,148,6,52,45484539.0,24,Mass,0,Personal Loan Offer,0,0.5773180733814933
C03459,58,5557973.0,92,4,49,2442674.0,27,Mass,1,Personal Loan Offer,1,0.4362466194007301
C03460,38,14832644.0,49,6,97,22735751.0,22,Mass,1,Personal Loan Offer,1,0.8204626719335779
C03461,39,11934070.0,113,3,53,50797853.0,28,Mass,0,Personal Loan Offer,0,0.368967269117763
C03462,63,34390681.0,180,4,72,48744322.0,29,Mass,0,Personal Loan Offer,1,0.6150639930573677
C03463,60,10439857.0,44,1,59,40621353.0,24,Mass,1,Personal Loan Offer,1,0.44013889434123116
C03464,23,22812497.0,103,2,15,57900892.0,18,Mass,1,Personal Loan Offer,0,0.3788803133288408
C03465,37,5977534.0,12,4,95,1282164.0,26,Affluent,1,Personal Loan Offer,0,0.4833640917320136
C03466,54,6817559.0,44,2,70,100403891.0,16,Affluent,1,Personal Loan Offer,1,0.5243796979157085
C03467,45,17846738.0,139,6,30,27830630.0,21,Mass,0,Personal Loan Offer,0,0.4577354925928277
C03468,32,21779270.0,91,2,15,75973420.0,22,Mass,0,Personal Loan Offer,0,0.3062150308697168
C03469,44,7087557.0,38,1,95,6178638.0,24,Mass,1,Personal Loan Offer,0,0.47188711574775727
C03470,59,12159968.0,62,5,37,3462204.0,29,Mass,1,Personal Loan Offer,0,0.6323871572812022
C03471,31,5612735.0,24,1,11,119355921.0,28,Mass,0,Personal Loan Offer,0,0.15037714252036613
C03472,54,10861623.0,141,2,66,7918568.0,22,Priority,0,Personal Loan Offer,0,0.3973460583771688
C03473,54,19014735.0,170,2,11,14656492.0,37,Mass,1,Personal Loan Offer,0,0.19653094091049472
C03474,60,9446832.0,21,5,29,33892268.0,27,Priority,1,Personal Loan Offer,0,0.463755119860968
C03475,34,10463966.0,45,6,91,43320195.0,34,Mass,1,Personal Loan Offer,1,0.7001924121348428
C03476,30,6446383.0,155,2,13,58800395.0,24,Mass,0,Personal Loan Offer,1,0.1961088227660476
C03477,45,8400654.0,159,3,78,25006066.0,29,Mass,1,Personal Loan Offer,1,0.6173863673585812
C03478,44,31559279.0,139,3,66,6968661.0,29,Mass,0,Personal Loan Offer,0,0.5138045424815838
C03479,39,12491087.0,130,5,37,40543072.0,24,Mass,1,Personal Loan Offer,0,0.40979661140598606
C03480,56,6914616.0,156,3,36,41193823.0,32,Priority,1,Personal Loan Offer,0,0.3006780408990033
C03481,56,10092394.0,69,4,53,3256645.0,18,Mass,1,Personal Loan Offer,0,0.6395899163427856
C03482,32,4984442.0,162,4,58,82633661.0,25,Priority,0,Personal Loan Offer,0,0.5585939971339182
C03483,56,6869689.0,160,1,91,1663056.0,27,Affluent,1,Personal Loan Offer,0,0.706508278580701
C03484,31,25357981.0,43,4,33,56269233.0,18,Affluent,1,Personal Loan Offer,0,0.3840970588662827
C03485,39,11095519.0,15,4,63,10608147.0,32,Priority,1,Personal Loan Offer,0,0.6929623252082157
C03486,22,33947263.0,95,6,72,40497561.0,32,Mass,1,Personal Loan Offer,0,0.5983280578558808
C03487,36,11386920.0,137,4,11,33312293.0,33,Affluent,1,Personal Loan Offer,1,0.586652775739179
C03488,64,11764875.0,154,6,91,19271161.0,24,Affluent,1,Personal Loan Offer,0,0.805480778405345
C03489,40,17071296.0,28,3,100,31400346.0,21,Mass,0,Personal Loan Offer,0,0.6847925300455642
C03490,52,3000000.0,70,5,17,18343653.0,30,Mass,0,Personal Loan Offer,0,0.2563839895320741
C03491,25,13431776.0,139,6,33,40840862.0,28,Priority,0,Personal Loan Offer,0,0.7729893178952317
C03492,49,11681006.0,13,1,81,177861300.0,18,Priority,1,Personal Loan Offer,1,0.7830000276295327
C03493,37,27173114.0,131,4,83,5230429.0,21,Mass,1,Personal Loan Offer,0,0.5384149847756874
C03494,54,20398887.0,54,6,24,824965.0,29,Mass,0,Personal Loan Offer,0,0.4547145772601776
C03495,62,6432583.0,6,4,93,13197904.0,32,Mass,0,Personal Loan Offer,1,0.6907172995430086
C03496,44,23761887.0,46,6,39,12325945.0,22,Affluent,0,Personal Loan Offer,0,0.3134899472738942
C03497,25,10387817.0,135,3,36,13710529.0,24,Mass,0,Personal Loan Offer,0,0.4730083561305194
C03498,42,7296957.0,157,6,42,7919225.0,19,Affluent,1,Personal Loan Offer,1,0.6303055315835655
C03499,26,13374012.0,17,4,71,47854562.0,25,Mass,1,Personal Loan Offer,1,0.4469467665713321
C03500,41,10733648.0,85,3,28,5024886.0,34,Priority,0,Personal Loan Offer,1,0.2032942294513902
C03501,23,27968044.0,38,2,59,31390565.0,31,Affluent,1,Personal Loan Offer,1,0.5519269074112607
C03502,49,14472478.0,124,2,16,37871464.0,20,Mass,1,Personal Loan Offer,0,0.159885931719898
C03503,34,13437094.0,141,2,23,27445389.0,23,Mass,1,Personal Loan Offer,0,0.14440736595368697
C03504,30,19692986.0,174,5,79,32553196.0,19,Affluent,0,Personal Loan Offer,0,0.6863194529858938
C03505,21,21889040.0,66,3,44,51676314.0,28,Mass,1,Personal Loan Offer,0,0.5749693245982069
C03506,60,18465229.0,56,3,82,21100517.0,24,Mass,0,Personal Loan Offer,0,0.5007768336574147
C03507,58,26196127.0,58,3,77,14143224.0,26,Priority,1,Personal Loan Offer,1,0.7663208785913665
C03508,57,16771516.0,138,3,100,32528047.0,27,Mass,1,Personal Loan Offer,1,0.6744981450243587
C03509,23,13159119.0,82,5,22,36455725.0,26,Priority,0,Personal Loan Offer,0,0.32019508832363713
C03510,36,23723148.0,7,3,95,48687060.0,26,Mass,0,Personal Loan Offer,1,0.533558196857144
C03511,64,11414834.0,171,3,91,3608671.0,20,Affluent,1,Personal Loan Offer,1,0.7109207164306253
C03512,47,12221445.0,21,4,49,16646513.0,28,Priority,0,Personal Loan Offer,0,0.47365137790105044
C03513,26,30931465.0,168,4,22,6892018.0,31,Affluent,1,Personal Loan Offer,0,0.5522915246165326
C03514,27,29281764.0,31,3,22,35047248.0,28,Priority,0,Personal Loan Offer,1,0.41019702492655735
C03515,32,11946161.0,98,1,56,41365262.0,20,Affluent,1,Personal Loan Offer,1,0.48405797974051895
C03516,64,9350719.0,58,5,10,15200367.0,21,Mass,0,Personal Loan Offer,1,0.35627727369320084
C03517,28,26833526.0,125,4,18,9645238.0,31,Mass,0,Personal Loan Offer,0,0.3372746539116355
C03518,61,18636774.0,74,4,58,36331888.0,33,Affluent,0,Personal Loan Offer,1,0.6414970036894463
C03519,51,14274523.0,68,4,61,17505060.0,24,Affluent,1,Personal Loan Offer,0,0.28072101531553445
C03520,62,10053056.0,87,4,88,83279210.0,32,Affluent,0,Personal Loan Offer,0,0.5184298040401837
C03521,58,14401607.0,175,6,98,117764319.0,24,Mass,1,Personal Loan Offer,0,0.6477110718421624
C03522,35,11857576.0,46,1,34,54404307.0,33,Affluent,1,Personal Loan Offer,0,0.4866546621021782
C03523,58,8327145.0,42,1,40,25238981.0,24,Affluent,0,Personal Loan Offer,1,0.19569107130574
C03524,28,12882630.0,14,6,28,124127239.0,30,Mass,0,Personal Loan Offer,0,0.4523851183938032
C03525,34,13886121.0,134,6,30,25443303.0,18,Mass,0,Personal Loan Offer,1,0.46064375705408045
C03526,30,9761434.0,123,3,49,12385648.0,22,Priority,0,Personal Loan Offer,1,0.517007310856628
C03527,26,19727444.0,111,4,100,10179662.0,17,Mass,1,Personal Loan Offer,1,0.6064937215619686
C03528,25,24380033.0,7,3,91,9896990.0,31,Mass,0,Personal Loan Offer,0,0.5135406234274886
C03529,29,20457517.0,143,6,93,19873010.0,16,Mass,0,Personal Loan Offer,1,0.6371557908668647
C03530,26,10308513.0,147,3,51,31779426.0,27,Mass,0,Personal Loan Offer,0,0.5176642179177776
C03531,38,18185207.0,171,5,69,4857750.0,25,Affluent,1,Personal Loan Offer,0,0.5270840929867093
C03532,24,12525736.0,168,3,75,12766268.0,25,Priority,0,Personal Loan Offer,1,0.33450661874823884
C03533,23,6081470.0,49,3,32,24744006.0,24,Affluent,0,Personal Loan Offer,0,0.42441728577949583
C03534,65,17372835.0,129,5,52,38067410.0,14,Affluent,1,Personal Loan Offer,1,0.706336075220821
C03535,24,13004287.0,74,3,60,19488207.0,18,Affluent,0,Personal Loan Offer,0,0.35137113322770636
C03536,24,49966763.0,109,1,43,25539861.0,21,Mass,0,Personal Loan Offer,1,0.5661014226431496
C03537,22,26746554.0,62,2,53,5796243.0,29,Mass,1,Personal Loan Offer,1,0.47839070101667147
C03538,26,17743855.0,119,6,50,8036113.0,23,Mass,1,Personal Loan Offer,1,0.3719117958753716
C03539,44,13762540.0,172,3,15,18819065.0,26,Mass,0,Personal Loan Offer,0,0.21639877738080307
C03540,58,13130712.0,119,1,79,33324184.0,25,Mass,0,Personal Loan Offer,1,0.3427173917257889
C03541,54,6909363.0,166,6,91,25204828.0,20,Affluent,1,Personal Loan Offer,1,0.7026840401377987
C03542,47,4611087.0,168,6,78,8558354.0,31,Mass,0,Personal Loan Offer,0,0.5720926985677823
C03543,24,7426088.0,24,3,94,15786739.0,25,Mass,1,Personal Loan Offer,0,0.6717487805091341
C03544,55,11689164.0,174,4,49,90701203.0,23,Mass,1,Personal Loan Offer,0,0.54130243067731
C03545,22,3769190.0,148,5,15,34466592.0,18,Priority,0,Personal Loan Offer,0,0.24556736501618076
C03546,49,8895359.0,78,1,34,16999760.0,25,Mass,0,Personal Loan Offer,0,0.15091582281569788
C03547,39,10472151.0,109,2,87,7169927.0,24,Affluent,1,Personal Loan Offer,1,0.6180447696640188
C03548,60,10659186.0,112,4,22,9799792.0,23,Mass,1,Personal Loan Offer,0,0.2675700077864248
C03549,34,8339128.0,142,4,59,20132243.0,28,Mass,1,Personal Loan Offer,0,0.4353024173409174
C03550,49,9945041.0,145,2,10,26355563.0,27,Mass,1,Personal Loan Offer,0,0.2854348629265102
C03551,40,30970906.0,21,1,39,35208788.0,14,Mass,0,Personal Loan Offer,0,0.4205722260395115
C03552,44,17271998.0,3,6,20,29480171.0,27,Mass,1,Personal Loan Offer,0,0.27549960021920006
C03553,63,8817525.0,46,4,20,13811422.0,23,Mass,0,Personal Loan Offer,0,0.12914225400020002
C03554,53,11557278.0,96,5,24,11996649.0,24,Affluent,0,Personal Loan Offer,0,0.4109380299169261
C03555,39,11814579.0,154,3,58,154890924.0,30,Mass,0,Personal Loan Offer,0,0.3574970889550341
C03556,41,7865854.0,119,4,72,11464611.0,21,Mass,1,Personal Loan Offer,0,0.49645846392313886
C03557,52,7860774.0,27,3,36,5496044.0,23,Mass,0,Personal Loan Offer,0,0.31625636296717485
C03558,36,20919775.0,130,3,84,3884580.0,26,Affluent,1,Personal Loan Offer,0,0.4824642165631366
C03559,28,9526003.0,86,5,45,14048890.0,29,Mass,0,Personal Loan Offer,0,0.6958022906502437
C03560,42,6572036.0,68,6,77,51198800.0,30,Mass,1,Personal Loan Offer,0,0.6055020503946815
C03561,24,11718625.0,140,5,58,11243437.0,30,Affluent,0,Personal Loan Offer,1,0.49221688286937787
C03562,28,12804696.0,55,5,75,87640815.0,27,Mass,0,Personal Loan Offer,0,0.5924855219356384
C03563,39,4054873.0,113,1,99,19854898.0,25,Mass,0,Personal Loan Offer,0,0.5415209460317724
C03564,56,11734065.0,35,4,100,60660354.0,26,Mass,1,Personal Loan Offer,1,0.5466473663566876
C03565,56,19342323.0,70,6,63,9374668.0,35,Priority,1,Personal Loan Offer,1,0.8787529014827689
C03566,32,15380228.0,102,3,97,9521149.0,31,Affluent,0,Personal Loan Offer,0,0.4575623594837759
C03567,39,40906704.0,113,4,73,21906381.0,26,Mass,0,Personal Loan Offer,1,0.4223989044004847
C03568,27,23879417.0,166,2,34,32404164.0,19,Mass,0,Personal Loan Offer,0,0.17917450137169705
C03569,54,26624194.0,54,2,95,16722833.0,19,Mass,1,Personal Loan Offer,0,0.5531698319627967
C03570,32,55977729.0,162,5,23,26794529.0,19,Mass,0,Personal Loan Offer,1,0.5447115588119448
C03571,56,18208574.0,148,2,52,36025183.0,32,Priority,0,Personal Loan Offer,1,0.4692131485278115
C03572,58,13126004.0,67,4,23,4831836.0,21,Mass,0,Personal Loan Offer,0,0.37985783659315675
C03573,52,20500798.0,27,4,81,14222068.0,19,Mass,1,Personal Loan Offer,0,0.6116107542987304
C03574,35,8822688.0,48,6,91,11906087.0,24,Mass,1,Personal Loan Offer,0,0.5970542351366603
C03575,63,12732199.0,120,6,84,12498518.0,31,Affluent,1,Personal Loan Offer,1,0.7370585681457671
C03576,51,8403569.0,143,4,19,30042409.0,27,Mass,1,Personal Loan Offer,0,0.2953912282841048
C03577,50,14936355.0,111,1,34,12072653.0,32,Mass,1,Personal Loan Offer,1,0.25003788537206595
C03578,59,8384264.0,132,4,40,2692997.0,22,Mass,0,Personal Loan Offer,0,0.31643159729667864
C03579,60,8224323.0,21,6,20,15787423.0,28,Mass,0,Personal Loan Offer,0,0.41421274549215964
C03580,24,15064138.0,92,3,58,6898653.0,15,Mass,0,Personal Loan Offer,0,0.5586966154458857
C03581,60,11124672.0,158,4,13,32853696.0,30,Priority,0,Personal Loan Offer,0,0.2789951737715407
C03582,55,4156902.0,72,5,65,44765120.0,22,Affluent,1,Personal Loan Offer,1,0.49900546063376083
C03583,30,5388949.0,163,3,62,2272552.0,29,Affluent,0,Personal Loan Offer,0,0.501261487218698
C03584,34,6384736.0,25,3,64,9221154.0,22,Mass,1,Personal Loan Offer,0,0.6339837847287636
C03585,54,7383680.0,177,3,93,28477244.0,32,Mass,1,Personal Loan Offer,1,0.6061314310291637
C03586,30,15072012.0,142,6,81,4888361.0,24,Affluent,1,Personal Loan Offer,1,0.5819810660468262
C03587,41,13535597.0,114,3,33,43745692.0,26,Mass,0,Personal Loan Offer,0,0.24840249858428157
C03588,52,21559365.0,112,2,62,57113974.0,27,Affluent,1,Personal Loan Offer,1,0.6209688451210269
C03589,50,18155030.0,169,4,83,17008558.0,28,Mass,1,Personal Loan Offer,1,0.5362742099314228
C03590,61,21638049.0,70,5,87,9224110.0,25,Mass,1,Personal Loan Offer,0,0.47689230478177674
C03591,26,16768876.0,32,6,68,1984098.0,21,Mass,1,Personal Loan Offer,0,0.689527999724492
C03592,34,13466839.0,166,6,17,45139494.0,22,Affluent,0,Personal Loan Offer,0,0.48308643272942015
C03593,65,21967193.0,21,5,49,148156516.0,25,Priority,0,Personal Loan Offer,0,0.4849728988558754
C03594,46,19897293.0,120,5,88,120467917.0,32,Mass,1,Personal Loan Offer,0,0.5007562274358784
C03595,32,14757613.0,50,3,16,16457129.0,31,Mass,0,Personal Loan Offer,1,0.12412692909704126
C03596,34,24143041.0,168,3,63,6706361.0,20,Affluent,1,Personal Loan Offer,0,0.4463482809198262
C03597,36,3302643.0,176,4,59,46217407.0,25,Affluent,1,Personal Loan Offer,0,0.5407884316149254
C03598,45,10228234.0,87,5,30,17616985.0,23,Mass,0,Personal Loan Offer,0,0.5007177258808779
C03599,33,10142372.0,97,4,41,32261159.0,28,Priority,0,Personal Loan Offer,0,0.5639515660801983
C03600,48,22621080.0,83,2,98,27071567.0,26,Affluent,0,Personal Loan Offer,1,0.4666504759894409
C03601,41,28479197.0,78,1,64,21949311.0,25,Mass,0,Personal Loan Offer,0,0.3845338267556321
C03602,48,5404911.0,169,1,95,55938120.0,21,Mass,1,Personal Loan Offer,1,0.6394299603489892
C03603,27,26076867.0,54,3,52,58055552.0,22,Mass,1,Personal Loan Offer,1,0.38110029763764064
C03604,49,6300392.0,173,5,86,11858496.0,29,Affluent,0,Personal Loan Offer,1,0.7286358547955619
C03605,62,6406021.0,118,5,66,7945612.0,28,Mass,1,Personal Loan Offer,0,0.5916273936622147
C03606,27,10549195.0,174,5,92,1643152.0,19,Priority,0,Personal Loan Offer,1,0.7764292555936558
C03607,35,10073348.0,111,5,39,14147967.0,24,Affluent,0,Personal Loan Offer,0,0.530265645610972
C03608,52,5092542.0,148,1,44,6702008.0,18,Affluent,0,Personal Loan Offer,0,0.4120515842658884
C03609,48,17155855.0,90,6,13,30414796.0,24,Mass,1,Personal Loan Offer,1,0.22784273228345092
C03610,51,17436714.0,85,6,30,14294364.0,22,Mass,1,Personal Loan Offer,0,0.62381451771495
C03611,46,21426523.0,48,6,22,15931585.0,20,Priority,0,Personal Loan Offer,0,0.31284918041338755
C03612,51,9454646.0,40,3,26,45046639.0,26,Mass,1,Personal Loan Offer,0,0.3447721821563499
C03613,48,11741577.0,9,2,38,29754696.0,32,Priority,1,Personal Loan Offer,0,0.43154548094993794
C03614,24,11800852.0,71,6,89,17797219.0,25,Mass,1,Personal Loan Offer,1,0.569500000171144
C03615,54,30365410.0,178,2,44,108002886.0,26,Affluent,0,Personal Loan Offer,1,0.35137684716862533
C03616,41,3000000.0,170,5,85,41841187.0,20,Mass,1,Personal Loan Offer,1,0.6303064933499132
C03617,23,7089305.0,125,6,84,13195441.0,19,Mass,1,Personal Loan Offer,0,0.6920277928944565
C03618,39,12036625.0,67,6,99,13797384.0,27,Mass,1,Personal Loan Offer,0,0.6695874860978761
C03619,40,6605106.0,95,4,56,43996583.0,15,Priority,0,Personal Loan Offer,0,0.4973084192505707
C03620,24,10410662.0,137,6,87,24497669.0,36,Mass,1,Personal Loan Offer,1,0.7825671639515296
C03621,65,11196096.0,3,5,48,6518032.0,21,Mass,0,Personal Loan Offer,0,0.39349732287365613
C03622,31,8357667.0,167,6,67,48932662.0,20,Affluent,1,Personal Loan Offer,0,0.6066471982957244
C03623,35,12433128.0,157,3,83,70313546.0,27,Affluent,0,Personal Loan Offer,0,0.5662767766129215
C03624,40,16952050.0,175,4,22,65177945.0,32,Affluent,1,Personal Loan Offer,0,0.7167671062305767
C03625,58,10537708.0,19,5,15,93548618.0,21,Mass,0,Personal Loan Offer,0,0.2560992894885634
C03626,54,9352555.0,171,2,25,158369420.0,25,Mass,1,Personal Loan Offer,1,0.3882861607854621
C03627,55,10954342.0,112,2,75,112808457.0,29,Mass,0,Personal Loan Offer,0,0.27693916603738755
C03628,31,11951020.0,101,3,53,28117553.0,19,Priority,0,Personal Loan Offer,1,0.3874022179123504
C03629,59,4607710.0,34,3,35,16237192.0,25,Priority,1,Personal Loan Offer,1,0.38824404520846656
C03630,58,15467813.0,90,5,79,3209549.0,27,Affluent,1,Personal Loan Offer,1,0.6269192665262354
C03631,41,9363845.0,67,6,11,20218542.0,24,Mass,0,Personal Loan Offer,0,0.3208979197541396
C03632,45,24016736.0,178,1,25,33611502.0,28,Priority,1,Personal Loan Offer,0,0.37115778466700533
C03633,22,16609687.0,63,2,52,20890305.0,26,Mass,0,Personal Loan Offer,0,0.3018726558710421
C03634,55,22838396.0,41,6,93,3026816.0,35,Mass,0,Personal Loan Offer,0,0.8169129319940617
C03635,64,6881623.0,171,4,78,15015919.0,30,Mass,1,Personal Loan Offer,1,0.40272654535897673
C03636,42,9782979.0,36,2,72,38132400.0,23,Affluent,1,Personal Loan Offer,0,0.5824751809383102
C03637,45,6059059.0,164,4,74,7169366.0,31,Mass,0,Personal Loan Offer,1,0.5929011787035066
C03638,43,8142127.0,174,6,38,23604173.0,15,Mass,1,Personal Loan Offer,1,0.31756823221611874
C03639,24,23892501.0,57,3,50,30795214.0,21,Affluent,1,Personal Loan Offer,0,0.4363297051154793
C03640,48,27194819.0,125,3,90,61172633.0,27,Affluent,1,Personal Loan Offer,1,0.6550134896553559
C03641,53,6381692.0,144,4,76,110867708.0,22,Mass,1,Personal Loan Offer,0,0.7170893692507113
C03642,62,9326445.0,98,6,64,13706994.0,25,Mass,0,Personal Loan Offer,0,0.4999166049681411
C03643,62,11507500.0,127,4,17,24034485.0,24,Affluent,1,Personal Loan Offer,0,0.7796341696759113
C03644,43,16559993.0,26,6,76,24798953.0,29,Mass,1,Personal Loan Offer,0,0.7061954286964731
C03645,64,4558579.0,94,5,43,38286874.0,34,Mass,0,Personal Loan Offer,0,0.48198551609954654
C03646,44,4969189.0,94,3,45,34231126.0,37,Priority,1,Personal Loan Offer,1,0.6007388879357167
C03647,49,15708485.0,103,3,71,83157619.0,23,Mass,0,Personal Loan Offer,1,0.2896783695127221
C03648,48,4107996.0,171,5,45,1943393.0,22,Mass,1,Personal Loan Offer,0,0.5592166688290802
C03649,65,9385520.0,149,1,62,30379054.0,35,Mass,0,Personal Loan Offer,1,0.23840561436892024
C03650,54,13118942.0,110,2,11,32561913.0,15,Affluent,0,Personal Loan Offer,0,0.366227039503095
C03651,26,15082316.0,74,2,26,15807793.0,25,Mass,0,Personal Loan Offer,0,0.22951534619603972
C03652,24,11100184.0,75,5,58,2078658.0,29,Affluent,0,Personal Loan Offer,0,0.45820754708882405
C03653,39,9813318.0,6,5,97,18816538.0,14,Affluent,1,Personal Loan Offer,0,0.8296218369033778
C03654,44,19094887.0,101,5,79,9827372.0,25,Mass,1,Personal Loan Offer,0,0.5800929603716045
C03655,51,14038028.0,47,1,47,107091936.0,21,Mass,0,Personal Loan Offer,0,0.18577671181084243
C03656,42,8406856.0,160,2,98,29108308.0,29,Mass,1,Personal Loan Offer,1,0.6494159090319781
C03657,44,12251572.0,140,2,35,9027247.0,28,Affluent,0,Personal Loan Offer,0,0.23845240254423133
C03658,62,14815140.0,165,1,91,2567897.0,33,Affluent,1,Personal Loan Offer,0,0.7077470014109577
C03659,36,30874702.0,180,2,46,36102061.0,25,Affluent,0,Personal Loan Offer,0,0.45757335439155244
C03660,43,18492859.0,74,3,17,40120261.0,22,Mass,1,Personal Loan Offer,0,0.18274023359184852
C03661,46,23404140.0,79,6,10,16118302.0,21,Mass,1,Personal Loan Offer,1,0.48101488568567313
C03662,42,8576900.0,111,2,99,36576566.0,24,Affluent,0,Personal Loan Offer,0,0.6498630285535155
C03663,64,8994435.0,79,6,68,14118158.0,29,Mass,0,Personal Loan Offer,1,0.31237455841960626
C03664,64,10542847.0,52,5,23,58145445.0,20,Priority,0,Personal Loan Offer,1,0.4643449113970909
C03665,44,11088868.0,128,1,100,53969394.0,28,Mass,0,Personal Loan Offer,0,0.5510877562402584
C03666,41,6892907.0,83,2,13,3883772.0,22,Mass,0,Personal Loan Offer,1,0.2455430852527216
C03667,47,24074908.0,170,3,40,4955710.0,28,Affluent,1,Personal Loan Offer,0,0.43045180056067156
C03668,29,19506545.0,42,6,78,152477035.0,21,Affluent,1,Personal Loan Offer,0,0.7732577625744875
C03669,40,10143000.0,81,5,14,50801639.0,19,Mass,0,Personal Loan Offer,0,0.39267258076793554
C03670,30,17078964.0,97,6,92,5659589.0,26,Mass,0,Personal Loan Offer,0,0.6711991529004571
C03671,27,13565112.0,164,2,71,4159323.0,22,Affluent,0,Personal Loan Offer,0,0.4586806420078394
C03672,25,17828745.0,105,6,96,24618651.0,31,Mass,1,Personal Loan Offer,0,0.7105713149069973
C03673,47,5728981.0,15,6,86,6381587.0,23,Mass,1,Personal Loan Offer,1,0.5365949244998777
C03674,21,11076138.0,63,4,85,14570878.0,16,Affluent,0,Personal Loan Offer,1,0.47072771534004976
C03675,50,11622995.0,160,1,30,19076421.0,25,Mass,0,Personal Loan Offer,0,0.16724827026083683
C03676,40,16910078.0,51,2,28,18270612.0,18,Affluent,0,Personal Loan Offer,0,0.32703154494842845
C03677,37,8493201.0,63,1,32,61699175.0,31,Mass,0,Personal Loan Offer,0,0.19886248291484201
C03678,55,3034191.0,29,5,24,125272143.0,27,Affluent,0,Personal Loan Offer,1,0.411142372854704
C03679,45,6619182.0,131,2,70,12389067.0,33,Mass,1,Personal Loan Offer,0,0.5913690871811658
C03680,54,11603772.0,27,5,15,6456408.0,12,Mass,0,Personal Loan Offer,0,0.2916309262715038
C03681,52,12429131.0,68,2,48,29505551.0,28,Mass,0,Personal Loan Offer,0,0.374909611954157
C03682,22,30294559.0,129,6,62,102228693.0,21,Mass,1,Personal Loan Offer,0,0.583992756362627
C03683,30,16533972.0,162,5,59,13363366.0,26,Affluent,1,Personal Loan Offer,0,0.7214545385710064
C03684,46,12550347.0,42,3,54,46809734.0,16,Mass,0,Personal Loan Offer,0,0.6009988944085827
C03685,64,11788111.0,62,3,30,8658978.0,30,Mass,0,Personal Loan Offer,0,0.27978775002569367
C03686,27,22025646.0,23,1,19,20429984.0,27,Priority,0,Personal Loan Offer,0,0.43846211367413884
C03687,25,8674138.0,80,1,99,6257558.0,35,Mass,1,Personal Loan Offer,0,0.7446530527189441
C03688,63,11108944.0,180,6,52,20217819.0,13,Mass,0,Personal Loan Offer,0,0.3441590891888723
C03689,64,6591722.0,57,5,64,17801403.0,25,Mass,1,Personal Loan Offer,0,0.6213504546167855
C03690,28,26188097.0,49,6,61,36739599.0,23,Affluent,1,Personal Loan Offer,0,0.4306897336169112
C03691,39,14891358.0,74,4,43,118367463.0,34,Mass,0,Personal Loan Offer,0,0.4543869771075141
C03692,49,8131691.0,162,2,75,13556103.0,14,Mass,1,Personal Loan Offer,1,0.39573694086873473
C03693,29,11267882.0,100,1,44,2707439.0,23,Affluent,0,Personal Loan Offer,1,0.18590281062049918
C03694,35,15882448.0,111,5,47,16340201.0,24,Mass,1,Personal Loan Offer,0,0.5979450986932336
C03695,38,10454278.0,141,2,83,26978760.0,28,Affluent,1,Personal Loan Offer,1,0.5591097836429939
C03696,49,8943686.0,130,1,38,24474515.0,26,Mass,1,Personal Loan Offer,0,0.1968223421545233
C03697,34,8373367.0,109,1,73,17086855.0,23,Mass,0,Personal Loan Offer,0,0.4277955720167477
C03698,39,14459269.0,102,4,70,88539361.0,29,Mass,1,Personal Loan Offer,0,0.6427026847327267
C03699,34,9854979.0,97,6,12,22918554.0,18,Mass,0,Personal Loan Offer,0,0.1792402844991874
C03700,55,9349659.0,35,3,72,18010159.0,26,Mass,0,Personal Loan Offer,0,0.15345568824478487
C03701,27,5755021.0,76,6,82,9189175.0,34,Mass,1,Personal Loan Offer,1,0.6126193337256387
C03702,31,12523526.0,153,3,34,3486930.0,26,Mass,1,Personal Loan Offer,0,0.25678937278916697
C03703,32,10861601.0,10,5,93,27798004.0,24,Priority,1,Personal Loan Offer,1,0.8343258426393372
C03704,61,10054297.0,150,2,11,25563107.0,31,Priority,1,Personal Loan Offer,0,0.29451591359703366
C03705,63,13386283.0,103,4,26,6933757.0,27,Mass,0,Personal Loan Offer,0,0.38404706960733603
C03706,43,18107168.0,65,2,96,19131954.0,29,Mass,0,Personal Loan Offer,0,0.5282238129848787
C03707,28,17650563.0,23,5,87,17320328.0,33,Priority,0,Personal Loan Offer,0,0.5568575097086683
C03708,55,16263240.0,138,3,78,10710577.0,22,Mass,1,Personal Loan Offer,0,0.5040142108769389
C03709,43,10512216.0,3,1,64,9046895.0,22,Mass,0,Personal Loan Offer,1,0.22394764494457026
C03710,59,8785104.0,99,2,28,29988499.0,26,Affluent,0,Personal Loan Offer,0,0.20066359998171873
C03711,37,6758176.0,31,3,54,15957366.0,27,Mass,0,Personal Loan Offer,0,0.27342201797683346
C03712,65,8659618.0,164,3,61,11075536.0,25,Mass,0,Personal Loan Offer,0,0.28622704898816304
C03713,57,12130394.0,35,2,18,8449103.0,23,Affluent,0,Personal Loan Offer,0,0.27826954615181215
C03714,31,7786950.0,145,4,64,17562171.0,37,Mass,1,Personal Loan Offer,1,0.4425679054997876
C03715,53,12651023.0,105,6,18,50411325.0,31,Affluent,1,Personal Loan Offer,0,0.5005632821742538
C03716,33,7056192.0,10,5,21,24590799.0,30,Priority,1,Personal Loan Offer,0,0.2848994916909027
C03717,36,4813195.0,131,2,25,15777900.0,18,Mass,1,Personal Loan Offer,0,0.22532702912040312
C03718,32,18832423.0,159,5,27,27227369.0,22,Affluent,0,Personal Loan Offer,0,0.3979119225527794
C03719,51,9244036.0,42,6,17,78266314.0,23,Mass,1,Personal Loan Offer,0,0.40638482530141307
C03720,32,7572613.0,175,2,97,32659844.0,18,Priority,1,Personal Loan Offer,1,0.6454149492234457
C03721,49,6575106.0,145,2,83,25943815.0,33,Mass,0,Personal Loan Offer,0,0.4973477908780232
C03722,47,15143576.0,135,1,56,37873883.0,38,Mass,1,Personal Loan Offer,0,0.2718362322039516
C03723,54,25561975.0,62,6,43,17076761.0,28,Affluent,1,Personal Loan Offer,0,0.5862436122563893
C03724,65,9613958.0,24,5,27,24041947.0,20,Priority,1,Personal Loan Offer,0,0.4134803782215698
C03725,21,10658384.0,79,3,96,12265333.0,27,Affluent,1,Personal Loan Offer,1,0.7589697628218044
C03726,65,21634822.0,146,6,82,4242611.0,24,Affluent,0,Personal Loan Offer,1,0.7079803264729269
C03727,25,4433377.0,107,4,78,28178749.0,19,Priority,1,Personal Loan Offer,1,0.6213426700131844
C03728,44,35399029.0,118,6,52,28287284.0,25,Mass,0,Personal Loan Offer,0,0.42306570842269386
C03729,36,46023946.0,142,6,12,14999537.0,24,Affluent,0,Personal Loan Offer,0,0.4470952271664136
C03730,49,3000000.0,63,6,68,56348372.0,20,Mass,0,Personal Loan Offer,1,0.5734915101862902
C03731,53,11373429.0,9,3,54,9719449.0,21,Mass,1,Personal Loan Offer,0,0.38553114586862164
C03732,59,8080759.0,160,4,37,3401947.0,29,Mass,1,Personal Loan Offer,0,0.3640729308724301
C03733,39,10373787.0,112,2,38,9960392.0,26,Priority,0,Personal Loan Offer,0,0.2296299977867023
C03734,62,9533337.0,103,6,15,4283597.0,30,Mass,0,Personal Loan Offer,0,0.28418793365577044
C03735,35,18753383.0,105,2,89,28043830.0,27,Mass,1,Personal Loan Offer,0,0.49095581611056277
C03736,30,11279571.0,154,3,25,9427721.0,27,Mass,0,Personal Loan Offer,0,0.4466243908778282
C03737,38,7271101.0,139,4,83,53539595.0,22,Mass,0,Personal Loan Offer,0,0.3123620790844781
C03738,44,10915729.0,122,5,98,52432733.0,19,Mass,1,Personal Loan Offer,0,0.5070335386091699
C03739,51,15927354.0,142,5,14,7930834.0,28,Mass,0,Personal Loan Offer,0,0.17266729731335378
C03740,58,6257995.0,54,6,66,8914021.0,36,Affluent,1,Personal Loan Offer,0,0.6612395051993062
C03741,31,4852423.0,129,5,16,34129835.0,22,Affluent,1,Personal Loan Offer,0,0.5232393757733312
C03742,34,35906387.0,176,5,85,53280588.0,21,Affluent,0,Personal Loan Offer,1,0.749714296918067
C03743,63,8428105.0,44,4,56,2672760.0,27,Mass,1,Personal Loan Offer,0,0.5120357237270947
C03744,40,11126866.0,104,3,11,26506849.0,17,Affluent,0,Personal Loan Offer,0,0.20381170477257482
C03745,31,9641910.0,124,6,80,2221409.0,28,Mass,1,Personal Loan Offer,1,0.6516767487504448
C03746,65,16221782.0,94,3,79,11556132.0,19,Mass,1,Personal Loan Offer,0,0.4027134432388445
C03747,41,31815103.0,175,4,94,59703407.0,29,Mass,0,Personal Loan Offer,0,0.6698237932726782
C03748,65,16508415.0,74,2,54,405654741.0,24,Mass,0,Personal Loan Offer,0,0.5290675616803366
C03749,62,5205969.0,41,3,94,15751072.0,21,Mass,1,Personal Loan Offer,0,0.4896723945120674
C03750,61,5604886.0,27,3,70,5746646.0,23,Mass,1,Personal Loan Offer,1,0.5415323159427975
C03751,47,9635710.0,154,2,57,11968044.0,25,Affluent,1,Personal Loan Offer,0,0.41207445688146216
C03752,56,10354057.0,125,5,42,21366023.0,28,Affluent,0,Personal Loan Offer,0,0.5322778597080952
C03753,64,4654495.0,105,5,36,10231703.0,19,Mass,1,Personal Loan Offer,0,0.6112449893398717
C03754,33,18831748.0,79,5,66,7932027.0,21,Mass,1,Personal Loan Offer,0,0.5962499507999895
C03755,22,6602381.0,75,1,77,13051228.0,24,Affluent,0,Personal Loan Offer,0,0.3677879822532054
C03756,35,27281874.0,169,2,13,29704826.0,26,Mass,0,Personal Loan Offer,0,0.2344914802410065
C03757,49,32663380.0,124,2,47,16883272.0,27,Mass,1,Personal Loan Offer,0,0.5161706466066042
C03758,45,10468463.0,174,5,14,8282373.0,21,Affluent,1,Personal Loan Offer,0,0.5068567799713874
C03759,24,15276896.0,145,6,46,10233532.0,29,Mass,1,Personal Loan Offer,1,0.49907615474579553
C03760,46,6094189.0,139,3,82,13221889.0,22,Mass,0,Personal Loan Offer,0,0.30523100275446013
C03761,28,16910397.0,101,2,72,7361810.0,26,Mass,0,Personal Loan Offer,0,0.3368024477624993
C03762,43,9123932.0,46,4,21,9860997.0,32,Mass,0,Personal Loan Offer,0,0.34972109398833906
C03763,46,6599060.0,119,6,75,38067781.0,26,Mass,0,Personal Loan Offer,0,0.6539932717744982
C03764,49,10234582.0,130,3,11,15885573.0,30,Affluent,1,Personal Loan Offer,0,0.43524018945015946
C03765,39,9288204.0,95,2,11,3463381.0,20,Mass,0,Personal Loan Offer,0,0.09308631647791905
C03766,39,10034900.0,6,4,93,55739050.0,24,Mass,1,Personal Loan Offer,1,0.6885435136013559
C03767,51,20231294.0,173,6,12,30339549.0,21,Affluent,1,Personal Loan Offer,0,0.6169411125190123
C03768,54,7791142.0,150,5,34,5015832.0,29,Mass,0,Personal Loan Offer,1,0.16703736806154726
C03769,57,31161062.0,65,4,22,13878672.0,32,Priority,0,Personal Loan Offer,0,0.5061917967177177
C03770,36,5789951.0,90,5,62,9057865.0,25,Mass,1,Personal Loan Offer,0,0.58334488346111
C03771,40,29177367.0,24,1,57,39355588.0,36,Mass,0,Personal Loan Offer,1,0.2636343778778835
C03772,35,6860812.0,169,5,86,13791880.0,26,Affluent,1,Personal Loan Offer,0,0.5837137230947581
C03773,44,11993315.0,44,1,99,18596231.0,25,Priority,0,Personal Loan Offer,1,0.6749720913781276
C03774,26,9164147.0,70,3,77,16552512.0,28,Affluent,0,Personal Loan Offer,0,0.48438099207318464
C03775,40,9932934.0,79,3,52,4552141.0,29,Affluent,0,Personal Loan Offer,0,0.41301313324256306
C03776,29,18646401.0,49,5,14,81542833.0,25,Affluent,0,Personal Loan Offer,0,0.45327396966521044
C03777,44,27379961.0,115,2,93,38786115.0,30,Mass,1,Personal Loan Offer,1,0.42887744328108157
C03778,59,23096827.0,180,2,61,9472081.0,28,Affluent,0,Personal Loan Offer,0,0.36267784563520833
C03779,65,9604538.0,155,6,29,24230064.0,26,Mass,1,Personal Loan Offer,0,0.47857819733188556
C03780,41,13279839.0,97,3,59,52976594.0,40,Mass,1,Personal Loan Offer,0,0.5833419179167358
C03781,23,7804994.0,26,5,45,21146476.0,24,Mass,1,Personal Loan Offer,1,0.48224547176500704
C03782,31,6955648.0,156,4,41,94868001.0,18,Mass,0,Personal Loan Offer,0,0.5519287315475255
C03783,25,6388127.0,48,4,51,370029642.0,21,Mass,1,Personal Loan Offer,1,0.5380570017258409
C03784,55,9433256.0,165,5,78,17630151.0,19,Mass,1,Personal Loan Offer,0,0.7548376939060205
C03785,65,13765834.0,73,5,24,11169675.0,25,Mass,1,Personal Loan Offer,0,0.3818124197225862
C03786,45,4192966.0,95,6,97,7435925.0,25,Affluent,1,Personal Loan Offer,0,0.7277734407389304
C03787,28,11697932.0,80,5,15,2186184.0,28,Mass,0,Personal Loan Offer,0,0.3876844873314683
C03788,21,27624981.0,84,2,23,69677491.0,23,Mass,0,Personal Loan Offer,0,0.25146626259886556
C03789,64,22241452.0,32,2,71,14044607.0,20,Affluent,1,Personal Loan Offer,0,0.41617472894524377
C03790,35,8697672.0,101,6,23,47994577.0,24,Mass,0,Personal Loan Offer,0,0.29619672158496946
C03791,26,5565721.0,74,3,80,58685017.0,35,Mass,0,Personal Loan Offer,0,0.44318141878607975
C03792,28,15453157.0,153,2,76,6785324.0,22,Priority,1,Personal Loan Offer,0,0.7854849544609067
C03793,32,3354562.0,87,1,49,7884652.0,25,Affluent,0,Personal Loan Offer,0,0.5715286264392546
C03794,50,22098095.0,174,4,51,114482178.0,23,Mass,0,Personal Loan Offer,1,0.4386228819075902
C03795,61,10669973.0,55,4,100,18646662.0,35,Mass,1,Personal Loan Offer,0,0.5779968082003968
C03796,33,32855588.0,61,5,82,10334055.0,29,Mass,1,Personal Loan Offer,1,0.38749381694655893
C03797,51,4641677.0,9,5,67,7032618.0,19,Mass,1,Personal Loan Offer,0,0.37095994676297867
C03798,23,19883437.0,134,5,22,17361871.0,24,Mass,0,Personal Loan Offer,0,0.2935008428584329
C03799,21,11354644.0,16,4,63,90344189.0,28,Mass,1,Personal Loan Offer,0,0.44194387058652834
C03800,23,10002438.0,53,6,13,39692818.0,17,Priority,0,Personal Loan Offer,0,0.39100535472533904
C03801,62,5649080.0,165,6,32,23986583.0,23,Affluent,0,Personal Loan Offer,0,0.5014390736521985
C03802,47,16652627.0,111,5,73,97930027.0,32,Mass,1,Personal Loan Offer,0,0.6849129839920054
C03803,57,17405430.0,102,3,47,80762071.0,17,Affluent,1,Personal Loan Offer,0,0.36671230081481077
C03804,21,32031729.0,146,2,100,27934277.0,18,Affluent,1,Personal Loan Offer,1,0.7886795940284783
C03805,22,20891331.0,140,1,95,321131896.0,24,Mass,1,Personal Loan Offer,0,0.6176411674215776
C03806,59,8656100.0,160,6,18,15616204.0,28,Affluent,1,Personal Loan Offer,1,0.5500982922809874
C03807,25,6908705.0,121,5,90,59964983.0,23,Mass,1,Personal Loan Offer,0,0.5501061302451163
C03808,27,5653283.0,82,6,88,13500621.0,22,Affluent,1,Personal Loan Offer,1,0.7299206518421651
C03809,44,26982272.0,26,5,19,49332382.0,26,Mass,1,Personal Loan Offer,1,0.45957384206235186
C03810,48,7821769.0,68,3,45,15601157.0,17,Mass,0,Personal Loan Offer,0,0.5256511913229449
C03811,31,27086436.0,128,1,96,31724860.0,31,Mass,1,Personal Loan Offer,1,0.6266650242689064
C03812,41,16017731.0,48,1,11,218299546.0,25,Mass,1,Personal Loan Offer,0,0.33861700923955884
C03813,51,14387406.0,122,5,15,51810046.0,28,Affluent,1,Personal Loan Offer,1,0.35406288440225764
C03814,40,10136361.0,26,2,56,32219549.0,39,Priority,1,Personal Loan Offer,0,0.6582702797132773
C03815,38,17258016.0,13,3,96,9216815.0,14,Affluent,0,Personal Loan Offer,0,0.4561911861688721
C03816,24,11898326.0,67,6,35,24142191.0,19,Mass,0,Personal Loan Offer,0,0.3670224206419818
C03817,41,9794680.0,43,3,80,7298945.0,19,Mass,1,Personal Loan Offer,1,0.5166827562273413
C03818,57,17596663.0,158,6,73,48555556.0,24,Mass,0,Personal Loan Offer,0,0.4664272932762013
C03819,49,11086432.0,70,4,23,47352041.0,21,Mass,0,Personal Loan Offer,0,0.23632476910637532
C03820,61,7735519.0,77,5,36,16711495.0,20,Mass,0,Personal Loan Offer,1,0.2883372868453627
C03821,26,16690027.0,74,1,66,105558390.0,28,Mass,1,Personal Loan Offer,0,0.4622258732152249
C03822,21,11585039.0,59,3,53,91709717.0,28,Mass,1,Personal Loan Offer,0,0.40397787452999745
C03823,45,15702299.0,166,2,31,23228474.0,27,Mass,1,Personal Loan Offer,1,0.41877583486189796
C03824,29,9349134.0,134,1,28,35206946.0,32,Mass,0,Personal Loan Offer,1,0.4775578451956655
C03825,47,6171179.0,31,6,60,11103663.0,34,Affluent,1,Personal Loan Offer,1,0.6309433908940293
C03826,61,31161935.0,41,4,85,15234335.0,25,Priority,1,Personal Loan Offer,1,0.6596904598716613
C03827,36,28093632.0,17,3,47,6805455.0,21,Affluent,0,Personal Loan Offer,0,0.5238356784702826
C03828,45,19511195.0,48,3,94,12396266.0,26,Mass,1,Personal Loan Offer,0,0.46641027780016237
C03829,51,9695005.0,119,2,70,18017498.0,14,Mass,0,Personal Loan Offer,1,0.39239015568382973
C03830,27,10172945.0,169,1,46,3801383.0,20,Mass,0,Personal Loan Offer,0,0.5882225854144222
C03831,61,25666503.0,88,6,74,35607142.0,28,Affluent,0,Personal Loan Offer,1,0.6720554559647722
C03832,30,9877902.0,17,1,50,55582063.0,29,Affluent,0,Personal Loan Offer,0,0.42479594734313153
C03833,57,8473985.0,11,3,78,19842271.0,30,Affluent,1,Personal Loan Offer,1,0.5358839155902172
C03834,50,33603685.0,76,1,99,1347822.0,23,Mass,0,Personal Loan Offer,0,0.5046663920419867
C03835,27,11689417.0,50,6,81,15529470.0,27,Priority,0,Personal Loan Offer,1,0.765073743096039
C03836,53,31738821.0,105,2,22,4964666.0,24,Affluent,0,Personal Loan Offer,0,0.23449157956039837
C03837,29,5561073.0,24,3,16,10871158.0,29,Mass,0,Personal Loan Offer,1,0.25264091000472527
C03838,47,15957171.0,43,5,83,85427544.0,27,Mass,1,Personal Loan Offer,1,0.4503261461640608
C03839,64,37487295.0,101,4,87,1752878.0,32,Mass,1,Personal Loan Offer,1,0.7997387117860724
C03840,63,12197970.0,53,3,61,8840733.0,23,Mass,1,Personal Loan Offer,0,0.549075474714176
C03841,60,10378166.0,67,4,32,45846639.0,24,Mass,0,Personal Loan Offer,0,0.27963238202694646
C03842,43,6313203.0,42,3,90,9912595.0,31,Affluent,0,Personal Loan Offer,0,0.36580963402639616
C03843,46,21762653.0,12,2,50,9182524.0,20,Mass,0,Personal Loan Offer,0,0.4315820068035512
C03844,34,7856461.0,64,4,36,152648584.0,32,Affluent,0,Personal Loan Offer,0,0.4627697216827618
C03845,62,11390298.0,61,3,43,29198568.0,23,Mass,1,Personal Loan Offer,0,0.6373422707136174
C03846,42,6085631.0,162,6,36,50908743.0,23,Priority,0,Personal Loan Offer,1,0.7106849253213596
C03847,55,28252973.0,161,3,35,32799130.0,17,Mass,1,Personal Loan Offer,0,0.44945557881791315
C03848,37,22648499.0,79,5,39,23510089.0,21,Priority,1,Personal Loan Offer,0,0.49670550035388716
C03849,54,11793341.0,54,2,71,70792792.0,22,Mass,0,Personal Loan Offer,0,0.4050266741740613
C03850,31,6360613.0,77,4,11,134434740.0,34,Mass,1,Personal Loan Offer,0,0.3510044540313745
C03851,54,27928719.0,111,4,43,3714393.0,29,Priority,0,Personal Loan Offer,0,0.6101645748889554
C03852,23,9812374.0,71,5,25,19305980.0,23,Mass,0,Personal Loan Offer,0,0.2870592550915598
C03853,25,6534161.0,137,3,68,19154421.0,27,Affluent,1,Personal Loan Offer,1,0.34177788129740533
C03854,36,4552797.0,174,5,100,13019589.0,29,Mass,1,Personal Loan Offer,1,0.8194261864050213
C03855,42,8411719.0,74,1,81,53345675.0,23,Mass,0,Personal Loan Offer,0,0.4291992476174315
C03856,53,5391673.0,23,5,32,25857998.0,15,Affluent,1,Personal Loan Offer,0,0.4737907989706945
C03857,37,8519479.0,24,5,56,137167820.0,37,Mass,0,Personal Loan Offer,0,0.4213990522363895
C03858,21,18071416.0,158,3,11,60099329.0,23,Affluent,1,Personal Loan Offer,0,0.49951125811038216
C03859,35,9761407.0,77,1,47,78291161.0,31,Mass,0,Personal Loan Offer,0,0.4528006448253964
C03860,40,14592942.0,61,4,35,6028921.0,18,Affluent,1,Personal Loan Offer,0,0.4316258823895962
C03861,45,8061282.0,113,5,55,8932054.0,33,Mass,0,Personal Loan Offer,0,0.5122052354608905
C03862,49,12437917.0,173,3,47,9699175.0,29,Mass,0,Personal Loan Offer,0,0.42249880156792474
C03863,32,34515279.0,78,1,72,75102292.0,27,Mass,1,Personal Loan Offer,1,0.4942171176368257
C03864,48,9906978.0,59,3,59,7603099.0,33,Mass,1,Personal Loan Offer,1,0.500919823740474
C03865,49,14825414.0,156,6,95,7828711.0,30,Mass,1,Personal Loan Offer,0,0.7187447798427882
C03866,55,5072667.0,17,2,16,6516757.0,28,Affluent,0,Personal Loan Offer,0,0.2665467415255695
C03867,44,27687056.0,153,4,95,313801146.0,30,Priority,0,Personal Loan Offer,0,0.6792607134734597
C03868,57,9229852.0,95,3,81,17348401.0,27,Mass,1,Personal Loan Offer,0,0.49867557817631364
C03869,30,21385223.0,6,5,74,33974841.0,18,Mass,1,Personal Loan Offer,0,0.6606808488861223
C03870,53,11213938.0,43,3,85,6392433.0,26,Priority,1,Personal Loan Offer,0,0.7035790275905311
C03871,23,16798260.0,123,3,14,52195207.0,21,Priority,0,Personal Loan Offer,1,0.5468030523472939
C03872,25,17356438.0,137,4,29,3394192.0,28,Mass,0,Personal Loan Offer,1,0.5447422464124149
C03873,59,9356436.0,37,4,10,7513711.0,29,Affluent,1,Personal Loan Offer,0,0.42478805345021653
C03874,42,21877423.0,120,3,82,9624947.0,23,Mass,0,Personal Loan Offer,0,0.5569795838920282
C03875,48,7904759.0,179,2,42,24893427.0,30,Affluent,0,Personal Loan Offer,1,0.42653877841850973
C03876,48,18407726.0,125,1,42,9048961.0,24,Mass,1,Personal Loan Offer,0,0.25234402508901754
C03877,52,9682244.0,128,5,65,91810840.0,28,Mass,0,Personal Loan Offer,0,0.6335449656232603
C03878,32,14543782.0,37,3,48,33080880.0,18,Mass,1,Personal Loan Offer,0,0.5449124848256603
C03879,29,9307407.0,116,4,67,10035500.0,28,Mass,0,Personal Loan Offer,0,0.6155102993600051
C03880,22,12334416.0,129,3,95,54236242.0,44,Mass,1,Personal Loan Offer,0,0.6686323385527227
C03881,59,6644737.0,22,6,40,13496734.0,32,Mass,1,Personal Loan Offer,0,0.43230742478776424
C03882,31,13750332.0,58,5,91,11081706.0,21,Priority,1,Personal Loan Offer,1,0.6758996679370941
C03883,46,12295213.0,160,3,58,48986655.0,24,Mass,1,Personal Loan Offer,1,0.40702880173728273
C03884,41,8915775.0,180,2,44,1721004.0,20,Affluent,0,Personal Loan Offer,0,0.29079101404034857
C03885,28,11642256.0,33,5,93,41702010.0,26,Mass,0,Personal Loan Offer,0,0.6609601882933801
C03886,39,12917838.0,133,1,54,9802500.0,17,Priority,0,Personal Loan Offer,0,0.15664321201567485
C03887,24,8549820.0,92,1,21,9787685.0,25,Mass,0,Personal Loan Offer,0,0.1834737169529186
C03888,28,11179586.0,108,1,36,141722257.0,30,Mass,0,Personal Loan Offer,1,0.31556644505947484
C03889,27,6902289.0,93,3,86,11757831.0,32,Mass,1,Personal Loan Offer,0,0.792529070240996
C03890,58,43600116.0,157,3,56,52020970.0,25,Mass,0,Personal Loan Offer,0,0.5155533445546563
C03891,46,21486437.0,82,2,60,26442617.0,24,Mass,0,Personal Loan Offer,1,0.4241582182378869
C03892,62,13944824.0,107,2,72,29333297.0,28,Mass,0,Personal Loan Offer,1,0.35000275704230294
C03893,40,22864117.0,122,2,27,15567572.0,22,Mass,0,Personal Loan Offer,0,0.5072865523927583
C03894,30,4040295.0,101,3,18,14776185.0,20,Mass,0,Personal Loan Offer,0,0.18771706577663835
C03895,48,3000000.0,159,2,50,92177924.0,24,Affluent,1,Personal Loan Offer,0,0.6507549655953362
C03896,62,9633981.0,45,4,93,50713510.0,19,Mass,0,Personal Loan Offer,1,0.4845745929443817
C03897,44,5622050.0,171,3,21,12134484.0,26,Mass,1,Personal Loan Offer,0,0.3827719980293341
C03898,21,10535743.0,123,6,75,7027676.0,26,Mass,1,Personal Loan Offer,0,0.5835600448094542
C03899,34,13437077.0,173,6,99,11147983.0,26,Mass,1,Personal Loan Offer,0,0.618477119222819
C03900,62,19908258.0,69,4,18,53368866.0,27,Mass,0,Personal Loan Offer,1,0.46946952259032027
C03901,44,6416427.0,88,4,22,65002391.0,24,Mass,1,Personal Loan Offer,0,0.4804472818398142
C03902,63,14949884.0,10,1,89,34836855.0,20,Mass,0,Personal Loan Offer,1,0.4410226000803165
C03903,43,12095349.0,167,4,19,3970775.0,18,Priority,1,Personal Loan Offer,1,0.4062776996069856
C03904,21,14527404.0,148,3,77,42500309.0,22,Mass,0,Personal Loan Offer,0,0.4470184131548733
C03905,60,9016282.0,55,2,82,73648994.0,25,Mass,0,Personal Loan Offer,0,0.5041267545754584
C03906,55,25677907.0,12,5,38,23790559.0,24,Mass,0,Personal Loan Offer,0,0.33053092276680757
C03907,53,11335925.0,127,1,36,144826334.0,16,Mass,0,Personal Loan Offer,0,0.0942922748661895
C03908,64,31839475.0,122,2,57,5337523.0,29,Mass,0,Personal Loan Offer,0,0.23844265906236695
C03909,29,7769400.0,96,5,56,39667801.0,23,Affluent,1,Personal Loan Offer,0,0.5093496372737083
C03910,61,18055705.0,30,6,88,7210303.0,25,Affluent,1,Personal Loan Offer,1,0.5873973847260425
C03911,31,11612580.0,166,4,63,57643309.0,17,Mass,0,Personal Loan Offer,0,0.45349360281710344
C03912,64,10020654.0,79,4,98,36914083.0,29,Mass,1,Personal Loan Offer,0,0.5496434873765441
C03913,29,16990937.0,131,6,31,121157105.0,12,Affluent,0,Personal Loan Offer,1,0.4172064345770696
C03914,45,10179351.0,155,1,35,32964818.0,26,Mass,0,Personal Loan Offer,0,0.21592024418106928
C03915,56,3000000.0,100,3,31,13352802.0,28,Priority,1,Personal Loan Offer,1,0.5313635865462943
C03916,24,3000000.0,19,2,69,12239422.0,25,Mass,0,Personal Loan Offer,0,0.42547324570138556
C03917,24,24160978.0,161,3,13,15573255.0,23,Mass,0,Personal Loan Offer,0,0.47886820496223453
C03918,59,23607130.0,121,6,88,12001219.0,22,Mass,1,Personal Loan Offer,0,0.6773711656592611
C03919,23,33884042.0,162,4,80,76925794.0,34,Affluent,1,Personal Loan Offer,1,0.45955517333196455
C03920,48,11884869.0,112,6,99,71619727.0,28,Affluent,1,Personal Loan Offer,1,0.6316205770413958
C03921,63,5894133.0,164,4,97,4477948.0,34,Mass,0,Personal Loan Offer,0,0.6128536491291161
C03922,48,9527054.0,157,6,16,20782108.0,36,Mass,0,Personal Loan Offer,0,0.421167544061734
C03923,42,12075639.0,41,2,78,21289709.0,18,Affluent,0,Personal Loan Offer,1,0.43292514698149676
C03924,39,6896649.0,33,2,55,9156253.0,27,Priority,1,Personal Loan Offer,0,0.37498978110894565
C03925,49,29714132.0,31,2,76,30999847.0,22,Mass,1,Personal Loan Offer,1,0.4246977991655823
C03926,46,41125700.0,145,5,89,86192495.0,26,Mass,1,Personal Loan Offer,1,0.6882289559072939
C03927,43,15610770.0,45,4,63,48790775.0,24,Mass,0,Personal Loan Offer,0,0.48593730463952556
C03928,27,11928513.0,83,2,10,76922672.0,32,Affluent,0,Personal Loan Offer,0,0.20011662690234688
C03929,50,5886578.0,143,2,88,9749972.0,28,Mass,0,Personal Loan Offer,0,0.5116331015596027
C03930,54,28090889.0,79,3,49,20743647.0,28,Mass,0,Personal Loan Offer,0,0.47085154088695264
C03931,52,12514343.0,14,1,51,9300653.0,25,Mass,0,Personal Loan Offer,0,0.31401141290499535
C03932,24,10235543.0,67,5,63,25410497.0,32,Affluent,1,Personal Loan Offer,1,0.4990500318281043
C03933,52,15635632.0,19,6,92,27804091.0,26,Mass,1,Personal Loan Offer,1,0.7381620355203108
C03934,53,8695149.0,71,6,57,52225469.0,19,Mass,1,Personal Loan Offer,1,0.6726412096911153
C03935,29,13009606.0,134,2,28,74382755.0,25,Affluent,0,Personal Loan Offer,0,0.30236534476887067
C03936,59,5427887.0,95,3,76,39833547.0,19,Mass,0,Personal Loan Offer,1,0.38431741586129936
C03937,44,21819512.0,123,4,67,8461804.0,24,Mass,1,Personal Loan Offer,1,0.5742979766701873
C03938,42,11330300.0,22,3,15,5173552.0,16,Mass,0,Personal Loan Offer,0,0.1622376196694254
C03939,53,22697326.0,136,3,58,33641227.0,26,Affluent,0,Personal Loan Offer,0,0.3629375305959655
C03940,43,10743294.0,78,2,81,89680503.0,24,Affluent,0,Personal Loan Offer,0,0.4593923570118917
C03941,45,11133926.0,54,1,90,19510258.0,25,Affluent,1,Personal Loan Offer,0,0.5624000297007665
C03942,35,6160341.0,119,3,35,4342016.0,19,Mass,0,Personal Loan Offer,0,0.22523958225230506
C03943,62,18224612.0,27,1,57,160852570.0,32,Mass,1,Personal Loan Offer,0,0.4049423135816854
C03944,64,7412699.0,91,1,85,32626891.0,25,Mass,0,Personal Loan Offer,0,0.22074145124376493
C03945,26,9183187.0,78,4,63,23733173.0,29,Mass,1,Personal Loan Offer,0,0.5540268184116957
C03946,53,12006913.0,32,6,48,6219945.0,29,Affluent,0,Personal Loan Offer,0,0.724502970565848
C03947,22,12827354.0,172,4,26,20326968.0,33,Priority,0,Personal Loan Offer,0,0.3603806260179668
C03948,37,4695259.0,67,1,13,39750262.0,26,Mass,1,Personal Loan Offer,0,0.24363918509476826
C03949,64,10569404.0,10,6,72,33074183.0,21,Affluent,0,Personal Loan Offer,1,0.6095857611809774
C03950,28,18583671.0,81,5,97,10133484.0,28,Mass,1,Personal Loan Offer,1,0.6713303678948064
C03951,37,9745647.0,175,2,64,18890648.0,31,Mass,0,Personal Loan Offer,0,0.38201673161414407
C03952,30,10604773.0,122,2,81,10801938.0,22,Affluent,0,Personal Loan Offer,1,0.4803168845981951
C03953,53,13121210.0,116,6,71,105624870.0,27,Affluent,1,Personal Loan Offer,1,0.5651154502841526
C03954,41,11196804.0,163,3,41,48940548.0,23,Priority,1,Personal Loan Offer,0,0.3398353692039998
C03955,47,6808168.0,17,1,57,11838979.0,30,Priority,1,Personal Loan Offer,0,0.584687729586126
C03956,63,11762497.0,100,2,34,6216845.0,27,Mass,1,Personal Loan Offer,1,0.15885340229784942
C03957,44,20731347.0,60,2,30,26404841.0,29,Affluent,1,Personal Loan Offer,0,0.3752399608953904
C03958,54,6731243.0,123,3,63,12218056.0,23,Affluent,1,Personal Loan Offer,1,0.4709605830424864
C03959,25,9766338.0,154,3,68,13163207.0,31,Mass,1,Personal Loan Offer,0,0.45600908957988995
C03960,30,5612574.0,16,4,99,6427066.0,22,Mass,1,Personal Loan Offer,1,0.6607343983387505
C03961,63,20139171.0,31,2,31,7274125.0,21,Priority,0,Personal Loan Offer,1,0.3660610677456927
C03962,59,11405659.0,172,4,36,23532970.0,25,Priority,0,Personal Loan Offer,0,0.5694354589719351
C03963,50,7517975.0,90,3,25,15315323.0,23,Mass,1,Personal Loan Offer,0,0.5264598255913325
C03964,38,12624669.0,59,6,96,242802088.0,28,Mass,0,Personal Loan Offer,0,0.702224237104176
C03965,29,6189947.0,30,5,81,36233558.0,22,Mass,0,Personal Loan Offer,1,0.3168903046581051
C03966,59,6797019.0,66,2,40,6322009.0,18,Mass,0,Personal Loan Offer,0,0.2808964687617822
C03967,56,5375401.0,3,1,98,4306373.0,30,Affluent,1,Personal Loan Offer,0,0.5132479237865848
C03968,31,6673724.0,42,4,74,29781984.0,27,Mass,0,Personal Loan Offer,0,0.5582090939384576
C03969,47,25316145.0,35,3,53,13448468.0,27,Mass,1,Personal Loan Offer,0,0.22791231051405283
C03970,48,8018020.0,18,6,44,75732487.0,22,Mass,1,Personal Loan Offer,0,0.5156509159183529
C03971,42,15507604.0,175,3,61,26511964.0,24,Mass,1,Personal Loan Offer,0,0.39084524109215835
C03972,62,7575663.0,143,2,17,2754434.0,24,Affluent,0,Personal Loan Offer,0,0.3744331134138415
C03973,26,18222375.0,170,3,25,7216052.0,18,Affluent,0,Personal Loan Offer,0,0.3057499408021103
C03974,32,6824790.0,45,6,95,10180257.0,23,Mass,0,Personal Loan Offer,0,0.7377007604917619
C03975,25,12261717.0,54,1,28,31117464.0,31,Mass,0,Personal Loan Offer,0,0.1465127979395372
C03976,52,12353938.0,53,6,24,6979518.0,27,Mass,0,Personal Loan Offer,0,0.41081926314007383
C03977,49,43172322.0,102,2,88,23302249.0,21,Affluent,1,Personal Loan Offer,1,0.5215178362265341
C03978,65,16973284.0,35,6,95,5257115.0,24,Affluent,0,Personal Loan Offer,1,0.674004785504749
C03979,45,8660820.0,44,4,84,20124092.0,23,Mass,1,Personal Loan Offer,1,0.8214327550925548
C03980,27,17490950.0,176,4,19,28955445.0,16,Mass,0,Personal Loan Offer,0,0.22691149487743237
C03981,41,38896435.0,65,2,86,86249356.0,14,Affluent,1,Personal Loan Offer,1,0.5756848571872807
C03982,24,4896922.0,142,5,34,25567134.0,20,Affluent,0,Personal Loan Offer,1,0.30468272366927557
C03983,51,7549954.0,43,4,11,8837441.0,26,Affluent,0,Personal Loan Offer,0,0.3021786836740212
C03984,51,10534051.0,168,3,93,89008989.0,33,Mass,1,Personal Loan Offer,0,0.5598458027500653
C03985,59,9540140.0,126,3,34,16652398.0,25,Priority,0,Personal Loan Offer,0,0.34914096354756324
C03986,36,9993056.0,156,4,69,43349668.0,20,Mass,1,Personal Loan Offer,0,0.6774580043863885
C03987,34,5856657.0,94,3,16,10835595.0,27,Mass,0,Personal Loan Offer,0,0.3926030342232151
C03988,24,25973648.0,164,6,27,21900523.0,30,Mass,0,Personal Loan Offer,0,0.3550280664033658
C03989,39,5487495.0,67,1,90,8975192.0,32,Mass,0,Personal Loan Offer,0,0.5592901198277961
C03990,42,10748751.0,88,2,63,27604871.0,30,Mass,0,Personal Loan Offer,1,0.35406573502536065
C03991,54,21329977.0,13,6,100,44681537.0,25,Mass,1,Personal Loan Offer,0,0.569918218629597
C03992,54,11802425.0,33,5,26,12193866.0,17,Priority,1,Personal Loan Offer,0,0.38335697873722085
C03993,27,7002308.0,140,3,91,11527372.0,15,Affluent,0,Personal Loan Offer,0,0.41251444834242645
C03994,33,5715233.0,61,4,89,28575522.0,26,Priority,1,Personal Loan Offer,1,0.7618583135762372
C03995,44,10574094.0,21,1,94,8764560.0,30,Affluent,1,Personal Loan Offer,0,0.43575224960917014
C03996,36,7913264.0,55,2,14,4383242.0,25,Mass,0,Personal Loan Offer,0,0.3665538883602643
C03997,22,13433932.0,65,6,19,28472215.0,27,Affluent,0,Personal Loan Offer,0,0.4758359467978038
C03998,59,5551724.0,130,4,58,17957989.0,23,Affluent,1,Personal Loan Offer,1,0.44521957886559005
C03999,53,18766555.0,19,1,20,17581951.0,23,Affluent,0,Personal Loan Offer,0,0.2439717583057588
C04000,44,12787382.0,7,5,15,33676582.0,26,Mass,1,Personal Loan Offer,0,0.5604722139200408
C04001,35,13320666.0,131,3,83,38724893.0,31,Mass,0,Personal Loan Offer,1,0.5356528124798423
C04002,58,26509386.0,28,4,73,17025809.0,19,Affluent,1,Personal Loan Offer,1,0.5432087705415183
C04003,22,9432103.0,77,6,86,6508200.0,23,Affluent,1,Personal Loan Offer,0,0.7621971947566621
C04004,41,8050285.0,124,6,95,10560762.0,33,Mass,1,Personal Loan Offer,0,0.7286693987177475
C04005,57,8878536.0,94,1,22,35898525.0,21,Mass,1,Personal Loan Offer,0,0.15352786737500626
C04006,63,10794287.0,24,3,85,22922866.0,28,Mass,1,Personal Loan Offer,0,0.5254243491439766
C04007,32,11414403.0,131,2,13,11541773.0,24,Affluent,1,Personal Loan Offer,0,0.13883670526561218
C04008,50,7599047.0,11,6,43,9127992.0,15,Mass,0,Personal Loan Offer,0,0.4372520779462685
C04009,29,3944056.0,44,5,37,37097704.0,34,Affluent,0,Personal Loan Offer,0,0.5149502479755214
C04010,26,8814479.0,22,4,31,16023876.0,22,Mass,1,Personal Loan Offer,0,0.3977444240460353
C04011,36,14626146.0,94,1,75,42455185.0,18,Mass,0,Personal Loan Offer,0,0.2958764516055658
C04012,60,12933861.0,125,5,21,48185978.0,31,Mass,0,Personal Loan Offer,0,0.2978197902019728
C04013,52,23211819.0,118,4,83,14627342.0,18,Mass,1,Personal Loan Offer,0,0.5997452174997413
C04014,43,35178118.0,27,2,89,51695966.0,19,Mass,1,Personal Loan Offer,1,0.7070097558105248
C04015,33,18220370.0,64,3,70,22968921.0,26,Affluent,1,Personal Loan Offer,0,0.5593066873632037
C04016,27,25669230.0,29,3,17,26140622.0,21,Mass,0,Personal Loan Offer,0,0.2545489544307094
C04017,33,18295086.0,64,2,64,2241137.0,23,Mass,1,Personal Loan Offer,1,0.5375963929646755
C04018,27,30733438.0,43,6,67,7574679.0,20,Affluent,1,Personal Loan Offer,0,0.6792143942043883
C04019,29,33210834.0,134,6,43,7996772.0,19,Mass,0,Personal Loan Offer,0,0.5478764490416299
C04020,51,20247827.0,136,1,43,14542531.0,23,Mass,0,Personal Loan Offer,0,0.409488387795964
C04021,26,17697365.0,148,6,52,22422912.0,26,Affluent,1,Personal Loan Offer,0,0.5786898751513062
C04022,23,10719119.0,38,3,100,23359006.0,27,Mass,1,Personal Loan Offer,1,0.4623065731230543
C04023,45,11730252.0,5,5,10,26615113.0,28,Mass,0,Personal Loan Offer,0,0.3124745276881925
C04024,33,9965171.0,9,5,56,10082363.0,25,Mass,1,Personal Loan Offer,0,0.6165014496091836
C04025,41,16887860.0,153,4,38,39928695.0,26,Mass,1,Personal Loan Offer,1,0.6371294986898025
C04026,27,8074535.0,164,5,59,122122021.0,18,Mass,0,Personal Loan Offer,0,0.34897123280039016
C04027,30,10802723.0,40,5,10,14046979.0,16,Affluent,0,Personal Loan Offer,0,0.5582098653796745
C04028,40,3285646.0,158,6,93,10299178.0,20,Mass,1,Personal Loan Offer,1,0.5793839416840065
C04029,52,30957215.0,97,3,51,10078460.0,27,Affluent,0,Personal Loan Offer,0,0.5166903218741575
C04030,39,10629633.0,35,5,98,21784530.0,25,Affluent,1,Personal Loan Offer,1,0.84051921816356
C04031,45,15417079.0,58,6,24,11822082.0,32,Mass,1,Personal Loan Offer,0,0.3791383535870423
C04032,44,26754143.0,50,6,63,3544524.0,28,Mass,0,Personal Loan Offer,0,0.5636629124256195
C04033,33,14155002.0,138,1,71,4659837.0,26,Mass,0,Personal Loan Offer,0,0.32643793483160155
C04034,33,26557062.0,36,3,82,55474442.0,23,Mass,1,Personal Loan Offer,0,0.5625575240524575
C04035,40,6061461.0,35,4,10,72061961.0,31,Priority,0,Personal Loan Offer,1,0.4369558223736784
C04036,22,44856288.0,131,4,67,99049712.0,23,Mass,0,Personal Loan Offer,0,0.5182125891229215
C04037,51,21819788.0,56,4,23,25079147.0,21,Mass,0,Personal Loan Offer,0,0.5306089125231697
C04038,48,13463307.0,47,6,48,7424808.0,26,Mass,0,Personal Loan Offer,1,0.40674888129907083
C04039,34,26277164.0,146,4,14,12906307.0,30,Affluent,1,Personal Loan Offer,0,0.4678295149893298
C04040,37,6310137.0,168,5,15,4501203.0,16,Mass,0,Personal Loan Offer,0,0.3091802289332159
C04041,35,10238637.0,101,6,79,4331181.0,25,Mass,1,Personal Loan Offer,1,0.7376176695470281
C04042,50,26555699.0,150,1,75,25816014.0,21,Mass,0,Personal Loan Offer,0,0.3504497742448568
C04043,55,4297457.0,152,4,91,34286230.0,33,Priority,1,Personal Loan Offer,1,0.7412917961911113
C04044,25,16332523.0,107,3,73,141755796.0,32,Mass,1,Personal Loan Offer,1,0.7916847284227272
C04045,39,16080439.0,150,6,64,18405301.0,27,Mass,1,Personal Loan Offer,0,0.3928669019985001
C04046,21,35444952.0,4,4,20,5144342.0,20,Affluent,0,Personal Loan Offer,0,0.328423557947579
C04047,41,5024275.0,9,4,79,17704377.0,28,Affluent,1,Personal Loan Offer,0,0.7977372311186082
C04048,32,29084452.0,160,5,30,15078548.0,30,Mass,0,Personal Loan Offer,0,0.4342581537204134
C04049,36,8821551.0,27,2,19,12237446.0,31,Priority,0,Personal Loan Offer,0,0.36857588721925966
C04050,41,9384425.0,132,4,76,28204508.0,38,Mass,1,Personal Loan Offer,0,0.5039660546521408
C04051,35,6127607.0,77,5,63,5937331.0,19,Affluent,1,Personal Loan Offer,1,0.730658634673805
C04052,38,6596822.0,143,5,23,22793005.0,17,Affluent,0,Personal Loan Offer,1,0.22598480561016193
C04053,55,14981917.0,121,2,59,38370753.0,29,Mass,1,Personal Loan Offer,0,0.5621355162185985
C04054,57,6508598.0,15,6,72,82720714.0,30,Mass,0,Personal Loan Offer,0,0.4094590820787888
C04055,21,18030469.0,62,1,55,27278753.0,23,Mass,0,Personal Loan Offer,1,0.20043818673434724
C04056,38,8333432.0,129,2,75,56761185.0,25,Mass,0,Personal Loan Offer,0,0.31704178696380647
C04057,59,6157914.0,167,6,55,12830642.0,23,Mass,0,Personal Loan Offer,0,0.4826379897977414
C04058,44,8976514.0,146,4,42,14752934.0,25,Priority,0,Personal Loan Offer,1,0.4131002975958873
C04059,30,14441350.0,161,4,30,76982592.0,21,Mass,1,Personal Loan Offer,0,0.2836900194319839
C04060,47,10302250.0,173,4,33,5074093.0,24,Mass,1,Personal Loan Offer,0,0.2594940883325566
C04061,27,12227924.0,162,6,83,13364367.0,22,Mass,1,Personal Loan Offer,1,0.5061540530328985
C04062,21,17598625.0,106,2,43,61817011.0,22,Mass,0,Personal Loan Offer,0,0.2537705710035148
C04063,49,21763591.0,62,2,75,16193672.0,29,Mass,0,Personal Loan Offer,0,0.5125393983708917
C04064,44,10118387.0,93,3,42,15031233.0,27,Priority,0,Personal Loan Offer,0,0.3936479273403167
C04065,55,6757037.0,144,6,57,15339024.0,25,Mass,0,Personal Loan Offer,0,0.21708930186303496
C04066,36,12512881.0,78,4,65,22485801.0,23,Mass,0,Personal Loan Offer,0,0.47770113025361205
C04067,59,15545387.0,150,5,53,59252982.0,21,Mass,1,Personal Loan Offer,0,0.5811707110297595
C04068,39,5373652.0,127,5,77,50398620.0,26,Mass,0,Personal Loan Offer,0,0.5208466955267768
C04069,54,7352733.0,40,6,94,20230463.0,17,Mass,0,Personal Loan Offer,0,0.4805211677579999
C04070,25,8079693.0,166,3,88,59627736.0,24,Mass,1,Personal Loan Offer,1,0.6189603478987159
C04071,25,10703860.0,153,3,93,28149377.0,22,Mass,0,Personal Loan Offer,0,0.3748440710436029
C04072,56,7895856.0,109,1,12,47221648.0,19,Mass,0,Personal Loan Offer,0,0.17634080008604647
C04073,58,17703795.0,37,1,79,7151791.0,21,Mass,1,Personal Loan Offer,1,0.42823704678834307
C04074,63,4963362.0,43,3,76,113782076.0,25,Affluent,1,Personal Loan Offer,1,0.6762394510723796
C04075,35,5033227.0,152,5,47,24926845.0,26,Affluent,0,Personal Loan Offer,0,0.5694727585513747
C04076,22,9986836.0,6,6,38,1280721.0,30,Mass,1,Personal Loan Offer,0,0.4875555942470346
C04077,65,10894931.0,89,3,14,105136494.0,28,Mass,0,Personal Loan Offer,0,0.3952395967520021
C04078,48,5391656.0,113,4,86,20101355.0,28,Mass,1,Personal Loan Offer,0,0.4055939216372675
C04079,32,8595122.0,44,5,86,13466947.0,35,Mass,1,Personal Loan Offer,1,0.7729856569722745
C04080,55,9624698.0,156,2,16,10914031.0,32,Mass,0,Personal Loan Offer,0,0.06842112670090117
C04081,61,9665789.0,95,1,62,31038679.0,23,Affluent,0,Personal Loan Offer,0,0.5906876779941471
C04082,33,13045477.0,14,6,60,8226358.0,25,Mass,0,Personal Loan Offer,0,0.43618030136681846
C04083,55,8339792.0,59,4,25,11232662.0,27,Mass,0,Personal Loan Offer,0,0.3754928112587573
C04084,56,27050801.0,73,1,59,11505834.0,22,Mass,0,Personal Loan Offer,0,0.5671411633649631
C04085,43,15696209.0,42,2,83,14931681.0,28,Mass,0,Personal Loan Offer,0,0.562487910944313
C04086,49,7698259.0,170,2,39,11947524.0,33,Mass,0,Personal Loan Offer,1,0.3631637317954574
C04087,33,12640273.0,67,2,76,46924804.0,23,Affluent,0,Personal Loan Offer,0,0.6215375356030508
C04088,62,12847061.0,92,3,98,26227135.0,31,Mass,1,Personal Loan Offer,0,0.40270648704350637
C04089,65,23406259.0,98,5,51,29629456.0,19,Affluent,0,Personal Loan Offer,0,0.3904474955201792
C04090,65,8625270.0,42,5,19,36830801.0,36,Priority,1,Personal Loan Offer,0,0.5125797434117418
C04091,54,18300766.0,104,6,37,18222152.0,23,Mass,1,Personal Loan Offer,0,0.4442836567562048
C04092,22,12279444.0,65,6,22,7209668.0,29,Mass,0,Personal Loan Offer,0,0.3680566413450618
C04093,37,27255852.0,4,2,42,121620404.0,21,Mass,0,Personal Loan Offer,0,0.5383317928460516
C04094,41,24407658.0,75,1,68,50565369.0,19,Mass,1,Personal Loan Offer,1,0.5587624997094495
C04095,64,13373101.0,106,1,28,100339485.0,21,Affluent,0,Personal Loan Offer,0,0.22677972150096035
C04096,45,10387999.0,23,5,56,56276143.0,20,Affluent,1,Personal Loan Offer,1,0.5966472484381673
C04097,45,15855872.0,141,3,100,12620985.0,18,Mass,0,Personal Loan Offer,0,0.3807110617320255
C04098,27,10866223.0,120,5,34,1911244.0,24,Affluent,1,Personal Loan Offer,0,0.27586376941399177
C04099,56,30237279.0,58,3,90,5851136.0,30,Mass,1,Personal Loan Offer,1,0.490423592048116
C04100,36,12529241.0,108,6,37,37797929.0,27,Affluent,0,Personal Loan Offer,0,0.5184624581619127
C04101,25,9600385.0,57,4,65,18065144.0,31,Affluent,0,Personal Loan Offer,0,0.46827623990085776
C04102,65,9319587.0,118,6,24,13142910.0,20,Affluent,1,Personal Loan Offer,0,0.5035677074868682
C04103,29,6157908.0,30,2,34,1649016.0,24,Mass,1,Personal Loan Offer,0,0.28286642632455505
C04104,21,16297540.0,111,5,88,19739170.0,17,Mass,1,Personal Loan Offer,1,0.72638938693253
C04105,24,7643843.0,12,4,63,6779841.0,18,Affluent,1,Personal Loan Offer,0,0.575578173217593
C04106,41,21952657.0,5,2,61,9692474.0,23,Mass,0,Personal Loan Offer,0,0.2998294790575162
C04107,25,5893160.0,48,2,56,46797808.0,28,Mass,0,Personal Loan Offer,0,0.48179510917872637
C04108,58,12869877.0,34,2,32,7146268.0,27,Mass,1,Personal Loan Offer,0,0.21855505168262931
C04109,44,22590506.0,90,1,94,7862015.0,30,Affluent,1,Personal Loan Offer,0,0.6292257617955955
C04110,35,3673595.0,32,6,45,24078338.0,22,Affluent,0,Personal Loan Offer,0,0.4540325155657767
C04111,21,36413978.0,46,2,11,47851112.0,28,Mass,0,Personal Loan Offer,0,0.45786862737955875
C04112,42,9497226.0,20,4,92,13370174.0,22,Affluent,1,Personal Loan Offer,0,0.7094248800075346
C04113,27,12968315.0,160,4,14,86742823.0,36,Affluent,0,Personal Loan Offer,1,0.31656090263043674
C04114,65,16431558.0,133,4,90,5568151.0,21,Mass,1,Personal Loan Offer,0,0.5317529702113105
C04115,34,17890639.0,41,4,34,4672418.0,21,Mass,1,Personal Loan Offer,0,0.7561247420426292
C04116,42,13950883.0,24,6,16,4290684.0,27,Affluent,0,Personal Loan Offer,0,0.29771478201852997
C04117,21,20769139.0,154,6,30,3832619.0,34,Mass,0,Personal Loan Offer,0,0.38100679522592645
C04118,26,15964948.0,121,6,69,28002148.0,18,Mass,1,Personal Loan Offer,0,0.4900696200145398
C04119,30,31607400.0,160,3,59,7522834.0,30,Mass,1,Personal Loan Offer,0,0.350143857171947
C04120,23,15993571.0,34,5,23,4881926.0,21,Affluent,0,Personal Loan Offer,1,0.3052098630502631
C04121,53,35355578.0,66,2,37,29239747.0,25,Mass,0,Personal Loan Offer,0,0.3661544828048164
C04122,63,19697663.0,24,6,29,45589687.0,17,Mass,1,Personal Loan Offer,0,0.4966673409378146
C04123,65,4444841.0,78,2,69,57202103.0,20,Mass,0,Personal Loan Offer,0,0.23205342849021646
C04124,32,50451532.0,31,1,88,47991156.0,33,Mass,1,Personal Loan Offer,0,0.532924907800155
C04125,56,8749682.0,3,5,33,7985511.0,21,Mass,1,Personal Loan Offer,0,0.29383917023308637
C04126,43,27315542.0,93,5,91,26359355.0,32,Mass,0,Personal Loan Offer,1,0.5342630614453249
C04127,23,12178146.0,177,1,47,32871429.0,20,Mass,0,Personal Loan Offer,1,0.4227768633434268
C04128,25,21509749.0,117,6,17,12439153.0,25,Mass,0,Personal Loan Offer,0,0.3190382731093782
C04129,45,8217313.0,137,1,39,23582016.0,26,Mass,0,Personal Loan Offer,0,0.16491341055259942
C04130,40,16929644.0,147,1,89,5720831.0,26,Mass,1,Personal Loan Offer,0,0.5845254860490354
C04131,21,10440076.0,176,6,83,10677429.0,21,Mass,1,Personal Loan Offer,0,0.7452640210360789
C04132,62,28598617.0,25,2,76,29006489.0,34,Mass,1,Personal Loan Offer,1,0.5498630149493174
C04133,53,15274338.0,47,2,46,90312414.0,28,Mass,1,Personal Loan Offer,0,0.27054654289052993
C04134,43,20079012.0,112,5,80,63254855.0,26,Mass,1,Personal Loan Offer,0,0.5786041388692962
C04135,65,3649771.0,149,4,74,38729080.0,21,Mass,1,Personal Loan Offer,0,0.40833209278053256
C04136,64,11448305.0,140,4,82,21659243.0,26,Mass,0,Personal Loan Offer,0,0.5424419549450371
C04137,64,15039951.0,132,6,60,18550593.0,29,Mass,1,Personal Loan Offer,0,0.6427063627869075
C04138,32,13570453.0,58,1,56,4702679.0,21,Priority,1,Personal Loan Offer,1,0.4421265449191346
C04139,60,20359408.0,67,6,97,8673095.0,27,Mass,1,Personal Loan Offer,0,0.6945238786058267
C04140,43,9812522.0,17,2,96,8960960.0,15,Affluent,1,Personal Loan Offer,1,0.49356858084600985
C04141,53,12326354.0,58,4,58,35534057.0,30,Mass,1,Personal Loan Offer,0,0.5553545359009971
C04142,59,22979014.0,30,2,28,51453580.0,27,Mass,0,Personal Loan Offer,0,0.36405651725653376
C04143,28,3426803.0,169,2,47,41775318.0,26,Mass,0,Personal Loan Offer,0,0.16419025124885311
C04144,41,16594137.0,19,2,55,65261267.0,20,Mass,0,Personal Loan Offer,0,0.2062175350581337
C04145,26,9986858.0,67,4,71,21498643.0,28,Affluent,1,Personal Loan Offer,0,0.5268163619462005
C04146,33,7265461.0,160,6,38,7484260.0,32,Mass,1,Personal Loan Offer,1,0.5757272693334959
C04147,39,14440055.0,173,1,14,19025865.0,25,Affluent,0,Personal Loan Offer,0,0.3962123817534018
C04148,59,23570711.0,70,4,84,9688070.0,24,Mass,0,Personal Loan Offer,0,0.6737163713236273
C04149,59,21251676.0,85,6,96,38613126.0,21,Affluent,0,Personal Loan Offer,0,0.7246085629381216
C04150,38,11140582.0,96,5,17,13966266.0,34,Mass,1,Personal Loan Offer,0,0.5388484424167362
C04151,35,19425064.0,149,6,38,18123341.0,29,Mass,0,Personal Loan Offer,0,0.39895146323896097
C04152,44,19343259.0,139,1,49,40019006.0,27,Affluent,1,Personal Loan Offer,1,0.36438663268926136
C04153,62,11436986.0,96,3,79,9531842.0,23,Mass,1,Personal Loan Offer,0,0.3217711162834933
C04154,64,8196542.0,69,3,80,52442056.0,21,Affluent,0,Personal Loan Offer,1,0.5089710468226917
C04155,31,8461512.0,69,4,41,5197283.0,25,Mass,1,Personal Loan Offer,1,0.2870725142060135
C04156,29,19024469.0,118,2,38,27174614.0,21,Affluent,1,Personal Loan Offer,0,0.5755876939383553
C04157,52,11725030.0,151,2,46,18262199.0,18,Affluent,1,Personal Loan Offer,0,0.5514761251862673
C04158,34,6749756.0,16,6,31,45744615.0,17,Mass,0,Personal Loan Offer,0,0.414548605664839
C04159,29,4750416.0,139,2,49,5059959.0,28,Affluent,0,Personal Loan Offer,1,0.4499263615880452
C04160,22,18961563.0,88,6,33,4327289.0,35,Affluent,1,Personal Loan Offer,1,0.46240382646146433
C04161,39,8883348.0,28,1,15,42341880.0,32,Mass,0,Personal Loan Offer,0,0.07637732386244907
C04162,38,14391243.0,20,3,74,13528656.0,21,Mass,1,Personal Loan Offer,0,0.38500411586333133
C04163,46,23730128.0,62,4,81,18263968.0,25,Affluent,1,Personal Loan Offer,1,0.7181251087330949
C04164,30,5841562.0,47,6,36,10339620.0,26,Affluent,0,Personal Loan Offer,0,0.5477249840237299
C04165,53,11705761.0,21,5,46,49826285.0,25,Priority,0,Personal Loan Offer,1,0.521056853005324
C04166,51,10924685.0,55,1,46,26976024.0,21,Affluent,0,Personal Loan Offer,1,0.44475791076447685
C04167,41,14787249.0,151,5,12,25441873.0,27,Mass,0,Personal Loan Offer,0,0.2913020146554995
C04168,29,23722991.0,130,2,59,6209695.0,16,Mass,1,Personal Loan Offer,0,0.2753708217032321
C04169,43,5775981.0,40,6,51,33024108.0,25,Mass,1,Personal Loan Offer,1,0.5826908457689561
C04170,51,16416641.0,122,5,95,7415107.0,22,Mass,0,Personal Loan Offer,0,0.561871878412351
C04171,37,21162796.0,83,2,43,10351995.0,24,Priority,1,Personal Loan Offer,0,0.591114937449335
C04172,32,10830858.0,135,3,82,5105838.0,19,Affluent,0,Personal Loan Offer,1,0.3127557119842265
C04173,43,11126290.0,47,5,45,17101921.0,27,Priority,1,Personal Loan Offer,0,0.49003518727877177
C04174,36,15105423.0,13,6,26,57986228.0,17,Affluent,1,Personal Loan Offer,0,0.550586559612354
C04175,39,14505908.0,58,4,41,25088944.0,35,Affluent,1,Personal Loan Offer,0,0.5457673904930432
C04176,36,16530391.0,179,2,90,12857295.0,22,Mass,0,Personal Loan Offer,1,0.48134997299562227
C04177,34,16339916.0,101,3,33,22306511.0,25,Mass,0,Personal Loan Offer,0,0.3786730397207933
C04178,53,6992386.0,12,5,86,22183444.0,25,Mass,1,Personal Loan Offer,0,0.602035421260475
C04179,41,20687988.0,176,4,70,21366002.0,27,Affluent,1,Personal Loan Offer,1,0.40949992071029445
C04180,41,22797192.0,149,2,77,23880607.0,36,Mass,0,Personal Loan Offer,0,0.4641238223051524
C04181,50,13293195.0,99,2,78,7069134.0,27,Priority,1,Personal Loan Offer,1,0.6036210837573222
C04182,37,5275752.0,134,2,57,22248412.0,36,Mass,0,Personal Loan Offer,0,0.445082868555954
C04183,25,11266081.0,35,3,64,3457286.0,23,Mass,1,Personal Loan Offer,0,0.42549480007355023
C04184,59,13354186.0,108,3,16,35564782.0,24,Mass,0,Personal Loan Offer,0,0.23116905308455335
C04185,23,6394105.0,165,4,73,6639144.0,22,Mass,1,Personal Loan Offer,0,0.32881620267162504
C04186,46,9843691.0,81,6,74,64931321.0,15,Mass,0,Personal Loan Offer,0,0.6643974155821082
C04187,32,5527599.0,9,4,19,1734113.0,36,Mass,0,Personal Loan Offer,1,0.39229290503444375
C04188,30,16758697.0,137,4,57,106714518.0,13,Mass,1,Personal Loan Offer,1,0.5865604355189915
C04189,22,13146849.0,132,3,56,3882625.0,25,Mass,1,Personal Loan Offer,0,0.2915374277700452
C04190,61,4853625.0,134,4,38,6024278.0,21,Mass,0,Personal Loan Offer,0,0.3688092413835804
C04191,40,14559043.0,118,6,16,26971731.0,35,Priority,1,Personal Loan Offer,0,0.43237933542119084
C04192,36,11632777.0,27,1,10,37130816.0,26,Mass,1,Personal Loan Offer,0,0.21487871051027888
C04193,54,15941639.0,23,3,28,15064588.0,27,Mass,1,Personal Loan Offer,0,0.6779111756790231
C04194,22,9675180.0,144,1,31,48829680.0,29,Priority,0,Personal Loan Offer,0,0.47848128322856914
C04195,46,7722151.0,155,2,29,9017598.0,14,Mass,0,Personal Loan Offer,1,0.19309289831289525
C04196,43,7853365.0,16,1,65,13410531.0,23,Priority,0,Personal Loan Offer,0,0.43634617355849764
C04197,45,8925506.0,106,4,48,14785609.0,21,Priority,0,Personal Loan Offer,0,0.47062693951115525
C04198,26,12124891.0,92,5,20,11673676.0,22,Affluent,1,Personal Loan Offer,0,0.4228606860204629
C04199,63,13017359.0,65,6,17,2890859.0,23,Mass,0,Personal Loan Offer,0,0.2202580028927744
C04200,31,10805019.0,117,2,69,19512694.0,27,Affluent,0,Personal Loan Offer,0,0.5262440338672619
C04201,51,9507499.0,165,5,95,17827195.0,22,Mass,0,Personal Loan Offer,0,0.359468471820308
C04202,54,9891095.0,149,2,84,58786665.0,27,Mass,0,Personal Loan Offer,0,0.2913675697208291
C04203,36,47662994.0,30,2,78,5527789.0,33,Mass,1,Personal Loan Offer,0,0.7878088952361378
C04204,26,7853881.0,85,4,38,10552101.0,30,Mass,1,Personal Loan Offer,0,0.3392502786930423
C04205,34,8828826.0,169,5,74,66634569.0,27,Mass,1,Personal Loan Offer,0,0.7221276122665703
C04206,57,73444235.0,45,4,17,26816601.0,19,Affluent,1,Personal Loan Offer,0,0.4384103992419421
C04207,61,15126739.0,155,1,25,34643564.0,18,Mass,0,Personal Loan Offer,0,0.10256413494966915
C04208,63,5617672.0,90,3,22,31474129.0,33,Mass,0,Personal Loan Offer,0,0.20011089967828755
C04209,31,19075115.0,95,2,26,31614122.0,28,Mass,0,Personal Loan Offer,0,0.6260607216205983
C04210,48,7274574.0,47,1,42,123566845.0,24,Mass,0,Personal Loan Offer,1,0.17728724616764086
C04211,27,19784335.0,166,1,13,21917227.0,18,Affluent,0,Personal Loan Offer,0,0.4698816897029551
C04212,52,10685390.0,97,3,84,7274601.0,21,Affluent,1,Personal Loan Offer,0,0.6059641094918757
C04213,39,9421732.0,105,1,75,37884034.0,38,Affluent,0,Personal Loan Offer,0,0.5077678694038126
C04214,53,29076997.0,85,5,67,11349578.0,17,Affluent,0,Personal Loan Offer,0,0.5301733036706299
C04215,51,16386001.0,18,1,25,17917812.0,20,Affluent,0,Personal Loan Offer,0,0.21284712073377857
C04216,65,20492333.0,141,2,88,28959934.0,20,Mass,0,Personal Loan Offer,0,0.5827369881115547
C04217,42,15242879.0,61,6,10,8796711.0,19,Mass,1,Personal Loan Offer,0,0.5131143534156539
C04218,36,9397674.0,45,5,100,12006372.0,25,Mass,0,Personal Loan Offer,0,0.6618889101632388
C04219,44,16796182.0,142,4,76,32187586.0,20,Mass,1,Personal Loan Offer,1,0.6225315491876138
C04220,28,23335484.0,38,1,28,11554642.0,24,Priority,0,Personal Loan Offer,0,0.33062272566367473
C04221,26,12923050.0,124,1,27,52937797.0,26,Affluent,1,Personal Loan Offer,0,0.573773290793205
C04222,44,32324003.0,87,6,73,7460144.0,25,Mass,1,Personal Loan Offer,1,0.6701570636819881
C04223,58,19157123.0,145,5,83,7435069.0,24,Mass,1,Personal Loan Offer,1,0.8084821221024371
C04224,44,13483909.0,11,6,52,134530123.0,28,Affluent,1,Personal Loan Offer,1,0.4873234044201303
C04225,56,13780082.0,140,5,15,4329733.0,21,Priority,1,Personal Loan Offer,0,0.43653230969677825
C04226,29,12940825.0,43,1,54,19472744.0,21,Priority,1,Personal Loan Offer,1,0.5723787568234876
C04227,41,6029869.0,157,5,53,127385271.0,31,Affluent,0,Personal Loan Offer,0,0.5734673945928099
C04228,48,11420008.0,65,3,39,19436268.0,30,Affluent,1,Personal Loan Offer,0,0.48335644648892107
C04229,36,13552340.0,4,5,92,76899774.0,29,Mass,0,Personal Loan Offer,0,0.5262130618569281
C04230,21,9545404.0,89,3,41,38405748.0,31,Mass,0,Personal Loan Offer,1,0.3228649243686397
C04231,24,14449055.0,12,5,32,19856480.0,30,Mass,0,Personal Loan Offer,1,0.31509589370598945
C04232,62,12141457.0,50,6,71,17550580.0,23,Mass,0,Personal Loan Offer,1,0.5665353932271816
C04233,48,18364826.0,130,6,66,2402272.0,22,Priority,1,Personal Loan Offer,1,0.6568616936330426
C04234,32,17281187.0,102,4,66,14535888.0,22,Affluent,1,Personal Loan Offer,1,0.49173477396331894
C04235,32,13155514.0,129,2,55,25227906.0,21,Mass,0,Personal Loan Offer,0,0.4476289081137503
C04236,22,5657259.0,159,4,38,25213894.0,18,Mass,0,Personal Loan Offer,1,0.2445291259360309
C04237,63,32130449.0,86,3,33,235471769.0,33,Mass,0,Personal Loan Offer,0,0.2195816481879176
C04238,25,11099129.0,99,2,20,26487961.0,27,Mass,1,Personal Loan Offer,0,0.21202580084125186
C04239,55,11477850.0,13,5,26,37557669.0,27,Affluent,1,Personal Loan Offer,0,0.7003022768017422
C04240,31,9939534.0,54,1,62,64116096.0,32,Affluent,1,Personal Loan Offer,0,0.5032319402393336
C04241,36,9173145.0,131,3,46,34337347.0,25,Affluent,1,Personal Loan Offer,1,0.332446780066269
C04242,33,28054206.0,14,5,77,18350984.0,25,Mass,1,Personal Loan Offer,1,0.6638913581907151
C04243,58,25719026.0,66,6,83,18440419.0,26,Affluent,0,Personal Loan Offer,0,0.7018558243146371
C04244,22,15322511.0,27,4,60,14084541.0,30,Priority,0,Personal Loan Offer,0,0.6422996706166252
C04245,36,11311066.0,155,6,19,31185190.0,27,Affluent,0,Personal Loan Offer,0,0.5622173953374336
C04246,33,16868054.0,102,5,10,16867886.0,24,Mass,0,Personal Loan Offer,0,0.35579883788333916
C04247,33,12497080.0,117,2,30,37362542.0,26,Mass,1,Personal Loan Offer,0,0.3104246504169538
C04248,29,10807972.0,124,6,35,7291031.0,24,Mass,0,Personal Loan Offer,0,0.621638456740049
C04249,62,14452464.0,42,3,16,23163569.0,24,Mass,0,Personal Loan Offer,0,0.3421135725913006
C04250,38,9414677.0,11,4,80,94424408.0,18,Mass,0,Personal Loan Offer,0,0.5595601906458155
C04251,39,13785978.0,73,2,43,15976338.0,21,Affluent,0,Personal Loan Offer,0,0.39148304980838816
C04252,38,13426470.0,36,4,77,126309330.0,27,Mass,0,Personal Loan Offer,0,0.49071277462452007
C04253,65,16718593.0,60,5,29,23556545.0,32,Mass,0,Personal Loan Offer,1,0.2768893670255701
C04254,36,8536758.0,59,6,10,18901175.0,16,Mass,1,Personal Loan Offer,0,0.40918194130540636
C04255,36,17733964.0,142,6,22,22473813.0,26,Affluent,1,Personal Loan Offer,0,0.6351390804843303
C04256,35,7289503.0,59,5,52,14648076.0,39,Mass,0,Personal Loan Offer,1,0.539063802218596
C04257,35,8758240.0,29,4,53,2759850.0,22,Mass,1,Personal Loan Offer,0,0.4903886066338361
C04258,25,8971006.0,173,6,49,48226426.0,25,Affluent,0,Personal Loan Offer,0,0.4470759924514732
C04259,48,6654399.0,11,1,97,179189775.0,23,Mass,0,Personal Loan Offer,0,0.43340461076249515
C04260,22,20978978.0,39,6,69,32335366.0,36,Mass,0,Personal Loan Offer,1,0.4657887185522544
C04261,31,7042250.0,64,2,76,34365503.0,30,Affluent,1,Personal Loan Offer,1,0.4789315983269519
C04262,30,8170276.0,14,3,21,16662148.0,25,Mass,0,Personal Loan Offer,0,0.39404071632047527
C04263,34,23935935.0,163,6,52,63657769.0,31,Mass,0,Personal Loan Offer,1,0.48096171225912554
C04264,55,8767802.0,65,5,66,19229790.0,19,Affluent,0,Personal Loan Offer,0,0.5553199024797421
C04265,47,10820345.0,142,6,63,26126559.0,28,Mass,0,Personal Loan Offer,0,0.6395898968422015
C04266,65,6877744.0,26,5,96,4180855.0,22,Mass,1,Personal Loan Offer,0,0.7419938616886358
C04267,36,18973245.0,95,4,53,11779850.0,21,Mass,1,Personal Loan Offer,0,0.264592100763382
C04268,62,19117642.0,25,2,43,28878155.0,20,Mass,0,Personal Loan Offer,0,0.293604559947856
C04269,23,18017201.0,44,6,95,49548105.0,25,Mass,1,Personal Loan Offer,0,0.6026838204865603
C04270,43,16127857.0,75,4,40,50941199.0,25,Mass,0,Personal Loan Offer,1,0.31024610645885214
C04271,56,12495651.0,156,5,61,4122878.0,25,Mass,1,Personal Loan Offer,0,0.45690176585416
C04272,44,8993477.0,57,3,12,4562873.0,27,Affluent,0,Personal Loan Offer,0,0.145453665106065
C04273,62,7665069.0,137,6,25,35868855.0,22,Mass,1,Personal Loan Offer,0,0.352392918731426
C04274,35,24394427.0,19,3,15,9477531.0,24,Priority,0,Personal Loan Offer,0,0.4111455612771259
C04275,22,18275274.0,47,2,48,48926779.0,26,Mass,0,Personal Loan Offer,0,0.2630395881788679
C04276,55,8195534.0,110,2,94,3917932.0,25,Mass,1,Personal Loan Offer,1,0.4430031587007374
C04277,24,12265790.0,86,5,16,18125546.0,24,Mass,1,Personal Loan Offer,0,0.34418062003395894
C04278,55,10174080.0,92,5,98,19326853.0,31,Mass,1,Personal Loan Offer,0,0.6609190250779778
C04279,54,6452004.0,123,2,89,32336589.0,22,Mass,0,Personal Loan Offer,1,0.2891155702846815
C04280,58,13231693.0,16,5,10,7131861.0,21,Mass,0,Personal Loan Offer,0,0.39731312282259945
C04281,42,9548515.0,126,6,11,2798177.0,20,Affluent,1,Personal Loan Offer,0,0.487315997792641
C04282,61,7106512.0,156,4,91,23736288.0,25,Mass,1,Personal Loan Offer,0,0.47512604784856094
C04283,28,5319524.0,139,6,63,33857568.0,27,Mass,1,Personal Loan Offer,1,0.7299325083759123
C04284,40,5077478.0,53,1,25,54772445.0,25,Affluent,0,Personal Loan Offer,0,0.3336193946912473
C04285,26,9782766.0,65,3,96,13973751.0,27,Mass,0,Personal Loan Offer,0,0.5966692751255249
C04286,55,11451313.0,174,4,61,43441444.0,28,Affluent,0,Personal Loan Offer,1,0.6229398735286246
C04287,53,7414898.0,143,3,67,32508645.0,26,Affluent,0,Personal Loan Offer,1,0.37983210975740256
C04288,57,17163986.0,168,1,71,75048709.0,28,Mass,0,Personal Loan Offer,0,0.38598836827801386
C04289,55,11575098.0,165,3,28,18922361.0,34,Mass,1,Personal Loan Offer,0,0.40293072485623516
C04290,34,16480759.0,80,3,42,3546045.0,32,Priority,1,Personal Loan Offer,1,0.39964803575635927
C04291,24,10851526.0,26,2,21,18691570.0,28,Affluent,0,Personal Loan Offer,0,0.27985523739825396
C04292,62,7783390.0,43,3,58,21849609.0,26,Priority,1,Personal Loan Offer,0,0.5978648429449065
C04293,43,12777315.0,55,3,99,33579861.0,26,Mass,1,Personal Loan Offer,0,0.6180960776065753
C04294,25,5992062.0,151,6,67,4319112.0,28,Mass,0,Personal Loan Offer,0,0.5536074564836673
C04295,62,16144797.0,52,3,72,14638975.0,24,Mass,1,Personal Loan Offer,0,0.4900511076545857
C04296,65,7166910.0,67,3,27,47647771.0,28,Mass,0,Personal Loan Offer,0,0.293269520832509
C04297,41,19884381.0,154,3,59,18022966.0,25,Mass,0,Personal Loan Offer,0,0.553845627568212
C04298,55,9961782.0,32,4,100,14731645.0,34,Affluent,0,Personal Loan Offer,0,0.8575186249792831
C04299,22,21526830.0,121,2,18,134566523.0,25,Mass,0,Personal Loan Offer,0,0.3308745509771928
C04300,25,6471862.0,101,6,28,6860142.0,10,Affluent,1,Personal Loan Offer,0,0.5914223762804294
C04301,33,8265856.0,178,3,75,68640791.0,27,Mass,0,Personal Loan Offer,1,0.43379442806353724
C04302,50,14796947.0,90,3,10,55533254.0,22,Priority,1,Personal Loan Offer,0,0.2927136255767241
C04303,27,22843807.0,95,1,28,15967666.0,18,Mass,0,Personal Loan Offer,0,0.1991526792004205
C04304,22,30010327.0,154,6,95,19352889.0,28,Priority,1,Personal Loan Offer,0,0.715524671327942
C04305,51,12276146.0,179,3,11,19283958.0,25,Affluent,0,Personal Loan Offer,0,0.2845305432213147
C04306,55,32972265.0,132,1,49,23991030.0,29,Mass,0,Personal Loan Offer,0,0.49432863647751746
C04307,54,10232727.0,127,2,40,11036312.0,27,Affluent,0,Personal Loan Offer,0,0.4987982532498721
C04308,56,21960137.0,158,3,46,13034296.0,28,Mass,1,Personal Loan Offer,0,0.35078879958402753
C04309,57,7147103.0,177,5,33,14020321.0,26,Mass,0,Personal Loan Offer,0,0.35192728514705873
C04310,48,15119978.0,133,1,35,14475167.0,17,Mass,1,Personal Loan Offer,0,0.269816282887228
C04311,44,3310090.0,55,1,79,14657850.0,20,Priority,1,Personal Loan Offer,0,0.5299542003195167
C04312,59,6475537.0,117,4,12,2127415.0,26,Priority,0,Personal Loan Offer,1,0.4541232843121235
C04313,36,15511457.0,45,3,21,22051516.0,22,Mass,0,Personal Loan Offer,0,0.25872822529486167
C04314,25,5830281.0,92,6,34,11801947.0,40,Mass,0,Personal Loan Offer,0,0.4280952620964924
C04315,54,15176208.0,82,5,85,3092319.0,30,Mass,1,Personal Loan Offer,1,0.7553293426900676
C04316,33,19756027.0,178,4,45,14093043.0,24,Mass,0,Personal Loan Offer,0,0.39590980196581865
C04317,65,9108250.0,101,3,13,13664139.0,26,Mass,0,Personal Loan Offer,0,0.21203375184999398
C04318,39,7042636.0,173,4,57,71591532.0,26,Mass,0,Personal Loan Offer,1,0.44254909445412743
C04319,59,9245195.0,146,4,67,11663943.0,23,Mass,1,Personal Loan Offer,0,0.48738126456537995
C04320,22,7054812.0,154,2,51,38998472.0,21,Affluent,0,Personal Loan Offer,0,0.23637034377149532
C04321,50,11350243.0,33,3,18,79721896.0,42,Priority,1,Personal Loan Offer,1,0.37686238381122755
C04322,41,12693074.0,141,6,89,10672428.0,20,Mass,0,Personal Loan Offer,0,0.6828508634415215
C04323,41,10141147.0,47,4,88,19072263.0,12,Mass,0,Personal Loan Offer,1,0.7608068528586157
C04324,32,30138524.0,105,3,92,112665590.0,33,Mass,0,Personal Loan Offer,0,0.5726370795825219
C04325,64,8078729.0,89,5,97,25146241.0,21,Mass,1,Personal Loan Offer,0,0.7057883488234916
C04326,38,25795367.0,49,2,38,29063472.0,30,Mass,0,Personal Loan Offer,0,0.3858725442007974
C04327,59,6768132.0,178,2,48,13309504.0,28,Mass,1,Personal Loan Offer,0,0.47931238699289436
C04328,40,12490075.0,158,6,97,39756888.0,23,Mass,0,Personal Loan Offer,1,0.6023429241153158
C04329,23,23002770.0,105,5,50,19222657.0,21,Affluent,1,Personal Loan Offer,0,0.6809035405821725
C04330,60,22357304.0,4,3,88,3201532.0,28,Mass,1,Personal Loan Offer,0,0.7243624777638622
C04331,29,9523523.0,35,6,68,14020208.0,28,Affluent,0,Personal Loan Offer,1,0.7752515186710874
C04332,33,16284195.0,43,3,94,6126070.0,29,Mass,1,Personal Loan Offer,0,0.7323596694750266
C04333,59,15128118.0,176,5,10,22375648.0,20,Affluent,0,Personal Loan Offer,0,0.40181922264772935
C04334,61,8916826.0,74,1,74,7995614.0,30,Affluent,1,Personal Loan Offer,1,0.5378451946120383
C04335,62,16838688.0,11,5,82,32261054.0,27,Affluent,1,Personal Loan Offer,1,0.6135620719466465
C04336,40,33424105.0,107,2,28,20915608.0,27,Mass,0,Personal Loan Offer,0,0.14734829756739382
C04337,55,15554376.0,172,2,76,5741516.0,22,Mass,0,Personal Loan Offer,0,0.4839448158456539
C04338,35,16385596.0,102,5,27,12221469.0,28,Priority,0,Personal Loan Offer,1,0.49028341772729317
C04339,54,17367348.0,82,2,92,37199487.0,24,Mass,0,Personal Loan Offer,0,0.6446076613195243
C04340,43,5372909.0,34,3,92,63037218.0,24,Mass,1,Personal Loan Offer,0,0.6397309929083702
C04341,23,15456509.0,159,6,10,8111729.0,25,Mass,0,Personal Loan Offer,0,0.2519376728591623
C04342,39,6859873.0,21,6,56,6674483.0,23,Priority,1,Personal Loan Offer,0,0.837113178699624
C04343,42,8675204.0,169,3,44,140712277.0,29,Mass,1,Personal Loan Offer,0,0.4419654306263952
C04344,32,39408228.0,42,1,91,19805592.0,30,Mass,0,Personal Loan Offer,0,0.4021871617947926
C04345,37,10439668.0,27,2,39,21915655.0,19,Priority,1,Personal Loan Offer,0,0.28189874508280516
C04346,43,7986965.0,65,4,75,9548091.0,21,Mass,0,Personal Loan Offer,1,0.2513469241544057
C04347,23,22619833.0,3,3,20,24802700.0,30,Mass,0,Personal Loan Offer,0,0.41716637041143306
C04348,27,7125531.0,5,5,29,111144144.0,23,Mass,0,Personal Loan Offer,0,0.32984261253918573
C04349,55,9382311.0,36,6,99,25792856.0,23,Mass,1,Personal Loan Offer,0,0.5706755825057932
C04350,36,23852412.0,126,4,45,58014648.0,16,Mass,1,Personal Loan Offer,1,0.35880793205377803
C04351,48,12285612.0,147,4,79,20588160.0,29,Mass,0,Personal Loan Offer,0,0.50816206099519
C04352,46,5083644.0,47,4,98,7170168.0,23,Mass,1,Personal Loan Offer,0,0.647777733610587
C04353,45,16185260.0,117,2,97,10099598.0,17,Affluent,0,Personal Loan Offer,0,0.38156315367511257
C04354,39,9648963.0,65,4,11,6539954.0,29,Mass,0,Personal Loan Offer,1,0.19525381872077174
C04355,42,27989375.0,80,6,31,24866434.0,24,Mass,0,Personal Loan Offer,0,0.5368752334756418
C04356,58,8597778.0,62,5,75,68007709.0,30,Priority,0,Personal Loan Offer,1,0.6076254490281959
C04357,64,21393367.0,161,5,94,23493956.0,28,Mass,1,Personal Loan Offer,1,0.7217195422051009
C04358,32,31866030.0,94,6,99,14701514.0,21,Priority,0,Personal Loan Offer,1,0.7604033144102263
C04359,51,7514901.0,93,3,75,9080166.0,26,Priority,1,Personal Loan Offer,1,0.7546850052567893
C04360,64,10790213.0,156,3,19,28536334.0,19,Mass,0,Personal Loan Offer,0,0.2986992151006042
C04361,21,14859666.0,119,6,77,5798506.0,28,Mass,1,Personal Loan Offer,0,0.7456732890670471
C04362,56,7488485.0,29,3,34,6434224.0,21,Affluent,1,Personal Loan Offer,0,0.4323017622555435
C04363,43,13923372.0,36,5,83,49200094.0,27,Affluent,1,Personal Loan Offer,1,0.7224206547355889
C04364,64,10603673.0,63,4,59,15149950.0,31,Affluent,0,Personal Loan Offer,0,0.4360198961620589
C04365,47,10486823.0,20,1,26,14854132.0,19,Mass,1,Personal Loan Offer,0,0.3577602455570499
C04366,58,12327380.0,126,2,86,16889063.0,25,Priority,1,Personal Loan Offer,0,0.6262140614466241
C04367,28,12479687.0,91,2,99,41330608.0,20,Mass,0,Personal Loan Offer,0,0.4146087501641229
C04368,27,13131857.0,10,2,56,23599722.0,24,Affluent,1,Personal Loan Offer,1,0.2143041226932008
C04369,62,8632655.0,74,5,83,9512920.0,20,Affluent,1,Personal Loan Offer,0,0.6415558465954
C04370,44,8842434.0,150,6,15,9861517.0,25,Mass,0,Personal Loan Offer,1,0.5483289068457649
C04371,46,11242300.0,164,6,34,16454870.0,27,Mass,0,Personal Loan Offer,1,0.33673987397129246
C04372,28,11708206.0,174,2,21,27057169.0,33,Affluent,0,Personal Loan Offer,0,0.2347729731384951
C04373,31,9426638.0,167,3,35,19302263.0,26,Priority,1,Personal Loan Offer,0,0.40380440322842126
C04374,57,14340296.0,111,2,44,17658939.0,29,Mass,0,Personal Loan Offer,0,0.482655736600568
C04375,34,4422865.0,168,1,49,20947427.0,18,Mass,0,Personal Loan Offer,0,0.1397381136334634
C04376,47,8029724.0,173,4,39,19288477.0,26,Mass,0,Personal Loan Offer,0,0.30610906781926844
C04377,35,10287673.0,116,6,59,9164610.0,21,Mass,1,Personal Loan Offer,1,0.3969522949999384
C04378,32,7493555.0,76,1,29,60508460.0,28,Mass,0,Personal Loan Offer,0,0.3174383750019212
C04379,28,29399144.0,174,4,41,12347095.0,18,Mass,1,Personal Loan Offer,0,0.41375698971878805
C04380,62,12125136.0,76,1,86,22758821.0,26,Mass,1,Personal Loan Offer,0,0.4111277289895479
C04381,63,13225278.0,32,6,61,2548225.0,22,Mass,0,Personal Loan Offer,0,0.5154841731827331
C04382,26,9199322.0,21,1,12,16128018.0,27,Mass,1,Personal Loan Offer,0,0.2815713356327543
C04383,36,11896310.0,104,3,39,6660157.0,24,Mass,0,Personal Loan Offer,0,0.4841430681133201
C04384,46,6150401.0,9,1,85,7513568.0,22,Affluent,0,Personal Loan Offer,0,0.6079925629727093
C04385,38,10929956.0,24,3,26,225409381.0,19,Mass,0,Personal Loan Offer,1,0.404615811143059
C04386,53,7167465.0,46,3,93,25668336.0,29,Mass,1,Personal Loan Offer,0,0.7064207931084941
C04387,32,10301965.0,97,4,36,68152951.0,16,Affluent,0,Personal Loan Offer,0,0.31694528172523023
C04388,23,3000000.0,88,5,67,47041767.0,17,Affluent,1,Personal Loan Offer,0,0.6006508468859066
C04389,36,6452740.0,93,6,53,53462216.0,21,Affluent,0,Personal Loan Offer,0,0.8034255180586265
C04390,47,26844640.0,93,3,66,16389823.0,27,Mass,1,Personal Loan Offer,1,0.28384206293884107
C04391,29,18946617.0,179,6,82,99696870.0,27,Mass,0,Personal Loan Offer,0,0.59771910031291
C04392,57,24788462.0,41,3,23,46638182.0,29,Mass,0,Personal Loan Offer,0,0.24021785216014044
C04393,21,25742758.0,87,1,42,20844023.0,32,Affluent,1,Personal Loan Offer,0,0.43856999982189343
C04394,24,17375301.0,112,4,61,26024070.0,23,Mass,1,Personal Loan Offer,0,0.6569746755762015
C04395,43,9354232.0,51,5,33,17444072.0,25,Mass,1,Personal Loan Offer,1,0.46050841670932174
C04396,44,6782994.0,35,2,44,21072554.0,17,Mass,0,Personal Loan Offer,0,0.2865299181220741
C04397,34,22547319.0,11,4,90,19146722.0,30,Mass,1,Personal Loan Offer,1,0.6793179847798483
C04398,32,12433806.0,61,3,30,29290578.0,21,Mass,0,Personal Loan Offer,0,0.28878501168037135
C04399,24,47305151.0,48,1,27,113943883.0,30,Mass,1,Personal Loan Offer,0,0.39230873717149733
C04400,50,9816874.0,37,3,63,5992557.0,25,Mass,1,Personal Loan Offer,0,0.5068750022014312
C04401,38,35516571.0,51,3,19,62682797.0,17,Mass,0,Personal Loan Offer,0,0.5572539163561374
C04402,26,11008538.0,127,3,10,13839098.0,37,Mass,1,Personal Loan Offer,0,0.3241586260997446
C04403,38,25021448.0,150,6,89,71193066.0,21,Mass,1,Personal Loan Offer,0,0.7060297900398185
C04404,63,30510995.0,94,3,35,14329021.0,16,Affluent,1,Personal Loan Offer,0,0.6780290836755293
C04405,32,6836557.0,14,4,20,30219456.0,23,Mass,0,Personal Loan Offer,0,0.1437179664929734
C04406,61,9190384.0,134,1,69,17062584.0,24,Mass,1,Personal Loan Offer,0,0.3674047012318031
C04407,32,6798949.0,30,2,53,3543589.0,22,Mass,0,Personal Loan Offer,0,0.2660290271537364
C04408,29,6100905.0,13,6,51,113830346.0,18,Mass,1,Personal Loan Offer,0,0.46641406858402457
C04409,32,17318814.0,104,6,49,7791074.0,22,Mass,0,Personal Loan Offer,1,0.5812300971059386
C04410,35,10769963.0,78,6,23,21750030.0,27,Mass,1,Personal Loan Offer,0,0.5250156002015469
C04411,26,12350643.0,58,1,88,6981826.0,24,Priority,1,Personal Loan Offer,0,0.5028226665642641
C04412,47,16294672.0,175,6,10,5252639.0,25,Mass,1,Personal Loan Offer,0,0.4464139190243493
C04413,36,4320382.0,19,2,53,16293927.0,38,Mass,0,Personal Loan Offer,0,0.2722348582155321
C04414,53,24352340.0,12,1,34,11047686.0,23,Mass,1,Personal Loan Offer,0,0.1833112237207852
C04415,43,9903665.0,107,1,68,6214699.0,28,Affluent,1,Personal Loan Offer,0,0.44988527645969556
C04416,40,16082430.0,77,5,59,19303755.0,24,Mass,0,Personal Loan Offer,0,0.48203094814989483
C04417,42,16882857.0,145,4,45,4544081.0,23,Affluent,0,Personal Loan Offer,0,0.6583502072678438
C04418,28,25504241.0,10,4,58,22673709.0,22,Mass,1,Personal Loan Offer,0,0.7382094045125926
C04419,53,11327519.0,77,6,30,17608918.0,22,Mass,0,Personal Loan Offer,0,0.34830531781174484
C04420,25,3731857.0,29,1,21,1674185.0,29,Affluent,0,Personal Loan Offer,0,0.1281434188740871
C04421,53,12383028.0,10,1,92,11853490.0,30,Mass,1,Personal Loan Offer,0,0.319880197054626
C04422,65,13400546.0,85,6,65,31949045.0,30,Mass,0,Personal Loan Offer,0,0.4717081495046271
C04423,55,6794158.0,133,4,69,6904590.0,27,Affluent,1,Personal Loan Offer,1,0.5713586933359991
C04424,41,13014011.0,31,5,100,33365568.0,29,Priority,1,Personal Loan Offer,1,0.7296014000136518
C04425,35,9838926.0,152,4,92,30827634.0,29,Mass,1,Personal Loan Offer,1,0.43255281679411234
C04426,60,5733877.0,95,1,63,7228350.0,27,Affluent,1,Personal Loan Offer,0,0.6281716315726352
C04427,32,17360948.0,88,4,82,19755856.0,15,Mass,1,Personal Loan Offer,0,0.6242298683587983
C04428,42,8800934.0,167,6,58,45637208.0,32,Mass,1,Personal Loan Offer,1,0.7411960576011052
C04429,55,9596496.0,61,1,31,8325391.0,21,Affluent,0,Personal Loan Offer,0,0.1480604045716392
C04430,62,9304408.0,38,1,66,16279745.0,26,Affluent,1,Personal Loan Offer,0,0.587985457976529
C04431,62,23675006.0,142,3,93,63178964.0,27,Mass,0,Personal Loan Offer,0,0.5811381074705443
C04432,24,11732969.0,22,3,90,8483306.0,24,Mass,1,Personal Loan Offer,0,0.48613155527548024
C04433,61,12533581.0,158,4,55,31654824.0,26,Mass,1,Personal Loan Offer,0,0.4561274041530202
C04434,26,9417379.0,149,1,96,6797407.0,17,Affluent,1,Personal Loan Offer,0,0.43545664086096214
C04435,47,15478987.0,176,6,27,17026490.0,34,Mass,1,Personal Loan Offer,0,0.42716541164500643
C04436,62,25204728.0,84,1,13,31263741.0,21,Mass,0,Personal Loan Offer,0,0.3355486690500149
C04437,50,17136833.0,113,2,46,1806164.0,26,Mass,1,Personal Loan Offer,0,0.17132894916257868
C04438,63,17508447.0,160,6,28,11721317.0,18,Affluent,0,Personal Loan Offer,0,0.6633607318452747
C04439,36,16748911.0,26,3,97,30724617.0,30,Mass,1,Personal Loan Offer,1,0.6387249893541932
C04440,35,5616862.0,57,4,20,25067605.0,30,Affluent,0,Personal Loan Offer,0,0.3588990970139393
C04441,35,7411563.0,86,3,58,11862165.0,26,Mass,1,Personal Loan Offer,0,0.5238372787505583
C04442,36,10720562.0,114,2,80,6626987.0,22,Affluent,0,Personal Loan Offer,0,0.559101968121247
C04443,51,8050075.0,123,4,20,37494609.0,29,Mass,0,Personal Loan Offer,0,0.273366426139553
C04444,41,6681960.0,167,5,14,14488070.0,26,Mass,0,Personal Loan Offer,0,0.2450469873906231
C04445,54,4285383.0,90,1,60,34504145.0,24,Priority,1,Personal Loan Offer,0,0.6293089441644917
C04446,39,5721984.0,33,6,92,29252218.0,30,Mass,0,Personal Loan Offer,0,0.4689098472505536
C04447,34,10420944.0,36,2,11,12785529.0,28,Mass,0,Personal Loan Offer,0,0.2187620769078713
C04448,29,11550424.0,145,6,11,58457151.0,28,Priority,0,Personal Loan Offer,0,0.3164807725905575
C04449,45,7758019.0,85,6,94,11039223.0,26,Mass,1,Personal Loan Offer,1,0.7036886732953757
C04450,61,12532378.0,115,6,64,65771476.0,28,Affluent,1,Personal Loan Offer,0,0.6201205530486429
C04451,59,9452679.0,103,4,73,74965260.0,40,Mass,1,Personal Loan Offer,1,0.3943987528274545
C04452,32,21861391.0,147,6,35,57159577.0,31,Affluent,1,Personal Loan Offer,0,0.4494931284157397
C04453,42,10979309.0,41,6,38,16696033.0,16,Priority,0,Personal Loan Offer,0,0.5552687688962176
C04454,52,17599819.0,33,4,52,255395013.0,24,Mass,0,Personal Loan Offer,0,0.5388195508076209
C04455,48,13419035.0,133,6,29,23279584.0,27,Mass,0,Personal Loan Offer,0,0.22520190809565888
C04456,24,5549832.0,80,3,50,25451858.0,18,Mass,0,Personal Loan Offer,0,0.28511929626843824
C04457,47,11416328.0,148,6,96,19563605.0,25,Mass,1,Personal Loan Offer,1,0.6845647180579081
C04458,22,6081877.0,25,6,78,6462174.0,30,Mass,1,Personal Loan Offer,0,0.7298201990065131
C04459,26,11307206.0,51,4,89,73025267.0,26,Affluent,0,Personal Loan Offer,0,0.7328321404733195
C04460,50,7965221.0,173,1,55,11283357.0,29,Mass,0,Personal Loan Offer,0,0.2860304269715873
C04461,25,14805316.0,153,2,81,50166291.0,17,Priority,1,Personal Loan Offer,1,0.6960081295609397
C04462,36,5735138.0,14,2,48,63770161.0,34,Affluent,0,Personal Loan Offer,0,0.37887673096952523
C04463,47,12097425.0,148,4,66,36563616.0,30,Mass,0,Personal Loan Offer,0,0.17463619817637116
C04464,50,16440293.0,14,3,76,10011786.0,18,Mass,0,Personal Loan Offer,0,0.6594248130311027
C04465,41,19768390.0,24,5,85,14220065.0,22,Affluent,1,Personal Loan Offer,0,0.7160285365726473
C04466,25,7882258.0,162,2,94,1375278.0,26,Mass,0,Personal Loan Offer,0,0.5269368574076944
C04467,56,12117730.0,25,1,19,17801178.0,22,Priority,0,Personal Loan Offer,0,0.31681366485444196
C04468,63,13279048.0,56,4,82,44631615.0,31,Mass,1,Personal Loan Offer,1,0.6056050835098391
C04469,60,28101588.0,27,1,74,15771858.0,29,Mass,1,Personal Loan Offer,0,0.46184080589967985
C04470,54,5313098.0,109,6,77,11085656.0,29,Mass,1,Personal Loan Offer,0,0.5538349211656349
C04471,39,7270320.0,13,1,11,14849784.0,18,Mass,0,Personal Loan Offer,1,0.14592292106805613
C04472,60,56112636.0,54,3,54,67430554.0,21,Mass,0,Personal Loan Offer,0,0.5499614959658657
C04473,42,10326394.0,61,6,97,18941714.0,27,Mass,1,Personal Loan Offer,1,0.5674187038487016
C04474,27,4241259.0,118,4,91,128207295.0,15,Mass,0,Personal Loan Offer,0,0.4206868991871321
C04475,59,8710281.0,91,5,31,11302216.0,22,Mass,1,Personal Loan Offer,0,0.4111037231659028
C04476,35,3000000.0,37,3,54,24852642.0,22,Mass,1,Personal Loan Offer,0,0.49609140224529147
C04477,63,13700236.0,85,5,88,12965997.0,29,Mass,1,Personal Loan Offer,1,0.5199830017865056
C04478,37,18733030.0,84,5,94,159209141.0,22,Mass,0,Personal Loan Offer,0,0.5969954543330722
C04479,60,7268081.0,65,4,40,23937292.0,26,Mass,0,Personal Loan Offer,0,0.20896636351336323
C04480,45,9262820.0,97,1,83,167973866.0,36,Priority,1,Personal Loan Offer,1,0.43591510773905034
C04481,42,19943762.0,61,6,85,13139260.0,13,Mass,0,Personal Loan Offer,1,0.47276861367152107
C04482,34,4582699.0,62,1,23,92140211.0,24,Mass,1,Personal Loan Offer,1,0.3344897136629389
C04483,58,5801071.0,142,3,12,22504958.0,19,Priority,0,Personal Loan Offer,0,0.17634377796174788
C04484,23,10585057.0,47,4,14,46172661.0,22,Affluent,0,Personal Loan Offer,0,0.40833926522937664
C04485,42,7933724.0,61,5,23,5906310.0,34,Mass,0,Personal Loan Offer,0,0.33959899757096995
C04486,37,10209104.0,27,4,77,28336372.0,29,Affluent,1,Personal Loan Offer,0,0.6643328656968178
C04487,45,5988518.0,127,3,45,6866207.0,25,Affluent,1,Personal Loan Offer,0,0.5575276613155402
C04488,32,13501207.0,128,3,72,25863396.0,21,Affluent,1,Personal Loan Offer,0,0.528300131891676
C04489,50,11054399.0,123,6,18,4381286.0,26,Mass,1,Personal Loan Offer,1,0.5203543333550921
C04490,38,16231624.0,32,3,64,18204144.0,22,Mass,0,Personal Loan Offer,1,0.6392454157085264
C04491,29,13398280.0,83,6,77,59820255.0,13,Priority,1,Personal Loan Offer,1,0.8178413670014477
C04492,29,13444716.0,54,1,98,34580369.0,32,Mass,0,Personal Loan Offer,0,0.43348788206080674
C04493,52,5416434.0,138,4,39,5822806.0,24,Affluent,0,Personal Loan Offer,0,0.21543295611188132
C04494,32,15734126.0,62,5,59,2996203.0,30,Mass,1,Personal Loan Offer,1,0.501020827509307
C04495,34,10003451.0,77,5,53,32873828.0,26,Affluent,1,Personal Loan Offer,1,0.5589305557833196
C04496,49,10949322.0,83,3,41,97215588.0,20,Priority,0,Personal Loan Offer,1,0.253919689145705
C04497,35,21358548.0,138,5,68,7627699.0,31,Mass,1,Personal Loan Offer,1,0.5773025112531986
C04498,38,8078588.0,128,3,61,162899973.0,15,Mass,0,Personal Loan Offer,0,0.17396021406454343
C04499,32,25230612.0,148,4,85,19870555.0,23,Affluent,1,Personal Loan Offer,1,0.801795224156715
C04500,36,26558984.0,79,6,12,2820851.0,22,Affluent,1,Personal Loan Offer,1,0.5152344657653387
C04501,52,18154856.0,148,5,30,4199023.0,26,Affluent,1,Personal Loan Offer,0,0.369503878689734
C04502,45,6997586.0,158,5,62,43193129.0,18,Priority,0,Personal Loan Offer,0,0.6142457312077807
C04503,65,3605446.0,96,6,62,22766731.0,29,Mass,1,Personal Loan Offer,0,0.5623849956869312
C04504,55,21720703.0,124,2,92,88054262.0,15,Affluent,1,Personal Loan Offer,1,0.6516624064424971
C04505,21,12758126.0,164,4,71,6035191.0,35,Affluent,1,Personal Loan Offer,1,0.5946512175890111
C04506,38,7964929.0,152,4,10,22516020.0,22,Mass,0,Personal Loan Offer,0,0.38091551759263914
C04507,34,22882352.0,52,5,54,20135679.0,26,Mass,1,Personal Loan Offer,0,0.3604950700626587
C04508,47,7471152.0,130,1,86,17334830.0,24,Affluent,0,Personal Loan Offer,0,0.479429332608011
C04509,32,9503130.0,82,5,89,13641615.0,28,Affluent,1,Personal Loan Offer,0,0.8283025401234486
C04510,64,16016130.0,29,2,82,13915912.0,21,Mass,1,Personal Loan Offer,1,0.43213323898991846
C04511,34,6504050.0,69,3,53,23816488.0,30,Mass,0,Personal Loan Offer,0,0.42682349588519936
C04512,44,11298751.0,177,5,19,27066947.0,25,Affluent,0,Personal Loan Offer,0,0.2978247160757861
C04513,26,21844127.0,173,2,29,25746666.0,22,Mass,0,Personal Loan Offer,0,0.5682544270094514
C04514,61,13477445.0,143,1,87,66801116.0,20,Mass,0,Personal Loan Offer,0,0.49487311659734656
C04515,62,23831092.0,179,5,40,6016188.0,21,Mass,1,Personal Loan Offer,0,0.305770227995207
C04516,56,22384930.0,104,2,79,3267577.0,25,Mass,1,Personal Loan Offer,1,0.6228689739917743
C04517,36,12051182.0,137,5,13,55295821.0,24,Affluent,0,Personal Loan Offer,0,0.27683200978296546
C04518,23,3319117.0,32,6,54,7785066.0,21,Mass,1,Personal Loan Offer,0,0.5662912180142754
C04519,52,6532122.0,56,3,96,13684399.0,25,Affluent,1,Personal Loan Offer,1,0.7192387739280065
C04520,40,18260503.0,33,5,32,10844224.0,32,Priority,1,Personal Loan Offer,0,0.7655271828638851
C04521,65,5115465.0,169,2,12,10614489.0,19,Mass,0,Personal Loan Offer,0,0.23412931965830744
C04522,52,10026441.0,112,6,36,4652796.0,18,Mass,1,Personal Loan Offer,1,0.43362595367688694
C04523,45,14455443.0,169,2,15,11315853.0,19,Priority,0,Personal Loan Offer,0,0.15475237091838828
C04524,65,26928105.0,77,6,65,38285200.0,31,Mass,0,Personal Loan Offer,1,0.5627323712223625
C04525,57,8746432.0,74,5,27,19921526.0,27,Affluent,1,Personal Loan Offer,0,0.3501808418384955
C04526,41,8423188.0,123,2,32,33123381.0,29,Mass,1,Personal Loan Offer,0,0.279390301985955
C04527,21,11658803.0,104,5,63,12178234.0,22,Mass,1,Personal Loan Offer,1,0.4407355762166979
C04528,25,14554625.0,69,4,39,49332262.0,21,Affluent,1,Personal Loan Offer,1,0.552347101718445
C04529,40,11023958.0,59,5,69,12029601.0,36,Mass,0,Personal Loan Offer,0,0.48408863810767
C04530,46,21370346.0,94,3,94,2428260.0,21,Mass,1,Personal Loan Offer,0,0.6281750154297243
C04531,22,7732077.0,16,2,94,27449723.0,33,Mass,1,Personal Loan Offer,1,0.5084303808689191
C04532,26,12819855.0,36,5,76,43082507.0,20,Affluent,1,Personal Loan Offer,1,0.5439468505781273
C04533,52,15329417.0,10,1,98,11432878.0,24,Mass,0,Personal Loan Offer,0,0.41324833461321653
C04534,54,9628993.0,30,3,76,66349654.0,26,Affluent,1,Personal Loan Offer,0,0.5829162576516641
C04535,22,19043905.0,38,1,16,8542384.0,16,Mass,0,Personal Loan Offer,1,0.36345040771731424
C04536,43,13024521.0,16,1,96,39113164.0,28,Mass,0,Personal Loan Offer,0,0.4109781934228972
C04537,24,18518529.0,12,1,61,114492374.0,25,Mass,1,Personal Loan Offer,1,0.4046889901607686
C04538,53,13351970.0,148,1,10,20748278.0,26,Mass,0,Personal Loan Offer,0,0.25517804869338634
C04539,58,14760123.0,35,6,66,15946657.0,24,Mass,1,Personal Loan Offer,0,0.565512819079699
C04540,60,8474750.0,101,5,32,17994400.0,20,Mass,1,Personal Loan Offer,0,0.2022632662493978
C04541,47,8482305.0,20,6,58,101903640.0,23,Mass,1,Personal Loan Offer,0,0.5955638068469219
C04542,49,23531141.0,171,1,69,29919632.0,22,Mass,0,Personal Loan Offer,0,0.252957327649807
C04543,62,17020822.0,45,6,12,170704664.0,26,Mass,1,Personal Loan Offer,0,0.24966369296014226
C04544,48,6836499.0,136,4,49,26442793.0,22,Mass,1,Personal Loan Offer,0,0.2620165884734344
C04545,41,13255089.0,117,5,15,10401350.0,23,Mass,0,Personal Loan Offer,0,0.3200644553556395
C04546,54,3252194.0,139,6,20,11158766.0,24,Mass,0,Personal Loan Offer,0,0.2610079489717968
C04547,47,8751626.0,114,2,29,21270891.0,24,Priority,0,Personal Loan Offer,0,0.2294255455376556
C04548,58,20357958.0,93,5,81,2597137.0,23,Mass,1,Personal Loan Offer,0,0.6423604717381141
C04549,44,11201823.0,140,4,47,12437828.0,16,Priority,1,Personal Loan Offer,1,0.505034406703811
C04550,60,12804013.0,148,3,14,12716933.0,34,Mass,0,Personal Loan Offer,0,0.371899206579382
C04551,23,3000000.0,70,3,77,25419638.0,32,Affluent,0,Personal Loan Offer,0,0.4501964841035372
C04552,22,9671343.0,170,2,59,139428300.0,27,Mass,1,Personal Loan Offer,0,0.4038990111260687
C04553,25,14453786.0,178,2,22,21126935.0,24,Mass,1,Personal Loan Offer,1,0.3576962910672147
C04554,46,15499629.0,131,6,61,2924353.0,35,Mass,0,Personal Loan Offer,0,0.40780353755697113
C04555,52,20372833.0,168,5,32,8019087.0,23,Affluent,0,Personal Loan Offer,1,0.39649200509611904
C04556,30,10689531.0,21,4,67,25998014.0,30,Affluent,1,Personal Loan Offer,0,0.6765732114583647
C04557,28,10955000.0,99,5,96,21949120.0,25,Affluent,0,Personal Loan Offer,0,0.6891170494731854
C04558,59,5767519.0,118,3,38,101513094.0,33,Mass,0,Personal Loan Offer,0,0.34734980739864535
C04559,54,10723309.0,168,2,77,52237967.0,23,Affluent,0,Personal Loan Offer,0,0.5100984612622433
C04560,50,5995687.0,24,6,12,50696037.0,22,Affluent,1,Personal Loan Offer,0,0.5572691716617886
C04561,42,4343055.0,146,6,47,16096457.0,27,Mass,1,Personal Loan Offer,0,0.4689321125598079
C04562,39,6606526.0,16,2,90,60030533.0,28,Mass,1,Personal Loan Offer,0,0.5075213147364072
C04563,21,27513680.0,66,5,16,8164612.0,31,Affluent,1,Personal Loan Offer,0,0.4531726718265687
C04564,29,10340808.0,126,3,94,52668976.0,28,Mass,0,Personal Loan Offer,0,0.3652907816311461
C04565,61,13542585.0,54,5,18,15079156.0,29,Mass,0,Personal Loan Offer,0,0.42052695183390737
C04566,36,9047457.0,151,1,53,4700829.0,33,Affluent,1,Personal Loan Offer,0,0.3007402839810695
C04567,52,4482153.0,168,3,26,36196737.0,31,Priority,1,Personal Loan Offer,0,0.2685992455521393
C04568,52,20080895.0,31,1,11,80905021.0,21,Mass,0,Personal Loan Offer,0,0.11140768231823861
C04569,34,3633505.0,48,5,41,13318185.0,30,Priority,0,Personal Loan Offer,0,0.34213464114015923
C04570,30,8844278.0,16,3,62,95439642.0,19,Affluent,0,Personal Loan Offer,0,0.23764374849171555
C04571,52,11644902.0,129,2,75,3818247.0,28,Mass,0,Personal Loan Offer,0,0.32731371772445306
C04572,25,13621861.0,160,5,38,6043232.0,20,Affluent,0,Personal Loan Offer,1,0.4198419902729694
C04573,43,8047394.0,110,6,54,17270610.0,22,Priority,1,Personal Loan Offer,0,0.727849784633933
C04574,60,4366788.0,26,3,26,13804138.0,24,Affluent,0,Personal Loan Offer,0,0.3480062359290642
C04575,53,7723791.0,33,5,76,10263551.0,26,Mass,0,Personal Loan Offer,0,0.5809491744331685
C04576,55,7949347.0,9,5,25,22860488.0,24,Mass,1,Personal Loan Offer,0,0.5181568513781977
C04577,24,7843657.0,90,3,88,11788704.0,24,Mass,0,Personal Loan Offer,1,0.2044225698634384
C04578,29,20459327.0,131,5,26,13967841.0,22,Mass,1,Personal Loan Offer,0,0.4427314083440996
C04579,33,6155987.0,29,1,70,26420952.0,28,Mass,0,Personal Loan Offer,0,0.42045669093913796
C04580,34,14160342.0,153,6,40,10259411.0,19,Mass,1,Personal Loan Offer,1,0.5604483369435933
C04581,29,13091590.0,47,3,100,17988166.0,26,Mass,0,Personal Loan Offer,1,0.36196203110857056
C04582,64,20351547.0,94,1,35,10487596.0,19,Mass,1,Personal Loan Offer,0,0.2303476076848978
C04583,28,11152728.0,121,6,96,5990122.0,33,Affluent,0,Personal Loan Offer,0,0.6277862862373499
C04584,52,18541819.0,99,5,86,42924143.0,20,Mass,0,Personal Loan Offer,0,0.45442367227180214
C04585,47,10915519.0,88,5,52,110335609.0,29,Affluent,1,Personal Loan Offer,0,0.8011682901290411
C04586,48,15238461.0,62,1,55,57991954.0,25,Mass,0,Personal Loan Offer,0,0.2946361616457211
C04587,30,5250320.0,79,5,42,27867144.0,30,Priority,1,Personal Loan Offer,0,0.6517408557498685
C04588,34,3000000.0,45,5,48,10529742.0,19,Mass,1,Personal Loan Offer,0,0.5050810981111578
C04589,48,14769399.0,55,6,52,15011455.0,23,Mass,0,Personal Loan Offer,0,0.33953712078438464
C04590,34,15211586.0,137,3,23,57555721.0,25,Affluent,1,Personal Loan Offer,1,0.312549202562863
C04591,52,15586933.0,160,6,39,2042645.0,11,Mass,0,Personal Loan Offer,0,0.44819098879217323
C04592,22,8990727.0,154,5,89,13908109.0,25,Affluent,1,Personal Loan Offer,1,0.7001766811772168
C04593,24,27228219.0,61,2,99,41672781.0,18,Mass,0,Personal Loan Offer,0,0.6126809211234822
C04594,53,9318241.0,60,2,14,6407389.0,22,Mass,0,Personal Loan Offer,0,0.42071378337040805
C04595,48,15125622.0,13,6,76,30542543.0,25,Mass,0,Personal Loan Offer,0,0.7118113652553483
C04596,22,16642449.0,51,4,31,29157773.0,26,Affluent,1,Personal Loan Offer,0,0.5180966369636668
C04597,61,30883243.0,107,1,69,4671125.0,17,Mass,1,Personal Loan Offer,0,0.5448660484729106
C04598,21,10079870.0,50,1,66,21817456.0,24,Mass,0,Personal Loan Offer,0,0.5371779125551
C04599,63,8378346.0,133,5,89,10786410.0,27,Mass,1,Personal Loan Offer,0,0.5249139257935574
C04600,53,5264187.0,12,2,73,30320709.0,26,Mass,0,Personal Loan Offer,0,0.2504325112670832
C04601,65,28182705.0,76,2,84,39076488.0,25,Mass,0,Personal Loan Offer,1,0.45761244349890995
C04602,63,15130047.0,53,4,82,29804852.0,24,Mass,1,Personal Loan Offer,0,0.38783255698238506
C04603,35,15395731.0,90,6,68,21505842.0,30,Affluent,0,Personal Loan Offer,0,0.5293700539321584
C04604,55,66625939.0,7,3,47,26698398.0,19,Mass,0,Personal Loan Offer,1,0.5449892653717955
C04605,30,14349014.0,77,4,40,6169805.0,35,Mass,1,Personal Loan Offer,0,0.3500127843078511
C04606,42,5862815.0,143,5,41,19394325.0,36,Mass,0,Personal Loan Offer,1,0.5162056261106149
C04607,31,10774257.0,155,4,42,9018239.0,23,Priority,0,Personal Loan Offer,1,0.5394703486089907
C04608,42,7020092.0,48,5,36,56107586.0,18,Mass,0,Personal Loan Offer,0,0.4380969385448306
C04609,60,9652134.0,79,2,38,39605596.0,20,Mass,0,Personal Loan Offer,0,0.18984637955931447
C04610,40,9616519.0,125,4,61,39493402.0,28,Affluent,1,Personal Loan Offer,1,0.4246156542946506
C04611,25,8688873.0,85,1,34,110965998.0,21,Mass,1,Personal Loan Offer,0,0.12754400886750428
C04612,35,5576723.0,99,5,41,14378799.0,16,Priority,0,Personal Loan Offer,0,0.577344323382542
C04613,56,28811729.0,63,5,74,11550456.0,21,Affluent,1,Personal Loan Offer,0,0.8306460157480519
C04614,44,14143753.0,152,5,39,14043077.0,33,Affluent,0,Personal Loan Offer,0,0.528909152329027
C04615,46,10600456.0,115,1,19,4028910.0,28,Mass,0,Personal Loan Offer,0,0.25420285334598836
C04616,40,18203383.0,173,6,11,4358592.0,36,Mass,0,Personal Loan Offer,0,0.33393665845868137
C04617,34,15548958.0,141,3,79,37219592.0,22,Priority,0,Personal Loan Offer,1,0.5933430295267065
C04618,47,13964754.0,68,1,96,4955966.0,19,Mass,1,Personal Loan Offer,1,0.63445235623505
C04619,49,17490460.0,61,4,72,6826552.0,36,Mass,0,Personal Loan Offer,1,0.5571010388105408
C04620,61,12917342.0,18,4,15,18065651.0,30,Mass,0,Personal Loan Offer,0,0.3907686793674423
C04621,48,17348889.0,113,3,61,13243471.0,20,Mass,0,Personal Loan Offer,0,0.5976090921759798
C04622,65,18158130.0,136,5,34,48491311.0,22,Mass,1,Personal Loan Offer,0,0.5616260515128436
C04623,58,13123466.0,66,4,39,21246530.0,33,Mass,1,Personal Loan Offer,0,0.4113880100026534
C04624,24,10630101.0,6,2,93,9000351.0,22,Mass,1,Personal Loan Offer,0,0.5148893542815138
C04625,38,27844221.0,149,4,85,52845115.0,28,Affluent,1,Personal Loan Offer,0,0.6300731544121833
C04626,38,9226325.0,42,2,76,41451483.0,27,Mass,1,Personal Loan Offer,1,0.5133682753181283
C04627,21,14881653.0,106,1,55,4878066.0,21,Mass,0,Personal Loan Offer,0,0.2930345084126556
C04628,29,15067744.0,12,2,62,25738783.0,19,Mass,0,Personal Loan Offer,1,0.44054097071029596
C04629,55,8581853.0,14,6,93,9783091.0,24,Affluent,1,Personal Loan Offer,0,0.7962358713121662
C04630,36,7695258.0,162,4,70,9528568.0,32,Affluent,1,Personal Loan Offer,0,0.35637343037346436
C04631,27,9877782.0,122,2,62,129702963.0,28,Mass,0,Personal Loan Offer,0,0.22452775508724537
C04632,33,9153967.0,3,3,18,22646463.0,35,Priority,1,Personal Loan Offer,0,0.3924321124803633
C04633,33,5381326.0,20,6,100,16089933.0,28,Mass,1,Personal Loan Offer,1,0.7383633608794581
C04634,28,8386174.0,90,4,83,21773279.0,23,Mass,0,Personal Loan Offer,1,0.5726499529103802
C04635,25,13892224.0,124,5,43,47941069.0,21,Mass,0,Personal Loan Offer,0,0.3030951209804758
C04636,55,24075040.0,78,4,32,9915784.0,25,Priority,1,Personal Loan Offer,0,0.6183803267859869
C04637,58,16278120.0,158,6,98,11762098.0,24,Affluent,1,Personal Loan Offer,1,0.8772958892431922
C04638,43,3000000.0,119,4,97,38567260.0,26,Affluent,1,Personal Loan Offer,1,0.5360295862551002
C04639,48,17075142.0,112,3,48,4390060.0,32,Mass,0,Personal Loan Offer,0,0.325708791007078
C04640,62,8827953.0,54,2,31,53866250.0,25,Mass,0,Personal Loan Offer,0,0.2957177933174109
C04641,58,15395892.0,124,1,82,4017069.0,32,Mass,1,Personal Loan Offer,0,0.44065303526089045
C04642,22,11907069.0,158,5,66,15642092.0,29,Mass,0,Personal Loan Offer,0,0.6749153716049996
C04643,63,10793331.0,11,6,91,4042646.0,27,Affluent,0,Personal Loan Offer,1,0.7312460059342486
C04644,24,11343864.0,133,4,59,6955138.0,27,Affluent,0,Personal Loan Offer,0,0.4856505296398356
C04645,22,11852908.0,159,3,60,73214913.0,24,Mass,1,Personal Loan Offer,0,0.36709066877213387
C04646,39,25136711.0,79,1,23,56837149.0,22,Priority,0,Personal Loan Offer,0,0.2167013532008303
C04647,54,11870942.0,139,4,64,63247435.0,27,Mass,0,Personal Loan Offer,0,0.6592889340985774
C04648,24,21800906.0,66,2,43,4696155.0,23,Mass,0,Personal Loan Offer,0,0.4276758019528639
C04649,34,20122828.0,37,4,28,6991367.0,20,Mass,0,Personal Loan Offer,0,0.3503556704082739
C04650,32,17318611.0,148,2,81,28095371.0,21,Priority,0,Personal Loan Offer,0,0.6047932689887475
C04651,38,4491857.0,58,6,41,40896716.0,25,Mass,0,Personal Loan Offer,0,0.4382858603456764
C04652,65,22176975.0,137,6,29,8990951.0,28,Mass,0,Personal Loan Offer,0,0.2593102985165707
C04653,35,9328376.0,59,2,97,11210052.0,33,Mass,1,Personal Loan Offer,1,0.3613330331192105
C04654,30,17788580.0,74,2,97,6451964.0,26,Priority,1,Personal Loan Offer,1,0.6306825891662107
C04655,26,7028783.0,124,6,55,105001807.0,25,Mass,1,Personal Loan Offer,0,0.49831288967839976
C04656,29,6253341.0,63,1,36,12438251.0,36,Affluent,0,Personal Loan Offer,0,0.3325158708192394
C04657,26,35584867.0,146,4,24,20635741.0,24,Affluent,1,Personal Loan Offer,0,0.6662699925230458
C04658,46,7089154.0,9,1,67,21744848.0,26,Affluent,0,Personal Loan Offer,1,0.39399992227099867
C04659,39,22539409.0,5,3,65,60421967.0,33,Mass,0,Personal Loan Offer,0,0.4091390292606229
C04660,43,12807588.0,17,1,66,7715766.0,19,Mass,0,Personal Loan Offer,0,0.37265109069252655
C04661,58,9524245.0,48,1,79,64327879.0,23,Mass,0,Personal Loan Offer,0,0.26752025622194814
C04662,47,11707747.0,12,3,52,5567864.0,12,Affluent,1,Personal Loan Offer,0,0.44875237704940013
C04663,27,5866773.0,70,1,72,64164656.0,21,Affluent,0,Personal Loan Offer,0,0.3563451381591939
C04664,37,11909564.0,7,5,69,3598196.0,28,Mass,1,Personal Loan Offer,0,0.5665232391721642
C04665,35,6615395.0,137,4,82,18014493.0,21,Mass,0,Personal Loan Offer,1,0.5008680988460416
C04666,58,9654388.0,30,3,77,101612798.0,23,Mass,1,Personal Loan Offer,1,0.4813978902549637
C04667,34,19961819.0,176,3,13,40164695.0,33,Mass,0,Personal Loan Offer,0,0.3770577181927367
C04668,27,13800592.0,155,6,66,30477069.0,24,Mass,1,Personal Loan Offer,1,0.6552574608270042
C04669,54,5310643.0,126,6,98,7009856.0,22,Priority,0,Personal Loan Offer,1,0.8896925597124078
C04670,40,19167672.0,145,1,60,9592015.0,28,Mass,0,Personal Loan Offer,0,0.46500703297983903
C04671,25,11953233.0,140,5,58,76717366.0,31,Mass,1,Personal Loan Offer,0,0.48950100155870546
C04672,52,8905818.0,153,3,65,32074835.0,17,Mass,1,Personal Loan Offer,0,0.34987810922397455
C04673,30,18093968.0,101,5,60,48714734.0,29,Priority,1,Personal Loan Offer,1,0.6838237074304814
C04674,60,10945658.0,114,5,46,21531696.0,23,Mass,1,Personal Loan Offer,0,0.6237380128451628
C04675,58,6320466.0,86,5,100,15089525.0,28,Affluent,0,Personal Loan Offer,0,0.774966472906471
C04676,37,33155280.0,114,5,16,43051364.0,25,Mass,0,Personal Loan Offer,0,0.325296046641575
C04677,46,11886444.0,70,2,84,25921826.0,27,Mass,1,Personal Loan Offer,0,0.5419663328330019
C04678,46,11474702.0,25,6,24,16873971.0,22,Mass,0,Personal Loan Offer,0,0.4255305854268455
C04679,50,9603223.0,168,5,28,4863339.0,29,Affluent,0,Personal Loan Offer,0,0.5722828033380787
C04680,24,22963082.0,127,2,65,51916703.0,27,Mass,1,Personal Loan Offer,0,0.49099755777529674
C04681,35,8990995.0,128,2,68,31054961.0,23,Mass,1,Personal Loan Offer,0,0.44320899263227326
C04682,28,5130318.0,52,4,94,10907714.0,33,Affluent,0,Personal Loan Offer,0,0.4999380015109872
C04683,52,8261729.0,140,3,36,65038865.0,20,Mass,0,Personal Loan Offer,0,0.4264633815427563
C04684,24,24894146.0,95,5,12,25522101.0,25,Mass,0,Personal Loan Offer,0,0.22381042649643668
C04685,44,18964700.0,16,3,33,26026913.0,31,Mass,0,Personal Loan Offer,0,0.3749121138216432
C04686,53,10429601.0,172,2,59,48406197.0,19,Mass,1,Personal Loan Offer,1,0.3165515946170578
C04687,63,25538752.0,179,3,42,39034228.0,19,Affluent,0,Personal Loan Offer,0,0.38076868443414186
C04688,33,18106570.0,157,5,32,26826944.0,18,Mass,0,Personal Loan Offer,0,0.47669691426596383
C04689,21,10363422.0,87,5,93,16562601.0,24,Mass,1,Personal Loan Offer,1,0.6164851743294848
C04690,53,10953469.0,44,2,61,145386604.0,27,Mass,0,Personal Loan Offer,0,0.18191592420969022
C04691,21,14382776.0,4,5,71,9601616.0,41,Priority,0,Personal Loan Offer,0,0.6638082296976293
C04692,23,7594079.0,134,1,78,42169791.0,27,Mass,1,Personal Loan Offer,1,0.37073137417866475
C04693,65,12029770.0,161,6,47,18391215.0,32,Mass,1,Personal Loan Offer,0,0.6571513183018695
C04694,59,14219141.0,21,5,76,31514441.0,21,Affluent,1,Personal Loan Offer,0,0.4702334047501578
C04695,52,4744923.0,124,1,97,68659231.0,27,Affluent,1,Personal Loan Offer,0,0.7582659703224727
C04696,58,10813339.0,7,5,75,14645804.0,23,Mass,0,Personal Loan Offer,0,0.6525577665124601
C04697,24,10157636.0,141,3,37,36509358.0,34,Mass,1,Personal Loan Offer,0,0.33020355585097116
C04698,25,21122611.0,8,6,80,26083151.0,35,Affluent,1,Personal Loan Offer,1,0.6665254632556763
C04699,34,4351120.0,176,2,31,10532132.0,20,Mass,0,Personal Loan Offer,0,0.2087556053861957
C04700,22,9728681.0,33,6,16,70374520.0,27,Priority,0,Personal Loan Offer,1,0.5376197053601033
C04701,60,9206793.0,74,6,50,40728173.0,21,Mass,0,Personal Loan Offer,0,0.39441503640744247
C04702,23,20347248.0,126,2,56,12951121.0,20,Mass,1,Personal Loan Offer,0,0.37687207117811033
C04703,45,11716007.0,153,3,52,60299635.0,33,Mass,0,Personal Loan Offer,0,0.2985027086315791
C04704,59,32225521.0,67,4,33,8708614.0,30,Mass,1,Personal Loan Offer,0,0.5214687614947717
C04705,54,17272645.0,177,2,34,19429606.0,25,Mass,0,Personal Loan Offer,1,0.3361486814775854
C04706,31,9576230.0,5,6,93,13020284.0,16,Mass,1,Personal Loan Offer,1,0.5782626915527954
C04707,42,13690730.0,86,2,36,42395586.0,37,Priority,0,Personal Loan Offer,0,0.4188659210690607
C04708,45,9876605.0,178,2,81,12379587.0,23,Mass,1,Personal Loan Offer,0,0.3733713136249818
C04709,55,19251221.0,51,4,33,42700703.0,30,Mass,1,Personal Loan Offer,0,0.44055552528714
C04710,40,5767265.0,97,3,19,36241049.0,23,Mass,0,Personal Loan Offer,0,0.16704628819731263
C04711,33,7628367.0,82,1,15,13742361.0,22,Mass,0,Personal Loan Offer,0,0.2902614216214062
C04712,56,15418007.0,73,6,32,124642528.0,26,Affluent,1,Personal Loan Offer,0,0.5539991530609853
C04713,60,23548749.0,139,2,86,9492458.0,31,Mass,0,Personal Loan Offer,0,0.4762191106634967
C04714,43,3574495.0,95,1,51,4887682.0,22,Mass,1,Personal Loan Offer,0,0.3617306551134357
C04715,22,25555839.0,130,4,73,47079206.0,27,Affluent,0,Personal Loan Offer,0,0.6680435535838196
C04716,43,11109853.0,95,6,97,2331063.0,23,Mass,1,Personal Loan Offer,1,0.5378280060201222
C04717,61,4257897.0,180,1,14,88903286.0,23,Affluent,0,Personal Loan Offer,0,0.39503258331025065
C04718,65,3000000.0,86,3,19,22142219.0,23,Mass,0,Personal Loan Offer,1,0.09335442794681574
C04719,39,5174508.0,144,6,93,4800630.0,25,Mass,0,Personal Loan Offer,0,0.7514172359171992
C04720,27,11870650.0,112,6,61,7746706.0,20,Mass,1,Personal Loan Offer,1,0.5107101733685275
C04721,46,11572860.0,145,2,66,3902602.0,31,Mass,0,Personal Loan Offer,0,0.543802655713522
C04722,58,16999210.0,160,4,41,29330127.0,22,Priority,0,Personal Loan Offer,0,0.6892461688328329
C04723,63,8870123.0,43,6,85,5305893.0,34,Affluent,0,Personal Loan Offer,1,0.6432470847551409
C04724,23,6523978.0,56,5,68,33043382.0,31,Priority,0,Personal Loan Offer,0,0.5964739572620423
C04725,34,9561161.0,56,4,33,14745060.0,19,Affluent,1,Personal Loan Offer,0,0.44455879943354204
C04726,42,12223891.0,89,5,69,12433173.0,27,Priority,1,Personal Loan Offer,0,0.5117617492201786
C04727,25,13623983.0,90,3,10,33284048.0,33,Mass,0,Personal Loan Offer,0,0.24817007509896555
C04728,60,7774632.0,3,1,31,37309336.0,24,Mass,0,Personal Loan Offer,0,0.21850178942670048
C04729,26,19701649.0,162,4,28,62899307.0,33,Mass,1,Personal Loan Offer,0,0.2657979754644641
C04730,50,8526154.0,156,4,81,10611666.0,23,Affluent,0,Personal Loan Offer,1,0.5302857407947076
C04731,62,7437703.0,109,6,76,19412609.0,23,Priority,1,Personal Loan Offer,0,0.7617407324510986
C04732,51,8904808.0,57,6,18,10595243.0,27,Affluent,1,Personal Loan Offer,0,0.5219434544902889
C04733,55,21673033.0,150,3,92,23540439.0,20,Affluent,1,Personal Loan Offer,1,0.6053145933992808
C04734,32,11154786.0,51,6,84,9183814.0,24,Affluent,1,Personal Loan Offer,0,0.6835879796200308
C04735,58,8190085.0,57,1,49,13087212.0,24,Mass,0,Personal Loan Offer,0,0.2758704966936206
C04736,39,19970694.0,180,6,29,13154077.0,29,Mass,0,Personal Loan Offer,0,0.2568900115098644
C04737,23,38994412.0,167,1,48,26818534.0,20,Affluent,0,Personal Loan Offer,0,0.3227244221432256
C04738,37,13466863.0,107,4,63,20059187.0,21,Mass,0,Personal Loan Offer,1,0.5919785255157661
C04739,36,23653711.0,33,5,67,33182873.0,17,Mass,1,Personal Loan Offer,0,0.6906853201669667
C04740,44,21215871.0,24,4,41,17970575.0,21,Mass,0,Personal Loan Offer,0,0.31531216560858216
C04741,32,8600366.0,174,6,19,11200737.0,29,Mass,0,Personal Loan Offer,0,0.5224421752968079
C04742,41,12177079.0,50,4,65,24216039.0,24,Priority,1,Personal Loan Offer,0,0.44758633006468446
C04743,40,5926934.0,124,1,74,7992857.0,20,Affluent,0,Personal Loan Offer,0,0.3739627908197022
C04744,35,10720828.0,65,4,34,35335569.0,21,Mass,1,Personal Loan Offer,0,0.34956512798494305
C04745,52,8503705.0,91,2,68,15033290.0,28,Mass,0,Personal Loan Offer,0,0.38295770687253744
C04746,34,9614952.0,178,4,61,24538705.0,27,Mass,1,Personal Loan Offer,1,0.38281396560870773
C04747,55,7944377.0,108,3,55,24922133.0,27,Mass,1,Personal Loan Offer,0,0.4187594793326115
C04748,32,10247189.0,79,1,10,99213864.0,28,Mass,0,Personal Loan Offer,0,0.29410824194631296
C04749,59,16080939.0,76,4,37,29292045.0,18,Mass,0,Personal Loan Offer,0,0.22995893805750306
C04750,37,11236710.0,43,1,44,21519322.0,23,Mass,0,Personal Loan Offer,0,0.31245162596317905
C04751,22,4303813.0,102,2,85,10007767.0,29,Mass,1,Personal Loan Offer,0,0.5866443902198591
C04752,27,7960886.0,104,4,85,44617110.0,24,Mass,0,Personal Loan Offer,1,0.49907956006032006
C04753,57,5203008.0,19,6,89,15264452.0,18,Affluent,0,Personal Loan Offer,0,0.6050939215387031
C04754,60,13723913.0,75,2,52,4350332.0,34,Mass,0,Personal Loan Offer,1,0.288063279120789
C04755,30,15827219.0,117,2,39,16455241.0,23,Mass,1,Personal Loan Offer,0,0.5680533942833024
C04756,48,13818499.0,12,2,55,24221049.0,28,Priority,1,Personal Loan Offer,0,0.6766060765703364
C04757,46,7782162.0,176,4,82,8821806.0,36,Mass,0,Personal Loan Offer,0,0.5179633478712854
C04758,27,13745016.0,156,2,66,17770717.0,26,Affluent,1,Personal Loan Offer,0,0.6257611395019869
C04759,41,9265926.0,116,4,64,18620245.0,29,Mass,1,Personal Loan Offer,0,0.4150564906556241
C04760,52,6416563.0,5,5,49,18912525.0,27,Mass,0,Personal Loan Offer,0,0.42977125078435774
C04761,64,18046795.0,95,1,73,68742947.0,30,Mass,0,Personal Loan Offer,0,0.3172267419998984
C04762,59,18818152.0,162,6,88,5388001.0,18,Priority,0,Personal Loan Offer,1,0.5319836994431781
C04763,25,20222567.0,7,4,70,152861875.0,22,Priority,0,Personal Loan Offer,0,0.5917386650229959
C04764,31,8587562.0,143,4,46,19353958.0,26,Mass,1,Personal Loan Offer,0,0.3557086093843172
C04765,40,22955462.0,152,4,86,35728315.0,29,Affluent,0,Personal Loan Offer,1,0.7084588821149006
C04766,27,9147096.0,16,6,95,22727339.0,30,Mass,0,Personal Loan Offer,0,0.7354961216965384
C04767,46,17190078.0,44,4,82,3559815.0,28,Mass,0,Personal Loan Offer,0,0.5503625721833934
C04768,21,9060322.0,131,6,89,6952871.0,21,Mass,1,Personal Loan Offer,1,0.5056029519191652
C04769,26,10609146.0,165,2,34,11839678.0,28,Mass,0,Personal Loan Offer,0,0.23921171492329948
C04770,23,3168502.0,140,2,48,54025280.0,24,Mass,0,Personal Loan Offer,0,0.5235315233371362
C04771,34,10164024.0,96,4,32,5009876.0,22,Mass,1,Personal Loan Offer,0,0.42483654677612864
C04772,55,12616508.0,110,1,43,8499394.0,31,Mass,1,Personal Loan Offer,0,0.47838070663646964
C04773,28,9577143.0,96,1,76,23584344.0,21,Mass,1,Personal Loan Offer,0,0.6183697599633635
C04774,65,31525921.0,105,2,71,32091421.0,25,Mass,1,Personal Loan Offer,0,0.4117973764526752
C04775,33,6331583.0,140,2,10,31138754.0,20,Mass,0,Personal Loan Offer,0,0.2940264344155822
C04776,23,8801630.0,11,1,78,7476219.0,29,Mass,0,Personal Loan Offer,1,0.31286755189538734
C04777,36,7295274.0,40,5,27,4046049.0,23,Mass,0,Personal Loan Offer,1,0.48671224013479336
C04778,54,8800683.0,13,4,26,34287879.0,26,Mass,0,Personal Loan Offer,1,0.4374253867122097
C04779,25,21161507.0,144,2,59,83835472.0,23,Mass,1,Personal Loan Offer,0,0.2044603598568119
C04780,24,27053710.0,132,2,31,14160136.0,16,Mass,0,Personal Loan Offer,0,0.361646525683686
C04781,59,8161849.0,12,6,97,6366474.0,20,Mass,0,Personal Loan Offer,0,0.5474533416378817
C04782,47,8062732.0,21,6,23,13011739.0,21,Mass,0,Personal Loan Offer,0,0.34327355475078986
C04783,36,6350197.0,50,1,23,29659867.0,21,Mass,1,Personal Loan Offer,0,0.1730804917959712
C04784,55,24615187.0,46,4,79,15840804.0,24,Mass,0,Personal Loan Offer,0,0.6771295156434685
C04785,58,22230363.0,95,2,36,81689536.0,25,Mass,0,Personal Loan Offer,0,0.27658450304530663
C04786,37,11320516.0,91,3,75,50435888.0,19,Mass,0,Personal Loan Offer,0,0.3249145131053635
C04787,46,5568090.0,66,4,72,24048445.0,17,Affluent,1,Personal Loan Offer,1,0.43676013683093295
C04788,21,5848833.0,32,6,27,2833207.0,25,Mass,0,Personal Loan Offer,0,0.3706278441517351
C04789,34,13180690.0,118,4,62,10008839.0,29,Mass,1,Personal Loan Offer,0,0.533523346817701
C04790,47,16232940.0,143,6,58,11561839.0,24,Affluent,1,Personal Loan Offer,1,0.7330465236413672
C04791,29,3851748.0,116,5,18,9479355.0,25,Mass,1,Personal Loan Offer,0,0.38498371306043
C04792,65,10056168.0,146,5,79,24204863.0,25,Mass,1,Personal Loan Offer,0,0.6386143041862272
C04793,64,29223389.0,165,5,88,24709168.0,26,Mass,1,Personal Loan Offer,1,0.7350045200605809
C04794,32,10646983.0,152,5,96,3749631.0,24,Priority,0,Personal Loan Offer,1,0.7984785025592462
C04795,38,27226958.0,118,2,17,44715953.0,27,Mass,0,Personal Loan Offer,0,0.41451354905398125
C04796,29,17148008.0,11,6,26,20325088.0,17,Mass,0,Personal Loan Offer,0,0.7114857362222123
C04797,43,6609797.0,62,6,85,28599055.0,16,Mass,1,Personal Loan Offer,0,0.6917876252956413
C04798,26,10215819.0,79,4,37,42121513.0,25,Mass,0,Personal Loan Offer,0,0.4155066942264931
C04799,38,11179982.0,129,5,66,9288365.0,23,Mass,0,Personal Loan Offer,0,0.45857335887761413
C04800,45,7106610.0,153,6,41,70431314.0,23,Priority,1,Personal Loan Offer,0,0.6124539487313012
C04801,48,7039092.0,116,1,29,17356008.0,27,Mass,0,Personal Loan Offer,0,0.3723912155115634
C04802,47,27484697.0,67,1,66,90765522.0,34,Affluent,1,Personal Loan Offer,1,0.36804114280058087
C04803,30,7010144.0,143,6,28,8180881.0,24,Affluent,1,Personal Loan Offer,0,0.6172227149885042
C04804,56,21715939.0,126,4,22,84266035.0,22,Mass,1,Personal Loan Offer,0,0.3162757534474706
C04805,52,9438907.0,145,5,58,8099062.0,32,Mass,0,Personal Loan Offer,0,0.4701835339309386
C04806,54,11831968.0,107,4,27,255830102.0,27,Mass,0,Personal Loan Offer,0,0.46359558175100546
C04807,42,16344984.0,118,4,27,7720650.0,23,Affluent,1,Personal Loan Offer,0,0.3483580577673396
C04808,61,8633926.0,64,1,81,57530716.0,26,Mass,0,Personal Loan Offer,0,0.4894493713563783
C04809,38,16399552.0,74,2,58,13920159.0,21,Mass,0,Personal Loan Offer,0,0.2633249769020849
C04810,57,3893741.0,52,1,59,40884649.0,21,Mass,0,Personal Loan Offer,0,0.43155769559097223
C04811,30,15283071.0,48,3,23,19205702.0,17,Mass,1,Personal Loan Offer,1,0.3164075297737316
C04812,32,3087047.0,119,1,24,6716062.0,25,Mass,0,Personal Loan Offer,0,0.22291694300667342
C04813,44,10592444.0,71,5,45,1220063.0,26,Mass,0,Personal Loan Offer,0,0.4746606695856121
C04814,46,19196737.0,26,2,45,245504572.0,22,Affluent,1,Personal Loan Offer,0,0.45939981913558603
C04815,54,16897557.0,9,5,51,21515132.0,25,Priority,1,Personal Loan Offer,0,0.6486049344757233
C04816,34,5875440.0,156,1,22,1053589.0,30,Priority,1,Personal Loan Offer,1,0.2979287940921787
C04817,60,6306565.0,80,1,91,27067693.0,28,Mass,0,Personal Loan Offer,1,0.4239965129112697
C04818,35,8216440.0,105,3,43,39857832.0,26,Mass,0,Personal Loan Offer,1,0.19053881080077165
C04819,45,13294167.0,164,5,84,9783052.0,20,Mass,1,Personal Loan Offer,0,0.7351224675614803
C04820,62,3924910.0,22,5,46,9849077.0,28,Mass,0,Personal Loan Offer,0,0.29701616667124486
C04821,45,11913041.0,169,4,52,19607074.0,18,Priority,0,Personal Loan Offer,0,0.7205780907887573
C04822,51,14241964.0,128,4,20,66574825.0,26,Affluent,0,Personal Loan Offer,0,0.36880521083089385
C04823,61,10270094.0,116,5,71,22102537.0,22,Mass,1,Personal Loan Offer,0,0.6776285394716968
C04824,64,16019924.0,79,5,15,86397400.0,21,Affluent,1,Personal Loan Offer,1,0.5446581882089988
C04825,43,13571268.0,128,5,78,61988659.0,25,Mass,0,Personal Loan Offer,1,0.6941853131242443
C04826,39,8908419.0,39,1,90,15909995.0,31,Affluent,1,Personal Loan Offer,0,0.5343055890471264
C04827,29,4137131.0,56,3,42,4158725.0,23,Mass,0,Personal Loan Offer,0,0.21756070812549003
C04828,45,12913636.0,174,6,90,15943663.0,26,Affluent,1,Personal Loan Offer,1,0.6859603923303097
C04829,62,7104406.0,52,3,73,33859333.0,24,Priority,1,Personal Loan Offer,1,0.5375507377906537
C04830,42,8730461.0,131,1,10,21234469.0,25,Mass,0,Personal Loan Offer,0,0.19353414760272222
C04831,36,15618014.0,168,4,28,37718742.0,31,Mass,1,Personal Loan Offer,1,0.24518026526133824
C04832,25,26165455.0,108,2,68,47425130.0,33,Mass,0,Personal Loan Offer,1,0.4495535070915062
C04833,38,11751414.0,55,4,73,34007831.0,28,Affluent,0,Personal Loan Offer,1,0.24495460819528883
C04834,31,16275197.0,154,4,18,15186452.0,30,Mass,0,Personal Loan Offer,0,0.30339509856157054
C04835,64,5421882.0,150,5,72,33636633.0,35,Priority,1,Personal Loan Offer,0,0.6733188289238017
C04836,44,13734963.0,99,6,83,187020176.0,22,Affluent,1,Personal Loan Offer,1,0.6243800200958612
C04837,27,11611063.0,23,5,18,4507996.0,23,Mass,1,Personal Loan Offer,0,0.31266624133343457
C04838,24,23593749.0,81,6,90,32557890.0,28,Mass,1,Personal Loan Offer,1,0.7042698442136585
C04839,59,8914280.0,79,1,58,124927749.0,24,Mass,1,Personal Loan Offer,0,0.48445770343994354
C04840,62,10506624.0,36,5,66,6178912.0,27,Mass,0,Personal Loan Offer,0,0.64907055657192
C04841,55,21482843.0,74,3,14,54425477.0,27,Mass,0,Personal Loan Offer,1,0.3397226218311705
C04842,26,11407694.0,30,5,65,62205879.0,23,Mass,0,Personal Loan Offer,1,0.5217820692365257
C04843,25,6521105.0,126,1,51,4567135.0,20,Mass,0,Personal Loan Offer,0,0.3396063475692072
C04844,29,48828050.0,79,4,43,40776013.0,17,Mass,0,Personal Loan Offer,1,0.7116910299115776
C04845,54,6630503.0,133,1,81,15247512.0,31,Mass,0,Personal Loan Offer,0,0.48925928656643913
C04846,55,11580488.0,84,4,32,18826896.0,29,Mass,0,Personal Loan Offer,1,0.40088562770356934
C04847,58,14520844.0,130,2,15,14451201.0,24,Mass,0,Personal Loan Offer,1,0.363709484984434
C04848,25,13902884.0,133,1,55,74323067.0,32,Affluent,0,Personal Loan Offer,0,0.43382729872454956
C04849,27,10810821.0,31,1,77,17878721.0,21,Mass,0,Personal Loan Offer,0,0.3083459186782079
C04850,61,10840493.0,81,2,22,12583907.0,31,Mass,0,Personal Loan Offer,0,0.3206016834435
C04851,62,10545446.0,136,6,99,12798868.0,20,Priority,0,Personal Loan Offer,0,0.7726323449258129
C04852,53,6495717.0,108,6,71,14221321.0,18,Priority,1,Personal Loan Offer,1,0.6330790264754246
C04853,25,39154964.0,42,1,94,6795066.0,34,Mass,1,Personal Loan Offer,0,0.6410312248961147
C04854,24,10632461.0,151,6,52,12473398.0,21,Affluent,0,Personal Loan Offer,0,0.3374989569773257
C04855,23,16663467.0,38,4,21,22497448.0,23,Mass,0,Personal Loan Offer,1,0.278659706245174
C04856,52,9982640.0,179,2,26,29967507.0,29,Affluent,0,Personal Loan Offer,0,0.24497737905132075
C04857,59,9872831.0,128,6,55,66671084.0,29,Mass,1,Personal Loan Offer,1,0.4373439982890561
C04858,49,9340994.0,60,2,63,25449884.0,21,Mass,1,Personal Loan Offer,0,0.3707516828939898
C04859,32,5116607.0,37,2,76,12444298.0,33,Priority,1,Personal Loan Offer,1,0.44437883290435587
C04860,55,10985377.0,163,2,82,7276808.0,23,Mass,1,Personal Loan Offer,1,0.6661574002163098
C04861,23,9593180.0,96,1,79,26848747.0,24,Mass,1,Personal Loan Offer,0,0.4730549700624085
C04862,58,22856719.0,146,3,63,17785108.0,27,Affluent,0,Personal Loan Offer,1,0.4376024202088156
C04863,61,6213483.0,151,1,11,18382792.0,26,Mass,0,Personal Loan Offer,0,0.09482363767513949
C04864,53,8736203.0,15,2,58,26004297.0,28,Mass,1,Personal Loan Offer,0,0.31659092143071216
C04865,60,7321128.0,124,3,84,33620008.0,33,Mass,0,Personal Loan Offer,0,0.48182219899404144
C04866,47,26530589.0,62,4,87,26192353.0,17,Affluent,1,Personal Loan Offer,1,0.5769987955626051
C04867,42,7438967.0,164,6,85,16864556.0,21,Affluent,1,Personal Loan Offer,1,0.8769316097693903
C04868,35,16349079.0,41,1,10,8974170.0,20,Mass,0,Personal Loan Offer,0,0.10313805572752377
C04869,62,20460485.0,8,4,49,10836797.0,30,Mass,0,Personal Loan Offer,0,0.4640113409182901
C04870,52,11073325.0,121,1,66,46711580.0,34,Mass,0,Personal Loan Offer,0,0.3827136595077802
C04871,29,5627474.0,101,6,32,13093894.0,25,Mass,0,Personal Loan Offer,0,0.38574074746992854
C04872,64,5666786.0,101,2,47,5205363.0,18,Mass,0,Personal Loan Offer,0,0.1482985564863876
C04873,23,19255118.0,49,6,18,63771537.0,25,Mass,1,Personal Loan Offer,0,0.4102502278567864
C04874,47,5998923.0,91,5,27,7793997.0,27,Affluent,1,Personal Loan Offer,0,0.4465064921861395
C04875,29,14887490.0,174,2,10,20717513.0,22,Affluent,1,Personal Loan Offer,0,0.3596559749771499
C04876,50,12778942.0,138,2,99,32684317.0,35,Mass,1,Personal Loan Offer,0,0.6199575154238108
C04877,39,14766034.0,178,2,88,20064471.0,22,Mass,1,Personal Loan Offer,0,0.6457422553540254
C04878,40,15553385.0,62,3,46,1677986.0,29,Mass,0,Personal Loan Offer,0,0.1880156200563769
C04879,51,7180634.0,157,3,10,29554035.0,34,Mass,0,Personal Loan Offer,0,0.2436594867914441
C04880,55,7017213.0,71,4,40,75353888.0,26,Mass,1,Personal Loan Offer,1,0.6925947426300922
C04881,38,17780753.0,169,3,49,43915376.0,19,Mass,0,Personal Loan Offer,0,0.5299488791959123
C04882,65,8488965.0,157,5,25,2391064.0,27,Mass,0,Personal Loan Offer,0,0.21726145094456323
C04883,43,3000000.0,32,3,70,167834202.0,24,Mass,0,Personal Loan Offer,0,0.4807892633102073
C04884,28,17145265.0,176,2,100,5311534.0,29,Priority,0,Personal Loan Offer,0,0.5433456416015426
C04885,21,6786687.0,111,2,86,6802654.0,31,Mass,0,Personal Loan Offer,0,0.42795339760856405
C04886,30,15515374.0,141,5,87,43711441.0,23,Mass,1,Personal Loan Offer,0,0.8121978298241591
C04887,52,25815076.0,106,1,85,31455496.0,19,Mass,1,Personal Loan Offer,1,0.5973265500925371
C04888,45,12111144.0,41,2,16,21673003.0,21,Affluent,0,Personal Loan Offer,0,0.16217490115002883
C04889,36,20750656.0,178,2,60,11317226.0,21,Affluent,0,Personal Loan Offer,0,0.3750957149245353
C04890,42,13059233.0,23,4,61,75685682.0,19,Mass,0,Personal Loan Offer,0,0.47308481565103294
C04891,58,28731463.0,146,1,19,19228747.0,18,Mass,0,Personal Loan Offer,0,0.23306545133305334
C04892,46,6690896.0,40,3,23,4178345.0,23,Mass,0,Personal Loan Offer,0,0.31424781056450934
C04893,23,11945903.0,142,5,61,68582145.0,20,Mass,1,Personal Loan Offer,0,0.4116601462381044
C04894,23,17376966.0,78,6,75,24903722.0,34,Mass,1,Personal Loan Offer,0,0.5853622470323608
C04895,42,10806850.0,45,3,29,60991773.0,22,Mass,1,Personal Loan Offer,0,0.24095951747298613
C04896,39,22615310.0,45,6,54,35455589.0,19,Mass,1,Personal Loan Offer,0,0.49537067904893817
C04897,59,9462011.0,59,4,16,218624363.0,29,Affluent,0,Personal Loan Offer,0,0.4948145618451824
C04898,47,37452025.0,163,5,20,14669375.0,14,Priority,1,Personal Loan Offer,1,0.5567538893915945
C04899,55,38556137.0,139,2,62,20324469.0,23,Mass,1,Personal Loan Offer,0,0.3880098604982106
C04900,47,14013852.0,122,6,60,41081706.0,29,Affluent,1,Personal Loan Offer,1,0.7404463840127558
C04901,36,16262101.0,115,2,78,14760283.0,28,Priority,1,Personal Loan Offer,0,0.7087451581728741
C04902,50,23111399.0,77,1,92,44628380.0,24,Mass,1,Personal Loan Offer,0,0.5097348660101068
C04903,48,6246043.0,163,1,27,1049506.0,25,Mass,0,Personal Loan Offer,0,0.2144788802521696
C04904,53,5831689.0,51,4,41,18596047.0,27,Affluent,1,Personal Loan Offer,0,0.655654016680621
C04905,29,23949251.0,170,4,87,18042675.0,27,Mass,0,Personal Loan Offer,0,0.7734839274566649
C04906,49,13951685.0,70,2,14,17400815.0,27,Affluent,0,Personal Loan Offer,0,0.16750696344970858
C04907,33,10594434.0,63,6,85,8321190.0,33,Mass,1,Personal Loan Offer,0,0.7632840013296244
C04908,56,12073639.0,87,2,96,49494181.0,23,Priority,1,Personal Loan Offer,0,0.8069516200649194
C04909,56,3230329.0,136,4,19,12076814.0,28,Mass,0,Personal Loan Offer,0,0.37447953769737063
C04910,49,10805955.0,130,4,22,24434759.0,23,Affluent,0,Personal Loan Offer,0,0.32677720337475047
C04911,63,7930618.0,139,4,72,19270369.0,19,Mass,1,Personal Loan Offer,0,0.4431637010600798
C04912,45,19882621.0,18,5,53,32986437.0,32,Mass,1,Personal Loan Offer,0,0.7159759470827138
C04913,22,20742269.0,31,6,99,83654320.0,29,Mass,1,Personal Loan Offer,1,0.7955823613814897
C04914,48,16478900.0,154,5,59,24308744.0,22,Mass,1,Personal Loan Offer,0,0.5754814099353692
C04915,55,14915619.0,177,6,69,46392105.0,22,Mass,1,Personal Loan Offer,0,0.8172955576177517
C04916,25,5266500.0,25,6,31,23117790.0,21,Mass,0,Personal Loan Offer,1,0.2917603387922261
C04917,25,16605938.0,163,3,39,12057949.0,32,Affluent,1,Personal Loan Offer,0,0.42574058620862637
C04918,33,16963696.0,49,4,26,17360105.0,27,Mass,0,Personal Loan Offer,0,0.38229637491279755
C04919,58,23801833.0,177,2,23,15062224.0,28,Mass,1,Personal Loan Offer,0,0.28138227575975305
C04920,44,38471667.0,179,6,20,35300404.0,25,Mass,1,Personal Loan Offer,0,0.26371430856327577
C04921,64,4730346.0,116,6,91,22250941.0,21,Affluent,1,Personal Loan Offer,1,0.7784618851855082
C04922,60,9691453.0,36,6,16,9038269.0,29,Affluent,0,Personal Loan Offer,0,0.34656468809697044
C04923,45,7977779.0,143,5,56,16018912.0,25,Mass,0,Personal Loan Offer,0,0.38120994500468985
C04924,51,13194309.0,21,6,56,4348433.0,28,Affluent,1,Personal Loan Offer,0,0.5477838678586843
C04925,35,12088779.0,62,5,15,16628683.0,24,Affluent,0,Personal Loan Offer,0,0.3674705827177654
C04926,25,10550376.0,116,2,86,20026134.0,23,Mass,1,Personal Loan Offer,0,0.4645285132063337
C04927,38,21117225.0,15,2,55,122019452.0,23,Mass,1,Personal Loan Offer,0,0.5384439074414218
C04928,47,6547798.0,72,4,21,77029182.0,23,Mass,1,Personal Loan Offer,1,0.45793042834107445
C04929,29,6768570.0,144,3,21,7111105.0,26,Affluent,0,Personal Loan Offer,0,0.3049050861663029
C04930,30,6831763.0,19,5,73,24471317.0,18,Priority,1,Personal Loan Offer,0,0.5619141043058467
C04931,21,9842665.0,68,5,66,24904353.0,26,Mass,1,Personal Loan Offer,1,0.5060798558965184
C04932,54,6105451.0,3,6,47,15883724.0,35,Mass,0,Personal Loan Offer,0,0.3836059870573075
C04933,61,11683672.0,120,5,46,16929264.0,32,Mass,1,Personal Loan Offer,1,0.45940439234282604
C04934,58,10955998.0,17,1,13,14038205.0,15,Mass,0,Personal Loan Offer,0,0.13424252836163283
C04935,38,7785970.0,53,3,12,130117874.0,25,Affluent,0,Personal Loan Offer,0,0.5864110990113869
C04936,47,19403978.0,96,2,58,13191175.0,27,Affluent,1,Personal Loan Offer,0,0.48492411462562285
C04937,64,11613653.0,41,4,43,28125297.0,19,Priority,0,Personal Loan Offer,0,0.4372727740162832
C04938,47,21528178.0,44,3,32,1594726.0,27,Mass,0,Personal Loan Offer,1,0.43996705110674783
C04939,34,10779317.0,151,6,44,45572326.0,23,Affluent,1,Personal Loan Offer,1,0.38777805426422723
C04940,36,11841372.0,141,2,65,65365009.0,25,Affluent,0,Personal Loan Offer,0,0.3929675269014501
C04941,53,8805498.0,17,3,36,6984562.0,14,Affluent,0,Personal Loan Offer,0,0.4184469013882189
C04942,41,11953583.0,155,5,41,11987273.0,18,Priority,1,Personal Loan Offer,0,0.5463467893077099
C04943,58,17754409.0,86,3,35,31413439.0,29,Mass,1,Personal Loan Offer,0,0.49317659135089426
C04944,59,9570379.0,28,1,70,20393026.0,25,Mass,1,Personal Loan Offer,0,0.13804829255900689
C04945,22,15959164.0,164,2,14,31883922.0,27,Mass,1,Personal Loan Offer,0,0.34417782690999427
C04946,53,7674444.0,62,3,93,15006617.0,34,Affluent,1,Personal Loan Offer,1,0.548823220689966
C04947,37,18217533.0,60,4,60,128894941.0,21,Mass,1,Personal Loan Offer,0,0.35835486807047845
C04948,44,8722958.0,29,5,32,10236831.0,27,Affluent,0,Personal Loan Offer,0,0.25794366494067394
C04949,32,19169694.0,160,4,79,295097847.0,37,Mass,0,Personal Loan Offer,0,0.5741461829982892
C04950,37,12409270.0,54,3,95,69245364.0,33,Affluent,0,Personal Loan Offer,0,0.8006275818223552
C04951,35,27699966.0,108,4,15,45963498.0,37,Affluent,1,Personal Loan Offer,1,0.5558464433309984
C04952,23,6360897.0,45,1,28,7065718.0,21,Mass,1,Personal Loan Offer,0,0.4104449406594616
C04953,56,5328178.0,162,2,23,49670672.0,20,Mass,0,Personal Loan Offer,1,0.24172009639974604
C04954,27,8550478.0,143,4,16,36586185.0,18,Mass,1,Personal Loan Offer,0,0.3042640326182925
C04955,37,5603384.0,92,6,77,2401568.0,33,Priority,0,Personal Loan Offer,0,0.513437340708388
C04956,29,5609168.0,64,4,27,4909303.0,18,Mass,0,Personal Loan Offer,0,0.1723586152773641
C04957,28,16890639.0,119,1,44,28598670.0,20,Mass,1,Personal Loan Offer,0,0.29424638098364225
C04958,37,11972452.0,91,6,84,17504055.0,21,Affluent,1,Personal Loan Offer,1,0.511081086520813
C04959,62,9217300.0,170,2,65,11932360.0,29,Mass,0,Personal Loan Offer,0,0.30997022938096985
C04960,63,9699528.0,122,5,71,58831738.0,25,Mass,1,Personal Loan Offer,1,0.5513130819391521
C04961,38,8640202.0,7,6,18,8264366.0,29,Affluent,0,Personal Loan Offer,0,0.5973151668258011
C04962,43,29743472.0,149,6,98,12685902.0,31,Affluent,0,Personal Loan Offer,1,0.7749124871175063
C04963,65,8007499.0,37,1,17,10471973.0,28,Mass,0,Personal Loan Offer,0,0.12502908040239535
C04964,31,5799276.0,56,2,74,33311462.0,23,Priority,0,Personal Loan Offer,0,0.3181407165433862
C04965,63,18592058.0,80,4,68,3583264.0,27,Affluent,1,Personal Loan Offer,0,0.5908025348879813
C04966,25,10657257.0,40,5,47,12158888.0,30,Mass,0,Personal Loan Offer,0,0.3820841470313792
C04967,31,36827033.0,170,6,86,3571433.0,21,Mass,1,Personal Loan Offer,1,0.7029147900036364
C04968,36,8984434.0,177,4,91,14626820.0,26,Affluent,0,Personal Loan Offer,0,0.607517956661379
C04969,22,19109736.0,30,1,16,41214135.0,21,Affluent,0,Personal Loan Offer,1,0.27571598041239087
C04970,57,21760909.0,59,5,97,41956307.0,27,Mass,1,Personal Loan Offer,0,0.7892949330498656
C04971,59,9008530.0,68,5,31,9661355.0,34,Mass,1,Personal Loan Offer,1,0.5326069269143143
C04972,38,7974909.0,122,3,82,34091709.0,19,Mass,0,Personal Loan Offer,0,0.5356405359238667
C04973,58,18041204.0,109,4,84,16619369.0,34,Mass,0,Personal Loan Offer,0,0.47897648711078045
C04974,55,16462700.0,123,2,60,78008457.0,16,Mass,0,Personal Loan Offer,0,0.33629176058660976
C04975,57,5523828.0,8,5,88,17562561.0,24,Affluent,1,Personal Loan Offer,0,0.7252622893870985
C04976,57,6451206.0,94,1,85,1022944.0,27,Mass,1,Personal Loan Offer,0,0.5914674262342215
C04977,46,3000000.0,40,6,57,48931105.0,21,Mass,1,Personal Loan Offer,0,0.3466442243021267
C04978,25,16649321.0,43,6,26,12637051.0,27,Mass,1,Personal Loan Offer,0,0.6179672160473141
C04979,62,10390601.0,140,5,49,15203601.0,31,Affluent,0,Personal Loan Offer,0,0.43204749005623627
C04980,48,10976141.0,28,5,91,27984639.0,25,Mass,1,Personal Loan Offer,0,0.69131926504768
C04981,61,4733252.0,8,6,28,4811574.0,25,Mass,0,Personal Loan Offer,0,0.7274372327934691
C04982,64,6559736.0,89,1,100,21550216.0,24,Mass,0,Personal Loan Offer,1,0.2984392342718609
C04983,29,9226034.0,133,4,26,34131792.0,22,Mass,1,Personal Loan Offer,0,0.39174884892782696
C04984,39,8290643.0,93,4,70,28783332.0,31,Affluent,1,Personal Loan Offer,0,0.5278256283166437
C04985,29,12803473.0,31,6,68,10987970.0,22,Mass,1,Personal Loan Offer,0,0.6184919389692012
C04986,23,16540536.0,140,5,27,53928777.0,22,Mass,0,Personal Loan Offer,0,0.32487348580121667
C04987,64,41812426.0,70,4,52,7376036.0,28,Affluent,0,Personal Loan Offer,0,0.2926921728416991
C04988,62,11868612.0,129,4,23,10699646.0,27,Mass,0,Personal Loan Offer,0,0.25657363425405105
C04989,62,22161978.0,38,1,43,17456828.0,25,Mass,0,Personal Loan Offer,0,0.3659007639691848
C04990,60,7602078.0,165,2,97,26875111.0,26,Mass,1,Personal Loan Offer,0,0.6798364337593177
C04991,50,4776395.0,53,3,14,14457148.0,20,Affluent,1,Personal Loan Offer,0,0.3403124391860245
C04992,44,9886209.0,175,6,89,68327968.0,27,Priority,0,Personal Loan Offer,1,0.86086683402896
C04993,65,4983636.0,70,6,71,26870217.0,19,Mass,1,Personal Loan Offer,0,0.48856907754094125
C04994,45,12097235.0,132,4,78,21571872.0,19,Mass,0,Personal Loan Offer,0,0.4499653691358866
C04995,49,7811968.0,92,1,35,25942134.0,21,Mass,0,Personal Loan Offer,0,0.29559362950367335
C04996,30,4096190.0,16,5,96,41622388.0,23,Mass,1,Personal Loan Offer,0,0.5678566112102373
C04997,54,31178242.0,20,3,33,25444692.0,25,Mass,0,Personal Loan Offer,1,0.5257999480691468
C04998,57,8928494.0,75,4,55,3274665.0,22,Mass,0,Personal Loan Offer,0,0.27057542664416917
C04999,51,4875468.0,37,3,13,59456273.0,24,Mass,0,Personal Loan Offer,0,0.3498646135515099
C05000,43,19666194.0,111,5,90,22542614.0,27,Mass,1,Personal Loan Offer,1,0.7642812381608299
C05001,29,8037907.0,27,2,74,39669597.0,36,Mass,1,Personal Loan Offer,0,0.503175346482032
C05002,22,21856491.0,108,1,24,13326956.0,28,Priority,1,Personal Loan Offer,0,0.4799194066127205
C05003,49,8016803.0,39,2,70,3218823.0,18,Mass,0,Personal Loan Offer,1,0.3248662578599436
C05004,51,8912127.0,35,6,26,2047916.0,27,Priority,0,Personal Loan Offer,0,0.4143723955968039
C05005,55,14506025.0,68,1,50,7778508.0,31,Mass,1,Personal Loan Offer,0,0.3787570828226323
C05006,63,16629485.0,106,2,56,33549653.0,23,Mass,0,Personal Loan Offer,0,0.30845254070194145
C05007,43,18312295.0,74,3,94,73231322.0,20,Mass,1,Personal Loan Offer,0,0.6120437992062807
C05008,58,11422088.0,65,6,40,27050446.0,24,Priority,1,Personal Loan Offer,0,0.6128266665688822
C05009,53,16048989.0,63,3,11,6983183.0,24,Affluent,0,Personal Loan Offer,0,0.31371009066432165
C05010,33,18083545.0,63,6,49,9130387.0,27,Mass,1,Personal Loan Offer,1,0.5541293333313275
C05011,59,13399531.0,74,6,94,77984912.0,23,Mass,1,Personal Loan Offer,0,0.7392989547033453
C05012,23,11094447.0,151,4,82,5392189.0,15,Mass,1,Personal Loan Offer,1,0.5094921548082835
C05013,47,5419451.0,105,3,15,163613208.0,23,Mass,0,Personal Loan Offer,0,0.23737081592695894
C05014,63,16684038.0,78,4,14,130551763.0,17,Mass,1,Personal Loan Offer,0,0.4194662707549251
C05015,50,12281600.0,136,5,78,169093927.0,22,Priority,1,Personal Loan Offer,1,0.7285347457854677
C05016,63,9558377.0,96,1,75,29266214.0,23,Affluent,0,Personal Loan Offer,0,0.5176371764862823
C05017,23,24232099.0,171,5,60,14213717.0,20,Affluent,1,Personal Loan Offer,0,0.6569804875791626
C05018,44,5471748.0,103,3,18,28562039.0,23,Mass,0,Personal Loan Offer,0,0.28285201251167164
C05019,56,29640054.0,41,6,35,49616192.0,21,Mass,0,Personal Loan Offer,0,0.4554277360499666
C05020,49,11853893.0,103,4,87,10432818.0,27,Mass,1,Personal Loan Offer,1,0.49105514411623036
C05021,60,14289738.0,140,6,22,6649416.0,21,Affluent,1,Personal Loan Offer,1,0.4442914029337382
C05022,41,9656511.0,40,1,28,15056289.0,25,Mass,0,Personal Loan Offer,0,0.29740303024573106
C05023,51,4797124.0,38,1,51,9238915.0,29,Mass,0,Personal Loan Offer,0,0.37217109619745775
C05024,39,11113062.0,109,1,76,69173563.0,37,Mass,0,Personal Loan Offer,0,0.4634563762128217
C05025,60,14425772.0,160,6,85,10797372.0,37,Mass,1,Personal Loan Offer,0,0.6963385839091741
C05026,26,17406273.0,62,6,63,22007290.0,24,Mass,1,Personal Loan Offer,0,0.4288272509956004
C05027,32,10761645.0,93,6,54,53451398.0,17,Mass,0,Personal Loan Offer,0,0.4479490349669596
C05028,25,3593080.0,119,2,45,71921452.0,25,Affluent,1,Personal Loan Offer,1,0.46587777693383936
C05029,52,5139691.0,121,2,13,24638039.0,30,Affluent,0,Personal Loan Offer,0,0.20540088252154773
C05030,31,37096308.0,28,3,34,29371608.0,21,Affluent,0,Personal Loan Offer,0,0.4788199191697595
C05031,35,6579849.0,73,5,29,7233635.0,26,Affluent,1,Personal Loan Offer,1,0.43763925669542664
C05032,58,26305653.0,179,2,15,55633688.0,38,Mass,1,Personal Loan Offer,0,0.2968808588810181
C05033,37,7178992.0,161,4,77,70757286.0,12,Mass,1,Personal Loan Offer,0,0.5842454260701692
C05034,27,10854241.0,140,4,42,3081385.0,26,Mass,0,Personal Loan Offer,0,0.421801725415018
C05035,21,16924651.0,7,3,56,116591701.0,19,Mass,0,Personal Loan Offer,0,0.2997044917011105
C05036,31,7643073.0,77,3,28,9925159.0,33,Affluent,0,Personal Loan Offer,0,0.4348052939354252
C05037,62,28807189.0,12,4,63,36247237.0,35,Affluent,0,Personal Loan Offer,1,0.5485352240106465
C05038,45,12510362.0,56,5,22,21612979.0,29,Mass,0,Personal Loan Offer,0,0.23141042469046483
C05039,65,15461833.0,156,2,71,18828213.0,29,Mass,1,Personal Loan Offer,0,0.5425505996804224
C05040,30,10357623.0,72,4,77,16268233.0,24,Mass,1,Personal Loan Offer,0,0.3759000281435446
C05041,36,17239492.0,32,1,38,7412509.0,26,Mass,1,Personal Loan Offer,1,0.2619621898344576
C05042,28,28595308.0,131,1,29,33769576.0,36,Mass,0,Personal Loan Offer,0,0.35280941221255835
C05043,38,11164057.0,138,4,80,15024581.0,22,Priority,1,Personal Loan Offer,1,0.632240133530337
C05044,46,31070185.0,119,3,30,5399519.0,23,Mass,0,Personal Loan Offer,1,0.299340474430822
C05045,57,8572239.0,147,2,26,7104494.0,28,Priority,1,Personal Loan Offer,1,0.2653001744056853
C05046,37,18268157.0,127,1,40,5491964.0,22,Mass,0,Personal Loan Offer,0,0.22620236649616565
C05047,55,15704064.0,115,6,97,11835953.0,31,Mass,1,Personal Loan Offer,1,0.5654672854753502
C05048,49,6667110.0,161,5,52,32486726.0,31,Mass,1,Personal Loan Offer,1,0.45611306071824637
C05049,34,13497466.0,60,6,33,9821896.0,20,Mass,0,Personal Loan Offer,0,0.36658988905646145
C05050,62,12048714.0,84,1,56,53046762.0,24,Mass,1,Personal Loan Offer,0,0.21164266839493265
C05051,40,7505612.0,103,1,41,17752348.0,26,Mass,1,Personal Loan Offer,0,0.25624748650456447
C05052,27,14611487.0,122,2,70,14974180.0,29,Mass,0,Personal Loan Offer,0,0.3656800398750733
C05053,64,13005416.0,87,1,49,20338135.0,32,Mass,1,Personal Loan Offer,1,0.36573043298411534
C05054,62,11530363.0,81,3,63,80711995.0,27,Mass,0,Personal Loan Offer,0,0.5007654884999093
C05055,23,11555818.0,32,4,49,5075340.0,21,Mass,0,Personal Loan Offer,0,0.5786468203649929
C05056,61,11420397.0,116,2,53,104804766.0,23,Affluent,0,Personal Loan Offer,0,0.519804560968228
C05057,63,9802837.0,25,3,50,52242293.0,27,Mass,0,Personal Loan Offer,0,0.27618342506083615
C05058,58,12959322.0,87,4,45,19571526.0,23,Mass,1,Personal Loan Offer,0,0.18932420267859393
C05059,32,8421213.0,75,2,97,65284716.0,35,Affluent,1,Personal Loan Offer,0,0.4207825177207293
C05060,49,51735897.0,141,3,34,14487112.0,25,Mass,1,Personal Loan Offer,0,0.3876034962831685
C05061,45,5527709.0,87,4,83,26613288.0,17,Affluent,1,Personal Loan Offer,0,0.3804357531252268
C05062,48,8699815.0,3,6,74,11638491.0,37,Mass,0,Personal Loan Offer,0,0.5281733095258202
C05063,48,9086125.0,93,2,58,52573250.0,36,Affluent,0,Personal Loan Offer,0,0.46890980980060304
C05064,49,36861883.0,41,1,38,9859906.0,25,Mass,0,Personal Loan Offer,0,0.28692366388001056
C05065,44,5805656.0,70,6,54,18998585.0,24,Affluent,1,Personal Loan Offer,1,0.5922175495323264
C05066,52,15167635.0,55,4,87,39443572.0,28,Affluent,1,Personal Loan Offer,1,0.5713250078972144
C05067,44,13756664.0,32,3,26,57049649.0,24,Mass,1,Personal Loan Offer,1,0.2436901155765216
C05068,21,14416710.0,171,5,63,8798465.0,21,Mass,1,Personal Loan Offer,0,0.7105224870714832
C05069,22,23686266.0,48,6,79,42473082.0,38,Affluent,1,Personal Loan Offer,0,0.7190883816108535
C05070,64,23420526.0,93,1,67,7491336.0,19,Mass,0,Personal Loan Offer,0,0.41357571405843896
C05071,61,9364073.0,150,6,23,2328913.0,31,Affluent,0,Personal Loan Offer,0,0.5682185189090985
C05072,47,13351333.0,67,4,56,9465642.0,26,Mass,1,Personal Loan Offer,0,0.5634708281931365
C05073,28,4304455.0,169,4,26,46080610.0,36,Mass,1,Personal Loan Offer,0,0.30748341033300985
C05074,56,12672164.0,74,6,94,19757149.0,18,Affluent,1,Personal Loan Offer,0,0.8008838301109746
C05075,27,7754028.0,171,2,42,11713410.0,20,Mass,0,Personal Loan Offer,0,0.26292029076194945
C05076,37,10830826.0,83,5,48,21140922.0,31,Mass,1,Personal Loan Offer,0,0.5926953810778477
C05077,35,4749086.0,5,4,88,20453049.0,27,Mass,1,Personal Loan Offer,1,0.3999893635232849
C05078,21,14993045.0,157,6,48,37249213.0,30,Affluent,1,Personal Loan Offer,0,0.5411742796312022
C05079,57,4719930.0,156,3,27,3990922.0,23,Mass,0,Personal Loan Offer,0,0.312282596043615
C05080,43,13019695.0,174,5,91,18054218.0,26,Mass,1,Personal Loan Offer,0,0.66281890397632
C05081,35,6112455.0,25,3,68,22646596.0,21,Mass,0,Personal Loan Offer,0,0.33401720169003135
C05082,43,7520285.0,153,3,65,5105723.0,27,Mass,0,Personal Loan Offer,0,0.2518930240370302
C05083,21,22646590.0,63,3,16,5036190.0,21,Mass,0,Personal Loan Offer,0,0.3462521550583502
C05084,40,16581067.0,152,6,50,13887982.0,16,Mass,0,Personal Loan Offer,0,0.4715613640533745
C05085,44,22577828.0,174,6,51,20171214.0,22,Mass,1,Personal Loan Offer,0,0.4836840602907362
C05086,36,28297022.0,38,2,33,20242377.0,25,Priority,1,Personal Loan Offer,0,0.6536186128130026
C05087,58,7844757.0,69,6,61,11465973.0,26,Affluent,0,Personal Loan Offer,1,0.5562486082595354
C05088,32,27367086.0,50,4,32,11005528.0,19,Affluent,1,Personal Loan Offer,0,0.3909895813926049
C05089,27,5359542.0,57,1,52,13471225.0,26,Affluent,0,Personal Loan Offer,0,0.1914482765169075
C05090,44,18088237.0,109,5,82,26957297.0,24,Mass,1,Personal Loan Offer,0,0.468023675041961
C05091,60,9148326.0,76,1,76,69432377.0,18,Affluent,1,Personal Loan Offer,1,0.571795013519855
C05092,37,7193958.0,119,6,35,2171320.0,27,Mass,0,Personal Loan Offer,0,0.34673302777693565
C05093,23,16824987.0,123,3,28,37290343.0,27,Affluent,0,Personal Loan Offer,1,0.4702142523208602
C05094,64,20178748.0,39,6,10,17896061.0,30,Priority,0,Personal Loan Offer,0,0.34456877295862626
C05095,40,19851990.0,10,3,41,33833606.0,27,Mass,0,Personal Loan Offer,0,0.2921583993080886
C05096,28,13505265.0,135,1,11,65449288.0,24,Mass,0,Personal Loan Offer,1,0.15194996340705197
C05097,48,12903301.0,35,5,21,9399027.0,18,Mass,0,Personal Loan Offer,0,0.40388113773000184
C05098,35,16033548.0,38,5,99,51420501.0,34,Affluent,1,Personal Loan Offer,1,0.7078007117086966
C05099,63,14182047.0,110,2,87,5706977.0,24,Mass,0,Personal Loan Offer,1,0.3582433739534689
C05100,34,16161831.0,49,2,60,22721952.0,30,Mass,1,Personal Loan Offer,1,0.5029082788206668
C05101,45,13424835.0,36,6,80,15693012.0,21,Affluent,1,Personal Loan Offer,1,0.718163671842073
C05102,45,19076129.0,57,5,54,20947342.0,21,Mass,0,Personal Loan Offer,0,0.5364307929750108
C05103,31,4903466.0,96,2,64,7438714.0,28,Mass,0,Personal Loan Offer,0,0.424862915025131
C05104,43,11164133.0,153,5,93,30957513.0,27,Mass,0,Personal Loan Offer,0,0.5239438445072437
C05105,25,5605740.0,178,2,17,97711527.0,34,Mass,0,Personal Loan Offer,0,0.40407823297466106
C05106,49,13972523.0,133,2,42,7567596.0,25,Mass,0,Personal Loan Offer,0,0.3216851932153287
C05107,55,29605740.0,162,4,20,24176420.0,18,Mass,0,Personal Loan Offer,0,0.39055779214899494
C05108,63,9245713.0,97,5,82,47068566.0,25,Mass,1,Personal Loan Offer,0,0.6282623861582997
C05109,35,12869952.0,75,6,84,14864734.0,24,Mass,0,Personal Loan Offer,0,0.5118396765829939
C05110,33,18191862.0,148,3,75,77954490.0,19,Priority,1,Personal Loan Offer,1,0.8051278009455958
C05111,45,3848406.0,56,1,65,13014237.0,32,Affluent,0,Personal Loan Offer,0,0.41832841024062856
C05112,52,9004693.0,147,4,53,17804257.0,22,Mass,1,Personal Loan Offer,1,0.4284393007244771
C05113,65,14663923.0,180,5,12,7408130.0,26,Mass,0,Personal Loan Offer,0,0.2920135721713098
C05114,22,3000000.0,72,6,80,22699040.0,21,Priority,1,Personal Loan Offer,1,0.7948505610157554
C05115,31,7012274.0,115,1,91,20060550.0,33,Mass,0,Personal Loan Offer,0,0.6171070980221878
C05116,32,21985399.0,142,4,97,37774472.0,24,Priority,1,Personal Loan Offer,1,0.7462987456441638
C05117,32,20833347.0,142,4,41,10585935.0,20,Priority,0,Personal Loan Offer,0,0.3444816202116555
C05118,41,14743196.0,39,4,28,10112140.0,28,Priority,1,Personal Loan Offer,1,0.45085614841313004
C05119,60,19494168.0,174,1,69,31760532.0,20,Mass,1,Personal Loan Offer,0,0.3953255327434118
C05120,22,13507080.0,92,1,11,80876457.0,12,Mass,0,Personal Loan Offer,0,0.17080272234419275
C05121,57,16287108.0,10,4,15,37515063.0,28,Affluent,0,Personal Loan Offer,1,0.27518828209005636
C05122,48,10087501.0,24,2,84,126867663.0,26,Mass,0,Personal Loan Offer,0,0.3156385967277665
C05123,48,12789233.0,132,4,97,34849533.0,20,Mass,1,Personal Loan Offer,0,0.7568353133820853
C05124,51,8474850.0,78,1,46,33616773.0,28,Mass,1,Personal Loan Offer,1,0.39335093868154586
C05125,26,24042485.0,22,5,56,39449649.0,22,Affluent,0,Personal Loan Offer,0,0.587160660615914
C05126,54,27709195.0,95,2,59,88579728.0,25,Mass,0,Personal Loan Offer,0,0.3710641288305989
C05127,32,25632439.0,109,3,22,68944535.0,29,Mass,0,Personal Loan Offer,0,0.3921447982244027
C05128,44,9587372.0,17,3,30,6758859.0,29,Mass,1,Personal Loan Offer,1,0.34416155698879136
C05129,51,7101677.0,65,3,37,44536726.0,25,Mass,0,Personal Loan Offer,0,0.2951976728467382
C05130,48,24221536.0,85,4,86,26077915.0,27,Affluent,0,Personal Loan Offer,0,0.7026548940803156
C05131,35,16184526.0,141,4,49,16472581.0,31,Affluent,1,Personal Loan Offer,0,0.5727871999769752
C05132,38,14376976.0,118,5,75,3396696.0,21,Affluent,0,Personal Loan Offer,0,0.6915250762025906
C05133,42,8468971.0,18,6,27,4286932.0,24,Affluent,0,Personal Loan Offer,0,0.35512599786478705
C05134,22,15165479.0,112,2,96,13891332.0,24,Mass,1,Personal Loan Offer,1,0.5847047726420823
C05135,53,6606168.0,163,6,90,4623448.0,20,Affluent,0,Personal Loan Offer,0,0.7903804146202461
C05136,25,17007271.0,12,4,53,14182027.0,16,Mass,0,Personal Loan Offer,0,0.47203804041324615
C05137,41,25617977.0,178,2,30,40856810.0,42,Affluent,1,Personal Loan Offer,0,0.685527452817715
C05138,50,29429033.0,19,6,98,11187264.0,19,Mass,1,Personal Loan Offer,0,0.6889081972762503
C05139,24,17718245.0,113,5,83,21740891.0,28,Affluent,0,Personal Loan Offer,1,0.4594205841455687
C05140,65,5611369.0,65,2,56,6860500.0,18,Mass,1,Personal Loan Offer,0,0.2559861016267899
C05141,37,13375681.0,133,2,34,26963917.0,21,Mass,1,Personal Loan Offer,0,0.23651611993431237
C05142,21,38928694.0,152,4,66,33243779.0,23,Mass,0,Personal Loan Offer,1,0.6342176462523409
C05143,50,7442228.0,154,5,43,4820116.0,27,Mass,1,Personal Loan Offer,0,0.5301037023638617
C05144,46,11615690.0,157,1,71,9429527.0,34,Mass,0,Personal Loan Offer,0,0.42627314830469437
C05145,49,26110696.0,148,4,85,5632549.0,20,Affluent,0,Personal Loan Offer,0,0.6780217349614279
C05146,54,16849657.0,58,4,54,33279682.0,24,Mass,1,Personal Loan Offer,0,0.6881930826344467
C05147,42,46945748.0,85,6,14,23564441.0,19,Affluent,0,Personal Loan Offer,0,0.41970433428952764
C05148,58,8019118.0,130,5,61,19030072.0,16,Affluent,0,Personal Loan Offer,0,0.5286983289009495
C05149,37,6962516.0,32,6,88,17592114.0,28,Mass,0,Personal Loan Offer,0,0.5786349728430586
C05150,45,23527634.0,105,1,30,27620761.0,24,Priority,0,Personal Loan Offer,0,0.2625523532443431
C05151,28,6216291.0,97,5,97,28179190.0,24,Mass,0,Personal Loan Offer,0,0.37390399103324706
C05152,48,10769136.0,178,3,42,12184380.0,26,Mass,0,Personal Loan Offer,0,0.5191037421516261
C05153,32,11574461.0,11,4,72,10592386.0,29,Mass,0,Personal Loan Offer,1,0.42026807472073663
C05154,52,21214838.0,19,6,73,18854226.0,31,Affluent,1,Personal Loan Offer,1,0.653475180775189
C05155,57,16823118.0,8,6,26,16543568.0,33,Mass,0,Personal Loan Offer,0,0.49651564067651094
C05156,59,15429671.0,100,2,13,157026487.0,25,Mass,0,Personal Loan Offer,0,0.17171561476980665
C05157,62,9617359.0,101,2,96,13624063.0,24,Mass,1,Personal Loan Offer,0,0.4115558795662166
C05158,26,23409896.0,108,5,73,26719606.0,32,Affluent,1,Personal Loan Offer,0,0.6547746423344298
C05159,27,80000000.0,46,6,67,31869797.0,25,Affluent,1,Personal Loan Offer,1,0.7539037956979979
C05160,62,17551015.0,57,4,37,81146533.0,23,Mass,0,Personal Loan Offer,1,0.2659431362029855
C05161,38,12676202.0,77,1,19,8886628.0,35,Mass,0,Personal Loan Offer,0,0.3054889593776719
C05162,22,5877209.0,11,1,34,76353976.0,24,Affluent,0,Personal Loan Offer,0,0.26975370166937634
C05163,33,8451060.0,136,5,59,17259051.0,17,Affluent,1,Personal Loan Offer,0,0.5501609499538784
C05164,58,10669253.0,12,5,73,243977865.0,22,Mass,1,Personal Loan Offer,0,0.5979852884919618
C05165,36,8943048.0,121,6,39,28741282.0,25,Affluent,1,Personal Loan Offer,1,0.6336692122360446
C05166,24,11894354.0,83,4,29,5852115.0,16,Mass,0,Personal Loan Offer,0,0.3746155001351627
C05167,53,31906683.0,180,3,32,16421207.0,24,Mass,0,Personal Loan Offer,0,0.2866644600775434
C05168,29,23827692.0,126,1,97,76096451.0,32,Mass,1,Personal Loan Offer,0,0.6892300409746286
C05169,36,10996188.0,87,5,67,21699157.0,23,Affluent,1,Personal Loan Offer,0,0.5246907213138446
C05170,21,6174036.0,127,6,100,18842348.0,27,Affluent,1,Personal Loan Offer,1,0.6330021044202911
C05171,48,25039607.0,23,1,10,41047480.0,29,Mass,0,Personal Loan Offer,0,0.16636743213873975
C05172,41,11680570.0,35,3,51,14164440.0,23,Affluent,0,Personal Loan Offer,0,0.20183937692018072
C05173,60,4642864.0,91,3,51,16199803.0,26,Mass,0,Personal Loan Offer,1,0.30768931371318836
C05174,36,17756350.0,155,5,46,7776122.0,30,Mass,1,Personal Loan Offer,0,0.524581134071489
C05175,30,21094964.0,148,5,45,112680125.0,19,Affluent,1,Personal Loan Offer,0,0.37651139562697145
C05176,28,3160269.0,70,2,17,5889205.0,25,Mass,0,Personal Loan Offer,1,0.4139946403649377
C05177,30,7624766.0,53,6,12,23693457.0,24,Priority,0,Personal Loan Offer,1,0.2174623235523005
C05178,41,11292705.0,174,1,80,32317757.0,28,Affluent,1,Personal Loan Offer,1,0.3993920909556375
C05179,24,17973306.0,103,5,50,19728833.0,31,Affluent,0,Personal Loan Offer,1,0.3734756652085439
C05180,39,9036266.0,24,5,24,5708004.0,25,Mass,0,Personal Loan Offer,0,0.4706858991941284
C05181,59,7593014.0,43,1,41,7366688.0,22,Affluent,0,Personal Loan Offer,0,0.40371587535053927
C05182,55,17900878.0,151,5,94,33725330.0,28,Mass,0,Personal Loan Offer,1,0.6215526927274639
C05183,49,9275062.0,162,2,52,9169227.0,30,Mass,0,Personal Loan Offer,0,0.2190288346386155
C05184,61,16168044.0,164,2,100,2518630.0,32,Mass,1,Personal Loan Offer,0,0.4141226264354336
C05185,56,6511521.0,4,1,24,29450491.0,30,Affluent,0,Personal Loan Offer,0,0.3153202360799044
C05186,50,5703748.0,149,5,21,8358148.0,28,Affluent,1,Personal Loan Offer,1,0.3256112861467215
C05187,59,18179684.0,22,5,61,37598026.0,26,Mass,0,Personal Loan Offer,0,0.46107230940078164
C05188,26,13787917.0,146,4,72,16348088.0,20,Mass,0,Personal Loan Offer,0,0.4958227501975055
C05189,57,19930621.0,159,5,99,15578939.0,18,Mass,1,Personal Loan Offer,1,0.604894279404734
C05190,34,8952927.0,67,3,52,21072533.0,18,Priority,0,Personal Loan Offer,0,0.28507435451455787
C05191,53,7749271.0,37,4,28,6406025.0,25,Affluent,0,Personal Loan Offer,0,0.24942328319454965
C05192,62,25363269.0,129,5,59,8760730.0,26,Mass,1,Personal Loan Offer,0,0.377988627925373
C05193,43,5192833.0,15,3,37,15422203.0,21,Priority,1,Personal Loan Offer,0,0.3408348167608059
C05194,24,23884030.0,106,4,26,6368662.0,28,Affluent,0,Personal Loan Offer,1,0.4492719652614566
C05195,37,24808448.0,62,1,18,40835424.0,36,Affluent,0,Personal Loan Offer,0,0.3344574076018253
C05196,39,19258565.0,78,4,75,14707437.0,35,Mass,0,Personal Loan Offer,0,0.6990203951745061
C05197,63,8220348.0,149,6,68,4694050.0,23,Mass,1,Personal Loan Offer,0,0.3783295853840813
C05198,63,7658518.0,179,5,25,11435280.0,22,Mass,0,Personal Loan Offer,0,0.3908839177523014
C05199,46,10690719.0,74,2,60,22130015.0,20,Affluent,0,Personal Loan Offer,0,0.345224438261061
C05200,63,5886342.0,54,4,90,12802517.0,29,Mass,0,Personal Loan Offer,1,0.7776317020890421
C05201,40,7070809.0,151,4,84,29831001.0,30,Affluent,1,Personal Loan Offer,0,0.5995872438950495
C05202,39,17107390.0,76,6,51,35508376.0,43,Affluent,0,Personal Loan Offer,0,0.5524180885728371
C05203,58,17150866.0,38,5,15,220838695.0,25,Mass,0,Personal Loan Offer,0,0.4296488306620933
C05204,51,6737174.0,163,5,67,63204562.0,24,Mass,0,Personal Loan Offer,0,0.5456877324519396
C05205,44,17405282.0,179,5,56,3893708.0,32,Mass,1,Personal Loan Offer,1,0.4671462183105048
C05206,41,15406253.0,54,3,93,13950283.0,21,Affluent,0,Personal Loan Offer,1,0.6797008579626427
C05207,52,27531866.0,31,3,60,15318955.0,23,Mass,0,Personal Loan Offer,0,0.6532509244947002
C05208,54,16410669.0,30,3,77,35545131.0,23,Mass,1,Personal Loan Offer,0,0.6170402807382883
C05209,43,21480085.0,109,3,58,7862827.0,20,Mass,0,Personal Loan Offer,0,0.41833539697878547
C05210,22,15600443.0,58,6,59,11757368.0,21,Mass,0,Personal Loan Offer,0,0.7386799225504596
C05211,25,20570698.0,113,6,38,5762206.0,32,Mass,0,Personal Loan Offer,0,0.5545539441879395
C05212,27,5912047.0,138,6,46,10951392.0,20,Mass,0,Personal Loan Offer,0,0.32782043202054656
C05213,41,11222797.0,4,4,36,11367595.0,22,Mass,0,Personal Loan Offer,0,0.37480911822765095
C05214,48,11745452.0,156,2,52,14624913.0,27,Mass,1,Personal Loan Offer,0,0.3411285449498848
C05215,57,10494425.0,8,1,96,6105680.0,26,Mass,0,Personal Loan Offer,0,0.41550129208004144
C05216,31,15318240.0,23,2,41,53397184.0,21,Affluent,1,Personal Loan Offer,0,0.4297335917333126
C05217,56,17010239.0,132,4,52,32070806.0,26,Mass,1,Personal Loan Offer,0,0.2462861208384514
C05218,50,14889378.0,113,3,96,4696899.0,23,Mass,1,Personal Loan Offer,0,0.7423962266049221
C05219,23,10887197.0,177,4,23,20526264.0,21,Mass,0,Personal Loan Offer,0,0.3936700476273521
C05220,36,8006511.0,103,6,33,4180695.0,31,Mass,1,Personal Loan Offer,0,0.2354379032341737
C05221,34,21941043.0,77,3,54,76553359.0,27,Mass,1,Personal Loan Offer,0,0.5270317619419275
C05222,60,14545180.0,122,6,47,100468138.0,13,Affluent,0,Personal Loan Offer,0,0.6084013355238432
C05223,62,6852880.0,138,4,41,18915751.0,17,Mass,1,Personal Loan Offer,0,0.5455999800024721
C05224,57,10787397.0,122,5,80,8525717.0,27,Priority,1,Personal Loan Offer,0,0.8348148029096184
C05225,44,4600163.0,68,1,55,10292989.0,24,Affluent,1,Personal Loan Offer,0,0.604136940265055
C05226,43,12235732.0,173,2,43,12704931.0,29,Mass,0,Personal Loan Offer,0,0.3092492420368288
C05227,35,10759592.0,56,6,53,17973618.0,26,Affluent,0,Personal Loan Offer,0,0.6373080325307835
C05228,55,8749091.0,64,6,90,78743987.0,21,Affluent,1,Personal Loan Offer,0,0.6453514987714292
C05229,24,28686790.0,52,4,99,52004699.0,22,Affluent,1,Personal Loan Offer,1,0.7999945425725287
C05230,33,6353602.0,56,1,32,52811912.0,24,Mass,0,Personal Loan Offer,0,0.10574599423289523
C05231,27,17697489.0,40,1,13,23719810.0,19,Priority,0,Personal Loan Offer,0,0.1896964985435789
C05232,43,39948700.0,106,3,12,6309905.0,25,Mass,0,Personal Loan Offer,0,0.288665770220282
C05233,34,21701991.0,132,6,50,9259736.0,26,Affluent,1,Personal Loan Offer,1,0.5845916230606759
C05234,29,11793639.0,79,3,67,21252054.0,27,Mass,1,Personal Loan Offer,0,0.4783605144934649
C05235,37,6431250.0,167,6,14,6017261.0,28,Affluent,1,Personal Loan Offer,0,0.5741411490933258
C05236,59,5673308.0,87,4,56,27104919.0,33,Mass,0,Personal Loan Offer,0,0.37085204163202745
C05237,46,9569235.0,86,1,46,44739456.0,22,Mass,0,Personal Loan Offer,0,0.186187019368495
C05238,58,8223996.0,15,4,94,34504083.0,21,Mass,1,Personal Loan Offer,1,0.5284614218634134
C05239,62,8078093.0,163,3,64,33145990.0,27,Mass,0,Personal Loan Offer,0,0.36580398938504344
C05240,61,10028532.0,29,2,48,3093953.0,17,Mass,0,Personal Loan Offer,0,0.3907244717411654
C05241,36,11343793.0,32,5,63,75875062.0,36,Affluent,1,Personal Loan Offer,1,0.7676187539367539
C05242,60,15670394.0,169,2,22,4171797.0,25,Affluent,1,Personal Loan Offer,0,0.49607583754566775
C05243,61,6074616.0,95,6,53,17166899.0,25,Affluent,1,Personal Loan Offer,1,0.684183959842772
C05244,64,8245541.0,15,5,40,37124451.0,25,Mass,1,Personal Loan Offer,0,0.3537907396073424
C05245,36,10991113.0,81,5,26,28626412.0,22,Mass,0,Personal Loan Offer,1,0.35269503552379083
C05246,31,10776737.0,108,1,45,5572791.0,27,Affluent,0,Personal Loan Offer,1,0.40917954178900917
C05247,47,32948301.0,4,6,68,6668578.0,25,Priority,1,Personal Loan Offer,1,0.6436104071580728
C05248,62,13635031.0,137,3,63,26650393.0,33,Mass,1,Personal Loan Offer,0,0.3793924374453538
C05249,61,4940331.0,121,5,97,33333980.0,19,Mass,1,Personal Loan Offer,1,0.6532873761248078
C05250,46,15103196.0,5,2,34,6609635.0,28,Mass,0,Personal Loan Offer,0,0.18831000509475126
C05251,27,16200169.0,113,5,73,29616301.0,22,Mass,0,Personal Loan Offer,0,0.68747887306362
C05252,40,11201932.0,42,2,60,4394962.0,30,Affluent,0,Personal Loan Offer,0,0.4067582192644993
C05253,53,6156685.0,133,5,89,37342106.0,22,Mass,0,Personal Loan Offer,0,0.6544742229610845
C05254,46,31558303.0,70,2,92,8263849.0,23,Affluent,1,Personal Loan Offer,0,0.6453232129603503
C05255,36,6662338.0,38,6,74,21676869.0,26,Mass,0,Personal Loan Offer,0,0.7200182459357766
C05256,36,17258959.0,93,5,48,18326252.0,21,Mass,0,Personal Loan Offer,1,0.23103259520938052
C05257,23,13395709.0,81,3,58,63840616.0,24,Mass,1,Personal Loan Offer,0,0.5891434905634466
C05258,33,16699060.0,63,3,69,25479197.0,22,Mass,1,Personal Loan Offer,0,0.6232519448868371
C05259,51,30682072.0,159,1,83,10986095.0,28,Mass,0,Personal Loan Offer,0,0.5343672118837194
C05260,31,16343137.0,118,2,30,28654915.0,28,Mass,0,Personal Loan Offer,1,0.36738800302261504
C05261,65,8825465.0,89,5,89,170399471.0,37,Mass,1,Personal Loan Offer,1,0.7187871661479226
C05262,24,22047570.0,43,5,82,41923863.0,22,Priority,1,Personal Loan Offer,1,0.6136679152427752
C05263,47,8480776.0,104,6,18,18850987.0,29,Affluent,0,Personal Loan Offer,1,0.4483858783928736
C05264,43,13129526.0,7,1,34,8689534.0,33,Mass,0,Personal Loan Offer,1,0.3856542155081001
C05265,58,5892679.0,160,2,31,10796703.0,25,Priority,0,Personal Loan Offer,0,0.19886868759253631
C05266,60,6797820.0,3,5,62,39477275.0,23,Mass,0,Personal Loan Offer,1,0.5539439294669448
C05267,45,12343990.0,127,3,28,8247661.0,19,Mass,0,Personal Loan Offer,0,0.3145533906023085
C05268,49,14692752.0,64,2,37,20053848.0,25,Mass,1,Personal Loan Offer,0,0.39246471454656523
C05269,52,4704840.0,131,2,27,84213159.0,35,Affluent,1,Personal Loan Offer,0,0.21862311501294956
C05270,44,15774815.0,67,6,16,23245805.0,22,Affluent,0,Personal Loan Offer,1,0.35420439289853156
C05271,29,7646291.0,7,6,51,6797810.0,26,Priority,1,Personal Loan Offer,0,0.4323682598657169
C05272,40,24257723.0,171,1,39,176545764.0,39,Mass,0,Personal Loan Offer,0,0.230328314391856
C05273,31,9888043.0,139,6,55,116533708.0,22,Priority,1,Personal Loan Offer,0,0.7300723321614406
C05274,41,6468307.0,10,4,29,33013245.0,23,Affluent,0,Personal Loan Offer,0,0.32670862409277135
C05275,48,12510886.0,8,6,36,71628116.0,26,Affluent,0,Personal Loan Offer,0,0.44433420911778415
C05276,30,7249825.0,97,4,91,15313773.0,20,Priority,1,Personal Loan Offer,1,0.7731334159070117
C05277,32,24114817.0,173,5,83,41272101.0,26,Mass,1,Personal Loan Offer,0,0.5885026484019474
C05278,58,12003500.0,105,4,34,13094502.0,25,Affluent,1,Personal Loan Offer,1,0.5480239810055468
C05279,37,11039553.0,4,5,24,5156805.0,22,Mass,1,Personal Loan Offer,0,0.24944501007200268
C05280,29,16616517.0,127,5,98,267108484.0,26,Affluent,0,Personal Loan Offer,1,0.7190317535701604
C05281,53,6904584.0,79,4,71,4899799.0,20,Mass,1,Personal Loan Offer,1,0.3680545000420159
C05282,53,5905429.0,116,1,54,26931333.0,24,Mass,0,Personal Loan Offer,0,0.38249995653659014
C05283,58,15021763.0,65,1,73,26618566.0,27,Mass,1,Personal Loan Offer,0,0.3921601329170663
C05284,55,6554080.0,4,3,30,33506447.0,22,Mass,1,Personal Loan Offer,0,0.38944781199490236
C05285,65,6552857.0,6,3,48,18284396.0,18,Mass,1,Personal Loan Offer,0,0.37414356636858986
C05286,46,19012991.0,115,6,45,18476182.0,28,Mass,0,Personal Loan Offer,0,0.2830871309753371
C05287,33,16017661.0,116,1,75,22968966.0,20,Priority,0,Personal Loan Offer,1,0.49271238508684717
C05288,59,6021283.0,60,6,26,32317237.0,21,Mass,1,Personal Loan Offer,0,0.22998908170751284
C05289,32,8536762.0,17,1,54,19963706.0,21,Priority,0,Personal Loan Offer,0,0.46920413469664163
C05290,34,7299854.0,140,3,85,18678463.0,24,Mass,0,Personal Loan Offer,1,0.5741980007953176
C05291,58,31876921.0,29,3,27,5336779.0,20,Mass,0,Personal Loan Offer,0,0.43334418834501337
C05292,60,19751163.0,36,4,20,149817029.0,27,Priority,0,Personal Loan Offer,1,0.47038973988122323
C05293,36,9520449.0,83,1,84,34172848.0,22,Affluent,1,Personal Loan Offer,0,0.30152406567699713
C05294,53,16474500.0,130,5,89,24646602.0,21,Mass,1,Personal Loan Offer,1,0.6405304020530755
C05295,62,5691673.0,180,1,49,10710933.0,25,Affluent,1,Personal Loan Offer,0,0.40408135664072636
C05296,56,8289182.0,114,5,14,7331045.0,30,Mass,0,Personal Loan Offer,0,0.3131993487908553
C05297,21,12712445.0,173,4,59,47262573.0,31,Mass,0,Personal Loan Offer,0,0.49270776944635
C05298,50,15388701.0,119,6,37,17045221.0,21,Affluent,0,Personal Loan Offer,0,0.29401607426934373
C05299,28,11373705.0,153,6,63,37218162.0,36,Affluent,0,Personal Loan Offer,0,0.6413197626104978
C05300,59,13753785.0,34,6,22,5173669.0,31,Affluent,0,Personal Loan Offer,1,0.45971463863465645
C05301,24,12528320.0,13,3,83,93933503.0,30,Mass,0,Personal Loan Offer,0,0.3925789575283927
C05302,65,10967530.0,122,3,72,49259868.0,27,Mass,1,Personal Loan Offer,0,0.5463861458506085
C05303,28,10196317.0,176,4,68,18442718.0,29,Mass,0,Personal Loan Offer,0,0.4363032004184826
C05304,39,9492110.0,134,4,56,31923988.0,26,Mass,0,Personal Loan Offer,0,0.47631678932367005
C05305,31,13632713.0,64,5,30,41960833.0,26,Mass,1,Personal Loan Offer,0,0.46340996079287766
C05306,57,15042134.0,90,3,95,5252750.0,20,Affluent,0,Personal Loan Offer,0,0.6524063665752082
C05307,38,13383254.0,22,3,34,107078174.0,18,Affluent,0,Personal Loan Offer,0,0.2564652145258583
C05308,54,6275658.0,63,1,43,32427060.0,29,Priority,0,Personal Loan Offer,0,0.3530727121331115
C05309,24,6927482.0,124,2,94,9891047.0,26,Affluent,0,Personal Loan Offer,0,0.7891421453594409
C05310,41,14943727.0,32,5,13,6680151.0,27,Mass,1,Personal Loan Offer,0,0.511024281496125
C05311,61,26959263.0,88,6,21,53668703.0,28,Mass,0,Personal Loan Offer,0,0.5567723661996021
C05312,62,13049309.0,54,4,79,24702179.0,25,Priority,1,Personal Loan Offer,1,0.6804816570495126
C05313,30,9568620.0,90,3,43,32405663.0,25,Mass,0,Personal Loan Offer,0,0.2582587182512266
C05314,38,13575869.0,138,1,62,20540465.0,16,Mass,0,Personal Loan Offer,1,0.33364474898072327
C05315,39,6421520.0,160,1,62,7337430.0,27,Mass,0,Personal Loan Offer,0,0.3033157940980281
C05316,46,24651195.0,75,5,85,33259820.0,21,Mass,1,Personal Loan Offer,1,0.6168977856870488
C05317,45,13296933.0,150,4,66,16415026.0,26,Priority,0,Personal Loan Offer,0,0.42655911134639213
C05318,25,8303733.0,128,2,48,19570849.0,22,Mass,0,Personal Loan Offer,0,0.44781762774029293
C05319,55,10948135.0,167,2,59,215451318.0,15,Mass,0,Personal Loan Offer,0,0.15278078455048244
C05320,31,8980331.0,134,1,77,47693800.0,18,Affluent,1,Personal Loan Offer,1,0.567888900969172
C05321,35,24688194.0,101,5,44,50526461.0,16,Affluent,1,Personal Loan Offer,0,0.637110909506782
C05322,58,10736773.0,123,4,25,303765311.0,24,Mass,1,Personal Loan Offer,0,0.6753862886294069
C05323,52,13070500.0,59,2,54,29379764.0,24,Affluent,0,Personal Loan Offer,0,0.40260874192433915
C05324,38,16452151.0,122,5,100,22543343.0,28,Priority,1,Personal Loan Offer,0,0.7082130230036149
C05325,62,7984363.0,129,6,20,10140374.0,29,Priority,1,Personal Loan Offer,0,0.5130250068129244
C05326,38,13349072.0,111,4,25,12720062.0,20,Mass,1,Personal Loan Offer,0,0.39808425449012036
C05327,46,13955116.0,21,2,100,2582166.0,31,Mass,1,Personal Loan Offer,1,0.543060588994868
C05328,32,5104708.0,95,1,85,44086588.0,28,Priority,0,Personal Loan Offer,1,0.40453832207334717
C05329,29,13789256.0,129,5,20,5633953.0,25,Priority,1,Personal Loan Offer,0,0.5386248196217394
C05330,43,11701740.0,38,4,29,49326835.0,26,Mass,0,Personal Loan Offer,0,0.36065703072102684
C05331,46,12889179.0,143,3,72,19157729.0,26,Mass,1,Personal Loan Offer,1,0.35567631127030536
C05332,57,12237475.0,153,1,81,22732395.0,33,Mass,1,Personal Loan Offer,1,0.265785647372847
C05333,38,13838438.0,98,5,76,19170341.0,20,Affluent,1,Personal Loan Offer,0,0.8471955875758103
C05334,61,25039271.0,174,6,88,79982407.0,28,Mass,1,Personal Loan Offer,0,0.7742518420651063
C05335,48,6272516.0,155,3,56,67032303.0,22,Mass,1,Personal Loan Offer,0,0.4703575527062906
C05336,24,9941549.0,86,2,89,19430439.0,26,Affluent,0,Personal Loan Offer,0,0.5417271778380608
C05337,54,17314545.0,160,4,64,8139495.0,26,Mass,0,Personal Loan Offer,0,0.5812955099888014
C05338,46,15633497.0,169,6,53,50381366.0,22,Priority,0,Personal Loan Offer,0,0.5081999689663508
C05339,38,15449547.0,22,4,67,7547054.0,19,Mass,1,Personal Loan Offer,0,0.5122190269070942
C05340,42,54563989.0,180,1,49,4224374.0,31,Mass,1,Personal Loan Offer,0,0.4782805508134174
C05341,34,16821893.0,3,2,65,32920058.0,29,Priority,0,Personal Loan Offer,0,0.4206080553362521
C05342,48,22352148.0,89,1,85,67641534.0,23,Mass,0,Personal Loan Offer,0,0.4715010653411665
C05343,46,10135225.0,169,3,97,13338400.0,24,Mass,0,Personal Loan Offer,0,0.5060610706908281
C05344,41,6950439.0,131,3,62,29971591.0,27,Mass,0,Personal Loan Offer,0,0.3372449047682045
C05345,33,10094917.0,50,4,10,13197910.0,27,Mass,0,Personal Loan Offer,0,0.23678117848013097
C05346,38,17751761.0,117,5,66,41170650.0,28,Mass,0,Personal Loan Offer,0,0.3453930132152369
C05347,43,15009179.0,41,1,32,59785428.0,24,Priority,1,Personal Loan Offer,1,0.510578439507025
C05348,42,14979684.0,45,6,31,15376910.0,27,Priority,1,Personal Loan Offer,1,0.7331681883161647
C05349,34,10665532.0,165,2,90,7157274.0,17,Mass,1,Personal Loan Offer,1,0.36755148932355153
C05350,47,9769988.0,11,4,50,4658538.0,29,Mass,0,Personal Loan Offer,0,0.5642499561572007
C05351,31,10869766.0,174,2,81,50472100.0,22,Mass,1,Personal Loan Offer,0,0.46278299486264807
C05352,43,17874375.0,83,3,43,6418380.0,25,Priority,1,Personal Loan Offer,0,0.49129317372156156
C05353,26,19054566.0,14,5,65,29013363.0,29,Mass,0,Personal Loan Offer,0,0.39272305964580395
C05354,42,6899671.0,143,1,70,43516464.0,30,Mass,0,Personal Loan Offer,0,0.32807455027217997
C05355,56,18250547.0,11,3,91,12114831.0,19,Mass,1,Personal Loan Offer,0,0.6138003429274413
C05356,57,8389744.0,60,4,27,16937353.0,28,Priority,0,Personal Loan Offer,0,0.33453389819351764
C05357,52,15530620.0,45,4,61,54313658.0,27,Mass,0,Personal Loan Offer,1,0.40020878044675057
C05358,54,10797617.0,142,3,46,8913246.0,29,Mass,1,Personal Loan Offer,0,0.32202902358434776
C05359,23,28391516.0,73,3,52,8052807.0,30,Mass,0,Personal Loan Offer,0,0.13173613897774528
C05360,36,9534965.0,119,6,87,15821046.0,38,Mass,1,Personal Loan Offer,0,0.6903585960321657
C05361,50,13238684.0,15,2,22,71782803.0,12,Mass,1,Personal Loan Offer,0,0.3247456171671108
C05362,57,16752255.0,126,3,59,100129402.0,34,Mass,0,Personal Loan Offer,0,0.5200987799572705
C05363,47,7420373.0,129,3,45,18118785.0,24,Mass,0,Personal Loan Offer,0,0.47346710271485126
C05364,59,11528650.0,53,5,91,9812044.0,21,Mass,1,Personal Loan Offer,1,0.5518528533236219
C05365,33,10363448.0,159,5,29,57965435.0,18,Mass,0,Personal Loan Offer,1,0.601357368470717
C05366,27,9045878.0,86,6,31,3767594.0,25,Affluent,0,Personal Loan Offer,0,0.37743419987467935
C05367,24,9422109.0,121,1,18,25619227.0,18,Affluent,0,Personal Loan Offer,0,0.23737692262865967
C05368,47,22120719.0,35,1,50,19140733.0,21,Mass,0,Personal Loan Offer,0,0.30769088249321136
C05369,50,8633964.0,169,3,10,72934379.0,25,Mass,0,Personal Loan Offer,0,0.2813844831984642
C05370,33,16386060.0,46,3,55,80700988.0,29,Mass,0,Personal Loan Offer,0,0.4149540575728124
C05371,56,14266782.0,114,1,30,7792827.0,29,Mass,0,Personal Loan Offer,1,0.2609084366948692
C05372,54,5565393.0,18,6,46,23651116.0,31,Affluent,1,Personal Loan Offer,1,0.4580574101729698
C05373,37,15965814.0,10,6,65,11303675.0,25,Mass,0,Personal Loan Offer,0,0.5143752434706204
C05374,31,5515015.0,25,3,72,14915559.0,24,Affluent,0,Personal Loan Offer,0,0.2553016318283794
C05375,54,16951514.0,170,5,15,37081569.0,19,Affluent,1,Personal Loan Offer,0,0.50250211782373
C05376,51,9078884.0,40,4,23,14308277.0,21,Priority,0,Personal Loan Offer,0,0.3055159242417098
C05377,28,12055351.0,159,4,38,24280116.0,32,Affluent,0,Personal Loan Offer,0,0.3994367907949482
C05378,32,5888803.0,106,6,57,52091638.0,24,Mass,0,Personal Loan Offer,0,0.3857220077034722
C05379,42,12835528.0,18,1,90,91003139.0,22,Mass,0,Personal Loan Offer,0,0.5490343990695743
C05380,44,19979952.0,81,2,22,26693295.0,21,Mass,1,Personal Loan Offer,0,0.22971845863459084
C05381,28,7698886.0,88,3,16,22499603.0,22,Mass,0,Personal Loan Offer,1,0.09595694012279672
C05382,63,8593145.0,50,6,67,6609064.0,29,Mass,1,Personal Loan Offer,0,0.595425960703015
C05383,38,15408945.0,110,4,99,97663776.0,28,Priority,1,Personal Loan Offer,0,0.6599753622371682
C05384,38,15622259.0,156,3,85,32832975.0,16,Mass,1,Personal Loan Offer,0,0.5145788831055599
C05385,23,3145925.0,160,1,61,22918797.0,26,Affluent,1,Personal Loan Offer,0,0.4981176490009919
C05386,60,36356760.0,96,4,11,21775413.0,23,Mass,0,Personal Loan Offer,0,0.2518258890936723
C05387,31,16048431.0,162,2,62,28685327.0,32,Mass,1,Personal Loan Offer,0,0.42042190658147416
C05388,65,17605510.0,167,2,51,43272735.0,26,Mass,0,Personal Loan Offer,0,0.2967924026018001
C05389,43,11089064.0,18,6,50,48973670.0,25,Mass,1,Personal Loan Offer,1,0.6272603938725816
C05390,60,4325217.0,116,4,54,100136491.0,29,Mass,0,Personal Loan Offer,0,0.45599018299902655
C05391,29,17391886.0,140,1,61,25493430.0,32,Priority,1,Personal Loan Offer,0,0.49902555677235205
C05392,28,8793855.0,5,1,75,115576598.0,20,Affluent,1,Personal Loan Offer,0,0.32499533864854346
C05393,57,16184744.0,110,3,27,57596140.0,30,Mass,0,Personal Loan Offer,0,0.42951047423572525
C05394,57,10639421.0,165,1,16,18832816.0,27,Mass,0,Personal Loan Offer,0,0.3077130500808895
C05395,45,13678542.0,50,3,14,3774842.0,27,Priority,0,Personal Loan Offer,0,0.2922394362694505
C05396,22,7835453.0,155,3,46,21786588.0,23,Mass,0,Personal Loan Offer,0,0.38097188470301435
C05397,63,19304159.0,169,6,56,95031658.0,24,Mass,1,Personal Loan Offer,0,0.6325514665016593
C05398,38,6241985.0,116,3,81,9211651.0,25,Affluent,1,Personal Loan Offer,1,0.7862017486312138
C05399,63,41263149.0,115,2,49,21719162.0,14,Mass,1,Personal Loan Offer,0,0.46437785642200724
C05400,60,41090559.0,98,4,58,23593027.0,29,Mass,1,Personal Loan Offer,0,0.5538195682656312
C05401,59,29455817.0,75,4,98,51308625.0,29,Affluent,0,Personal Loan Offer,1,0.7045001359349028
C05402,51,24201633.0,83,1,78,13570804.0,23,Mass,1,Personal Loan Offer,1,0.43992576009655404
C05403,51,11454756.0,95,1,72,8384196.0,16,Mass,0,Personal Loan Offer,0,0.4716932976661614
C05404,44,22794228.0,88,2,43,35365417.0,33,Mass,0,Personal Loan Offer,0,0.28360325815645
C05405,22,11381732.0,150,5,23,9510013.0,21,Affluent,0,Personal Loan Offer,1,0.5298350134492934
C05406,38,5106284.0,139,2,93,3190657.0,25,Mass,0,Personal Loan Offer,1,0.30757579932144524
C05407,53,27430826.0,64,6,60,125977611.0,34,Mass,1,Personal Loan Offer,0,0.7000882679924988
C05408,57,22326183.0,94,3,17,50539891.0,19,Mass,0,Personal Loan Offer,0,0.41163825031713636
C05409,46,11794934.0,41,6,53,131514888.0,22,Mass,1,Personal Loan Offer,0,0.6304133192502062
C05410,52,6116899.0,34,2,18,47930164.0,33,Priority,1,Personal Loan Offer,0,0.3871598395359872
C05411,21,8692810.0,68,3,99,39491963.0,29,Mass,1,Personal Loan Offer,0,0.6234698872373375
C05412,42,4407363.0,13,1,58,28941250.0,31,Mass,0,Personal Loan Offer,0,0.2987692623367593
C05413,43,20180184.0,155,6,81,16605002.0,31,Affluent,1,Personal Loan Offer,1,0.5750852883874722
C05414,61,4968345.0,25,4,52,33376059.0,23,Mass,0,Personal Loan Offer,0,0.44485448552662493
C05415,34,14050579.0,61,1,11,11501757.0,21,Mass,1,Personal Loan Offer,0,0.21356811766121273
C05416,31,7544926.0,47,5,68,6865460.0,24,Affluent,1,Personal Loan Offer,0,0.6825597786853415
C05417,36,5475150.0,39,6,69,14346506.0,27,Affluent,0,Personal Loan Offer,1,0.5996420782839619
C05418,28,13680917.0,68,5,30,72764236.0,17,Mass,0,Personal Loan Offer,0,0.4122028901570023
C05419,46,9987327.0,131,5,75,5831799.0,31,Mass,0,Personal Loan Offer,1,0.5967178414728671
C05420,49,19027982.0,161,2,30,5925207.0,35,Mass,1,Personal Loan Offer,0,0.3893286753975242
C05421,57,5975834.0,36,3,72,36127034.0,28,Affluent,0,Personal Loan Offer,1,0.6404971337247817
C05422,64,7912024.0,45,6,78,13205766.0,32,Affluent,0,Personal Loan Offer,1,0.5500720851656984
C05423,24,3227486.0,86,4,22,32499585.0,20,Mass,1,Personal Loan Offer,0,0.37961830618033227
C05424,32,3609308.0,59,4,36,53817016.0,24,Affluent,1,Personal Loan Offer,0,0.39614889558557886
C05425,34,32262723.0,145,5,24,31730068.0,27,Mass,1,Personal Loan Offer,0,0.5157490293609586
C05426,32,37746233.0,42,4,76,10627943.0,28,Mass,1,Personal Loan Offer,0,0.7623770687106379
C05427,58,12627867.0,74,1,31,72144141.0,12,Affluent,0,Personal Loan Offer,0,0.13219086611963113
C05428,27,7627810.0,100,2,68,42007785.0,24,Mass,1,Personal Loan Offer,0,0.5618235869689098
C05429,22,10183408.0,70,5,47,20543819.0,17,Mass,1,Personal Loan Offer,1,0.4188488510202641
C05430,59,19401928.0,112,2,17,19572969.0,30,Mass,0,Personal Loan Offer,0,0.20064136278108313
C05431,64,9043015.0,145,4,90,29070526.0,15,Mass,1,Personal Loan Offer,0,0.4964802200938441
C05432,31,13675491.0,97,3,74,14639869.0,19,Affluent,0,Personal Loan Offer,0,0.40578198095276397
C05433,35,11916105.0,84,4,33,3913874.0,32,Affluent,1,Personal Loan Offer,0,0.4990660571612951
C05434,43,8776342.0,172,2,90,42346680.0,28,Mass,0,Personal Loan Offer,0,0.3775461017207766
C05435,44,8984498.0,177,2,74,39903949.0,21,Affluent,0,Personal Loan Offer,0,0.6385070855112013
C05436,65,14100823.0,180,5,84,2003041.0,20,Mass,1,Personal Loan Offer,1,0.6652927442609566
C05437,39,7011966.0,5,2,26,33328351.0,15,Affluent,1,Personal Loan Offer,0,0.3279915252935758
C05438,21,15384458.0,152,2,10,115840682.0,28,Mass,0,Personal Loan Offer,0,0.11352766694571734
C05439,40,9258465.0,162,6,15,6475941.0,22,Mass,1,Personal Loan Offer,0,0.2238539636091644
C05440,46,12870768.0,146,1,59,18586602.0,18,Priority,0,Personal Loan Offer,0,0.4415438863571859
C05441,44,25689595.0,136,4,81,16672322.0,18,Mass,0,Personal Loan Offer,0,0.5669560030625472
C05442,44,10939729.0,68,1,93,105229556.0,18,Mass,1,Personal Loan Offer,0,0.5950513938060479
C05443,62,19901578.0,132,5,97,61355163.0,28,Mass,0,Personal Loan Offer,0,0.3244855233734308
C05444,57,4478502.0,106,1,64,8308808.0,23,Mass,0,Personal Loan Offer,0,0.26417793304712767
C05445,32,9264658.0,151,4,67,28158543.0,30,Affluent,0,Personal Loan Offer,0,0.6558964915926708
C05446,36,12184143.0,65,3,36,200017409.0,24,Mass,1,Personal Loan Offer,0,0.34065298414107376
C05447,51,34561437.0,135,5,10,10708356.0,24,Mass,0,Personal Loan Offer,0,0.32799129178882674
C05448,39,4083412.0,142,1,27,19778164.0,29,Mass,0,Personal Loan Offer,0,0.12430095346111551
C05449,40,11381523.0,151,4,15,33422843.0,33,Mass,0,Personal Loan Offer,1,0.44643651421158154
C05450,28,26737993.0,33,4,72,10866425.0,23,Mass,0,Personal Loan Offer,0,0.4880402009802668
C05451,32,7792373.0,156,2,55,116621699.0,17,Affluent,1,Personal Loan Offer,1,0.5625004491429801
C05452,54,10674367.0,41,2,80,12466736.0,20,Mass,0,Personal Loan Offer,0,0.6299938600779038
C05453,58,14401942.0,169,5,23,4986315.0,17,Mass,1,Personal Loan Offer,0,0.5167129871911559
C05454,56,13281689.0,9,4,93,11831320.0,25,Priority,1,Personal Loan Offer,0,0.6907909770753093
C05455,34,28391233.0,42,4,75,38426693.0,31,Mass,1,Personal Loan Offer,1,0.5265226815745117
C05456,27,15356936.0,111,6,92,9003003.0,25,Mass,1,Personal Loan Offer,0,0.5977837382035484
C05457,28,24907818.0,99,3,69,27056619.0,26,Priority,1,Personal Loan Offer,1,0.8108305316591108
C05458,38,9844393.0,125,6,40,35102864.0,30,Mass,0,Personal Loan Offer,0,0.4461535156806518
C05459,44,7985422.0,74,6,66,5970306.0,23,Mass,1,Personal Loan Offer,0,0.6685821409567089
C05460,61,10598992.0,3,4,64,11381965.0,17,Mass,0,Personal Loan Offer,0,0.5186492947815687
C05461,61,6343305.0,112,2,26,28352158.0,25,Mass,1,Personal Loan Offer,0,0.2289713937494634
C05462,21,15655747.0,93,3,19,40372321.0,27,Affluent,0,Personal Loan Offer,0,0.3304130426205763
C05463,52,9705315.0,93,1,69,11669146.0,28,Mass,1,Personal Loan Offer,0,0.5318730488213848
C05464,34,8293091.0,70,5,18,23277904.0,24,Affluent,0,Personal Loan Offer,0,0.39965539862504945
C05465,29,15786715.0,161,2,19,15056293.0,26,Mass,1,Personal Loan Offer,1,0.22602112673757313
C05466,45,6397216.0,144,6,16,41412487.0,26,Mass,0,Personal Loan Offer,0,0.2806179825248054
C05467,22,18332636.0,35,4,66,33620831.0,30,Mass,0,Personal Loan Offer,1,0.559783696672299
C05468,36,9224113.0,9,3,94,13766654.0,28,Affluent,1,Personal Loan Offer,1,0.5483109642762232
C05469,45,22701016.0,35,2,55,32271230.0,27,Mass,1,Personal Loan Offer,0,0.4848547136344031
C05470,33,9668769.0,11,1,23,13238562.0,31,Mass,0,Personal Loan Offer,0,0.5356929059369379
C05471,47,16987146.0,129,5,56,31598013.0,26,Mass,1,Personal Loan Offer,0,0.5718323169564437
C05472,41,13245607.0,113,5,53,32041336.0,16,Mass,1,Personal Loan Offer,0,0.6819692530814433
C05473,56,18066379.0,85,2,63,214171865.0,27,Mass,0,Personal Loan Offer,1,0.3806325901501585
C05474,29,12748039.0,108,1,49,14288715.0,34,Priority,1,Personal Loan Offer,1,0.5299205892925705
C05475,23,4806831.0,146,2,58,17365123.0,28,Mass,1,Personal Loan Offer,0,0.5237640262519909
C05476,44,20899873.0,150,5,39,10469860.0,31,Mass,0,Personal Loan Offer,0,0.63021352889854
C05477,32,11435025.0,80,4,92,7120006.0,22,Mass,1,Personal Loan Offer,1,0.7189512132722943
C05478,52,18525358.0,108,1,58,12670441.0,37,Mass,1,Personal Loan Offer,0,0.3912642718060428
C05479,25,17541021.0,105,1,38,38893727.0,23,Affluent,0,Personal Loan Offer,1,0.45994978291501626
C05480,46,7842782.0,171,1,10,41812436.0,15,Priority,0,Personal Loan Offer,0,0.1821206800732815
C05481,65,7255568.0,138,5,71,26880796.0,22,Mass,1,Personal Loan Offer,1,0.7121442987773124
C05482,25,17207614.0,58,5,44,14879247.0,13,Affluent,0,Personal Loan Offer,0,0.37820040250520665
C05483,34,10156559.0,160,3,32,12211245.0,26,Affluent,1,Personal Loan Offer,1,0.5356737527518649
C05484,58,20084387.0,73,5,53,7995683.0,18,Mass,1,Personal Loan Offer,0,0.6127732027988557
C05485,45,10879672.0,137,1,54,11459793.0,28,Mass,0,Personal Loan Offer,0,0.460946799192245
C05486,28,21068563.0,177,4,83,5477256.0,30,Affluent,1,Personal Loan Offer,1,0.8348700364072613
C05487,30,15145813.0,146,2,59,77757156.0,29,Priority,1,Personal Loan Offer,1,0.6569952203348957
C05488,55,14059424.0,22,5,73,125572560.0,22,Affluent,0,Personal Loan Offer,0,0.471140865465816
C05489,59,9768867.0,39,3,68,2885994.0,30,Mass,0,Personal Loan Offer,0,0.5311474387609372
C05490,37,13636388.0,144,6,87,26708875.0,30,Mass,0,Personal Loan Offer,1,0.42262583533917725
C05491,42,23126419.0,24,4,10,26269911.0,27,Affluent,0,Personal Loan Offer,1,0.36972313201990653
C05492,56,11647460.0,5,3,44,24644187.0,28,Affluent,0,Personal Loan Offer,0,0.3845556965977958
C05493,28,16071582.0,48,6,75,11056162.0,22,Priority,0,Personal Loan Offer,0,0.764539523988968
C05494,30,12309911.0,89,6,22,55603505.0,29,Affluent,0,Personal Loan Offer,0,0.375957429121674
C05495,55,12851222.0,25,3,50,30150743.0,28,Mass,0,Personal Loan Offer,0,0.311922932446354
C05496,29,30962679.0,30,3,46,56252699.0,21,Mass,0,Personal Loan Offer,1,0.4951943749599195
C05497,55,23239610.0,63,4,83,9566049.0,26,Mass,1,Personal Loan Offer,1,0.7166424129696172
C05498,43,12535677.0,109,2,97,5015582.0,28,Mass,0,Personal Loan Offer,0,0.5337620292800661
C05499,65,13502251.0,99,3,19,30896342.0,31,Affluent,1,Personal Loan Offer,0,0.6409197766857893
C05500,22,8157012.0,145,6,29,7635348.0,28,Affluent,0,Personal Loan Offer,0,0.43465619584840054
C05501,63,10911009.0,177,6,80,57416509.0,26,Affluent,1,Personal Loan Offer,0,0.7456367109209748
C05502,31,14226059.0,8,3,25,2384790.0,28,Mass,0,Personal Loan Offer,0,0.35262630485324437
C05503,22,19158455.0,125,3,55,12518310.0,34,Mass,1,Personal Loan Offer,1,0.40535306049054526
C05504,53,18119309.0,32,6,95,10802855.0,29,Mass,0,Personal Loan Offer,1,0.8084316073093996
C05505,44,6519607.0,67,2,98,14344343.0,23,Affluent,0,Personal Loan Offer,0,0.461323268499794
C05506,58,20537391.0,63,1,96,25967126.0,20,Affluent,1,Personal Loan Offer,1,0.31580896128776426
C05507,25,11428167.0,127,1,22,29724393.0,26,Mass,0,Personal Loan Offer,0,0.2294935343186746
C05508,24,6973111.0,48,1,23,37919666.0,15,Mass,0,Personal Loan Offer,0,0.19851037988819153
C05509,46,25026074.0,162,6,26,42551650.0,27,Affluent,1,Personal Loan Offer,1,0.6504523789744278
C05510,60,26835083.0,71,1,80,16847574.0,16,Mass,1,Personal Loan Offer,0,0.30795600767758285
C05511,39,13873319.0,148,2,26,164751229.0,26,Mass,0,Personal Loan Offer,0,0.3715925098519696
C05512,56,17720872.0,172,4,49,80063703.0,22,Affluent,0,Personal Loan Offer,0,0.5602146780352916
C05513,61,18301879.0,93,4,84,14639803.0,17,Mass,0,Personal Loan Offer,1,0.5963303574410885
C05514,60,25856999.0,21,5,54,17441607.0,24,Mass,1,Personal Loan Offer,1,0.6456610013189824
C05515,43,17909734.0,127,6,95,14334719.0,27,Affluent,0,Personal Loan Offer,1,0.7314697396551967
C05516,52,5781586.0,78,3,55,28761304.0,17,Mass,0,Personal Loan Offer,0,0.38517398344153375
C05517,44,36244981.0,63,2,44,7566983.0,26,Mass,1,Personal Loan Offer,1,0.4588159782185063
C05518,51,21563842.0,84,1,98,9081095.0,23,Priority,1,Personal Loan Offer,0,0.6165567252993633
C05519,46,9067244.0,56,6,59,2289575.0,19,Mass,0,Personal Loan Offer,0,0.3477896190164829
C05520,44,6811503.0,52,3,26,13424376.0,23,Priority,1,Personal Loan Offer,0,0.34696176448336385
C05521,40,15840248.0,179,6,67,58002810.0,25,Mass,1,Personal Loan Offer,0,0.5542372963809081
C05522,50,10297114.0,52,3,80,17178030.0,31,Mass,1,Personal Loan Offer,1,0.43925732591846717
C05523,54,14388138.0,84,5,86,18166338.0,28,Mass,1,Personal Loan Offer,1,0.5731609064120436
C05524,62,18061460.0,130,4,10,26413927.0,21,Affluent,1,Personal Loan Offer,0,0.3759702515683198
C05525,48,8787793.0,42,5,19,7341145.0,18,Priority,1,Personal Loan Offer,1,0.40349860951141586
C05526,25,6495095.0,112,4,67,20512172.0,31,Mass,1,Personal Loan Offer,0,0.5930020441476656
C05527,47,14836744.0,162,2,77,48718643.0,16,Priority,0,Personal Loan Offer,1,0.6670061501633493
C05528,35,8949014.0,147,1,69,27174946.0,31,Affluent,0,Personal Loan Offer,0,0.20108211211442262
C05529,22,13004030.0,8,1,44,53191415.0,25,Priority,1,Personal Loan Offer,1,0.2596757647465082
C05530,24,5732072.0,75,3,78,70800367.0,21,Affluent,1,Personal Loan Offer,0,0.26175444047216195
C05531,47,10445864.0,3,6,62,38796190.0,16,Affluent,0,Personal Loan Offer,0,0.5563495719975399
C05532,63,17780995.0,110,4,94,9799832.0,15,Priority,0,Personal Loan Offer,0,0.6545703393576509
C05533,43,16746169.0,60,5,43,14176659.0,25,Affluent,0,Personal Loan Offer,0,0.532255399255396
C05534,41,7778082.0,162,2,78,137995507.0,26,Affluent,0,Personal Loan Offer,0,0.6368672567682176
C05535,24,6311424.0,34,3,23,27382409.0,26,Mass,1,Personal Loan Offer,0,0.28536759486952135
C05536,51,12104493.0,154,3,76,23967263.0,27,Mass,1,Personal Loan Offer,0,0.418576597095301
C05537,23,16337690.0,63,1,76,8463586.0,33,Affluent,0,Personal Loan Offer,0,0.500127962715539
C05538,58,14995542.0,166,4,33,18251935.0,20,Mass,0,Personal Loan Offer,0,0.31097320194998157
C05539,57,9054109.0,38,3,15,40939930.0,30,Mass,0,Personal Loan Offer,0,0.1573369456547116
C05540,65,14135793.0,50,3,100,20299129.0,18,Affluent,0,Personal Loan Offer,0,0.732197771754312
C05541,33,27418067.0,65,4,16,11897806.0,24,Affluent,1,Personal Loan Offer,0,0.45735600579380775
C05542,28,13433294.0,178,1,52,15004439.0,29,Priority,1,Personal Loan Offer,1,0.6262508862027004
C05543,34,4887472.0,133,6,10,65861733.0,28,Mass,0,Personal Loan Offer,0,0.2267785126063138
C05544,56,13418936.0,148,2,47,38998106.0,20,Mass,0,Personal Loan Offer,1,0.19057813183222438
C05545,30,36932170.0,101,5,84,34116205.0,22,Mass,1,Personal Loan Offer,1,0.5478310002019867
C05546,60,5911158.0,144,5,55,31081551.0,21,Priority,1,Personal Loan Offer,1,0.6215980347900614
C05547,27,12197795.0,114,1,31,6126982.0,25,Mass,0,Personal Loan Offer,0,0.3535122749685274
C05548,23,10595423.0,121,2,45,26260906.0,19,Priority,0,Personal Loan Offer,0,0.4690196072226936
C05549,30,12649811.0,152,3,18,58191526.0,23,Mass,1,Personal Loan Offer,0,0.30575927936344494
C05550,54,13353057.0,178,5,64,15406827.0,28,Mass,1,Personal Loan Offer,0,0.6307348907736063
C05551,48,22463488.0,105,4,10,53152245.0,23,Affluent,1,Personal Loan Offer,0,0.3244674657501912
C05552,36,12572821.0,81,3,41,34499989.0,26,Mass,1,Personal Loan Offer,1,0.49578691490339016
C05553,50,24225345.0,119,6,15,45759761.0,23,Mass,0,Personal Loan Offer,0,0.6532591223348815
C05554,50,11248064.0,134,3,31,21045121.0,18,Mass,0,Personal Loan Offer,0,0.21107496659934874
C05555,45,9897987.0,178,6,16,48536585.0,31,Mass,0,Personal Loan Offer,0,0.3597221231210248
C05556,44,8304986.0,127,5,94,4623032.0,30,Affluent,1,Personal Loan Offer,1,0.5134723885091977
C05557,25,4417212.0,172,2,80,20674023.0,22,Mass,1,Personal Loan Offer,1,0.3241034034668294
C05558,32,13965450.0,133,3,94,40802654.0,24,Mass,0,Personal Loan Offer,0,0.6112523175960544
C05559,44,37136741.0,172,1,72,26897458.0,27,Mass,0,Personal Loan Offer,0,0.28354182447181503
C05560,27,15439608.0,136,2,55,59820950.0,29,Mass,1,Personal Loan Offer,0,0.311379290697735
C05561,42,17507296.0,160,1,25,17092392.0,19,Affluent,0,Personal Loan Offer,0,0.41928365737448586
C05562,26,9561450.0,36,1,97,11568397.0,27,Affluent,1,Personal Loan Offer,1,0.575144705068907
C05563,56,10491058.0,179,1,93,3883191.0,19,Priority,1,Personal Loan Offer,0,0.6604695350343271
C05564,25,20624083.0,65,5,47,15222366.0,22,Mass,1,Personal Loan Offer,0,0.31982280508704736
C05565,25,36222778.0,144,3,30,33535589.0,22,Mass,0,Personal Loan Offer,0,0.3952531119381231
C05566,49,27201660.0,72,3,45,42808676.0,16,Mass,0,Personal Loan Offer,0,0.6367551357270815
C05567,30,18686310.0,84,5,45,4935958.0,27,Affluent,0,Personal Loan Offer,0,0.4461420095989214
C05568,36,12234251.0,136,5,93,64783918.0,25,Mass,1,Personal Loan Offer,1,0.5759348112216841
C05569,35,13467132.0,99,4,16,7548218.0,25,Mass,0,Personal Loan Offer,0,0.3773641386601815
C05570,30,7928609.0,130,3,67,17718054.0,26,Mass,1,Personal Loan Offer,0,0.3371934776901257
C05571,55,5410895.0,17,4,79,11323904.0,22,Priority,1,Personal Loan Offer,0,0.7005147789383575
C05572,52,6457018.0,151,3,79,30355635.0,34,Mass,1,Personal Loan Offer,0,0.2918283460322491
C05573,31,12333223.0,75,3,27,21972837.0,23,Mass,0,Personal Loan Offer,0,0.11856930934519329
C05574,51,10219635.0,143,2,47,39397440.0,24,Affluent,1,Personal Loan Offer,0,0.4396240535710009
C05575,53,5347952.0,53,2,41,126410796.0,33,Affluent,0,Personal Loan Offer,0,0.2915294686856579
C05576,45,11756177.0,109,2,47,29772488.0,20,Mass,0,Personal Loan Offer,0,0.27888384494086027
C05577,47,10072108.0,107,4,17,11235210.0,22,Mass,0,Personal Loan Offer,0,0.40138233102306875
C05578,63,6295530.0,27,5,17,31715366.0,23,Mass,0,Personal Loan Offer,0,0.4025626525728128
C05579,41,9789479.0,87,3,12,139892115.0,17,Mass,1,Personal Loan Offer,0,0.16738443936603295
C05580,38,10058142.0,116,1,97,38554489.0,24,Mass,1,Personal Loan Offer,1,0.5528667600426611
C05581,45,8548503.0,151,4,47,51491970.0,18,Mass,1,Personal Loan Offer,0,0.36535839283415167
C05582,58,19976873.0,160,6,30,4063952.0,23,Affluent,0,Personal Loan Offer,1,0.5574762426925797
C05583,52,4213572.0,71,4,82,29447555.0,18,Mass,0,Personal Loan Offer,0,0.5102448240009472
C05584,24,4025774.0,117,1,54,15297884.0,24,Affluent,0,Personal Loan Offer,0,0.21540387260112276
C05585,41,12021706.0,34,1,43,10131075.0,20,Mass,1,Personal Loan Offer,0,0.22301430382347046
C05586,54,12651510.0,162,4,20,19558597.0,26,Mass,0,Personal Loan Offer,0,0.12690199100459
C05587,31,14987627.0,157,6,45,22295085.0,25,Affluent,0,Personal Loan Offer,0,0.577496341393799
C05588,65,8921564.0,180,1,68,10711740.0,23,Mass,0,Personal Loan Offer,0,0.4180334234655187
C05589,57,7243095.0,89,5,66,24147867.0,28,Mass,0,Personal Loan Offer,0,0.4305611308124956
C05590,59,11951811.0,66,5,45,16814560.0,26,Priority,0,Personal Loan Offer,0,0.5470355577045809
C05591,24,9412501.0,137,1,65,40373400.0,26,Affluent,0,Personal Loan Offer,0,0.31870125997018584
C05592,47,28162630.0,131,2,79,25111028.0,37,Affluent,1,Personal Loan Offer,0,0.7339489413012571
C05593,44,10040046.0,40,1,94,29126710.0,27,Mass,0,Personal Loan Offer,0,0.32733071620973436
C05594,49,11654062.0,99,4,58,53256520.0,24,Affluent,0,Personal Loan Offer,0,0.48482044779916006
C05595,59,46823566.0,117,2,30,34837282.0,19,Mass,0,Personal Loan Offer,0,0.23977742470926966
C05596,36,10781034.0,83,6,21,19878682.0,25,Mass,0,Personal Loan Offer,0,0.4205965775232641
C05597,45,16293935.0,69,1,24,2481361.0,33,Mass,0,Personal Loan Offer,0,0.3753953236123746
C05598,51,17122217.0,45,4,10,33430220.0,28,Affluent,0,Personal Loan Offer,0,0.17030911710849417
C05599,54,17942596.0,76,5,60,8035016.0,27,Mass,1,Personal Loan Offer,0,0.6024183669314324
C05600,55,14071122.0,46,2,29,18347521.0,21,Affluent,1,Personal Loan Offer,0,0.537216274546511
C05601,36,13350036.0,56,2,30,28985023.0,31,Mass,0,Personal Loan Offer,0,0.3205531701485352
C05602,65,12680819.0,35,5,75,75850272.0,29,Mass,1,Personal Loan Offer,0,0.4975146425289371
C05603,21,8741747.0,69,1,39,126223617.0,24,Mass,1,Personal Loan Offer,0,0.294519120250071
C05604,43,14352756.0,115,3,85,7960677.0,28,Affluent,1,Personal Loan Offer,1,0.5251259986237852
C05605,48,36622465.0,70,2,22,5364855.0,25,Mass,0,Personal Loan Offer,1,0.5637628272670483
C05606,23,23354314.0,28,1,41,27700472.0,29,Mass,1,Personal Loan Offer,0,0.43037554765362
C05607,41,14183248.0,145,3,14,25486784.0,25,Affluent,1,Personal Loan Offer,0,0.43742174832332564
C05608,47,19213498.0,79,3,58,6012595.0,19,Mass,1,Personal Loan Offer,1,0.6868629202330203
C05609,48,7439919.0,106,3,21,19670681.0,23,Mass,1,Personal Loan Offer,0,0.4324786312633772
C05610,26,10398119.0,96,5,31,36352872.0,24,Affluent,0,Personal Loan Offer,0,0.4375279426485802
C05611,33,20210940.0,93,1,76,5844965.0,19,Priority,0,Personal Loan Offer,0,0.5392866609541486
C05612,32,27189982.0,81,3,90,7397535.0,24,Mass,1,Personal Loan Offer,0,0.8182935696170496
C05613,49,7853272.0,137,2,59,10502070.0,27,Affluent,0,Personal Loan Offer,1,0.34979218053528804
C05614,35,9197513.0,155,5,97,16175084.0,24,Mass,0,Personal Loan Offer,0,0.6073329852675317
C05615,46,39831710.0,163,4,78,40032987.0,31,Mass,1,Personal Loan Offer,1,0.5063886543232049
C05616,53,12652443.0,81,5,78,14429166.0,28,Mass,1,Personal Loan Offer,0,0.35427260923891146
C05617,56,32712450.0,63,1,100,21137508.0,33,Priority,1,Personal Loan Offer,1,0.584359355625553
C05618,29,13445953.0,17,3,18,189030826.0,29,Mass,0,Personal Loan Offer,0,0.24111306520308157
C05619,61,13739925.0,81,1,31,7686165.0,35,Priority,0,Personal Loan Offer,0,0.3120066643041103
C05620,28,10144043.0,179,2,49,10409708.0,19,Mass,1,Personal Loan Offer,0,0.40714763097150763
C05621,21,20152170.0,49,6,66,39402180.0,21,Mass,1,Personal Loan Offer,0,0.5815990482939388
C05622,23,25322271.0,153,5,100,53719468.0,29,Mass,0,Personal Loan Offer,0,0.7924433736200333
C05623,30,6791389.0,137,1,19,30281384.0,22,Mass,0,Personal Loan Offer,0,0.23062823787656653
C05624,60,9885399.0,120,3,30,122082841.0,31,Mass,0,Personal Loan Offer,0,0.36959098135714175
C05625,30,19849917.0,103,6,37,27472574.0,28,Mass,1,Personal Loan Offer,0,0.4492375654139489
C05626,52,11174729.0,137,2,71,2772165.0,23,Affluent,1,Personal Loan Offer,1,0.7117859360186418
C05627,39,9148086.0,20,5,96,22037112.0,29,Affluent,1,Personal Loan Offer,1,0.6421982369053816
C05628,22,20908480.0,25,2,95,11299389.0,24,Priority,0,Personal Loan Offer,0,0.7486478129331982
C05629,40,22016803.0,37,3,78,79801637.0,18,Mass,1,Personal Loan Offer,0,0.37963934827353074
C05630,22,9370847.0,139,6,80,52476022.0,31,Affluent,1,Personal Loan Offer,0,0.652704659994877
C05631,42,13486757.0,79,5,47,4079774.0,23,Mass,1,Personal Loan Offer,0,0.691746651839759
C05632,46,6173374.0,39,2,65,77173053.0,22,Mass,1,Personal Loan Offer,0,0.4842692837131828
C05633,44,7333055.0,10,1,25,51167269.0,32,Mass,0,Personal Loan Offer,0,0.14370990481408868
C05634,33,12848120.0,90,2,56,14458322.0,26,Priority,0,Personal Loan Offer,0,0.3668534644265647
C05635,55,12209085.0,73,3,36,18491116.0,22,Mass,0,Personal Loan Offer,1,0.5325086999869126
C05636,47,7050685.0,34,1,94,80472001.0,26,Mass,0,Personal Loan Offer,0,0.4923025654256575
C05637,32,8093983.0,7,6,43,2784923.0,33,Mass,0,Personal Loan Offer,0,0.443002073028624
C05638,40,6680095.0,137,1,45,31222228.0,32,Mass,1,Personal Loan Offer,0,0.23143002254764075
C05639,25,15412665.0,141,4,46,59688651.0,21,Mass,0,Personal Loan Offer,0,0.3865043308917873
C05640,62,4066185.0,46,6,92,18302163.0,29,Affluent,0,Personal Loan Offer,1,0.8218907286204228
C05641,54,6879453.0,90,3,94,38230823.0,25,Mass,0,Personal Loan Offer,0,0.45684509696478276
C05642,33,4307203.0,48,4,49,22173254.0,33,Mass,0,Personal Loan Offer,0,0.3474290333522423
C05643,51,15110169.0,75,1,100,9131162.0,19,Mass,0,Personal Loan Offer,0,0.5723160799532442
C05644,51,4452222.0,22,5,78,8905796.0,28,Mass,0,Personal Loan Offer,1,0.4220391856239484
C05645,48,12211251.0,171,6,87,40758383.0,18,Mass,1,Personal Loan Offer,0,0.5161773785459127
C05646,23,29566586.0,131,5,93,10591222.0,25,Mass,0,Personal Loan Offer,1,0.6709484598385769
C05647,60,30123191.0,163,1,40,4354245.0,27,Mass,1,Personal Loan Offer,0,0.3423316976329849
C05648,64,4444456.0,55,3,60,22604092.0,30,Mass,1,Personal Loan Offer,0,0.3227992817509104
C05649,64,14140343.0,158,5,35,11972961.0,27,Mass,1,Personal Loan Offer,1,0.477028439470537
C05650,65,6965521.0,95,5,38,6029259.0,23,Affluent,0,Personal Loan Offer,0,0.4868578023032577
C05651,62,6225675.0,38,3,52,21487679.0,21,Affluent,1,Personal Loan Offer,1,0.22275042651315322
C05652,54,11273989.0,62,6,14,43077853.0,21,Mass,0,Personal Loan Offer,1,0.46065837125941184
C05653,23,23581601.0,147,2,29,20407089.0,23,Mass,0,Personal Loan Offer,0,0.25646166388866215
C05654,41,16688486.0,140,5,83,6886007.0,35,Affluent,1,Personal Loan Offer,1,0.7557445150083466
C05655,32,8097692.0,131,3,25,32379834.0,26,Mass,1,Personal Loan Offer,0,0.5496258977468784
C05656,30,17684267.0,43,5,66,56310930.0,22,Priority,1,Personal Loan Offer,0,0.6457359300472819
C05657,58,3493371.0,118,4,79,182868339.0,20,Affluent,0,Personal Loan Offer,1,0.5185094850517098
C05658,57,7931058.0,170,3,33,84569722.0,32,Mass,0,Personal Loan Offer,0,0.5154154388487407
C05659,44,7627547.0,11,5,51,7318269.0,19,Mass,0,Personal Loan Offer,0,0.3419890582829003
C05660,54,12528212.0,60,6,89,47172685.0,20,Mass,1,Personal Loan Offer,0,0.822592942506957
C05661,26,10733302.0,17,5,86,25848594.0,16,Mass,1,Personal Loan Offer,1,0.5220567772594267
C05662,30,11101692.0,21,1,93,6319456.0,34,Mass,0,Personal Loan Offer,0,0.4115515452363201
C05663,59,10900525.0,180,3,67,26563218.0,19,Affluent,0,Personal Loan Offer,0,0.7666799017964782
C05664,41,12148803.0,45,5,90,136238765.0,23,Priority,1,Personal Loan Offer,1,0.7665460933266849
C05665,45,16150947.0,34,6,46,66128279.0,19,Priority,1,Personal Loan Offer,0,0.7792514889494413
C05666,41,13027190.0,16,3,64,7259293.0,31,Mass,1,Personal Loan Offer,1,0.45208391231282635
C05667,30,10262671.0,177,5,70,20276235.0,16,Priority,1,Personal Loan Offer,1,0.6167358955012142
C05668,58,14967306.0,86,4,98,32701034.0,33,Affluent,1,Personal Loan Offer,1,0.33747638053459433
C05669,55,18902130.0,143,2,43,3546030.0,27,Mass,0,Personal Loan Offer,0,0.4742404216389781
C05670,51,8838281.0,47,6,89,3670377.0,25,Priority,1,Personal Loan Offer,1,0.7670970070447395
C05671,36,11614277.0,117,3,56,23344470.0,33,Priority,1,Personal Loan Offer,1,0.5283396293738081
C05672,49,22736129.0,160,4,19,23651046.0,31,Mass,0,Personal Loan Offer,0,0.4312072264950754
C05673,63,6542951.0,122,2,69,3180102.0,25,Affluent,1,Personal Loan Offer,0,0.47016603325594886
C05674,50,32378443.0,95,1,99,29479815.0,20,Affluent,0,Personal Loan Offer,0,0.49584423710187786
C05675,43,5745238.0,40,3,51,59305081.0,19,Mass,0,Personal Loan Offer,0,0.41839556101236325
C05676,33,9924000.0,44,5,59,16077658.0,30,Mass,1,Personal Loan Offer,1,0.47831613657418287
C05677,44,7115690.0,109,2,94,21232734.0,26,Mass,1,Personal Loan Offer,1,0.5970108303423575
C05678,37,39975489.0,83,6,93,35415302.0,26,Priority,1,Personal Loan Offer,1,0.7907480937710015
C05679,48,9098087.0,11,5,46,31024014.0,19,Mass,1,Personal Loan Offer,1,0.3763118231910051
C05680,23,9110650.0,37,4,79,3770131.0,21,Mass,0,Personal Loan Offer,0,0.44858781233597544
C05681,29,9786412.0,79,5,67,8089857.0,27,Mass,0,Personal Loan Offer,0,0.4142858037672712
C05682,56,12647862.0,34,6,68,13462107.0,26,Mass,1,Personal Loan Offer,0,0.5076522389449234
C05683,38,10016800.0,101,5,75,8456245.0,26,Mass,1,Personal Loan Offer,0,0.6051003837090426
C05684,40,11154231.0,56,5,39,86721408.0,25,Mass,0,Personal Loan Offer,0,0.3479771629271554
C05685,45,3000000.0,54,5,37,37720670.0,23,Affluent,1,Personal Loan Offer,0,0.313509171943368
C05686,40,12383248.0,22,6,12,6592989.0,27,Mass,1,Personal Loan Offer,0,0.4613846516524906
C05687,55,12118101.0,92,1,87,16141547.0,29,Priority,1,Personal Loan Offer,0,0.5579542434708191
C05688,32,21244956.0,36,3,35,61937413.0,17,Affluent,1,Personal Loan Offer,1,0.512669443213385
C05689,55,24652792.0,115,6,71,10480254.0,22,Mass,0,Personal Loan Offer,0,0.5832483280993991
C05690,30,10822932.0,169,3,72,46867109.0,22,Mass,1,Personal Loan Offer,1,0.39943436239805397
C05691,37,18799545.0,165,1,74,79751214.0,19,Mass,0,Personal Loan Offer,0,0.2382600369159943
C05692,47,6547242.0,121,6,88,67482833.0,17,Priority,0,Personal Loan Offer,0,0.5951595025877141
C05693,60,18300803.0,146,4,88,23954026.0,31,Mass,1,Personal Loan Offer,1,0.49321289416506064
C05694,31,8758678.0,166,6,10,69878448.0,23,Affluent,1,Personal Loan Offer,1,0.44706588151573456
C05695,47,6254637.0,124,1,86,11863830.0,17,Priority,1,Personal Loan Offer,0,0.5155546578461876
C05696,23,10835555.0,48,1,28,240234039.0,25,Mass,0,Personal Loan Offer,0,0.19836972800819236
C05697,24,25923930.0,92,4,68,25446592.0,27,Priority,0,Personal Loan Offer,1,0.3174784803780968
C05698,55,13256125.0,155,2,71,62961689.0,23,Affluent,0,Personal Loan Offer,0,0.559970741343443
C05699,53,27329730.0,121,4,14,13925524.0,25,Mass,1,Personal Loan Offer,1,0.44748994833711375
C05700,37,7949457.0,67,3,35,32955126.0,19,Priority,1,Personal Loan Offer,0,0.5472077601138358
C05701,49,21353694.0,32,2,92,34439210.0,20,Mass,0,Personal Loan Offer,0,0.41213166178400085
C05702,38,8383107.0,28,5,22,7900283.0,26,Mass,1,Personal Loan Offer,0,0.47729513745173
C05703,33,13583250.0,70,1,31,7669787.0,30,Mass,1,Personal Loan Offer,0,0.333568008784427
C05704,40,13518812.0,146,6,17,16301053.0,21,Affluent,0,Personal Loan Offer,0,0.5063761298741449
C05705,35,17265790.0,101,1,25,60404573.0,27,Affluent,0,Personal Loan Offer,1,0.25785646745865387
C05706,57,13774430.0,13,4,68,3203694.0,25,Mass,1,Personal Loan Offer,1,0.480461687628983
C05707,39,7991314.0,166,6,86,13913826.0,32,Mass,1,Personal Loan Offer,0,0.8130842842984534
C05708,35,19473907.0,75,1,64,74114033.0,26,Mass,0,Personal Loan Offer,0,0.6123175030851447
C05709,45,31103420.0,72,6,35,5833417.0,29,Mass,0,Personal Loan Offer,0,0.5028375317339967
C05710,55,8704279.0,148,2,88,70079684.0,20,Mass,1,Personal Loan Offer,0,0.5108409397195172
C05711,33,4373349.0,70,5,43,6474940.0,21,Affluent,0,Personal Loan Offer,1,0.22597349458540428
C05712,63,15792457.0,112,6,38,7997993.0,25,Mass,1,Personal Loan Offer,1,0.615072991788861
C05713,41,10001724.0,166,2,56,17262051.0,25,Mass,0,Personal Loan Offer,0,0.4621653388160213
C05714,50,11165181.0,95,3,22,130215574.0,24,Mass,0,Personal Loan Offer,0,0.3533632429387665
C05715,64,16294122.0,112,6,42,10545773.0,32,Priority,0,Personal Loan Offer,0,0.5361431849705636
C05716,40,9336121.0,65,1,82,3535199.0,19,Mass,0,Personal Loan Offer,1,0.42077892764940295
C05717,29,10350534.0,161,1,65,4922400.0,26,Mass,0,Personal Loan Offer,1,0.5484755894608297
C05718,54,11357075.0,16,2,99,50789034.0,16,Mass,1,Personal Loan Offer,1,0.5685582382287926
C05719,21,26930819.0,52,4,80,5160286.0,27,Mass,1,Personal Loan Offer,1,0.840190735533394
C05720,41,12200110.0,179,5,42,65607948.0,22,Affluent,0,Personal Loan Offer,1,0.6016121051772289
C05721,65,6081712.0,89,4,79,21445677.0,22,Mass,0,Personal Loan Offer,1,0.39984636021403497
C05722,39,6216291.0,34,3,88,19364879.0,15,Affluent,1,Personal Loan Offer,0,0.5054055521951427
C05723,51,12955017.0,76,6,67,26924496.0,26,Mass,1,Personal Loan Offer,0,0.4844519937744217
C05724,44,6447686.0,48,2,79,8978312.0,28,Mass,1,Personal Loan Offer,0,0.555595419665333
C05725,30,5081669.0,96,6,55,22956571.0,27,Affluent,1,Personal Loan Offer,1,0.6993945759636455
C05726,35,17021061.0,44,2,92,6065757.0,27,Mass,0,Personal Loan Offer,0,0.7238931018233596
C05727,44,17485654.0,74,2,31,77062995.0,23,Mass,0,Personal Loan Offer,0,0.2813043727669514
C05728,25,9800482.0,164,6,48,7159478.0,22,Mass,1,Personal Loan Offer,0,0.5384374163607287
C05729,39,14103447.0,17,4,33,31019403.0,26,Affluent,1,Personal Loan Offer,0,0.5951671320494589
C05730,39,13308109.0,138,3,19,7106302.0,25,Mass,1,Personal Loan Offer,0,0.46904209560773513
C05731,58,16713843.0,16,2,66,11734435.0,30,Mass,1,Personal Loan Offer,0,0.29439437507993654
C05732,26,16735281.0,84,3,20,13761850.0,28,Mass,0,Personal Loan Offer,0,0.37689899406108035
C05733,58,3000000.0,121,5,30,394287467.0,36,Mass,0,Personal Loan Offer,1,0.3279086704418735
C05734,39,10513206.0,173,1,79,19713155.0,19,Affluent,0,Personal Loan Offer,0,0.39532495347052066
C05735,50,15954708.0,47,2,31,8795168.0,24,Affluent,1,Personal Loan Offer,1,0.22235013364338793
C05736,46,9575000.0,12,2,88,12822182.0,27,Mass,1,Personal Loan Offer,1,0.4138597992069896
C05737,34,12241332.0,136,3,14,4441800.0,27,Affluent,0,Personal Loan Offer,1,0.18954682439321408
C05738,62,18134055.0,162,5,51,16995462.0,31,Mass,0,Personal Loan Offer,1,0.355472263162574
C05739,31,12546171.0,103,2,16,127334685.0,23,Mass,0,Personal Loan Offer,0,0.18798887852442825
C05740,22,27502099.0,13,5,15,27987887.0,29,Mass,1,Personal Loan Offer,0,0.4289253732744306
C05741,54,22303622.0,92,6,81,49359647.0,25,Affluent,1,Personal Loan Offer,0,0.7086865586884252
C05742,48,11242445.0,72,3,16,8050938.0,25,Mass,0,Personal Loan Offer,0,0.14309095847782247
C05743,61,10761568.0,83,6,91,16319980.0,24,Mass,1,Personal Loan Offer,0,0.8777746461754397
C05744,41,3000000.0,12,6,64,24523575.0,26,Priority,1,Personal Loan Offer,0,0.5834151371586909
C05745,21,10027491.0,59,5,53,9683520.0,22,Priority,1,Personal Loan Offer,1,0.41105963650132593
C05746,21,5700813.0,180,3,93,29836695.0,18,Affluent,1,Personal Loan Offer,0,0.6503413014341068
C05747,40,13552661.0,11,2,45,37008984.0,19,Mass,0,Personal Loan Offer,0,0.3364069076292079
C05748,32,13052576.0,165,6,46,34418022.0,23,Mass,1,Personal Loan Offer,1,0.39061851826869043
C05749,62,17595221.0,95,3,47,17195522.0,23,Mass,1,Personal Loan Offer,0,0.44051458645314295
C05750,26,25869778.0,107,1,69,59539715.0,17,Mass,1,Personal Loan Offer,0,0.34272278797368794
C05751,60,11827868.0,169,5,87,15457817.0,28,Mass,0,Personal Loan Offer,0,0.5712616639782723
C05752,30,42061617.0,41,3,59,14110391.0,27,Affluent,1,Personal Loan Offer,1,0.7400543111754904
C05753,26,13636567.0,178,6,35,84543930.0,21,Mass,1,Personal Loan Offer,1,0.47364965697254974
C05754,33,5837412.0,52,6,90,6611205.0,19,Mass,1,Personal Loan Offer,1,0.6867694288482042
C05755,27,8808940.0,65,1,64,3642839.0,23,Mass,1,Personal Loan Offer,0,0.2977410939477756
C05756,39,9775663.0,83,6,85,8397348.0,31,Mass,1,Personal Loan Offer,1,0.651233671128545
C05757,35,16619498.0,110,6,49,29458256.0,23,Affluent,1,Personal Loan Offer,1,0.47615297118429983
C05758,44,7127205.0,60,5,28,72191571.0,29,Mass,0,Personal Loan Offer,0,0.29837615385890576
C05759,45,10186058.0,144,2,95,10331668.0,24,Affluent,1,Personal Loan Offer,1,0.5218220586988213
C05760,21,10982845.0,6,5,71,122801569.0,28,Mass,1,Personal Loan Offer,0,0.48352136629999837
C05761,26,9378691.0,121,6,38,20551412.0,26,Mass,1,Personal Loan Offer,0,0.5812871972247798
C05762,28,18749838.0,119,5,87,17817885.0,27,Mass,0,Personal Loan Offer,1,0.6903172157683947
C05763,29,17075307.0,98,3,10,8548827.0,15,Mass,1,Personal Loan Offer,0,0.09854003683856223
C05764,25,22794484.0,112,5,94,140764382.0,20,Priority,1,Personal Loan Offer,0,0.8846593942675826
C05765,35,10002577.0,136,3,62,17209187.0,33,Affluent,1,Personal Loan Offer,1,0.5854253229414419
C05766,45,23249807.0,163,2,63,5279040.0,23,Mass,1,Personal Loan Offer,1,0.570784119856037
C05767,34,5667274.0,41,5,11,233551111.0,23,Priority,1,Personal Loan Offer,1,0.437018964853535
C05768,35,5591767.0,87,3,26,29648228.0,28,Affluent,0,Personal Loan Offer,0,0.20681357243631607
C05769,42,6155314.0,103,2,75,44458791.0,37,Mass,1,Personal Loan Offer,1,0.3042484061474773
C05770,45,12060951.0,64,4,60,107478679.0,20,Priority,1,Personal Loan Offer,0,0.7703142182696454
C05771,35,23247896.0,176,2,21,36973257.0,26,Affluent,1,Personal Loan Offer,0,0.19257114329099592
C05772,30,8616927.0,94,4,70,53017478.0,17,Affluent,0,Personal Loan Offer,1,0.3680262893802742
C05773,39,9232458.0,108,3,77,21116555.0,24,Mass,1,Personal Loan Offer,1,0.428096833221029
C05774,22,10655719.0,37,6,34,41656798.0,32,Mass,0,Personal Loan Offer,0,0.2971247404846865
C05775,43,16444024.0,77,6,72,19328380.0,20,Affluent,0,Personal Loan Offer,0,0.7039739422446188
C05776,63,9227727.0,114,3,98,19599855.0,35,Affluent,1,Personal Loan Offer,1,0.7065674484556694
C05777,38,8948870.0,79,5,53,22543551.0,20,Affluent,0,Personal Loan Offer,0,0.5706539575325186
C05778,25,5725554.0,140,2,30,13449166.0,27,Affluent,0,Personal Loan Offer,0,0.2659504581534162
C05779,52,8762314.0,27,6,97,33119098.0,18,Priority,1,Personal Loan Offer,1,0.7744017953478859
C05780,26,22931479.0,30,2,92,33035325.0,31,Mass,1,Personal Loan Offer,0,0.7548586734468771
C05781,29,12615371.0,63,6,51,45360826.0,27,Mass,0,Personal Loan Offer,1,0.3443909066326166
C05782,27,7988369.0,59,6,48,37914696.0,24,Mass,1,Personal Loan Offer,1,0.6225361109148935
C05783,60,23683671.0,148,2,85,147787484.0,23,Mass,1,Personal Loan Offer,0,0.6411148085018574
C05784,65,8697531.0,157,1,10,57303518.0,20,Mass,0,Personal Loan Offer,0,0.19205868963953274
C05785,46,26203218.0,87,5,38,16256298.0,31,Mass,0,Personal Loan Offer,0,0.4950637706603742
C05786,48,25968662.0,92,6,59,31462733.0,18,Mass,0,Personal Loan Offer,0,0.6099973815811949
C05787,50,12375430.0,55,5,69,82140434.0,27,Mass,0,Personal Loan Offer,1,0.43417620620119685
C05788,48,5263017.0,97,1,67,7735028.0,26,Mass,0,Personal Loan Offer,0,0.20052347591463257
C05789,45,42272298.0,128,4,43,149900849.0,23,Mass,0,Personal Loan Offer,0,0.6281850026987456
C05790,65,14848643.0,131,3,89,9217399.0,29,Mass,1,Personal Loan Offer,0,0.3967617957284536
C05791,53,10041925.0,175,6,69,49205611.0,32,Mass,0,Personal Loan Offer,0,0.45244757689777865
C05792,24,20303169.0,105,5,59,20132445.0,31,Affluent,0,Personal Loan Offer,1,0.5329449595903649
C05793,38,17657722.0,63,5,95,19006858.0,22,Mass,0,Personal Loan Offer,1,0.6731012736212818
C05794,64,24678261.0,15,3,18,5434782.0,29,Mass,1,Personal Loan Offer,0,0.26960105377977023
C05795,39,8336266.0,125,2,74,49562394.0,18,Mass,1,Personal Loan Offer,0,0.33998798064918145
C05796,30,14297247.0,146,5,94,5514462.0,28,Mass,1,Personal Loan Offer,0,0.7382534721690862
C05797,60,6250604.0,101,1,70,4725446.0,28,Affluent,1,Personal Loan Offer,1,0.39691285544642496
C05798,49,17311838.0,167,1,61,63779721.0,36,Priority,1,Personal Loan Offer,0,0.4191879622596294
C05799,46,11849512.0,59,1,43,119741813.0,22,Mass,0,Personal Loan Offer,0,0.3585355864976173
C05800,39,14005663.0,12,4,34,10262398.0,22,Mass,1,Personal Loan Offer,1,0.37580252398264336
C05801,26,11071944.0,115,1,59,54534935.0,18,Affluent,0,Personal Loan Offer,0,0.40620033410155276
C05802,38,10452726.0,24,4,91,44356472.0,18,Affluent,1,Personal Loan Offer,0,0.6772299539494994
C05803,40,7443785.0,17,2,52,18250885.0,26,Mass,0,Personal Loan Offer,0,0.3373843125610976
C05804,62,18534674.0,127,6,21,76062027.0,30,Affluent,1,Personal Loan Offer,0,0.6018617707919911
C05805,34,27227946.0,80,3,54,16981255.0,29,Priority,0,Personal Loan Offer,1,0.3952773175769062
C05806,27,8835159.0,110,1,18,33557702.0,27,Mass,1,Personal Loan Offer,0,0.3527132230624724
C05807,40,16270504.0,136,5,95,5708535.0,38,Affluent,1,Personal Loan Offer,1,0.6148597363731203
C05808,65,15219959.0,71,3,58,5957808.0,20,Affluent,0,Personal Loan Offer,0,0.2879583993186786
C05809,42,12053565.0,111,2,29,64378340.0,24,Mass,0,Personal Loan Offer,0,0.22018740415049198
C05810,38,5182456.0,98,4,66,34706864.0,22,Priority,0,Personal Loan Offer,0,0.5348591349580165
C05811,51,5865150.0,106,6,58,17344499.0,29,Priority,1,Personal Loan Offer,0,0.5437625501514347
C05812,50,7809700.0,128,6,56,134771058.0,22,Affluent,1,Personal Loan Offer,0,0.4733824284832441
C05813,34,3700449.0,70,3,63,133359427.0,30,Mass,1,Personal Loan Offer,1,0.575594999326985
C05814,64,26031922.0,92,6,94,31028318.0,26,Mass,0,Personal Loan Offer,0,0.6041989500138889
C05815,47,14689654.0,108,2,87,4664950.0,27,Affluent,1,Personal Loan Offer,1,0.29267638341191093
C05816,23,11803877.0,27,6,33,17888057.0,23,Mass,1,Personal Loan Offer,0,0.3921043942576653
C05817,39,3597636.0,40,6,31,8698499.0,25,Mass,0,Personal Loan Offer,0,0.6544584715268601
C05818,62,4400762.0,18,4,100,21872844.0,28,Mass,1,Personal Loan Offer,1,0.46617071243428443
C05819,38,11984557.0,38,4,68,7841539.0,30,Mass,0,Personal Loan Offer,1,0.39199051026377485
C05820,46,35469605.0,81,4,11,6046662.0,17,Affluent,0,Personal Loan Offer,0,0.34869931439016694
C05821,48,8171499.0,169,1,58,2081563.0,24,Affluent,1,Personal Loan Offer,1,0.5815256010377148
C05822,52,19297886.0,167,6,20,23641168.0,31,Mass,1,Personal Loan Offer,0,0.3825093845285476
C05823,60,9216177.0,138,5,12,2007659.0,21,Mass,0,Personal Loan Offer,0,0.21395226644572288
C05824,27,12370174.0,102,6,26,14519486.0,35,Mass,1,Personal Loan Offer,1,0.4782754397878901
C05825,44,23405775.0,39,1,33,40050023.0,27,Mass,1,Personal Loan Offer,1,0.3367612316572773
C05826,45,9920797.0,66,5,17,9714665.0,28,Affluent,0,Personal Loan Offer,1,0.46135671707261744
C05827,27,8209967.0,139,3,86,6759195.0,18,Mass,0,Personal Loan Offer,0,0.36759324363514984
C05828,51,26176065.0,164,5,49,18688069.0,25,Mass,0,Personal Loan Offer,0,0.43381313335069344
C05829,26,12304480.0,174,6,60,8733155.0,25,Mass,1,Personal Loan Offer,1,0.6722430640907517
C05830,41,21868986.0,72,6,88,24080207.0,15,Priority,1,Personal Loan Offer,1,0.7830631482354578
C05831,35,8231924.0,89,6,86,7119962.0,24,Priority,1,Personal Loan Offer,1,0.7935612033926098
C05832,27,26012507.0,93,1,84,18015605.0,27,Affluent,1,Personal Loan Offer,1,0.5429713479402403
C05833,58,13948914.0,13,2,27,14144298.0,21,Mass,0,Personal Loan Offer,0,0.3968291372105868
C05834,31,15241772.0,23,2,77,19770890.0,27,Affluent,1,Personal Loan Offer,0,0.5654400900557818
C05835,32,12900973.0,11,4,100,102604713.0,29,Mass,1,Personal Loan Offer,1,0.5786873366811128
C05836,59,9087460.0,134,6,10,24423436.0,26,Mass,1,Personal Loan Offer,1,0.44072094278603136
C05837,60,11988899.0,42,5,88,33121294.0,25,Mass,1,Personal Loan Offer,0,0.5015364827883645
C05838,22,9407263.0,127,4,88,10707444.0,33,Mass,0,Personal Loan Offer,0,0.7461719675078682
C05839,33,20341375.0,69,5,86,25002822.0,26,Priority,1,Personal Loan Offer,0,0.8136133795940965
C05840,52,10731949.0,144,2,46,15194429.0,19,Affluent,0,Personal Loan Offer,0,0.3504879848796909
C05841,56,5268932.0,23,4,28,20602003.0,20,Affluent,0,Personal Loan Offer,0,0.3576182630211461
C05842,65,4764648.0,60,4,76,38270442.0,31,Affluent,1,Personal Loan Offer,0,0.5964753780304622
C05843,45,4642308.0,39,2,66,12127777.0,15,Mass,1,Personal Loan Offer,1,0.3521029032003253
C05844,21,16857414.0,80,4,76,13432630.0,18,Affluent,1,Personal Loan Offer,0,0.7316240593561655
C05845,60,6369871.0,103,6,33,12296536.0,31,Affluent,0,Personal Loan Offer,1,0.427055050766082
C05846,28,14153385.0,32,5,26,12061428.0,21,Mass,1,Personal Loan Offer,0,0.22053121306749582
C05847,26,12936110.0,121,6,92,23782916.0,24,Mass,0,Personal Loan Offer,0,0.6269869587817714
C05848,51,11580434.0,174,5,56,13898075.0,36,Mass,0,Personal Loan Offer,0,0.6000670108536219
C05849,48,15272129.0,10,3,87,89450790.0,30,Mass,1,Personal Loan Offer,0,0.6826781332075843
C05850,23,13091637.0,18,1,94,291457729.0,18,Affluent,1,Personal Loan Offer,1,0.6047550006572819
C05851,28,3000000.0,172,6,51,11333807.0,28,Affluent,0,Personal Loan Offer,0,0.46587282413471937
C05852,47,10043371.0,118,3,33,26835755.0,26,Affluent,0,Personal Loan Offer,0,0.3824008310814158
C05853,32,15160803.0,166,4,91,56471713.0,26,Mass,0,Personal Loan Offer,0,0.5195335976970444
C05854,51,29578927.0,128,1,75,15332630.0,24,Mass,0,Personal Loan Offer,0,0.21133616093355118
C05855,39,30339738.0,130,6,70,7398972.0,34,Priority,1,Personal Loan Offer,0,0.6506076410901169
C05856,47,5669914.0,31,6,97,113738913.0,28,Priority,1,Personal Loan Offer,1,0.8114715698271667
C05857,42,9900227.0,94,6,32,39721379.0,22,Mass,0,Personal Loan Offer,0,0.3953737647267082
C05858,37,5071028.0,68,2,42,27506511.0,25,Affluent,0,Personal Loan Offer,0,0.3332179166905043
C05859,36,27683690.0,151,6,13,85306843.0,26,Affluent,1,Personal Loan Offer,0,0.6248995601963817
C05860,52,20946626.0,10,4,45,43205398.0,28,Mass,0,Personal Loan Offer,0,0.33342281983437444
C05861,44,14552023.0,6,1,50,19063914.0,21,Mass,0,Personal Loan Offer,0,0.23625455118005828
C05862,47,13147858.0,102,4,51,7531554.0,22,Priority,0,Personal Loan Offer,0,0.5807912855617486
C05863,46,25642567.0,175,3,23,12211774.0,24,Affluent,0,Personal Loan Offer,0,0.3089099132741026
C05864,30,23362578.0,180,4,83,66723384.0,22,Mass,0,Personal Loan Offer,1,0.5007467564935165
C05865,62,22687888.0,108,1,54,39559977.0,24,Priority,1,Personal Loan Offer,0,0.6658504742575394
C05866,46,15426404.0,79,4,49,16594406.0,20,Affluent,1,Personal Loan Offer,0,0.3552664021203048
C05867,53,9902934.0,51,5,88,117014220.0,10,Mass,0,Personal Loan Offer,0,0.501974604215185
C05868,60,18298614.0,179,5,54,17090299.0,23,Mass,0,Personal Loan Offer,1,0.5494405381962266
C05869,62,18797609.0,35,5,91,53691260.0,29,Affluent,0,Personal Loan Offer,1,0.6987687293287607
C05870,51,10805508.0,25,4,30,24922508.0,17,Mass,0,Personal Loan Offer,0,0.20609342831517605
C05871,56,9891935.0,93,5,87,138197706.0,25,Mass,1,Personal Loan Offer,1,0.8006065669617584
C05872,42,22381371.0,72,1,99,42469143.0,26,Affluent,1,Personal Loan Offer,0,0.4994162575104628
C05873,54,29969210.0,91,5,78,20944828.0,24,Affluent,1,Personal Loan Offer,1,0.6485601904660845
C05874,35,7946559.0,163,3,91,16725438.0,22,Mass,0,Personal Loan Offer,0,0.57928115198248
C05875,53,10381750.0,51,4,77,19694901.0,19,Mass,1,Personal Loan Offer,1,0.7559289741386005
C05876,24,14554786.0,159,4,64,9682644.0,31,Affluent,1,Personal Loan Offer,1,0.5078747139199764
C05877,62,15682353.0,40,6,79,5098922.0,29,Mass,1,Personal Loan Offer,1,0.5125152910314252
C05878,32,9003426.0,60,2,97,27234040.0,19,Mass,0,Personal Loan Offer,0,0.5716073696978723
C05879,50,33812921.0,3,3,65,11730752.0,14,Priority,1,Personal Loan Offer,1,0.8103649040140982
C05880,21,15135743.0,123,5,72,11699628.0,17,Affluent,0,Personal Loan Offer,0,0.6156528433224638
C05881,28,16073429.0,155,4,17,18299835.0,30,Mass,1,Personal Loan Offer,0,0.30187526964813405
C05882,65,31572702.0,160,2,97,21072223.0,32,Affluent,0,Personal Loan Offer,1,0.7004594808894083
C05883,58,9373839.0,32,3,80,20148066.0,27,Mass,0,Personal Loan Offer,0,0.26094423303411685
C05884,31,11430316.0,139,5,24,113752795.0,31,Mass,1,Personal Loan Offer,0,0.3296057779134274
C05885,26,6022964.0,28,6,36,38788032.0,24,Priority,0,Personal Loan Offer,0,0.3277299176778915
C05886,57,10914737.0,114,1,30,164604866.0,18,Mass,0,Personal Loan Offer,0,0.23923425129819742
C05887,65,5290943.0,128,3,39,12893740.0,28,Affluent,1,Personal Loan Offer,0,0.3368425023758126
C05888,28,18105645.0,30,5,90,43792077.0,33,Mass,1,Personal Loan Offer,1,0.3322369607247365
C05889,50,15118284.0,22,1,52,13630634.0,26,Mass,0,Personal Loan Offer,0,0.3592342916613934
C05890,33,10303859.0,15,2,48,11411258.0,21,Mass,0,Personal Loan Offer,0,0.4087753126509766
C05891,54,11355175.0,129,1,80,170933553.0,20,Mass,0,Personal Loan Offer,0,0.426388346837976
C05892,39,18241755.0,112,4,43,9277425.0,20,Affluent,0,Personal Loan Offer,1,0.2917396028366775
C05893,26,6425142.0,24,3,90,2146843.0,25,Affluent,1,Personal Loan Offer,0,0.7224504949121879
C05894,35,13426079.0,92,2,78,9853069.0,25,Affluent,1,Personal Loan Offer,0,0.7376053339412598
C05895,45,17630618.0,144,1,33,2684269.0,26,Mass,0,Personal Loan Offer,0,0.3245539010574408
C05896,56,4502604.0,45,4,67,7724582.0,35,Mass,0,Personal Loan Offer,0,0.442483201781089
C05897,21,17489882.0,110,5,53,8474541.0,35,Mass,1,Personal Loan Offer,1,0.4680335555523436
C05898,64,4778718.0,55,2,41,20718231.0,18,Mass,0,Personal Loan Offer,0,0.34336377895621284
C05899,50,11248443.0,49,4,92,2575737.0,22,Affluent,1,Personal Loan Offer,0,0.6418262799553
C05900,60,6328363.0,72,5,46,66134100.0,27,Affluent,0,Personal Loan Offer,1,0.5632162983999525
C05901,62,26366447.0,65,4,20,3064741.0,18,Mass,0,Personal Loan Offer,0,0.39846333255922906
C05902,27,6350224.0,91,4,47,17601453.0,37,Affluent,1,Personal Loan Offer,0,0.3938762586873349
C05903,25,4841876.0,39,2,57,14462766.0,20,Mass,0,Personal Loan Offer,1,0.2639937373773141
C05904,55,12913204.0,72,6,21,45653608.0,25,Mass,0,Personal Loan Offer,0,0.37071585277098895
C05905,29,9557919.0,113,6,77,28425185.0,31,Mass,1,Personal Loan Offer,1,0.6630778057285588
C05906,27,5245517.0,71,5,30,65536366.0,32,Mass,0,Personal Loan Offer,0,0.23115969110896795
C05907,42,16024279.0,119,6,18,13933263.0,31,Mass,1,Personal Loan Offer,0,0.37954045862468877
C05908,62,4013173.0,23,4,58,12565884.0,25,Mass,0,Personal Loan Offer,0,0.42836434945161744
C05909,56,6786763.0,27,4,24,30220583.0,31,Affluent,0,Personal Loan Offer,0,0.33587201213523266
C05910,44,8745477.0,157,5,81,55976623.0,23,Mass,0,Personal Loan Offer,0,0.7321746830320087
C05911,29,18655275.0,85,1,16,45640769.0,21,Mass,0,Personal Loan Offer,0,0.3633059182779234
C05912,36,24469177.0,111,2,48,27592569.0,23,Mass,0,Personal Loan Offer,0,0.4329668053723481
C05913,51,22008679.0,134,2,14,25239110.0,23,Mass,0,Personal Loan Offer,0,0.46655515233195205
C05914,28,11029859.0,29,4,44,19287229.0,24,Mass,0,Personal Loan Offer,0,0.5102214640587203
C05915,44,3157836.0,176,2,94,30134251.0,22,Mass,0,Personal Loan Offer,1,0.5045176543178056
C05916,21,14877884.0,78,3,69,153035010.0,23,Mass,1,Personal Loan Offer,1,0.4370361261047347
C05917,35,26942965.0,161,3,58,15692123.0,32,Affluent,0,Personal Loan Offer,0,0.4902046405878635
C05918,32,23653034.0,77,5,24,13891013.0,27,Mass,1,Personal Loan Offer,0,0.45328540955612
C05919,51,15479686.0,75,4,38,12867135.0,23,Affluent,0,Personal Loan Offer,0,0.40382331820414785
C05920,62,6238128.0,109,1,44,29521093.0,27,Mass,1,Personal Loan Offer,0,0.163686956739106
C05921,27,8988876.0,36,5,62,2396446.0,12,Affluent,1,Personal Loan Offer,0,0.4851743299244668
C05922,56,34761295.0,111,3,28,17473240.0,20,Mass,0,Personal Loan Offer,0,0.4941660814843302
C05923,50,5505268.0,178,1,100,48249194.0,30,Priority,0,Personal Loan Offer,0,0.30310664126662584
C05924,64,6382718.0,117,4,69,11816555.0,20,Mass,0,Personal Loan Offer,0,0.6419305922951024
C05925,62,20152130.0,15,2,38,24105425.0,18,Priority,0,Personal Loan Offer,1,0.5048870678906981
C05926,25,9466593.0,127,3,20,164855237.0,23,Mass,0,Personal Loan Offer,0,0.2847052789290111
C05927,54,6264767.0,8,6,64,27863906.0,19,Affluent,0,Personal Loan Offer,0,0.6227135636797513
C05928,47,27807084.0,21,2,50,2130817.0,25,Mass,0,Personal Loan Offer,0,0.5165327882766545
C05929,26,15463578.0,53,6,71,4883430.0,17,Mass,1,Personal Loan Offer,1,0.576313372134655
C05930,32,9727102.0,57,3,64,15560397.0,24,Mass,1,Personal Loan Offer,1,0.5515792186326062
C05931,62,6389976.0,3,6,68,8952263.0,26,Mass,1,Personal Loan Offer,1,0.6543348232327285
C05932,45,37002307.0,6,6,85,22178325.0,16,Mass,1,Personal Loan Offer,1,0.7015245920025911
C05933,36,11839698.0,143,5,57,14896946.0,33,Mass,0,Personal Loan Offer,1,0.3703134081950307
C05934,35,25879136.0,83,2,75,64187200.0,35,Mass,0,Personal Loan Offer,0,0.5061096676754326
C05935,58,19617168.0,38,5,42,6715383.0,31,Affluent,0,Personal Loan Offer,0,0.2877753958324133
C05936,33,9010682.0,79,3,95,16252275.0,30,Mass,1,Personal Loan Offer,0,0.6131582643395534
C05937,28,9050220.0,126,6,47,24853305.0,29,Affluent,1,Personal Loan Offer,1,0.5007803403213025
C05938,46,26585869.0,133,6,71,28130847.0,33,Affluent,1,Personal Loan Offer,0,0.6249725605410292
C05939,65,26823844.0,54,4,100,23162568.0,35,Mass,0,Personal Loan Offer,0,0.7408682150899141
C05940,29,4274225.0,32,6,41,1794020.0,24,Affluent,1,Personal Loan Offer,1,0.3474414187215868
C05941,32,16236890.0,173,4,19,21737184.0,24,Mass,1,Personal Loan Offer,0,0.3424181280557819
C05942,42,11226067.0,115,1,31,17201179.0,28,Mass,0,Personal Loan Offer,0,0.23492487958008343
C05943,29,6797663.0,177,6,32,47457854.0,22,Affluent,0,Personal Loan Offer,0,0.458862556131041
C05944,50,13858060.0,57,4,15,41210892.0,28,Affluent,0,Personal Loan Offer,0,0.4108457065304645
C05945,32,5712338.0,22,1,59,25446464.0,24,Mass,0,Personal Loan Offer,0,0.5572893454400919
C05946,26,9284592.0,70,1,35,27354920.0,18,Mass,0,Personal Loan Offer,0,0.30033154878496854
C05947,32,7734927.0,61,5,18,77332582.0,30,Mass,1,Personal Loan Offer,0,0.5253667393618766
C05948,62,9115912.0,131,6,22,63182564.0,26,Mass,0,Personal Loan Offer,0,0.5749297064154416
C05949,63,11537395.0,130,5,34,26339357.0,24,Priority,0,Personal Loan Offer,1,0.6115884661346013
C05950,43,6864375.0,15,3,43,170912300.0,24,Affluent,1,Personal Loan Offer,0,0.2398031399793163
C05951,39,28507155.0,107,2,98,10671066.0,26,Mass,1,Personal Loan Offer,0,0.5522735355355576
C05952,57,15740113.0,64,3,73,6112215.0,28,Mass,0,Personal Loan Offer,1,0.3584873066807507
C05953,29,32198386.0,112,2,75,19784410.0,20,Mass,1,Personal Loan Offer,0,0.8054971895206862
C05954,50,10988647.0,72,2,72,13762155.0,27,Affluent,0,Personal Loan Offer,0,0.3736382383555043
C05955,51,8873525.0,98,1,83,1699597.0,17,Mass,0,Personal Loan Offer,1,0.24794359308059963
C05956,52,31564568.0,130,4,38,10416087.0,20,Affluent,0,Personal Loan Offer,1,0.19434253722454672
C05957,30,8731820.0,55,2,19,28199872.0,22,Affluent,0,Personal Loan Offer,0,0.20069272360405932
C05958,53,10879127.0,38,1,56,18872475.0,21,Mass,0,Personal Loan Offer,0,0.3468211887360666
C05959,48,17830897.0,128,2,10,9200620.0,27,Mass,0,Personal Loan Offer,0,0.3616696916710854
C05960,60,6074851.0,171,5,29,20864680.0,25,Affluent,0,Personal Loan Offer,0,0.30716436260066826
C05961,28,17745265.0,82,4,78,22619328.0,21,Affluent,1,Personal Loan Offer,0,0.7314591593484956
C05962,48,16539435.0,180,3,55,40886775.0,22,Mass,1,Personal Loan Offer,0,0.414456071348852
C05963,58,24119860.0,35,4,72,10530035.0,21,Mass,0,Personal Loan Offer,0,0.47607030591537647
C05964,33,19578482.0,148,4,56,47922689.0,34,Mass,1,Personal Loan Offer,0,0.5191135596229334
C05965,54,24529948.0,178,3,59,6720008.0,25,Mass,1,Personal Loan Offer,0,0.6327873663611978
C05966,25,11292904.0,56,6,37,12089718.0,31,Affluent,1,Personal Loan Offer,0,0.5299515230287659
C05967,53,7466587.0,29,5,29,109368780.0,26,Mass,0,Personal Loan Offer,0,0.27426306438017234
C05968,48,38298036.0,121,2,33,7183987.0,18,Affluent,0,Personal Loan Offer,0,0.46558271839784976
C05969,29,5182171.0,157,5,82,10349777.0,27,Mass,0,Personal Loan Offer,0,0.6157556803671514
C05970,23,5475724.0,17,2,99,5712297.0,28,Affluent,0,Personal Loan Offer,1,0.5571767520780149
C05971,54,16374530.0,117,1,17,8744858.0,27,Priority,0,Personal Loan Offer,1,0.44797323849677023
C05972,31,29331117.0,158,3,58,22967850.0,37,Mass,0,Personal Loan Offer,0,0.2394079724907063
C05973,43,13318574.0,8,3,52,40539409.0,23,Priority,0,Personal Loan Offer,1,0.5606609450664563
C05974,23,20791072.0,94,5,61,19630690.0,30,Affluent,0,Personal Loan Offer,0,0.6919677538349056
C05975,64,4003685.0,16,5,31,14455030.0,23,Affluent,0,Personal Loan Offer,0,0.26515314532402934
C05976,45,9117147.0,34,1,10,5771652.0,28,Mass,1,Personal Loan Offer,1,0.10880266576952237
C05977,62,4281209.0,89,3,28,9665877.0,18,Affluent,0,Personal Loan Offer,0,0.4546593983225021
C05978,28,18432818.0,61,5,26,4261821.0,25,Mass,0,Personal Loan Offer,0,0.5379907664897131
C05979,30,5123969.0,18,5,14,41774742.0,37,Mass,0,Personal Loan Offer,0,0.5087415274891205
C05980,48,5942360.0,145,4,42,44781964.0,19,Priority,1,Personal Loan Offer,0,0.40182116082701075
C05981,48,15920706.0,39,4,72,19207190.0,22,Priority,1,Personal Loan Offer,0,0.650188608677565
C05982,56,21518436.0,157,4,97,31099236.0,26,Mass,1,Personal Loan Offer,0,0.6716914092351612
C05983,62,10995369.0,34,2,69,48036678.0,27,Mass,0,Personal Loan Offer,1,0.2446363632653777
C05984,57,16420023.0,95,4,25,22130155.0,29,Priority,1,Personal Loan Offer,0,0.4893984992867976
C05985,27,16130149.0,132,5,42,80587452.0,18,Mass,0,Personal Loan Offer,0,0.4649189799184215
C05986,34,10659184.0,88,1,37,7184598.0,28,Mass,0,Personal Loan Offer,0,0.3626297619952859
C05987,62,6572003.0,77,5,29,14112516.0,21,Mass,0,Personal Loan Offer,0,0.30127829064965406
C05988,45,16372399.0,136,2,100,12528300.0,17,Mass,1,Personal Loan Offer,0,0.6832965126426517
C05989,60,16812275.0,5,1,69,38205152.0,21,Mass,1,Personal Loan Offer,0,0.40837211644285615
C05990,46,19621386.0,150,5,53,4766398.0,22,Affluent,0,Personal Loan Offer,0,0.7428062878784358
C05991,23,14246955.0,125,3,49,85089775.0,30,Mass,1,Personal Loan Offer,1,0.5114601691567996
C05992,42,6310606.0,139,3,38,35075632.0,11,Affluent,0,Personal Loan Offer,0,0.4011067130713148
C05993,58,17541925.0,77,4,47,115125950.0,16,Mass,1,Personal Loan Offer,0,0.30072841193890293
C05994,50,11990888.0,71,4,67,19204816.0,16,Affluent,0,Personal Loan Offer,1,0.3726591567673765
C05995,26,9201818.0,104,4,94,11535312.0,29,Mass,1,Personal Loan Offer,0,0.7619203746616621
C05996,30,10204787.0,117,6,55,38584026.0,36,Affluent,1,Personal Loan Offer,1,0.7014155814815921
C05997,59,8209280.0,167,4,26,56052982.0,20,Affluent,0,Personal Loan Offer,0,0.35466809181022113
C05998,65,19565557.0,155,1,97,9789510.0,25,Affluent,1,Personal Loan Offer,0,0.521285684615948
C05999,54,5501075.0,12,2,38,2713219.0,31,Mass,0,Personal Loan Offer,0,0.33123533535208255
C06000,25,6948247.0,30,3,17,3220275.0,27,Affluent,1,Personal Loan Offer,0,0.19461187960009804
