Source_System,Source_Record_ID,Full_Name,Date_of_Birth,Phone,Email,Address,City,Name_Norm,Phone_Norm,Email_Norm,Address_Norm,Birth_Year,Exact_Candidates,Exact_Match_Count,Match_Customer_ID,Match_Score,Match_Decision
Core Banking,CO_0000001,Vina Nugroho,1990-06-27,8784919414,customer000729@example.com,Jl. Merdeka No. 77,Bekasi,VINA NUGROHO,8784919414,customer000729@example.com,JL MERDEKA NO 77,1990,[np.int64(728)],1,C000729,1.0,Auto Match
Core Banking,CO_0000002,BUDI SETIAWAN,2011-06-14,8750074170,customer001706@example.com,JL. GATOT SUBROTO NO. 52,Semarang,BUDI SETIAWAN,8750074170,customer001706@example.com,JL GATOT SUBROTO NO 52,2011,[np.int64(1705)],1,C001706,1.0,Auto Match
Core Banking,CO_0000003,Maya Pratama,2002-12-18,8346204317,customer001197@example.com,Jl. Diponegoro No. 12,Semarang,MAYA PRATAMA,8346204317,customer001197@example.com,JL DIPONEGORO NO 12,2002,[np.int64(1196)],1,C001197,1.0,Auto Match
Core Banking,CO_0000004,1wanWijaya,2016-04-28,8893667427,customer001685@example.com,Jl. Ahmad Yani No. 59,Makassar,1WANWIJAYA,8893667427,customer001685@example.com,JL AHMAD YANI NO 59,2016,[np.int64(1684)],1,C001685,0.9642857142857144,Auto Match
Core Banking,CO_0000005,RINA SETIAWAN,2001-06-09,8201444022,customer000544@example.com,JL. AHMAD YANI NO. 136,Bekasi,RINA SETIAWAN,8201444022,customer000544@example.com,JL AHMAD YANI NO 136,2001,[np.int64(543)],1,C000544,1.0,Auto Match
Core Banking,CO_0000006,RinaRamadhan,2010-04-09,8608601450,customer000829@example.com,Jl. Sudirman No. 143,Bogor,RINARAMADHAN,8608601450,customer000829@example.com,JL SUDIRMAN NO 143,2010,[np.int64(828)],1,C000829,0.9900000000000001,Auto Match
Core Banking,CO_0000007,Gita Nugroho,2003-05-28,8217761808,customer000400@example.com,Jl. Ahmad Yani No. 136,Bekasi,GITA NUGROHO,8217761808,customer000400@example.com,JL AHMAD YANI NO 136,2003,[np.int64(399)],1,C000400,1.0,Auto Match
Core Banking,CO_0000008,Hana Pratama,1996-06-11,8383152069,customer000587@example.com,Jl. Merdeka No. 77,Bandung,HANA PRATAMA,8383152069,customer000587@example.com,JL MERDEKA NO 77,1996,[np.int64(586)],1,C000587,1.0,Auto Match
Core Banking,CO_0000009,Karin Ramadhan,2009-02-22,844555663,customer000334@example.com,JL. AHMAD YANI NO. 122,Jakarta,KARIN RAMADHAN,844555663,customer000334@example.com,JL AHMAD YANI NO 122,2009,[np.int64(333)],1,C000334,0.986842105263158,Auto Match
Core Banking,CO_0000010,Maya Lestari,1990-12-25,628608429944,customer001092@example.com,Jl. Diponegoro No. 106,Surabaya,MAYA LESTARI,08608429944,customer001092@example.com,JL DIPONEGORO NO 106,1990,[np.int64(1091)],1,C001092,0.9880952380952381,Auto Match
Core Banking,CO_0000011,Gita Kurniawan,1999-09-25,628189938627,customer000890@example.com,Jl. Gatot Subroto No. 138,Bandung,GITA KURNIAWAN,08189938627,customer000890@example.com,JL GATOT SUBROTO NO 138,1999,[np.int64(889)],1,C000890,0.9880952380952381,Auto Match
Core Banking,CO_0000012,Rina Kurniawan,2009-12-19,62833143542,customer000443@example.com,Jl. Merdeka No. 149,Medan,RINA KURNIAWAN,0833143542,customer000443@example.com,JL MERDEKA NO 149,2009,[np.int64(442)],1,C000443,0.9750000000000001,Auto Match
Core Banking,CO_0000013,IWAN RAMADHAN,1997-06-22,8705689047,customer000577@examplecom,Jl. Ahmad Yani No. 171,Tangerang,IWAN RAMADHAN,8705689047,customer000577@examplecom,JL AHMAD YANI NO 171,1997,[np.int64(576)],1,C000577,0.9941176470588236,Auto Match
Core Banking,CO_0000014,VinaSetiawan,2008-04-05,8453439052,customer001083@example.com,Jl. Gatot Subroto No. 57,Jakarta,VINASETIAWAN,8453439052,customer001083@example.com,JL GATOT SUBROTO NO 57,2008,[np.int64(1082)],1,C001083,0.9900000000000001,Auto Match
Core Banking,CO_0000015,OscarPratama,2002-03-10,628228780865,customer001547@example.com,Jl. Merdeka No. 184,Tangerang,OSCARPRATAMA,08228780865,customer001547@example.com,JL MERDEKA NO 184,2002,[np.int64(1546)],1,C001547,0.9780952380952381,Auto Match
Core Banking,CO_0000016,TonoWijaya,2016-04-23,8646943864,customer001393@examplecom,Jalan Ahmad Yani No. 141,Tangerang,TONOWIJAYA,8646943864,customer001393@examplecom,JL AHMAD YANI NO 141,2016,[np.int64(1392)],1,C001393,0.9822128851540616,Auto Match
Core Banking,CO_0000017,Nanda Kurniawan,1998-06-13,8649801124,customer000862@example.com,Jalan Sudirman No. 25,Semarang,NANDA KURNIAWAN,8649801124,customer000862@example.com,JL SUDIRMAN NO 25,1998,[np.int64(861)],1,C000862,1.0,Auto Match
Core Banking,CO_0000018,Lina Saputra,1994-01-07,8555377952,customer001173@examplecom,Jl. Ahmad Yani No. 124,Depok,LINA SAPUTRA,8555377952,customer001173@examplecom,JL AHMAD YANI NO 124,1994,[np.int64(1172)],1,C001173,0.9941176470588236,Auto Match
Core Banking,CO_0000019,G1T4 W1J4Y4,2009-03-31,8676851104,customer000679@example.com,JL. DIPONEGORO NO. 62,Bekasi,G1T4 W1J4Y4,8676851104,customer000679@example.com,JL DIPONEGORO NO 62,2009,[np.int64(678)],1,C000679,0.8863636363636365,Auto Match
Core Banking,CO_0000020,KARINPERMATA,1993-02-01,8820641675,customer001475@example.com,Jalan Gatot Subroto No. 89,Makassar,KARINPERMATA,8820641675,customer001475@example.com,JL GATOT SUBROTO NO 89,1993,[np.int64(1474)],1,C001475,0.9900000000000001,Auto Match
Core Banking,CO_0000021,Vina Setiawan,2003-12-31,8323152292,customer000431@examplecom,Jalan Sudirman No. 152,Tangerang,VINA SETIAWAN,8323152292,customer000431@examplecom,JL SUDIRMAN NO 152,2003,[np.int64(430)],1,C000431,0.9941176470588236,Auto Match
Core Banking,CO_0000022,Fajar Santoso,1995-10-10,8588289663,customer001660@example.com,JALAN GATOT SUBROTO NO. 152,Bandung,FAJAR SANTOSO,8588289663,customer001660@example.com,JL GATOT SUBROTO NO 152,1995,[np.int64(1659)],1,C001660,1.0,Auto Match
Core Banking,CO_0000023,Joko Nugroho,1998-03-06,8864786560,customer000551@examplecom,Jalan Gatot Subroto No. 188,Jakarta,JOKO NUGROHO,8864786560,customer000551@examplecom,JL GATOT SUBROTO NO 188,1998,[np.int64(550)],1,C000551,0.9941176470588236,Auto Match
Core Banking,CO_0000024,RinaSaputra,2016-02-25,8314898977,customer000146@example.com,Jl. Sudirman No. 63,Tangerang,RINASAPUTRA,8314898977,customer000146@example.com,JL SUDIRMAN NO 63,2016,[np.int64(145)],1,C000146,0.9891304347826088,Auto Match
Core Banking,CO_0000025,Andi Setiawan,2014-04-26,8923857242,customer001131@example.com,Jl. Sudirman No. 160,Depok,ANDI SETIAWAN,8923857242,customer001131@example.com,JL SUDIRMAN NO 160,2014,[np.int64(1130)],1,C001131,1.0,Auto Match
Core Banking,CO_0000026,KarinSetiawan,2014-08-03,8389146284,customer000668@example.com,JL. SUDIRMAN NO. 99,Makassar,KARINSETIAWAN,8389146284,customer000668@example.com,JL SUDIRMAN NO 99,2014,[np.int64(667)],1,C000668,0.9907407407407408,Auto Match
Core Banking,CO_0000027,Sari Pratama,2015-06-22,628746358211,customer001337@examplecom,Jalan Gatot Subroto No. 36,Bogor,SARI PRATAMA,08746358211,customer001337@examplecom,JL GATOT SUBROTO NO 36,2015,[np.int64(1336)],1,C001337,0.9822128851540616,Auto Match
Core Banking,CO_0000028,LINA SANTOSO,2006-07-01,628577723444,customer001019@example.com,Jl. Diponegoro No. 136,Semarang,LINA SANTOSO,08577723444,customer001019@example.com,JL DIPONEGORO NO 136,2006,[np.int64(1018)],1,C001019,0.9880952380952381,Auto Match
Core Banking,CO_0000029,Fajar Siregar,2009-10-02,628661868132,customer000715@example.com,Jl. Merdeka No. 2,Surabaya,FAJAR SIREGAR,08661868132,customer000715@example.com,JL MERDEKA NO 2,2009,[np.int64(714)],1,C000715,0.9880952380952381,Auto Match
Core Banking,CO_0000030,Gita Lestari,1996-05-12,62824560421,customer000120@example.com,Jl. Merdeka No. 109,Bandung,GITA LESTARI,0824560421,customer000120@example.com,JL MERDEKA NO 109,1996,[np.int64(119)],1,C000120,0.9750000000000001,Auto Match
Core Banking,CO_0000031,Budi Nugroho,2001-07-16,8683167037,customer001159@example.com,Jl. Ahmad Yani No. 196,Jakarta,BUDI NUGROHO,8683167037,customer001159@example.com,JL AHMAD YANI NO 196,2001,[np.int64(1158)],1,C001159,1.0,Auto Match
Core Banking,CO_0000032,LINA KURNIAWAN,2012-08-16,827370678,customer000712@example.com,Jalan Diponegoro No. 173,Surabaya,LINA KURNIAWAN,827370678,customer000712@example.com,JL DIPONEGORO NO 173,2012,[np.int64(711)],1,C000712,0.986842105263158,Auto Match
Core Banking,CO_0000033,OSCAR HIDAYAT,1994-02-11,628191607389,customer001028@example.com,Jl. Diponegoro No. 146,Bandung,OSCAR HIDAYAT,08191607389,customer001028@example.com,JL DIPONEGORO NO 146,1994,[np.int64(1027)],1,C001028,0.9880952380952381,Auto Match
Core Banking,CO_0000034,Sari Saputra,2000-03-16,8183229613,customer001046@example.com,Jl. Diponegoro No. 59,Makassar,SARI SAPUTRA,8183229613,customer001046@example.com,JL DIPONEGORO NO 59,2000,[np.int64(1045)],1,C001046,1.0,Auto Match
Core Banking,CO_0000035,Karin Hidayat,1998-07-19,62864024595,customer001656@example.com,JL. AHMAD YANI NO. 53,Bandung,KARIN HIDAYAT,0864024595,customer001656@example.com,JL AHMAD YANI NO 53,1998,[np.int64(1655)],1,C001656,0.9750000000000001,Auto Match
Core Banking,CO_0000036,Eko Siregar,2002-11-26,8977050802,customer000327@example.com,Jl. Merdeka No. 192,Tangerang,EKO SIREGAR,8977050802,customer000327@example.com,JL MERDEKA NO 192,2002,[np.int64(326)],1,C000327,1.0,Auto Match
Core Banking,CO_0000037,Budi Nugroho,2010-09-13,8388605779,customer001013@example.com,Jl. Merdeka No. 151,Bekasi,BUDI NUGROHO,8388605779,customer001013@example.com,JL MERDEKA NO 151,2010,[np.int64(1012)],1,C001013,1.0,Auto Match
Core Banking,CO_0000038,FAJAR KURNIAWAN,2014-02-23,8784857680,customer000649@example.com,JALAN MERDEKA NO. 29,Tangerang,FAJAR KURNIAWAN,8784857680,customer000649@example.com,JL MERDEKA NO 29,2014,[np.int64(648)],1,C000649,1.0,Auto Match
Core Banking,CO_0000039,Eko Permata,2012-10-28,628650234586,customer001344@example.com,Jl. Diponegoro No. 52,Bandung,EKO PERMATA,08650234586,customer001344@example.com,JL DIPONEGORO NO 52,2012,[np.int64(1343)],1,C001344,0.9880952380952381,Auto Match
Core Banking,CO_0000040,VINARAMADHAN,2006-08-21,628759818983,customer000325@example.com,JL. SUDIRMAN NO. 63,Depok,VINARAMADHAN,08759818983,customer000325@example.com,JL SUDIRMAN NO 63,2006,[np.int64(324)],1,C000325,0.9780952380952381,Auto Match
Core Banking,CO_0000041,NANDA PRATAMA,1997-03-03,8516772796,customer000980@example.com,JL. MERDEKA NO. 183,Makassar,NANDA PRATAMA,8516772796,customer000980@example.com,JL MERDEKA NO 183,1997,[np.int64(979)],1,C000980,1.0,Auto Match
Core Banking,CO_0000042,LINAWIJAYA,1996-02-27,8459970140,customer001517@example.com,Jl. Diponegoro No. 57,Semarang,LINAWIJAYA,8459970140,customer001517@example.com,JL DIPONEGORO NO 57,1996,[np.int64(1516)],1,C001517,0.9880952380952382,Auto Match
Core Banking,CO_0000043,Lina Setiawan,2015-04-30,8527597522,customer000999@example.com,Jl. Merdeka No. 150,Jakarta,LINA SETIAWAN,8527597522,customer000999@example.com,JL MERDEKA NO 150,2015,[np.int64(998)],1,C000999,1.0,Auto Match
Core Banking,CO_0000044,HANA NUGROHO,1992-07-06,8839914545,customer001558@examplecom,JL. AHMAD YANI NO. 144,Bandung,HANA NUGROHO,8839914545,customer001558@examplecom,JL AHMAD YANI NO 144,1992,[np.int64(1557)],1,C001558,0.9941176470588236,Auto Match
Core Banking,CO_0000045,Joko Siregar,1992-04-10,628471058498,customer001169@example.com,Jalan Ahmad Yani No. 160,Makassar,JOKO SIREGAR,08471058498,customer001169@example.com,JL AHMAD YANI NO 160,1992,[np.int64(1168)],1,C001169,0.9880952380952381,Auto Match
Core Banking,CO_0000046,Joko Setiawan,1993-10-25,8829218756,customer001699@example.com,Jl. Diponegoro No. 105,Medan,JOKO SETIAWAN,8829218756,customer001699@example.com,JL DIPONEGORO NO 105,1993,[np.int64(1698)],1,C001699,1.0,Auto Match
Core Banking,CO_0000047,Budi Setiawan,1999-07-27,8680385802,customer001335@example.com,Jl. Gatot Subroto No. 17,Bogor,BUDI SETIAWAN,8680385802,customer001335@example.com,JL GATOT SUBROTO NO 17,1999,[np.int64(1334)],1,C001335,1.0,Auto Match
Core Banking,CO_0000048,Hana Siregar,1995-03-25,8709806837,customer001203@example.com,Jl. Sudirman No. 130,Jakarta,HANA SIREGAR,8709806837,customer001203@example.com,JL SUDIRMAN NO 130,1995,[np.int64(1202)],1,C001203,1.0,Auto Match
Core Banking,CO_0000049,Tono Pratama,1990-10-20,8661182644,customer001657@example.com,Jl. Merdeka No. 101,Surabaya,TONO PRATAMA,8661182644,customer001657@example.com,JL MERDEKA NO 101,1990,[np.int64(1656)],1,C001657,1.0,Auto Match
Core Banking,CO_0000050,1wan Wijaya,2009-11-17,628999468031,customer001004@example.com,JL. GATOT SUBROTO NO. 44,Bandung,1WAN WIJAYA,08999468031,customer001004@example.com,JL GATOT SUBROTO NO 44,2009,[np.int64(1003)],1,C001004,0.9653679653679654,Auto Match
Core Banking,CO_0000051,Karin Santoso,1998-05-12,8243000035,customer000449@examplecom,Jl. Merdeka No. 192,Makassar,KARIN SANTOSO,8243000035,customer000449@examplecom,JL MERDEKA NO 192,1998,[np.int64(448)],1,C000449,0.9941176470588236,Auto Match
Core Banking,CO_0000052,Putri Ramadhan,1990-05-01,8369804890,customer000280@example.com,JL. SUDIRMAN NO. 85,Bogor,PUTRI RAMADHAN,8369804890,customer000280@example.com,JL SUDIRMAN NO 85,1990,[np.int64(279)],1,C000280,1.0,Auto Match
Core Banking,CO_0000053,Putri Siregar,2001-10-28,8745819002,customer000567@examplecom,Jalan Gatot Subroto No. 198,Depok,PUTRI SIREGAR,8745819002,customer000567@examplecom,JL GATOT SUBROTO NO 198,2001,[np.int64(566)],1,C000567,0.9941176470588236,Auto Match
Core Banking,CO_0000054,Gita Wijaya,1997-02-03,8915588867,customer000099@example.com,JL. GATOT SUBROTO NO. 29,Jakarta,GITA WIJAYA,8915588867,customer000099@example.com,JL GATOT SUBROTO NO 29,1997,[np.int64(98)],1,C000099,1.0,Auto Match
Core Banking,CO_0000055,Karin Kurniawan,2005-03-02,8930465185,customer000835@examplecom,Jl. Diponegoro No. 162,Makassar,KARIN KURNIAWAN,8930465185,customer000835@examplecom,JL DIPONEGORO NO 162,2005,[np.int64(834)],1,C000835,0.9941176470588236,Auto Match
Core Banking,CO_0000056,Karin Siregar,2012-04-21,8479604353,customer001411@example.com,Jl. Diponegoro No. 149,Bekasi,KARIN SIREGAR,8479604353,customer001411@example.com,JL DIPONEGORO NO 149,2012,[np.int64(1410)],1,C001411,1.0,Auto Match
Core Banking,CO_0000057,LinaHidayat,1997-02-18,8199675286,customer000515@example.com,Jalan Diponegoro No. 104,Bekasi,LINAHIDAYAT,8199675286,customer000515@example.com,JL DIPONEGORO NO 104,1997,[np.int64(514)],1,C000515,0.9891304347826088,Auto Match
Core Banking,CO_0000058,Hana Pratama,2002-08-29,8740046517,customer000693@examplecom,Jl. Sudirman No. 4,Bandung,HANA PRATAMA,8740046517,customer000693@examplecom,JL SUDIRMAN NO 4,2002,[np.int64(692)],1,C000693,0.9941176470588236,Auto Match
Core Banking,CO_0000059,Rina Lestari,1993-07-22,8437540972,customer001284@example.com,Jl. Sudirman No. 87,Bogor,RINA LESTARI,8437540972,customer001284@example.com,JL SUDIRMAN NO 87,1993,[np.int64(1283)],1,C001284,1.0,Auto Match
Core Banking,CO_0000060,Oscar Ramadhan,1994-01-17,8601240348,customer000279@example.com,Jl. Gatot Subroto No. 24,Jakarta,OSCAR RAMADHAN,8601240348,customer000279@example.com,JL GATOT SUBROTO NO 24,1994,[np.int64(278)],1,C000279,1.0,Auto Match
Core Banking,CO_0000061,GitaWijaya,2015-08-28,628163210033,customer000764@example.com,Jalan Gatot Subroto No. 137,Jakarta,GITAWIJAYA,08163210033,customer000764@example.com,JL GATOT SUBROTO NO 137,2015,[np.int64(763)],1,C000764,0.9761904761904762,Auto Match
Core Banking,CO_0000062,HanaSaputra,1997-07-12,8891184086,customer001146@example.com,Jl. Diponegoro No. 38,Bandung,HANASAPUTRA,8891184086,customer001146@example.com,JL DIPONEGORO NO 38,1997,[np.int64(1145)],1,C001146,0.9891304347826088,Auto Match
Core Banking,CO_0000063,BudiHidayat,2013-08-13,8216429802,customer000220@example.com,Jl. Sudirman No. 27,Bandung,BUDIHIDAYAT,8216429802,customer000220@example.com,JL SUDIRMAN NO 27,2013,[np.int64(219)],1,C000220,0.9891304347826088,Auto Match
Core Banking,CO_0000064,Lina Santoso,1997-08-03,8314141251,customer000988@example.com,Jl. Ahmad Yani No. 17,Jakarta,LINA SANTOSO,8314141251,customer000988@example.com,JL AHMAD YANI NO 17,1997,[np.int64(987)],1,C000988,1.0,Auto Match
Core Banking,CO_0000065,SariSaputra,1998-03-29,8723909311,customer001053@example.com,Jl. Sudirman No. 9,Bogor,SARISAPUTRA,8723909311,customer001053@example.com,JL SUDIRMAN NO 9,1998,[np.int64(1052)],1,C001053,0.9891304347826088,Auto Match
Core Banking,CO_0000066,DewiLestari,2007-03-27,8808247021,customer000234@examplecom,JALAN GATOT SUBROTO NO. 110,Bandung,DEWILESTARI,8808247021,customer000234@examplecom,JL GATOT SUBROTO NO 110,2007,[np.int64(233)],1,C000234,0.9832480818414323,Auto Match
Core Banking,CO_0000067,Hana Lestari,2000-09-01,628865933287,customer001704@example.com,Jl. Sudirman No. 186,Makassar,HANA LESTARI,08865933287,customer001704@example.com,JL SUDIRMAN NO 186,2000,[np.int64(1703)],1,C001704,0.9880952380952381,Auto Match
Core Banking,CO_0000068,Tono Santoso,1989-10-10,8711230830,customer000205@example.com,Jl. Sudirman No. 2,Semarang,TONO SANTOSO,8711230830,customer000205@example.com,JL SUDIRMAN NO 2,1989,[np.int64(204)],1,C000205,1.0,Auto Match
Core Banking,CO_0000069,BudiHidayat,2008-11-27,8643720783,customer000786@example.com,Jl. Merdeka No. 113,Tangerang,BUDIHIDAYAT,8643720783,customer000786@example.com,JL MERDEKA NO 113,2008,[np.int64(785)],1,C000786,0.9891304347826088,Auto Match
Core Banking,CO_0000070,DEWI SETIAWAN,2012-12-08,8193159241,customer001074@example.com,Jl. Gatot Subroto No. 64,Medan,DEWI SETIAWAN,8193159241,customer001074@example.com,JL GATOT SUBROTO NO 64,2012,[np.int64(1073)],1,C001074,1.0,Auto Match
Core Banking,CO_0000071,IWANSIREGAR,2004-02-29,8738050066,customer000529@example.com,Jl. Sudirman No. 154,Makassar,IWANSIREGAR,8738050066,customer000529@example.com,JL SUDIRMAN NO 154,2004,[np.int64(528)],1,C000529,0.9891304347826088,Auto Match
Core Banking,CO_0000072,Hana Santoso,1993-05-14,8248570741,customer001766@example.com,Jalan Diponegoro No. 115,Semarang,HANA SANTOSO,8248570741,customer001766@example.com,JL DIPONEGORO NO 115,1993,[np.int64(1765)],1,C001766,1.0,Auto Match
Core Banking,CO_0000073,BUDI NUGROHO,2001-05-20,8787070163,customer000945@example.com,Jl. Ahmad Yani No. 154,Makassar,BUDI NUGROHO,8787070163,customer000945@example.com,JL AHMAD YANI NO 154,2001,[np.int64(944)],1,C000945,1.0,Auto Match
Core Banking,CO_0000074,OSCAR LESTARI,2005-09-16,8865236145,customer000659@examplecom,JL. SUDIRMAN NO. 62,Surabaya,OSCAR LESTARI,8865236145,customer000659@examplecom,JL SUDIRMAN NO 62,2005,[np.int64(658)],1,C000659,0.9941176470588236,Auto Match
Core Banking,CO_0000075,BUDI KURNIAWAN,1991-02-17,628847555438,customer000216@example.com,Jl. Sudirman No. 49,Depok,BUDI KURNIAWAN,08847555438,customer000216@example.com,JL SUDIRMAN NO 49,1991,[np.int64(215)],1,C000216,0.9880952380952381,Auto Match
Core Banking,CO_0000076,EKO SANTOSO,2011-02-22,8238175464,customer001376@example.com,JALAN MERDEKA NO. 71,Bandung,EKO SANTOSO,8238175464,customer001376@example.com,JL MERDEKA NO 71,2011,[np.int64(1375)],1,C001376,1.0,Auto Match
Core Banking,CO_0000077,Karin Saputra,1996-03-23,628715600092,customer000374@example.com,JALAN DIPONEGORO NO. 94,Bogor,KARIN SAPUTRA,08715600092,customer000374@example.com,JL DIPONEGORO NO 94,1996,[np.int64(373)],1,C000374,0.9880952380952381,Auto Match
Core Banking,CO_0000078,LINANUGROHO,2016-03-13,628428666232,customer000378@example.com,Jl. Gatot Subroto No. 8,Depok,LINANUGROHO,08428666232,customer000378@example.com,JL GATOT SUBROTO NO 8,2016,[np.int64(377)],1,C000378,0.9772256728778469,Auto Match
Core Banking,CO_0000079,CITRA WIJAYA,1996-02-15,628945335365,customer001427@example.com,Jl. Merdeka No. 196,Bogor,CITRA WIJAYA,08945335365,customer001427@example.com,JL MERDEKA NO 196,1996,[np.int64(1426)],1,C001427,0.9880952380952381,Auto Match
Core Banking,CO_0000080,4ndi Nugroho,2002-08-06,628405692378,customer001609@example.com,Jalan Merdeka No. 81,Tangerang,4NDI NUGROHO,08405692378,customer001609@example.com,JL MERDEKA NO 81,2002,[np.int64(1608)],1,C001609,0.9672619047619048,Auto Match
Core Banking,CO_0000081,Maya Permata,1993-08-11,8115156873,customer000285@example.com,Jl. Diponegoro No. 42,Jakarta,MAYA PERMATA,8115156873,customer000285@example.com,JL DIPONEGORO NO 42,1993,[np.int64(284)],1,C000285,1.0,Auto Match
Core Banking,CO_0000082,Andi Permata,2007-12-05,628367406500,customer001132@example.com,Jl. Merdeka No. 44,Depok,ANDI PERMATA,08367406500,customer001132@example.com,JL MERDEKA NO 44,2007,[np.int64(1131)],1,C001132,0.9880952380952381,Auto Match
Core Banking,CO_0000083,LINA SANTOSO,2004-08-15,8683603352,customer000595@example.com,Jl. Merdeka No. 188,Depok,LINA SANTOSO,8683603352,customer000595@example.com,JL MERDEKA NO 188,2004,[np.int64(594)],1,C000595,1.0,Auto Match
Core Banking,CO_0000084,G1T4 PERM4T4,1989-06-30,8378003040,customer000304@examplecom,Jalan Ahmad Yani No. 22,Makassar,G1T4 PERM4T4,8378003040,customer000304@examplecom,JL AHMAD YANI NO 22,1989,[np.int64(303)],1,C000304,0.9107843137254902,Auto Match
Core Banking,CO_0000085,Budi Saputra,2002-08-19,628469307222,customer000044@example.com,Jl. Diponegoro No. 111,Medan,BUDI SAPUTRA,08469307222,customer000044@example.com,JL DIPONEGORO NO 111,2002,[np.int64(43)],1,C000044,0.9880952380952381,Auto Match
Core Banking,CO_0000086,Rina Lestari,1995-09-11,8515139140,customer000600@example.com,Jl. Gatot Subroto No. 46,Bogor,RINA LESTARI,8515139140,customer000600@example.com,JL GATOT SUBROTO NO 46,1995,[np.int64(599)],1,C000600,1.0,Auto Match
Core Banking,CO_0000087,TONO WIJAYA,2013-07-06,8434963765,customer001117@example.com,Jalan Diponegoro No. 12,Bandung,TONO WIJAYA,8434963765,customer001117@example.com,JL DIPONEGORO NO 12,2013,[np.int64(1116)],1,C001117,1.0,Auto Match
Core Banking,CO_0000088,Oscar Nugroho,1990-01-06,8328501978,customer000560@examplecom,Jalan Diponegoro No. 116,Bogor,OSCAR NUGROHO,8328501978,customer000560@examplecom,JL DIPONEGORO NO 116,1990,[np.int64(559)],1,C000560,0.9941176470588236,Auto Match
Core Banking,CO_0000089,DEW1 S4PUTR4,2007-12-04,8436529655,customer000615@example.com,Jl. Ahmad Yani No. 10,Surabaya,DEW1 S4PUTR4,8436529655,customer000615@example.com,JL AHMAD YANI NO 10,2007,[np.int64(614)],1,C000615,0.9375000000000001,Auto Match
Core Banking,CO_0000090,Karin Nugroho,1999-05-22,8648486430,customer001358@example.com,Jl. Merdeka No. 47,Bogor,KARIN NUGROHO,8648486430,customer001358@example.com,JL MERDEKA NO 47,1999,[np.int64(1357)],1,C001358,1.0,Auto Match
Core Banking,CO_0000091,Andi Ramadhan,1995-09-29,628795830877,customer000640@example.com,Jalan Merdeka No. 135,Bogor,ANDI RAMADHAN,08795830877,customer000640@example.com,JL MERDEKA NO 135,1995,[np.int64(639)],1,C000640,0.9880952380952381,Auto Match
Core Banking,CO_0000092,FAJAR PRATAMA,1989-08-07,8896646587,customer001542@example.com,Jl. Merdeka No. 159,Bogor,FAJAR PRATAMA,8896646587,customer001542@example.com,JL MERDEKA NO 159,1989,[np.int64(1541)],1,C001542,1.0,Auto Match
Core Banking,CO_0000093,Lina Santoso,2000-10-21,8555404695,customer000728@example.com,Jalan Diponegoro No. 172,Semarang,LINA SANTOSO,8555404695,customer000728@example.com,JL DIPONEGORO NO 172,2000,[np.int64(727)],1,C000728,1.0,Auto Match
Core Banking,CO_0000094,Nanda Ramadhan,1999-09-17,8592132113,customer000652@example.com,Jl. Sudirman No. 161,Surabaya,NANDA RAMADHAN,8592132113,customer000652@example.com,JL SUDIRMAN NO 161,1999,[np.int64(651)],1,C000652,1.0,Auto Match
Core Banking,CO_0000095,Gita Santoso,2012-08-02,8473415644,customer000548@example.com,Jl. Merdeka No. 4,Bogor,GITA SANTOSO,8473415644,customer000548@example.com,JL MERDEKA NO 4,2012,[np.int64(547)],1,C000548,1.0,Auto Match
Core Banking,CO_0000096,ANDI PRATAMA,2015-11-28,823376063,customer001235@examplecom,Jl. Ahmad Yani No. 151,Tangerang,ANDI PRATAMA,823376063,customer001235@examplecom,JL AHMAD YANI NO 151,2015,[np.int64(1234)],1,C001235,0.9809597523219814,Auto Match
Core Banking,CO_0000097,Gita Saputra,2000-08-16,8879648195,customer001136@example.com,Jl. Sudirman No. 13,Tangerang,GITA SAPUTRA,8879648195,customer001136@example.com,JL SUDIRMAN NO 13,2000,[np.int64(1135)],1,C001136,1.0,Auto Match
Core Banking,CO_0000098,Oscar Hidayat,2002-06-21,8403287956,customer001779@example.com,Jl. Sudirman No. 69,Bogor,OSCAR HIDAYAT,8403287956,customer001779@example.com,JL SUDIRMAN NO 69,2002,[np.int64(1778)],1,C001779,1.0,Auto Match
Core Banking,CO_0000099,GITA HIDAYAT,2004-03-26,873637233,customer000314@example.com,Jalan Gatot Subroto No. 87,Bogor,GITA HIDAYAT,873637233,customer000314@example.com,JL GATOT SUBROTO NO 87,2004,[np.int64(313)],1,C000314,0.986842105263158,Auto Match
Core Banking,CO_0000100,Dewi Hidayat,1998-02-05,8197518335,customer000094@examplecom,Jl. Merdeka No. 163,Semarang,DEWI HIDAYAT,8197518335,customer000094@examplecom,JL MERDEKA NO 163,1998,[np.int64(93)],1,C000094,0.9941176470588236,Auto Match
Core Banking,CO_0000101,Iwan Lestari,2010-03-24,628257480053,customer000078@example.com,Jl. Gatot Subroto No. 29,Bogor,IWAN LESTARI,08257480053,customer000078@example.com,JL GATOT SUBROTO NO 29,2010,[np.int64(77)],1,C000078,0.9880952380952381,Auto Match
Core Banking,CO_0000102,CitraKurniawan,1989-11-07,628303200592,customer001514@examplecom,JL. GATOT SUBROTO NO. 79,Surabaya,CITRAKURNIAWAN,08303200592,customer001514@examplecom,JL GATOT SUBROTO NO 79,1989,[],0,C001514,0.9735921954988892,Auto Match
Core Banking,CO_0000103,Eko Ramadhan,1996-10-24,62869338277,customer000646@example.com,JL. DIPONEGORO NO. 51,Tangerang,EKO RAMADHAN,0869338277,customer000646@example.com,JL DIPONEGORO NO 51,1996,[np.int64(645)],1,C000646,0.9750000000000001,Auto Match
Core Banking,CO_0000104,GITA WIJAYA,1993-12-09,8827297325,customer000161@example.com,JL. MERDEKA NO. 72,Tangerang,GITA WIJAYA,8827297325,customer000161@example.com,JL MERDEKA NO 72,1993,[np.int64(160)],1,C000161,1.0,Auto Match
Core Banking,CO_0000105,Rina Setiawan,2005-11-18,8591000400,customer000986@example.com,Jl. Diponegoro No. 135,Medan,RINA SETIAWAN,8591000400,customer000986@example.com,JL DIPONEGORO NO 135,2005,[np.int64(985)],1,C000986,1.0,Auto Match
Core Banking,CO_0000106,Joko Santoso,1995-08-28,8874507198,customer000028@example.com,Jl. Ahmad Yani No. 157,Makassar,JOKO SANTOSO,8874507198,customer000028@example.com,JL AHMAD YANI NO 157,1995,[np.int64(27)],1,C000028,1.0,Auto Match
Core Banking,CO_0000107,Joko Lestari,2001-03-10,894559035,customer000260@example.com,Jl. Sudirman No. 9,Depok,JOKO LESTARI,894559035,customer000260@example.com,JL SUDIRMAN NO 9,2001,[np.int64(259)],1,C000260,0.986842105263158,Auto Match
Core Banking,CO_0000108,BUDI HIDAYAT,2010-05-10,8148776042,customer000676@example.com,Jalan Diponegoro No. 47,Bekasi,BUDI HIDAYAT,8148776042,customer000676@example.com,JL DIPONEGORO NO 47,2010,[np.int64(675)],1,C000676,1.0,Auto Match
Core Banking,CO_0000109,Fajar Pratama,2012-09-06,8664202049,customer000851@example.com,Jl. Sudirman No. 73,Jakarta,FAJAR PRATAMA,8664202049,customer000851@example.com,JL SUDIRMAN NO 73,2012,[np.int64(850)],1,C000851,1.0,Auto Match
Core Banking,CO_0000110,Eko Setiawan,2011-10-27,8649968348,customer001334@example.com,Jl. Ahmad Yani No. 68,Surabaya,EKO SETIAWAN,8649968348,customer001334@example.com,JL AHMAD YANI NO 68,2011,[np.int64(1333)],1,C001334,1.0,Auto Match
Core Banking,CO_0000111,Joko Santoso,1999-12-15,8963082078,customer001726@example.com,Jl. Gatot Subroto No. 106,Depok,JOKO SANTOSO,8963082078,customer001726@example.com,JL GATOT SUBROTO NO 106,1999,[np.int64(1725)],1,C001726,1.0,Auto Match
Core Banking,CO_0000112,Iwan Ramadhan,2012-06-06,8124131858,customer000110@example.com,Jl. Gatot Subroto No. 84,Bekasi,IWAN RAMADHAN,8124131858,customer000110@example.com,JL GATOT SUBROTO NO 84,2012,[np.int64(109)],1,C000110,1.0,Auto Match
Core Banking,CO_0000113,Citra Siregar,1995-12-08,8261554657,customer001212@example.com,Jl. Merdeka No. 69,Jakarta,CITRA SIREGAR,8261554657,customer001212@example.com,JL MERDEKA NO 69,1995,[np.int64(1211)],1,C001212,1.0,Auto Match
Core Banking,CO_0000114,Putri Nugroho,1993-06-13,62865190571,customer000107@example.com,Jl. Merdeka No. 116,Medan,PUTRI NUGROHO,0865190571,customer000107@example.com,JL MERDEKA NO 116,1993,[np.int64(106)],1,C000107,0.9750000000000001,Auto Match
Core Banking,CO_0000115,Karin Kurniawan,1998-08-10,8688514886,customer000466@example.com,Jl. Ahmad Yani No. 84,Depok,KARIN KURNIAWAN,8688514886,customer000466@example.com,JL AHMAD YANI NO 84,1998,[np.int64(465)],1,C000466,1.0,Auto Match
Core Banking,CO_0000116,BUDIKURNIAWAN,1992-10-01,8782342009,customer000518@example.com,Jl. Diponegoro No. 35,Bekasi,BUDIKURNIAWAN,8782342009,customer000518@example.com,JL DIPONEGORO NO 35,1992,[np.int64(517)],1,C000518,0.9907407407407408,Auto Match
Core Banking,CO_0000117,Karin Setiawan,1990-06-03,835074544,customer000527@example.com,Jl. Merdeka No. 78,Surabaya,KARIN SETIAWAN,835074544,customer000527@example.com,JL MERDEKA NO 78,1990,[np.int64(526)],1,C000527,0.986842105263158,Auto Match
Core Banking,CO_0000118,Sari Nugroho,2007-09-28,628655612389,customer000601@example.com,JL. MERDEKA NO. 191,Surabaya,SARI NUGROHO,08655612389,customer000601@example.com,JL MERDEKA NO 191,2007,[np.int64(600)],1,C000601,0.9880952380952381,Auto Match
Core Banking,CO_0000119,Citra Nugroho,2005-02-05,876996322,customer001750@examplecom,JL. GATOT SUBROTO NO. 176,Surabaya,CITRA NUGROHO,876996322,customer001750@examplecom,JL GATOT SUBROTO NO 176,2005,[np.int64(1749)],1,C001750,0.9809597523219814,Auto Match
Core Banking,CO_0000120,TonoHidayat,2008-03-24,8341662282,customer001145@example.com,Jl. Gatot Subroto No. 132,Tangerang,TONOHIDAYAT,8341662282,customer001145@example.com,JL GATOT SUBROTO NO 132,2008,[np.int64(1144)],1,C001145,0.9891304347826088,Auto Match
Core Banking,CO_0000121,4ndi Hidayat,1994-01-01,8206636726,customer000288@example.com,Jl. Sudirman No. 147,Depok,4NDI HIDAYAT,8206636726,customer000288@example.com,JL SUDIRMAN NO 147,1994,[np.int64(287)],1,C000288,0.9791666666666667,Auto Match
Core Banking,CO_0000122,Dewi Ramadhan,1990-12-21,628533020890,customer001759@example.com,Jl. Ahmad Yani No. 96,Makassar,DEWI RAMADHAN,08533020890,customer001759@example.com,JL AHMAD YANI NO 96,1990,[np.int64(1758)],1,C001759,0.9880952380952381,Auto Match
Core Banking,CO_0000123,Hana Nugroho,2015-02-22,8330345173,customer001002@example.com,Jalan Sudirman No. 130,Jakarta,HANA NUGROHO,8330345173,customer001002@example.com,JL SUDIRMAN NO 130,2015,[np.int64(1001)],1,C001002,1.0,Auto Match
Core Banking,CO_0000124,Gita Setiawan,2008-06-26,8316426198,customer001607@example.com,Jalan Ahmad Yani No. 132,Depok,GITA SETIAWAN,8316426198,customer001607@example.com,JL AHMAD YANI NO 132,2008,[np.int64(1606)],1,C001607,1.0,Auto Match
Core Banking,CO_0000125,Dewi Kurniawan,2004-04-26,628804554338,customer000597@example.com,Jalan Merdeka No. 85,Bandung,DEWI KURNIAWAN,08804554338,customer000597@example.com,JL MERDEKA NO 85,2004,[np.int64(596)],1,C000597,0.9880952380952381,Auto Match
Core Banking,CO_0000126,CitraPermata,2006-02-22,8226368893,customer001462@example.com,JL. MERDEKA NO. 194,Bekasi,CITRAPERMATA,8226368893,customer001462@example.com,JL MERDEKA NO 194,2006,[np.int64(1461)],1,C001462,0.9900000000000001,Auto Match
Core Banking,CO_0000127,Joko Santoso,2007-06-30,8456302669,customer000759@example.com,Jalan Gatot Subroto No. 140,Depok,JOKO SANTOSO,8456302669,customer000759@example.com,JL GATOT SUBROTO NO 140,2007,[np.int64(758)],1,C000759,1.0,Auto Match
Core Banking,CO_0000128,TONO PERMATA,1992-01-12,628870366256,customer001317@example.com,Jl. Diponegoro No. 3,Depok,TONO PERMATA,08870366256,customer001317@example.com,JL DIPONEGORO NO 3,1992,[np.int64(1316)],1,C001317,0.9880952380952381,Auto Match
Core Banking,CO_0000129,NandaRamadhan,2000-02-18,628441747393,customer000575@examplecom,Jl. Merdeka No. 99,Bekasi,NANDARAMADHAN,08441747393,customer000575@examplecom,JL MERDEKA NO 99,2000,[],0,C000575,0.9729536258948023,Auto Match
Core Banking,CO_0000130,JOKO PRATAMA,1994-05-09,8408042166,customer001196@example.com,JALAN DIPONEGORO NO. 82,Makassar,JOKO PRATAMA,8408042166,customer001196@example.com,JL DIPONEGORO NO 82,1994,[np.int64(1195)],1,C001196,1.0,Auto Match
Core Banking,CO_0000131,DEWI HIDAYAT,2013-11-29,8770939738,customer000481@example.com,JL. SUDIRMAN NO. 116,Medan,DEWI HIDAYAT,8770939738,customer000481@example.com,JL SUDIRMAN NO 116,2013,[np.int64(480)],1,C000481,1.0,Auto Match
Core Banking,CO_0000132,TonoRamadhan,2001-02-09,8922764843,customer001601@example.com,JL. GATOT SUBROTO NO. 41,Medan,TONORAMADHAN,8922764843,customer001601@example.com,JL GATOT SUBROTO NO 41,2001,[np.int64(1600)],1,C001601,0.9900000000000001,Auto Match
Core Banking,CO_0000133,Joko Wijaya,1989-09-06,8828854866,customer000927@example.com,Jl. Sudirman No. 162,Tangerang,JOKO WIJAYA,8828854866,customer000927@example.com,JL SUDIRMAN NO 162,1989,[np.int64(926)],1,C000927,1.0,Auto Match
Core Banking,CO_0000134,Maya Permata,1998-03-21,8403242659,customer000172@examplecom,Jl. Diponegoro No. 67,Bogor,MAYA PERMATA,8403242659,customer000172@examplecom,JL DIPONEGORO NO 67,1998,[np.int64(171)],1,C000172,0.9941176470588236,Auto Match
Core Banking,CO_0000135,Dewi Ramadhan,2006-01-03,8642301088,customer001523@example.com,Jl. Ahmad Yani No. 150,Bekasi,DEWI RAMADHAN,8642301088,customer001523@example.com,JL AHMAD YANI NO 150,2006,[np.int64(1522)],1,C001523,1.0,Auto Match
Core Banking,CO_0000136,JOKO SIREGAR,2007-06-17,8183285089,customer000139@example.com,Jalan Diponegoro No. 78,Medan,JOKO SIREGAR,8183285089,customer000139@example.com,JL DIPONEGORO NO 78,2007,[np.int64(138)],1,C000139,1.0,Auto Match
Core Banking,CO_0000137,Andi Setiawan,1994-07-23,628247828048,customer000892@example.com,Jl. Merdeka No. 90,Bandung,ANDI SETIAWAN,08247828048,customer000892@example.com,JL MERDEKA NO 90,1994,[np.int64(891)],1,C000892,0.9880952380952381,Auto Match
Core Banking,CO_0000138,Hana Wijaya,1989-09-23,8958726597,customer000963@example.com,Jalan Sudirman No. 91,Depok,HANA WIJAYA,8958726597,customer000963@example.com,JL SUDIRMAN NO 91,1989,[np.int64(962)],1,C000963,1.0,Auto Match
Core Banking,CO_0000139,Oscar Permata,2007-08-23,8371466202,customer000570@example.com,Jl. Diponegoro No. 89,Bogor,OSCAR PERMATA,8371466202,customer000570@example.com,JL DIPONEGORO NO 89,2007,[np.int64(569)],1,C000570,1.0,Auto Match
Core Banking,CO_0000140,JOKOPRATAMA,1996-09-20,8720007306,customer000716@example.com,Jl. Sudirman No. 4,Makassar,JOKOPRATAMA,8720007306,customer000716@example.com,JL SUDIRMAN NO 4,1996,[np.int64(715)],1,C000716,0.9891304347826088,Auto Match
Core Banking,CO_0000141,TONO KURNIAWAN,1993-11-03,8850236933,customer001777@examplecom,Jl. Gatot Subroto No. 174,Tangerang,TONO KURNIAWAN,8850236933,customer001777@examplecom,JL GATOT SUBROTO NO 174,1993,[np.int64(1776)],1,C001777,0.9941176470588236,Auto Match
Core Banking,CO_0000142,OSCAR SIREGAR,2014-05-21,62893201177,customer001623@example.com,Jalan Sudirman No. 125,Bandung,OSCAR SIREGAR,0893201177,customer001623@example.com,JL SUDIRMAN NO 125,2014,[np.int64(1622)],1,C001623,0.9750000000000001,Auto Match
Core Banking,CO_0000143,Dewi Pratama,2012-05-27,8648708978,customer000206@example.com,Jl. Sudirman No. 44,Bekasi,DEWI PRATAMA,8648708978,customer000206@example.com,JL SUDIRMAN NO 44,2012,[np.int64(205)],1,C000206,1.0,Auto Match
Core Banking,CO_0000144,Sari Wijaya,2003-08-12,8403003726,customer001236@example.com,Jalan Merdeka No. 13,Depok,SARI WIJAYA,8403003726,customer001236@example.com,JL MERDEKA NO 13,2003,[np.int64(1235)],1,C001236,1.0,Auto Match
Core Banking,CO_0000145,FAJAR SANTOSO,1993-08-16,8686119206,customer000620@examplecom,Jl. Merdeka No. 169,Bogor,FAJAR SANTOSO,8686119206,customer000620@examplecom,JL MERDEKA NO 169,1993,[np.int64(619)],1,C000620,0.9941176470588236,Auto Match
Core Banking,CO_0000146,Maya Hidayat,2013-08-20,628164135447,customer000734@example.com,Jl. Gatot Subroto No. 194,Bandung,MAYA HIDAYAT,08164135447,customer000734@example.com,JL GATOT SUBROTO NO 194,2013,[np.int64(733)],1,C000734,0.9880952380952381,Auto Match
Core Banking,CO_0000147,Budi Saputra,1999-04-08,628611030246,customer000348@examplecom,Jalan Diponegoro No. 161,Semarang,BUDI SAPUTRA,08611030246,customer000348@examplecom,JL DIPONEGORO NO 161,1999,[np.int64(347)],1,C000348,0.9822128851540616,Auto Match
Core Banking,CO_0000148,RINA NUGROHO,2000-09-02,8391444301,customer000962@example.com,Jl. Sudirman No. 4,Tangerang,RINA NUGROHO,8391444301,customer000962@example.com,JL SUDIRMAN NO 4,2000,[np.int64(961)],1,C000962,1.0,Auto Match
Core Banking,CO_0000149,Putri Santoso,2014-04-07,8799216348,customer000735@examplecom,JL. MERDEKA NO. 118,Jakarta,PUTRI SANTOSO,8799216348,customer000735@examplecom,JL MERDEKA NO 118,2014,[np.int64(734)],1,C000735,0.9941176470588236,Auto Match
Core Banking,CO_0000150,Oscar Pratama,1993-09-16,835055970,customer001576@example.com,Jl. Gatot Subroto No. 59,Surabaya,OSCAR PRATAMA,835055970,customer001576@example.com,JL GATOT SUBROTO NO 59,1993,[np.int64(1575)],1,C001576,0.986842105263158,Auto Match
Core Banking,CO_0000151,EKO S4NTOSO,2008-01-22,628110628179,customer000429@example.com,Jalan Merdeka No. 108,Bandung,EKO S4NTOSO,08110628179,customer000429@example.com,JL MERDEKA NO 108,2008,[np.int64(428)],1,C000429,0.9653679653679654,Auto Match
Core Banking,CO_0000152,NANDA RAMADHAN,1998-08-01,628236497337,customer000603@example.com,Jl. Sudirman No. 60,Semarang,NANDA RAMADHAN,08236497337,customer000603@example.com,JL SUDIRMAN NO 60,1998,[np.int64(602)],1,C000603,0.9880952380952381,Auto Match
Core Banking,CO_0000153,Eko Saputra,1990-10-27,8612675003,customer000319@example.com,JL. AHMAD YANI NO. 67,Bogor,EKO SAPUTRA,8612675003,customer000319@example.com,JL AHMAD YANI NO 67,1990,[np.int64(318)],1,C000319,1.0,Auto Match
Core Banking,CO_0000154,Citra Pratama,2014-08-09,8644045528,customer000488@example.com,Jl. Diponegoro No. 100,Bandung,CITRA PRATAMA,8644045528,customer000488@example.com,JL DIPONEGORO NO 100,2014,[np.int64(487)],1,C000488,1.0,Auto Match
Core Banking,CO_0000155,Gita Hidayat,2009-09-23,8678456756,customer001546@example.com,Jl. Merdeka No. 107,Bandung,GITA HIDAYAT,8678456756,customer001546@example.com,JL MERDEKA NO 107,2009,[np.int64(1545)],1,C001546,1.0,Auto Match
Core Banking,CO_0000156,Budi Permata,2010-04-02,8685866146,customer000706@example.com,Jl. Gatot Subroto No. 123,Bekasi,BUDI PERMATA,8685866146,customer000706@example.com,JL GATOT SUBROTO NO 123,2010,[np.int64(705)],1,C000706,1.0,Auto Match
Core Banking,CO_0000157,PUTRI SETIAWAN,2013-12-18,628572583909,customer000104@example.com,JL. AHMAD YANI NO. 175,Tangerang,PUTRI SETIAWAN,08572583909,customer000104@example.com,JL AHMAD YANI NO 175,2013,[np.int64(103)],1,C000104,0.9880952380952381,Auto Match
Core Banking,CO_0000158,Joko Saputra,2009-12-15,8817548997,customer000184@example.com,Jl. Ahmad Yani No. 198,Makassar,JOKO SAPUTRA,8817548997,customer000184@example.com,JL AHMAD YANI NO 198,2009,[np.int64(183)],1,C000184,1.0,Auto Match
Core Banking,CO_0000159,TONO LESTARI,2002-12-03,8624044864,customer000534@example.com,Jl. Sudirman No. 156,Tangerang,TONO LESTARI,8624044864,customer000534@example.com,JL SUDIRMAN NO 156,2002,[np.int64(533)],1,C000534,1.0,Auto Match
Core Banking,CO_0000160,HANA PERMATA,2006-10-16,62849614368,customer001506@example.com,Jl. Merdeka No. 156,Surabaya,HANA PERMATA,0849614368,customer001506@example.com,JL MERDEKA NO 156,2006,[np.int64(1505)],1,C001506,0.9750000000000001,Auto Match
Core Banking,CO_0000161,Oscar Kurniawan,1998-05-10,628340569701,customer000641@examplecom,Jl. Diponegoro No. 58,Jakarta,OSCAR KURNIAWAN,08340569701,customer000641@examplecom,JL DIPONEGORO NO 58,1998,[np.int64(640)],1,C000641,0.9822128851540616,Auto Match
Core Banking,CO_0000162,Gita Nugroho,2003-01-13,867198716,customer000573@examplecom,Jl. Merdeka No. 139,Semarang,GITA NUGROHO,867198716,customer000573@examplecom,JL MERDEKA NO 139,2003,[np.int64(572)],1,C000573,0.9809597523219814,Auto Match
Core Banking,CO_0000163,Tono Hidayat,2005-10-08,8538283873,customer000989@example.com,Jl. Diponegoro No. 147,Bandung,TONO HIDAYAT,8538283873,customer000989@example.com,JL DIPONEGORO NO 147,2005,[np.int64(988)],1,C000989,1.0,Auto Match
Core Banking,CO_0000164,Maya Kurniawan,2016-01-02,8819562554,customer000653@example.com,Jalan Gatot Subroto No. 160,Bekasi,MAYA KURNIAWAN,8819562554,customer000653@example.com,JL GATOT SUBROTO NO 160,2016,[np.int64(652)],1,C000653,1.0,Auto Match
Core Banking,CO_0000165,DEWISETIAWAN,2002-10-13,8302723023,customer001407@example.com,Jl. Gatot Subroto No. 66,Semarang,DEWISETIAWAN,8302723023,customer001407@example.com,JL GATOT SUBROTO NO 66,2002,[np.int64(1406)],1,C001407,0.9900000000000001,Auto Match
Core Banking,CO_0000166,JOKO PRATAMA,2012-03-07,8756889648,customer001722@examplecom,Jl. Merdeka No. 127,Tangerang,JOKO PRATAMA,8756889648,customer001722@examplecom,JL MERDEKA NO 127,2012,[np.int64(1721)],1,C001722,0.9941176470588236,Auto Match
Core Banking,CO_0000167,BUDISANTOSO,1989-04-02,8456999324,customer000511@example.com,Jalan Ahmad Yani No. 40,Makassar,BUDISANTOSO,8456999324,customer000511@example.com,JL AHMAD YANI NO 40,1989,[np.int64(510)],1,C000511,0.9891304347826088,Auto Match
Core Banking,CO_0000168,Gita Wijaya,1991-10-08,628470586724,customer000375@examplecom,Jl. Diponegoro No. 143,Semarang,GITA WIJAYA,08470586724,customer000375@examplecom,JL DIPONEGORO NO 143,1991,[np.int64(374)],1,C000375,0.9822128851540616,Auto Match
Core Banking,CO_0000169,SariSantoso,2013-02-12,8522199779,customer001790@example.com,JALAN MERDEKA NO. 114,Makassar,SARISANTOSO,8522199779,customer001790@example.com,JL MERDEKA NO 114,2013,[np.int64(1789)],1,C001790,0.9891304347826088,Auto Match
Core Banking,CO_0000170,FAJAR SANTOSO,2013-12-22,8620548195,customer000150@examplecom,JALAN MERDEKA NO. 19,Semarang,FAJAR SANTOSO,8620548195,customer000150@examplecom,JL MERDEKA NO 19,2013,[np.int64(149)],1,C000150,0.9941176470588236,Auto Match
Core Banking,CO_0000171,Rina Ramadhan,1996-10-27,8231833020,customer000434@examplecom,JALAN DIPONEGORO NO. 52,Depok,RINA RAMADHAN,8231833020,customer000434@examplecom,JL DIPONEGORO NO 52,1996,[np.int64(433)],1,C000434,0.9941176470588236,Auto Match
Core Banking,CO_0000172,CitraLestari,2015-04-04,8862186781,customer001043@example.com,Jl. Sudirman No. 95,Makassar,CITRALESTARI,8862186781,customer001043@example.com,JL SUDIRMAN NO 95,2015,[np.int64(1042)],1,C001043,0.9900000000000001,Auto Match
Core Banking,CO_0000173,VinaWijaya,2008-02-20,8629331712,customer000376@example.com,Jl. Diponegoro No. 11,Bekasi,VINAWIJAYA,8629331712,customer000376@example.com,JL DIPONEGORO NO 11,2008,[np.int64(375)],1,C000376,0.9880952380952382,Auto Match
Core Banking,CO_0000174,Putri Wijaya,2009-01-13,880405553,customer001252@examplecom,Jl. Merdeka No. 170,Bekasi,PUTRI WIJAYA,880405553,customer001252@examplecom,JL MERDEKA NO 170,2009,[np.int64(1251)],1,C001252,0.9809597523219814,Auto Match
Core Banking,CO_0000175,Karin Permata,2016-02-19,8742124876,customer000148@example.com,Jl. Diponegoro No. 149,Bandung,KARIN PERMATA,8742124876,customer000148@example.com,JL DIPONEGORO NO 149,2016,[np.int64(147)],1,C000148,1.0,Auto Match
Core Banking,CO_0000176,HANA RAMADHAN,1993-05-10,628728585698,customer000101@example.com,Jalan Diponegoro No. 72,Semarang,HANA RAMADHAN,08728585698,customer000101@example.com,JL DIPONEGORO NO 72,1993,[np.int64(100)],1,C000101,0.9880952380952381,Auto Match
Core Banking,CO_0000177,Maya Ramadhan,1998-04-27,8704664372,customer001574@examplecom,Jalan Ahmad Yani No. 125,Depok,MAYA RAMADHAN,8704664372,customer001574@examplecom,JL AHMAD YANI NO 125,1998,[np.int64(1573)],1,C001574,0.9941176470588236,Auto Match
Core Banking,CO_0000178,Maya Siregar,2003-05-11,628184209746,customer000301@example.com,Jl. Diponegoro No. 34,Surabaya,MAYA SIREGAR,08184209746,customer000301@example.com,JL DIPONEGORO NO 34,2003,[np.int64(300)],1,C000301,0.9880952380952381,Auto Match
Core Banking,CO_0000179,NANDA WIJAYA,2015-04-06,8288484552,customer000240@example.com,Jl. Merdeka No. 65,Makassar,NANDA WIJAYA,8288484552,customer000240@example.com,JL MERDEKA NO 65,2015,[np.int64(239)],1,C000240,1.0,Auto Match
Core Banking,CO_0000180,Citra Kurniawan,1997-01-13,8380100797,customer001032@example.com,JL. DIPONEGORO NO. 41,Tangerang,CITRA KURNIAWAN,8380100797,customer001032@example.com,JL DIPONEGORO NO 41,1997,[np.int64(1031)],1,C001032,1.0,Auto Match
Core Banking,CO_0000181,EkoSetiawan,2006-10-02,628597878767,customer001420@example.com,Jalan Ahmad Yani No. 42,Semarang,EKOSETIAWAN,08597878767,customer001420@example.com,JL AHMAD YANI NO 42,2006,[np.int64(1419)],1,C001420,0.9772256728778469,Auto Match
Core Banking,CO_0000182,Nanda Wijaya,1995-03-28,8972979468,customer001330@example.com,Jl. Diponegoro No. 137,Bandung,NANDA WIJAYA,8972979468,customer001330@example.com,JL DIPONEGORO NO 137,1995,[np.int64(1329)],1,C001330,1.0,Auto Match
Core Banking,CO_0000183,Karin Nugroho,2003-02-14,8771300755,customer001480@example.com,Jl. Diponegoro No. 104,Depok,KARIN NUGROHO,8771300755,customer001480@example.com,JL DIPONEGORO NO 104,2003,[np.int64(1479)],1,C001480,1.0,Auto Match
Core Banking,CO_0000184,Karin Lestari,1997-10-31,874343187,customer000777@examplecom,Jl. Ahmad Yani No. 172,Surabaya,KARIN LESTARI,874343187,customer000777@examplecom,JL AHMAD YANI NO 172,1997,[np.int64(776)],1,C000777,0.9809597523219814,Auto Match
Core Banking,CO_0000185,ANDI SIREGAR,2016-02-15,628913177721,customer000185@examplecom,Jalan Sudirman No. 186,Bekasi,ANDI SIREGAR,08913177721,customer000185@examplecom,JL SUDIRMAN NO 186,2016,[np.int64(184)],1,C000185,0.9822128851540616,Auto Match
Core Banking,CO_0000186,Eko Setiawan,1992-04-26,8159953674,customer000782@example.com,JALAN GATOT SUBROTO NO. 199,Surabaya,EKO SETIAWAN,8159953674,customer000782@example.com,JL GATOT SUBROTO NO 199,1992,[np.int64(781)],1,C000782,1.0,Auto Match
Core Banking,CO_0000187,Vina Nugroho,2011-09-12,8988345205,customer001678@example.com,Jalan Merdeka No. 4,Bandung,VINA NUGROHO,8988345205,customer001678@example.com,JL MERDEKA NO 4,2011,[np.int64(1677)],1,C001678,1.0,Auto Match
Core Banking,CO_0000188,Tono Ramadhan,1997-03-09,862123387,customer001049@example.com,Jl. Diponegoro No. 168,Bekasi,TONO RAMADHAN,862123387,customer001049@example.com,JL DIPONEGORO NO 168,1997,[np.int64(1048)],1,C001049,0.986842105263158,Auto Match
Core Banking,CO_0000189,PutriSiregar,2015-06-03,628485561923,customer000045@example.com,Jalan Merdeka No. 110,Jakarta,PUTRISIREGAR,08485561923,customer000045@example.com,JL MERDEKA NO 110,2015,[np.int64(44)],1,C000045,0.9780952380952381,Auto Match
Core Banking,CO_0000190,Gita Wijaya,2004-03-11,628321828267,customer001511@examplecom,Jl. Ahmad Yani No. 148,Tangerang,GITA WIJAYA,08321828267,customer001511@examplecom,JL AHMAD YANI NO 148,2004,[np.int64(1510)],1,C001511,0.9822128851540616,Auto Match
Core Banking,CO_0000191,ANDI WIJAYA,2001-02-14,8571081462,customer001165@examplecom,Jl. Gatot Subroto No. 186,Makassar,ANDI WIJAYA,8571081462,customer001165@examplecom,JL GATOT SUBROTO NO 186,2001,[np.int64(1164)],1,C001165,0.9941176470588236,Auto Match
Core Banking,CO_0000192,MayaSaputra,1993-04-02,8645341936,customer001651@example.com,Jl. Ahmad Yani No. 5,Bandung,MAYASAPUTRA,8645341936,customer001651@example.com,JL AHMAD YANI NO 5,1993,[np.int64(1650)],1,C001651,0.9891304347826088,Auto Match
Core Banking,CO_0000193,Dewi Pratama,2002-05-16,8184689375,customer000828@example.com,Jl. Gatot Subroto No. 179,Medan,DEWI PRATAMA,8184689375,customer000828@example.com,JL GATOT SUBROTO NO 179,2002,[np.int64(827)],1,C000828,1.0,Auto Match
Core Banking,CO_0000194,Hana Permata,1997-08-21,8244109040,customer000969@examplecom,Jl. Ahmad Yani No. 79,Medan,HANA PERMATA,8244109040,customer000969@examplecom,JL AHMAD YANI NO 79,1997,[np.int64(968)],1,C000969,0.9941176470588236,Auto Match
Core Banking,CO_0000195,Andi Ramadhan,1992-06-29,8242309650,customer001753@example.com,Jalan Gatot Subroto No. 163,Tangerang,ANDI RAMADHAN,8242309650,customer001753@example.com,JL GATOT SUBROTO NO 163,1992,[np.int64(1752)],1,C001753,1.0,Auto Match
Core Banking,CO_0000196,Karin Setiawan,2001-07-19,628854079233,customer000447@examplecom,JALAN GATOT SUBROTO NO. 142,Tangerang,KARIN SETIAWAN,08854079233,customer000447@examplecom,JL GATOT SUBROTO NO 142,2001,[np.int64(446)],1,C000447,0.9822128851540616,Auto Match
Core Banking,CO_0000197,Tono Ramadhan,1992-10-23,628430018804,customer001057@examplecom,Jl. Gatot Subroto No. 177,Bandung,TONO RAMADHAN,08430018804,customer001057@examplecom,JL GATOT SUBROTO NO 177,1992,[np.int64(1056)],1,C001057,0.9822128851540616,Auto Match
Core Banking,CO_0000198,Citra Setiawan,2014-01-27,8651167787,customer000914@examplecom,Jl. Ahmad Yani No. 159,Medan,CITRA SETIAWAN,8651167787,customer000914@examplecom,JL AHMAD YANI NO 159,2014,[np.int64(913)],1,C000914,0.9941176470588236,Auto Match
Core Banking,CO_0000199,Vina Setiawan,1992-08-25,810865991,customer000174@example.com,Jl. Gatot Subroto No. 150,Bogor,VINA SETIAWAN,810865991,customer000174@example.com,JL GATOT SUBROTO NO 150,1992,[np.int64(173)],1,C000174,0.986842105263158,Auto Match
Core Banking,CO_0000200,Joko Hidayat,2002-01-29,628746820703,customer001006@examplecom,Jl. Gatot Subroto No. 190,Bandung,JOKO HIDAYAT,08746820703,customer001006@examplecom,JL GATOT SUBROTO NO 190,2002,[np.int64(1005)],1,C001006,0.9822128851540616,Auto Match
Core Banking,CO_0000201,Karin Siregar,1998-05-23,8692685344,customer000789@example.com,Jl. Merdeka No. 127,Bogor,KARIN SIREGAR,8692685344,customer000789@example.com,JL MERDEKA NO 127,1998,[np.int64(788)],1,C000789,1.0,Auto Match
Core Banking,CO_0000202,FAJAR PERMATA,2011-01-13,62844317942,customer001696@example.com,Jl. Ahmad Yani No. 12,Surabaya,FAJAR PERMATA,0844317942,customer001696@example.com,JL AHMAD YANI NO 12,2011,[np.int64(1695)],1,C001696,0.9750000000000001,Auto Match
Core Banking,CO_0000203,Tono Saputra,1999-03-14,8580208162,customer000077@examplecom,Jalan Sudirman No. 76,Bekasi,TONO SAPUTRA,8580208162,customer000077@examplecom,JL SUDIRMAN NO 76,1999,[np.int64(76)],1,C000077,0.9941176470588236,Auto Match
Core Banking,CO_0000204,KARIN HIDAYAT,2000-11-22,628839595752,customer001070@example.com,Jl. Merdeka No. 149,Makassar,KARIN HIDAYAT,08839595752,customer001070@example.com,JL MERDEKA NO 149,2000,[np.int64(1069)],1,C001070,0.9880952380952381,Auto Match
Core Banking,CO_0000205,Dewi Ramadhan,2015-10-03,8865255315,customer001193@example.com,Jl. Merdeka No. 34,Bogor,DEWI RAMADHAN,8865255315,customer001193@example.com,JL MERDEKA NO 34,2015,[np.int64(1192)],1,C001193,1.0,Auto Match
Core Banking,CO_0000206,Lina Hidayat,2005-12-24,861823944,customer001614@example.com,Jl. Gatot Subroto No. 2,Makassar,LINA HIDAYAT,861823944,customer001614@example.com,JL GATOT SUBROTO NO 2,2005,[np.int64(1613)],1,C001614,0.986842105263158,Auto Match
Core Banking,CO_0000207,Tono Saputra,1999-11-14,8198754230,customer001199@examplecom,JALAN SUDIRMAN NO. 153,Semarang,TONO SAPUTRA,8198754230,customer001199@examplecom,JL SUDIRMAN NO 153,1999,[np.int64(1198)],1,C001199,0.9941176470588236,Auto Match
Core Banking,CO_0000208,Andi Permata,1999-06-30,628993040008,customer001476@example.com,JL. AHMAD YANI NO. 117,Semarang,ANDI PERMATA,08993040008,customer001476@example.com,JL AHMAD YANI NO 117,1999,[np.int64(1475)],1,C001476,0.9880952380952381,Auto Match
Core Banking,CO_0000209,Eko Kurniawan,2010-02-17,8457352244,customer001147@example.com,Jalan Sudirman No. 170,Semarang,EKO KURNIAWAN,8457352244,customer001147@example.com,JL SUDIRMAN NO 170,2010,[np.int64(1146)],1,C001147,1.0,Auto Match
Core Banking,CO_0000210,Karin Wijaya,2011-01-14,8242816015,customer000671@example.com,Jl. Merdeka No. 27,Surabaya,KARIN WIJAYA,8242816015,customer000671@example.com,JL MERDEKA NO 27,2011,[np.int64(670)],1,C000671,1.0,Auto Match
Core Banking,CO_0000211,Rina Hidayat,2006-09-29,8328931662,customer000047@examplecom,Jl. Diponegoro No. 57,Bekasi,RINA HIDAYAT,8328931662,customer000047@examplecom,JL DIPONEGORO NO 57,2006,[np.int64(46)],1,C000047,0.9941176470588236,Auto Match
Core Banking,CO_0000212,GITA PERMATA,2003-08-03,860183873,customer001213@examplecom,Jalan Gatot Subroto No. 54,Tangerang,GITA PERMATA,860183873,customer001213@examplecom,JL GATOT SUBROTO NO 54,2003,[np.int64(1212)],1,C001213,0.9809597523219814,Auto Match
Core Banking,CO_0000213,Hana Nugroho,2010-04-10,8126764607,customer000027@example.com,Jl. Merdeka No. 91,Makassar,HANA NUGROHO,8126764607,customer000027@example.com,JL MERDEKA NO 91,2010,[np.int64(26)],1,C000027,1.0,Auto Match
Core Banking,CO_0000214,Karin Permata,2002-03-30,8556523768,customer001126@example.com,Jl. Ahmad Yani No. 197,Tangerang,KARIN PERMATA,8556523768,customer001126@example.com,JL AHMAD YANI NO 197,2002,[np.int64(1125)],1,C001126,1.0,Auto Match
Core Banking,CO_0000215,Oscar Hidayat,1995-10-21,8103781934,customer001503@example.com,Jl. Sudirman No. 193,Medan,OSCAR HIDAYAT,8103781934,customer001503@example.com,JL SUDIRMAN NO 193,1995,[np.int64(1502)],1,C001503,1.0,Auto Match
Core Banking,CO_0000216,Nanda Hidayat,2005-07-30,8142726147,customer000665@example.com,Jl. Gatot Subroto No. 112,Bandung,NANDA HIDAYAT,8142726147,customer000665@example.com,JL GATOT SUBROTO NO 112,2005,[np.int64(664)],1,C000665,1.0,Auto Match
Core Banking,CO_0000217,Tono Permata,1993-09-30,8131572597,customer000090@example.com,Jalan Ahmad Yani No. 134,Bogor,TONO PERMATA,8131572597,customer000090@example.com,JL AHMAD YANI NO 134,1993,[np.int64(89)],1,C000090,1.0,Auto Match
Core Banking,CO_0000218,Fajar Kurniawan,2002-11-11,8687508501,customer000106@example.com,Jalan Gatot Subroto No. 46,Bogor,FAJAR KURNIAWAN,8687508501,customer000106@example.com,JL GATOT SUBROTO NO 46,2002,[np.int64(105)],1,C000106,1.0,Auto Match
Core Banking,CO_0000219,Oscar Wijaya,1999-07-10,628800325015,customer000364@example.com,JL. MERDEKA NO. 11,Surabaya,OSCAR WIJAYA,08800325015,customer000364@example.com,JL MERDEKA NO 11,1999,[np.int64(363)],1,C000364,0.9880952380952381,Auto Match
Core Banking,CO_0000220,Oscar Setiawan,2011-10-20,8568693546,customer001066@example.com,Jalan Sudirman No. 2,Medan,OSCAR SETIAWAN,8568693546,customer001066@example.com,JL SUDIRMAN NO 2,2011,[np.int64(1065)],1,C001066,1.0,Auto Match
Core Banking,CO_0000221,Budi Wijaya,2002-08-21,8384188029,customer000109@example.com,JL. GATOT SUBROTO NO. 166,Jakarta,BUDI WIJAYA,8384188029,customer000109@example.com,JL GATOT SUBROTO NO 166,2002,[np.int64(108)],1,C000109,1.0,Auto Match
Core Banking,CO_0000222,R1N4 S4NTOSO,2015-06-10,878259092,customer000239@example.com,Jl. Diponegoro No. 192,Bekasi,R1N4 S4NTOSO,878259092,customer000239@example.com,JL DIPONEGORO NO 192,2015,[np.int64(238)],1,C000239,0.924342105263158,Auto Match
Core Banking,CO_0000223,Tono Nugroho,1999-04-18,835026663,customer001347@example.com,Jl. Merdeka No. 129,Medan,TONO NUGROHO,835026663,customer001347@example.com,JL MERDEKA NO 129,1999,[np.int64(1346)],1,C001347,0.986842105263158,Auto Match
Core Banking,CO_0000224,Rina Setiawan,2008-06-15,8192262646,customer000967@example.com,Jl. Merdeka No. 105,Bandung,RINA SETIAWAN,8192262646,customer000967@example.com,JL MERDEKA NO 105,2008,[np.int64(966)],1,C000967,1.0,Auto Match
Core Banking,CO_0000225,MAYA KURNIAWAN,2014-08-15,8700824039,customer000043@example.com,Jl. Ahmad Yani No. 22,Makassar,MAYA KURNIAWAN,8700824039,customer000043@example.com,JL AHMAD YANI NO 22,2014,[np.int64(42)],1,C000043,1.0,Auto Match
Core Banking,CO_0000226,FAJAR SAPUTRA,1990-09-02,8637053714,customer000200@example.com,JL. DIPONEGORO NO. 193,Semarang,FAJAR SAPUTRA,8637053714,customer000200@example.com,JL DIPONEGORO NO 193,1990,[np.int64(199)],1,C000200,1.0,Auto Match
Core Banking,CO_0000227,IWANRAMADHAN,1997-01-24,8183031876,customer001658@examplecom,Jl. Gatot Subroto No. 95,Medan,IWANRAMADHAN,8183031876,customer001658@examplecom,JL GATOT SUBROTO NO 95,1997,[np.int64(1657)],1,C001658,0.9841176470588235,Auto Match
Core Banking,CO_0000228,Karin Kurniawan,2004-07-21,8608784891,customer000930@example.com,JL. MERDEKA NO. 15,Tangerang,KARIN KURNIAWAN,8608784891,customer000930@example.com,JL MERDEKA NO 15,2004,[np.int64(929)],1,C000930,1.0,Auto Match
Core Banking,CO_0000229,Eko Ramadhan,1995-05-28,628395901919,customer000182@example.com,Jl. Sudirman No. 106,Bogor,EKO RAMADHAN,08395901919,customer000182@example.com,JL SUDIRMAN NO 106,1995,[np.int64(181)],1,C000182,0.9880952380952381,Auto Match
Core Banking,CO_0000230,F4J4R PR4T4M4,1999-11-23,8307092838,customer000562@example.com,Jl. Merdeka No. 4,Medan,F4J4R PR4T4M4,8307092838,customer000562@example.com,JL MERDEKA NO 4,1999,[np.int64(561)],1,C000562,0.903846153846154,Auto Match
Core Banking,CO_0000231,Andi Hidayat,1990-09-15,8260506025,customer001102@example.com,Jl. Merdeka No. 185,Bandung,ANDI HIDAYAT,8260506025,customer001102@example.com,JL MERDEKA NO 185,1990,[np.int64(1101)],1,C001102,1.0,Auto Match
Core Banking,CO_0000232,Dewi Saputra,1999-04-20,628195749814,customer001549@examplecom,Jl. Gatot Subroto No. 154,Medan,DEWI SAPUTRA,08195749814,customer001549@examplecom,JL GATOT SUBROTO NO 154,1999,[np.int64(1548)],1,C001549,0.9822128851540616,Auto Match
Core Banking,CO_0000233,Citra Permata,1999-06-02,628465217874,customer000745@example.com,JL. GATOT SUBROTO NO. 82,Medan,CITRA PERMATA,08465217874,customer000745@example.com,JL GATOT SUBROTO NO 82,1999,[np.int64(744)],1,C000745,0.9880952380952381,Auto Match
Core Banking,CO_0000234,BudiSiregar,1990-04-01,8433084149,customer000992@example.com,Jalan Ahmad Yani No. 52,Bandung,BUDISIREGAR,8433084149,customer000992@example.com,JL AHMAD YANI NO 52,1990,[np.int64(991)],1,C000992,0.9891304347826088,Auto Match
Core Banking,CO_0000235,CITRA NUGROHO,1997-08-19,817637259,customer001749@example.com,JL. MERDEKA NO. 27,Surabaya,CITRA NUGROHO,817637259,customer001749@example.com,JL MERDEKA NO 27,1997,[np.int64(1748)],1,C001749,0.986842105263158,Auto Match
Core Banking,CO_0000236,PUTR1 PERM4T4,2014-08-14,8831482268,customer000836@example.com,Jl. Sudirman No. 110,Bogor,PUTR1 PERM4T4,8831482268,customer000836@example.com,JL SUDIRMAN NO 110,2014,[np.int64(835)],1,C000836,0.9423076923076924,Auto Match
Core Banking,CO_0000237,KarinLestari,1999-05-26,8768900783,customer000440@example.com,Jl. Gatot Subroto No. 51,Makassar,KARINLESTARI,8768900783,customer000440@example.com,JL GATOT SUBROTO NO 51,1999,[np.int64(439)],1,C000440,0.9900000000000001,Auto Match
Core Banking,CO_0000238,PUTR1 H1D4Y4T,2002-12-21,8331918381,customer000670@example.com,Jalan Diponegoro No. 147,Depok,PUTR1 H1D4Y4T,8331918381,customer000670@example.com,JL DIPONEGORO NO 147,2002,[np.int64(669)],1,C000670,0.9230769230769232,Auto Match
Core Banking,CO_0000239,OSCARSANTOSO,1991-10-25,8933257959,customer001428@examplecom,Jalan Merdeka No. 67,Bogor,OSCARSANTOSO,8933257959,customer001428@examplecom,JL MERDEKA NO 67,1991,[np.int64(1427)],1,C001428,0.9841176470588235,Auto Match
Core Banking,CO_0000240,PutriHidayat,1995-12-17,8428952967,customer001527@example.com,Jl. Ahmad Yani No. 8,Bekasi,PUTRIHIDAYAT,8428952967,customer001527@example.com,JL AHMAD YANI NO 8,1995,[np.int64(1526)],1,C001527,0.9900000000000001,Auto Match
Core Banking,CO_0000241,MayaLestari,1997-12-29,8221699225,customer000135@example.com,Jl. Sudirman No. 110,Makassar,MAYALESTARI,8221699225,customer000135@example.com,JL SUDIRMAN NO 110,1997,[np.int64(134)],1,C000135,0.9891304347826088,Auto Match
Core Banking,CO_0000242,RinaHidayat,2005-09-08,8211471192,customer000276@example.com,Jl. Gatot Subroto No. 64,Surabaya,RINAHIDAYAT,8211471192,customer000276@example.com,JL GATOT SUBROTO NO 64,2005,[np.int64(275)],1,C000276,0.9891304347826088,Auto Match
Core Banking,CO_0000243,Oscar Hidayat,2004-01-06,8408165842,customer000379@example.com,Jl. Merdeka No. 136,Semarang,OSCAR HIDAYAT,8408165842,customer000379@example.com,JL MERDEKA NO 136,2004,[np.int64(378)],1,C000379,1.0,Auto Match
Core Banking,CO_0000244,Lina Ramadhan,2016-03-16,8219501383,customer000502@example.com,Jl. Merdeka No. 195,Semarang,LINA RAMADHAN,8219501383,customer000502@example.com,JL MERDEKA NO 195,2016,[np.int64(501)],1,C000502,1.0,Auto Match
Core Banking,CO_0000245,F4J4R SET14W4N,1989-07-03,820269538,customer001478@example.com,Jl. Ahmad Yani No. 71,Bekasi,F4J4R SET14W4N,820269538,customer001478@example.com,JL AHMAD YANI NO 71,1989,[np.int64(1477)],1,C001478,0.8975563909774437,Auto Match
Core Banking,CO_0000246,Maya Wijaya,2005-12-14,8834187249,customer000628@example.com,Jl. Gatot Subroto No. 95,Makassar,MAYA WIJAYA,8834187249,customer000628@example.com,JL GATOT SUBROTO NO 95,2005,[np.int64(627)],1,C000628,1.0,Auto Match
Core Banking,CO_0000247,IWAN SETIAWAN,2011-02-09,8939124124,customer001375@example.com,Jl. Sudirman No. 21,Jakarta,IWAN SETIAWAN,8939124124,customer001375@example.com,JL SUDIRMAN NO 21,2011,[np.int64(1374)],1,C001375,1.0,Auto Match
Core Banking,CO_0000248,Oscar Wijaya,2004-01-30,8441212554,customer000341@example.com,Jl. Diponegoro No. 140,Bogor,OSCAR WIJAYA,8441212554,customer000341@example.com,JL DIPONEGORO NO 140,2004,[np.int64(340)],1,C000341,1.0,Auto Match
Core Banking,CO_0000249,Tono Permata,1997-10-13,8572501507,customer000840@example.com,Jl. Diponegoro No. 129,Semarang,TONO PERMATA,8572501507,customer000840@example.com,JL DIPONEGORO NO 129,1997,[np.int64(839)],1,C000840,1.0,Auto Match
Core Banking,CO_0000250,SARILESTARI,2014-06-13,628970677245,customer001379@examplecom,Jl. Diponegoro No. 62,Jakarta,SARILESTARI,08970677245,customer001379@examplecom,JL DIPONEGORO NO 62,2014,[],0,C001379,0.9713433199366702,Auto Match
Core Banking,CO_0000251,Sari Wijaya,1989-09-29,8140467818,customer000188@example.com,Jl. Diponegoro No. 133,Depok,SARI WIJAYA,8140467818,customer000188@example.com,JL DIPONEGORO NO 133,1989,[np.int64(187)],1,C000188,1.0,Auto Match
Core Banking,CO_0000252,VinaSetiawan,1990-09-10,8258332797,customer000585@example.com,Jl. Gatot Subroto No. 198,Surabaya,VINASETIAWAN,8258332797,customer000585@example.com,JL GATOT SUBROTO NO 198,1990,[np.int64(584)],1,C000585,0.9900000000000001,Auto Match
Core Banking,CO_0000253,Joko Kurniawan,2007-06-22,8565979833,customer000055@example.com,JL. DIPONEGORO NO. 57,Jakarta,JOKO KURNIAWAN,8565979833,customer000055@example.com,JL DIPONEGORO NO 57,2007,[np.int64(54)],1,C000055,1.0,Auto Match
Core Banking,CO_0000254,FAJARSAPUTRA,1992-07-07,8318406638,customer001055@example.com,Jalan Ahmad Yani No. 36,Bogor,FAJARSAPUTRA,8318406638,customer001055@example.com,JL AHMAD YANI NO 36,1992,[np.int64(1054)],1,C001055,0.9900000000000001,Auto Match
Core Banking,CO_0000255,BUDI SIREGAR,2015-07-05,8634053031,customer000064@examplecom,JALAN AHMAD YANI NO. 15,Medan,BUDI SIREGAR,8634053031,customer000064@examplecom,JL AHMAD YANI NO 15,2015,[np.int64(63)],1,C000064,0.9941176470588236,Auto Match
Core Banking,CO_0000256,Putri Kurniawan,1990-02-17,8663167366,customer001469@example.com,Jl. Sudirman No. 110,Bandung,PUTRI KURNIAWAN,8663167366,customer001469@example.com,JL SUDIRMAN NO 110,1990,[np.int64(1468)],1,C001469,1.0,Auto Match
Core Banking,CO_0000257,Karin Setiawan,2003-02-15,8533982965,customer000340@example.com,Jl. Sudirman No. 104,Jakarta,KARIN SETIAWAN,8533982965,customer000340@example.com,JL SUDIRMAN NO 104,2003,[np.int64(339)],1,C000340,1.0,Auto Match
Core Banking,CO_0000258,Gita Saputra,1998-03-12,62874559415,customer000897@example.com,Jalan Merdeka No. 8,Bandung,GITA SAPUTRA,0874559415,customer000897@example.com,JL MERDEKA NO 8,1998,[np.int64(896)],1,C000897,0.9750000000000001,Auto Match
Core Banking,CO_0000259,Vina Ramadhan,1997-10-10,8331129411,customer000825@example.com,JL. AHMAD YANI NO. 73,Depok,VINA RAMADHAN,8331129411,customer000825@example.com,JL AHMAD YANI NO 73,1997,[np.int64(824)],1,C000825,1.0,Auto Match
Core Banking,CO_0000260,Budi Saputra,1997-09-21,891240091,customer001065@example.com,Jl. Diponegoro No. 55,Semarang,BUDI SAPUTRA,891240091,customer001065@example.com,JL DIPONEGORO NO 55,1997,[np.int64(1064)],1,C001065,0.986842105263158,Auto Match
Core Banking,CO_0000261,CITRA WIJAYA,2010-01-23,628129882865,customer001133@example.com,JL. DIPONEGORO NO. 8,Depok,CITRA WIJAYA,08129882865,customer001133@example.com,JL DIPONEGORO NO 8,2010,[np.int64(1132)],1,C001133,0.9880952380952381,Auto Match
Core Banking,CO_0000262,Eko Ramadhan,1995-09-10,8421197131,customer001515@example.com,Jl. Ahmad Yani No. 188,Medan,EKO RAMADHAN,8421197131,customer001515@example.com,JL AHMAD YANI NO 188,1995,[np.int64(1514)],1,C001515,1.0,Auto Match
Core Banking,CO_0000263,JOKO R4M4DH4N,2013-12-25,8342909409,customer000607@example.com,Jl. Gatot Subroto No. 100,Tangerang,JOKO R4M4DH4N,8342909409,customer000607@example.com,JL GATOT SUBROTO NO 100,2013,[np.int64(606)],1,C000607,0.9423076923076924,Auto Match
Core Banking,CO_0000264,Vina Lestari,2004-08-08,628586677006,customer000784@example.com,JALAN SUDIRMAN NO. 175,Semarang,VINA LESTARI,08586677006,customer000784@example.com,JL SUDIRMAN NO 175,2004,[np.int64(783)],1,C000784,0.9880952380952381,Auto Match
Core Banking,CO_0000265,OSCAR SANTOSO,2014-03-04,8385889698,customer001592@examplecom,Jalan Merdeka No. 98,Depok,OSCAR SANTOSO,8385889698,customer001592@examplecom,JL MERDEKA NO 98,2014,[np.int64(1591)],1,C001592,0.9941176470588236,Auto Match
Core Banking,CO_0000266,Karin Lestari,1999-06-27,888508482,customer000351@examplecom,Jl. Gatot Subroto No. 127,Jakarta,KARIN LESTARI,888508482,customer000351@examplecom,JL GATOT SUBROTO NO 127,1999,[np.int64(350)],1,C000351,0.9809597523219814,Auto Match
Core Banking,CO_0000267,JokoRamadhan,1997-01-07,628149923958,customer000116@examplecom,JL. GATOT SUBROTO NO. 190,Bandung,JOKORAMADHAN,08149923958,customer000116@examplecom,JL GATOT SUBROTO NO 190,1997,[],0,C000116,0.9722128851540616,Auto Match
Core Banking,CO_0000268,KARIN SAPUTRA,2014-06-12,8247940853,customer001388@example.com,Jalan Sudirman No. 60,Bekasi,KARIN SAPUTRA,8247940853,customer001388@example.com,JL SUDIRMAN NO 60,2014,[np.int64(1387)],1,C001388,1.0,Auto Match
Core Banking,CO_0000269,LINA NUGROHO,2015-01-12,8648860363,customer001365@example.com,Jl. Gatot Subroto No. 52,Bandung,LINA NUGROHO,8648860363,customer001365@example.com,JL GATOT SUBROTO NO 52,2015,[np.int64(1364)],1,C001365,1.0,Auto Match
Core Banking,CO_0000270,HanaNugroho,2005-10-30,8535945832,customer001380@example.com,Jl. Diponegoro No. 16,Bandung,HANANUGROHO,8535945832,customer001380@example.com,JL DIPONEGORO NO 16,2005,[np.int64(1379)],1,C001380,0.9891304347826088,Auto Match
Core Banking,CO_0000271,Andi Saputra,2007-06-23,8345552378,customer000705@example.com,JALAN SUDIRMAN NO. 80,Surabaya,ANDI SAPUTRA,8345552378,customer000705@example.com,JL SUDIRMAN NO 80,2007,[np.int64(704)],1,C000705,1.0,Auto Match
Core Banking,CO_0000272,Dewi Setiawan,2007-11-08,8556952567,customer000012@example.com,Jl. Sudirman No. 137,Medan,DEWI SETIAWAN,8556952567,customer000012@example.com,JL SUDIRMAN NO 137,2007,[np.int64(11)],1,C000012,1.0,Auto Match
Core Banking,CO_0000273,Karin Saputra,2008-11-19,8774756414,customer001304@example.com,JL. DIPONEGORO NO. 72,Bogor,KARIN SAPUTRA,8774756414,customer001304@example.com,JL DIPONEGORO NO 72,2008,[np.int64(1303)],1,C001304,1.0,Auto Match
Core Banking,CO_0000274,Sari Kurniawan,2000-10-29,8134741473,customer000736@example.com,Jalan Merdeka No. 46,Makassar,SARI KURNIAWAN,8134741473,customer000736@example.com,JL MERDEKA NO 46,2000,[np.int64(735)],1,C000736,1.0,Auto Match
Core Banking,CO_0000275,Vina Kurniawan,2016-03-09,628712615397,customer001788@example.com,Jalan Ahmad Yani No. 174,Depok,VINA KURNIAWAN,08712615397,customer001788@example.com,JL AHMAD YANI NO 174,2016,[np.int64(1787)],1,C001788,0.9880952380952381,Auto Match
Core Banking,CO_0000276,Budi Kurniawan,1989-07-17,628388409396,customer000446@example.com,Jl. Sudirman No. 113,Depok,BUDI KURNIAWAN,08388409396,customer000446@example.com,JL SUDIRMAN NO 113,1989,[np.int64(445)],1,C000446,0.9880952380952381,Auto Match
Core Banking,CO_0000277,FajarPratama,1991-03-25,8710148520,customer001097@example.com,Jl. Diponegoro No. 158,Jakarta,FAJARPRATAMA,8710148520,customer001097@example.com,JL DIPONEGORO NO 158,1991,[np.int64(1096)],1,C001097,0.9900000000000001,Auto Match
Core Banking,CO_0000278,Rina Wijaya,2012-03-27,628595273410,customer001041@example.com,Jl. Diponegoro No. 72,Bandung,RINA WIJAYA,08595273410,customer001041@example.com,JL DIPONEGORO NO 72,2012,[np.int64(1040)],1,C001041,0.9880952380952381,Auto Match
Core Banking,CO_0000279,BUDI PERMATA,2013-03-28,62844782931,customer001265@example.com,Jalan Sudirman No. 84,Tangerang,BUDI PERMATA,0844782931,customer001265@example.com,JL SUDIRMAN NO 84,2013,[np.int64(1264)],1,C001265,0.9750000000000001,Auto Match
Core Banking,CO_0000280,SariSantoso,1996-11-28,628937048359,customer000415@example.com,Jl. Gatot Subroto No. 180,Bekasi,SARISANTOSO,08937048359,customer000415@example.com,JL GATOT SUBROTO NO 180,1996,[np.int64(414)],1,C000415,0.9772256728778469,Auto Match
Core Banking,CO_0000281,G1T4H1D4Y4T,2007-03-14,8286610091,customer001543@examplecom,Jl. Ahmad Yani No. 170,Tangerang,G1T4H1D4Y4T,8286610091,customer001543@examplecom,JL AHMAD YANI NO 170,2007,[np.int64(1542)],1,C001543,0.8745524296675192,Auto Match
Core Banking,CO_0000282,Fajar Setiawan,1989-12-07,8458304875,customer001115@examplecom,Jl. Sudirman No. 136,Bogor,FAJAR SETIAWAN,8458304875,customer001115@examplecom,JL SUDIRMAN NO 136,1989,[np.int64(1114)],1,C001115,0.9941176470588236,Auto Match
Core Banking,CO_0000283,1W4N PR4T4M4,1992-02-01,8220579496,customer001179@example.com,Jl. Sudirman No. 16,Semarang,1W4N PR4T4M4,8220579496,customer001179@example.com,JL SUDIRMAN NO 16,1992,[np.int64(1178)],1,C001179,0.8958333333333335,Auto Match
Core Banking,CO_0000284,ANDI SANTOSO,1998-01-11,8993259114,customer000451@example.com,JALAN SUDIRMAN NO. 149,Makassar,ANDI SANTOSO,8993259114,customer000451@example.com,JL SUDIRMAN NO 149,1998,[np.int64(450)],1,C000451,1.0,Auto Match
Core Banking,CO_0000285,RinaPratama,2009-08-11,8496778451,customer001526@example.com,Jl. Merdeka No. 72,Jakarta,RINAPRATAMA,8496778451,customer001526@example.com,JL MERDEKA NO 72,2009,[np.int64(1525)],1,C001526,0.9891304347826088,Auto Match
Core Banking,CO_0000286,Eko Kurniawan,1995-10-13,8244941114,customer000368@example.com,Jl. Merdeka No. 20,Semarang,EKO KURNIAWAN,8244941114,customer000368@example.com,JL MERDEKA NO 20,1995,[np.int64(367)],1,C000368,1.0,Auto Match
Core Banking,CO_0000287,OSCAR PERMATA,1991-04-19,8777600909,customer000505@example.com,JL. MERDEKA NO. 9,Surabaya,OSCAR PERMATA,8777600909,customer000505@example.com,JL MERDEKA NO 9,1991,[np.int64(504)],1,C000505,1.0,Auto Match
Core Banking,CO_0000288,Lina Hidayat,1999-07-28,8814186558,customer001281@example.com,Jalan Merdeka No. 112,Medan,LINA HIDAYAT,8814186558,customer001281@example.com,JL MERDEKA NO 112,1999,[np.int64(1280)],1,C001281,1.0,Auto Match
Core Banking,CO_0000289,Maya Lestari,2014-06-28,827525176,customer000300@example.com,Jl. Merdeka No. 186,Semarang,MAYA LESTARI,827525176,customer000300@example.com,JL MERDEKA NO 186,2014,[np.int64(299)],1,C000300,0.986842105263158,Auto Match
Core Banking,CO_0000290,IWAN PERMATA,2016-03-07,8823601043,customer000924@example.com,Jl. Sudirman No. 175,Tangerang,IWAN PERMATA,8823601043,customer000924@example.com,JL SUDIRMAN NO 175,2016,[np.int64(923)],1,C000924,1.0,Auto Match
Core Banking,CO_0000291,Joko Santoso,2002-07-03,62813638873,customer001230@example.com,Jalan Ahmad Yani No. 162,Tangerang,JOKO SANTOSO,0813638873,customer001230@example.com,JL AHMAD YANI NO 162,2002,[np.int64(1229)],1,C001230,0.9750000000000001,Auto Match
Core Banking,CO_0000292,M4Y4 W1J4Y4,2001-11-18,8178871735,customer001674@example.com,Jl. Ahmad Yani No. 179,Jakarta,M4Y4 W1J4Y4,8178871735,customer001674@example.com,JL AHMAD YANI NO 179,2001,[np.int64(1673)],1,C001674,0.8863636363636365,Auto Match
Core Banking,CO_0000293,KARIN SIREGAR,1992-03-23,8263748659,customer000621@examplecom,Jl. Ahmad Yani No. 136,Jakarta,KARIN SIREGAR,8263748659,customer000621@examplecom,JL AHMAD YANI NO 136,1992,[np.int64(620)],1,C000621,0.9941176470588236,Auto Match
Core Banking,CO_0000294,KARINNUGROHO,1990-10-29,8495415055,customer000884@example.com,Jl. Diponegoro No. 33,Makassar,KARINNUGROHO,8495415055,customer000884@example.com,JL DIPONEGORO NO 33,1990,[np.int64(883)],1,C000884,0.9900000000000001,Auto Match
Core Banking,CO_0000295,CITRA HIDAYAT,2009-06-09,8438822490,customer000249@example.com,Jl. Ahmad Yani No. 120,Tangerang,CITRA HIDAYAT,8438822490,customer000249@example.com,JL AHMAD YANI NO 120,2009,[np.int64(248)],1,C000249,1.0,Auto Match
Core Banking,CO_0000296,FajarSiregar,2013-01-07,8629039735,customer000241@example.com,Jalan Ahmad Yani No. 179,Jakarta,FAJARSIREGAR,8629039735,customer000241@example.com,JL AHMAD YANI NO 179,2013,[np.int64(240)],1,C000241,0.9900000000000001,Auto Match
Core Banking,CO_0000297,Joko Kurniawan,2011-08-10,8549706822,customer001794@examplecom,Jl. Diponegoro No. 69,Bogor,JOKO KURNIAWAN,8549706822,customer001794@examplecom,JL DIPONEGORO NO 69,2011,[np.int64(1793)],1,C001794,0.9941176470588236,Auto Match
Core Banking,CO_0000298,TonoSetiawan,2003-05-22,628715095307,customer000711@example.com,Jl. Diponegoro No. 199,Surabaya,TONOSETIAWAN,08715095307,customer000711@example.com,JL DIPONEGORO NO 199,2003,[np.int64(710)],1,C000711,0.9780952380952381,Auto Match
Core Banking,CO_0000299,IwanRamadhan,2001-03-28,628324703340,customer000024@example.com,Jalan Sudirman No. 101,Depok,IWANRAMADHAN,08324703340,customer000024@example.com,JL SUDIRMAN NO 101,2001,[np.int64(23)],1,C000024,0.9780952380952381,Auto Match
Core Banking,CO_0000300,TONO NUGROHO,1995-04-24,8660679497,customer000250@example.com,Jl. Diponegoro No. 129,Depok,TONO NUGROHO,8660679497,customer000250@example.com,JL DIPONEGORO NO 129,1995,[np.int64(249)],1,C000250,1.0,Auto Match
Core Banking,CO_0000301,Hana Wijaya,2002-08-10,8877667022,customer000815@example.com,Jl. Sudirman No. 81,Jakarta,HANA WIJAYA,8877667022,customer000815@example.com,JL SUDIRMAN NO 81,2002,[np.int64(814)],1,C000815,1.0,Auto Match
Core Banking,CO_0000302,VINA LESTARI,1992-07-02,849509865,customer000685@example.com,Jl. Gatot Subroto No. 133,Jakarta,VINA LESTARI,849509865,customer000685@example.com,JL GATOT SUBROTO NO 133,1992,[np.int64(684)],1,C000685,0.986842105263158,Auto Match
Core Banking,CO_0000303,Karin Siregar,1994-10-14,8335141588,customer000459@example.com,Jl. Gatot Subroto No. 92,Jakarta,KARIN SIREGAR,8335141588,customer000459@example.com,JL GATOT SUBROTO NO 92,1994,[np.int64(458)],1,C000459,1.0,Auto Match
Core Banking,CO_0000304,Maya Nugroho,2014-02-23,875226259,customer001725@example.com,Jl. Ahmad Yani No. 68,Bogor,MAYA NUGROHO,875226259,customer001725@example.com,JL AHMAD YANI NO 68,2014,[np.int64(1724)],1,C001725,0.986842105263158,Auto Match
Core Banking,CO_0000305,Eko Permata,1994-04-16,628980985873,customer001383@example.com,JL. GATOT SUBROTO NO. 100,Medan,EKO PERMATA,08980985873,customer001383@example.com,JL GATOT SUBROTO NO 100,1994,[np.int64(1382)],1,C001383,0.9880952380952381,Auto Match
Core Banking,CO_0000306,LINA PERMATA,2001-07-02,628819466681,customer000066@examplecom,Jl. Gatot Subroto No. 177,Tangerang,LINA PERMATA,08819466681,customer000066@examplecom,JL GATOT SUBROTO NO 177,2001,[np.int64(65)],1,C000066,0.9822128851540616,Auto Match
Core Banking,CO_0000307,TONO HIDAYAT,2000-07-01,8118235015,customer000286@example.com,Jl. Merdeka No. 28,Semarang,TONO HIDAYAT,8118235015,customer000286@example.com,JL MERDEKA NO 28,2000,[np.int64(285)],1,C000286,1.0,Auto Match
Core Banking,CO_0000308,Karin Nugroho,1990-05-07,628531300350,customer000996@example.com,JL. MERDEKA NO. 157,Depok,KARIN NUGROHO,08531300350,customer000996@example.com,JL MERDEKA NO 157,1990,[np.int64(995)],1,C000996,0.9880952380952381,Auto Match
Core Banking,CO_0000309,Vina Ramadhan,2008-06-22,8731143725,customer000854@examplecom,Jl. Sudirman No. 107,Depok,VINA RAMADHAN,8731143725,customer000854@examplecom,JL SUDIRMAN NO 107,2008,[np.int64(853)],1,C000854,0.9941176470588236,Auto Match
Core Banking,CO_0000310,Oscar Permata,2009-08-11,883090132,customer001397@example.com,Jl. Merdeka No. 50,Depok,OSCAR PERMATA,883090132,customer001397@example.com,JL MERDEKA NO 50,2009,[np.int64(1396)],1,C001397,0.986842105263158,Auto Match
Core Banking,CO_0000311,Dewi Setiawan,1994-11-23,8479495477,customer001676@examplecom,Jl. Gatot Subroto No. 123,Semarang,DEWI SETIAWAN,8479495477,customer001676@examplecom,JL GATOT SUBROTO NO 123,1994,[np.int64(1675)],1,C001676,0.9941176470588236,Auto Match
Core Banking,CO_0000312,OSCARSAPUTRA,1996-05-07,628690442843,customer001516@example.com,Jl. Ahmad Yani No. 197,Makassar,OSCARSAPUTRA,08690442843,customer001516@example.com,JL AHMAD YANI NO 197,1996,[np.int64(1515)],1,C001516,0.9780952380952381,Auto Match
Core Banking,CO_0000313,Maya Hidayat,1992-05-09,8867174700,customer000859@examplecom,Jl. Ahmad Yani No. 35,Tangerang,MAYA HIDAYAT,8867174700,customer000859@examplecom,JL AHMAD YANI NO 35,1992,[np.int64(858)],1,C000859,0.9941176470588236,Auto Match
Core Banking,CO_0000314,RinaSiregar,2002-03-28,8153991750,customer000371@example.com,Jalan Diponegoro No. 197,Medan,RINASIREGAR,8153991750,customer000371@example.com,JL DIPONEGORO NO 197,2002,[np.int64(370)],1,C000371,0.9891304347826088,Auto Match
Core Banking,CO_0000315,OSCAR RAMADHAN,1999-06-15,628927018749,customer001355@example.com,Jalan Diponegoro No. 72,Depok,OSCAR RAMADHAN,08927018749,customer001355@example.com,JL DIPONEGORO NO 72,1999,[np.int64(1354)],1,C001355,0.9880952380952381,Auto Match
Core Banking,CO_0000316,VinaSantoso,2003-01-19,8449667699,customer001482@examplecom,Jl. Ahmad Yani No. 66,Bogor,VINASANTOSO,8449667699,customer001482@examplecom,JL AHMAD YANI NO 66,2003,[np.int64(1481)],1,C001482,0.9832480818414323,Auto Match
Core Banking,CO_0000317,Budi Ramadhan,1999-07-05,871587523,customer001679@example.com,Jl. Ahmad Yani No. 87,Bekasi,BUDI RAMADHAN,871587523,customer001679@example.com,JL AHMAD YANI NO 87,1999,[np.int64(1678)],1,C001679,0.986842105263158,Auto Match
Core Banking,CO_0000318,HanaSetiawan,2014-11-29,8245163215,customer001414@example.com,JL. MERDEKA NO. 33,Tangerang,HANASETIAWAN,8245163215,customer001414@example.com,JL MERDEKA NO 33,2014,[np.int64(1413)],1,C001414,0.9900000000000001,Auto Match
Core Banking,CO_0000319,Tono Ramadhan,1996-05-18,8619233557,customer000572@example.com,Jl. Merdeka No. 199,Makassar,TONO RAMADHAN,8619233557,customer000572@example.com,JL MERDEKA NO 199,1996,[np.int64(571)],1,C000572,1.0,Auto Match
Core Banking,CO_0000320,GITAKURNIAWAN,1995-08-25,8891071984,customer001234@examplecom,Jl. Sudirman No. 193,Medan,GITAKURNIAWAN,8891071984,customer001234@examplecom,JL SUDIRMAN NO 193,1995,[np.int64(1233)],1,C001234,0.9848583877995642,Auto Match
Core Banking,CO_0000321,Eko Wijaya,2002-09-05,813052186,customer000060@example.com,Jl. Ahmad Yani No. 87,Surabaya,EKO WIJAYA,813052186,customer000060@example.com,JL AHMAD YANI NO 87,2002,[np.int64(59)],1,C000060,0.986842105263158,Auto Match
Core Banking,CO_0000322,JOKOPRATAMA,2015-02-07,8501159396,customer001457@examplecom,Jl. Ahmad Yani No. 145,Bekasi,JOKOPRATAMA,8501159396,customer001457@examplecom,JL AHMAD YANI NO 145,2015,[np.int64(1456)],1,C001457,0.9832480818414323,Auto Match
Core Banking,CO_0000323,JOKO NUGROHO,2015-09-19,8267524878,customer000760@example.com,Jl. Merdeka No. 20,Semarang,JOKO NUGROHO,8267524878,customer000760@example.com,JL MERDEKA NO 20,2015,[np.int64(759)],1,C000760,1.0,Auto Match
Core Banking,CO_0000324,Lina Ramadhan,2001-04-14,8229789343,customer000816@examplecom,Jl. Sudirman No. 27,Medan,LINA RAMADHAN,8229789343,customer000816@examplecom,JL SUDIRMAN NO 27,2001,[np.int64(815)],1,C000816,0.9941176470588236,Auto Match
Core Banking,CO_0000325,VinaNugroho,1990-01-11,628290098894,customer001610@example.com,Jl. Diponegoro No. 58,Depok,VINANUGROHO,08290098894,customer001610@example.com,JL DIPONEGORO NO 58,1990,[np.int64(1609)],1,C001610,0.9772256728778469,Auto Match
Core Banking,CO_0000326,Rina Permata,2003-02-09,8594706058,customer000303@example.com,Jl. Sudirman No. 59,Surabaya,RINA PERMATA,8594706058,customer000303@example.com,JL SUDIRMAN NO 59,2003,[np.int64(302)],1,C000303,1.0,Auto Match
Core Banking,CO_0000327,TonoPratama,2001-12-27,8757791687,customer001267@example.com,Jalan Gatot Subroto No. 120,Semarang,TONOPRATAMA,8757791687,customer001267@example.com,JL GATOT SUBROTO NO 120,2001,[np.int64(1266)],1,C001267,0.9891304347826088,Auto Match
Core Banking,CO_0000328,K4R1NS4PUTR4,2003-04-09,883757517,customer000464@examplecom,Jl. Diponegoro No. 92,Tangerang,K4R1NS4PUTR4,883757517,customer000464@examplecom,JL DIPONEGORO NO 92,2003,[],0,C000464,0.8909597523219814,Auto Match
Core Banking,CO_0000329,SARI SIREGAR,1998-03-18,8211719671,customer001351@example.com,JL. GATOT SUBROTO NO. 36,Bogor,SARI SIREGAR,8211719671,customer001351@example.com,JL GATOT SUBROTO NO 36,1998,[np.int64(1350)],1,C001351,1.0,Auto Match
Core Banking,CO_0000330,KARIN NUGROHO,1991-11-06,628868953510,customer000359@examplecom,Jalan Gatot Subroto No. 151,Surabaya,KARIN NUGROHO,08868953510,customer000359@examplecom,JL GATOT SUBROTO NO 151,1991,[np.int64(358)],1,C000359,0.9822128851540616,Auto Match
Core Banking,CO_0000331,Tono Hidayat,2003-05-25,628567181959,customer001348@example.com,Jl. Diponegoro No. 25,Semarang,TONO HIDAYAT,08567181959,customer001348@example.com,JL DIPONEGORO NO 25,2003,[np.int64(1347)],1,C001348,0.9880952380952381,Auto Match
Core Banking,CO_0000332,Fajar Pratama,1990-01-05,8113823094,customer001520@examplecom,Jl. Sudirman No. 166,Makassar,FAJAR PRATAMA,8113823094,customer001520@examplecom,JL SUDIRMAN NO 166,1990,[np.int64(1519)],1,C001520,0.9941176470588236,Auto Match
Core Banking,CO_0000333,4ndi Pratama,2007-11-01,8395907037,customer001222@example.com,Jalan Sudirman No. 104,Jakarta,4NDI PRATAMA,8395907037,customer001222@example.com,JL SUDIRMAN NO 104,2007,[np.int64(1221)],1,C001222,0.9791666666666667,Auto Match
Core Banking,CO_0000334,GITA PRATAMA,2011-09-22,8418472774,customer000756@example.com,JALAN DIPONEGORO NO. 23,Jakarta,GITA PRATAMA,8418472774,customer000756@example.com,JL DIPONEGORO NO 23,2011,[np.int64(755)],1,C000756,1.0,Auto Match
Core Banking,CO_0000335,JOKO WIJAYA,1996-04-02,8458621635,customer000538@examplecom,Jl. Gatot Subroto No. 162,Tangerang,JOKO WIJAYA,8458621635,customer000538@examplecom,JL GATOT SUBROTO NO 162,1996,[np.int64(537)],1,C000538,0.9941176470588236,Auto Match
Core Banking,CO_0000336,TONO S4NTOSO,2002-11-25,8593998829,customer000485@example.com,Jl. Gatot Subroto No. 185,Bekasi,TONO S4NTOSO,8593998829,customer000485@example.com,JL GATOT SUBROTO NO 185,2002,[np.int64(484)],1,C000485,0.9791666666666667,Auto Match
Core Banking,CO_0000337,Sari Santoso,1998-10-13,8366629261,customer001620@example.com,Jalan Ahmad Yani No. 20,Semarang,SARI SANTOSO,8366629261,customer001620@example.com,JL AHMAD YANI NO 20,1998,[np.int64(1619)],1,C001620,1.0,Auto Match
Core Banking,CO_0000338,BUDI SAPUTRA,2001-09-18,8191291545,customer000926@examplecom,Jl. Merdeka No. 168,Tangerang,BUDI SAPUTRA,8191291545,customer000926@examplecom,JL MERDEKA NO 168,2001,[np.int64(925)],1,C000926,0.9941176470588236,Auto Match
Core Banking,CO_0000339,Joko Pratama,1999-10-17,8389872545,customer000898@examplecom,Jalan Merdeka No. 82,Makassar,JOKO PRATAMA,8389872545,customer000898@examplecom,JL MERDEKA NO 82,1999,[np.int64(897)],1,C000898,0.9941176470588236,Auto Match
Core Banking,CO_0000340,Iwan Kurniawan,2004-06-04,8400684473,customer000061@example.com,Jalan Sudirman No. 72,Tangerang,IWAN KURNIAWAN,8400684473,customer000061@example.com,JL SUDIRMAN NO 72,2004,[np.int64(60)],1,C000061,1.0,Auto Match
Core Banking,CO_0000341,Joko Permata,1998-03-12,8772756962,customer001218@example.com,Jalan Merdeka No. 191,Tangerang,JOKO PERMATA,8772756962,customer001218@example.com,JL MERDEKA NO 191,1998,[np.int64(1217)],1,C001218,1.0,Auto Match
Core Banking,CO_0000342,HANA SIREGAR,2007-07-15,8619578223,customer000383@example.com,Jl. Sudirman No. 105,Bekasi,HANA SIREGAR,8619578223,customer000383@example.com,JL SUDIRMAN NO 105,2007,[np.int64(382)],1,C000383,1.0,Auto Match
Core Banking,CO_0000343,Joko Wijaya,2011-11-29,8869647550,customer001122@example.com,Jl. Diponegoro No. 126,Depok,JOKO WIJAYA,8869647550,customer001122@example.com,JL DIPONEGORO NO 126,2011,[np.int64(1121)],1,C001122,1.0,Auto Match
Core Banking,CO_0000344,Budi Setiawan,1998-03-21,8370641095,customer000023@example.com,Jl. Sudirman No. 16,Medan,BUDI SETIAWAN,8370641095,customer000023@example.com,JL SUDIRMAN NO 16,1998,[np.int64(22)],1,C000023,1.0,Auto Match
Core Banking,CO_0000345,DEWI PRATAMA,1991-07-12,628932674888,customer001629@example.com,Jl. Merdeka No. 151,Bandung,DEWI PRATAMA,08932674888,customer001629@example.com,JL MERDEKA NO 151,1991,[np.int64(1628)],1,C001629,0.9880952380952381,Auto Match
Core Banking,CO_0000346,OSCARHIDAYAT,2005-04-25,8208716858,customer000369@example.com,Jl. Ahmad Yani No. 157,Bogor,OSCARHIDAYAT,8208716858,customer000369@example.com,JL AHMAD YANI NO 157,2005,[np.int64(368)],1,C000369,0.9900000000000001,Auto Match
Core Banking,CO_0000347,SariSantoso,2000-05-13,8602581743,customer000018@example.com,Jl. Ahmad Yani No. 98,Makassar,SARISANTOSO,8602581743,customer000018@example.com,JL AHMAD YANI NO 98,2000,[np.int64(17)],1,C000018,0.9891304347826088,Auto Match
Core Banking,CO_0000348,Joko Siregar,2004-01-23,8411593009,customer001103@example.com,JALAN DIPONEGORO NO. 152,Surabaya,JOKO SIREGAR,8411593009,customer001103@example.com,JL DIPONEGORO NO 152,2004,[np.int64(1102)],1,C001103,1.0,Auto Match
Core Banking,CO_0000349,Citra Hidayat,2012-04-12,8153828524,customer000680@example.com,Jl. Merdeka No. 141,Surabaya,CITRA HIDAYAT,8153828524,customer000680@example.com,JL MERDEKA NO 141,2012,[np.int64(679)],1,C000680,1.0,Auto Match
Core Banking,CO_0000350,Putri Kurniawan,1992-02-17,8178691308,customer000638@example.com,Jalan Diponegoro No. 187,Medan,PUTRI KURNIAWAN,8178691308,customer000638@example.com,JL DIPONEGORO NO 187,1992,[np.int64(637)],1,C000638,1.0,Auto Match
Core Banking,CO_0000351,Budi Permata,1990-07-29,825335235,customer000017@example.com,Jl. Ahmad Yani No. 109,Surabaya,BUDI PERMATA,825335235,customer000017@example.com,JL AHMAD YANI NO 109,1990,[np.int64(16)],1,C000017,0.986842105263158,Auto Match
Core Banking,CO_0000352,Oscar Kurniawan,2010-01-12,818721617,customer001029@example.com,Jl. Diponegoro No. 92,Depok,OSCAR KURNIAWAN,818721617,customer001029@example.com,JL DIPONEGORO NO 92,2010,[np.int64(1028)],1,C001029,0.986842105263158,Auto Match
Core Banking,CO_0000353,Fajar Permata,2005-10-09,8976728064,customer000210@example.com,Jl. Gatot Subroto No. 94,Bekasi,FAJAR PERMATA,8976728064,customer000210@example.com,JL GATOT SUBROTO NO 94,2005,[np.int64(209)],1,C000210,1.0,Auto Match
Core Banking,CO_0000354,Tono Santoso,1995-05-17,8440189805,customer000555@example.com,JL. DIPONEGORO NO. 6,Makassar,TONO SANTOSO,8440189805,customer000555@example.com,JL DIPONEGORO NO 6,1995,[np.int64(554)],1,C000555,1.0,Auto Match
Core Banking,CO_0000355,DEWI NUGROHO,2003-11-05,8606709683,customer000497@examplecom,Jalan Merdeka No. 102,Surabaya,DEWI NUGROHO,8606709683,customer000497@examplecom,JL MERDEKA NO 102,2003,[np.int64(496)],1,C000497,0.9941176470588236,Auto Match
Core Banking,CO_0000356,Rina Siregar,2012-10-13,8450540599,customer000549@example.com,JL. AHMAD YANI NO. 76,Surabaya,RINA SIREGAR,8450540599,customer000549@example.com,JL AHMAD YANI NO 76,2012,[np.int64(548)],1,C000549,1.0,Auto Match
Core Banking,CO_0000357,Joko Kurniawan,1995-06-25,8573099523,customer000102@example.com,Jl. Ahmad Yani No. 105,Surabaya,JOKO KURNIAWAN,8573099523,customer000102@example.com,JL AHMAD YANI NO 105,1995,[np.int64(101)],1,C000102,1.0,Auto Match
Core Banking,CO_0000358,Vina Kurniawan,2001-05-12,866920161,customer000697@example.com,Jl. Ahmad Yani No. 74,Bekasi,VINA KURNIAWAN,866920161,customer000697@example.com,JL AHMAD YANI NO 74,2001,[np.int64(696)],1,C000697,0.986842105263158,Auto Match
Core Banking,CO_0000359,BUDI PRATAMA,1992-02-21,628934249931,customer000444@example.com,Jl. Sudirman No. 100,Tangerang,BUDI PRATAMA,08934249931,customer000444@example.com,JL SUDIRMAN NO 100,1992,[np.int64(443)],1,C000444,0.9880952380952381,Auto Match
Core Banking,CO_0000360,JokoSantoso,1998-05-25,8957928216,customer000227@example.com,JALAN MERDEKA NO. 14,Makassar,JOKOSANTOSO,8957928216,customer000227@example.com,JL MERDEKA NO 14,1998,[np.int64(226)],1,C000227,0.9891304347826088,Auto Match
Core Banking,CO_0000361,IwanSiregar,1992-09-26,8466811968,customer000345@example.com,Jalan Sudirman No. 85,Semarang,IWANSIREGAR,8466811968,customer000345@example.com,JL SUDIRMAN NO 85,1992,[np.int64(344)],1,C000345,0.9891304347826088,Auto Match
Core Banking,CO_0000362,Sari Nugroho,2003-10-07,8385033733,customer000624@example.com,Jl. Merdeka No. 119,Bekasi,SARI NUGROHO,8385033733,customer000624@example.com,JL MERDEKA NO 119,2003,[np.int64(623)],1,C000624,1.0,Auto Match
Core Banking,CO_0000363,Putri Kurniawan,1989-05-24,8953332914,customer000531@example.com,JL. AHMAD YANI NO. 6,Medan,PUTRI KURNIAWAN,8953332914,customer000531@example.com,JL AHMAD YANI NO 6,1989,[np.int64(530)],1,C000531,1.0,Auto Match
Core Banking,CO_0000364,GitaHidayat,1991-11-09,8839476660,customer001243@example.com,Jalan Gatot Subroto No. 107,Makassar,GITAHIDAYAT,8839476660,customer001243@example.com,JL GATOT SUBROTO NO 107,1991,[np.int64(1242)],1,C001243,0.9891304347826088,Auto Match
Core Banking,CO_0000365,Maya Setiawan,1990-02-23,8713235444,customer001345@example.com,Jalan Diponegoro No. 159,Surabaya,MAYA SETIAWAN,8713235444,customer001345@example.com,JL DIPONEGORO NO 159,1990,[np.int64(1344)],1,C001345,1.0,Auto Match
Core Banking,CO_0000366,JOKO RAMADHAN,1999-12-19,628942650642,customer001714@example.com,Jl. Sudirman No. 167,Bandung,JOKO RAMADHAN,08942650642,customer001714@example.com,JL SUDIRMAN NO 167,1999,[np.int64(1713)],1,C001714,0.9880952380952381,Auto Match
Core Banking,CO_0000367,Eko Permata,1991-11-09,8753186948,customer001127@example.com,JL. DIPONEGORO NO. 68,Jakarta,EKO PERMATA,8753186948,customer001127@example.com,JL DIPONEGORO NO 68,1991,[np.int64(1126)],1,C001127,1.0,Auto Match
Core Banking,CO_0000368,Maya Nugroho,2015-12-30,874628934,customer000477@example.com,Jl. Merdeka No. 168,Surabaya,MAYA NUGROHO,874628934,customer000477@example.com,JL MERDEKA NO 168,2015,[np.int64(476)],1,C000477,0.986842105263158,Auto Match
Core Banking,CO_0000369,Putri Lestari,2003-04-14,8454111366,customer000054@example.com,Jl. Diponegoro No. 113,Jakarta,PUTRI LESTARI,8454111366,customer000054@example.com,JL DIPONEGORO NO 113,2003,[np.int64(53)],1,C000054,1.0,Auto Match
Core Banking,CO_0000370,LinaRamadhan,2006-05-01,8419683890,customer000896@example.com,JALAN AHMAD YANI NO. 135,Tangerang,LINARAMADHAN,8419683890,customer000896@example.com,JL AHMAD YANI NO 135,2006,[np.int64(895)],1,C000896,0.9900000000000001,Auto Match
Core Banking,CO_0000371,Karin Permata,1996-06-01,628265427342,customer001689@examplecom,Jalan Merdeka No. 186,Tangerang,KARIN PERMATA,08265427342,customer001689@examplecom,JL MERDEKA NO 186,1996,[np.int64(1688)],1,C001689,0.9822128851540616,Auto Match
Core Banking,CO_0000372,Budi Pratama,1994-04-04,812360344,customer000808@example.com,Jl. Diponegoro No. 85,Depok,BUDI PRATAMA,812360344,customer000808@example.com,JL DIPONEGORO NO 85,1994,[np.int64(807)],1,C000808,0.986842105263158,Auto Match
Core Banking,CO_0000373,VinaSetiawan,2013-11-30,867885078,customer000226@example.com,Jalan Diponegoro No. 113,Surabaya,VINASETIAWAN,867885078,customer000226@example.com,JL DIPONEGORO NO 113,2013,[np.int64(225)],1,C000226,0.976842105263158,Auto Match
Core Banking,CO_0000374,Dewi Nugroho,2003-08-02,8239532839,customer001467@examplecom,Jl. Ahmad Yani No. 9,Bogor,DEWI NUGROHO,8239532839,customer001467@examplecom,JL AHMAD YANI NO 9,2003,[np.int64(1466)],1,C001467,0.9941176470588236,Auto Match
Core Banking,CO_0000375,Iwan Nugroho,1995-06-02,8185099815,customer001646@example.com,JL. GATOT SUBROTO NO. 27,Bandung,IWAN NUGROHO,8185099815,customer001646@example.com,JL GATOT SUBROTO NO 27,1995,[np.int64(1645)],1,C001646,1.0,Auto Match
Core Banking,CO_0000376,Hana Setiawan,2004-02-09,628552860673,customer000032@example.com,Jl. Diponegoro No. 168,Surabaya,HANA SETIAWAN,08552860673,customer000032@example.com,JL DIPONEGORO NO 168,2004,[np.int64(31)],1,C000032,0.9880952380952381,Auto Match
Core Banking,CO_0000377,ANDI SIREGAR,1993-06-06,628837829996,customer000957@example.com,Jl. Ahmad Yani No. 151,Makassar,ANDI SIREGAR,08837829996,customer000957@example.com,JL AHMAD YANI NO 151,1993,[np.int64(956)],1,C000957,0.9880952380952381,Auto Match
Core Banking,CO_0000378,Iwan Kurniawan,2013-01-18,8285312201,customer001009@example.com,Jalan Ahmad Yani No. 70,Jakarta,IWAN KURNIAWAN,8285312201,customer001009@example.com,JL AHMAD YANI NO 70,2013,[np.int64(1008)],1,C001009,1.0,Auto Match
Core Banking,CO_0000379,Budi Siregar,2007-02-14,8499725082,customer000194@example.com,Jalan Diponegoro No. 143,Makassar,BUDI SIREGAR,8499725082,customer000194@example.com,JL DIPONEGORO NO 143,2007,[np.int64(193)],1,C000194,1.0,Auto Match
Core Banking,CO_0000380,PUTRI RAMADHAN,2006-12-25,8391965097,customer000408@example.com,JL. MERDEKA NO. 183,Bandung,PUTRI RAMADHAN,8391965097,customer000408@example.com,JL MERDEKA NO 183,2006,[np.int64(407)],1,C000408,1.0,Auto Match
Core Banking,CO_0000381,Eko Lestari,2004-10-30,8132675108,customer001121@examplecom,Jl. Ahmad Yani No. 142,Medan,EKO LESTARI,8132675108,customer001121@examplecom,JL AHMAD YANI NO 142,2004,[np.int64(1120)],1,C001121,0.9941176470588236,Auto Match
Core Banking,CO_0000382,Nanda Nugroho,1995-07-29,628233804842,customer001705@example.com,Jl. Sudirman No. 7,Medan,NANDA NUGROHO,08233804842,customer001705@example.com,JL SUDIRMAN NO 7,1995,[np.int64(1704)],1,C001705,0.9880952380952381,Auto Match
Core Banking,CO_0000383,Fajar Nugroho,2009-09-18,8535121785,customer000959@example.com,Jl. Merdeka No. 70,Bekasi,FAJAR NUGROHO,8535121785,customer000959@example.com,JL MERDEKA NO 70,2009,[np.int64(958)],1,C000959,1.0,Auto Match
Core Banking,CO_0000384,ANDINUGROHO,2010-12-12,862775185,customer001112@example.com,Jl. Sudirman No. 198,Bekasi,ANDINUGROHO,862775185,customer001112@example.com,JL SUDIRMAN NO 198,2010,[np.int64(1111)],1,C001112,0.9759725400457667,Auto Match
Core Banking,CO_0000385,RINA WIJAYA,2013-01-24,8653521942,customer001519@example.com,Jl. Sudirman No. 64,Bandung,RINA WIJAYA,8653521942,customer001519@example.com,JL SUDIRMAN NO 64,2013,[np.int64(1518)],1,C001519,1.0,Auto Match
Core Banking,CO_0000386,Tono Ramadhan,1997-12-06,8827050517,customer000876@example.com,Jl. Diponegoro No. 158,Medan,TONO RAMADHAN,8827050517,customer000876@example.com,JL DIPONEGORO NO 158,1997,[np.int64(875)],1,C000876,1.0,Auto Match
Core Banking,CO_0000387,IWAN PERMATA,2007-01-24,8328621688,customer000860@example.com,Jalan Merdeka No. 195,Jakarta,IWAN PERMATA,8328621688,customer000860@example.com,JL MERDEKA NO 195,2007,[np.int64(859)],1,C000860,1.0,Auto Match
Core Banking,CO_0000388,Eko Setiawan,2006-06-25,8460411847,customer000463@examplecom,Jalan Gatot Subroto No. 27,Makassar,EKO SETIAWAN,8460411847,customer000463@examplecom,JL GATOT SUBROTO NO 27,2006,[np.int64(462)],1,C000463,0.9941176470588236,Auto Match
Core Banking,CO_0000389,Oscar Santoso,2013-06-16,8178120398,customer001491@example.com,Jalan Diponegoro No. 95,Makassar,OSCAR SANTOSO,8178120398,customer001491@example.com,JL DIPONEGORO NO 95,2013,[np.int64(1490)],1,C001491,1.0,Auto Match
Core Banking,CO_0000390,Lina Permata,2004-03-17,8684844679,customer000228@example.com,Jl. Diponegoro No. 159,Makassar,LINA PERMATA,8684844679,customer000228@example.com,JL DIPONEGORO NO 159,2004,[np.int64(227)],1,C000228,1.0,Auto Match
Core Banking,CO_0000391,Joko Nugroho,2005-05-28,628706162342,customer000355@examplecom,Jl. Diponegoro No. 29,Bandung,JOKO NUGROHO,08706162342,customer000355@examplecom,JL DIPONEGORO NO 29,2005,[np.int64(354)],1,C000355,0.9822128851540616,Auto Match
Core Banking,CO_0000392,Rina Setiawan,1994-06-24,841747038,customer000981@example.com,Jl. Gatot Subroto No. 65,Bandung,RINA SETIAWAN,841747038,customer000981@example.com,JL GATOT SUBROTO NO 65,1994,[np.int64(980)],1,C000981,0.986842105263158,Auto Match
Core Banking,CO_0000393,Putri Lestari,2005-08-18,8645625556,customer000478@examplecom,Jl. Merdeka No. 112,Semarang,PUTRI LESTARI,8645625556,customer000478@examplecom,JL MERDEKA NO 112,2005,[np.int64(477)],1,C000478,0.9941176470588236,Auto Match
Core Banking,CO_0000394,Nanda Nugroho,2001-12-27,859700130,customer000062@examplecom,Jalan Ahmad Yani No. 172,Depok,NANDA NUGROHO,859700130,customer000062@examplecom,JL AHMAD YANI NO 172,2001,[np.int64(61)],1,C000062,0.9809597523219814,Auto Match
Core Banking,CO_0000395,Tono Setiawan,2009-01-16,8768099388,customer000541@examplecom,Jl. Sudirman No. 118,Tangerang,TONO SETIAWAN,8768099388,customer000541@examplecom,JL SUDIRMAN NO 118,2009,[np.int64(540)],1,C000541,0.9941176470588236,Auto Match
Core Banking,CO_0000396,KARIN NUGROHO,1996-10-25,8257518958,customer000546@example.com,JL. SUDIRMAN NO. 178,Bandung,KARIN NUGROHO,8257518958,customer000546@example.com,JL SUDIRMAN NO 178,1996,[np.int64(545)],1,C000546,1.0,Auto Match
Core Banking,CO_0000397,Budi Saputra,2015-12-11,8580719053,customer000514@examplecom,Jl. Merdeka No. 152,Bogor,BUDI SAPUTRA,8580719053,customer000514@examplecom,JL MERDEKA NO 152,2015,[np.int64(513)],1,C000514,0.9941176470588236,Auto Match
Core Banking,CO_0000398,TonoRamadhan,2002-03-26,8167883817,customer000246@example.com,Jl. Ahmad Yani No. 51,Bekasi,TONORAMADHAN,8167883817,customer000246@example.com,JL AHMAD YANI NO 51,2002,[np.int64(245)],1,C000246,0.9900000000000001,Auto Match
Core Banking,CO_0000399,Vina Pratama,2004-11-26,8760775560,customer001686@example.com,Jl. Merdeka No. 64,Depok,VINA PRATAMA,8760775560,customer001686@example.com,JL MERDEKA NO 64,2004,[np.int64(1685)],1,C001686,1.0,Auto Match
Core Banking,CO_0000400,EKO SAPUTRA,2000-02-23,890343546,customer001119@example.com,Jl. Diponegoro No. 124,Bandung,EKO SAPUTRA,890343546,customer001119@example.com,JL DIPONEGORO NO 124,2000,[np.int64(1118)],1,C001119,0.986842105263158,Auto Match
Core Banking,CO_0000401,Budi Santoso,2012-02-11,8151221881,customer000766@example.com,JL. SUDIRMAN NO. 105,Bogor,BUDI SANTOSO,8151221881,customer000766@example.com,JL SUDIRMAN NO 105,2012,[np.int64(765)],1,C000766,1.0,Auto Match
Core Banking,CO_0000402,JOKOPRATAMA,2002-03-02,8398615303,customer000516@examplecom,Jl. Gatot Subroto No. 82,Bekasi,JOKOPRATAMA,8398615303,customer000516@examplecom,JL GATOT SUBROTO NO 82,2002,[np.int64(515)],1,C000516,0.9832480818414323,Auto Match
Core Banking,CO_0000403,Karin Saputra,2015-03-10,628502115360,customer001406@examplecom,Jl. Merdeka No. 25,Tangerang,KARIN SAPUTRA,08502115360,customer001406@examplecom,JL MERDEKA NO 25,2015,[np.int64(1405)],1,C001406,0.9822128851540616,Auto Match
Core Banking,CO_0000404,KARIN SETIAWAN,2012-03-28,8991151920,customer000402@example.com,JL. AHMAD YANI NO. 154,Semarang,KARIN SETIAWAN,8991151920,customer000402@example.com,JL AHMAD YANI NO 154,2012,[np.int64(401)],1,C000402,1.0,Auto Match
Core Banking,CO_0000405,NANDA RAMADHAN,2015-07-10,8998985249,customer001453@examplecom,Jalan Gatot Subroto No. 41,Jakarta,NANDA RAMADHAN,8998985249,customer001453@examplecom,JL GATOT SUBROTO NO 41,2015,[np.int64(1452)],1,C001453,0.9941176470588236,Auto Match
Core Banking,CO_0000406,OSCAR HIDAYAT,1995-04-03,8322530915,customer000022@example.com,Jalan Merdeka No. 55,Medan,OSCAR HIDAYAT,8322530915,customer000022@example.com,JL MERDEKA NO 55,1995,[np.int64(21)],1,C000022,1.0,Auto Match
Core Banking,CO_0000407,Fajar Kurniawan,2014-06-02,8849129721,customer001695@example.com,Jl. Sudirman No. 182,Bandung,FAJAR KURNIAWAN,8849129721,customer001695@example.com,JL SUDIRMAN NO 182,2014,[np.int64(1694)],1,C001695,1.0,Auto Match
Core Banking,CO_0000408,IWAN PERMATA,1993-06-11,8361741290,customer000818@example.com,Jl. Diponegoro No. 43,Makassar,IWAN PERMATA,8361741290,customer000818@example.com,JL DIPONEGORO NO 43,1993,[np.int64(817)],1,C000818,1.0,Auto Match
Core Banking,CO_0000409,Oscar Lestari,1990-01-29,8275877629,customer000675@example.com,Jl. Ahmad Yani No. 66,Tangerang,OSCAR LESTARI,8275877629,customer000675@example.com,JL AHMAD YANI NO 66,1990,[np.int64(674)],1,C000675,1.0,Auto Match
Core Banking,CO_0000410,Iwan Siregar,1989-07-29,628613458236,customer001331@examplecom,Jalan Gatot Subroto No. 70,Bandung,IWAN SIREGAR,08613458236,customer001331@examplecom,JL GATOT SUBROTO NO 70,1989,[np.int64(1330)],1,C001331,0.9822128851540616,Auto Match
Core Banking,CO_0000411,Oscar Pratama,2014-12-21,8151561671,customer001598@example.com,Jl. Sudirman No. 147,Surabaya,OSCAR PRATAMA,8151561671,customer001598@example.com,JL SUDIRMAN NO 147,2014,[np.int64(1597)],1,C001598,1.0,Auto Match
Core Banking,CO_0000412,Lina Lestari,2003-03-20,8514033735,customer000065@example.com,Jl. Ahmad Yani No. 9,Tangerang,LINA LESTARI,8514033735,customer000065@example.com,JL AHMAD YANI NO 9,2003,[np.int64(64)],1,C000065,1.0,Auto Match
Core Banking,CO_0000413,Sari Kurniawan,1989-05-16,8534563006,customer000761@example.com,Jl. Sudirman No. 184,Semarang,SARI KURNIAWAN,8534563006,customer000761@example.com,JL SUDIRMAN NO 184,1989,[np.int64(760)],1,C000761,1.0,Auto Match
Core Banking,CO_0000414,BUD1 S4PUTR4,2009-06-02,62888164104,customer000330@example.com,Jl. Gatot Subroto No. 98,Semarang,BUD1 S4PUTR4,0888164104,customer000330@example.com,JL GATOT SUBROTO NO 98,2009,[np.int64(329)],1,C000330,0.9125000000000001,Auto Match
Core Banking,CO_0000415,F4J4R S4NTOSO,2004-04-14,8305467037,customer001394@example.com,Jl. Gatot Subroto No. 188,Depok,F4J4R S4NTOSO,8305467037,customer001394@example.com,JL GATOT SUBROTO NO 188,2004,[np.int64(1393)],1,C001394,0.9423076923076924,Auto Match
Core Banking,CO_0000416,Citra Lestari,2000-01-30,8621943984,customer001746@example.com,Jl. Sudirman No. 170,Bogor,CITRA LESTARI,8621943984,customer001746@example.com,JL SUDIRMAN NO 170,2000,[np.int64(1745)],1,C001746,1.0,Auto Match
Core Banking,CO_0000417,Vina Permata,2000-09-05,8416214714,customer001059@example.com,Jl. Merdeka No. 163,Semarang,VINA PERMATA,8416214714,customer001059@example.com,JL MERDEKA NO 163,2000,[np.int64(1058)],1,C001059,1.0,Auto Match
Core Banking,CO_0000418,Putri Hidayat,2008-09-30,628593557961,customer000307@example.com,Jl. Gatot Subroto No. 60,Depok,PUTRI HIDAYAT,08593557961,customer000307@example.com,JL GATOT SUBROTO NO 60,2008,[np.int64(306)],1,C000307,0.9880952380952381,Auto Match
Core Banking,CO_0000419,Budi Ramadhan,2002-01-22,8359486710,customer000817@example.com,Jl. Gatot Subroto No. 173,Semarang,BUDI RAMADHAN,8359486710,customer000817@example.com,JL GATOT SUBROTO NO 173,2002,[np.int64(816)],1,C000817,1.0,Auto Match
Core Banking,CO_0000420,Putri Santoso,1989-05-29,8778681503,customer000125@example.com,Jl. Diponegoro No. 21,Tangerang,PUTRI SANTOSO,8778681503,customer000125@example.com,JL DIPONEGORO NO 21,1989,[np.int64(124)],1,C000125,1.0,Auto Match
Core Banking,CO_0000421,Oscar Ramadhan,1991-10-16,8436711992,customer001071@examplecom,Jl. Ahmad Yani No. 7,Medan,OSCAR RAMADHAN,8436711992,customer001071@examplecom,JL AHMAD YANI NO 7,1991,[np.int64(1070)],1,C001071,0.9941176470588236,Auto Match
Core Banking,CO_0000422,Iwan Setiawan,2014-11-12,8382833354,customer000143@example.com,Jl. Gatot Subroto No. 35,Bekasi,IWAN SETIAWAN,8382833354,customer000143@example.com,JL GATOT SUBROTO NO 35,2014,[np.int64(142)],1,C000143,1.0,Auto Match
Core Banking,CO_0000423,EKO NUGROHO,2013-01-24,8614328548,customer001322@examplecom,Jl. Diponegoro No. 163,Bogor,EKO NUGROHO,8614328548,customer001322@examplecom,JL DIPONEGORO NO 163,2013,[np.int64(1321)],1,C001322,0.9941176470588236,Auto Match
Core Banking,CO_0000424,GITA SIREGAR,2016-03-11,8751011601,customer001174@example.com,Jalan Sudirman No. 175,Depok,GITA SIREGAR,8751011601,customer001174@example.com,JL SUDIRMAN NO 175,2016,[np.int64(1173)],1,C001174,1.0,Auto Match
Core Banking,CO_0000425,Eko Pratama,2010-04-29,8389830672,customer001628@examplecom,Jl. Sudirman No. 32,Bandung,EKO PRATAMA,8389830672,customer001628@examplecom,JL SUDIRMAN NO 32,2010,[np.int64(1627)],1,C001628,0.9941176470588236,Auto Match
Core Banking,CO_0000426,MayaHidayat,2007-06-29,8809043821,customer001659@example.com,Jl. Sudirman No. 10,Depok,MAYAHIDAYAT,8809043821,customer001659@example.com,JL SUDIRMAN NO 10,2007,[np.int64(1658)],1,C001659,0.9891304347826088,Auto Match
Core Banking,CO_0000427,JOKO LESTARI,1992-07-23,8693103658,customer001198@example.com,Jl. Diponegoro No. 103,Bogor,JOKO LESTARI,8693103658,customer001198@example.com,JL DIPONEGORO NO 103,1992,[np.int64(1197)],1,C001198,1.0,Auto Match
Core Banking,CO_0000428,Fajar Siregar,2002-05-08,890361449,customer000056@example.com,Jl. Sudirman No. 16,Medan,FAJAR SIREGAR,890361449,customer000056@example.com,JL SUDIRMAN NO 16,2002,[np.int64(55)],1,C000056,0.986842105263158,Auto Match
Core Banking,CO_0000429,ANDI RAMADHAN,2011-01-10,8446872807,customer000152@example.com,Jl. Diponegoro No. 158,Bogor,ANDI RAMADHAN,8446872807,customer000152@example.com,JL DIPONEGORO NO 158,2011,[np.int64(151)],1,C000152,1.0,Auto Match
Core Banking,CO_0000430,Oscar Lestari,2003-07-31,8798685588,customer000770@example.com,Jl. Ahmad Yani No. 92,Bogor,OSCAR LESTARI,8798685588,customer000770@example.com,JL AHMAD YANI NO 92,2003,[np.int64(769)],1,C000770,1.0,Auto Match
Core Banking,CO_0000431,FAJARLESTARI,1991-07-17,8974794907,customer000020@example.com,Jalan Diponegoro No. 4,Bogor,FAJARLESTARI,8974794907,customer000020@example.com,JL DIPONEGORO NO 4,1991,[np.int64(19)],1,C000020,0.9900000000000001,Auto Match
Core Banking,CO_0000432,KarinHidayat,1998-02-22,8252715086,customer000656@example.com,Jl. Diponegoro No. 2,Bandung,KARINHIDAYAT,8252715086,customer000656@example.com,JL DIPONEGORO NO 2,1998,[np.int64(655)],1,C000656,0.9900000000000001,Auto Match
Core Banking,CO_0000433,Iwan Wijaya,1989-10-06,855515222,customer000462@example.com,Jl. Ahmad Yani No. 196,Bekasi,IWAN WIJAYA,855515222,customer000462@example.com,JL AHMAD YANI NO 196,1989,[np.int64(461)],1,C000462,0.986842105263158,Auto Match
Core Banking,CO_0000434,BUDI SIREGAR,1997-05-10,8109088220,customer000990@example.com,Jl. Sudirman No. 110,Bandung,BUDI SIREGAR,8109088220,customer000990@example.com,JL SUDIRMAN NO 110,1997,[np.int64(989)],1,C000990,1.0,Auto Match
Core Banking,CO_0000435,Sari Setiawan,1995-01-21,8976013814,customer001440@example.com,Jl. Sudirman No. 14,Medan,SARI SETIAWAN,8976013814,customer001440@example.com,JL SUDIRMAN NO 14,1995,[np.int64(1439)],1,C001440,1.0,Auto Match
Core Banking,CO_0000436,PUTR1 R4M4DH4N,1991-09-28,839754049,customer000866@example.com,Jalan Sudirman No. 114,Bogor,PUTR1 R4M4DH4N,839754049,customer000866@example.com,JL SUDIRMAN NO 114,1991,[np.int64(865)],1,C000866,0.9154135338345866,Auto Match
Core Banking,CO_0000437,Fajar Lestari,2013-01-02,8194096931,customer001800@example.com,Jl. Gatot Subroto No. 144,Medan,FAJAR LESTARI,8194096931,customer001800@example.com,JL GATOT SUBROTO NO 144,2013,[np.int64(1799)],1,C001800,1.0,Auto Match
Core Banking,CO_0000438,VINA SIREGAR,2012-04-29,812771475,customer001257@example.com,Jl. Merdeka No. 74,Surabaya,VINA SIREGAR,812771475,customer001257@example.com,JL MERDEKA NO 74,2012,[np.int64(1256)],1,C001257,0.986842105263158,Auto Match
Core Banking,CO_0000439,Budi Kurniawan,1991-12-22,8419321726,customer000861@example.com,Jalan Sudirman No. 109,Bekasi,BUDI KURNIAWAN,8419321726,customer000861@example.com,JL SUDIRMAN NO 109,1991,[np.int64(860)],1,C000861,1.0,Auto Match
Core Banking,CO_0000440,RINA WIJAYA,2005-03-25,8621123946,customer000985@example.com,Jl. Diponegoro No. 33,Jakarta,RINA WIJAYA,8621123946,customer000985@example.com,JL DIPONEGORO NO 33,2005,[np.int64(984)],1,C000985,1.0,Auto Match
Core Banking,CO_0000441,HANA LESTARI,2001-04-25,834649094,customer000929@example.com,JALAN DIPONEGORO NO. 88,Bogor,HANA LESTARI,834649094,customer000929@example.com,JL DIPONEGORO NO 88,2001,[np.int64(928)],1,C000929,0.986842105263158,Auto Match
Core Banking,CO_0000442,V1N4 PR4T4M4,2004-12-05,628173552452,customer000163@example.com,Jalan Merdeka No. 164,Medan,V1N4 PR4T4M4,08173552452,customer000163@example.com,JL MERDEKA NO 164,2004,[np.int64(162)],1,C000163,0.8839285714285715,Auto Match
Core Banking,CO_0000443,MayaSetiawan,2014-02-17,628371595345,customer000915@example.com,Jl. Gatot Subroto No. 86,Bogor,MAYASETIAWAN,08371595345,customer000915@example.com,JL GATOT SUBROTO NO 86,2014,[np.int64(914)],1,C000915,0.9780952380952381,Auto Match
Core Banking,CO_0000444,GITA PERMATA,1996-07-14,885227667,customer000154@example.com,Jl. Diponegoro No. 140,Tangerang,GITA PERMATA,885227667,customer000154@example.com,JL DIPONEGORO NO 140,1996,[np.int64(153)],1,C000154,0.986842105263158,Auto Match
Core Banking,CO_0000445,Gita Pratama,1991-06-06,8930354950,customer000039@examplecom,Jl. Sudirman No. 29,Makassar,GITA PRATAMA,8930354950,customer000039@examplecom,JL SUDIRMAN NO 29,1991,[np.int64(38)],1,C000039,0.9941176470588236,Auto Match
Core Banking,CO_0000446,TONO KURNIAWAN,2015-01-12,8649862809,customer000637@example.com,Jalan Ahmad Yani No. 191,Bekasi,TONO KURNIAWAN,8649862809,customer000637@example.com,JL AHMAD YANI NO 191,2015,[np.int64(636)],1,C000637,1.0,Auto Match
Core Banking,CO_0000447,Vina Kurniawan,2002-07-18,62850142854,customer000617@examplecom,JL. DIPONEGORO NO. 122,Bandung,VINA KURNIAWAN,0850142854,customer000617@examplecom,JL DIPONEGORO NO 122,2002,[np.int64(616)],1,C000617,0.9691176470588235,Auto Match
Core Banking,CO_0000448,1wanRamadhan,2001-12-21,628344123099,customer000743@example.com,Jalan Diponegoro No. 191,Semarang,1WANRAMADHAN,08344123099,customer000743@example.com,JL DIPONEGORO NO 191,2001,[np.int64(742)],1,C000743,0.9580952380952381,Auto Match
Core Banking,CO_0000449,Eko Pratama,2001-08-14,62851196166,customer000284@example.com,Jl. Merdeka No. 90,Semarang,EKO PRATAMA,0851196166,customer000284@example.com,JL MERDEKA NO 90,2001,[np.int64(283)],1,C000284,0.9750000000000001,Auto Match
Core Banking,CO_0000450,Tono Hidayat,2009-12-26,846373816,customer000034@example.com,Jl. Diponegoro No. 45,Depok,TONO HIDAYAT,846373816,customer000034@example.com,JL DIPONEGORO NO 45,2009,[np.int64(33)],1,C000034,0.986842105263158,Auto Match
Core Banking,CO_0000451,RinaSiregar,1998-12-30,628388753205,customer000257@example.com,Jl. Sudirman No. 131,Bekasi,RINASIREGAR,08388753205,customer000257@example.com,JL SUDIRMAN NO 131,1998,[np.int64(256)],1,C000257,0.9772256728778469,Auto Match
Core Banking,CO_0000452,NandaSantoso,1990-07-24,628526127861,customer001386@example.com,Jl. Ahmad Yani No. 62,Depok,NANDASANTOSO,08526127861,customer001386@example.com,JL AHMAD YANI NO 62,1990,[np.int64(1385)],1,C001386,0.9780952380952381,Auto Match
Core Banking,CO_0000453,Iwan Nugroho,2008-09-20,8121209738,customer000687@example.com,JL. MERDEKA NO. 119,Tangerang,IWAN NUGROHO,8121209738,customer000687@example.com,JL MERDEKA NO 119,2008,[np.int64(686)],1,C000687,1.0,Auto Match
Core Banking,CO_0000454,HANA PERMATA,1990-10-03,8938899232,customer001293@example.com,JL. SUDIRMAN NO. 46,Bandung,HANA PERMATA,8938899232,customer001293@example.com,JL SUDIRMAN NO 46,1990,[np.int64(1292)],1,C001293,1.0,Auto Match
Core Banking,CO_0000455,PUTRI LESTARI,2005-04-02,628534867503,customer001274@example.com,Jl. Diponegoro No. 154,Depok,PUTRI LESTARI,08534867503,customer001274@example.com,JL DIPONEGORO NO 154,2005,[np.int64(1273)],1,C001274,0.9880952380952381,Auto Match
Core Banking,CO_0000456,V1N4 NUGROHO,2003-05-19,628159162257,customer000622@examplecom,Jl. Ahmad Yani No. 155,Bandung,V1N4 NUGROHO,08159162257,customer000622@examplecom,JL AHMAD YANI NO 155,2003,[],0,C000622,0.940546218487395,Auto Match
Core Banking,CO_0000457,DEWI LESTARI,2006-08-30,8599248900,customer000130@example.com,Jl. Diponegoro No. 138,Surabaya,DEWI LESTARI,8599248900,customer000130@example.com,JL DIPONEGORO NO 138,2006,[np.int64(129)],1,C000130,1.0,Auto Match
Core Banking,CO_0000458,OSCAR SAPUTRA,2013-08-14,8786460364,customer001584@example.com,Jl. Merdeka No. 159,Surabaya,OSCAR SAPUTRA,8786460364,customer001584@example.com,JL MERDEKA NO 159,2013,[np.int64(1583)],1,C001584,1.0,Auto Match
Core Banking,CO_0000459,Fajar Siregar,2002-09-10,8897380523,customer000242@example.com,Jalan Sudirman No. 196,Semarang,FAJAR SIREGAR,8897380523,customer000242@example.com,JL SUDIRMAN NO 196,2002,[np.int64(241)],1,C000242,1.0,Auto Match
Core Banking,CO_0000460,Oscar Santoso,2008-12-02,62859808823,customer000821@example.com,Jalan Sudirman No. 91,Medan,OSCAR SANTOSO,0859808823,customer000821@example.com,JL SUDIRMAN NO 91,2008,[np.int64(820)],1,C000821,0.9750000000000001,Auto Match
Core Banking,CO_0000461,TONO WIJAYA,2000-03-01,8751611026,customer000091@example.com,JL. DIPONEGORO NO. 28,Jakarta,TONO WIJAYA,8751611026,customer000091@example.com,JL DIPONEGORO NO 28,2000,[np.int64(90)],1,C000091,1.0,Auto Match
Core Banking,CO_0000462,Hana Setiawan,2011-12-25,8355101450,customer001665@examplecom,Jalan Ahmad Yani No. 57,Tangerang,HANA SETIAWAN,8355101450,customer001665@examplecom,JL AHMAD YANI NO 57,2011,[np.int64(1664)],1,C001665,0.9941176470588236,Auto Match
Core Banking,CO_0000463,Hana Santoso,2015-06-04,8143850183,customer001382@example.com,Jl. Gatot Subroto No. 97,Bekasi,HANA SANTOSO,8143850183,customer001382@example.com,JL GATOT SUBROTO NO 97,2015,[np.int64(1381)],1,C001382,1.0,Auto Match
Core Banking,CO_0000464,IwanHidayat,2014-09-16,857492752,customer000134@examplecom,Jalan Gatot Subroto No. 57,Tangerang,IWANHIDAYAT,857492752,customer000134@examplecom,JL GATOT SUBROTO NO 57,2014,[],0,C000134,0.97009018710459,Auto Match
Core Banking,CO_0000465,NANDA WIJAYA,2014-08-05,62867091812,customer001251@example.com,Jl. Merdeka No. 22,Bandung,NANDA WIJAYA,0867091812,customer001251@example.com,JL MERDEKA NO 22,2014,[np.int64(1250)],1,C001251,0.9750000000000001,Auto Match
Core Banking,CO_0000466,Citra Wijaya,1999-04-01,8736540473,customer001350@examplecom,JL. GATOT SUBROTO NO. 102,Surabaya,CITRA WIJAYA,8736540473,customer001350@examplecom,JL GATOT SUBROTO NO 102,1999,[np.int64(1349)],1,C001350,0.9941176470588236,Auto Match
Core Banking,CO_0000467,DewiKurniawan,2008-07-28,8660764352,customer000331@example.com,Jl. Diponegoro No. 63,Depok,DEWIKURNIAWAN,8660764352,customer000331@example.com,JL DIPONEGORO NO 63,2008,[np.int64(330)],1,C000331,0.9907407407407408,Auto Match
Core Banking,CO_0000468,Lina Nugroho,1998-10-29,820234731,customer001569@examplecom,Jl. Ahmad Yani No. 26,Bandung,LINA NUGROHO,820234731,customer001569@examplecom,JL AHMAD YANI NO 26,1998,[np.int64(1568)],1,C001569,0.9809597523219814,Auto Match
Core Banking,CO_0000469,Joko Nugroho,1996-07-18,8649366586,customer000487@example.com,Jalan Diponegoro No. 64,Tangerang,JOKO NUGROHO,8649366586,customer000487@example.com,JL DIPONEGORO NO 64,1996,[np.int64(486)],1,C000487,1.0,Auto Match
Core Banking,CO_0000470,Nanda Saputra,1995-08-09,628460644891,customer001787@example.com,Jl. Sudirman No. 123,Bogor,NANDA SAPUTRA,08460644891,customer001787@example.com,JL SUDIRMAN NO 123,1995,[np.int64(1786)],1,C001787,0.9880952380952381,Auto Match
Core Banking,CO_0000471,R1N4S4NTOSO,1993-01-21,8924423628,customer000768@example.com,Jl. Gatot Subroto No. 41,Bandung,R1N4S4NTOSO,8924423628,customer000768@example.com,JL GATOT SUBROTO NO 41,1993,[np.int64(767)],1,C000768,0.923913043478261,Auto Match
Core Banking,CO_0000472,Oscar Kurniawan,1991-05-16,628301525812,customer000159@examplecom,Jl. Ahmad Yani No. 81,Bandung,OSCAR KURNIAWAN,08301525812,customer000159@examplecom,JL AHMAD YANI NO 81,1991,[np.int64(158)],1,C000159,0.9822128851540616,Auto Match
Core Banking,CO_0000473,CITRANUGROHO,1991-01-04,62871116678,customer001238@example.com,Jl. Diponegoro No. 157,Bogor,CITRANUGROHO,0871116678,customer001238@example.com,JL DIPONEGORO NO 157,1991,[np.int64(1237)],1,C001238,0.9650000000000001,Auto Match
Core Banking,CO_0000474,Joko Santoso,2013-02-26,8725996826,customer000872@example.com,Jalan Gatot Subroto No. 110,Tangerang,JOKO SANTOSO,8725996826,customer000872@example.com,JL GATOT SUBROTO NO 110,2013,[np.int64(871)],1,C000872,1.0,Auto Match
Core Banking,CO_0000475,JOKO HIDAYAT,2009-06-08,8255721528,customer000739@example.com,JL. SUDIRMAN NO. 123,Semarang,JOKO HIDAYAT,8255721528,customer000739@example.com,JL SUDIRMAN NO 123,2009,[np.int64(738)],1,C000739,1.0,Auto Match
Core Banking,CO_0000476,AndiSaputra,1990-07-12,628130483393,customer000747@example.com,Jl. Diponegoro No. 10,Medan,ANDISAPUTRA,08130483393,customer000747@example.com,JL DIPONEGORO NO 10,1990,[np.int64(746)],1,C000747,0.9772256728778469,Auto Match
Core Banking,CO_0000477,DEWI SIREGAR,2014-09-05,8413211712,customer001648@example.com,Jl. Gatot Subroto No. 59,Jakarta,DEWI SIREGAR,8413211712,customer001648@example.com,JL GATOT SUBROTO NO 59,2014,[np.int64(1647)],1,C001648,1.0,Auto Match
Core Banking,CO_0000478,PUTR1LEST4R1,1991-06-04,62877675545,customer001662@example.com,Jl. Merdeka No. 75,Medan,PUTR1LEST4R1,0877675545,customer001662@example.com,JL MERDEKA NO 75,1991,[np.int64(1661)],1,C001662,0.9050000000000001,Auto Match
Core Banking,CO_0000479,AndiSetiawan,1992-03-26,8287094469,customer000191@example.com,Jl. Merdeka No. 126,Makassar,ANDISETIAWAN,8287094469,customer000191@example.com,JL MERDEKA NO 126,1992,[np.int64(190)],1,C000191,0.9900000000000001,Auto Match
Core Banking,CO_0000480,1W4NLEST4R1,2016-07-15,628537890028,customer000822@examplecom,Jl. Ahmad Yani No. 68,Depok,1W4NLEST4R1,08537890028,customer000822@examplecom,JL AHMAD YANI NO 68,2016,[],0,C000822,0.8843867981975398,Auto Match
Core Banking,CO_0000481,Budi Nugroho,1994-07-23,8384007026,customer001227@example.com,JL. DIPONEGORO NO. 131,Bandung,BUDI NUGROHO,8384007026,customer001227@example.com,JL DIPONEGORO NO 131,1994,[np.int64(1226)],1,C001227,1.0,Auto Match
Core Banking,CO_0000482,Iwan Siregar,1991-03-12,8379946591,customer000014@example.com,Jl. Merdeka No. 165,Surabaya,IWAN SIREGAR,8379946591,customer000014@example.com,JL MERDEKA NO 165,1991,[np.int64(13)],1,C000014,1.0,Auto Match
Core Banking,CO_0000483,Maya Saputra,2014-07-15,825235417,customer000372@examplecom,Jl. Sudirman No. 98,Depok,MAYA SAPUTRA,825235417,customer000372@examplecom,JL SUDIRMAN NO 98,2014,[np.int64(371)],1,C000372,0.9809597523219814,Auto Match
Core Banking,CO_0000484,DEWI HIDAYAT,2012-01-24,8711199814,customer001373@examplecom,JL. MERDEKA NO. 196,Bekasi,DEWI HIDAYAT,8711199814,customer001373@examplecom,JL MERDEKA NO 196,2012,[np.int64(1372)],1,C001373,0.9941176470588236,Auto Match
Core Banking,CO_0000485,C1TR4 NUGROHO,1996-05-31,8963166003,customer001349@examplecom,Jl. Sudirman No. 156,Semarang,C1TR4 NUGROHO,8963166003,customer001349@examplecom,JL SUDIRMAN NO 156,1996,[np.int64(1348)],1,C001349,0.9556561085972851,Auto Match
Core Banking,CO_0000486,Maya Ramadhan,1990-03-24,8231792556,customer000858@examplecom,Jl. Sudirman No. 14,Semarang,MAYA RAMADHAN,8231792556,customer000858@examplecom,JL SUDIRMAN NO 14,1990,[np.int64(857)],1,C000858,0.9941176470588236,Auto Match
Core Banking,CO_0000487,EKO WIJAYA,2014-06-26,628449077622,customer000005@example.com,Jl. Sudirman No. 71,Semarang,EKO WIJAYA,08449077622,customer000005@example.com,JL SUDIRMAN NO 71,2014,[np.int64(4)],1,C000005,0.9880952380952381,Auto Match
Core Banking,CO_0000488,DewiLestari,1996-12-24,8771520199,customer001307@example.com,Jl. Diponegoro No. 104,Bekasi,DEWILESTARI,8771520199,customer001307@example.com,JL DIPONEGORO NO 104,1996,[np.int64(1306)],1,C001307,0.9891304347826088,Auto Match
Core Banking,CO_0000489,Nanda Wijaya,1994-09-05,846117570,customer000294@example.com,Jl. Diponegoro No. 199,Tangerang,NANDA WIJAYA,846117570,customer000294@example.com,JL DIPONEGORO NO 199,1994,[np.int64(293)],1,C000294,0.986842105263158,Auto Match
Core Banking,CO_0000490,Citra Setiawan,2003-11-19,8364636172,customer001312@example.com,JALAN DIPONEGORO NO. 4,Jakarta,CITRA SETIAWAN,8364636172,customer001312@example.com,JL DIPONEGORO NO 4,2003,[np.int64(1311)],1,C001312,1.0,Auto Match
Core Banking,CO_0000491,JOKO WIJAYA,2003-12-19,8565200810,customer000037@example.com,Jl. Sudirman No. 198,Medan,JOKO WIJAYA,8565200810,customer000037@example.com,JL SUDIRMAN NO 198,2003,[np.int64(36)],1,C000037,1.0,Auto Match
Core Banking,CO_0000492,PutriPratama,1989-04-20,628757239185,customer001697@example.com,Jalan Merdeka No. 184,Semarang,PUTRIPRATAMA,08757239185,customer001697@example.com,JL MERDEKA NO 184,1989,[np.int64(1696)],1,C001697,0.9780952380952381,Auto Match
Core Banking,CO_0000493,LinaHidayat,1998-06-08,628768500629,customer001340@example.com,JL. MERDEKA NO. 82,Surabaya,LINAHIDAYAT,08768500629,customer001340@example.com,JL MERDEKA NO 82,1998,[np.int64(1339)],1,C001340,0.9772256728778469,Auto Match
Core Banking,CO_0000494,JokoPermata,1991-11-29,8650792447,customer000470@example.com,Jl. Merdeka No. 120,Medan,JOKOPERMATA,8650792447,customer000470@example.com,JL MERDEKA NO 120,1991,[np.int64(469)],1,C000470,0.9891304347826088,Auto Match
Core Banking,CO_0000495,Dewi Wijaya,1996-05-02,8219291682,customer000894@example.com,JL. MERDEKA NO. 171,Tangerang,DEWI WIJAYA,8219291682,customer000894@example.com,JL MERDEKA NO 171,1996,[np.int64(893)],1,C000894,1.0,Auto Match
Core Banking,CO_0000496,Eko Ramadhan,1999-02-28,8322454963,customer001150@example.com,Jalan Ahmad Yani No. 73,Bekasi,EKO RAMADHAN,8322454963,customer001150@example.com,JL AHMAD YANI NO 73,1999,[np.int64(1149)],1,C001150,1.0,Auto Match
Core Banking,CO_0000497,Iwan Lestari,2015-09-16,8633650606,customer000344@example.com,Jl. Gatot Subroto No. 81,Tangerang,IWAN LESTARI,8633650606,customer000344@example.com,JL GATOT SUBROTO NO 81,2015,[np.int64(343)],1,C000344,1.0,Auto Match
Core Banking,CO_0000498,Putri Wijaya,1994-11-20,8123581335,customer001054@examplecom,Jl. Ahmad Yani No. 121,Surabaya,PUTRI WIJAYA,8123581335,customer001054@examplecom,JL AHMAD YANI NO 121,1994,[np.int64(1053)],1,C001054,0.9941176470588236,Auto Match
Core Banking,CO_0000499,Lina Pratama,1989-10-25,8875720320,customer001100@example.com,Jl. Sudirman No. 177,Jakarta,LINA PRATAMA,8875720320,customer001100@example.com,JL SUDIRMAN NO 177,1989,[np.int64(1099)],1,C001100,1.0,Auto Match
Core Banking,CO_0000500,Iwan Kurniawan,2016-04-17,833851335,customer000666@example.com,Jl. Merdeka No. 181,Makassar,IWAN KURNIAWAN,833851335,customer000666@example.com,JL MERDEKA NO 181,2016,[np.int64(665)],1,C000666,0.986842105263158,Auto Match
Core Banking,CO_0000501,Maya Ramadhan,2013-06-21,8369470344,customer001666@example.com,Jalan Gatot Subroto No. 95,Makassar,MAYA RAMADHAN,8369470344,customer001666@example.com,JL GATOT SUBROTO NO 95,2013,[np.int64(1665)],1,C001666,1.0,Auto Match
Core Banking,CO_0000502,Gita Lestari,2012-12-19,8275353917,customer000879@example.com,Jl. Merdeka No. 198,Tangerang,GITA LESTARI,8275353917,customer000879@example.com,JL MERDEKA NO 198,2012,[np.int64(878)],1,C000879,1.0,Auto Match
Core Banking,CO_0000503,Karin Saputra,2013-09-03,8870846399,customer001734@example.com,Jalan Diponegoro No. 146,Surabaya,KARIN SAPUTRA,8870846399,customer001734@example.com,JL DIPONEGORO NO 146,2013,[np.int64(1733)],1,C001734,1.0,Auto Match
Core Banking,CO_0000504,AndiRamadhan,2014-07-10,8294980981,customer001560@examplecom,Jl. Gatot Subroto No. 48,Bekasi,ANDIRAMADHAN,8294980981,customer001560@examplecom,JL GATOT SUBROTO NO 48,2014,[np.int64(1559)],1,C001560,0.9841176470588235,Auto Match
Core Banking,CO_0000505,Putri Siregar,1993-02-10,8441998554,customer001612@example.com,Jl. Diponegoro No. 88,Bandung,PUTRI SIREGAR,8441998554,customer001612@example.com,JL DIPONEGORO NO 88,1993,[np.int64(1611)],1,C001612,1.0,Auto Match
Core Banking,CO_0000506,NANDANUGROHO,2014-12-06,8129642412,customer000088@example.com,Jl. Diponegoro No. 2,Bandung,NANDANUGROHO,8129642412,customer000088@example.com,JL DIPONEGORO NO 2,2014,[np.int64(87)],1,C000088,0.9900000000000001,Auto Match
Core Banking,CO_0000507,RINA HIDAYAT,1990-10-15,8450355147,customer001273@example.com,Jl. Diponegoro No. 98,Bandung,RINA HIDAYAT,8450355147,customer001273@example.com,JL DIPONEGORO NO 98,1990,[np.int64(1272)],1,C001273,1.0,Auto Match
Core Banking,CO_0000508,Budi Nugroho,1998-06-13,8348071545,customer000966@example.com,Jl. Merdeka No. 45,Surabaya,BUDI NUGROHO,8348071545,customer000966@example.com,JL MERDEKA NO 45,1998,[np.int64(965)],1,C000966,1.0,Auto Match
Core Banking,CO_0000509,LINA LESTARI,2008-09-21,8215980285,customer000565@example.com,Jl. Sudirman No. 107,Jakarta,LINA LESTARI,8215980285,customer000565@example.com,JL SUDIRMAN NO 107,2008,[np.int64(564)],1,C000565,1.0,Auto Match
Core Banking,CO_0000510,Dewi Saputra,2008-07-07,628810915382,customer000557@example.com,JL. MERDEKA NO. 52,Makassar,DEWI SAPUTRA,08810915382,customer000557@example.com,JL MERDEKA NO 52,2008,[np.int64(556)],1,C000557,0.9880952380952381,Auto Match
Core Banking,CO_0000511,PUTRI WIJAYA,2013-08-30,8843427430,customer000806@examplecom,Jalan Ahmad Yani No. 108,Surabaya,PUTRI WIJAYA,8843427430,customer000806@examplecom,JL AHMAD YANI NO 108,2013,[np.int64(805)],1,C000806,0.9941176470588236,Auto Match
Core Banking,CO_0000512,Maya Kurniawan,1999-08-14,8163255805,customer001361@example.com,Jalan Gatot Subroto No. 142,Surabaya,MAYA KURNIAWAN,8163255805,customer001361@example.com,JL GATOT SUBROTO NO 142,1999,[np.int64(1360)],1,C001361,1.0,Auto Match
Core Banking,CO_0000513,Putri Saputra,1999-10-22,8667581872,customer001783@examplecom,Jl. Sudirman No. 126,Medan,PUTRI SAPUTRA,8667581872,customer001783@examplecom,JL SUDIRMAN NO 126,1999,[np.int64(1782)],1,C001783,0.9941176470588236,Auto Match
Core Banking,CO_0000514,Tono Kurniawan,1991-12-08,8961188537,customer001316@example.com,Jl. Gatot Subroto No. 5,Bekasi,TONO KURNIAWAN,8961188537,customer001316@example.com,JL GATOT SUBROTO NO 5,1991,[np.int64(1315)],1,C001316,1.0,Auto Match
Core Banking,CO_0000515,Karin Permata,1990-05-24,628255963239,customer000951@example.com,Jl. Diponegoro No. 33,Jakarta,KARIN PERMATA,08255963239,customer000951@example.com,JL DIPONEGORO NO 33,1990,[np.int64(950)],1,C000951,0.9880952380952381,Auto Match
Core Banking,CO_0000516,Vina Wijaya,2014-12-20,884667498,customer000474@example.com,Jl. Merdeka No. 92,Surabaya,VINA WIJAYA,884667498,customer000474@example.com,JL MERDEKA NO 92,2014,[np.int64(473)],1,C000474,0.986842105263158,Auto Match
Core Banking,CO_0000517,Dewi Santoso,1997-01-04,8566090717,customer000424@examplecom,Jalan Merdeka No. 19,Bandung,DEWI SANTOSO,8566090717,customer000424@examplecom,JL MERDEKA NO 19,1997,[np.int64(423)],1,C000424,0.9941176470588236,Auto Match
Core Banking,CO_0000518,Fajar Nugroho,2003-08-11,8522692093,customer001490@example.com,Jalan Gatot Subroto No. 28,Depok,FAJAR NUGROHO,8522692093,customer001490@example.com,JL GATOT SUBROTO NO 28,2003,[np.int64(1489)],1,C001490,1.0,Auto Match
Core Banking,CO_0000519,Maya Wijaya,2007-03-17,8203000786,customer001415@example.com,JALAN AHMAD YANI NO. 24,Makassar,MAYA WIJAYA,8203000786,customer001415@example.com,JL AHMAD YANI NO 24,2007,[np.int64(1414)],1,C001415,1.0,Auto Match
Core Banking,CO_0000520,OSCAR SAPUTRA,1991-04-22,8274275729,customer000316@example.com,Jl. Sudirman No. 40,Bogor,OSCAR SAPUTRA,8274275729,customer000316@example.com,JL SUDIRMAN NO 40,1991,[np.int64(315)],1,C000316,1.0,Auto Match
Core Banking,CO_0000521,Iwan Lestari,1995-12-07,8273296397,customer000479@example.com,Jl. Diponegoro No. 100,Semarang,IWAN LESTARI,8273296397,customer000479@example.com,JL DIPONEGORO NO 100,1995,[np.int64(478)],1,C000479,1.0,Auto Match
Core Banking,CO_0000522,EKO S4PUTR4,2005-02-28,8635154930,customer001647@example.com,Jl. Ahmad Yani No. 184,Jakarta,EKO S4PUTR4,8635154930,customer001647@example.com,JL AHMAD YANI NO 184,2005,[np.int64(1646)],1,C001647,0.9545454545454547,Auto Match
Core Banking,CO_0000523,IWANSETIAWAN,2000-07-20,8320028257,customer000613@example.com,Jl. Ahmad Yani No. 53,Jakarta,IWANSETIAWAN,8320028257,customer000613@example.com,JL AHMAD YANI NO 53,2000,[np.int64(612)],1,C000613,0.9900000000000001,Auto Match
Core Banking,CO_0000524,FajarWijaya,2004-05-23,628611861774,customer000954@example.com,JL. SUDIRMAN NO. 127,Bogor,FAJARWIJAYA,08611861774,customer000954@example.com,JL SUDIRMAN NO 127,2004,[np.int64(953)],1,C000954,0.9772256728778469,Auto Match
Core Banking,CO_0000525,IWAN NUGROHO,1993-04-28,8740545407,customer000748@example.com,Jl. Ahmad Yani No. 193,Bekasi,IWAN NUGROHO,8740545407,customer000748@example.com,JL AHMAD YANI NO 193,1993,[np.int64(747)],1,C000748,1.0,Auto Match
Core Banking,CO_0000526,TONO NUGROHO,2008-12-01,8326536868,customer000041@example.com,Jl. Gatot Subroto No. 126,Medan,TONO NUGROHO,8326536868,customer000041@example.com,JL GATOT SUBROTO NO 126,2008,[np.int64(40)],1,C000041,1.0,Auto Match
Core Banking,CO_0000527,NANDA PERMATA,2012-10-16,8880838077,customer001688@example.com,Jl. Ahmad Yani No. 93,Medan,NANDA PERMATA,8880838077,customer001688@example.com,JL AHMAD YANI NO 93,2012,[np.int64(1687)],1,C001688,1.0,Auto Match
Core Banking,CO_0000528,Oscar Santoso,1994-06-30,8127188953,customer001568@example.com,Jl. Ahmad Yani No. 150,Medan,OSCAR SANTOSO,8127188953,customer001568@example.com,JL AHMAD YANI NO 150,1994,[np.int64(1567)],1,C001568,1.0,Auto Match
Core Banking,CO_0000529,HanaSaputra,2005-09-13,8388525655,customer001530@example.com,Jl. Merdeka No. 191,Medan,HANASAPUTRA,8388525655,customer001530@example.com,JL MERDEKA NO 191,2005,[np.int64(1529)],1,C001530,0.9891304347826088,Auto Match
Core Banking,CO_0000530,Andi Setiawan,1998-08-16,8135019738,customer001655@examplecom,Jl. Diponegoro No. 74,Bogor,ANDI SETIAWAN,8135019738,customer001655@examplecom,JL DIPONEGORO NO 74,1998,[np.int64(1654)],1,C001655,0.9941176470588236,Auto Match
Core Banking,CO_0000531,Dewi Siregar,2014-07-27,628971116057,customer000343@example.com,JL. AHMAD YANI NO. 119,Jakarta,DEWI SIREGAR,08971116057,customer000343@example.com,JL AHMAD YANI NO 119,2014,[np.int64(342)],1,C000343,0.9880952380952381,Auto Match
Core Banking,CO_0000532,Andi Wijaya,1998-01-13,628162830895,customer000510@example.com,Jalan Gatot Subroto No. 180,Depok,ANDI WIJAYA,08162830895,customer000510@example.com,JL GATOT SUBROTO NO 180,1998,[np.int64(509)],1,C000510,0.9880952380952381,Auto Match
Core Banking,CO_0000533,TONO SAPUTRA,2008-08-18,8472300064,customer000919@example.com,Jalan Diponegoro No. 48,Surabaya,TONO SAPUTRA,8472300064,customer000919@example.com,JL DIPONEGORO NO 48,2008,[np.int64(918)],1,C000919,1.0,Auto Match
Core Banking,CO_0000534,SARI RAMADHAN,2003-06-06,8134722268,customer001670@example.com,Jalan Diponegoro No. 133,Makassar,SARI RAMADHAN,8134722268,customer001670@example.com,JL DIPONEGORO NO 133,2003,[np.int64(1669)],1,C001670,1.0,Auto Match
Core Banking,CO_0000535,BudiWijaya,2014-09-01,8336739332,customer001240@example.com,Jl. Ahmad Yani No. 191,Bogor,BUDIWIJAYA,8336739332,customer001240@example.com,JL AHMAD YANI NO 191,2014,[np.int64(1239)],1,C001240,0.9880952380952382,Auto Match
Core Banking,CO_0000536,OSC4R NUGROHO,2001-02-08,8122951407,customer001010@example.com,JL. MERDEKA NO. 28,Bogor,OSC4R NUGROHO,8122951407,customer001010@example.com,JL MERDEKA NO 28,2001,[np.int64(1009)],1,C001010,0.980769230769231,Auto Match
Core Banking,CO_0000537,KarinSaputra,1994-03-24,8487023912,customer001671@example.com,JL. DIPONEGORO NO. 13,Makassar,KARINSAPUTRA,8487023912,customer001671@example.com,JL DIPONEGORO NO 13,1994,[np.int64(1670)],1,C001671,0.9900000000000001,Auto Match
Core Banking,CO_0000538,KarinLestari,1992-07-23,628646638243,customer000598@example.com,Jalan Ahmad Yani No. 146,Jakarta,KARINLESTARI,08646638243,customer000598@example.com,JL AHMAD YANI NO 146,1992,[np.int64(597)],1,C000598,0.9780952380952381,Auto Match
Core Banking,CO_0000539,Karin Ramadhan,2005-10-17,8824255974,customer001735@example.com,Jl. Sudirman No. 72,Depok,KARIN RAMADHAN,8824255974,customer001735@example.com,JL SUDIRMAN NO 72,2005,[np.int64(1734)],1,C001735,1.0,Auto Match
Core Banking,CO_0000540,SARI SIREGAR,2001-01-29,628821007875,customer000019@example.com,Jl. Ahmad Yani No. 129,Medan,SARI SIREGAR,08821007875,customer000019@example.com,JL AHMAD YANI NO 129,2001,[np.int64(18)],1,C000019,0.9880952380952381,Auto Match
Core Banking,CO_0000541,FajarPratama,1994-02-10,873968538,customer000791@example.com,Jl. Diponegoro No. 100,Bogor,FAJARPRATAMA,873968538,customer000791@example.com,JL DIPONEGORO NO 100,1994,[np.int64(790)],1,C000791,0.976842105263158,Auto Match
Core Banking,CO_0000542,Dewi Hidayat,2012-09-25,62876407146,customer001636@example.com,Jl. Ahmad Yani No. 60,Medan,DEWI HIDAYAT,0876407146,customer001636@example.com,JL AHMAD YANI NO 60,2012,[np.int64(1635)],1,C001636,0.9750000000000001,Auto Match
Core Banking,CO_0000543,Tono Wijaya,1996-12-20,628397286096,customer001111@example.com,Jl. Gatot Subroto No. 65,Semarang,TONO WIJAYA,08397286096,customer001111@example.com,JL GATOT SUBROTO NO 65,1996,[np.int64(1110)],1,C001111,0.9880952380952381,Auto Match
Core Banking,CO_0000544,EKO NUGROHO,2016-06-03,8701599212,customer001540@example.com,Jalan Diponegoro No. 153,Tangerang,EKO NUGROHO,8701599212,customer001540@example.com,JL DIPONEGORO NO 153,2016,[np.int64(1539)],1,C001540,1.0,Auto Match
Core Banking,CO_0000545,Sari Hidayat,2008-03-29,628796330245,customer001554@example.com,Jl. Sudirman No. 89,Semarang,SARI HIDAYAT,08796330245,customer001554@example.com,JL SUDIRMAN NO 89,2008,[np.int64(1553)],1,C001554,0.9880952380952381,Auto Match
Core Banking,CO_0000546,Tono Siregar,2011-10-20,62827079132,customer001548@example.com,Jl. Ahmad Yani No. 51,Semarang,TONO SIREGAR,0827079132,customer001548@example.com,JL AHMAD YANI NO 51,2011,[np.int64(1547)],1,C001548,0.9750000000000001,Auto Match
Core Banking,CO_0000547,Dewi Siregar,1991-05-13,855582597,customer001048@example.com,Jalan Merdeka No. 194,Surabaya,DEWI SIREGAR,855582597,customer001048@example.com,JL MERDEKA NO 194,1991,[np.int64(1047)],1,C001048,0.986842105263158,Auto Match
Core Banking,CO_0000548,Joko Nugroho,1994-07-06,8853645129,customer000093@example.com,Jalan Sudirman No. 33,Depok,JOKO NUGROHO,8853645129,customer000093@example.com,JL SUDIRMAN NO 33,1994,[np.int64(92)],1,C000093,1.0,Auto Match
Core Banking,CO_0000549,Tono Siregar,1998-02-11,8228433034,customer001144@example.com,Jalan Sudirman No. 114,Surabaya,TONO SIREGAR,8228433034,customer001144@example.com,JL SUDIRMAN NO 114,1998,[np.int64(1143)],1,C001144,1.0,Auto Match
Core Banking,CO_0000550,Putri Lestari,2016-02-25,8575105990,customer001363@example.com,JL. DIPONEGORO NO. 112,Bekasi,PUTRI LESTARI,8575105990,customer001363@example.com,JL DIPONEGORO NO 112,2016,[np.int64(1362)],1,C001363,1.0,Auto Match
Core Banking,CO_0000551,Dewi Saputra,2003-06-17,8472984543,customer000267@example.com,Jl. Sudirman No. 132,Bogor,DEWI SAPUTRA,8472984543,customer000267@example.com,JL SUDIRMAN NO 132,2003,[np.int64(266)],1,C000267,1.0,Auto Match
Core Banking,CO_0000552,Dewi Setiawan,2013-06-24,8665628966,customer000974@example.com,Jalan Sudirman No. 39,Semarang,DEWI SETIAWAN,8665628966,customer000974@example.com,JL SUDIRMAN NO 39,2013,[np.int64(973)],1,C000974,1.0,Auto Match
Core Banking,CO_0000553,CitraWijaya,2009-01-27,628546902934,customer001341@example.com,JL. DIPONEGORO NO. 139,Semarang,CITRAWIJAYA,08546902934,customer001341@example.com,JL DIPONEGORO NO 139,2009,[np.int64(1340)],1,C001341,0.9772256728778469,Auto Match
Core Banking,CO_0000554,Sari Nugroho,2005-08-29,827137755,customer000710@examplecom,JL. SUDIRMAN NO. 153,Jakarta,SARI NUGROHO,827137755,customer000710@examplecom,JL SUDIRMAN NO 153,2005,[np.int64(709)],1,C000710,0.9809597523219814,Auto Match
Core Banking,CO_0000555,SARI SANTOSO,1991-09-23,8674857820,customer000972@example.com,Jl. Merdeka No. 50,Bogor,SARI SANTOSO,8674857820,customer000972@example.com,JL MERDEKA NO 50,1991,[np.int64(971)],1,C000972,1.0,Auto Match
Core Banking,CO_0000556,Citra Nugroho,2013-11-03,8536248925,customer001381@example.com,Jl. Sudirman No. 195,Jakarta,CITRA NUGROHO,8536248925,customer001381@example.com,JL SUDIRMAN NO 195,2013,[np.int64(1380)],1,C001381,1.0,Auto Match
Core Banking,CO_0000557,Gita Saputra,1999-04-14,62855269572,customer001076@examplecom,JL. MERDEKA NO. 26,Depok,GITA SAPUTRA,0855269572,customer001076@examplecom,JL MERDEKA NO 26,1999,[np.int64(1075)],1,C001076,0.9691176470588235,Auto Match
Core Banking,CO_0000558,RINA RAMADHAN,1993-05-12,62824307901,customer001249@example.com,Jl. Sudirman No. 146,Bandung,RINA RAMADHAN,0824307901,customer001249@example.com,JL SUDIRMAN NO 146,1993,[np.int64(1248)],1,C001249,0.9750000000000001,Auto Match
Core Banking,CO_0000559,Tono Permata,1989-11-08,8629441698,customer001313@example.com,JL. AHMAD YANI NO. 167,Jakarta,TONO PERMATA,8629441698,customer001313@example.com,JL AHMAD YANI NO 167,1989,[np.int64(1312)],1,C001313,1.0,Auto Match
Core Banking,CO_0000560,GitaWijaya,1990-03-14,8738627945,customer000155@example.com,Jl. Merdeka No. 121,Bogor,GITAWIJAYA,8738627945,customer000155@example.com,JL MERDEKA NO 121,1990,[np.int64(154)],1,C000155,0.9880952380952382,Auto Match
Core Banking,CO_0000561,Maya Ramadhan,2002-09-30,8836034333,customer001789@example.com,Jalan Merdeka No. 147,Makassar,MAYA RAMADHAN,8836034333,customer001789@example.com,JL MERDEKA NO 147,2002,[np.int64(1788)],1,C001789,1.0,Auto Match
Core Banking,CO_0000562,Dewi Ramadhan,2003-08-09,843227205,customer001320@example.com,Jl. Gatot Subroto No. 194,Medan,DEWI RAMADHAN,843227205,customer001320@example.com,JL GATOT SUBROTO NO 194,2003,[np.int64(1319)],1,C001320,0.986842105263158,Auto Match
Core Banking,CO_0000563,NANDA WIJAYA,2009-11-18,8911692249,customer000664@example.com,Jl. Gatot Subroto No. 135,Makassar,NANDA WIJAYA,8911692249,customer000664@example.com,JL GATOT SUBROTO NO 135,2009,[np.int64(663)],1,C000664,1.0,Auto Match
Core Banking,CO_0000564,Lina Permata,2003-11-15,836569571,customer000880@example.com,JALAN DIPONEGORO NO. 90,Tangerang,LINA PERMATA,836569571,customer000880@example.com,JL DIPONEGORO NO 90,2003,[np.int64(879)],1,C000880,0.986842105263158,Auto Match
Core Banking,CO_0000565,Vina Pratama,1995-11-10,8691811751,customer000899@example.com,Jl. Merdeka No. 140,Bogor,VINA PRATAMA,8691811751,customer000899@example.com,JL MERDEKA NO 140,1995,[np.int64(898)],1,C000899,1.0,Auto Match
Core Banking,CO_0000566,MayaSantoso,2002-11-15,62822154572,customer001116@example.com,Jalan Ahmad Yani No. 40,Depok,MAYASANTOSO,0822154572,customer001116@example.com,JL AHMAD YANI NO 40,2002,[np.int64(1115)],1,C001116,0.9641304347826088,Auto Match
Core Banking,CO_0000567,EKO NUGROHO,2015-11-25,8216222698,customer001321@example.com,Jalan Gatot Subroto No. 47,Makassar,EKO NUGROHO,8216222698,customer001321@example.com,JL GATOT SUBROTO NO 47,2015,[np.int64(1320)],1,C001321,1.0,Auto Match
Core Banking,CO_0000568,Karin Santoso,1994-05-02,628506045038,customer000176@example.com,Jl. Merdeka No. 10,Makassar,KARIN SANTOSO,08506045038,customer000176@example.com,JL MERDEKA NO 10,1994,[np.int64(175)],1,C000176,0.9880952380952381,Auto Match
Core Banking,CO_0000569,Lina Santoso,1993-10-25,8739422469,customer000683@examplecom,JALAN DIPONEGORO NO. 72,Medan,LINA SANTOSO,8739422469,customer000683@examplecom,JL DIPONEGORO NO 72,1993,[np.int64(682)],1,C000683,0.9941176470588236,Auto Match
Core Banking,CO_0000570,DEWI SIREGAR,2006-10-19,8961518071,customer000262@example.com,Jl. Diponegoro No. 103,Makassar,DEWI SIREGAR,8961518071,customer000262@example.com,JL DIPONEGORO NO 103,2006,[np.int64(261)],1,C000262,1.0,Auto Match
Core Banking,CO_0000571,Hana Hidayat,2001-12-17,628683284536,customer000881@example.com,Jl. Merdeka No. 58,Bogor,HANA HIDAYAT,08683284536,customer000881@example.com,JL MERDEKA NO 58,2001,[np.int64(880)],1,C000881,0.9880952380952381,Auto Match
Core Banking,CO_0000572,Sari Wijaya,2005-04-02,889384690,customer000908@example.com,Jalan Sudirman No. 56,Surabaya,SARI WIJAYA,889384690,customer000908@example.com,JL SUDIRMAN NO 56,2005,[np.int64(907)],1,C000908,0.986842105263158,Auto Match
Core Banking,CO_0000573,CITRA SANTOSO,2009-01-16,8755505083,customer001535@example.com,Jalan Ahmad Yani No. 139,Bogor,CITRA SANTOSO,8755505083,customer001535@example.com,JL AHMAD YANI NO 139,2009,[np.int64(1534)],1,C001535,1.0,Auto Match
Core Banking,CO_0000574,PUTRI PERMATA,2015-10-31,8311205038,customer000537@examplecom,Jl. Ahmad Yani No. 89,Surabaya,PUTRI PERMATA,8311205038,customer000537@examplecom,JL AHMAD YANI NO 89,2015,[np.int64(536)],1,C000537,0.9941176470588236,Auto Match
Core Banking,CO_0000575,HanaSetiawan,2011-02-04,8355241034,customer000405@example.com,Jl. Diponegoro No. 98,Bogor,HANASETIAWAN,8355241034,customer000405@example.com,JL DIPONEGORO NO 98,2011,[np.int64(404)],1,C000405,0.9900000000000001,Auto Match
Core Banking,CO_0000576,RINA SETIAWAN,1994-09-16,8720095773,customer001286@examplecom,Jl. Gatot Subroto No. 57,Surabaya,RINA SETIAWAN,8720095773,customer001286@examplecom,JL GATOT SUBROTO NO 57,1994,[np.int64(1285)],1,C001286,0.9941176470588236,Auto Match
Core Banking,CO_0000577,Eko Siregar,2010-04-26,8197727892,customer001374@example.com,Jl. Diponegoro No. 130,Bandung,EKO SIREGAR,8197727892,customer001374@example.com,JL DIPONEGORO NO 130,2010,[np.int64(1373)],1,C001374,1.0,Auto Match
Core Banking,CO_0000578,RINAHIDAYAT,2006-06-13,62863830738,customer001460@example.com,Jl. Diponegoro No. 127,Jakarta,RINAHIDAYAT,0863830738,customer001460@example.com,JL DIPONEGORO NO 127,2006,[np.int64(1459)],1,C001460,0.9641304347826088,Auto Match
Core Banking,CO_0000579,Putri Pratama,1990-10-28,8945884879,customer001785@example.com,Jl. Merdeka No. 184,Depok,PUTRI PRATAMA,8945884879,customer001785@example.com,JL MERDEKA NO 184,1990,[np.int64(1784)],1,C001785,1.0,Auto Match
Core Banking,CO_0000580,Vina Hidayat,2002-05-13,62860786658,customer001295@example.com,JL. DIPONEGORO NO. 119,Medan,VINA HIDAYAT,0860786658,customer001295@example.com,JL DIPONEGORO NO 119,2002,[np.int64(1294)],1,C001295,0.9750000000000001,Auto Match
Core Banking,CO_0000581,Maya Ramadhan,1991-01-03,8869533689,customer001709@example.com,Jl. Merdeka No. 125,Bogor,MAYA RAMADHAN,8869533689,customer001709@example.com,JL MERDEKA NO 125,1991,[np.int64(1708)],1,C001709,1.0,Auto Match
Core Banking,CO_0000582,Eko Setiawan,2002-07-13,8269282943,customer000873@example.com,Jl. Gatot Subroto No. 90,Jakarta,EKO SETIAWAN,8269282943,customer000873@example.com,JL GATOT SUBROTO NO 90,2002,[np.int64(872)],1,C000873,1.0,Auto Match
Core Banking,CO_0000583,TONO LEST4R1,2005-05-10,8126706843,customer001338@examplecom,JL. AHMAD YANI NO. 162,Semarang,TONO LEST4R1,8126706843,customer001338@examplecom,JL AHMAD YANI NO 162,2005,[np.int64(1337)],1,C001338,0.9524509803921569,Auto Match
Core Banking,CO_0000584,Vina Lestari,2008-01-19,8241841361,customer001072@examplecom,Jl. Sudirman No. 74,Jakarta,VINA LESTARI,8241841361,customer001072@examplecom,JL SUDIRMAN NO 74,2008,[np.int64(1071)],1,C001072,0.9941176470588236,Auto Match
Core Banking,CO_0000585,TonoLestari,2010-03-28,8154636465,customer000483@example.com,Jl. Gatot Subroto No. 87,Depok,TONOLESTARI,8154636465,customer000483@example.com,JL GATOT SUBROTO NO 87,2010,[np.int64(482)],1,C000483,0.9891304347826088,Auto Match
Core Banking,CO_0000586,IwanLestari,2013-06-08,8396251021,customer001113@example.com,Jl. Sudirman No. 95,Surabaya,IWANLESTARI,8396251021,customer001113@example.com,JL SUDIRMAN NO 95,2013,[np.int64(1112)],1,C001113,0.9891304347826088,Auto Match
Core Banking,CO_0000587,Oscar Wijaya,2013-04-13,8453925120,customer000539@examplecom,Jl. Ahmad Yani No. 5,Bandung,OSCAR WIJAYA,8453925120,customer000539@examplecom,JL AHMAD YANI NO 5,2013,[np.int64(538)],1,C000539,0.9941176470588236,Auto Match
Core Banking,CO_0000588,ANDIPRATAMA,1989-03-07,8183798397,customer000074@example.com,Jalan Sudirman No. 169,Bandung,ANDIPRATAMA,8183798397,customer000074@example.com,JL SUDIRMAN NO 169,1989,[np.int64(73)],1,C000074,0.9891304347826088,Auto Match
Core Banking,CO_0000589,V1N4 H1D4Y4T,1992-11-25,8225104570,customer000874@example.com,Jl. Merdeka No. 136,Bogor,V1N4 H1D4Y4T,8225104570,customer000874@example.com,JL MERDEKA NO 136,1992,[np.int64(873)],1,C000874,0.8958333333333335,Auto Match
Core Banking,CO_0000590,Oscar Setiawan,2015-03-31,8653145596,customer000599@example.com,Jl. Merdeka No. 145,Tangerang,OSCAR SETIAWAN,8653145596,customer000599@example.com,JL MERDEKA NO 145,2015,[np.int64(598)],1,C000599,1.0,Auto Match
Core Banking,CO_0000591,BUDISANTOSO,2015-08-24,8161944673,customer001161@example.com,Jl. Merdeka No. 80,Bogor,BUDISANTOSO,8161944673,customer001161@example.com,JL MERDEKA NO 80,2015,[np.int64(1160)],1,C001161,0.9891304347826088,Auto Match
Core Banking,CO_0000592,BUDI RAMADHAN,1993-04-16,628916477634,customer001166@example.com,Jalan Diponegoro No. 111,Bogor,BUDI RAMADHAN,08916477634,customer001166@example.com,JL DIPONEGORO NO 111,1993,[np.int64(1165)],1,C001166,0.9880952380952381,Auto Match
Core Banking,CO_0000593,Hana Kurniawan,1999-11-14,628124410999,customer001733@example.com,Jl. Diponegoro No. 18,Bandung,HANA KURNIAWAN,08124410999,customer001733@example.com,JL DIPONEGORO NO 18,1999,[np.int64(1732)],1,C001733,0.9880952380952381,Auto Match
Core Banking,CO_0000594,Tono Siregar,2009-04-07,628840088010,customer000358@example.com,Jl. Diponegoro No. 16,Medan,TONO SIREGAR,08840088010,customer000358@example.com,JL DIPONEGORO NO 16,2009,[np.int64(357)],1,C000358,0.9880952380952381,Auto Match
Core Banking,CO_0000595,BUD1 KURN14W4N,2006-03-28,812230101,customer000004@example.com,Jl. Gatot Subroto No. 84,Makassar,BUD1 KURN14W4N,812230101,customer000004@example.com,JL GATOT SUBROTO NO 84,2006,[np.int64(3)],1,C000004,0.9154135338345866,Auto Match
Core Banking,CO_0000596,Vina Permata,1994-06-13,8837360414,customer000648@example.com,JL. MERDEKA NO. 114,Tangerang,VINA PERMATA,8837360414,customer000648@example.com,JL MERDEKA NO 114,1994,[np.int64(647)],1,C000648,1.0,Auto Match
Core Banking,CO_0000597,Lina Setiawan,2006-04-29,8762718686,customer000219@example.com,Jl. Diponegoro No. 143,Tangerang,LINA SETIAWAN,8762718686,customer000219@example.com,JL DIPONEGORO NO 143,2006,[np.int64(218)],1,C000219,1.0,Auto Match
Core Banking,CO_0000598,Vina Wijaya,2003-05-17,896027447,customer000209@example.com,Jl. Diponegoro No. 13,Makassar,VINA WIJAYA,896027447,customer000209@example.com,JL DIPONEGORO NO 13,2003,[np.int64(208)],1,C000209,0.986842105263158,Auto Match
Core Banking,CO_0000599,Dewi Permata,1994-08-06,8584524720,customer001680@example.com,Jl. Merdeka No. 27,Depok,DEWI PERMATA,8584524720,customer001680@example.com,JL MERDEKA NO 27,1994,[np.int64(1679)],1,C001680,1.0,Auto Match
Core Banking,CO_0000600,Citra Saputra,2015-08-15,8366711469,customer000910@example.com,Jl. Gatot Subroto No. 154,Bogor,CITRA SAPUTRA,8366711469,customer000910@example.com,JL GATOT SUBROTO NO 154,2015,[np.int64(909)],1,C000910,1.0,Auto Match
Core Banking,CO_0000601,MayaSaputra,2009-12-21,8495131600,customer001684@example.com,Jalan Merdeka No. 150,Depok,MAYASAPUTRA,8495131600,customer001684@example.com,JL MERDEKA NO 150,2009,[np.int64(1683)],1,C001684,0.9891304347826088,Auto Match
Core Banking,CO_0000602,Karin Hidayat,2009-09-24,8675916259,customer001245@example.com,Jl. Ahmad Yani No. 65,Medan,KARIN HIDAYAT,8675916259,customer001245@example.com,JL AHMAD YANI NO 65,2009,[np.int64(1244)],1,C001245,1.0,Auto Match
Core Banking,CO_0000603,Hana Saputra,1997-10-29,8885915941,customer000190@examplecom,Jalan Diponegoro No. 14,Surabaya,HANA SAPUTRA,8885915941,customer000190@examplecom,JL DIPONEGORO NO 14,1997,[np.int64(189)],1,C000190,0.9941176470588236,Auto Match
Core Banking,CO_0000604,Nanda Permata,1996-05-05,8171007523,customer001259@examplecom,Jl. Merdeka No. 112,Jakarta,NANDA PERMATA,8171007523,customer001259@examplecom,JL MERDEKA NO 112,1996,[np.int64(1258)],1,C001259,0.9941176470588236,Auto Match
Core Banking,CO_0000605,Iwan Lestari,2012-06-26,8212044519,customer000719@example.com,Jl. Diponegoro No. 44,Depok,IWAN LESTARI,8212044519,customer000719@example.com,JL DIPONEGORO NO 44,2012,[np.int64(718)],1,C000719,1.0,Auto Match
Core Banking,CO_0000606,Joko Pratama,2001-05-26,8417140929,customer000016@example.com,Jl. Diponegoro No. 24,Jakarta,JOKO PRATAMA,8417140929,customer000016@example.com,JL DIPONEGORO NO 24,2001,[np.int64(15)],1,C000016,1.0,Auto Match
Core Banking,CO_0000607,BudiLestari,2000-11-24,628770962670,customer001672@example.com,Jl. Merdeka No. 8,Bogor,BUDILESTARI,08770962670,customer001672@example.com,JL MERDEKA NO 8,2000,[np.int64(1671)],1,C001672,0.9772256728778469,Auto Match
Core Banking,CO_0000608,Gita Santoso,2015-11-16,826799589,customer000085@example.com,JL. SUDIRMAN NO. 44,Semarang,GITA SANTOSO,826799589,customer000085@example.com,JL SUDIRMAN NO 44,2015,[np.int64(84)],1,C000085,0.986842105263158,Auto Match
Core Banking,CO_0000609,RinaNugroho,2014-05-03,8585251462,customer000149@example.com,Jl. Gatot Subroto No. 20,Semarang,RINANUGROHO,8585251462,customer000149@example.com,JL GATOT SUBROTO NO 20,2014,[np.int64(148)],1,C000149,0.9891304347826088,Auto Match
Core Banking,CO_0000610,Fajar Pratama,2004-11-26,8181123283,customer001738@examplecom,Jl. Merdeka No. 97,Jakarta,FAJAR PRATAMA,8181123283,customer001738@examplecom,JL MERDEKA NO 97,2004,[np.int64(1737)],1,C001738,0.9941176470588236,Auto Match
Core Banking,CO_0000611,Putri Siregar,2000-05-21,628243725200,customer000053@example.com,Jalan Ahmad Yani No. 157,Makassar,PUTRI SIREGAR,08243725200,customer000053@example.com,JL AHMAD YANI NO 157,2000,[np.int64(52)],1,C000053,0.9880952380952381,Auto Match
Core Banking,CO_0000612,DEWI SAPUTRA,2004-02-04,877835943,customer001550@examplecom,Jl. Diponegoro No. 30,Tangerang,DEWI SAPUTRA,877835943,customer001550@examplecom,JL DIPONEGORO NO 30,2004,[np.int64(1549)],1,C001550,0.9809597523219814,Auto Match
Core Banking,CO_0000613,TONOPRATAMA,1993-09-17,8804438715,customer000767@example.com,Jl. Sudirman No. 141,Medan,TONOPRATAMA,8804438715,customer000767@example.com,JL SUDIRMAN NO 141,1993,[np.int64(766)],1,C000767,0.9891304347826088,Auto Match
Core Banking,CO_0000614,Karin Wijaya,2015-06-19,8585100938,customer000153@example.com,Jl. Diponegoro No. 47,Surabaya,KARIN WIJAYA,8585100938,customer000153@example.com,JL DIPONEGORO NO 47,2015,[np.int64(152)],1,C000153,1.0,Auto Match
Core Banking,CO_0000615,Rina Kurniawan,1993-09-06,8748413236,customer000983@example.com,Jl. Diponegoro No. 96,Bogor,RINA KURNIAWAN,8748413236,customer000983@example.com,JL DIPONEGORO NO 96,1993,[np.int64(982)],1,C000983,1.0,Auto Match
Core Banking,CO_0000616,TONO SIREGAR,1995-05-07,8913448401,customer001720@example.com,JALAN MERDEKA NO. 111,Surabaya,TONO SIREGAR,8913448401,customer001720@example.com,JL MERDEKA NO 111,1995,[np.int64(1719)],1,C001720,1.0,Auto Match
Core Banking,CO_0000617,GitaKurniawan,1990-01-21,8643876572,customer001042@example.com,JL. AHMAD YANI NO. 90,Makassar,GITAKURNIAWAN,8643876572,customer001042@example.com,JL AHMAD YANI NO 90,1990,[np.int64(1041)],1,C001042,0.9907407407407408,Auto Match
Core Banking,CO_0000618,TONO SETIAWAN,1996-06-05,8722933020,customer000724@example.com,Jl. Ahmad Yani No. 157,Depok,TONO SETIAWAN,8722933020,customer000724@example.com,JL AHMAD YANI NO 157,1996,[np.int64(723)],1,C000724,1.0,Auto Match
Core Banking,CO_0000619,DEWI KURNIAWAN,1994-05-15,819853859,customer000848@example.com,Jl. Gatot Subroto No. 174,Makassar,DEWI KURNIAWAN,819853859,customer000848@example.com,JL GATOT SUBROTO NO 174,1994,[np.int64(847)],1,C000848,0.986842105263158,Auto Match
Core Banking,CO_0000620,TonoSantoso,1990-06-18,628922042994,customer000422@example.com,Jl. Sudirman No. 15,Tangerang,TONOSANTOSO,08922042994,customer000422@example.com,JL SUDIRMAN NO 15,1990,[np.int64(421)],1,C000422,0.9772256728778469,Auto Match
Core Banking,CO_0000621,Budi Setiawan,2001-11-11,8565842283,customer001518@examplecom,Jalan Gatot Subroto No. 129,Medan,BUDI SETIAWAN,8565842283,customer001518@examplecom,JL GATOT SUBROTO NO 129,2001,[np.int64(1517)],1,C001518,0.9941176470588236,Auto Match
Core Banking,CO_0000622,SariSiregar,2001-04-16,8518691223,customer000214@example.com,Jalan Merdeka No. 168,Tangerang,SARISIREGAR,8518691223,customer000214@example.com,JL MERDEKA NO 168,2001,[np.int64(213)],1,C000214,0.9891304347826088,Auto Match
Core Banking,CO_0000623,SARI PRATAMA,2004-11-29,628775111720,customer000283@example.com,Jl. Ahmad Yani No. 150,Tangerang,SARI PRATAMA,08775111720,customer000283@example.com,JL AHMAD YANI NO 150,2004,[np.int64(282)],1,C000283,0.9880952380952381,Auto Match
Core Banking,CO_0000624,Iwan Ramadhan,1998-07-09,8887340837,customer000655@example.com,Jalan Sudirman No. 149,Depok,IWAN RAMADHAN,8887340837,customer000655@example.com,JL SUDIRMAN NO 149,1998,[np.int64(654)],1,C000655,1.0,Auto Match
Core Banking,CO_0000625,1wan Wijaya,1999-08-10,8690124667,customer001784@example.com,JALAN MERDEKA NO. 54,Jakarta,1WAN WIJAYA,8690124667,customer001784@example.com,JL MERDEKA NO 54,1999,[np.int64(1783)],1,C001784,0.9772727272727274,Auto Match
Core Banking,CO_0000626,Fajar Siregar,2004-10-15,8144904198,customer001167@example.com,JL. GATOT SUBROTO NO. 10,Semarang,FAJAR SIREGAR,8144904198,customer001167@example.com,JL GATOT SUBROTO NO 10,2004,[np.int64(1166)],1,C001167,1.0,Auto Match
Core Banking,CO_0000627,OSCAR HIDAYAT,2003-03-11,8136163415,customer000796@example.com,Jalan Gatot Subroto No. 168,Semarang,OSCAR HIDAYAT,8136163415,customer000796@example.com,JL GATOT SUBROTO NO 168,2003,[np.int64(795)],1,C000796,1.0,Auto Match
Core Banking,CO_0000628,MAYA WIJAYA,2003-07-05,8376543811,customer000337@example.com,Jalan Sudirman No. 173,Bogor,MAYA WIJAYA,8376543811,customer000337@example.com,JL SUDIRMAN NO 173,2003,[np.int64(336)],1,C000337,1.0,Auto Match
Core Banking,CO_0000629,RinaRamadhan,2005-10-29,839741341,customer000295@example.com,Jl. Merdeka No. 20,Depok,RINARAMADHAN,839741341,customer000295@example.com,JL MERDEKA NO 20,2005,[np.int64(294)],1,C000295,0.976842105263158,Auto Match
Core Banking,CO_0000630,Dewi Permata,2001-03-17,878560373,customer000144@example.com,JL. SUDIRMAN NO. 55,Bandung,DEWI PERMATA,878560373,customer000144@example.com,JL SUDIRMAN NO 55,2001,[np.int64(143)],1,C000144,0.986842105263158,Auto Match
Core Banking,CO_0000631,Rina Setiawan,1997-12-29,628776191397,customer001268@example.com,JALAN SUDIRMAN NO. 162,Depok,RINA SETIAWAN,08776191397,customer001268@example.com,JL SUDIRMAN NO 162,1997,[np.int64(1267)],1,C001268,0.9880952380952381,Auto Match
Core Banking,CO_0000632,Oscar Wijaya,1996-03-30,8428210460,customer000798@example.com,Jl. Gatot Subroto No. 183,Bekasi,OSCAR WIJAYA,8428210460,customer000798@example.com,JL GATOT SUBROTO NO 183,1996,[np.int64(797)],1,C000798,1.0,Auto Match
Core Banking,CO_0000633,SariWijaya,2011-09-27,829511473,customer000290@example.com,Jl. Gatot Subroto No. 176,Bogor,SARIWIJAYA,829511473,customer000290@example.com,JL GATOT SUBROTO NO 176,2011,[np.int64(289)],1,C000290,0.974937343358396,Auto Match
Core Banking,CO_0000634,CitraNugroho,1989-05-20,854594220,customer001089@example.com,Jl. Sudirman No. 41,Semarang,CITRANUGROHO,854594220,customer001089@example.com,JL SUDIRMAN NO 41,1989,[np.int64(1088)],1,C001089,0.976842105263158,Auto Match
Core Banking,CO_0000635,Putri Ramadhan,2005-05-31,8971544252,customer001336@example.com,JL. MERDEKA NO. 5,Depok,PUTRI RAMADHAN,8971544252,customer001336@example.com,JL MERDEKA NO 5,2005,[np.int64(1335)],1,C001336,1.0,Auto Match
Core Banking,CO_0000636,Citra Kurniawan,1995-12-30,8616649954,customer001677@example.com,Jl. Diponegoro No. 36,Surabaya,CITRA KURNIAWAN,8616649954,customer001677@example.com,JL DIPONEGORO NO 36,1995,[np.int64(1676)],1,C001677,1.0,Auto Match
Core Banking,CO_0000637,KarinSiregar,1998-11-19,8680736831,customer001565@examplecom,Jl. Diponegoro No. 169,Depok,KARINSIREGAR,8680736831,customer001565@examplecom,JL DIPONEGORO NO 169,1998,[np.int64(1564)],1,C001565,0.9841176470588235,Auto Match
Core Banking,CO_0000638,H4N4 SET14W4N,2013-10-05,8185818107,customer000850@example.com,Jl. Merdeka No. 36,Makassar,H4N4 SET14W4N,8185818107,customer000850@example.com,JL MERDEKA NO 36,2013,[np.int64(849)],1,C000850,0.903846153846154,Auto Match
Core Banking,CO_0000639,MayaKurniawan,2002-02-06,823430495,customer000338@examplecom,Jalan Diponegoro No. 71,Medan,MAYAKURNIAWAN,823430495,customer000338@examplecom,JL DIPONEGORO NO 71,2002,[],0,C000338,0.9717004930627221,Auto Match
Core Banking,CO_0000640,Karin Kurniawan,2010-01-13,8887891123,customer001172@example.com,Jl. Sudirman No. 57,Bekasi,KARIN KURNIAWAN,8887891123,customer001172@example.com,JL SUDIRMAN NO 57,2010,[np.int64(1171)],1,C001172,1.0,Auto Match
Core Banking,CO_0000641,Oscar Nugroho,2012-06-26,8599192314,customer000366@example.com,Jl. Diponegoro No. 85,Semarang,OSCAR NUGROHO,8599192314,customer000366@example.com,JL DIPONEGORO NO 85,2012,[np.int64(365)],1,C000366,1.0,Auto Match
Core Banking,CO_0000642,JOKO SIREGAR,1997-07-30,628317504766,customer000895@example.com,Jl. Sudirman No. 8,Bandung,JOKO SIREGAR,08317504766,customer000895@example.com,JL SUDIRMAN NO 8,1997,[np.int64(894)],1,C000895,0.9880952380952381,Auto Match
Core Banking,CO_0000643,Eko Setiawan,2003-09-30,628583360250,customer000297@example.com,Jl. Diponegoro No. 88,Semarang,EKO SETIAWAN,08583360250,customer000297@example.com,JL DIPONEGORO NO 88,2003,[np.int64(296)],1,C000297,0.9880952380952381,Auto Match
Core Banking,CO_0000644,4ndi Saputra,2008-08-22,847894942,customer000975@example.com,JL. DIPONEGORO NO. 163,Medan,4NDI SAPUTRA,847894942,customer000975@example.com,JL DIPONEGORO NO 163,2008,[np.int64(974)],1,C000975,0.9660087719298246,Auto Match
Core Banking,CO_0000645,FAJAR WIJAYA,1990-04-12,628766400818,customer001151@examplecom,Jl. Sudirman No. 106,Medan,FAJAR WIJAYA,08766400818,customer001151@examplecom,JL SUDIRMAN NO 106,1990,[np.int64(1150)],1,C001151,0.9822128851540616,Auto Match
Core Banking,CO_0000646,Vina Siregar,2014-06-10,628329306549,customer000201@example.com,Jl. Ahmad Yani No. 75,Semarang,VINA SIREGAR,08329306549,customer000201@example.com,JL AHMAD YANI NO 75,2014,[np.int64(200)],1,C000201,0.9880952380952381,Auto Match
Core Banking,CO_0000647,OSCAR RAMADHAN,2011-03-04,8894808313,customer001615@example.com,Jl. Diponegoro No. 24,Surabaya,OSCAR RAMADHAN,8894808313,customer001615@example.com,JL DIPONEGORO NO 24,2011,[np.int64(1614)],1,C001615,1.0,Auto Match
Core Banking,CO_0000648,Hana Kurniawan,2003-06-11,8565725268,customer001140@example.com,Jl. Gatot Subroto No. 21,Bekasi,HANA KURNIAWAN,8565725268,customer001140@example.com,JL GATOT SUBROTO NO 21,2003,[np.int64(1139)],1,C001140,1.0,Auto Match
Core Banking,CO_0000649,Iwan Pratama,2009-11-21,811449337,customer000737@example.com,Jl. Sudirman No. 129,Depok,IWAN PRATAMA,811449337,customer000737@example.com,JL SUDIRMAN NO 129,2009,[np.int64(736)],1,C000737,0.986842105263158,Auto Match
Core Banking,CO_0000650,Dewi Nugroho,1994-07-25,62815157265,customer001191@example.com,Jl. Ahmad Yani No. 115,Medan,DEWI NUGROHO,0815157265,customer001191@example.com,JL AHMAD YANI NO 115,1994,[np.int64(1190)],1,C001191,0.9750000000000001,Auto Match
Core Banking,CO_0000651,MayaSantoso,2010-06-16,62810223013,customer001315@example.com,Jl. Sudirman No. 24,Medan,MAYASANTOSO,0810223013,customer001315@example.com,JL SUDIRMAN NO 24,2010,[np.int64(1314)],1,C001315,0.9641304347826088,Auto Match
Core Banking,CO_0000652,HANA HIDAYAT,2001-12-09,850264566,customer000580@example.com,Jl. Diponegoro No. 125,Surabaya,HANA HIDAYAT,850264566,customer000580@example.com,JL DIPONEGORO NO 125,2001,[np.int64(579)],1,C000580,0.986842105263158,Auto Match
Core Banking,CO_0000653,Eko Pratama,2005-12-07,628973499482,customer000855@example.com,Jl. Sudirman No. 141,Depok,EKO PRATAMA,08973499482,customer000855@example.com,JL SUDIRMAN NO 141,2005,[np.int64(854)],1,C000855,0.9880952380952381,Auto Match
Core Banking,CO_0000654,CITRA WIJAYA,2008-06-07,8184806877,customer000968@example.com,Jl. Diponegoro No. 116,Bogor,CITRA WIJAYA,8184806877,customer000968@example.com,JL DIPONEGORO NO 116,2008,[np.int64(967)],1,C000968,1.0,Auto Match
Core Banking,CO_0000655,OSCAR SAPUTRA,2011-04-06,628500738918,customer000113@examplecom,Jl. Ahmad Yani No. 97,Depok,OSCAR SAPUTRA,08500738918,customer000113@examplecom,JL AHMAD YANI NO 97,2011,[np.int64(112)],1,C000113,0.9822128851540616,Auto Match
Core Banking,CO_0000656,DEWI NUGROHO,1999-03-15,8930150615,customer001138@example.com,Jl. Ahmad Yani No. 24,Tangerang,DEWI NUGROHO,8930150615,customer001138@example.com,JL AHMAD YANI NO 24,1999,[np.int64(1137)],1,C001138,1.0,Auto Match
Core Banking,CO_0000657,Putri Kurniawan,2004-03-24,835815199,customer001501@example.com,Jl. Ahmad Yani No. 152,Surabaya,PUTRI KURNIAWAN,835815199,customer001501@example.com,JL AHMAD YANI NO 152,2004,[np.int64(1500)],1,C001501,0.986842105263158,Auto Match
Core Banking,CO_0000658,Vina Permata,2011-07-23,851814232,customer001756@example.com,JL. GATOT SUBROTO NO. 75,Jakarta,VINA PERMATA,851814232,customer001756@example.com,JL GATOT SUBROTO NO 75,2011,[np.int64(1755)],1,C001756,0.986842105263158,Auto Match
Core Banking,CO_0000659,IWAN KURNIAWAN,1992-12-16,8406125057,customer001068@example.com,JL. MERDEKA NO. 24,Surabaya,IWAN KURNIAWAN,8406125057,customer001068@example.com,JL MERDEKA NO 24,1992,[np.int64(1067)],1,C001068,1.0,Auto Match
Core Banking,CO_0000660,FajarHidayat,1999-01-05,62874706308,customer000248@example.com,Jl. Ahmad Yani No. 139,Bogor,FAJARHIDAYAT,0874706308,customer000248@example.com,JL AHMAD YANI NO 139,1999,[np.int64(247)],1,C000248,0.9650000000000001,Auto Match
Core Banking,CO_0000661,DewiSantoso,1990-08-03,8163444841,customer000741@example.com,Jl. Sudirman No. 146,Depok,DEWISANTOSO,8163444841,customer000741@example.com,JL SUDIRMAN NO 146,1990,[np.int64(740)],1,C000741,0.9891304347826088,Auto Match
Core Banking,CO_0000662,VinaLestari,2005-06-17,8744161278,customer001190@examplecom,JL. MERDEKA NO. 123,Tangerang,VINALESTARI,8744161278,customer001190@examplecom,JL MERDEKA NO 123,2005,[np.int64(1189)],1,C001190,0.9832480818414323,Auto Match
Core Banking,CO_0000663,OSCAR HIDAYAT,2012-12-16,863528625,customer000950@example.com,JL. AHMAD YANI NO. 155,Surabaya,OSCAR HIDAYAT,863528625,customer000950@example.com,JL AHMAD YANI NO 155,2012,[np.int64(949)],1,C000950,0.986842105263158,Auto Match
Core Banking,CO_0000664,KarinWijaya,2012-06-14,8406055420,customer001297@example.com,Jl. Sudirman No. 80,Semarang,KARINWIJAYA,8406055420,customer001297@example.com,JL SUDIRMAN NO 80,2012,[np.int64(1296)],1,C001297,0.9891304347826088,Auto Match
Core Banking,CO_0000665,Rina Wijaya,1993-04-10,857052656,customer000230@example.com,Jl. Merdeka No. 49,Bandung,RINA WIJAYA,857052656,customer000230@example.com,JL MERDEKA NO 49,1993,[np.int64(229)],1,C000230,0.986842105263158,Auto Match
Core Banking,CO_0000666,FAJAR SANTOSO,2005-08-26,8168895920,customer001156@example.com,Jalan Ahmad Yani No. 129,Makassar,FAJAR SANTOSO,8168895920,customer001156@example.com,JL AHMAD YANI NO 129,2005,[np.int64(1155)],1,C001156,1.0,Auto Match
Core Banking,CO_0000667,4ndiLestari,1997-04-17,8535160476,customer000882@example.com,Jl. Ahmad Yani No. 164,Medan,4NDILESTARI,8535160476,customer000882@example.com,JL AHMAD YANI NO 164,1997,[np.int64(881)],1,C000882,0.9673913043478262,Auto Match
Core Banking,CO_0000668,NANDAHIDAYAT,2002-10-02,8736912818,customer001038@examplecom,Jl. Sudirman No. 144,Jakarta,NANDAHIDAYAT,8736912818,customer001038@examplecom,JL SUDIRMAN NO 144,2002,[np.int64(1037)],1,C001038,0.9841176470588235,Auto Match
Core Banking,CO_0000669,DewiHidayat,1997-09-10,8435939643,customer001627@example.com,Jalan Ahmad Yani No. 101,Semarang,DEWIHIDAYAT,8435939643,customer001627@example.com,JL AHMAD YANI NO 101,1997,[np.int64(1626)],1,C001627,0.9891304347826088,Auto Match
Core Banking,CO_0000670,MayaSiregar,1991-02-28,8780664798,customer000993@example.com,Jl. Sudirman No. 129,Makassar,MAYASIREGAR,8780664798,customer000993@example.com,JL SUDIRMAN NO 129,1991,[np.int64(992)],1,C000993,0.9891304347826088,Auto Match
Core Banking,CO_0000671,Dewi Pratama,2012-04-13,8655618059,customer001185@example.com,Jl. Sudirman No. 43,Medan,DEWI PRATAMA,8655618059,customer001185@example.com,JL SUDIRMAN NO 43,2012,[np.int64(1184)],1,C001185,1.0,Auto Match
Core Banking,CO_0000672,Andi Wijaya,1994-05-11,8584760715,customer000409@example.com,Jl. Merdeka No. 34,Bekasi,ANDI WIJAYA,8584760715,customer000409@example.com,JL MERDEKA NO 34,1994,[np.int64(408)],1,C000409,1.0,Auto Match
Core Banking,CO_0000673,RinaWijaya,2012-09-12,8350088595,customer000362@example.com,Jl. Sudirman No. 1,Depok,RINAWIJAYA,8350088595,customer000362@example.com,JL SUDIRMAN NO 1,2012,[np.int64(361)],1,C000362,0.9880952380952382,Auto Match
Core Banking,CO_0000674,VINA PERMATA,1992-07-28,62837832475,customer001588@example.com,Jalan Diponegoro No. 78,Semarang,VINA PERMATA,0837832475,customer001588@example.com,JL DIPONEGORO NO 78,1992,[np.int64(1587)],1,C001588,0.9750000000000001,Auto Match
Core Banking,CO_0000675,Tono Saputra,2003-08-11,899840563,customer000173@examplecom,Jl. Gatot Subroto No. 126,Depok,TONO SAPUTRA,899840563,customer000173@examplecom,JL GATOT SUBROTO NO 126,2003,[np.int64(172)],1,C000173,0.9809597523219814,Auto Match
Core Banking,CO_0000676,OscarHidayat,2008-02-01,848910187,customer001287@example.com,Jalan Diponegoro No. 196,Makassar,OSCARHIDAYAT,848910187,customer001287@example.com,JL DIPONEGORO NO 196,2008,[np.int64(1286)],1,C001287,0.976842105263158,Auto Match
Core Banking,CO_0000677,GitaSiregar,1997-05-12,8410983292,customer000911@example.com,Jl. Ahmad Yani No. 2,Bogor,GITASIREGAR,8410983292,customer000911@example.com,JL AHMAD YANI NO 2,1997,[np.int64(910)],1,C000911,0.9891304347826088,Auto Match
Core Banking,CO_0000678,Sari Ramadhan,1991-08-23,8406000036,customer001326@example.com,Jl. Gatot Subroto No. 44,Medan,SARI RAMADHAN,8406000036,customer001326@example.com,JL GATOT SUBROTO NO 44,1991,[np.int64(1325)],1,C001326,1.0,Auto Match
Core Banking,CO_0000679,PUTRI HIDAYAT,1991-08-06,8551801499,customer001594@example.com,Jl. Merdeka No. 118,Semarang,PUTRI HIDAYAT,8551801499,customer001594@example.com,JL MERDEKA NO 118,1991,[np.int64(1593)],1,C001594,1.0,Auto Match
Core Banking,CO_0000680,Budi Saputra,2001-07-25,62864725891,customer001710@example.com,Jl. Diponegoro No. 126,Makassar,BUDI SAPUTRA,0864725891,customer001710@example.com,JL DIPONEGORO NO 126,2001,[np.int64(1709)],1,C001710,0.9750000000000001,Auto Match
Core Banking,CO_0000681,Rina Kurniawan,1991-09-06,8689602501,customer000501@example.com,Jl. Ahmad Yani No. 193,Tangerang,RINA KURNIAWAN,8689602501,customer000501@example.com,JL AHMAD YANI NO 193,1991,[np.int64(500)],1,C000501,1.0,Auto Match
Core Banking,CO_0000682,GITA WIJAYA,2007-05-12,842977918,customer000889@examplecom,Jl. Sudirman No. 78,Bekasi,GITA WIJAYA,842977918,customer000889@examplecom,JL SUDIRMAN NO 78,2007,[np.int64(888)],1,C000889,0.9809597523219814,Auto Match
Core Banking,CO_0000683,1wan Ramadhan,2002-12-24,62841550030,customer000540@example.com,Jl. Gatot Subroto No. 151,Bogor,1WAN RAMADHAN,0841550030,customer000540@example.com,JL GATOT SUBROTO NO 151,2002,[np.int64(539)],1,C000540,0.9557692307692308,Auto Match
Core Banking,CO_0000684,Vina Saputra,1998-02-21,8635623313,customer000738@example.com,Jl. Diponegoro No. 173,Makassar,VINA SAPUTRA,8635623313,customer000738@example.com,JL DIPONEGORO NO 173,1998,[np.int64(737)],1,C000738,1.0,Auto Match
Core Banking,CO_0000685,IwanSantoso,1990-10-14,852418168,customer001261@examplecom,JALAN AHMAD YANI NO. 26,Bekasi,IWANSANTOSO,852418168,customer001261@examplecom,JL AHMAD YANI NO 26,1990,[],0,C001261,0.97009018710459,Auto Match
Core Banking,CO_0000686,VINA PRATAMA,1994-11-30,8719644277,customer000427@example.com,Jl. Ahmad Yani No. 46,Bandung,VINA PRATAMA,8719644277,customer000427@example.com,JL AHMAD YANI NO 46,1994,[np.int64(426)],1,C000427,1.0,Auto Match
Core Banking,CO_0000687,Hana Wijaya,1994-04-26,62867177643,customer000964@examplecom,JALAN AHMAD YANI NO. 73,Bekasi,HANA WIJAYA,0867177643,customer000964@examplecom,JL AHMAD YANI NO 73,1994,[np.int64(963)],1,C000964,0.9691176470588235,Auto Match
Core Banking,CO_0000688,Rina Kurniawan,2016-05-07,8163933409,customer000616@example.com,JL. SUDIRMAN NO. 109,Medan,RINA KURNIAWAN,8163933409,customer000616@example.com,JL SUDIRMAN NO 109,2016,[np.int64(615)],1,C000616,1.0,Auto Match
Core Banking,CO_0000689,GitaSaputra,2012-10-12,8941438083,customer001094@example.com,Jl. Ahmad Yani No. 49,Makassar,GITASAPUTRA,8941438083,customer001094@example.com,JL AHMAD YANI NO 49,2012,[np.int64(1093)],1,C001094,0.9891304347826088,Auto Match
Core Banking,CO_0000690,LINA LESTARI,2004-11-12,628440534600,customer001377@example.com,Jl. Merdeka No. 84,Bekasi,LINA LESTARI,08440534600,customer001377@example.com,JL MERDEKA NO 84,2004,[np.int64(1376)],1,C001377,0.9880952380952381,Auto Match
Core Banking,CO_0000691,Maya Lestari,2014-05-19,861194338,customer000831@example.com,Jalan Gatot Subroto No. 31,Makassar,MAYA LESTARI,861194338,customer000831@example.com,JL GATOT SUBROTO NO 31,2014,[np.int64(830)],1,C000831,0.986842105263158,Auto Match
Core Banking,CO_0000692,Iwan Wijaya,1998-06-06,8198690308,customer001368@examplecom,Jl. Gatot Subroto No. 155,Medan,IWAN WIJAYA,8198690308,customer001368@examplecom,JL GATOT SUBROTO NO 155,1998,[np.int64(1367)],1,C001368,0.9941176470588236,Auto Match
Core Banking,CO_0000693,MayaSaputra,1989-07-02,8530197565,customer000793@example.com,Jl. Gatot Subroto No. 165,Surabaya,MAYASAPUTRA,8530197565,customer000793@example.com,JL GATOT SUBROTO NO 165,1989,[np.int64(792)],1,C000793,0.9891304347826088,Auto Match
Core Banking,CO_0000694,Putri Ramadhan,2007-07-21,8552956633,customer001279@example.com,Jl. Diponegoro No. 195,Bandung,PUTRI RAMADHAN,8552956633,customer001279@example.com,JL DIPONEGORO NO 195,2007,[np.int64(1278)],1,C001279,1.0,Auto Match
Core Banking,CO_0000695,Citra Kurniawan,2014-08-19,628323893295,customer000532@example.com,Jl. Diponegoro No. 176,Bandung,CITRA KURNIAWAN,08323893295,customer000532@example.com,JL DIPONEGORO NO 176,2014,[np.int64(531)],1,C000532,0.9880952380952381,Auto Match
Core Banking,CO_0000696,Maya Lestari,1990-02-27,8243543764,customer000699@example.com,Jalan Sudirman No. 129,Bekasi,MAYA LESTARI,8243543764,customer000699@example.com,JL SUDIRMAN NO 129,1990,[np.int64(698)],1,C000699,1.0,Auto Match
Core Banking,CO_0000697,Andi Kurniawan,2009-12-05,879508053,customer001507@examplecom,Jl. Merdeka No. 36,Makassar,ANDI KURNIAWAN,879508053,customer001507@examplecom,JL MERDEKA NO 36,2009,[np.int64(1506)],1,C001507,0.9809597523219814,Auto Match
Core Banking,CO_0000698,Oscar Nugroho,1995-07-16,866042220,customer001430@example.com,JL. MERDEKA NO. 149,Depok,OSCAR NUGROHO,866042220,customer001430@example.com,JL MERDEKA NO 149,1995,[np.int64(1429)],1,C001430,0.986842105263158,Auto Match
Core Banking,CO_0000699,Gita Pratama,1990-04-25,871262263,customer000589@example.com,Jalan Diponegoro No. 88,Bandung,GITA PRATAMA,871262263,customer000589@example.com,JL DIPONEGORO NO 88,1990,[np.int64(588)],1,C000589,0.986842105263158,Auto Match
Core Banking,CO_0000700,Nanda Hidayat,1991-10-29,628887589906,customer000471@example.com,Jl. Gatot Subroto No. 55,Makassar,NANDA HIDAYAT,08887589906,customer000471@example.com,JL GATOT SUBROTO NO 55,1991,[np.int64(470)],1,C000471,0.9880952380952381,Auto Match
Credit Card,CR_0000701,RINA PRATAMA,1989-08-13,8789165195,customer001468@examplecom,Jl. Diponegoro No. 83,Bekasi,RINA PRATAMA,8789165195,customer001468@examplecom,JL DIPONEGORO NO 83,1989,[np.int64(1467)],1,C001468,0.9941176470588236,Auto Match
Credit Card,CR_0000702,Eko Santoso,2011-02-22,8238175464,customer001376@example.com,Jl. Merdeka No. 71,Bandung,EKO SANTOSO,8238175464,customer001376@example.com,JL MERDEKA NO 71,2011,[np.int64(1375)],1,C001376,1.0,Auto Match
Credit Card,CR_0000703,Hana Saputra,2011-07-03,8901232139,customer001521@example.com,JL. MERDEKA NO. 148,Tangerang,HANA SAPUTRA,8901232139,customer001521@example.com,JL MERDEKA NO 148,2011,[np.int64(1520)],1,C001521,1.0,Auto Match
Credit Card,CR_0000704,Oscar Lestari,2003-05-23,8823494465,customer001485@examplecom,Jl. Gatot Subroto No. 167,Semarang,OSCAR LESTARI,8823494465,customer001485@examplecom,JL GATOT SUBROTO NO 167,2003,[np.int64(1484)],1,C001485,0.9941176470588236,Auto Match
Credit Card,CR_0000705,Sari Hidayat,2010-02-28,826802290,customer000686@example.com,Jl. Merdeka No. 173,Bandung,SARI HIDAYAT,826802290,customer000686@example.com,JL MERDEKA NO 173,2010,[np.int64(685)],1,C000686,0.986842105263158,Auto Match
Credit Card,CR_0000706,Budi Pratama,2012-06-13,8749231988,customer000727@example.com,Jalan Sudirman No. 159,Bandung,BUDI PRATAMA,8749231988,customer000727@example.com,JL SUDIRMAN NO 159,2012,[np.int64(726)],1,C000727,1.0,Auto Match
Credit Card,CR_0000707,ANDISIREGAR,1998-11-21,8863373193,customer000842@examplecom,JALAN SUDIRMAN NO. 129,Makassar,ANDISIREGAR,8863373193,customer000842@examplecom,JL SUDIRMAN NO 129,1998,[np.int64(841)],1,C000842,0.9832480818414323,Auto Match
Credit Card,CR_0000708,Hana Nugroho,2005-10-30,8535945832,customer001380@examplecom,Jl. Diponegoro No. 16,Bandung,HANA NUGROHO,8535945832,customer001380@examplecom,JL DIPONEGORO NO 16,2005,[np.int64(1379)],1,C001380,0.9941176470588236,Auto Match
Credit Card,CR_0000709,EKO S1REG4R,2002-11-26,8977050802,customer000327@example.com,Jl. Merdeka No. 192,Tangerang,EKO S1REG4R,8977050802,customer000327@example.com,JL MERDEKA NO 192,2002,[np.int64(326)],1,C000327,0.9545454545454547,Auto Match
Credit Card,CR_0000710,Karin Lestari,1997-10-31,628743431871,customer000777@example.com,Jl. Ahmad Yani No. 172,Surabaya,KARIN LESTARI,08743431871,customer000777@example.com,JL AHMAD YANI NO 172,1997,[np.int64(776)],1,C000777,0.9880952380952381,Auto Match
Credit Card,CR_0000711,Andi Kurniawan,2000-04-21,8900061159,customer001596@example.com,Jl. Ahmad Yani No. 104,Depok,ANDI KURNIAWAN,8900061159,customer001596@example.com,JL AHMAD YANI NO 104,2000,[np.int64(1595)],1,C001596,1.0,Auto Match
Credit Card,CR_0000712,Iwan Pratama,2009-11-21,628114493372,customer000737@example.com,Jalan Sudirman No. 129,Depok,IWAN PRATAMA,08114493372,customer000737@example.com,JL SUDIRMAN NO 129,2009,[np.int64(736)],1,C000737,0.9880952380952381,Auto Match
Credit Card,CR_0000713,OSCAR PERMATA,2002-03-19,8556036052,customer001533@example.com,Jl. Sudirman No. 194,Depok,OSCAR PERMATA,8556036052,customer001533@example.com,JL SUDIRMAN NO 194,2002,[np.int64(1532)],1,C001533,1.0,Auto Match
Credit Card,CR_0000714,EKO KURN14W4N,1991-02-01,8559680837,customer001736@example.com,Jl. Merdeka No. 41,Makassar,EKO KURN14W4N,8559680837,customer001736@example.com,JL MERDEKA NO 41,1991,[np.int64(1735)],1,C001736,0.9423076923076924,Auto Match
Credit Card,CR_0000715,Gita Lestari,1996-05-12,8245604211,customer000120@examplecom,Jl. Merdeka No. 109,Bandung,GITA LESTARI,8245604211,customer000120@examplecom,JL MERDEKA NO 109,1996,[np.int64(119)],1,C000120,0.9941176470588236,Auto Match
Credit Card,CR_0000716,OscarNugroho,2012-06-26,8599192314,customer000366@example.com,Jl. Diponegoro No. 85,Semarang,OSCARNUGROHO,8599192314,customer000366@example.com,JL DIPONEGORO NO 85,2012,[np.int64(365)],1,C000366,0.9900000000000001,Auto Match
Credit Card,CR_0000717,Hana Santoso,2013-06-27,838625773,customer001101@example.com,Jl. Sudirman No. 120,Bandung,HANA SANTOSO,838625773,customer001101@example.com,JL SUDIRMAN NO 120,2013,[np.int64(1100)],1,C001101,0.986842105263158,Auto Match
Credit Card,CR_0000718,F4J4RS1REG4R,2002-05-08,628903614494,customer000056@example.com,Jl. Sudirman No. 16,Medan,F4J4RS1REG4R,08903614494,customer000056@example.com,JL SUDIRMAN NO 16,2002,[np.int64(55)],1,C000056,0.8980952380952382,Auto Match
Credit Card,CR_0000719,Sari Saputra,2000-12-28,8859967751,customer000076@example.com,Jl. Ahmad Yani No. 53,Jakarta,SARI SAPUTRA,8859967751,customer000076@example.com,JL AHMAD YANI NO 53,2000,[np.int64(75)],1,C000076,1.0,Auto Match
Credit Card,CR_0000720,RINA NUGROHO,2003-11-18,628337630331,customer001228@examplecom,JL. AHMAD YANI NO. 137,Makassar,RINA NUGROHO,08337630331,customer001228@examplecom,JL AHMAD YANI NO 137,2003,[np.int64(1227)],1,C001228,0.9822128851540616,Auto Match
Credit Card,CR_0000721,JokoPermata,2011-03-18,8197655505,customer000203@example.com,Jl. Diponegoro No. 11,Bekasi,JOKOPERMATA,8197655505,customer000203@example.com,JL DIPONEGORO NO 11,2011,[np.int64(202)],1,C000203,0.9891304347826088,Auto Match
Credit Card,CR_0000722,Iwan Wijaya,1990-09-08,8279023254,customer001255@examplecom,Jl. Diponegoro No. 62,Semarang,IWAN WIJAYA,8279023254,customer001255@examplecom,JL DIPONEGORO NO 62,1990,[np.int64(1254)],1,C001255,0.9941176470588236,Auto Match
Credit Card,CR_0000723,Dewi Wijaya,2012-08-02,8992208885,customer001371@examplecom,Jalan Sudirman No. 11,Medan,DEWI WIJAYA,8992208885,customer001371@examplecom,JL SUDIRMAN NO 11,2012,[np.int64(1370)],1,C001371,0.9941176470588236,Auto Match
Credit Card,CR_0000724,Rina Setiawan,2001-06-09,628201444022,customer000544@example.com,Jl. Ahmad Yani No. 136,Bekasi,RINA SETIAWAN,08201444022,customer000544@example.com,JL AHMAD YANI NO 136,2001,[np.int64(543)],1,C000544,0.9880952380952381,Auto Match
Credit Card,CR_0000725,1W4N S1REG4R,2015-02-20,628363376776,customer001782@example.com,Jl. Gatot Subroto No. 52,Tangerang,1W4N S1REG4R,08363376776,customer001782@example.com,JL GATOT SUBROTO NO 52,2015,[np.int64(1781)],1,C001782,0.9047619047619048,Auto Match
Credit Card,CR_0000726,Iwan Siregar,1989-07-29,8613458236,customer001331@example.com,JALAN GATOT SUBROTO NO. 70,Bandung,IWAN SIREGAR,8613458236,customer001331@example.com,JL GATOT SUBROTO NO 70,1989,[np.int64(1330)],1,C001331,1.0,Auto Match
Credit Card,CR_0000727,AndiPratama,2007-11-01,8395907037,customer001222@example.com,Jl. Sudirman No. 104,Jakarta,ANDIPRATAMA,8395907037,customer001222@example.com,JL SUDIRMAN NO 104,2007,[np.int64(1221)],1,C001222,0.9891304347826088,Auto Match
Credit Card,CR_0000728,Sari Santoso,2000-05-13,860258174,customer000018@example.com,Jl. Ahmad Yani No. 98,Makassar,SARI SANTOSO,860258174,customer000018@example.com,JL AHMAD YANI NO 98,2000,[np.int64(17)],1,C000018,0.986842105263158,Auto Match
Credit Card,CR_0000729,Joko Nugroho,2015-09-19,628267524878,customer000760@example.com,Jl. Merdeka No. 20,Semarang,JOKO NUGROHO,08267524878,customer000760@example.com,JL MERDEKA NO 20,2015,[np.int64(759)],1,C000760,0.9880952380952381,Auto Match
Credit Card,CR_0000730,F4J4R R4M4DH4N,1997-05-27,628700265946,customer001099@example.com,Jl. Ahmad Yani No. 64,Makassar,F4J4R R4M4DH4N,08700265946,customer001099@example.com,JL AHMAD YANI NO 64,1997,[np.int64(1098)],1,C001099,0.8988095238095238,Auto Match
Credit Card,CR_0000731,Maya Nugroho,2011-02-23,628508761109,customer000709@example.com,Jl. Merdeka No. 153,Surabaya,MAYA NUGROHO,08508761109,customer000709@example.com,JL MERDEKA NO 153,2011,[np.int64(708)],1,C000709,0.9880952380952381,Auto Match
Credit Card,CR_0000732,Citra Wijaya,2008-03-08,8435453680,customer001757@example.com,JL. AHMAD YANI NO. 91,Tangerang,CITRA WIJAYA,8435453680,customer001757@example.com,JL AHMAD YANI NO 91,2008,[np.int64(1756)],1,C001757,1.0,Auto Match
Credit Card,CR_0000733,FAJAR PRATAMA,2012-09-06,866420204,customer000851@examplecom,Jl. Sudirman No. 73,Jakarta,FAJAR PRATAMA,866420204,customer000851@examplecom,JL SUDIRMAN NO 73,2012,[np.int64(850)],1,C000851,0.9809597523219814,Auto Match
Credit Card,CR_0000734,4ndi Wijaya,1994-05-11,8584760715,customer000409@example.com,Jl. Merdeka No. 34,Bekasi,4NDI WIJAYA,8584760715,customer000409@example.com,JL MERDEKA NO 34,1994,[np.int64(408)],1,C000409,0.9772727272727274,Auto Match
Credit Card,CR_0000735,TonoSantoso,1998-02-05,893541478,customer000841@example.com,Jl. Diponegoro No. 57,Bekasi,TONOSANTOSO,893541478,customer000841@example.com,JL DIPONEGORO NO 57,1998,[np.int64(840)],1,C000841,0.9759725400457667,Auto Match
Credit Card,CR_0000736,IWAN LESTARI,1995-12-07,8273296397,customer000479@examplecom,Jl. Diponegoro No. 100,Semarang,IWAN LESTARI,8273296397,customer000479@examplecom,JL DIPONEGORO NO 100,1995,[np.int64(478)],1,C000479,0.9941176470588236,Auto Match
Credit Card,CR_0000737,Gita Nugroho,2014-05-27,818276199,customer001269@example.com,Jl. Gatot Subroto No. 193,Makassar,GITA NUGROHO,818276199,customer001269@example.com,JL GATOT SUBROTO NO 193,2014,[np.int64(1268)],1,C001269,0.986842105263158,Auto Match
Credit Card,CR_0000738,Budi Kurniawan,1991-02-17,8847555438,customer000216@examplecom,Jl. Sudirman No. 49,Depok,BUDI KURNIAWAN,8847555438,customer000216@examplecom,JL SUDIRMAN NO 49,1991,[np.int64(215)],1,C000216,0.9941176470588236,Auto Match
Credit Card,CR_0000739,GitaLestari,2012-12-19,8275353917,customer000879@example.com,Jalan Merdeka No. 198,Tangerang,GITALESTARI,8275353917,customer000879@example.com,JL MERDEKA NO 198,2012,[np.int64(878)],1,C000879,0.9891304347826088,Auto Match
Credit Card,CR_0000740,ANDIHIDAYAT,1990-09-15,8260506025,customer001102@example.com,Jl. Merdeka No. 185,Bandung,ANDIHIDAYAT,8260506025,customer001102@example.com,JL MERDEKA NO 185,1990,[np.int64(1101)],1,C001102,0.9891304347826088,Auto Match
Credit Card,CR_0000741,Citra Lestari,2009-04-03,8442212024,customer000251@example.com,JL. GATOT SUBROTO NO. 78,Makassar,CITRA LESTARI,8442212024,customer000251@example.com,JL GATOT SUBROTO NO 78,2009,[np.int64(250)],1,C000251,1.0,Auto Match
Credit Card,CR_0000742,TONOPRATAMA,2001-12-27,628757791687,customer001267@example.com,JL. GATOT SUBROTO NO. 120,Semarang,TONOPRATAMA,08757791687,customer001267@example.com,JL GATOT SUBROTO NO 120,2001,[np.int64(1266)],1,C001267,0.9772256728778469,Auto Match
Credit Card,CR_0000743,DewiSaputra,2003-06-17,8472984543,customer000267@example.com,Jl. Sudirman No. 132,Bogor,DEWISAPUTRA,8472984543,customer000267@example.com,JL SUDIRMAN NO 132,2003,[np.int64(266)],1,C000267,0.9891304347826088,Auto Match
Credit Card,CR_0000744,MayaHidayat,1992-05-09,8867174700,customer000859@example.com,Jl. Ahmad Yani No. 35,Tangerang,MAYAHIDAYAT,8867174700,customer000859@example.com,JL AHMAD YANI NO 35,1992,[np.int64(858)],1,C000859,0.9891304347826088,Auto Match
Credit Card,CR_0000745,JOKO PR4T4M4,2001-05-26,628417140929,customer000016@example.com,Jl. Diponegoro No. 24,Jakarta,JOKO PR4T4M4,08417140929,customer000016@example.com,JL DIPONEGORO NO 24,2001,[np.int64(15)],1,C000016,0.9255952380952381,Auto Match
Credit Card,CR_0000746,Putri Ramadhan,1992-07-13,8821716149,customer000913@example.com,Jl. Sudirman No. 85,Bekasi,PUTRI RAMADHAN,8821716149,customer000913@example.com,JL SUDIRMAN NO 85,1992,[np.int64(912)],1,C000913,1.0,Auto Match
Credit Card,CR_0000747,KarinWijaya,2011-01-30,628179051440,customer000925@example.com,Jl. Sudirman No. 52,Jakarta,KARINWIJAYA,08179051440,customer000925@example.com,JL SUDIRMAN NO 52,2011,[np.int64(924)],1,C000925,0.9772256728778469,Auto Match
Credit Card,CR_0000748,Eko Siregar,2001-09-20,8232970259,customer001537@example.com,JL. SUDIRMAN NO. 108,Tangerang,EKO SIREGAR,8232970259,customer001537@example.com,JL SUDIRMAN NO 108,2001,[np.int64(1536)],1,C001537,1.0,Auto Match
Credit Card,CR_0000749,Karin Siregar,2005-04-11,811169401,customer000863@example.com,JL. MERDEKA NO. 4,Tangerang,KARIN SIREGAR,811169401,customer000863@example.com,JL MERDEKA NO 4,2005,[np.int64(862)],1,C000863,0.986842105263158,Auto Match
Credit Card,CR_0000750,Iwan Hidayat,2012-10-17,8919666563,customer001587@example.com,Jl. Gatot Subroto No. 48,Bogor,IWAN HIDAYAT,8919666563,customer001587@example.com,JL GATOT SUBROTO NO 48,2012,[np.int64(1586)],1,C001587,1.0,Auto Match
Credit Card,CR_0000751,Nanda Santoso,1990-07-24,8526127861,customer001386@example.com,Jl. Ahmad Yani No. 62,Depok,NANDA SANTOSO,8526127861,customer001386@example.com,JL AHMAD YANI NO 62,1990,[np.int64(1385)],1,C001386,1.0,Auto Match
Credit Card,CR_0000752,Karin Hidayat,2010-10-11,8214172872,customer000315@examplecom,Jl. Merdeka No. 31,Depok,KARIN HIDAYAT,8214172872,customer000315@examplecom,JL MERDEKA NO 31,2010,[np.int64(314)],1,C000315,0.9941176470588236,Auto Match
Credit Card,CR_0000753,Maya Hidayat,2013-08-20,816413544,customer000734@example.com,JALAN GATOT SUBROTO NO. 194,Bandung,MAYA HIDAYAT,816413544,customer000734@example.com,JL GATOT SUBROTO NO 194,2013,[np.int64(733)],1,C000734,0.986842105263158,Auto Match
Credit Card,CR_0000754,Oscar Santoso,2013-06-16,8178120398,customer001491@example.com,JL. DIPONEGORO NO. 95,Makassar,OSCAR SANTOSO,8178120398,customer001491@example.com,JL DIPONEGORO NO 95,2013,[np.int64(1490)],1,C001491,1.0,Auto Match
Credit Card,CR_0000755,IwanKurniawan,1996-12-21,628378614606,customer001745@example.com,Jl. Ahmad Yani No. 11,Surabaya,IWANKURNIAWAN,08378614606,customer001745@example.com,JL AHMAD YANI NO 11,1996,[np.int64(1744)],1,C001745,0.9788359788359788,Auto Match
Credit Card,CR_0000756,OscarSaputra,2011-04-06,850073891,customer000113@example.com,Jl. Ahmad Yani No. 97,Depok,OSCARSAPUTRA,850073891,customer000113@example.com,JL AHMAD YANI NO 97,2011,[np.int64(112)],1,C000113,0.976842105263158,Auto Match
Credit Card,CR_0000757,Rina Saputra,2016-02-25,8314898977,customer000146@example.com,JL. SUDIRMAN NO. 63,Tangerang,RINA SAPUTRA,8314898977,customer000146@example.com,JL SUDIRMAN NO 63,2016,[np.int64(145)],1,C000146,1.0,Auto Match
Credit Card,CR_0000758,Hana Saputra,1997-10-29,8885915941,customer000190@example.com,Jl. Diponegoro No. 14,Surabaya,HANA SAPUTRA,8885915941,customer000190@example.com,JL DIPONEGORO NO 14,1997,[np.int64(189)],1,C000190,1.0,Auto Match
Credit Card,CR_0000759,Joko Pratama,1994-05-09,62840804216,customer001196@example.com,Jl. Diponegoro No. 82,Makassar,JOKO PRATAMA,0840804216,customer001196@example.com,JL DIPONEGORO NO 82,1994,[np.int64(1195)],1,C001196,0.9750000000000001,Auto Match
Credit Card,CR_0000760,SARI NUGROHO,2007-09-28,628655612389,customer000601@example.com,JL. MERDEKA NO. 191,Surabaya,SARI NUGROHO,08655612389,customer000601@example.com,JL MERDEKA NO 191,2007,[np.int64(600)],1,C000601,0.9880952380952381,Auto Match
Credit Card,CR_0000761,Iwan Nugroho,2014-01-23,8181514207,customer001643@example.com,JL. DIPONEGORO NO. 153,Bandung,IWAN NUGROHO,8181514207,customer001643@example.com,JL DIPONEGORO NO 153,2014,[np.int64(1642)],1,C001643,1.0,Auto Match
Credit Card,CR_0000762,Hana Permata,2004-03-09,62826600136,customer001438@example.com,Jl. Sudirman No. 122,Tangerang,HANA PERMATA,0826600136,customer001438@example.com,JL SUDIRMAN NO 122,2004,[np.int64(1437)],1,C001438,0.9750000000000001,Auto Match
Credit Card,CR_0000763,Eko Santoso,1994-08-02,8133441242,customer001244@example.com,Jl. Gatot Subroto No. 94,Medan,EKO SANTOSO,8133441242,customer001244@example.com,JL GATOT SUBROTO NO 94,1994,[np.int64(1243)],1,C001244,1.0,Auto Match
Credit Card,CR_0000764,Gita Siregar,2007-09-29,8417960593,customer000167@example.com,Jl. Gatot Subroto No. 65,Makassar,GITA SIREGAR,8417960593,customer000167@example.com,JL GATOT SUBROTO NO 65,2007,[np.int64(166)],1,C000167,1.0,Auto Match
Credit Card,CR_0000765,Putri Permata,2001-05-04,628935941608,customer000212@example.com,Jl. Gatot Subroto No. 109,Bekasi,PUTRI PERMATA,08935941608,customer000212@example.com,JL GATOT SUBROTO NO 109,2001,[np.int64(211)],1,C000212,0.9880952380952381,Auto Match
Credit Card,CR_0000766,R1N4 W1J4Y4,1993-12-11,8923624562,customer001473@example.com,Jl. Merdeka No. 78,Makassar,R1N4 W1J4Y4,8923624562,customer001473@example.com,JL MERDEKA NO 78,1993,[np.int64(1472)],1,C001473,0.8863636363636365,Auto Match
Credit Card,CR_0000767,PUTR1 LEST4R1,2014-05-19,8157787966,customer000245@examplecom,Jl. Gatot Subroto No. 146,Jakarta,PUTR1 LEST4R1,8157787966,customer000245@examplecom,JL GATOT SUBROTO NO 146,2014,[np.int64(244)],1,C000245,0.9364253393665158,Auto Match
Credit Card,CR_0000768,Putri Setiawan,1991-07-21,8450400604,customer001579@example.com,Jl. Diponegoro No. 130,Makassar,PUTRI SETIAWAN,8450400604,customer001579@example.com,JL DIPONEGORO NO 130,1991,[np.int64(1578)],1,C001579,1.0,Auto Match
Credit Card,CR_0000769,Oscar Nugroho,2001-02-08,8122951407,customer001010@examplecom,Jl. Merdeka No. 28,Bogor,OSCAR NUGROHO,8122951407,customer001010@examplecom,JL MERDEKA NO 28,2001,[np.int64(1009)],1,C001010,0.9941176470588236,Auto Match
Credit Card,CR_0000770,BUDI PRATAMA,2014-03-10,628991569570,customer001639@example.com,Jalan Gatot Subroto No. 91,Makassar,BUDI PRATAMA,08991569570,customer001639@example.com,JL GATOT SUBROTO NO 91,2014,[np.int64(1638)],1,C001639,0.9880952380952381,Auto Match
Credit Card,CR_0000771,JOKO LESTARI,2008-07-15,853254823,customer001095@example.com,Jl. Diponegoro No. 141,Surabaya,JOKO LESTARI,853254823,customer001095@example.com,JL DIPONEGORO NO 141,2008,[np.int64(1094)],1,C001095,0.986842105263158,Auto Match
Credit Card,CR_0000772,Rina Lestari,2001-08-13,8276806566,customer000425@example.com,Jl. Ahmad Yani No. 6,Depok,RINA LESTARI,8276806566,customer000425@example.com,JL AHMAD YANI NO 6,2001,[np.int64(424)],1,C000425,1.0,Auto Match
Credit Card,CR_0000773,KARIN SAPUTRA,2005-10-27,8366519718,customer000751@example.com,Jl. Diponegoro No. 135,Medan,KARIN SAPUTRA,8366519718,customer000751@example.com,JL DIPONEGORO NO 135,2005,[np.int64(750)],1,C000751,1.0,Auto Match
Credit Card,CR_0000774,Putri Lestari,2016-02-25,62857510599,customer001363@example.com,JL. DIPONEGORO NO. 112,Bekasi,PUTRI LESTARI,0857510599,customer001363@example.com,JL DIPONEGORO NO 112,2016,[np.int64(1362)],1,C001363,0.9750000000000001,Auto Match
Credit Card,CR_0000775,IWAN SIREGAR,1998-10-12,817520582,customer000667@example.com,Jl. Diponegoro No. 137,Makassar,IWAN SIREGAR,817520582,customer000667@example.com,JL DIPONEGORO NO 137,1998,[np.int64(666)],1,C000667,0.986842105263158,Auto Match
Credit Card,CR_0000776,Hana Hidayat,2004-01-16,628218753390,customer000887@example.com,Jl. Diponegoro No. 128,Bandung,HANA HIDAYAT,08218753390,customer000887@example.com,JL DIPONEGORO NO 128,2004,[np.int64(886)],1,C000887,0.9880952380952381,Auto Match
Credit Card,CR_0000777,K4R1NS4NTOSO,2003-03-03,869090718,customer000395@example.com,Jl. Sudirman No. 143,Tangerang,K4R1NS4NTOSO,869090718,customer000395@example.com,JL SUDIRMAN NO 143,2003,[np.int64(394)],1,C000395,0.916842105263158,Auto Match
Credit Card,CR_0000778,Nanda Kurniawan,1996-04-01,8256399198,customer000807@examplecom,JL. AHMAD YANI NO. 15,Bekasi,NANDA KURNIAWAN,8256399198,customer000807@examplecom,JL AHMAD YANI NO 15,1996,[np.int64(806)],1,C000807,0.9941176470588236,Auto Match
Credit Card,CR_0000779,TonoWijaya,2013-07-06,8434963765,customer001117@example.com,Jl. Diponegoro No. 12,Bandung,TONOWIJAYA,8434963765,customer001117@example.com,JL DIPONEGORO NO 12,2013,[np.int64(1116)],1,C001117,0.9880952380952382,Auto Match
Credit Card,CR_0000780,Hana Setiawan,2014-11-29,8245163215,customer001414@examplecom,JALAN MERDEKA NO. 33,Tangerang,HANA SETIAWAN,8245163215,customer001414@examplecom,JL MERDEKA NO 33,2014,[np.int64(1413)],1,C001414,0.9941176470588236,Auto Match
Credit Card,CR_0000781,Joko Santoso,1995-08-28,628874507198,customer000028@example.com,JL. AHMAD YANI NO. 157,Makassar,JOKO SANTOSO,08874507198,customer000028@example.com,JL AHMAD YANI NO 157,1995,[np.int64(27)],1,C000028,0.9880952380952381,Auto Match
Credit Card,CR_0000782,Andi Kurniawan,1997-08-28,8746257999,customer000387@examplecom,Jl. Sudirman No. 142,Surabaya,ANDI KURNIAWAN,8746257999,customer000387@examplecom,JL SUDIRMAN NO 142,1997,[np.int64(386)],1,C000387,0.9941176470588236,Auto Match
Credit Card,CR_0000783,TONO SIREGAR,1998-02-11,8228433034,customer001144@example.com,Jalan Sudirman No. 114,Surabaya,TONO SIREGAR,8228433034,customer001144@example.com,JL SUDIRMAN NO 114,1998,[np.int64(1143)],1,C001144,1.0,Auto Match
Credit Card,CR_0000784,Oscar Permata,2005-06-30,8417540226,customer001202@example.com,Jalan Gatot Subroto No. 153,Jakarta,OSCAR PERMATA,8417540226,customer001202@example.com,JL GATOT SUBROTO NO 153,2005,[np.int64(1201)],1,C001202,1.0,Auto Match
Credit Card,CR_0000785,PUTR1 PR4T4M4,2002-11-03,8635250363,customer001225@example.com,Jl. Merdeka No. 187,Bandung,PUTR1 PR4T4M4,8635250363,customer001225@example.com,JL MERDEKA NO 187,2002,[np.int64(1224)],1,C001225,0.9230769230769232,Auto Match
Credit Card,CR_0000786,Gita Nugroho,1991-01-02,8811583924,customer000856@example.com,Jl. Ahmad Yani No. 192,Bogor,GITA NUGROHO,8811583924,customer000856@example.com,JL AHMAD YANI NO 192,1991,[np.int64(855)],1,C000856,1.0,Auto Match
Credit Card,CR_0000787,Budi Pratama,1994-04-04,628123603441,customer000808@example.com,JL. DIPONEGORO NO. 85,Depok,BUDI PRATAMA,08123603441,customer000808@example.com,JL DIPONEGORO NO 85,1994,[np.int64(807)],1,C000808,0.9880952380952381,Auto Match
Credit Card,CR_0000788,EKO LESTARI,1999-07-16,8218825579,customer000906@example.com,Jl. Gatot Subroto No. 66,Surabaya,EKO LESTARI,8218825579,customer000906@example.com,JL GATOT SUBROTO NO 66,1999,[np.int64(905)],1,C000906,1.0,Auto Match
Credit Card,CR_0000789,Karin Saputra,2005-06-05,628782472221,customer000225@example.com,Jl. Sudirman No. 60,Bandung,KARIN SAPUTRA,08782472221,customer000225@example.com,JL SUDIRMAN NO 60,2005,[np.int64(224)],1,C000225,0.9880952380952381,Auto Match
Credit Card,CR_0000790,JOKO RAMADHAN,1997-01-07,8149923958,customer000116@example.com,Jl. Gatot Subroto No. 190,Bandung,JOKO RAMADHAN,8149923958,customer000116@example.com,JL GATOT SUBROTO NO 190,1997,[np.int64(115)],1,C000116,1.0,Auto Match
Credit Card,CR_0000791,Vina Saputra,2001-06-16,628718164608,customer000147@example.com,JL. DIPONEGORO NO. 50,Makassar,VINA SAPUTRA,08718164608,customer000147@example.com,JL DIPONEGORO NO 50,2001,[np.int64(146)],1,C000147,0.9880952380952381,Auto Match
Credit Card,CR_0000792,Oscar Ramadhan,2002-09-12,628350346055,customer001632@example.com,Jalan Sudirman No. 22,Jakarta,OSCAR RAMADHAN,08350346055,customer001632@example.com,JL SUDIRMAN NO 22,2002,[np.int64(1631)],1,C001632,0.9880952380952381,Auto Match
Credit Card,CR_0000793,Maya Wijaya,2007-03-17,628203000786,customer001415@example.com,Jl. Ahmad Yani No. 24,Makassar,MAYA WIJAYA,08203000786,customer001415@example.com,JL AHMAD YANI NO 24,2007,[np.int64(1414)],1,C001415,0.9880952380952381,Auto Match
Credit Card,CR_0000794,Lina Hidayat,1998-06-08,8768500629,customer001340@example.com,Jl. Merdeka No. 82,Surabaya,LINA HIDAYAT,8768500629,customer001340@example.com,JL MERDEKA NO 82,1998,[np.int64(1339)],1,C001340,1.0,Auto Match
Credit Card,CR_0000795,Budi Santoso,2015-08-24,8161944673,customer001161@example.com,Jalan Merdeka No. 80,Bogor,BUDI SANTOSO,8161944673,customer001161@example.com,JL MERDEKA NO 80,2015,[np.int64(1160)],1,C001161,1.0,Auto Match
Credit Card,CR_0000796,VinaSiregar,1992-12-28,628402742978,customer000426@example.com,JL. AHMAD YANI NO. 183,Semarang,VINASIREGAR,08402742978,customer000426@example.com,JL AHMAD YANI NO 183,1992,[np.int64(425)],1,C000426,0.9772256728778469,Auto Match
Credit Card,CR_0000797,Vina Lestari,1994-08-20,628435256715,customer000559@example.com,Jl. Merdeka No. 159,Makassar,VINA LESTARI,08435256715,customer000559@example.com,JL MERDEKA NO 159,1994,[np.int64(558)],1,C000559,0.9880952380952381,Auto Match
Credit Card,CR_0000798,Dewi Saputra,2010-03-08,8487185491,customer001582@example.com,Jalan Ahmad Yani No. 7,Medan,DEWI SAPUTRA,8487185491,customer001582@example.com,JL AHMAD YANI NO 7,2010,[np.int64(1581)],1,C001582,1.0,Auto Match
Credit Card,CR_0000799,Oscar Setiawan,2015-02-08,8767436850,customer000838@example.com,Jalan Merdeka No. 95,Jakarta,OSCAR SETIAWAN,8767436850,customer000838@example.com,JL MERDEKA NO 95,2015,[np.int64(837)],1,C000838,1.0,Auto Match
Credit Card,CR_0000800,K4R1N S1REG4R,2012-09-06,8525211947,customer001556@example.com,Jl. Sudirman No. 56,Medan,K4R1N S1REG4R,8525211947,customer001556@example.com,JL SUDIRMAN NO 56,2012,[np.int64(1555)],1,C001556,0.9230769230769232,Auto Match
Credit Card,CR_0000801,KARIN PERMATA,1999-10-29,8200592779,customer001739@example.com,Jalan Merdeka No. 89,Depok,KARIN PERMATA,8200592779,customer001739@example.com,JL MERDEKA NO 89,1999,[np.int64(1738)],1,C001739,1.0,Auto Match
Credit Card,CR_0000802,HANA PERMATA,1998-09-19,8931852344,customer000576@example.com,Jl. Gatot Subroto No. 48,Medan,HANA PERMATA,8931852344,customer000576@example.com,JL GATOT SUBROTO NO 48,1998,[np.int64(575)],1,C000576,1.0,Auto Match
Credit Card,CR_0000803,Maya Lestari,1997-12-29,8221699225,customer000135@examplecom,Jl. Sudirman No. 110,Makassar,MAYA LESTARI,8221699225,customer000135@examplecom,JL SUDIRMAN NO 110,1997,[np.int64(134)],1,C000135,0.9941176470588236,Auto Match
Credit Card,CR_0000804,Oscar Hidayat,2002-10-26,8407273422,customer001400@example.com,JL. DIPONEGORO NO. 194,Medan,OSCAR HIDAYAT,8407273422,customer001400@example.com,JL DIPONEGORO NO 194,2002,[np.int64(1399)],1,C001400,1.0,Auto Match
Credit Card,CR_0000805,RinaWijaya,2013-01-24,8653521942,customer001519@example.com,Jalan Sudirman No. 64,Bandung,RINAWIJAYA,8653521942,customer001519@example.com,JL SUDIRMAN NO 64,2013,[np.int64(1518)],1,C001519,0.9880952380952382,Auto Match
Credit Card,CR_0000806,Fajar Setiawan,2012-09-16,62819134404,customer000132@example.com,Jalan Diponegoro No. 6,Bekasi,FAJAR SETIAWAN,0819134404,customer000132@example.com,JL DIPONEGORO NO 6,2012,[np.int64(131)],1,C000132,0.9750000000000001,Auto Match
Credit Card,CR_0000807,Lina Nugroho,2003-09-09,628215363865,customer000458@example.com,Jl. Sudirman No. 161,Semarang,LINA NUGROHO,08215363865,customer000458@example.com,JL SUDIRMAN NO 161,2003,[np.int64(457)],1,C000458,0.9880952380952381,Auto Match
Credit Card,CR_0000808,BUDI SANTOSO,2012-02-11,628151221881,customer000766@example.com,JL. SUDIRMAN NO. 105,Bogor,BUDI SANTOSO,08151221881,customer000766@example.com,JL SUDIRMAN NO 105,2012,[np.int64(765)],1,C000766,0.9880952380952381,Auto Match
Credit Card,CR_0000809,Sari Santoso,1996-11-28,8937048359,customer000415@example.com,JL. GATOT SUBROTO NO. 180,Bekasi,SARI SANTOSO,8937048359,customer000415@example.com,JL GATOT SUBROTO NO 180,1996,[np.int64(414)],1,C000415,1.0,Auto Match
Credit Card,CR_0000810,LINA SIREGAR,1997-06-24,8245682424,customer000299@example.com,JL. DIPONEGORO NO. 12,Bogor,LINA SIREGAR,8245682424,customer000299@example.com,JL DIPONEGORO NO 12,1997,[np.int64(298)],1,C000299,1.0,Auto Match
Credit Card,CR_0000811,Dewi Kurniawan,2008-07-28,8660764352,customer000331@example.com,JL. DIPONEGORO NO. 63,Depok,DEWI KURNIAWAN,8660764352,customer000331@example.com,JL DIPONEGORO NO 63,2008,[np.int64(330)],1,C000331,1.0,Auto Match
Credit Card,CR_0000812,Iwan Hidayat,2015-01-19,8385709294,customer000522@example.com,JL. DIPONEGORO NO. 50,Surabaya,IWAN HIDAYAT,8385709294,customer000522@example.com,JL DIPONEGORO NO 50,2015,[np.int64(521)],1,C000522,1.0,Auto Match
Credit Card,CR_0000813,Eko Hidayat,1994-01-14,628578085657,customer000626@example.com,Jl. Diponegoro No. 181,Semarang,EKO HIDAYAT,08578085657,customer000626@example.com,JL DIPONEGORO NO 181,1994,[np.int64(625)],1,C000626,0.9880952380952381,Auto Match
Credit Card,CR_0000814,KarinHidayat,2010-11-24,852559846,customer000499@example.com,Jl. Gatot Subroto No. 179,Makassar,KARINHIDAYAT,852559846,customer000499@example.com,JL GATOT SUBROTO NO 179,2010,[np.int64(498)],1,C000499,0.976842105263158,Auto Match
Credit Card,CR_0000815,Rina Lestari,2012-01-27,8562887399,customer001432@example.com,Jl. Diponegoro No. 173,Bandung,RINA LESTARI,8562887399,customer001432@example.com,JL DIPONEGORO NO 173,2012,[np.int64(1431)],1,C001432,1.0,Auto Match
Credit Card,CR_0000816,KARIN KURNIAWAN,2002-10-19,840052036,customer001060@example.com,Jl. Merdeka No. 164,Bogor,KARIN KURNIAWAN,840052036,customer001060@example.com,JL MERDEKA NO 164,2002,[np.int64(1059)],1,C001060,0.986842105263158,Auto Match
Credit Card,CR_0000817,Rina Saputra,2008-03-10,8469397325,customer000277@example.com,Jl. Gatot Subroto No. 37,Bogor,RINA SAPUTRA,8469397325,customer000277@example.com,JL GATOT SUBROTO NO 37,2008,[np.int64(276)],1,C000277,1.0,Auto Match
Credit Card,CR_0000818,V1N4 LEST4R1,2004-08-08,8586677006,customer000784@example.com,Jl. Sudirman No. 175,Semarang,V1N4 LEST4R1,8586677006,customer000784@example.com,JL SUDIRMAN NO 175,2004,[np.int64(783)],1,C000784,0.9166666666666667,Auto Match
Credit Card,CR_0000819,FajarSiregar,1998-09-11,8587564713,customer000713@example.com,JL. GATOT SUBROTO NO. 43,Makassar,FAJARSIREGAR,8587564713,customer000713@example.com,JL GATOT SUBROTO NO 43,1998,[np.int64(712)],1,C000713,0.9900000000000001,Auto Match
Credit Card,CR_0000820,JokoRamadhan,1991-01-11,873553553,customer000677@example.com,Jalan Sudirman No. 136,Tangerang,JOKORAMADHAN,873553553,customer000677@example.com,JL SUDIRMAN NO 136,1991,[np.int64(676)],1,C000677,0.976842105263158,Auto Match
Credit Card,CR_0000821,SARI PERMATA,2005-05-19,8910404992,customer001328@examplecom,JL. MERDEKA NO. 164,Bandung,SARI PERMATA,8910404992,customer001328@examplecom,JL MERDEKA NO 164,2005,[np.int64(1327)],1,C001328,0.9941176470588236,Auto Match
Credit Card,CR_0000822,FAJARNUGROHO,1995-04-28,829847888,customer000141@example.com,Jl. Diponegoro No. 98,Bandung,FAJARNUGROHO,829847888,customer000141@example.com,JL DIPONEGORO NO 98,1995,[np.int64(140)],1,C000141,0.976842105263158,Auto Match
Credit Card,CR_0000823,Rina Kurniawan,1996-07-11,892261805,customer000433@example.com,Jalan Sudirman No. 14,Depok,RINA KURNIAWAN,892261805,customer000433@example.com,JL SUDIRMAN NO 14,1996,[np.int64(432)],1,C000433,0.986842105263158,Auto Match
Credit Card,CR_0000824,RinaSantoso,2015-06-10,8782590929,customer000239@example.com,Jl. Diponegoro No. 192,Bekasi,RINASANTOSO,8782590929,customer000239@example.com,JL DIPONEGORO NO 192,2015,[np.int64(238)],1,C000239,0.9891304347826088,Auto Match
Credit Card,CR_0000825,TONORAMADHAN,2002-03-26,628167883817,customer000246@example.com,Jl. Ahmad Yani No. 51,Bekasi,TONORAMADHAN,08167883817,customer000246@example.com,JL AHMAD YANI NO 51,2002,[np.int64(245)],1,C000246,0.9780952380952381,Auto Match
Credit Card,CR_0000826,DEWI RAMADHAN,2006-05-21,8549430702,customer000942@example.com,Jl. Diponegoro No. 38,Tangerang,DEWI RAMADHAN,8549430702,customer000942@example.com,JL DIPONEGORO NO 38,2006,[np.int64(941)],1,C000942,1.0,Auto Match
Credit Card,CR_0000827,Putri Permata,1996-04-20,815192340,customer000809@examplecom,Jl. Gatot Subroto No. 15,Semarang,PUTRI PERMATA,815192340,customer000809@examplecom,JL GATOT SUBROTO NO 15,1996,[np.int64(808)],1,C000809,0.9809597523219814,Auto Match
Credit Card,CR_0000828,KarinKurniawan,1997-07-19,8190685368,customer000439@example.com,Jl. Merdeka No. 39,Depok,KARINKURNIAWAN,8190685368,customer000439@example.com,JL MERDEKA NO 39,1997,[np.int64(438)],1,C000439,0.9913793103448277,Auto Match
Credit Card,CR_0000829,PutriPratama,1989-04-20,875723918,customer001697@example.com,Jl. Merdeka No. 184,Semarang,PUTRIPRATAMA,875723918,customer001697@example.com,JL MERDEKA NO 184,1989,[np.int64(1696)],1,C001697,0.976842105263158,Auto Match
Credit Card,CR_0000830,KARIN RAMADHAN,2014-09-04,628664947942,customer001389@example.com,Jl. Ahmad Yani No. 50,Jakarta,KARIN RAMADHAN,08664947942,customer001389@example.com,JL AHMAD YANI NO 50,2014,[np.int64(1388)],1,C001389,0.9880952380952381,Auto Match
Credit Card,CR_0000831,MAYASAPUTRA,2016-04-13,8604539526,customer001093@example.com,Jalan Sudirman No. 104,Semarang,MAYASAPUTRA,8604539526,customer001093@example.com,JL SUDIRMAN NO 104,2016,[np.int64(1092)],1,C001093,0.9891304347826088,Auto Match
Credit Card,CR_0000832,Oscar Setiawan,2014-01-22,8461528897,customer001471@example.com,Jl. Gatot Subroto No. 19,Depok,OSCAR SETIAWAN,8461528897,customer001471@example.com,JL GATOT SUBROTO NO 19,2014,[np.int64(1470)],1,C001471,1.0,Auto Match
Credit Card,CR_0000833,Lina Pratama,1990-08-01,824686034,customer001124@example.com,Jl. Merdeka No. 176,Tangerang,LINA PRATAMA,824686034,customer001124@example.com,JL MERDEKA NO 176,1990,[np.int64(1123)],1,C001124,0.986842105263158,Auto Match
Credit Card,CR_0000834,MayaHidayat,2014-11-13,8983192945,customer000877@example.com,JL. GATOT SUBROTO NO. 82,Bekasi,MAYAHIDAYAT,8983192945,customer000877@example.com,JL GATOT SUBROTO NO 82,2014,[np.int64(876)],1,C000877,0.9891304347826088,Auto Match
Credit Card,CR_0000835,Oscar Saputra,1991-04-22,827427572,customer000316@example.com,Jl. Sudirman No. 40,Bogor,OSCAR SAPUTRA,827427572,customer000316@example.com,JL SUDIRMAN NO 40,1991,[np.int64(315)],1,C000316,0.986842105263158,Auto Match
Credit Card,CR_0000836,GITA SETIAWAN,1990-04-30,8310595992,customer000720@example.com,Jl. Gatot Subroto No. 19,Bogor,GITA SETIAWAN,8310595992,customer000720@example.com,JL GATOT SUBROTO NO 19,1990,[np.int64(719)],1,C000720,1.0,Auto Match
Credit Card,CR_0000837,Putri Setiawan,2011-12-13,857220075,customer001061@examplecom,Jl. Merdeka No. 4,Depok,PUTRI SETIAWAN,857220075,customer001061@examplecom,JL MERDEKA NO 4,2011,[np.int64(1060)],1,C001061,0.9809597523219814,Auto Match
Credit Card,CR_0000838,Maya Lestari,1990-02-27,628243543764,customer000699@example.com,Jalan Sudirman No. 129,Bekasi,MAYA LESTARI,08243543764,customer000699@example.com,JL SUDIRMAN NO 129,1990,[np.int64(698)],1,C000699,0.9880952380952381,Auto Match
Credit Card,CR_0000839,S4R1 S1REG4R,1998-03-18,8211719671,customer001351@example.com,Jalan Gatot Subroto No. 36,Bogor,S4R1 S1REG4R,8211719671,customer001351@example.com,JL GATOT SUBROTO NO 36,1998,[np.int64(1350)],1,C001351,0.9166666666666667,Auto Match
Credit Card,CR_0000840,Budi Santoso,1989-04-02,8456999324,customer000511@example.com,Jl. Ahmad Yani No. 40,Makassar,BUDI SANTOSO,8456999324,customer000511@example.com,JL AHMAD YANI NO 40,1989,[np.int64(510)],1,C000511,1.0,Auto Match
Credit Card,CR_0000841,Fajar Nugroho,2003-09-29,8636272154,customer000177@example.com,Jl. Diponegoro No. 41,Bekasi,FAJAR NUGROHO,8636272154,customer000177@example.com,JL DIPONEGORO NO 41,2003,[np.int64(176)],1,C000177,1.0,Auto Match
Credit Card,CR_0000842,Putri Hidayat,1991-08-06,8551801499,customer001594@example.com,Jl. Merdeka No. 118,Semarang,PUTRI HIDAYAT,8551801499,customer001594@example.com,JL MERDEKA NO 118,1991,[np.int64(1593)],1,C001594,1.0,Auto Match
Credit Card,CR_0000843,Maya Siregar,2003-05-11,8184209746,customer000301@examplecom,JL. DIPONEGORO NO. 34,Surabaya,MAYA SIREGAR,8184209746,customer000301@examplecom,JL DIPONEGORO NO 34,2003,[np.int64(300)],1,C000301,0.9941176470588236,Auto Match
Credit Card,CR_0000844,JokoLestari,1991-01-17,628943808731,customer001254@example.com,Jl. Merdeka No. 156,Semarang,JOKOLESTARI,08943808731,customer001254@example.com,JL MERDEKA NO 156,1991,[np.int64(1253)],1,C001254,0.9772256728778469,Auto Match
Credit Card,CR_0000845,Lina Saputra,1991-10-01,628690803845,customer000694@example.com,JL. AHMAD YANI NO. 16,Makassar,LINA SAPUTRA,08690803845,customer000694@example.com,JL AHMAD YANI NO 16,1991,[np.int64(693)],1,C000694,0.9880952380952381,Auto Match
Credit Card,CR_0000846,F4J4R SET14W4N,1989-07-03,8202695382,customer001478@example.com,Jalan Ahmad Yani No. 71,Bekasi,F4J4R SET14W4N,8202695382,customer001478@example.com,JL AHMAD YANI NO 71,1989,[np.int64(1477)],1,C001478,0.9107142857142858,Auto Match
Credit Card,CR_0000847,Gita Saputra,1998-03-12,8745594151,customer000897@examplecom,Jl. Merdeka No. 8,Bandung,GITA SAPUTRA,8745594151,customer000897@examplecom,JL MERDEKA NO 8,1998,[np.int64(896)],1,C000897,0.9941176470588236,Auto Match
Credit Card,CR_0000848,Hana Santoso,2003-12-08,8991182909,customer001221@examplecom,JL. AHMAD YANI NO. 68,Depok,HANA SANTOSO,8991182909,customer001221@examplecom,JL AHMAD YANI NO 68,2003,[np.int64(1220)],1,C001221,0.9941176470588236,Auto Match
Credit Card,CR_0000849,Sari Wijaya,1989-09-29,628140467818,customer000188@example.com,Jl. Diponegoro No. 133,Depok,SARI WIJAYA,08140467818,customer000188@example.com,JL DIPONEGORO NO 133,1989,[np.int64(187)],1,C000188,0.9880952380952381,Auto Match
Credit Card,CR_0000850,RINA PRATAMA,2009-08-11,628496778451,customer001526@example.com,Jl. Merdeka No. 72,Jakarta,RINA PRATAMA,08496778451,customer001526@example.com,JL MERDEKA NO 72,2009,[np.int64(1525)],1,C001526,0.9880952380952381,Auto Match
Credit Card,CR_0000851,FAJAR NUGROHO,2011-03-24,628754540513,customer001210@examplecom,JL. GATOT SUBROTO NO. 51,Depok,FAJAR NUGROHO,08754540513,customer001210@examplecom,JL GATOT SUBROTO NO 51,2011,[np.int64(1209)],1,C001210,0.9822128851540616,Auto Match
Credit Card,CR_0000852,Gita Lestari,2012-05-16,8574777623,customer001162@example.com,Jalan Gatot Subroto No. 77,Bandung,GITA LESTARI,8574777623,customer001162@example.com,JL GATOT SUBROTO NO 77,2012,[np.int64(1161)],1,C001162,1.0,Auto Match
Credit Card,CR_0000853,Vina Ramadhan,1997-04-07,8610398428,customer001339@example.com,Jl. Ahmad Yani No. 189,Depok,VINA RAMADHAN,8610398428,customer001339@example.com,JL AHMAD YANI NO 189,1997,[np.int64(1338)],1,C001339,1.0,Auto Match
Credit Card,CR_0000854,Nanda Wijaya,2015-04-06,828848455,customer000240@example.com,Jl. Merdeka No. 65,Makassar,NANDA WIJAYA,828848455,customer000240@example.com,JL MERDEKA NO 65,2015,[np.int64(239)],1,C000240,0.986842105263158,Auto Match
Credit Card,CR_0000855,Karin Santoso,2009-10-13,889062493,customer001206@example.com,Jl. Sudirman No. 40,Semarang,KARIN SANTOSO,889062493,customer001206@example.com,JL SUDIRMAN NO 40,2009,[np.int64(1205)],1,C001206,0.986842105263158,Auto Match
Credit Card,CR_0000856,Sari Lestari,1993-04-19,628785753359,customer001452@examplecom,Jalan Gatot Subroto No. 4,Bekasi,SARI LESTARI,08785753359,customer001452@examplecom,JL GATOT SUBROTO NO 4,1993,[np.int64(1451)],1,C001452,0.9822128851540616,Auto Match
Credit Card,CR_0000857,DEWI PERMATA,2001-03-17,628785603737,customer000144@example.com,JL. SUDIRMAN NO. 55,Bandung,DEWI PERMATA,08785603737,customer000144@example.com,JL SUDIRMAN NO 55,2001,[np.int64(143)],1,C000144,0.9880952380952381,Auto Match
Credit Card,CR_0000858,Sari Wijaya,1997-07-19,62815764084,customer001189@example.com,Jl. Sudirman No. 116,Medan,SARI WIJAYA,0815764084,customer001189@example.com,JL SUDIRMAN NO 116,1997,[np.int64(1188)],1,C001189,0.9750000000000001,Auto Match
Credit Card,CR_0000859,H4N4 NUGROHO,2010-04-10,8126764607,customer000027@example.com,Jalan Merdeka No. 91,Makassar,H4N4 NUGROHO,8126764607,customer000027@example.com,JL MERDEKA NO 91,2010,[np.int64(26)],1,C000027,0.9583333333333335,Auto Match
Credit Card,CR_0000860,FAJAR SANTOSO,1994-09-30,628528254808,customer000136@example.com,Jalan Sudirman No. 36,Bekasi,FAJAR SANTOSO,08528254808,customer000136@example.com,JL SUDIRMAN NO 36,1994,[np.int64(135)],1,C000136,0.9880952380952381,Auto Match
Credit Card,CR_0000861,Nanda Setiawan,2016-05-27,8363980560,customer001439@example.com,Jl. Merdeka No. 67,Surabaya,NANDA SETIAWAN,8363980560,customer001439@example.com,JL MERDEKA NO 67,2016,[np.int64(1438)],1,C001439,1.0,Auto Match
Credit Card,CR_0000862,Putri Wijaya,2013-08-30,884342743,customer000806@example.com,Jl. Ahmad Yani No. 108,Surabaya,PUTRI WIJAYA,884342743,customer000806@example.com,JL AHMAD YANI NO 108,2013,[np.int64(805)],1,C000806,0.986842105263158,Auto Match
Credit Card,CR_0000863,TONO KURNIAWAN,2000-01-17,628160725888,customer001051@examplecom,JL. GATOT SUBROTO NO. 37,Medan,TONO KURNIAWAN,08160725888,customer001051@examplecom,JL GATOT SUBROTO NO 37,2000,[np.int64(1050)],1,C001051,0.9822128851540616,Auto Match
Credit Card,CR_0000864,Putri Permata,2015-10-31,628311205038,customer000537@example.com,JL. AHMAD YANI NO. 89,Surabaya,PUTRI PERMATA,08311205038,customer000537@example.com,JL AHMAD YANI NO 89,2015,[np.int64(536)],1,C000537,0.9880952380952381,Auto Match
Credit Card,CR_0000865,Iwan Siregar,2001-12-16,8745317524,customer001740@example.com,Jl. Merdeka No. 124,Semarang,IWAN SIREGAR,8745317524,customer001740@example.com,JL MERDEKA NO 124,2001,[np.int64(1739)],1,C001740,1.0,Auto Match
Credit Card,CR_0000866,BUDI SETIAWAN,2006-10-19,8527460806,customer000377@example.com,Jalan Merdeka No. 82,Depok,BUDI SETIAWAN,8527460806,customer000377@example.com,JL MERDEKA NO 82,2006,[np.int64(376)],1,C000377,1.0,Auto Match
Credit Card,CR_0000867,EkoSantoso,2008-01-22,811062817,customer000429@example.com,Jl. Merdeka No. 108,Bandung,EKOSANTOSO,811062817,customer000429@example.com,JL MERDEKA NO 108,2008,[np.int64(428)],1,C000429,0.974937343358396,Auto Match
Credit Card,CR_0000868,PUTR1 LEST4R1,2005-11-06,8903235902,customer000013@example.com,JL. SUDIRMAN NO. 2,Bogor,PUTR1 LEST4R1,8903235902,customer000013@example.com,JL SUDIRMAN NO 2,2005,[np.int64(12)],1,C000013,0.9423076923076924,Auto Match
Credit Card,CR_0000869,RINA RAMADHAN,1990-09-16,8675929956,customer000181@examplecom,JL. SUDIRMAN NO. 68,Bekasi,RINA RAMADHAN,8675929956,customer000181@examplecom,JL SUDIRMAN NO 68,1990,[np.int64(180)],1,C000181,0.9941176470588236,Auto Match
Credit Card,CR_0000870,Nanda Nugroho,2007-11-05,8355853568,customer000119@example.com,Jl. Diponegoro No. 174,Jakarta,NANDA NUGROHO,8355853568,customer000119@example.com,JL DIPONEGORO NO 174,2007,[np.int64(118)],1,C000119,1.0,Auto Match
Credit Card,CR_0000871,RINA SIREGAR,1998-12-30,8388753205,customer000257@example.com,Jalan Sudirman No. 131,Bekasi,RINA SIREGAR,8388753205,customer000257@example.com,JL SUDIRMAN NO 131,1998,[np.int64(256)],1,C000257,1.0,Auto Match
Credit Card,CR_0000872,Oscar Ramadhan,2006-02-07,628643434947,customer000370@example.com,Jl. Diponegoro No. 16,Bekasi,OSCAR RAMADHAN,08643434947,customer000370@example.com,JL DIPONEGORO NO 16,2006,[np.int64(369)],1,C000370,0.9880952380952381,Auto Match
Credit Card,CR_0000873,Fajar Lestari,1992-10-18,8521665001,customer000421@example.com,Jl. Merdeka No. 136,Medan,FAJAR LESTARI,8521665001,customer000421@example.com,JL MERDEKA NO 136,1992,[np.int64(420)],1,C000421,1.0,Auto Match
Credit Card,CR_0000874,Joko Wijaya,1996-07-30,8184357558,customer000417@example.com,JL. DIPONEGORO NO. 186,Bekasi,JOKO WIJAYA,8184357558,customer000417@example.com,JL DIPONEGORO NO 186,1996,[np.int64(416)],1,C000417,1.0,Auto Match
Credit Card,CR_0000875,LINA PERMATA,1996-09-08,8394087852,customer001033@example.com,Jl. Ahmad Yani No. 173,Semarang,LINA PERMATA,8394087852,customer001033@example.com,JL AHMAD YANI NO 173,1996,[np.int64(1032)],1,C001033,1.0,Auto Match
Credit Card,CR_0000876,Eko Setiawan,2002-07-13,628269282943,customer000873@example.com,Jl. Gatot Subroto No. 90,Jakarta,EKO SETIAWAN,08269282943,customer000873@example.com,JL GATOT SUBROTO NO 90,2002,[np.int64(872)],1,C000873,0.9880952380952381,Auto Match
Credit Card,CR_0000877,Tono Pratama,1990-01-24,628202516529,customer000644@example.com,JL. AHMAD YANI NO. 48,Makassar,TONO PRATAMA,08202516529,customer000644@example.com,JL AHMAD YANI NO 48,1990,[np.int64(643)],1,C000644,0.9880952380952381,Auto Match
Credit Card,CR_0000878,NandaRamadhan,2011-07-27,894936312,customer000774@example.com,JL. MERDEKA NO. 95,Jakarta,NANDARAMADHAN,894936312,customer000774@example.com,JL MERDEKA NO 95,2011,[np.int64(773)],1,C000774,0.9775828460038987,Auto Match
Credit Card,CR_0000879,Lina Kurniawan,2009-05-07,883969264,customer000491@example.com,Jl. Ahmad Yani No. 101,Semarang,LINA KURNIAWAN,883969264,customer000491@example.com,JL AHMAD YANI NO 101,2009,[np.int64(490)],1,C000491,0.986842105263158,Auto Match
Credit Card,CR_0000880,Iwan Setiawan,2011-02-09,628939124124,customer001375@examplecom,JL. SUDIRMAN NO. 21,Jakarta,IWAN SETIAWAN,08939124124,customer001375@examplecom,JL SUDIRMAN NO 21,2011,[np.int64(1374)],1,C001375,0.9822128851540616,Auto Match
Credit Card,CR_0000881,Tono Wijaya,2009-05-10,8103254620,customer000845@example.com,JL. GATOT SUBROTO NO. 101,Bandung,TONO WIJAYA,8103254620,customer000845@example.com,JL GATOT SUBROTO NO 101,2009,[np.int64(844)],1,C000845,1.0,Auto Match
Credit Card,CR_0000882,TONOLESTARI,2010-03-28,8154636465,customer000483@examplecom,Jl. Gatot Subroto No. 87,Depok,TONOLESTARI,8154636465,customer000483@examplecom,JL GATOT SUBROTO NO 87,2010,[np.int64(482)],1,C000483,0.9832480818414323,Auto Match
Credit Card,CR_0000883,CitraPermata,2006-02-22,8226368893,customer001462@example.com,Jl. Merdeka No. 194,Bekasi,CITRAPERMATA,8226368893,customer001462@example.com,JL MERDEKA NO 194,2006,[np.int64(1461)],1,C001462,0.9900000000000001,Auto Match
Credit Card,CR_0000884,Joko Siregar,1992-04-10,628471058498,customer001169@example.com,JL. AHMAD YANI NO. 160,Makassar,JOKO SIREGAR,08471058498,customer001169@example.com,JL AHMAD YANI NO 160,1992,[np.int64(1168)],1,C001169,0.9880952380952381,Auto Match
Credit Card,CR_0000885,RinaPratama,2009-08-02,8863894875,customer001047@example.com,JL. DIPONEGORO NO. 167,Bekasi,RINAPRATAMA,8863894875,customer001047@example.com,JL DIPONEGORO NO 167,2009,[np.int64(1046)],1,C001047,0.9891304347826088,Auto Match
Credit Card,CR_0000886,Karin Wijaya,2001-05-21,628697549307,customer000404@example.com,Jl. Ahmad Yani No. 70,Bekasi,KARIN WIJAYA,08697549307,customer000404@example.com,JL AHMAD YANI NO 70,2001,[np.int64(403)],1,C000404,0.9880952380952381,Auto Match
Credit Card,CR_0000887,Sari Permata,1989-08-11,898131891,customer000504@example.com,Jl. Ahmad Yani No. 156,Bekasi,SARI PERMATA,898131891,customer000504@example.com,JL AHMAD YANI NO 156,1989,[np.int64(503)],1,C000504,0.986842105263158,Auto Match
Credit Card,CR_0000888,Andi Saputra,1997-11-09,628833388347,customer000401@example.com,Jl. Gatot Subroto No. 37,Jakarta,ANDI SAPUTRA,08833388347,customer000401@example.com,JL GATOT SUBROTO NO 37,1997,[np.int64(400)],1,C000401,0.9880952380952381,Auto Match
Credit Card,CR_0000889,PutriSetiawan,2005-12-21,8655894215,customer000320@example.com,Jl. Ahmad Yani No. 103,Bandung,PUTRISETIAWAN,8655894215,customer000320@example.com,JL AHMAD YANI NO 103,2005,[np.int64(319)],1,C000320,0.9907407407407408,Auto Match
Credit Card,CR_0000890,RINA SETIAWAN,2014-04-23,8142360367,customer001229@example.com,Jalan Ahmad Yani No. 168,Medan,RINA SETIAWAN,8142360367,customer001229@example.com,JL AHMAD YANI NO 168,2014,[np.int64(1228)],1,C001229,1.0,Auto Match
Credit Card,CR_0000891,OSCAR SIREGAR,2009-01-04,8589508709,customer000236@example.com,Jalan Diponegoro No. 51,Makassar,OSCAR SIREGAR,8589508709,customer000236@example.com,JL DIPONEGORO NO 51,2009,[np.int64(235)],1,C000236,1.0,Auto Match
Credit Card,CR_0000892,BUD1 S4NTOSO,1999-01-10,8739962417,customer001433@example.com,Jalan Sudirman No. 29,Tangerang,BUD1 S4NTOSO,8739962417,customer001433@example.com,JL SUDIRMAN NO 29,1999,[np.int64(1432)],1,C001433,0.9583333333333335,Auto Match
Credit Card,CR_0000893,ANDI RAMADHAN,2014-07-10,8294980981,customer001560@example.com,JL. GATOT SUBROTO NO. 48,Bekasi,ANDI RAMADHAN,8294980981,customer001560@example.com,JL GATOT SUBROTO NO 48,2014,[np.int64(1559)],1,C001560,1.0,Auto Match
Credit Card,CR_0000894,4ndi Wijaya,2003-08-03,846873096,customer000619@examplecom,Jl. Ahmad Yani No. 67,Bekasi,4NDI WIJAYA,846873096,customer000619@examplecom,JL AHMAD YANI NO 67,2003,[],0,C000619,0.9582324795947087,Auto Match
Credit Card,CR_0000895,Iwan Lestari,2013-06-08,839625102,customer001113@example.com,Jalan Sudirman No. 95,Surabaya,IWAN LESTARI,839625102,customer001113@example.com,JL SUDIRMAN NO 95,2013,[np.int64(1112)],1,C001113,0.986842105263158,Auto Match
Credit Card,CR_0000896,AndiNugroho,1996-01-03,8306892099,customer001488@example.com,Jl. Sudirman No. 178,Surabaya,ANDINUGROHO,8306892099,customer001488@example.com,JL SUDIRMAN NO 178,1996,[np.int64(1487)],1,C001488,0.9891304347826088,Auto Match
Credit Card,CR_0000897,Dewi Pratama,1991-12-24,628571178995,customer000272@example.com,Jl. Gatot Subroto No. 36,Medan,DEWI PRATAMA,08571178995,customer000272@example.com,JL GATOT SUBROTO NO 36,1991,[np.int64(271)],1,C000272,0.9880952380952381,Auto Match
Credit Card,CR_0000898,Dewi Setiawan,2002-10-13,8302723023,customer001407@example.com,Jalan Gatot Subroto No. 66,Semarang,DEWI SETIAWAN,8302723023,customer001407@example.com,JL GATOT SUBROTO NO 66,2002,[np.int64(1406)],1,C001407,1.0,Auto Match
Credit Card,CR_0000899,Citra Saputra,2015-08-15,8366711469,customer000910@example.com,Jalan Gatot Subroto No. 154,Bogor,CITRA SAPUTRA,8366711469,customer000910@example.com,JL GATOT SUBROTO NO 154,2015,[np.int64(909)],1,C000910,1.0,Auto Match
Credit Card,CR_0000900,TONO KURNIAWAN,1993-11-03,8850236933,customer001777@example.com,JL. GATOT SUBROTO NO. 174,Tangerang,TONO KURNIAWAN,8850236933,customer001777@example.com,JL GATOT SUBROTO NO 174,1993,[np.int64(1776)],1,C001777,1.0,Auto Match
Credit Card,CR_0000901,OscarLestari,2008-12-20,851769369,customer001346@examplecom,Jl. Diponegoro No. 117,Medan,OSCARLESTARI,851769369,customer001346@examplecom,JL DIPONEGORO NO 117,2008,[],0,C001346,0.9709597523219814,Auto Match
Credit Card,CR_0000902,OSCAR SAPUTRA,1996-04-29,863897253,customer001553@example.com,Jl. Ahmad Yani No. 57,Medan,OSCAR SAPUTRA,863897253,customer001553@example.com,JL AHMAD YANI NO 57,1996,[np.int64(1552)],1,C001553,0.986842105263158,Auto Match
Credit Card,CR_0000903,Hana Siregar,2005-02-04,8508491514,customer000151@examplecom,Jalan Gatot Subroto No. 130,Surabaya,HANA SIREGAR,8508491514,customer000151@examplecom,JL GATOT SUBROTO NO 130,2005,[np.int64(150)],1,C000151,0.9941176470588236,Auto Match
Credit Card,CR_0000904,Dewi Ramadhan,2015-10-03,8865255315,customer001193@example.com,Jl. Merdeka No. 34,Bogor,DEWI RAMADHAN,8865255315,customer001193@example.com,JL MERDEKA NO 34,2015,[np.int64(1192)],1,C001193,1.0,Auto Match
Credit Card,CR_0000905,IWANRAMADHAN,2001-12-21,8344123099,customer000743@example.com,Jl. Diponegoro No. 191,Semarang,IWANRAMADHAN,8344123099,customer000743@example.com,JL DIPONEGORO NO 191,2001,[np.int64(742)],1,C000743,0.9900000000000001,Auto Match
Credit Card,CR_0000906,Hana Santoso,1993-05-14,8248570741,customer001766@example.com,JL. DIPONEGORO NO. 115,Semarang,HANA SANTOSO,8248570741,customer001766@example.com,JL DIPONEGORO NO 115,1993,[np.int64(1765)],1,C001766,1.0,Auto Match
Credit Card,CR_0000907,Putri Pratama,2014-02-21,8376096674,customer001450@examplecom,Jl. Merdeka No. 19,Semarang,PUTRI PRATAMA,8376096674,customer001450@examplecom,JL MERDEKA NO 19,2014,[np.int64(1449)],1,C001450,0.9941176470588236,Auto Match
Credit Card,CR_0000908,MAYA LESTARI,2004-10-28,8514882741,customer000586@example.com,Jl. Ahmad Yani No. 119,Makassar,MAYA LESTARI,8514882741,customer000586@example.com,JL AHMAD YANI NO 119,2004,[np.int64(585)],1,C000586,1.0,Auto Match
Credit Card,CR_0000909,Andi Saputra,2007-06-23,8345552378,customer000705@example.com,Jl. Sudirman No. 80,Surabaya,ANDI SAPUTRA,8345552378,customer000705@example.com,JL SUDIRMAN NO 80,2007,[np.int64(704)],1,C000705,1.0,Auto Match
Credit Card,CR_0000910,BudiPratama,2006-06-02,8142645810,customer001668@examplecom,Jl. Gatot Subroto No. 81,Medan,BUDIPRATAMA,8142645810,customer001668@examplecom,JL GATOT SUBROTO NO 81,2006,[np.int64(1667)],1,C001668,0.9832480818414323,Auto Match
Credit Card,CR_0000911,NANDARAMADHAN,2014-11-08,8680912167,customer000321@example.com,Jalan Gatot Subroto No. 88,Semarang,NANDARAMADHAN,8680912167,customer000321@example.com,JL GATOT SUBROTO NO 88,2014,[np.int64(320)],1,C000321,0.9907407407407408,Auto Match
Credit Card,CR_0000912,CITRASETIAWAN,1999-06-22,8155524030,customer001635@example.com,Jl. Merdeka No. 140,Tangerang,CITRASETIAWAN,8155524030,customer001635@example.com,JL MERDEKA NO 140,1999,[np.int64(1634)],1,C001635,0.9907407407407408,Auto Match
Credit Card,CR_0000913,GITA PRATAMA,1991-06-06,8930354950,customer000039@examplecom,Jl. Sudirman No. 29,Makassar,GITA PRATAMA,8930354950,customer000039@examplecom,JL SUDIRMAN NO 29,1991,[np.int64(38)],1,C000039,0.9941176470588236,Auto Match
Credit Card,CR_0000914,HanaWijaya,2000-01-04,8967854382,customer001532@example.com,Jl. Diponegoro No. 198,Bekasi,HANAWIJAYA,8967854382,customer001532@example.com,JL DIPONEGORO NO 198,2000,[np.int64(1531)],1,C001532,0.9880952380952382,Auto Match
Credit Card,CR_0000915,LINANUGROHO,2016-03-13,8428666232,customer000378@example.com,Jl. Gatot Subroto No. 8,Depok,LINANUGROHO,8428666232,customer000378@example.com,JL GATOT SUBROTO NO 8,2016,[np.int64(377)],1,C000378,0.9891304347826088,Auto Match
Credit Card,CR_0000916,LINA PERMATA,2001-07-02,8819466681,customer000066@example.com,JL. GATOT SUBROTO NO. 177,Tangerang,LINA PERMATA,8819466681,customer000066@example.com,JL GATOT SUBROTO NO 177,2001,[np.int64(65)],1,C000066,1.0,Auto Match
Credit Card,CR_0000917,RINA PRATAMA,2014-03-17,8899450778,customer001437@example.com,Jalan Diponegoro No. 49,Depok,RINA PRATAMA,8899450778,customer001437@example.com,JL DIPONEGORO NO 49,2014,[np.int64(1436)],1,C001437,1.0,Auto Match
Credit Card,CR_0000918,TonoHidayat,2009-12-26,8463738169,customer000034@examplecom,Jl. Diponegoro No. 45,Depok,TONOHIDAYAT,8463738169,customer000034@examplecom,JL DIPONEGORO NO 45,2009,[np.int64(33)],1,C000034,0.9832480818414323,Auto Match
Credit Card,CR_0000919,VinaWijaya,1994-10-08,8780289956,customer001575@example.com,JL. AHMAD YANI NO. 156,Medan,VINAWIJAYA,8780289956,customer001575@example.com,JL AHMAD YANI NO 156,1994,[np.int64(1574)],1,C001575,0.9880952380952382,Auto Match
Credit Card,CR_0000920,IWANHIDAYAT,2014-09-16,8574927523,customer000134@example.com,Jl. Gatot Subroto No. 57,Tangerang,IWANHIDAYAT,8574927523,customer000134@example.com,JL GATOT SUBROTO NO 57,2014,[np.int64(133)],1,C000134,0.9891304347826088,Auto Match
Credit Card,CR_0000921,OscarSaputra,1989-12-28,813867761,customer000931@examplecom,Jl. Sudirman No. 94,Makassar,OSCARSAPUTRA,813867761,customer000931@examplecom,JL SUDIRMAN NO 94,1989,[],0,C000931,0.9709597523219814,Auto Match
Credit Card,CR_0000922,VINA HIDAYAT,2005-03-09,628913460879,customer001300@example.com,Jl. Sudirman No. 182,Medan,VINA HIDAYAT,08913460879,customer001300@example.com,JL SUDIRMAN NO 182,2005,[np.int64(1299)],1,C001300,0.9880952380952381,Auto Match
Credit Card,CR_0000923,Hana Ramadhan,2010-04-16,8608960115,customer001447@examplecom,JALAN DIPONEGORO NO. 187,Makassar,HANA RAMADHAN,8608960115,customer001447@examplecom,JL DIPONEGORO NO 187,2010,[np.int64(1446)],1,C001447,0.9941176470588236,Auto Match
Credit Card,CR_0000924,Oscar Siregar,1991-11-05,628850980475,customer001163@example.com,Jl. Merdeka No. 49,Depok,OSCAR SIREGAR,08850980475,customer001163@example.com,JL MERDEKA NO 49,1991,[np.int64(1162)],1,C001163,0.9880952380952381,Auto Match
Credit Card,CR_0000925,Tono Hidayat,2000-07-01,628118235015,customer000286@example.com,Jl. Merdeka No. 28,Semarang,TONO HIDAYAT,08118235015,customer000286@example.com,JL MERDEKA NO 28,2000,[np.int64(285)],1,C000286,0.9880952380952381,Auto Match
Credit Card,CR_0000926,Joko Ramadhan,1992-12-09,8825391523,customer001489@example.com,Jl. Gatot Subroto No. 26,Bandung,JOKO RAMADHAN,8825391523,customer001489@example.com,JL GATOT SUBROTO NO 26,1992,[np.int64(1488)],1,C001489,1.0,Auto Match
Credit Card,CR_0000927,VINA PRATAMA,1993-02-09,8183957440,customer000071@example.com,Jl. Sudirman No. 106,Depok,VINA PRATAMA,8183957440,customer000071@example.com,JL SUDIRMAN NO 106,1993,[np.int64(70)],1,C000071,1.0,Auto Match
Credit Card,CR_0000928,Budi Santoso,2002-04-12,8708417063,customer000681@example.com,JL. GATOT SUBROTO NO. 146,Surabaya,BUDI SANTOSO,8708417063,customer000681@example.com,JL GATOT SUBROTO NO 146,2002,[np.int64(680)],1,C000681,1.0,Auto Match
Credit Card,CR_0000929,CitraWijaya,2011-12-31,865224489,customer000473@example.com,Jalan Merdeka No. 31,Tangerang,CITRAWIJAYA,865224489,customer000473@example.com,JL MERDEKA NO 31,2011,[np.int64(472)],1,C000473,0.9759725400457667,Auto Match
Credit Card,CR_0000930,Nanda Ramadhan,2011-01-17,628852191759,customer000867@example.com,Jalan Gatot Subroto No. 138,Jakarta,NANDA RAMADHAN,08852191759,customer000867@example.com,JL GATOT SUBROTO NO 138,2011,[np.int64(866)],1,C000867,0.9880952380952381,Auto Match
Credit Card,CR_0000931,IwanSetiawan,2000-09-12,873900084,customer000468@examplecom,JL. GATOT SUBROTO NO. 62,Makassar,IWANSETIAWAN,873900084,customer000468@examplecom,JL GATOT SUBROTO NO 62,2000,[],0,C000468,0.9709597523219814,Auto Match
Credit Card,CR_0000932,Fajar Pratama,1994-02-10,8739685380,customer000791@example.com,Jl. Diponegoro No. 100,Bogor,FAJAR PRATAMA,8739685380,customer000791@example.com,JL DIPONEGORO NO 100,1994,[np.int64(790)],1,C000791,1.0,Auto Match
Credit Card,CR_0000933,TONO SETIAWAN,2003-05-22,8715095307,customer000711@example.com,JL. DIPONEGORO NO. 199,Surabaya,TONO SETIAWAN,8715095307,customer000711@example.com,JL DIPONEGORO NO 199,2003,[np.int64(710)],1,C000711,1.0,Auto Match
Credit Card,CR_0000934,DEWI SETIAWAN,1997-11-06,628485285790,customer001431@example.com,Jl. Merdeka No. 180,Bandung,DEWI SETIAWAN,08485285790,customer001431@example.com,JL MERDEKA NO 180,1997,[np.int64(1430)],1,C001431,0.9880952380952381,Auto Match
Credit Card,CR_0000935,Lina Lestari,2005-01-21,628894814192,customer001062@example.com,Jl. Gatot Subroto No. 88,Depok,LINA LESTARI,08894814192,customer001062@example.com,JL GATOT SUBROTO NO 88,2005,[np.int64(1061)],1,C001062,0.9880952380952381,Auto Match
Credit Card,CR_0000936,Sari Siregar,2015-03-04,8346820981,customer000868@example.com,Jl. Gatot Subroto No. 39,Bandung,SARI SIREGAR,8346820981,customer000868@example.com,JL GATOT SUBROTO NO 39,2015,[np.int64(867)],1,C000868,1.0,Auto Match
Credit Card,CR_0000937,Citra Lestari,1990-03-26,8187790235,customer000594@example.com,Jl. Diponegoro No. 17,Makassar,CITRA LESTARI,8187790235,customer000594@example.com,JL DIPONEGORO NO 17,1990,[np.int64(593)],1,C000594,1.0,Auto Match
Credit Card,CR_0000938,1wan Siregar,1999-06-30,8407147161,customer001541@example.com,Jl. Sudirman No. 99,Depok,1WAN SIREGAR,8407147161,customer001541@example.com,JL SUDIRMAN NO 99,1999,[np.int64(1540)],1,C001541,0.9791666666666667,Auto Match
Credit Card,CR_0000939,Tono Ramadhan,1997-12-06,628827050517,customer000876@example.com,JALAN DIPONEGORO NO. 158,Medan,TONO RAMADHAN,08827050517,customer000876@example.com,JL DIPONEGORO NO 158,1997,[np.int64(875)],1,C000876,0.9880952380952381,Auto Match
Credit Card,CR_0000940,LINA PRATAMA,1990-03-07,8442846312,customer001369@examplecom,Jl. Diponegoro No. 117,Tangerang,LINA PRATAMA,8442846312,customer001369@examplecom,JL DIPONEGORO NO 117,1990,[np.int64(1368)],1,C001369,0.9941176470588236,Auto Match
Credit Card,CR_0000941,GITA SANTOSO,2012-08-02,847341564,customer000548@examplecom,Jl. Merdeka No. 4,Bogor,GITA SANTOSO,847341564,customer000548@examplecom,JL MERDEKA NO 4,2012,[np.int64(547)],1,C000548,0.9809597523219814,Auto Match
Credit Card,CR_0000942,Karin Lestari,1990-04-29,8226197863,customer000492@example.com,Jl. Gatot Subroto No. 94,Medan,KARIN LESTARI,8226197863,customer000492@example.com,JL GATOT SUBROTO NO 94,1990,[np.int64(491)],1,C000492,1.0,Auto Match
Credit Card,CR_0000943,Gita Wijaya,1993-12-09,628827297325,customer000161@example.com,JL. MERDEKA NO. 72,Tangerang,GITA WIJAYA,08827297325,customer000161@example.com,JL MERDEKA NO 72,1993,[np.int64(160)],1,C000161,0.9880952380952381,Auto Match
Credit Card,CR_0000944,Oscar Wijaya,2013-09-25,8434540133,customer000231@example.com,Jl. Ahmad Yani No. 57,Tangerang,OSCAR WIJAYA,8434540133,customer000231@example.com,JL AHMAD YANI NO 57,2013,[np.int64(230)],1,C000231,1.0,Auto Match
Credit Card,CR_0000945,FajarPratama,1991-03-25,628710148520,customer001097@example.com,JL. DIPONEGORO NO. 158,Jakarta,FAJARPRATAMA,08710148520,customer001097@example.com,JL DIPONEGORO NO 158,1991,[np.int64(1096)],1,C001097,0.9780952380952381,Auto Match
Credit Card,CR_0000946,Karin Wijaya,2012-06-14,8406055420,customer001297@example.com,Jl. Sudirman No. 80,Semarang,KARIN WIJAYA,8406055420,customer001297@example.com,JL SUDIRMAN NO 80,2012,[np.int64(1296)],1,C001297,1.0,Auto Match
Credit Card,CR_0000947,MayaWijaya,2009-09-20,8898680607,customer000123@example.com,Jl. Gatot Subroto No. 151,Semarang,MAYAWIJAYA,8898680607,customer000123@example.com,JL GATOT SUBROTO NO 151,2009,[np.int64(122)],1,C000123,0.9880952380952382,Auto Match
Credit Card,CR_0000948,Citra Permata,2009-02-07,8565071216,customer000353@example.com,Jl. Ahmad Yani No. 10,Depok,CITRA PERMATA,8565071216,customer000353@example.com,JL AHMAD YANI NO 10,2009,[np.int64(352)],1,C000353,1.0,Auto Match
Credit Card,CR_0000949,Tono Setiawan,1996-06-05,8722933020,customer000724@example.com,JL. AHMAD YANI NO. 157,Depok,TONO SETIAWAN,8722933020,customer000724@example.com,JL AHMAD YANI NO 157,1996,[np.int64(723)],1,C000724,1.0,Auto Match
Credit Card,CR_0000950,Eko Siregar,2004-08-24,8503204137,customer001716@example.com,JALAN GATOT SUBROTO NO. 71,Bekasi,EKO SIREGAR,8503204137,customer001716@example.com,JL GATOT SUBROTO NO 71,2004,[np.int64(1715)],1,C001716,1.0,Auto Match
Credit Card,CR_0000951,OSCAR PRATAMA,2004-11-14,8268612308,customer001058@example.com,Jl. Merdeka No. 81,Jakarta,OSCAR PRATAMA,8268612308,customer001058@example.com,JL MERDEKA NO 81,2004,[np.int64(1057)],1,C001058,1.0,Auto Match
Credit Card,CR_0000952,Sari Kurniawan,2000-10-29,8134741473,customer000736@example.com,Jl. Merdeka No. 46,Makassar,SARI KURNIAWAN,8134741473,customer000736@example.com,JL MERDEKA NO 46,2000,[np.int64(735)],1,C000736,1.0,Auto Match
Credit Card,CR_0000953,FAJARNUGROHO,2002-12-05,8675544991,customer000746@example.com,Jalan Ahmad Yani No. 7,Makassar,FAJARNUGROHO,8675544991,customer000746@example.com,JL AHMAD YANI NO 7,2002,[np.int64(745)],1,C000746,0.9900000000000001,Auto Match
Credit Card,CR_0000954,Karin Setiawan,2001-07-19,8854079233,customer000447@examplecom,Jalan Gatot Subroto No. 142,Tangerang,KARIN SETIAWAN,8854079233,customer000447@examplecom,JL GATOT SUBROTO NO 142,2001,[np.int64(446)],1,C000447,0.9941176470588236,Auto Match
Credit Card,CR_0000955,Gita Lestari,1991-09-11,8524154806,customer001011@example.com,Jalan Ahmad Yani No. 91,Jakarta,GITA LESTARI,8524154806,customer001011@example.com,JL AHMAD YANI NO 91,1991,[np.int64(1010)],1,C001011,1.0,Auto Match
Credit Card,CR_0000956,Eko Setiawan,2003-09-30,8583360250,customer000297@example.com,Jl. Diponegoro No. 88,Semarang,EKO SETIAWAN,8583360250,customer000297@example.com,JL DIPONEGORO NO 88,2003,[np.int64(296)],1,C000297,1.0,Auto Match
Credit Card,CR_0000957,BUDI LESTARI,2005-02-10,8819561344,customer000122@example.com,JL. MERDEKA NO. 147,Bandung,BUDI LESTARI,8819561344,customer000122@example.com,JL MERDEKA NO 147,2005,[np.int64(121)],1,C000122,1.0,Auto Match
Credit Card,CR_0000958,Oscar Lestari,1989-03-02,8363335130,customer001483@example.com,Jl. Diponegoro No. 80,Surabaya,OSCAR LESTARI,8363335130,customer001483@example.com,JL DIPONEGORO NO 80,1989,[np.int64(1482)],1,C001483,1.0,Auto Match
Credit Card,CR_0000959,BUDIHIDAYAT,2010-05-10,8148776042,customer000676@example.com,JL. DIPONEGORO NO. 47,Bekasi,BUDIHIDAYAT,8148776042,customer000676@example.com,JL DIPONEGORO NO 47,2010,[np.int64(675)],1,C000676,0.9891304347826088,Auto Match
Credit Card,CR_0000960,TONOSANTOSO,2002-11-25,859399882,customer000485@example.com,Jl. Gatot Subroto No. 185,Bekasi,TONOSANTOSO,859399882,customer000485@example.com,JL GATOT SUBROTO NO 185,2002,[np.int64(484)],1,C000485,0.9759725400457667,Auto Match
Credit Card,CR_0000961,Karin Wijaya,2006-01-26,873860256,customer000009@example.com,JALAN MERDEKA NO. 185,Tangerang,KARIN WIJAYA,873860256,customer000009@example.com,JL MERDEKA NO 185,2006,[np.int64(8)],1,C000009,0.986842105263158,Auto Match
Credit Card,CR_0000962,JOKOPRATAMA,2015-02-07,628501159396,customer001457@example.com,Jalan Ahmad Yani No. 145,Bekasi,JOKOPRATAMA,08501159396,customer001457@example.com,JL AHMAD YANI NO 145,2015,[np.int64(1456)],1,C001457,0.9772256728778469,Auto Match
Credit Card,CR_0000963,Citra Permata,1997-04-23,8503259989,customer001216@example.com,Jl. Diponegoro No. 64,Bandung,CITRA PERMATA,8503259989,customer001216@example.com,JL DIPONEGORO NO 64,1997,[np.int64(1215)],1,C001216,1.0,Auto Match
Credit Card,CR_0000964,Iwan Siregar,2005-04-14,8991789358,customer001663@example.com,Jl. Gatot Subroto No. 32,Jakarta,IWAN SIREGAR,8991789358,customer001663@example.com,JL GATOT SUBROTO NO 32,2005,[np.int64(1662)],1,C001663,1.0,Auto Match
Credit Card,CR_0000965,VINA LESTARI,2012-05-29,893811899,customer000336@example.com,Jalan Ahmad Yani No. 64,Bogor,VINA LESTARI,893811899,customer000336@example.com,JL AHMAD YANI NO 64,2012,[np.int64(335)],1,C000336,0.986842105263158,Auto Match
Credit Card,CR_0000966,Gita Pratama,2002-11-18,8505663828,customer001752@example.com,Jl. Sudirman No. 95,Bogor,GITA PRATAMA,8505663828,customer001752@example.com,JL SUDIRMAN NO 95,2002,[np.int64(1751)],1,C001752,1.0,Auto Match
Credit Card,CR_0000967,LINA SETIAWAN,2015-04-30,62852759752,customer000999@examplecom,Jl. Merdeka No. 150,Jakarta,LINA SETIAWAN,0852759752,customer000999@examplecom,JL MERDEKA NO 150,2015,[np.int64(998)],1,C000999,0.9691176470588235,Auto Match
Credit Card,CR_0000968,CITRA LESTARI,2006-08-27,628369581371,customer000121@example.com,Jl. Merdeka No. 86,Makassar,CITRA LESTARI,08369581371,customer000121@example.com,JL MERDEKA NO 86,2006,[np.int64(120)],1,C000121,0.9880952380952381,Auto Match
Credit Card,CR_0000969,Budi Wijaya,2016-05-12,8313942319,customer001661@examplecom,Jl. Merdeka No. 15,Surabaya,BUDI WIJAYA,8313942319,customer001661@examplecom,JL MERDEKA NO 15,2016,[np.int64(1660)],1,C001661,0.9941176470588236,Auto Match
Credit Card,CR_0000970,Nanda Hidayat,2005-07-30,628142726147,customer000665@example.com,JL. GATOT SUBROTO NO. 112,Bandung,NANDA HIDAYAT,08142726147,customer000665@example.com,JL GATOT SUBROTO NO 112,2005,[np.int64(664)],1,C000665,0.9880952380952381,Auto Match
Credit Card,CR_0000971,Sari Setiawan,2011-10-07,628503612435,customer000623@example.com,Jl. Ahmad Yani No. 102,Bogor,SARI SETIAWAN,08503612435,customer000623@example.com,JL AHMAD YANI NO 102,2011,[np.int64(622)],1,C000623,0.9880952380952381,Auto Match
Credit Card,CR_0000972,Fajar Hidayat,1991-10-09,8617765456,customer000072@examplecom,Jl. Diponegoro No. 101,Bekasi,FAJAR HIDAYAT,8617765456,customer000072@examplecom,JL DIPONEGORO NO 101,1991,[np.int64(71)],1,C000072,0.9941176470588236,Auto Match
Credit Card,CR_0000973,GitaPermata,1996-07-14,62885227667,customer000154@examplecom,Jl. Diponegoro No. 140,Tangerang,GITAPERMATA,0885227667,customer000154@examplecom,JL DIPONEGORO NO 140,1996,[],0,C000154,0.9582480818414322,Auto Match
Credit Card,CR_0000974,Oscar Wijaya,2015-10-03,8138661864,customer000725@example.com,Jl. Diponegoro No. 2,Makassar,OSCAR WIJAYA,8138661864,customer000725@example.com,JL DIPONEGORO NO 2,2015,[np.int64(724)],1,C000725,1.0,Auto Match
Credit Card,CR_0000975,Vina Ramadhan,2008-06-22,8731143725,customer000854@example.com,Jl. Sudirman No. 107,Depok,VINA RAMADHAN,8731143725,customer000854@example.com,JL SUDIRMAN NO 107,2008,[np.int64(853)],1,C000854,1.0,Auto Match
Credit Card,CR_0000976,TONO SETIAWAN,1989-10-21,628454022048,customer000347@examplecom,Jl. Merdeka No. 9,Tangerang,TONO SETIAWAN,08454022048,customer000347@examplecom,JL MERDEKA NO 9,1989,[np.int64(346)],1,C000347,0.9822128851540616,Auto Match
Credit Card,CR_0000977,Vina Setiawan,2008-04-05,8453439052,customer001083@example.com,Jl. Gatot Subroto No. 57,Jakarta,VINA SETIAWAN,8453439052,customer001083@example.com,JL GATOT SUBROTO NO 57,2008,[np.int64(1082)],1,C001083,1.0,Auto Match
Credit Card,CR_0000978,ANDI HIDAYAT,1994-01-01,8206636726,customer000288@example.com,Jl. Sudirman No. 147,Depok,ANDI HIDAYAT,8206636726,customer000288@example.com,JL SUDIRMAN NO 147,1994,[np.int64(287)],1,C000288,1.0,Auto Match
Credit Card,CR_0000979,Hana Kurniawan,1999-11-14,8124410999,customer001733@example.com,Jl. Diponegoro No. 18,Bandung,HANA KURNIAWAN,8124410999,customer001733@example.com,JL DIPONEGORO NO 18,1999,[np.int64(1732)],1,C001733,1.0,Auto Match
Credit Card,CR_0000980,GITA HIDAYAT,1991-11-09,628839476660,customer001243@examplecom,Jalan Gatot Subroto No. 107,Makassar,GITA HIDAYAT,08839476660,customer001243@examplecom,JL GATOT SUBROTO NO 107,1991,[np.int64(1242)],1,C001243,0.9822128851540616,Auto Match
Credit Card,CR_0000981,Joko Siregar,2004-01-23,628411593009,customer001103@example.com,Jl. Diponegoro No. 152,Surabaya,JOKO SIREGAR,08411593009,customer001103@example.com,JL DIPONEGORO NO 152,2004,[np.int64(1102)],1,C001103,0.9880952380952381,Auto Match
Credit Card,CR_0000982,Putri Hidayat,2000-08-13,8518058173,customer000651@examplecom,Jalan Merdeka No. 192,Medan,PUTRI HIDAYAT,8518058173,customer000651@examplecom,JL MERDEKA NO 192,2000,[np.int64(650)],1,C000651,0.9941176470588236,Auto Match
Credit Card,CR_0000983,KARIN WIJAYA,2012-04-24,8965366522,customer000029@examplecom,Jl. Ahmad Yani No. 123,Jakarta,KARIN WIJAYA,8965366522,customer000029@examplecom,JL AHMAD YANI NO 123,2012,[np.int64(28)],1,C000029,0.9941176470588236,Auto Match
Credit Card,CR_0000984,PutriPratama,2005-03-14,863060137,customer001472@example.com,Jl. Diponegoro No. 131,Jakarta,PUTRIPRATAMA,863060137,customer001472@example.com,JL DIPONEGORO NO 131,2005,[np.int64(1471)],1,C001472,0.976842105263158,Auto Match
Credit Card,CR_0000985,Oscar Santoso,2014-03-04,8385889698,customer001592@example.com,Jl. Merdeka No. 98,Depok,OSCAR SANTOSO,8385889698,customer001592@example.com,JL MERDEKA NO 98,2014,[np.int64(1591)],1,C001592,1.0,Auto Match
Credit Card,CR_0000986,EKO S4PUTR4,1991-12-26,8634686387,customer000507@example.com,Jl. Merdeka No. 180,Semarang,EKO S4PUTR4,8634686387,customer000507@example.com,JL MERDEKA NO 180,1991,[np.int64(506)],1,C000507,0.9545454545454547,Auto Match
Credit Card,CR_0000987,Putri Ramadhan,2007-07-21,8552956633,customer001279@example.com,Jl. Diponegoro No. 195,Bandung,PUTRI RAMADHAN,8552956633,customer001279@example.com,JL DIPONEGORO NO 195,2007,[np.int64(1278)],1,C001279,1.0,Auto Match
Credit Card,CR_0000988,IwanLestari,2015-09-16,863365060,customer000344@example.com,Jalan Gatot Subroto No. 81,Tangerang,IWANLESTARI,863365060,customer000344@example.com,JL GATOT SUBROTO NO 81,2015,[np.int64(343)],1,C000344,0.9759725400457667,Auto Match
Credit Card,CR_0000989,1wan Siregar,2014-07-25,8110274964,customer000632@example.com,JL. SUDIRMAN NO. 129,Depok,1WAN SIREGAR,8110274964,customer000632@example.com,JL SUDIRMAN NO 129,2014,[np.int64(631)],1,C000632,0.9791666666666667,Auto Match
Credit Card,CR_0000990,Vina Nugroho,2003-05-19,628159162257,customer000622@example.com,Jalan Ahmad Yani No. 155,Bandung,VINA NUGROHO,08159162257,customer000622@example.com,JL AHMAD YANI NO 155,2003,[np.int64(621)],1,C000622,0.9880952380952381,Auto Match
Credit Card,CR_0000991,JOKO SIREGAR,2007-06-17,8183285089,customer000139@example.com,Jl. Diponegoro No. 78,Medan,JOKO SIREGAR,8183285089,customer000139@example.com,JL DIPONEGORO NO 78,2007,[np.int64(138)],1,C000139,1.0,Auto Match
Credit Card,CR_0000992,Iwan Kurniawan,2014-04-27,8863897118,customer001359@examplecom,Jl. Merdeka No. 171,Medan,IWAN KURNIAWAN,8863897118,customer001359@examplecom,JL MERDEKA NO 171,2014,[np.int64(1358)],1,C001359,0.9941176470588236,Auto Match
Credit Card,CR_0000993,CITRA HIDAYAT,2009-06-09,8438822490,customer000249@example.com,Jl. Ahmad Yani No. 120,Tangerang,CITRA HIDAYAT,8438822490,customer000249@example.com,JL AHMAD YANI NO 120,2009,[np.int64(248)],1,C000249,1.0,Auto Match
Credit Card,CR_0000994,SariSiregar,1993-09-17,8640724399,customer000779@example.com,JL. AHMAD YANI NO. 79,Depok,SARISIREGAR,8640724399,customer000779@example.com,JL AHMAD YANI NO 79,1993,[np.int64(778)],1,C000779,0.9891304347826088,Auto Match
Credit Card,CR_0000995,Nanda Nugroho,1998-07-19,8285991517,customer000592@example.com,Jalan Sudirman No. 176,Bandung,NANDA NUGROHO,8285991517,customer000592@example.com,JL SUDIRMAN NO 176,1998,[np.int64(591)],1,C000592,1.0,Auto Match
Credit Card,CR_0000996,Dewi Pratama,2009-10-28,8410121174,customer000946@example.com,Jl. Merdeka No. 153,Jakarta,DEWI PRATAMA,8410121174,customer000946@example.com,JL MERDEKA NO 153,2009,[np.int64(945)],1,C000946,1.0,Auto Match
Credit Card,CR_0000997,Dewi Santoso,1997-01-04,856609071,customer000424@example.com,Jl. Merdeka No. 19,Bandung,DEWI SANTOSO,856609071,customer000424@example.com,JL MERDEKA NO 19,1997,[np.int64(423)],1,C000424,0.986842105263158,Auto Match
Credit Card,CR_0000998,NANDA PRATAMA,2014-10-24,8475347594,customer001597@examplecom,Jl. Ahmad Yani No. 60,Bekasi,NANDA PRATAMA,8475347594,customer001597@examplecom,JL AHMAD YANI NO 60,2014,[np.int64(1596)],1,C001597,0.9941176470588236,Auto Match
Credit Card,CR_0000999,TonoKurniawan,2008-01-18,8298106474,customer001723@example.com,Jalan Diponegoro No. 122,Medan,TONOKURNIAWAN,8298106474,customer001723@example.com,JL DIPONEGORO NO 122,2008,[np.int64(1722)],1,C001723,0.9907407407407408,Auto Match
Credit Card,CR_0001000,Maya Siregar,2011-04-05,8553909931,customer000606@example.com,Jalan Gatot Subroto No. 102,Medan,MAYA SIREGAR,8553909931,customer000606@example.com,JL GATOT SUBROTO NO 102,2011,[np.int64(605)],1,C000606,1.0,Auto Match
Credit Card,CR_0001001,Citra Setiawan,2014-01-27,8651167787,customer000914@example.com,Jl. Ahmad Yani No. 159,Medan,CITRA SETIAWAN,8651167787,customer000914@example.com,JL AHMAD YANI NO 159,2014,[np.int64(913)],1,C000914,1.0,Auto Match
Credit Card,CR_0001002,4ND1 W1J4Y4,2007-05-18,8394227509,customer001769@examplecom,Jl. Ahmad Yani No. 153,Surabaya,4ND1 W1J4Y4,8394227509,customer001769@examplecom,JL AHMAD YANI NO 153,2007,[np.int64(1768)],1,C001769,0.8804812834224599,Auto Match
Credit Card,CR_0001003,Eko Hidayat,2003-11-17,62861617327,customer001717@example.com,Jl. Sudirman No. 183,Semarang,EKO HIDAYAT,0861617327,customer001717@example.com,JL SUDIRMAN NO 183,2003,[np.int64(1716)],1,C001717,0.9750000000000001,Auto Match
Credit Card,CR_0001004,Vina Santoso,2003-01-19,8449667699,customer001482@example.com,Jl. Ahmad Yani No. 66,Bogor,VINA SANTOSO,8449667699,customer001482@example.com,JL AHMAD YANI NO 66,2003,[np.int64(1481)],1,C001482,1.0,Auto Match
Credit Card,CR_0001005,Eko Saputra,1999-12-27,62817270682,customer000095@example.com,Jl. Merdeka No. 116,Tangerang,EKO SAPUTRA,0817270682,customer000095@example.com,JL MERDEKA NO 116,1999,[np.int64(94)],1,C000095,0.9750000000000001,Auto Match
Credit Card,CR_0001006,Budi Siregar,1990-04-01,843308414,customer000992@example.com,Jalan Ahmad Yani No. 52,Bandung,BUDI SIREGAR,843308414,customer000992@example.com,JL AHMAD YANI NO 52,1990,[np.int64(991)],1,C000992,0.986842105263158,Auto Match
Credit Card,CR_0001007,Maya Pratama,1994-04-09,8522209963,customer000556@examplecom,Jl. Gatot Subroto No. 136,Depok,MAYA PRATAMA,8522209963,customer000556@examplecom,JL GATOT SUBROTO NO 136,1994,[np.int64(555)],1,C000556,0.9941176470588236,Auto Match
Credit Card,CR_0001008,OSCAR SIREGAR,2003-06-07,8397224006,customer000357@example.com,Jalan Merdeka No. 25,Medan,OSCAR SIREGAR,8397224006,customer000357@example.com,JL MERDEKA NO 25,2003,[np.int64(356)],1,C000357,1.0,Auto Match
Credit Card,CR_0001009,Iwan Hidayat,1990-01-17,852644955,customer000082@example.com,Jl. Diponegoro No. 162,Depok,IWAN HIDAYAT,852644955,customer000082@example.com,JL DIPONEGORO NO 162,1990,[np.int64(81)],1,C000082,0.986842105263158,Auto Match
Credit Card,CR_0001010,Hana Siregar,1995-03-25,8709806837,customer001203@example.com,JL. SUDIRMAN NO. 130,Jakarta,HANA SIREGAR,8709806837,customer001203@example.com,JL SUDIRMAN NO 130,1995,[np.int64(1202)],1,C001203,1.0,Auto Match
Credit Card,CR_0001011,Fajar Pratama,2000-11-01,872038362,customer001110@examplecom,Jalan Sudirman No. 128,Surabaya,FAJAR PRATAMA,872038362,customer001110@examplecom,JL SUDIRMAN NO 128,2000,[np.int64(1109)],1,C001110,0.9809597523219814,Auto Match
Credit Card,CR_0001012,Maya Hidayat,1998-07-08,62892253211,customer000618@example.com,JL. MERDEKA NO. 88,Tangerang,MAYA HIDAYAT,0892253211,customer000618@example.com,JL MERDEKA NO 88,1998,[np.int64(617)],1,C000618,0.9750000000000001,Auto Match
Credit Card,CR_0001013,Sari Santoso,2011-03-25,8270064345,customer001732@example.com,JL. MERDEKA NO. 133,Jakarta,SARI SANTOSO,8270064345,customer001732@example.com,JL MERDEKA NO 133,2011,[np.int64(1731)],1,C001732,1.0,Auto Match
Credit Card,CR_0001014,Putri Lestari,1991-06-04,8776755456,customer001662@example.com,Jl. Merdeka No. 75,Medan,PUTRI LESTARI,8776755456,customer001662@example.com,JL MERDEKA NO 75,1991,[np.int64(1661)],1,C001662,1.0,Auto Match
Credit Card,CR_0001015,ANDI WIJAYA,1990-06-17,8432085392,customer001170@examplecom,Jl. Ahmad Yani No. 131,Surabaya,ANDI WIJAYA,8432085392,customer001170@examplecom,JL AHMAD YANI NO 131,1990,[np.int64(1169)],1,C001170,0.9941176470588236,Auto Match
Credit Card,CR_0001016,HanaPratama,1996-06-11,8383152069,customer000587@example.com,JALAN MERDEKA NO. 77,Bandung,HANAPRATAMA,8383152069,customer000587@example.com,JL MERDEKA NO 77,1996,[np.int64(586)],1,C000587,0.9891304347826088,Auto Match
Credit Card,CR_0001017,HanaWijaya,2002-08-10,8877667022,customer000815@example.com,JL. SUDIRMAN NO. 81,Jakarta,HANAWIJAYA,8877667022,customer000815@example.com,JL SUDIRMAN NO 81,2002,[np.int64(814)],1,C000815,0.9880952380952382,Auto Match
Credit Card,CR_0001018,Hana Wijaya,1989-09-23,8958726597,customer000963@examplecom,Jl. Sudirman No. 91,Depok,HANA WIJAYA,8958726597,customer000963@examplecom,JL SUDIRMAN NO 91,1989,[np.int64(962)],1,C000963,0.9941176470588236,Auto Match
Credit Card,CR_0001019,4ndiRamadhan,1995-09-29,8795830877,customer000640@example.com,JL. MERDEKA NO. 135,Bogor,4NDIRAMADHAN,8795830877,customer000640@example.com,JL MERDEKA NO 135,1995,[np.int64(639)],1,C000640,0.9700000000000001,Auto Match
Credit Card,CR_0001020,Vina Lestari,1992-07-02,8495098658,customer000685@example.com,Jl. Gatot Subroto No. 133,Jakarta,VINA LESTARI,8495098658,customer000685@example.com,JL GATOT SUBROTO NO 133,1992,[np.int64(684)],1,C000685,1.0,Auto Match
Credit Card,CR_0001021,Lina Pratama,1989-10-25,8875720320,customer001100@example.com,Jl. Sudirman No. 177,Jakarta,LINA PRATAMA,8875720320,customer001100@example.com,JL SUDIRMAN NO 177,1989,[np.int64(1099)],1,C001100,1.0,Auto Match
Credit Card,CR_0001022,LINASETIAWAN,2012-01-18,825125767,customer000883@example.com,JL. GATOT SUBROTO NO. 82,Bogor,LINASETIAWAN,825125767,customer000883@example.com,JL GATOT SUBROTO NO 82,2012,[np.int64(882)],1,C000883,0.976842105263158,Auto Match
Credit Card,CR_0001023,Vina Ramadhan,2000-01-07,8549327394,customer001195@example.com,Jl. Gatot Subroto No. 183,Tangerang,VINA RAMADHAN,8549327394,customer001195@example.com,JL GATOT SUBROTO NO 183,2000,[np.int64(1194)],1,C001195,1.0,Auto Match
Credit Card,CR_0001024,Lina Ramadhan,2016-03-16,821950138,customer000502@example.com,Jalan Merdeka No. 195,Semarang,LINA RAMADHAN,821950138,customer000502@example.com,JL MERDEKA NO 195,2016,[np.int64(501)],1,C000502,0.986842105263158,Auto Match
Credit Card,CR_0001025,Iwan Lestari,2016-07-15,8537890028,customer000822@example.com,Jl. Ahmad Yani No. 68,Depok,IWAN LESTARI,8537890028,customer000822@example.com,JL AHMAD YANI NO 68,2016,[np.int64(821)],1,C000822,1.0,Auto Match
Credit Card,CR_0001026,MAYA SAPUTRA,2009-12-21,628495131600,customer001684@example.com,JL. MERDEKA NO. 150,Depok,MAYA SAPUTRA,08495131600,customer001684@example.com,JL MERDEKA NO 150,2009,[np.int64(1683)],1,C001684,0.9880952380952381,Auto Match
Credit Card,CR_0001027,Dewi Saputra,2013-01-21,832311152,customer001217@example.com,Jl. Sudirman No. 183,Surabaya,DEWI SAPUTRA,832311152,customer001217@example.com,JL SUDIRMAN NO 183,2013,[np.int64(1216)],1,C001217,0.986842105263158,Auto Match
Credit Card,CR_0001028,Sari Wijaya,2003-08-12,8403003726,customer001236@example.com,Jalan Merdeka No. 13,Depok,SARI WIJAYA,8403003726,customer001236@example.com,JL MERDEKA NO 13,2003,[np.int64(1235)],1,C001236,1.0,Auto Match
Credit Card,CR_0001029,H4N4 NUGROHO,2003-03-13,8771107499,customer000509@example.com,Jl. Sudirman No. 116,Depok,H4N4 NUGROHO,8771107499,customer000509@example.com,JL SUDIRMAN NO 116,2003,[np.int64(508)],1,C000509,0.9583333333333335,Auto Match
Credit Card,CR_0001030,TonoPratama,1994-01-05,628724154881,customer000192@example.com,Jl. Gatot Subroto No. 115,Depok,TONOPRATAMA,08724154881,customer000192@example.com,JL GATOT SUBROTO NO 115,1994,[np.int64(191)],1,C000192,0.9772256728778469,Auto Match
Credit Card,CR_0001031,F4J4R NUGROHO,1992-01-14,8488186452,customer000253@example.com,Jl. Sudirman No. 154,Medan,F4J4R NUGROHO,8488186452,customer000253@example.com,JL SUDIRMAN NO 154,1992,[np.int64(252)],1,C000253,0.9615384615384617,Auto Match
Credit Card,CR_0001032,Eko Ramadhan,1995-09-10,8421197131,customer001515@example.com,JL. AHMAD YANI NO. 188,Medan,EKO RAMADHAN,8421197131,customer001515@example.com,JL AHMAD YANI NO 188,1995,[np.int64(1514)],1,C001515,1.0,Auto Match
Credit Card,CR_0001033,C1TR4 S1REG4R,1995-12-08,8261554657,customer001212@example.com,Jl. Merdeka No. 69,Jakarta,C1TR4 S1REG4R,8261554657,customer001212@example.com,JL MERDEKA NO 69,1995,[np.int64(1211)],1,C001212,0.9230769230769232,Auto Match
Credit Card,CR_0001034,Fajar Lestari,2004-10-24,628255737324,customer001292@example.com,Jalan Sudirman No. 83,Depok,FAJAR LESTARI,08255737324,customer001292@example.com,JL SUDIRMAN NO 83,2004,[np.int64(1291)],1,C001292,0.9880952380952381,Auto Match
Credit Card,CR_0001035,Nanda Wijaya,2014-08-05,62867091812,customer001251@example.com,Jl. Merdeka No. 22,Bandung,NANDA WIJAYA,0867091812,customer001251@example.com,JL MERDEKA NO 22,2014,[np.int64(1250)],1,C001251,0.9750000000000001,Auto Match
Credit Card,CR_0001036,GITA WIJAYA,1991-10-08,8470586724,customer000375@example.com,Jalan Diponegoro No. 143,Semarang,GITA WIJAYA,8470586724,customer000375@example.com,JL DIPONEGORO NO 143,1991,[np.int64(374)],1,C000375,1.0,Auto Match
Credit Card,CR_0001037,OSCAR KURNIAWAN,1998-05-10,834056970,customer000641@example.com,Jl. Diponegoro No. 58,Jakarta,OSCAR KURNIAWAN,834056970,customer000641@example.com,JL DIPONEGORO NO 58,1998,[np.int64(640)],1,C000641,0.986842105263158,Auto Match
Credit Card,CR_0001038,Fajar Lestari,2005-06-01,8937534842,customer000460@examplecom,Jl. Diponegoro No. 125,Semarang,FAJAR LESTARI,8937534842,customer000460@examplecom,JL DIPONEGORO NO 125,2005,[np.int64(459)],1,C000460,0.9941176470588236,Auto Match
Credit Card,CR_0001039,Vina Permata,1992-07-28,8378324753,customer001588@example.com,Jl. Diponegoro No. 78,Semarang,VINA PERMATA,8378324753,customer001588@example.com,JL DIPONEGORO NO 78,1992,[np.int64(1587)],1,C001588,1.0,Auto Match
Credit Card,CR_0001040,GITA KURNIAWAN,1995-08-25,8891071984,customer001234@example.com,Jl. Sudirman No. 193,Medan,GITA KURNIAWAN,8891071984,customer001234@example.com,JL SUDIRMAN NO 193,1995,[np.int64(1233)],1,C001234,1.0,Auto Match
Credit Card,CR_0001041,BUDI HIDAYAT,1996-05-29,628692026028,customer000634@example.com,JALAN AHMAD YANI NO. 46,Surabaya,BUDI HIDAYAT,08692026028,customer000634@example.com,JL AHMAD YANI NO 46,1996,[np.int64(633)],1,C000634,0.9880952380952381,Auto Match
Credit Card,CR_0001042,Maya Hidayat,1997-08-07,8893869937,customer000097@example.com,Jl. Diponegoro No. 42,Tangerang,MAYA HIDAYAT,8893869937,customer000097@example.com,JL DIPONEGORO NO 42,1997,[np.int64(96)],1,C000097,1.0,Auto Match
Credit Card,CR_0001043,Maya Saputra,2001-05-07,8922440854,customer000494@example.com,Jl. Gatot Subroto No. 140,Medan,MAYA SAPUTRA,8922440854,customer000494@example.com,JL GATOT SUBROTO NO 140,2001,[np.int64(493)],1,C000494,1.0,Auto Match
Credit Card,CR_0001044,IWAN WIJAYA,2001-05-15,816747971,customer000865@example.com,JL. MERDEKA NO. 70,Tangerang,IWAN WIJAYA,816747971,customer000865@example.com,JL MERDEKA NO 70,2001,[np.int64(864)],1,C000865,0.986842105263158,Auto Match
Credit Card,CR_0001045,Budi Wijaya,2013-12-20,846844295,customer000310@example.com,JL. MERDEKA NO. 134,Tangerang,BUDI WIJAYA,846844295,customer000310@example.com,JL MERDEKA NO 134,2013,[np.int64(309)],1,C000310,0.986842105263158,Auto Match
Credit Card,CR_0001046,AndiWijaya,1996-02-26,8135951818,customer000193@example.com,Jalan Merdeka No. 198,Bogor,ANDIWIJAYA,8135951818,customer000193@example.com,JL MERDEKA NO 198,1996,[np.int64(192)],1,C000193,0.9880952380952382,Auto Match
Credit Card,CR_0001047,BUDISETIAWAN,1999-07-27,8680385802,customer001335@examplecom,Jl. Gatot Subroto No. 17,Bogor,BUDISETIAWAN,8680385802,customer001335@examplecom,JL GATOT SUBROTO NO 17,1999,[np.int64(1334)],1,C001335,0.9841176470588235,Auto Match
Credit Card,CR_0001048,Citra Nugroho,1991-01-04,8711166788,customer001238@example.com,Jl. Diponegoro No. 157,Bogor,CITRA NUGROHO,8711166788,customer001238@example.com,JL DIPONEGORO NO 157,1991,[np.int64(1237)],1,C001238,1.0,Auto Match
Credit Card,CR_0001049,HANAWIJAYA,2002-09-18,8127368821,customer000973@example.com,Jl. Diponegoro No. 6,Bekasi,HANAWIJAYA,8127368821,customer000973@example.com,JL DIPONEGORO NO 6,2002,[np.int64(972)],1,C000973,0.9880952380952382,Auto Match
Credit Card,CR_0001050,GITA WIJAYA,2009-03-31,628676851104,customer000679@example.com,JL. DIPONEGORO NO. 62,Bekasi,GITA WIJAYA,08676851104,customer000679@example.com,JL DIPONEGORO NO 62,2009,[np.int64(678)],1,C000679,0.9880952380952381,Auto Match
Credit Card,CR_0001051,NANDA LESTARI,2006-09-24,628610524220,customer000096@example.com,Jl. Gatot Subroto No. 128,Depok,NANDA LESTARI,08610524220,customer000096@example.com,JL GATOT SUBROTO NO 128,2006,[np.int64(95)],1,C000096,0.9880952380952381,Auto Match
Credit Card,CR_0001052,DewiSetiawan,2013-06-24,8665628966,customer000974@examplecom,Jl. Sudirman No. 39,Semarang,DEWISETIAWAN,8665628966,customer000974@examplecom,JL SUDIRMAN NO 39,2013,[np.int64(973)],1,C000974,0.9841176470588235,Auto Match
Credit Card,CR_0001053,SariPermata,1993-02-18,8941405642,customer000461@examplecom,Jl. Ahmad Yani No. 127,Tangerang,SARIPERMATA,8941405642,customer000461@examplecom,JL AHMAD YANI NO 127,1993,[np.int64(460)],1,C000461,0.9832480818414323,Auto Match
Credit Card,CR_0001054,Nanda Wijaya,1998-07-01,8683737111,customer000129@example.com,Jalan Gatot Subroto No. 105,Semarang,NANDA WIJAYA,8683737111,customer000129@example.com,JL GATOT SUBROTO NO 105,1998,[np.int64(128)],1,C000129,1.0,Auto Match
Credit Card,CR_0001055,F4J4R KURN14W4N,1994-08-04,8505584153,customer001056@example.com,Jl. Sudirman No. 135,Jakarta,F4J4R KURN14W4N,8505584153,customer001056@example.com,JL SUDIRMAN NO 135,1994,[np.int64(1055)],1,C001056,0.9166666666666667,Auto Match
Credit Card,CR_0001056,Budi Setiawan,2001-11-11,8565842283,customer001518@example.com,Jl. Gatot Subroto No. 129,Medan,BUDI SETIAWAN,8565842283,customer001518@example.com,JL GATOT SUBROTO NO 129,2001,[np.int64(1517)],1,C001518,1.0,Auto Match
Credit Card,CR_0001057,OscarSiregar,1998-02-17,8831067250,customer000007@example.com,Jl. Gatot Subroto No. 39,Semarang,OSCARSIREGAR,8831067250,customer000007@example.com,JL GATOT SUBROTO NO 39,1998,[np.int64(6)],1,C000007,0.9900000000000001,Auto Match
Credit Card,CR_0001058,KarinKurniawan,1992-09-29,885939982,customer000604@example.com,Jalan Sudirman No. 44,Surabaya,KARINKURNIAWAN,885939982,customer000604@example.com,JL SUDIRMAN NO 44,1992,[np.int64(603)],1,C000604,0.9782214156079856,Auto Match
Credit Card,CR_0001059,Rina Kurniawan,2012-06-14,8809468318,customer000875@example.com,Jl. Merdeka No. 132,Bandung,RINA KURNIAWAN,8809468318,customer000875@example.com,JL MERDEKA NO 132,2012,[np.int64(874)],1,C000875,1.0,Auto Match
Credit Card,CR_0001060,Rina Lestari,1995-09-11,8515139140,customer000600@examplecom,JL. GATOT SUBROTO NO. 46,Bogor,RINA LESTARI,8515139140,customer000600@examplecom,JL GATOT SUBROTO NO 46,1995,[np.int64(599)],1,C000600,0.9941176470588236,Auto Match
Credit Card,CR_0001061,Nanda Ramadhan,2015-07-10,899898524,customer001453@example.com,JL. GATOT SUBROTO NO. 41,Jakarta,NANDA RAMADHAN,899898524,customer001453@example.com,JL GATOT SUBROTO NO 41,2015,[np.int64(1452)],1,C001453,0.986842105263158,Auto Match
Credit Card,CR_0001062,Rina Setiawan,1991-02-12,62889371649,customer000388@example.com,Jl. Merdeka No. 197,Bogor,RINA SETIAWAN,0889371649,customer000388@example.com,JL MERDEKA NO 197,1991,[np.int64(387)],1,C000388,0.9750000000000001,Auto Match
Credit Card,CR_0001063,PutriKurniawan,1992-01-21,628547323260,customer000087@example.com,Jl. Sudirman No. 56,Depok,PUTRIKURNIAWAN,08547323260,customer000087@example.com,JL SUDIRMAN NO 56,1992,[np.int64(86)],1,C000087,0.9794745484400658,Auto Match
Credit Card,CR_0001064,Putri Lestari,2005-04-02,8534867503,customer001274@example.com,Jalan Diponegoro No. 154,Depok,PUTRI LESTARI,8534867503,customer001274@example.com,JL DIPONEGORO NO 154,2005,[np.int64(1273)],1,C001274,1.0,Auto Match
Credit Card,CR_0001065,Fajar Pratama,1990-01-05,811382309,customer001520@example.com,Jl. Sudirman No. 166,Makassar,FAJAR PRATAMA,811382309,customer001520@example.com,JL SUDIRMAN NO 166,1990,[np.int64(1519)],1,C001520,0.986842105263158,Auto Match
Credit Card,CR_0001066,Joko Santoso,1999-12-15,8963082078,customer001726@example.com,Jl. Gatot Subroto No. 106,Depok,JOKO SANTOSO,8963082078,customer001726@example.com,JL GATOT SUBROTO NO 106,1999,[np.int64(1725)],1,C001726,1.0,Auto Match
Credit Card,CR_0001067,Andi Wijaya,1998-01-13,8162830895,customer000510@example.com,JL. GATOT SUBROTO NO. 180,Depok,ANDI WIJAYA,8162830895,customer000510@example.com,JL GATOT SUBROTO NO 180,1998,[np.int64(509)],1,C000510,1.0,Auto Match
Credit Card,CR_0001068,FAJAR WIJAYA,2004-05-23,628611861774,customer000954@example.com,Jl. Sudirman No. 127,Bogor,FAJAR WIJAYA,08611861774,customer000954@example.com,JL SUDIRMAN NO 127,2004,[np.int64(953)],1,C000954,0.9880952380952381,Auto Match
Credit Card,CR_0001069,Nanda Ramadhan,2010-01-21,8395290727,customer001241@example.com,Jalan Diponegoro No. 119,Bogor,NANDA RAMADHAN,8395290727,customer001241@example.com,JL DIPONEGORO NO 119,2010,[np.int64(1240)],1,C001241,1.0,Auto Match
Credit Card,CR_0001070,Putri Santoso,2008-12-08,8742191035,customer001567@example.com,Jl. Merdeka No. 139,Makassar,PUTRI SANTOSO,8742191035,customer001567@example.com,JL MERDEKA NO 139,2008,[np.int64(1566)],1,C001567,1.0,Auto Match
Credit Card,CR_0001071,VINA SETIAWAN,2012-06-14,8207121734,customer000178@example.com,JL. GATOT SUBROTO NO. 27,Semarang,VINA SETIAWAN,8207121734,customer000178@example.com,JL GATOT SUBROTO NO 27,2012,[np.int64(177)],1,C000178,1.0,Auto Match
Credit Card,CR_0001072,Hana Nugroho,2012-02-11,8918145916,customer001291@example.com,Jl. Diponegoro No. 76,Makassar,HANA NUGROHO,8918145916,customer001291@example.com,JL DIPONEGORO NO 76,2012,[np.int64(1290)],1,C001291,1.0,Auto Match
Credit Card,CR_0001073,Putri Lestari,1997-12-01,8956151951,customer001498@example.com,Jalan Diponegoro No. 185,Surabaya,PUTRI LESTARI,8956151951,customer001498@example.com,JL DIPONEGORO NO 185,1997,[np.int64(1497)],1,C001498,1.0,Auto Match
Credit Card,CR_0001074,OscarKurniawan,2010-01-12,8187216174,customer001029@example.com,Jl. Diponegoro No. 92,Depok,OSCARKURNIAWAN,8187216174,customer001029@example.com,JL DIPONEGORO NO 92,2010,[np.int64(1028)],1,C001029,0.9913793103448277,Auto Match
Credit Card,CR_0001075,SARISANTOSO,1998-10-13,836662926,customer001620@examplecom,Jl. Ahmad Yani No. 20,Semarang,SARISANTOSO,836662926,customer001620@examplecom,JL AHMAD YANI NO 20,1998,[],0,C001620,0.97009018710459,Auto Match
Credit Card,CR_0001076,SARISAPUTRA,2000-03-16,818322961,customer001046@examplecom,Jl. Diponegoro No. 59,Makassar,SARISAPUTRA,818322961,customer001046@examplecom,JL DIPONEGORO NO 59,2000,[],0,C001046,0.97009018710459,Auto Match
Credit Card,CR_0001077,Karin Saputra,1994-03-24,8487023912,customer001671@example.com,Jl. Diponegoro No. 13,Makassar,KARIN SAPUTRA,8487023912,customer001671@example.com,JL DIPONEGORO NO 13,1994,[np.int64(1670)],1,C001671,1.0,Auto Match
Credit Card,CR_0001078,Budi Wijaya,2002-08-21,8384188029,customer000109@example.com,Jl. Gatot Subroto No. 166,Jakarta,BUDI WIJAYA,8384188029,customer000109@example.com,JL GATOT SUBROTO NO 166,2002,[np.int64(108)],1,C000109,1.0,Auto Match
Credit Card,CR_0001079,Citra Santoso,2001-10-31,628188484931,customer000723@examplecom,JL. DIPONEGORO NO. 154,Depok,CITRA SANTOSO,08188484931,customer000723@examplecom,JL DIPONEGORO NO 154,2001,[np.int64(722)],1,C000723,0.9822128851540616,Auto Match
Credit Card,CR_0001080,Vina Nugroho,2013-10-03,8591448659,customer001020@examplecom,JL. GATOT SUBROTO NO. 112,Jakarta,VINA NUGROHO,8591448659,customer001020@examplecom,JL GATOT SUBROTO NO 112,2013,[np.int64(1019)],1,C001020,0.9941176470588236,Auto Match
Credit Card,CR_0001081,Gita Kurniawan,1999-09-25,62818993862,customer000890@example.com,JL. GATOT SUBROTO NO. 138,Bandung,GITA KURNIAWAN,0818993862,customer000890@example.com,JL GATOT SUBROTO NO 138,1999,[np.int64(889)],1,C000890,0.9750000000000001,Auto Match
Credit Card,CR_0001082,Citra Setiawan,1990-08-17,8977387302,customer001412@example.com,Jl. Ahmad Yani No. 42,Bandung,CITRA SETIAWAN,8977387302,customer001412@example.com,JL AHMAD YANI NO 42,1990,[np.int64(1411)],1,C001412,1.0,Auto Match
Credit Card,CR_0001083,ANDI SETIAWAN,1998-08-16,628135019738,customer001655@example.com,Jl. Diponegoro No. 74,Bogor,ANDI SETIAWAN,08135019738,customer001655@example.com,JL DIPONEGORO NO 74,1998,[np.int64(1654)],1,C001655,0.9880952380952381,Auto Match
Credit Card,CR_0001084,Gita Setiawan,2005-02-03,8491143757,customer000202@examplecom,Jl. Merdeka No. 119,Bekasi,GITA SETIAWAN,8491143757,customer000202@examplecom,JL MERDEKA NO 119,2005,[np.int64(201)],1,C000202,0.9941176470588236,Auto Match
Credit Card,CR_0001085,KarinHidayat,2004-07-02,8204539561,customer001015@example.com,Jl. Gatot Subroto No. 100,Medan,KARINHIDAYAT,8204539561,customer001015@example.com,JL GATOT SUBROTO NO 100,2004,[np.int64(1014)],1,C001015,0.9900000000000001,Auto Match
Credit Card,CR_0001086,VINARAMADHAN,2005-03-28,8990850547,customer000073@examplecom,JL. SUDIRMAN NO. 187,Surabaya,VINARAMADHAN,8990850547,customer000073@examplecom,JL SUDIRMAN NO 187,2005,[np.int64(72)],1,C000073,0.9841176470588235,Auto Match
Credit Card,CR_0001087,Citra Siregar,2015-10-12,8658152439,customer000982@examplecom,Jl. Diponegoro No. 172,Semarang,CITRA SIREGAR,8658152439,customer000982@examplecom,JL DIPONEGORO NO 172,2015,[np.int64(981)],1,C000982,0.9941176470588236,Auto Match
Credit Card,CR_0001088,TONO SAPUTRA,1998-01-20,8769400667,customer000475@example.com,Jl. Diponegoro No. 4,Semarang,TONO SAPUTRA,8769400667,customer000475@example.com,JL DIPONEGORO NO 4,1998,[np.int64(474)],1,C000475,1.0,Auto Match
Credit Card,CR_0001089,Gita Kurniawan,2002-08-29,8890483256,customer001626@example.com,Jl. Diponegoro No. 79,Bogor,GITA KURNIAWAN,8890483256,customer001626@example.com,JL DIPONEGORO NO 79,2002,[np.int64(1625)],1,C001626,1.0,Auto Match
Credit Card,CR_0001090,Nanda Permata,2005-12-26,8920359606,customer000438@example.com,Jl. Ahmad Yani No. 68,Makassar,NANDA PERMATA,8920359606,customer000438@example.com,JL AHMAD YANI NO 68,2005,[np.int64(437)],1,C000438,1.0,Auto Match
Credit Card,CR_0001091,H4N4SET14W4N,1990-07-31,8765326024,customer001619@example.com,Jl. Sudirman No. 75,Bogor,H4N4SET14W4N,8765326024,customer001619@example.com,JL SUDIRMAN NO 75,1990,[np.int64(1618)],1,C001619,0.8900000000000001,Auto Match
Credit Card,CR_0001092,Budi Nugroho,1991-06-12,8181154778,customer000977@example.com,Jl. Diponegoro No. 95,Surabaya,BUDI NUGROHO,8181154778,customer000977@example.com,JL DIPONEGORO NO 95,1991,[np.int64(976)],1,C000977,1.0,Auto Match
Credit Card,CR_0001093,HANA PERMATA,2003-09-29,8877313834,customer001418@example.com,Jl. Diponegoro No. 54,Surabaya,HANA PERMATA,8877313834,customer001418@example.com,JL DIPONEGORO NO 54,2003,[np.int64(1417)],1,C001418,1.0,Auto Match
Credit Card,CR_0001094,Eko Ramadhan,1999-12-15,8264986345,customer000452@example.com,Jl. Gatot Subroto No. 138,Semarang,EKO RAMADHAN,8264986345,customer000452@example.com,JL GATOT SUBROTO NO 138,1999,[np.int64(451)],1,C000452,1.0,Auto Match
Credit Card,CR_0001095,Hana Pratama,2013-09-07,8398326890,customer000682@examplecom,Jl. Diponegoro No. 131,Makassar,HANA PRATAMA,8398326890,customer000682@examplecom,JL DIPONEGORO NO 131,2013,[np.int64(681)],1,C000682,0.9941176470588236,Auto Match
Credit Card,CR_0001096,Oscar Pratama,1990-03-01,8721106721,customer000952@examplecom,Jl. Sudirman No. 81,Semarang,OSCAR PRATAMA,8721106721,customer000952@examplecom,JL SUDIRMAN NO 81,1990,[np.int64(951)],1,C000952,0.9941176470588236,Auto Match
Credit Card,CR_0001097,Gita Pratama,1990-04-25,8712622633,customer000589@example.com,Jl. Diponegoro No. 88,Bandung,GITA PRATAMA,8712622633,customer000589@example.com,JL DIPONEGORO NO 88,1990,[np.int64(588)],1,C000589,1.0,Auto Match
Credit Card,CR_0001098,Oscar Hidayat,1995-10-21,8103781934,customer001503@example.com,Jalan Sudirman No. 193,Medan,OSCAR HIDAYAT,8103781934,customer001503@example.com,JL SUDIRMAN NO 193,1995,[np.int64(1502)],1,C001503,1.0,Auto Match
Credit Card,CR_0001099,Dewi Nugroho,1997-02-13,628427414744,customer001125@example.com,Jl. Gatot Subroto No. 29,Bandung,DEWI NUGROHO,08427414744,customer001125@example.com,JL GATOT SUBROTO NO 29,1997,[np.int64(1124)],1,C001125,0.9880952380952381,Auto Match
Credit Card,CR_0001100,Gita Pratama,2014-02-17,8642175265,customer000553@example.com,JL. GATOT SUBROTO NO. 65,Bekasi,GITA PRATAMA,8642175265,customer000553@example.com,JL GATOT SUBROTO NO 65,2014,[np.int64(552)],1,C000553,1.0,Auto Match
Credit Card,CR_0001101,Fajar Nugroho,2003-08-11,8522692093,customer001490@example.com,Jl. Gatot Subroto No. 28,Depok,FAJAR NUGROHO,8522692093,customer001490@example.com,JL GATOT SUBROTO NO 28,2003,[np.int64(1489)],1,C001490,1.0,Auto Match
Credit Card,CR_0001102,RinaNugroho,2007-08-22,628119570078,customer000010@example.com,Jl. Sudirman No. 124,Tangerang,RINANUGROHO,08119570078,customer000010@example.com,JL SUDIRMAN NO 124,2007,[np.int64(9)],1,C000010,0.9772256728778469,Auto Match
Credit Card,CR_0001103,LinaLestari,2003-03-20,8514033735,customer000065@example.com,Jalan Ahmad Yani No. 9,Tangerang,LINALESTARI,8514033735,customer000065@example.com,JL AHMAD YANI NO 9,2003,[np.int64(64)],1,C000065,0.9891304347826088,Auto Match
Credit Card,CR_0001104,MAYA KURNIAWAN,2016-01-02,8819562554,customer000653@example.com,Jl. Gatot Subroto No. 160,Bekasi,MAYA KURNIAWAN,8819562554,customer000653@example.com,JL GATOT SUBROTO NO 160,2016,[np.int64(652)],1,C000653,1.0,Auto Match
Credit Card,CR_0001105,Tono Wijaya,2000-03-01,8751611026,customer000091@example.com,Jl. Diponegoro No. 28,Jakarta,TONO WIJAYA,8751611026,customer000091@example.com,JL DIPONEGORO NO 28,2000,[np.int64(90)],1,C000091,1.0,Auto Match
Credit Card,CR_0001106,Joko Pratama,1999-11-02,8191649052,customer001233@example.com,Jalan Diponegoro No. 16,Medan,JOKO PRATAMA,8191649052,customer001233@example.com,JL DIPONEGORO NO 16,1999,[np.int64(1232)],1,C001233,1.0,Auto Match
Credit Card,CR_0001107,JOKO SANTOSO,1998-05-25,628957928216,customer000227@example.com,Jalan Merdeka No. 14,Makassar,JOKO SANTOSO,08957928216,customer000227@example.com,JL MERDEKA NO 14,1998,[np.int64(226)],1,C000227,0.9880952380952381,Auto Match
Credit Card,CR_0001108,Andi Setiawan,2014-04-26,8923857242,customer001131@examplecom,Jl. Sudirman No. 160,Depok,ANDI SETIAWAN,8923857242,customer001131@examplecom,JL SUDIRMAN NO 160,2014,[np.int64(1130)],1,C001131,0.9941176470588236,Auto Match
Credit Card,CR_0001109,Karin Lestari,1992-07-23,8646638243,customer000598@example.com,Jalan Ahmad Yani No. 146,Jakarta,KARIN LESTARI,8646638243,customer000598@example.com,JL AHMAD YANI NO 146,1992,[np.int64(597)],1,C000598,1.0,Auto Match
Credit Card,CR_0001110,Dewi Wijaya,1996-05-02,8219291682,customer000894@example.com,Jalan Merdeka No. 171,Tangerang,DEWI WIJAYA,8219291682,customer000894@example.com,JL MERDEKA NO 171,1996,[np.int64(893)],1,C000894,1.0,Auto Match
Credit Card,CR_0001111,Joko Saputra,2009-12-15,8817548997,customer000184@examplecom,Jalan Ahmad Yani No. 198,Makassar,JOKO SAPUTRA,8817548997,customer000184@examplecom,JL AHMAD YANI NO 198,2009,[np.int64(183)],1,C000184,0.9941176470588236,Auto Match
Credit Card,CR_0001112,ANDI SAPUTRA,2000-06-25,8588647534,customer000445@example.com,Jl. Merdeka No. 165,Depok,ANDI SAPUTRA,8588647534,customer000445@example.com,JL MERDEKA NO 165,2000,[np.int64(444)],1,C000445,1.0,Auto Match
Credit Card,CR_0001113,Citra Permata,2000-06-17,628575008790,customer000165@example.com,Jalan Ahmad Yani No. 166,Jakarta,CITRA PERMATA,08575008790,customer000165@example.com,JL AHMAD YANI NO 166,2000,[np.int64(164)],1,C000165,0.9880952380952381,Auto Match
Credit Card,CR_0001114,LinaPermata,1993-05-15,8463294723,customer000328@example.com,Jalan Ahmad Yani No. 10,Semarang,LINAPERMATA,8463294723,customer000328@example.com,JL AHMAD YANI NO 10,1993,[np.int64(327)],1,C000328,0.9891304347826088,Auto Match
Credit Card,CR_0001115,OSCAR WIJAYA,2016-02-22,8900371664,customer000523@example.com,Jl. Ahmad Yani No. 38,Semarang,OSCAR WIJAYA,8900371664,customer000523@example.com,JL AHMAD YANI NO 38,2016,[np.int64(522)],1,C000523,1.0,Auto Match
Credit Card,CR_0001116,Lina Ramadhan,2003-07-14,8944455447,customer000949@example.com,Jl. Sudirman No. 12,Surabaya,LINA RAMADHAN,8944455447,customer000949@example.com,JL SUDIRMAN NO 12,2003,[np.int64(948)],1,C000949,1.0,Auto Match
Credit Card,CR_0001117,Citra Saputra,1995-05-09,8968123082,customer000661@example.com,Jl. Sudirman No. 91,Bandung,CITRA SAPUTRA,8968123082,customer000661@example.com,JL SUDIRMAN NO 91,1995,[np.int64(660)],1,C000661,1.0,Auto Match
Credit Card,CR_0001118,EKO PERMATA,2012-10-28,865023458,customer001344@example.com,Jl. Diponegoro No. 52,Bandung,EKO PERMATA,865023458,customer001344@example.com,JL DIPONEGORO NO 52,2012,[np.int64(1343)],1,C001344,0.986842105263158,Auto Match
Credit Card,CR_0001119,LINARAMADHAN,2006-05-01,8419683890,customer000896@example.com,Jl. Ahmad Yani No. 135,Tangerang,LINARAMADHAN,8419683890,customer000896@example.com,JL AHMAD YANI NO 135,2006,[np.int64(895)],1,C000896,0.9900000000000001,Auto Match
Credit Card,CR_0001120,Maya Setiawan,1990-02-23,8713235444,customer001345@example.com,Jl. Diponegoro No. 159,Surabaya,MAYA SETIAWAN,8713235444,customer001345@example.com,JL DIPONEGORO NO 159,1990,[np.int64(1344)],1,C001345,1.0,Auto Match
Credit Card,CR_0001121,Putri Wijaya,2000-06-04,8917511106,customer001602@example.com,Jl. Sudirman No. 161,Makassar,PUTRI WIJAYA,8917511106,customer001602@example.com,JL SUDIRMAN NO 161,2000,[np.int64(1601)],1,C001602,1.0,Auto Match
Credit Card,CR_0001122,MayaSetiawan,1994-11-17,8589789678,customer001713@example.com,Jl. Ahmad Yani No. 177,Semarang,MAYASETIAWAN,8589789678,customer001713@example.com,JL AHMAD YANI NO 177,1994,[np.int64(1712)],1,C001713,0.9900000000000001,Auto Match
Credit Card,CR_0001123,1wan Wijaya,2016-04-28,8893667427,customer001685@example.com,Jl. Ahmad Yani No. 59,Makassar,1WAN WIJAYA,8893667427,customer001685@example.com,JL AHMAD YANI NO 59,2016,[np.int64(1684)],1,C001685,0.9772727272727274,Auto Match
Credit Card,CR_0001124,NANDA SETIAWAN,1998-07-06,833548942,customer001760@example.com,JL. SUDIRMAN NO. 148,Jakarta,NANDA SETIAWAN,833548942,customer001760@example.com,JL SUDIRMAN NO 148,1998,[np.int64(1759)],1,C001760,0.986842105263158,Auto Match
Credit Card,CR_0001125,EKO SIREGAR,2015-06-12,8594059078,customer000495@example.com,Jl. Gatot Subroto No. 19,Depok,EKO SIREGAR,8594059078,customer000495@example.com,JL GATOT SUBROTO NO 19,2015,[np.int64(494)],1,C000495,1.0,Auto Match
Credit Card,CR_0001126,Vina Siregar,2014-06-10,832930654,customer000201@example.com,Jl. Ahmad Yani No. 75,Semarang,VINA SIREGAR,832930654,customer000201@example.com,JL AHMAD YANI NO 75,2014,[np.int64(200)],1,C000201,0.986842105263158,Auto Match
Credit Card,CR_0001127,VINARAMADHAN,2013-04-21,8899746175,customer001692@example.com,Jl. Ahmad Yani No. 129,Bogor,VINARAMADHAN,8899746175,customer001692@example.com,JL AHMAD YANI NO 129,2013,[np.int64(1691)],1,C001692,0.9900000000000001,Auto Match
Credit Card,CR_0001128,RINA WIJAYA,2012-03-27,8595273410,customer001041@example.com,Jl. Diponegoro No. 72,Bandung,RINA WIJAYA,8595273410,customer001041@example.com,JL DIPONEGORO NO 72,2012,[np.int64(1040)],1,C001041,1.0,Auto Match
Credit Card,CR_0001129,Maya Saputra,2000-10-10,879335584,customer000171@example.com,Jl. Sudirman No. 23,Surabaya,MAYA SAPUTRA,879335584,customer000171@example.com,JL SUDIRMAN NO 23,2000,[np.int64(170)],1,C000171,0.986842105263158,Auto Match
Credit Card,CR_0001130,KARIN LESTARI,1999-05-26,8768900783,customer000440@examplecom,Jl. Gatot Subroto No. 51,Makassar,KARIN LESTARI,8768900783,customer000440@examplecom,JL GATOT SUBROTO NO 51,1999,[np.int64(439)],1,C000440,0.9941176470588236,Auto Match
Credit Card,CR_0001131,Rina Ramadhan,1993-05-12,824307901,customer001249@example.com,Jalan Sudirman No. 146,Bandung,RINA RAMADHAN,824307901,customer001249@example.com,JL SUDIRMAN NO 146,1993,[np.int64(1248)],1,C001249,0.986842105263158,Auto Match
Credit Card,CR_0001132,Karin Permata,2016-02-19,628742124876,customer000148@example.com,Jl. Diponegoro No. 149,Bandung,KARIN PERMATA,08742124876,customer000148@example.com,JL DIPONEGORO NO 149,2016,[np.int64(147)],1,C000148,0.9880952380952381,Auto Match
Credit Card,CR_0001133,Rina Ramadhan,1995-11-25,8814616899,customer001728@example.com,Jl. Merdeka No. 95,Bekasi,RINA RAMADHAN,8814616899,customer001728@example.com,JL MERDEKA NO 95,1995,[np.int64(1727)],1,C001728,1.0,Auto Match
Credit Card,CR_0001134,Oscar Ramadhan,2011-03-04,8894808313,customer001615@example.com,Jl. Diponegoro No. 24,Surabaya,OSCAR RAMADHAN,8894808313,customer001615@example.com,JL DIPONEGORO NO 24,2011,[np.int64(1614)],1,C001615,1.0,Auto Match
Credit Card,CR_0001135,DEWI KURNIAWAN,2008-01-26,8755590473,customer001466@example.com,Jl. Diponegoro No. 172,Jakarta,DEWI KURNIAWAN,8755590473,customer001466@example.com,JL DIPONEGORO NO 172,2008,[np.int64(1465)],1,C001466,1.0,Auto Match
Credit Card,CR_0001136,JokoWijaya,1996-04-02,8458621635,customer000538@example.com,Jl. Gatot Subroto No. 162,Tangerang,JOKOWIJAYA,8458621635,customer000538@example.com,JL GATOT SUBROTO NO 162,1996,[np.int64(537)],1,C000538,0.9880952380952382,Auto Match
Credit Card,CR_0001137,Hana Lestari,2007-12-25,628602806866,customer000197@example.com,Jl. Sudirman No. 181,Makassar,HANA LESTARI,08602806866,customer000197@example.com,JL SUDIRMAN NO 181,2007,[np.int64(196)],1,C000197,0.9880952380952381,Auto Match
Credit Card,CR_0001138,Eko Ramadhan,1999-02-28,628322454963,customer001150@example.com,Jl. Ahmad Yani No. 73,Bekasi,EKO RAMADHAN,08322454963,customer001150@example.com,JL AHMAD YANI NO 73,1999,[np.int64(1149)],1,C001150,0.9880952380952381,Auto Match
Credit Card,CR_0001139,Hana Siregar,2007-07-15,8619578223,customer000383@example.com,Jl. Sudirman No. 105,Bekasi,HANA SIREGAR,8619578223,customer000383@example.com,JL SUDIRMAN NO 105,2007,[np.int64(382)],1,C000383,1.0,Auto Match
Credit Card,CR_0001140,LinaLestari,1999-03-14,8378589156,customer000493@example.com,Jl. Diponegoro No. 26,Bandung,LINALESTARI,8378589156,customer000493@example.com,JL DIPONEGORO NO 26,1999,[np.int64(492)],1,C000493,0.9891304347826088,Auto Match
Credit Card,CR_0001141,Budi Saputra,2009-06-02,888164104,customer000330@example.com,Jl. Gatot Subroto No. 98,Semarang,BUDI SAPUTRA,888164104,customer000330@example.com,JL GATOT SUBROTO NO 98,2009,[np.int64(329)],1,C000330,0.986842105263158,Auto Match
Credit Card,CR_0001142,Rina Ramadhan,2011-12-16,62872886394,customer001075@example.com,Jl. Merdeka No. 172,Semarang,RINA RAMADHAN,0872886394,customer001075@example.com,JL MERDEKA NO 172,2011,[np.int64(1074)],1,C001075,0.9750000000000001,Auto Match
Credit Card,CR_0001143,Budi Saputra,2002-08-19,8469307222,customer000044@example.com,JL. DIPONEGORO NO. 111,Medan,BUDI SAPUTRA,8469307222,customer000044@example.com,JL DIPONEGORO NO 111,2002,[np.int64(43)],1,C000044,1.0,Auto Match
Credit Card,CR_0001144,Iwan Hidayat,2011-09-28,8817701948,customer001037@example.com,Jl. Merdeka No. 45,Makassar,IWAN HIDAYAT,8817701948,customer001037@example.com,JL MERDEKA NO 45,2011,[np.int64(1036)],1,C001037,1.0,Auto Match
Credit Card,CR_0001145,GITAWIJAYA,2000-07-03,8949552412,customer000718@example.com,Jl. Diponegoro No. 5,Depok,GITAWIJAYA,8949552412,customer000718@example.com,JL DIPONEGORO NO 5,2000,[np.int64(717)],1,C000718,0.9880952380952382,Auto Match
Credit Card,CR_0001146,DewiLestari,2003-03-29,8331008302,customer001465@example.com,Jalan Sudirman No. 197,Bekasi,DEWILESTARI,8331008302,customer001465@example.com,JL SUDIRMAN NO 197,2003,[np.int64(1464)],1,C001465,0.9891304347826088,Auto Match
Credit Card,CR_0001147,Karin Permata,1996-09-11,62849003652,customer000979@examplecom,Jl. Gatot Subroto No. 81,Surabaya,KARIN PERMATA,0849003652,customer000979@examplecom,JL GATOT SUBROTO NO 81,1996,[np.int64(978)],1,C000979,0.9691176470588235,Auto Match
Credit Card,CR_0001148,PutriSantoso,1989-05-29,8778681503,customer000125@examplecom,Jalan Diponegoro No. 21,Tangerang,PUTRISANTOSO,8778681503,customer000125@examplecom,JL DIPONEGORO NO 21,1989,[np.int64(124)],1,C000125,0.9841176470588235,Auto Match
Credit Card,CR_0001149,Tono Lestari,2002-12-03,8624044864,customer000534@examplecom,Jl. Sudirman No. 156,Tangerang,TONO LESTARI,8624044864,customer000534@examplecom,JL SUDIRMAN NO 156,2002,[np.int64(533)],1,C000534,0.9941176470588236,Auto Match
Credit Card,CR_0001150,Karin Santoso,1998-05-12,8243000035,customer000449@examplecom,JL. MERDEKA NO. 192,Makassar,KARIN SANTOSO,8243000035,customer000449@examplecom,JL MERDEKA NO 192,1998,[np.int64(448)],1,C000449,0.9941176470588236,Auto Match
Credit Card,CR_0001151,CitraSetiawan,2003-11-19,8364636172,customer001312@example.com,Jl. Diponegoro No. 4,Jakarta,CITRASETIAWAN,8364636172,customer001312@example.com,JL DIPONEGORO NO 4,2003,[np.int64(1311)],1,C001312,0.9907407407407408,Auto Match
Credit Card,CR_0001152,BudiLestari,1995-05-15,628560378022,customer001751@examplecom,Jl. Gatot Subroto No. 146,Depok,BUDILESTARI,08560378022,customer001751@examplecom,JL GATOT SUBROTO NO 146,1995,[],0,C001751,0.9713433199366702,Auto Match
Credit Card,CR_0001153,Maya Kurniawan,2014-08-15,8700824039,customer000043@example.com,Jl. Ahmad Yani No. 22,Makassar,MAYA KURNIAWAN,8700824039,customer000043@example.com,JL AHMAD YANI NO 22,2014,[np.int64(42)],1,C000043,1.0,Auto Match
Credit Card,CR_0001154,Hana Permata,1997-08-21,8244109040,customer000969@example.com,Jl. Ahmad Yani No. 79,Medan,HANA PERMATA,8244109040,customer000969@example.com,JL AHMAD YANI NO 79,1997,[np.int64(968)],1,C000969,1.0,Auto Match
Credit Card,CR_0001155,Putri Pratama,1990-10-28,628945884879,customer001785@example.com,Jalan Merdeka No. 184,Depok,PUTRI PRATAMA,08945884879,customer001785@example.com,JL MERDEKA NO 184,1990,[np.int64(1784)],1,C001785,0.9880952380952381,Auto Match
Credit Card,CR_0001156,RINA SANTOSO,1993-04-23,863098669,customer000513@examplecom,Jl. Merdeka No. 39,Jakarta,RINA SANTOSO,863098669,customer000513@examplecom,JL MERDEKA NO 39,1993,[np.int64(512)],1,C000513,0.9809597523219814,Auto Match
Credit Card,CR_0001157,Nanda Kurniawan,1998-06-13,8649801124,customer000862@example.com,Jl. Sudirman No. 25,Semarang,NANDA KURNIAWAN,8649801124,customer000862@example.com,JL SUDIRMAN NO 25,1998,[np.int64(861)],1,C000862,1.0,Auto Match
Credit Card,CR_0001158,Joko Nugroho,1996-07-18,8649366586,customer000487@example.com,Jalan Diponegoro No. 64,Tangerang,JOKO NUGROHO,8649366586,customer000487@example.com,JL DIPONEGORO NO 64,1996,[np.int64(486)],1,C000487,1.0,Auto Match
Credit Card,CR_0001159,CITRA WIJAYA,2007-12-06,8972814335,customer000437@example.com,Jl. Merdeka No. 17,Bogor,CITRA WIJAYA,8972814335,customer000437@example.com,JL MERDEKA NO 17,2007,[np.int64(436)],1,C000437,1.0,Auto Match
Credit Card,CR_0001160,NANDA SANTOSO,2010-09-13,62886071778,customer001617@examplecom,Jl. Diponegoro No. 62,Bandung,NANDA SANTOSO,0886071778,customer001617@examplecom,JL DIPONEGORO NO 62,2010,[np.int64(1616)],1,C001617,0.9691176470588235,Auto Match
Credit Card,CR_0001161,FAJAR SETIAWAN,2011-10-18,8362704960,customer001023@example.com,Jl. Sudirman No. 87,Jakarta,FAJAR SETIAWAN,8362704960,customer001023@example.com,JL SUDIRMAN NO 87,2011,[np.int64(1022)],1,C001023,1.0,Auto Match
Credit Card,CR_0001162,K4R1N H1D4Y4T,2002-12-19,8575493895,customer000526@example.com,Jl. Merdeka No. 41,Depok,K4R1N H1D4Y4T,8575493895,customer000526@example.com,JL MERDEKA NO 41,2002,[np.int64(525)],1,C000526,0.903846153846154,Auto Match
Credit Card,CR_0001163,Hana Permata,2002-07-15,8227874780,customer000961@example.com,Jl. Ahmad Yani No. 118,Bekasi,HANA PERMATA,8227874780,customer000961@example.com,JL AHMAD YANI NO 118,2002,[np.int64(960)],1,C000961,1.0,Auto Match
Credit Card,CR_0001164,1wan Pratama,2007-08-23,8765167165,customer000213@example.com,Jl. Diponegoro No. 144,Jakarta,1WAN PRATAMA,8765167165,customer000213@example.com,JL DIPONEGORO NO 144,2007,[np.int64(212)],1,C000213,0.9791666666666667,Auto Match
Credit Card,CR_0001165,EKOPRATAMA,2005-12-07,62897349948,customer000855@example.com,Jalan Sudirman No. 141,Depok,EKOPRATAMA,0897349948,customer000855@example.com,JL SUDIRMAN NO 141,2005,[np.int64(854)],1,C000855,0.9630952380952381,Auto Match
Credit Card,CR_0001166,VINA KURNIAWAN,2002-07-18,850142854,customer000617@example.com,Jl. Diponegoro No. 122,Bandung,VINA KURNIAWAN,850142854,customer000617@example.com,JL DIPONEGORO NO 122,2002,[np.int64(616)],1,C000617,0.986842105263158,Auto Match
Credit Card,CR_0001167,JokoRamadhan,2013-12-25,8342909409,customer000607@example.com,JALAN GATOT SUBROTO NO. 100,Tangerang,JOKORAMADHAN,8342909409,customer000607@example.com,JL GATOT SUBROTO NO 100,2013,[np.int64(606)],1,C000607,0.9900000000000001,Auto Match
Credit Card,CR_0001168,Fajar Setiawan,1989-12-07,8458304875,customer001115@example.com,JL. SUDIRMAN NO. 136,Bogor,FAJAR SETIAWAN,8458304875,customer001115@example.com,JL SUDIRMAN NO 136,1989,[np.int64(1114)],1,C001115,1.0,Auto Match
Credit Card,CR_0001169,HANA LESTARI,2001-04-25,8346490944,customer000929@example.com,Jl. Diponegoro No. 88,Bogor,HANA LESTARI,8346490944,customer000929@example.com,JL DIPONEGORO NO 88,2001,[np.int64(928)],1,C000929,1.0,Auto Match
Credit Card,CR_0001170,Lina Saputra,2009-10-17,628477829504,customer001608@example.com,JL. MERDEKA NO. 40,Medan,LINA SAPUTRA,08477829504,customer001608@example.com,JL MERDEKA NO 40,2009,[np.int64(1607)],1,C001608,0.9880952380952381,Auto Match
Credit Card,CR_0001171,Karin Setiawan,2014-08-03,838914628,customer000668@example.com,Jl. Sudirman No. 99,Makassar,KARIN SETIAWAN,838914628,customer000668@example.com,JL SUDIRMAN NO 99,2014,[np.int64(667)],1,C000668,0.986842105263158,Auto Match
Credit Card,CR_0001172,RinaHidayat,2006-06-13,628638307380,customer001460@example.com,Jalan Diponegoro No. 127,Jakarta,RINAHIDAYAT,08638307380,customer001460@example.com,JL DIPONEGORO NO 127,2006,[np.int64(1459)],1,C001460,0.9772256728778469,Auto Match
Credit Card,CR_0001173,Nanda Pratama,2015-10-03,8492199629,customer000536@example.com,Jl. Merdeka No. 89,Bekasi,NANDA PRATAMA,8492199629,customer000536@example.com,JL MERDEKA NO 89,2015,[np.int64(535)],1,C000536,1.0,Auto Match
Credit Card,CR_0001174,PUTRI SAPUTRA,2002-05-03,628589692237,customer000323@examplecom,Jl. Ahmad Yani No. 88,Tangerang,PUTRI SAPUTRA,08589692237,customer000323@examplecom,JL AHMAD YANI NO 88,2002,[np.int64(322)],1,C000323,0.9822128851540616,Auto Match
Credit Card,CR_0001175,BUD1 S4PUTR4,2013-08-01,8413860586,customer001263@example.com,Jl. Merdeka No. 35,Jakarta,BUD1 S4PUTR4,8413860586,customer001263@example.com,JL MERDEKA NO 35,2013,[np.int64(1262)],1,C001263,0.9375000000000001,Auto Match
Credit Card,CR_0001176,Dewi Hidayat,2012-09-25,8764071462,customer001636@example.com,Jl. Ahmad Yani No. 60,Medan,DEWI HIDAYAT,8764071462,customer001636@example.com,JL AHMAD YANI NO 60,2012,[np.int64(1635)],1,C001636,1.0,Auto Match
Credit Card,CR_0001177,Dewi Nugroho,2003-08-02,823953283,customer001467@example.com,Jl. Ahmad Yani No. 9,Bogor,DEWI NUGROHO,823953283,customer001467@example.com,JL AHMAD YANI NO 9,2003,[np.int64(1466)],1,C001467,0.986842105263158,Auto Match
Credit Card,CR_0001178,Karin Permata,2002-03-30,8556523768,customer001126@example.com,Jalan Ahmad Yani No. 197,Tangerang,KARIN PERMATA,8556523768,customer001126@example.com,JL AHMAD YANI NO 197,2002,[np.int64(1125)],1,C001126,1.0,Auto Match
Credit Card,CR_0001179,Joko Permata,2001-05-10,8494879456,customer001572@example.com,Jl. Gatot Subroto No. 83,Bogor,JOKO PERMATA,8494879456,customer001572@example.com,JL GATOT SUBROTO NO 83,2001,[np.int64(1571)],1,C001572,1.0,Auto Match
Credit Card,CR_0001180,C1TR4 S1REG4R,1991-05-14,8462485207,customer001539@examplecom,Jl. Gatot Subroto No. 8,Medan,C1TR4 S1REG4R,8462485207,customer001539@examplecom,JL GATOT SUBROTO NO 8,1991,[np.int64(1538)],1,C001539,0.9171945701357466,Auto Match
Credit Card,CR_0001181,Hana Kurniawan,2003-06-11,856572526,customer001140@example.com,Jl. Gatot Subroto No. 21,Bekasi,HANA KURNIAWAN,856572526,customer001140@example.com,JL GATOT SUBROTO NO 21,2003,[np.int64(1139)],1,C001140,0.986842105263158,Auto Match
Credit Card,CR_0001182,Karin Ramadhan,2009-02-22,8445556631,customer000334@example.com,Jl. Ahmad Yani No. 122,Jakarta,KARIN RAMADHAN,8445556631,customer000334@example.com,JL AHMAD YANI NO 122,2009,[np.int64(333)],1,C000334,1.0,Auto Match
Credit Card,CR_0001183,Andi Setiawan,2013-10-24,899177925,customer001250@examplecom,Jl. Diponegoro No. 103,Surabaya,ANDI SETIAWAN,899177925,customer001250@examplecom,JL DIPONEGORO NO 103,2013,[np.int64(1249)],1,C001250,0.9809597523219814,Auto Match
Credit Card,CR_0001184,JOKO SANTOSO,2007-06-30,628456302669,customer000759@examplecom,Jl. Gatot Subroto No. 140,Depok,JOKO SANTOSO,08456302669,customer000759@examplecom,JL GATOT SUBROTO NO 140,2007,[np.int64(758)],1,C000759,0.9822128851540616,Auto Match
Credit Card,CR_0001185,VINA KURNIAWAN,2008-08-23,8470503021,customer000256@example.com,Jl. Merdeka No. 13,Medan,VINA KURNIAWAN,8470503021,customer000256@example.com,JL MERDEKA NO 13,2008,[np.int64(255)],1,C000256,1.0,Auto Match
Credit Card,CR_0001186,Eko Lestari,2004-02-24,8765847983,customer000158@example.com,Jl. Sudirman No. 58,Bandung,EKO LESTARI,8765847983,customer000158@example.com,JL SUDIRMAN NO 58,2004,[np.int64(157)],1,C000158,1.0,Auto Match
Credit Card,CR_0001187,Lina Permata,2004-03-17,8684844679,customer000228@example.com,Jl. Diponegoro No. 159,Makassar,LINA PERMATA,8684844679,customer000228@example.com,JL DIPONEGORO NO 159,2004,[np.int64(227)],1,C000228,1.0,Auto Match
Credit Card,CR_0001188,OscarHidayat,2003-01-17,8104486468,customer000569@example.com,Jl. Gatot Subroto No. 145,Tangerang,OSCARHIDAYAT,8104486468,customer000569@example.com,JL GATOT SUBROTO NO 145,2003,[np.int64(568)],1,C000569,0.9900000000000001,Auto Match
Credit Card,CR_0001189,Dewi Santoso,2013-01-20,8599509220,customer000826@examplecom,Jl. Ahmad Yani No. 149,Depok,DEWI SANTOSO,8599509220,customer000826@examplecom,JL AHMAD YANI NO 149,2013,[np.int64(825)],1,C000826,0.9941176470588236,Auto Match
Credit Card,CR_0001190,LINA SANTOSO,1997-08-03,8314141251,customer000988@examplecom,JALAN AHMAD YANI NO. 17,Jakarta,LINA SANTOSO,8314141251,customer000988@examplecom,JL AHMAD YANI NO 17,1997,[np.int64(987)],1,C000988,0.9941176470588236,Auto Match
Credit Card,CR_0001191,CITRA NUGROHO,2009-04-06,8446552053,customer001332@examplecom,Jalan Merdeka No. 85,Makassar,CITRA NUGROHO,8446552053,customer001332@examplecom,JL MERDEKA NO 85,2009,[np.int64(1331)],1,C001332,0.9941176470588236,Auto Match
Credit Card,CR_0001192,PUTRI LESTARI,2010-04-17,879075667,customer000247@example.com,Jalan Gatot Subroto No. 87,Jakarta,PUTRI LESTARI,879075667,customer000247@example.com,JL GATOT SUBROTO NO 87,2010,[np.int64(246)],1,C000247,0.986842105263158,Auto Match
Credit Card,CR_0001193,Nanda Pratama,1989-03-17,8420685734,customer001091@example.com,Jl. Ahmad Yani No. 70,Jakarta,NANDA PRATAMA,8420685734,customer001091@example.com,JL AHMAD YANI NO 70,1989,[np.int64(1090)],1,C001091,1.0,Auto Match
Credit Card,CR_0001194,SARI WIJAYA,2013-07-31,8125463074,customer000195@examplecom,Jl. Merdeka No. 116,Bandung,SARI WIJAYA,8125463074,customer000195@examplecom,JL MERDEKA NO 116,2013,[np.int64(194)],1,C000195,0.9941176470588236,Auto Match
Credit Card,CR_0001195,Eko Lestari,2004-10-30,628132675108,customer001121@example.com,JL. AHMAD YANI NO. 142,Medan,EKO LESTARI,08132675108,customer001121@example.com,JL AHMAD YANI NO 142,2004,[np.int64(1120)],1,C001121,0.9880952380952381,Auto Match
Credit Card,CR_0001196,Karin Lestari,1997-05-16,8889551199,customer001633@examplecom,Jalan Ahmad Yani No. 137,Tangerang,KARIN LESTARI,8889551199,customer001633@examplecom,JL AHMAD YANI NO 137,1997,[np.int64(1632)],1,C001633,0.9941176470588236,Auto Match
Credit Card,CR_0001197,DEWI HIDAYAT,2013-11-29,8770939738,customer000481@example.com,Jl. Sudirman No. 116,Medan,DEWI HIDAYAT,8770939738,customer000481@example.com,JL SUDIRMAN NO 116,2013,[np.int64(480)],1,C000481,1.0,Auto Match
Credit Card,CR_0001198,Sari Santoso,2016-03-21,8501454879,customer001001@example.com,Jl. Ahmad Yani No. 110,Bekasi,SARI SANTOSO,8501454879,customer001001@example.com,JL AHMAD YANI NO 110,2016,[np.int64(1000)],1,C001001,1.0,Auto Match
Credit Card,CR_0001199,SARI KURNIAWAN,2005-05-07,8706217176,customer000857@example.com,Jl. Merdeka No. 170,Bekasi,SARI KURNIAWAN,8706217176,customer000857@example.com,JL MERDEKA NO 170,2005,[np.int64(856)],1,C000857,1.0,Auto Match
Credit Card,CR_0001200,Fajar Permata,2005-10-09,8976728064,customer000210@example.com,Jalan Gatot Subroto No. 94,Bekasi,FAJAR PERMATA,8976728064,customer000210@example.com,JL GATOT SUBROTO NO 94,2005,[np.int64(209)],1,C000210,1.0,Auto Match
Credit Card,CR_0001201,Andi Siregar,2008-10-14,628694710058,customer001682@example.com,Jalan Ahmad Yani No. 126,Bandung,ANDI SIREGAR,08694710058,customer001682@example.com,JL AHMAD YANI NO 126,2008,[np.int64(1681)],1,C001682,0.9880952380952381,Auto Match
Credit Card,CR_0001202,HanaHidayat,2001-12-17,8683284536,customer000881@example.com,Jl. Merdeka No. 58,Bogor,HANAHIDAYAT,8683284536,customer000881@example.com,JL MERDEKA NO 58,2001,[np.int64(880)],1,C000881,0.9891304347826088,Auto Match
Credit Card,CR_0001203,Budi Nugroho,1998-05-04,8110068077,customer000396@example.com,Jalan Ahmad Yani No. 26,Depok,BUDI NUGROHO,8110068077,customer000396@example.com,JL AHMAD YANI NO 26,1998,[np.int64(395)],1,C000396,1.0,Auto Match
Credit Card,CR_0001204,Tono Wijaya,2003-09-12,8104111156,customer000552@examplecom,Jl. Merdeka No. 129,Depok,TONO WIJAYA,8104111156,customer000552@examplecom,JL MERDEKA NO 129,2003,[np.int64(551)],1,C000552,0.9941176470588236,Auto Match
Credit Card,CR_0001205,Karin Siregar,1992-03-23,62826374865,customer000621@example.com,Jl. Ahmad Yani No. 136,Jakarta,KARIN SIREGAR,0826374865,customer000621@example.com,JL AHMAD YANI NO 136,1992,[np.int64(620)],1,C000621,0.9750000000000001,Auto Match
Credit Card,CR_0001206,DEWI PERMATA,1991-07-27,8938615156,customer000832@example.com,Jalan Gatot Subroto No. 86,Jakarta,DEWI PERMATA,8938615156,customer000832@example.com,JL GATOT SUBROTO NO 86,1991,[np.int64(831)],1,C000832,1.0,Auto Match
Credit Card,CR_0001207,Budi Ramadhan,2002-01-22,8359486710,customer000817@examplecom,JL. GATOT SUBROTO NO. 173,Semarang,BUDI RAMADHAN,8359486710,customer000817@examplecom,JL GATOT SUBROTO NO 173,2002,[np.int64(816)],1,C000817,0.9941176470588236,Auto Match
Credit Card,CR_0001208,Joko Permata,1991-04-28,8536956665,customer001024@examplecom,Jl. Merdeka No. 63,Jakarta,JOKO PERMATA,8536956665,customer001024@examplecom,JL MERDEKA NO 63,1991,[np.int64(1023)],1,C001024,0.9941176470588236,Auto Match
Credit Card,CR_0001209,Sari Setiawan,1995-01-21,628976013814,customer001440@example.com,Jl. Sudirman No. 14,Medan,SARI SETIAWAN,08976013814,customer001440@example.com,JL SUDIRMAN NO 14,1995,[np.int64(1439)],1,C001440,0.9880952380952381,Auto Match
Credit Card,CR_0001210,TonoSaputra,2008-08-18,8472300064,customer000919@example.com,Jl. Diponegoro No. 48,Surabaya,TONOSAPUTRA,8472300064,customer000919@example.com,JL DIPONEGORO NO 48,2008,[np.int64(918)],1,C000919,0.9891304347826088,Auto Match
Credit Card,CR_0001211,Budi Siregar,2001-06-20,8162233384,customer000627@example.com,Jalan Diponegoro No. 110,Makassar,BUDI SIREGAR,8162233384,customer000627@example.com,JL DIPONEGORO NO 110,2001,[np.int64(626)],1,C000627,1.0,Auto Match
Credit Card,CR_0001212,LINA RAMADHAN,1993-04-09,887687238,customer001152@example.com,Jalan Ahmad Yani No. 172,Surabaya,LINA RAMADHAN,887687238,customer001152@example.com,JL AHMAD YANI NO 172,1993,[np.int64(1151)],1,C001152,0.986842105263158,Auto Match
Credit Card,CR_0001213,LINA WIJAYA,2010-06-06,8981991788,customer000266@example.com,Jl. Diponegoro No. 105,Semarang,LINA WIJAYA,8981991788,customer000266@example.com,JL DIPONEGORO NO 105,2010,[np.int64(265)],1,C000266,1.0,Auto Match
Credit Card,CR_0001214,DEWI NUGROHO,1994-07-25,8151572658,customer001191@examplecom,Jl. Ahmad Yani No. 115,Medan,DEWI NUGROHO,8151572658,customer001191@examplecom,JL AHMAD YANI NO 115,1994,[np.int64(1190)],1,C001191,0.9941176470588236,Auto Match
Credit Card,CR_0001215,Dewi Lestari,1996-12-24,8771520199,customer001307@example.com,JL. DIPONEGORO NO. 104,Bekasi,DEWI LESTARI,8771520199,customer001307@example.com,JL DIPONEGORO NO 104,1996,[np.int64(1306)],1,C001307,1.0,Auto Match
Credit Card,CR_0001216,Joko Santoso,2013-02-26,628725996826,customer000872@example.com,Jl. Gatot Subroto No. 110,Tangerang,JOKO SANTOSO,08725996826,customer000872@example.com,JL GATOT SUBROTO NO 110,2013,[np.int64(871)],1,C000872,0.9880952380952381,Auto Match
Credit Card,CR_0001217,AndiSantoso,1998-01-11,8993259114,customer000451@example.com,Jl. Sudirman No. 149,Makassar,ANDISANTOSO,8993259114,customer000451@example.com,JL SUDIRMAN NO 149,1998,[np.int64(450)],1,C000451,0.9891304347826088,Auto Match
Credit Card,CR_0001218,Vina Ramadhan,2010-07-16,868207598,customer001419@examplecom,Jl. Sudirman No. 149,Semarang,VINA RAMADHAN,868207598,customer001419@examplecom,JL SUDIRMAN NO 149,2010,[np.int64(1418)],1,C001419,0.9809597523219814,Auto Match
Credit Card,CR_0001219,Gita Setiawan,2006-12-05,8368356123,customer001391@example.com,JL. SUDIRMAN NO. 128,Jakarta,GITA SETIAWAN,8368356123,customer001391@example.com,JL SUDIRMAN NO 128,2006,[np.int64(1390)],1,C001391,1.0,Auto Match
Credit Card,CR_0001220,MAYA SETIAWAN,2014-02-17,8371595345,customer000915@example.com,Jl. Gatot Subroto No. 86,Bogor,MAYA SETIAWAN,8371595345,customer000915@example.com,JL GATOT SUBROTO NO 86,2014,[np.int64(914)],1,C000915,1.0,Auto Match
Credit Card,CR_0001221,Putri Saputra,2009-08-06,8986146637,customer001215@examplecom,Jalan Sudirman No. 132,Tangerang,PUTRI SAPUTRA,8986146637,customer001215@examplecom,JL SUDIRMAN NO 132,2009,[np.int64(1214)],1,C001215,0.9941176470588236,Auto Match
Credit Card,CR_0001222,EKOPERMATA,2013-10-16,628100578073,customer001333@examplecom,JL. AHMAD YANI NO. 150,Jakarta,EKOPERMATA,08100578073,customer001333@examplecom,JL AHMAD YANI NO 150,2013,[],0,C001333,0.9703081232492997,Auto Match
Credit Card,CR_0001223,CITRA PRATAMA,2015-06-09,8266024425,customer001644@example.com,Jl. Ahmad Yani No. 6,Semarang,CITRA PRATAMA,8266024425,customer001644@example.com,JL AHMAD YANI NO 6,2015,[np.int64(1643)],1,C001644,1.0,Auto Match
Credit Card,CR_0001224,IwanKurniawan,2016-04-17,833851335,customer000666@example.com,Jalan Merdeka No. 181,Makassar,IWANKURNIAWAN,833851335,customer000666@example.com,JL MERDEKA NO 181,2016,[np.int64(665)],1,C000666,0.9775828460038987,Auto Match
Credit Card,CR_0001225,Karin Setiawan,2003-02-15,8533982965,customer000340@example.com,Jl. Sudirman No. 104,Jakarta,KARIN SETIAWAN,8533982965,customer000340@example.com,JL SUDIRMAN NO 104,2003,[np.int64(339)],1,C000340,1.0,Auto Match
Credit Card,CR_0001226,Gita Permata,2004-02-21,62888031264,customer000496@examplecom,Jl. Sudirman No. 175,Tangerang,GITA PERMATA,0888031264,customer000496@examplecom,JL SUDIRMAN NO 175,2004,[np.int64(495)],1,C000496,0.9691176470588235,Auto Match
Credit Card,CR_0001227,Gita Pratama,2004-10-08,8285645612,customer000084@example.com,JL. AHMAD YANI NO. 2,Surabaya,GITA PRATAMA,8285645612,customer000084@example.com,JL AHMAD YANI NO 2,2004,[np.int64(83)],1,C000084,1.0,Auto Match
Credit Card,CR_0001228,FajarLestari,2010-01-17,628621237866,customer001719@example.com,Jl. Sudirman No. 46,Bekasi,FAJARLESTARI,08621237866,customer001719@example.com,JL SUDIRMAN NO 46,2010,[np.int64(1718)],1,C001719,0.9780952380952381,Auto Match
Credit Card,CR_0001229,Dewi Pratama,1991-07-12,8932674888,customer001629@example.com,Jl. Merdeka No. 151,Bandung,DEWI PRATAMA,8932674888,customer001629@example.com,JL MERDEKA NO 151,1991,[np.int64(1628)],1,C001629,1.0,Auto Match
Credit Card,CR_0001230,IwanNugroho,1996-02-25,8561297620,customer001778@example.com,Jalan Sudirman No. 112,Depok,IWANNUGROHO,8561297620,customer001778@example.com,JL SUDIRMAN NO 112,1996,[np.int64(1777)],1,C001778,0.9891304347826088,Auto Match
Credit Card,CR_0001231,Iwan Lestari,2002-03-04,847336680,customer000274@example.com,JL. DIPONEGORO NO. 98,Makassar,IWAN LESTARI,847336680,customer000274@example.com,JL DIPONEGORO NO 98,2002,[np.int64(273)],1,C000274,0.986842105263158,Auto Match
Credit Card,CR_0001232,Putri Hidayat,2009-02-28,628182403850,customer000533@example.com,Jl. Ahmad Yani No. 47,Bekasi,PUTRI HIDAYAT,08182403850,customer000533@example.com,JL AHMAD YANI NO 47,2009,[np.int64(532)],1,C000533,0.9880952380952381,Auto Match
Credit Card,CR_0001233,Hana Saputra,2005-07-17,830527146,customer000941@examplecom,Jl. Merdeka No. 84,Makassar,HANA SAPUTRA,830527146,customer000941@examplecom,JL MERDEKA NO 84,2005,[np.int64(940)],1,C000941,0.9809597523219814,Auto Match
Credit Card,CR_0001234,EKO SET14W4N,2006-01-19,8547281603,customer000995@examplecom,Jalan Diponegoro No. 190,Depok,EKO SET14W4N,8547281603,customer000995@examplecom,JL DIPONEGORO NO 190,2006,[np.int64(994)],1,C000995,0.9316176470588236,Auto Match
Credit Card,CR_0001235,TonoPermata,2002-01-31,887211474,customer001748@example.com,Jl. Sudirman No. 28,Medan,TONOPERMATA,887211474,customer001748@example.com,JL SUDIRMAN NO 28,2002,[np.int64(1747)],1,C001748,0.9759725400457667,Auto Match
Credit Card,CR_0001236,Eko Saputra,1999-12-08,8828158666,customer001798@examplecom,Jl. Gatot Subroto No. 119,Medan,EKO SAPUTRA,8828158666,customer001798@examplecom,JL GATOT SUBROTO NO 119,1999,[np.int64(1797)],1,C001798,0.9941176470588236,Auto Match
Credit Card,CR_0001237,KARIN SETIAWAN,1999-08-30,8489092765,customer001372@example.com,Jalan Ahmad Yani No. 30,Semarang,KARIN SETIAWAN,8489092765,customer001372@example.com,JL AHMAD YANI NO 30,1999,[np.int64(1371)],1,C001372,1.0,Auto Match
Credit Card,CR_0001238,Citra Setiawan,2015-02-02,8131023893,customer000361@example.com,Jl. Ahmad Yani No. 127,Jakarta,CITRA SETIAWAN,8131023893,customer000361@example.com,JL AHMAD YANI NO 127,2015,[np.int64(360)],1,C000361,1.0,Auto Match
Credit Card,CR_0001239,Budi Siregar,2015-07-05,8634053031,customer000064@example.com,Jalan Ahmad Yani No. 15,Medan,BUDI SIREGAR,8634053031,customer000064@example.com,JL AHMAD YANI NO 15,2015,[np.int64(63)],1,C000064,1.0,Auto Match
Credit Card,CR_0001240,Maya Siregar,2005-07-30,8782774570,customer000238@example.com,Jalan Sudirman No. 162,Depok,MAYA SIREGAR,8782774570,customer000238@example.com,JL SUDIRMAN NO 162,2005,[np.int64(237)],1,C000238,1.0,Auto Match
Credit Card,CR_0001241,Karin Saputra,2008-11-19,8774756414,customer001304@example.com,Jl. Diponegoro No. 72,Bogor,KARIN SAPUTRA,8774756414,customer001304@example.com,JL DIPONEGORO NO 72,2008,[np.int64(1303)],1,C001304,1.0,Auto Match
Credit Card,CR_0001242,Eko Kurniawan,2010-02-17,628457352244,customer001147@examplecom,Jl. Sudirman No. 170,Semarang,EKO KURNIAWAN,08457352244,customer001147@examplecom,JL SUDIRMAN NO 170,2010,[np.int64(1146)],1,C001147,0.9822128851540616,Auto Match
Credit Card,CR_0001243,Tono Nugroho,1995-04-24,8660679497,customer000250@example.com,Jl. Diponegoro No. 129,Depok,TONO NUGROHO,8660679497,customer000250@example.com,JL DIPONEGORO NO 129,1995,[np.int64(249)],1,C000250,1.0,Auto Match
Credit Card,CR_0001244,Rina Ramadhan,2000-07-31,8636615467,customer001226@example.com,Jl. Merdeka No. 131,Bekasi,RINA RAMADHAN,8636615467,customer001226@example.com,JL MERDEKA NO 131,2000,[np.int64(1225)],1,C001226,1.0,Auto Match
Credit Card,CR_0001245,LINA NUGROHO,1998-11-02,628269704070,customer000783@example.com,Jl. Sudirman No. 2,Semarang,LINA NUGROHO,08269704070,customer000783@example.com,JL SUDIRMAN NO 2,1998,[np.int64(782)],1,C000783,0.9880952380952381,Auto Match
Credit Card,CR_0001246,Nanda Ramadhan,2008-10-10,8397021908,customer001409@example.com,JL. DIPONEGORO NO. 90,Jakarta,NANDA RAMADHAN,8397021908,customer001409@example.com,JL DIPONEGORO NO 90,2008,[np.int64(1408)],1,C001409,1.0,Auto Match
Credit Card,CR_0001247,MayaSiregar,2001-10-25,8196643962,customer001613@example.com,Jalan Sudirman No. 165,Bekasi,MAYASIREGAR,8196643962,customer001613@example.com,JL SUDIRMAN NO 165,2001,[np.int64(1612)],1,C001613,0.9891304347826088,Auto Match
Credit Card,CR_0001248,Oscar Kurniawan,2011-11-19,628303757785,customer000030@example.com,JALAN GATOT SUBROTO NO. 51,Bogor,OSCAR KURNIAWAN,08303757785,customer000030@example.com,JL GATOT SUBROTO NO 51,2011,[np.int64(29)],1,C000030,0.9880952380952381,Auto Match
Credit Card,CR_0001249,Citra Lestari,2007-10-30,62854484414,customer000229@example.com,Jl. Merdeka No. 82,Bekasi,CITRA LESTARI,0854484414,customer000229@example.com,JL MERDEKA NO 82,2007,[np.int64(228)],1,C000229,0.9750000000000001,Auto Match
Credit Card,CR_0001250,Sari Permata,2013-06-10,62841126547,customer001622@examplecom,Jl. Ahmad Yani No. 52,Medan,SARI PERMATA,0841126547,customer001622@examplecom,JL AHMAD YANI NO 52,2013,[np.int64(1621)],1,C001622,0.9691176470588235,Auto Match
Credit Card,CR_0001251,Tono Nugroho,1999-04-18,8350266635,customer001347@example.com,Jl. Merdeka No. 129,Medan,TONO NUGROHO,8350266635,customer001347@example.com,JL MERDEKA NO 129,1999,[np.int64(1346)],1,C001347,1.0,Auto Match
Credit Card,CR_0001252,ANDI SAPUTRA,1990-07-12,8130483393,customer000747@example.com,Jl. Diponegoro No. 10,Medan,ANDI SAPUTRA,8130483393,customer000747@example.com,JL DIPONEGORO NO 10,1990,[np.int64(746)],1,C000747,1.0,Auto Match
Credit Card,CR_0001253,Putri Pratama,2010-04-27,8897299824,customer001405@example.com,Jl. Ahmad Yani No. 68,Surabaya,PUTRI PRATAMA,8897299824,customer001405@example.com,JL AHMAD YANI NO 68,2010,[np.int64(1404)],1,C001405,1.0,Auto Match
Credit Card,CR_0001254,Eko Ramadhan,1996-10-24,8693382775,customer000646@example.com,Jalan Diponegoro No. 51,Tangerang,EKO RAMADHAN,8693382775,customer000646@example.com,JL DIPONEGORO NO 51,1996,[np.int64(645)],1,C000646,1.0,Auto Match
Credit Card,CR_0001255,Maya Nugroho,2014-02-23,8752262595,customer001725@example.com,Jl. Ahmad Yani No. 68,Bogor,MAYA NUGROHO,8752262595,customer001725@example.com,JL AHMAD YANI NO 68,2014,[np.int64(1724)],1,C001725,1.0,Auto Match
Credit Card,CR_0001256,Putri Lestari,1994-12-10,628176424482,customer001005@example.com,Jl. Diponegoro No. 80,Jakarta,PUTRI LESTARI,08176424482,customer001005@example.com,JL DIPONEGORO NO 80,1994,[np.int64(1004)],1,C001005,0.9880952380952381,Auto Match
Credit Card,CR_0001257,Putri Pratama,2005-12-25,8874988372,customer001742@example.com,Jl. Diponegoro No. 57,Bandung,PUTRI PRATAMA,8874988372,customer001742@example.com,JL DIPONEGORO NO 57,2005,[np.int64(1741)],1,C001742,1.0,Auto Match
Credit Card,CR_0001258,Andi Hidayat,2012-07-05,897786389,customer000584@example.com,Jl. Ahmad Yani No. 178,Makassar,ANDI HIDAYAT,897786389,customer000584@example.com,JL AHMAD YANI NO 178,2012,[np.int64(583)],1,C000584,0.986842105263158,Auto Match
Credit Card,CR_0001259,Gita Ramadhan,2014-08-10,8329667860,customer000692@example.com,Jl. Gatot Subroto No. 184,Medan,GITA RAMADHAN,8329667860,customer000692@example.com,JL GATOT SUBROTO NO 184,2014,[np.int64(691)],1,C000692,1.0,Auto Match
Credit Card,CR_0001260,Putri Ramadhan,1991-09-28,8397540498,customer000866@example.com,Jl. Sudirman No. 114,Bogor,PUTRI RAMADHAN,8397540498,customer000866@example.com,JL SUDIRMAN NO 114,1991,[np.int64(865)],1,C000866,1.0,Auto Match
Credit Card,CR_0001261,Dewi Pratama,1995-03-06,8234265765,customer000352@example.com,Jalan Ahmad Yani No. 156,Semarang,DEWI PRATAMA,8234265765,customer000352@example.com,JL AHMAD YANI NO 156,1995,[np.int64(351)],1,C000352,1.0,Auto Match
Credit Card,CR_0001262,SariHidayat,2008-03-29,8796330245,customer001554@example.com,Jalan Sudirman No. 89,Semarang,SARIHIDAYAT,8796330245,customer001554@example.com,JL SUDIRMAN NO 89,2008,[np.int64(1553)],1,C001554,0.9891304347826088,Auto Match
Credit Card,CR_0001263,HANA NUGROHO,1994-12-06,8272698210,customer001073@example.com,JL. AHMAD YANI NO. 15,Tangerang,HANA NUGROHO,8272698210,customer001073@example.com,JL AHMAD YANI NO 15,1994,[np.int64(1072)],1,C001073,1.0,Auto Match
Credit Card,CR_0001264,CITRA SANTOSO,1995-08-06,628568771442,customer001364@example.com,Jl. Sudirman No. 149,Medan,CITRA SANTOSO,08568771442,customer001364@example.com,JL SUDIRMAN NO 149,1995,[np.int64(1363)],1,C001364,0.9880952380952381,Auto Match
Credit Card,CR_0001265,KARIN WIJAYA,2013-07-01,8585271615,customer000869@example.com,Jl. Sudirman No. 150,Depok,KARIN WIJAYA,8585271615,customer000869@example.com,JL SUDIRMAN NO 150,2013,[np.int64(868)],1,C000869,1.0,Auto Match
Credit Card,CR_0001266,VINA RAMADHAN,2013-01-25,8396167382,customer000305@examplecom,Jalan Sudirman No. 94,Bekasi,VINA RAMADHAN,8396167382,customer000305@examplecom,JL SUDIRMAN NO 94,2013,[np.int64(304)],1,C000305,0.9941176470588236,Auto Match
Credit Card,CR_0001267,JOKOPR4T4M4,2012-03-07,628756889648,customer001722@example.com,Jl. Merdeka No. 127,Tangerang,JOKOPR4T4M4,08756889648,customer001722@example.com,JL MERDEKA NO 127,2012,[np.int64(1721)],1,C001722,0.912008281573499,Auto Match
Credit Card,CR_0001268,Fajar Santoso,1992-06-20,8172490451,customer000811@example.com,JALAN GATOT SUBROTO NO. 170,Depok,FAJAR SANTOSO,8172490451,customer000811@example.com,JL GATOT SUBROTO NO 170,1992,[np.int64(810)],1,C000811,1.0,Auto Match
Credit Card,CR_0001269,Nanda Lestari,1998-01-20,628639657008,customer001012@example.com,Jl. Diponegoro No. 163,Depok,NANDA LESTARI,08639657008,customer001012@example.com,JL DIPONEGORO NO 163,1998,[np.int64(1011)],1,C001012,0.9880952380952381,Auto Match
Credit Card,CR_0001270,Joko Kurniawan,1996-01-09,8834765193,customer000118@example.com,Jalan Sudirman No. 8,Medan,JOKO KURNIAWAN,8834765193,customer000118@example.com,JL SUDIRMAN NO 8,1996,[np.int64(117)],1,C000118,1.0,Auto Match
Credit Card,CR_0001271,DewiRamadhan,2016-02-22,8349757736,customer000179@examplecom,Jl. Gatot Subroto No. 133,Depok,DEWIRAMADHAN,8349757736,customer000179@examplecom,JL GATOT SUBROTO NO 133,2016,[np.int64(178)],1,C000179,0.9841176470588235,Auto Match
Credit Card,CR_0001272,Putri Wijaya,1996-02-19,8566473847,customer000888@example.com,Jalan Gatot Subroto No. 187,Depok,PUTRI WIJAYA,8566473847,customer000888@example.com,JL GATOT SUBROTO NO 187,1996,[np.int64(887)],1,C000888,1.0,Auto Match
Credit Card,CR_0001273,SARI PERMATA,2015-09-03,8344840669,customer000063@example.com,Jl. Ahmad Yani No. 103,Jakarta,SARI PERMATA,8344840669,customer000063@example.com,JL AHMAD YANI NO 103,2015,[np.int64(62)],1,C000063,1.0,Auto Match
Credit Card,CR_0001274,Karin Kurniawan,2005-03-02,8930465185,customer000835@example.com,Jl. Diponegoro No. 162,Makassar,KARIN KURNIAWAN,8930465185,customer000835@example.com,JL DIPONEGORO NO 162,2005,[np.int64(834)],1,C000835,1.0,Auto Match
Credit Card,CR_0001275,Lina Hidayat,2005-12-24,8618239443,customer001614@examplecom,Jl. Gatot Subroto No. 2,Makassar,LINA HIDAYAT,8618239443,customer001614@examplecom,JL GATOT SUBROTO NO 2,2005,[np.int64(1613)],1,C001614,0.9941176470588236,Auto Match
Credit Card,CR_0001276,IwanKurniawan,2013-04-10,628353363381,customer001421@example.com,Jl. Diponegoro No. 198,Bekasi,IWANKURNIAWAN,08353363381,customer001421@example.com,JL DIPONEGORO NO 198,2013,[np.int64(1420)],1,C001421,0.9788359788359788,Auto Match
Credit Card,CR_0001277,IWANNUGROHO,1992-11-13,8368163219,customer001631@example.com,Jl. Gatot Subroto No. 179,Depok,IWANNUGROHO,8368163219,customer001631@example.com,JL GATOT SUBROTO NO 179,1992,[np.int64(1630)],1,C001631,0.9891304347826088,Auto Match
Credit Card,CR_0001278,Lina Nugroho,2007-01-17,8450141986,customer000581@example.com,JL. AHMAD YANI NO. 142,Bandung,LINA NUGROHO,8450141986,customer000581@example.com,JL AHMAD YANI NO 142,2007,[np.int64(580)],1,C000581,1.0,Auto Match
Credit Card,CR_0001279,Dewi Saputra,2007-12-04,628436529655,customer000615@example.com,Jl. Ahmad Yani No. 10,Surabaya,DEWI SAPUTRA,08436529655,customer000615@example.com,JL AHMAD YANI NO 10,2007,[np.int64(614)],1,C000615,0.9880952380952381,Auto Match
Credit Card,CR_0001280,VinaSaputra,2001-09-02,8452740710,customer001606@example.com,Jalan Sudirman No. 12,Semarang,VINASAPUTRA,8452740710,customer001606@example.com,JL SUDIRMAN NO 12,2001,[np.int64(1605)],1,C001606,0.9891304347826088,Auto Match
Credit Card,CR_0001281,Maya Siregar,1992-02-25,8988082308,customer001505@example.com,Jl. Sudirman No. 189,Bogor,MAYA SIREGAR,8988082308,customer001505@example.com,JL SUDIRMAN NO 189,1992,[np.int64(1504)],1,C001505,1.0,Auto Match
Credit Card,CR_0001282,Rina Wijaya,2001-07-15,628831264705,customer000217@example.com,Jl. Merdeka No. 134,Bandung,RINA WIJAYA,08831264705,customer000217@example.com,JL MERDEKA NO 134,2001,[np.int64(216)],1,C000217,0.9880952380952381,Auto Match
Credit Card,CR_0001283,JOKO NUGROHO,2006-01-06,8227597605,customer001039@example.com,JL. DIPONEGORO NO. 199,Depok,JOKO NUGROHO,8227597605,customer001039@example.com,JL DIPONEGORO NO 199,2006,[np.int64(1038)],1,C001039,1.0,Auto Match
Credit Card,CR_0001284,Fajar Ramadhan,2001-03-29,8241322947,customer000428@example.com,Jalan Merdeka No. 136,Bandung,FAJAR RAMADHAN,8241322947,customer000428@example.com,JL MERDEKA NO 136,2001,[np.int64(427)],1,C000428,1.0,Auto Match
Credit Card,CR_0001285,Rina Saputra,2007-01-29,628354125828,customer001761@examplecom,Jl. Merdeka No. 19,Tangerang,RINA SAPUTRA,08354125828,customer001761@examplecom,JL MERDEKA NO 19,2007,[np.int64(1760)],1,C001761,0.9822128851540616,Auto Match
Credit Card,CR_0001286,IWAN WIJAYA,2011-02-22,8569861100,customer000218@example.com,Jalan Merdeka No. 169,Bogor,IWAN WIJAYA,8569861100,customer000218@example.com,JL MERDEKA NO 169,2011,[np.int64(217)],1,C000218,1.0,Auto Match
Credit Card,CR_0001287,TONO KURNIAWAN,1991-12-08,8961188537,customer001316@example.com,Jalan Gatot Subroto No. 5,Bekasi,TONO KURNIAWAN,8961188537,customer001316@example.com,JL GATOT SUBROTO NO 5,1991,[np.int64(1315)],1,C001316,1.0,Auto Match
Credit Card,CR_0001288,NandaRamadhan,1999-09-17,8592132113,customer000652@example.com,Jl. Sudirman No. 161,Surabaya,NANDARAMADHAN,8592132113,customer000652@example.com,JL SUDIRMAN NO 161,1999,[np.int64(651)],1,C000652,0.9907407407407408,Auto Match
Credit Card,CR_0001289,Gita Permata,1990-09-14,8513563719,customer001417@example.com,Jl. Gatot Subroto No. 134,Bogor,GITA PERMATA,8513563719,customer001417@example.com,JL GATOT SUBROTO NO 134,1990,[np.int64(1416)],1,C001417,1.0,Auto Match
Credit Card,CR_0001290,MayaSaputra,1999-11-03,8839451822,customer001209@example.com,JL. MERDEKA NO. 41,Depok,MAYASAPUTRA,8839451822,customer001209@example.com,JL MERDEKA NO 41,1999,[np.int64(1208)],1,C001209,0.9891304347826088,Auto Match
Credit Card,CR_0001291,Citra Santoso,2014-07-05,8347113218,customer000292@example.com,Jalan Sudirman No. 81,Tangerang,CITRA SANTOSO,8347113218,customer000292@example.com,JL SUDIRMAN NO 81,2014,[np.int64(291)],1,C000292,1.0,Auto Match
Credit Card,CR_0001292,OSCAR PERMATA,2010-08-15,628179551211,customer001771@example.com,Jl. Diponegoro No. 177,Makassar,OSCAR PERMATA,08179551211,customer001771@example.com,JL DIPONEGORO NO 177,2010,[np.int64(1770)],1,C001771,0.9880952380952381,Auto Match
Credit Card,CR_0001293,Putri Ramadhan,2000-07-23,8310133981,customer000846@example.com,Jl. Merdeka No. 127,Makassar,PUTRI RAMADHAN,8310133981,customer000846@example.com,JL MERDEKA NO 127,2000,[np.int64(845)],1,C000846,1.0,Auto Match
Credit Card,CR_0001294,OSCARPERMATA,2007-08-23,8371466202,customer000570@examplecom,Jl. Diponegoro No. 89,Bogor,OSCARPERMATA,8371466202,customer000570@examplecom,JL DIPONEGORO NO 89,2007,[np.int64(569)],1,C000570,0.9841176470588235,Auto Match
Credit Card,CR_0001295,RinaHidayat,2002-08-17,8680846213,customer001730@example.com,Jl. Ahmad Yani No. 32,Bekasi,RINAHIDAYAT,8680846213,customer001730@example.com,JL AHMAD YANI NO 32,2002,[np.int64(1729)],1,C001730,0.9891304347826088,Auto Match
Credit Card,CR_0001296,Budi Wijaya,1992-01-26,836602651,customer001253@examplecom,Jl. Gatot Subroto No. 14,Depok,BUDI WIJAYA,836602651,customer001253@examplecom,JL GATOT SUBROTO NO 14,1992,[np.int64(1252)],1,C001253,0.9809597523219814,Auto Match
Credit Card,CR_0001297,JokoLestari,1993-11-25,8882511409,customer001496@examplecom,JL. SUDIRMAN NO. 196,Tangerang,JOKOLESTARI,8882511409,customer001496@examplecom,JL SUDIRMAN NO 196,1993,[np.int64(1495)],1,C001496,0.9832480818414323,Auto Match
Credit Card,CR_0001298,JokoPratama,1995-04-15,813260009,customer000282@example.com,JALAN GATOT SUBROTO NO. 148,Tangerang,JOKOPRATAMA,813260009,customer000282@example.com,JL GATOT SUBROTO NO 148,1995,[np.int64(281)],1,C000282,0.9759725400457667,Auto Match
Credit Card,CR_0001299,VinaHidayat,2002-05-13,628607866584,customer001295@examplecom,Jl. Diponegoro No. 119,Medan,VINAHIDAYAT,08607866584,customer001295@examplecom,JL DIPONEGORO NO 119,2002,[],0,C001295,0.9713433199366702,Auto Match
Credit Card,CR_0001300,Eko Setiawan,1998-04-19,8777869396,customer000170@example.com,JL. GATOT SUBROTO NO. 171,Jakarta,EKO SETIAWAN,8777869396,customer000170@example.com,JL GATOT SUBROTO NO 171,1998,[np.int64(169)],1,C000170,1.0,Auto Match
Credit Card,CR_0001301,JOKO NUGROHO,1989-04-09,628834250018,customer001570@example.com,Jalan Ahmad Yani No. 152,Bogor,JOKO NUGROHO,08834250018,customer001570@example.com,JL AHMAD YANI NO 152,1989,[np.int64(1569)],1,C001570,0.9880952380952381,Auto Match
Credit Card,CR_0001302,Dewi Saputra,1992-02-28,8419252788,customer000127@example.com,Jl. Ahmad Yani No. 20,Tangerang,DEWI SAPUTRA,8419252788,customer000127@example.com,JL AHMAD YANI NO 20,1992,[np.int64(126)],1,C000127,1.0,Auto Match
Credit Card,CR_0001303,JOKO SETIAWAN,2008-10-31,8106044205,customer001264@example.com,Jalan Sudirman No. 111,Medan,JOKO SETIAWAN,8106044205,customer001264@example.com,JL SUDIRMAN NO 111,2008,[np.int64(1263)],1,C001264,1.0,Auto Match
Credit Card,CR_0001304,Sari Siregar,2001-04-16,62851869122,customer000214@example.com,Jl. Merdeka No. 168,Tangerang,SARI SIREGAR,0851869122,customer000214@example.com,JL MERDEKA NO 168,2001,[np.int64(213)],1,C000214,0.9750000000000001,Auto Match
Credit Card,CR_0001305,EKO RAMADHAN,2015-11-26,8676495941,customer000554@example.com,JL. MERDEKA NO. 175,Bekasi,EKO RAMADHAN,8676495941,customer000554@example.com,JL MERDEKA NO 175,2015,[np.int64(553)],1,C000554,1.0,Auto Match
Credit Card,CR_0001306,MAYASETIAWAN,2014-03-05,8226405142,customer001454@example.com,Jl. Diponegoro No. 66,Jakarta,MAYASETIAWAN,8226405142,customer001454@example.com,JL DIPONEGORO NO 66,2014,[np.int64(1453)],1,C001454,0.9900000000000001,Auto Match
Credit Card,CR_0001307,DEWI SETIAWAN,1995-09-28,8142627395,customer001007@example.com,Jl. Gatot Subroto No. 33,Makassar,DEWI SETIAWAN,8142627395,customer001007@example.com,JL GATOT SUBROTO NO 33,1995,[np.int64(1006)],1,C001007,1.0,Auto Match
Credit Card,CR_0001308,4ND1W1J4Y4,2001-02-14,8571081462,customer001165@example.com,Jalan Gatot Subroto No. 186,Makassar,4ND1W1J4Y4,8571081462,customer001165@example.com,JL GATOT SUBROTO NO 186,2001,[np.int64(1164)],1,C001165,0.8690476190476192,Auto Match
Credit Card,CR_0001309,OSCAR SIREGAR,1989-11-12,8240144020,customer000397@examplecom,JL. DIPONEGORO NO. 69,Makassar,OSCAR SIREGAR,8240144020,customer000397@examplecom,JL DIPONEGORO NO 69,1989,[np.int64(396)],1,C000397,0.9941176470588236,Auto Match
Credit Card,CR_0001310,Karin Nugroho,2008-04-03,8813718708,customer001270@example.com,Jl. Merdeka No. 128,Bogor,KARIN NUGROHO,8813718708,customer001270@example.com,JL MERDEKA NO 128,2008,[np.int64(1269)],1,C001270,1.0,Auto Match
Credit Card,CR_0001311,PUTRIRAMADHAN,2013-02-21,8433315833,customer001786@examplecom,Jl. Gatot Subroto No. 151,Tangerang,PUTRIRAMADHAN,8433315833,customer001786@examplecom,JL GATOT SUBROTO NO 151,2013,[np.int64(1785)],1,C001786,0.9848583877995642,Auto Match
Credit Card,CR_0001312,Gita Hidayat,2014-11-03,8494484677,customer001499@example.com,Jalan Ahmad Yani No. 148,Medan,GITA HIDAYAT,8494484677,customer001499@example.com,JL AHMAD YANI NO 148,2014,[np.int64(1498)],1,C001499,1.0,Auto Match
Credit Card,CR_0001313,EkoRamadhan,2013-10-28,8433267464,customer001649@example.com,Jl. Gatot Subroto No. 129,Makassar,EKORAMADHAN,8433267464,customer001649@example.com,JL GATOT SUBROTO NO 129,2013,[np.int64(1648)],1,C001649,0.9891304347826088,Auto Match
Credit Card,CR_0001314,DewiKurniawan,1994-05-15,8198538592,customer000848@example.com,Jalan Gatot Subroto No. 174,Makassar,DEWIKURNIAWAN,8198538592,customer000848@example.com,JL GATOT SUBROTO NO 174,1994,[np.int64(847)],1,C000848,0.9907407407407408,Auto Match
Credit Card,CR_0001315,Nanda Saputra,1996-01-19,8212818564,customer000407@examplecom,Jl. Gatot Subroto No. 130,Medan,NANDA SAPUTRA,8212818564,customer000407@examplecom,JL GATOT SUBROTO NO 130,1996,[np.int64(406)],1,C000407,0.9941176470588236,Auto Match
Credit Card,CR_0001316,MAYA LESTARI,2014-05-19,8611943380,customer000831@example.com,Jl. Gatot Subroto No. 31,Makassar,MAYA LESTARI,8611943380,customer000831@example.com,JL GATOT SUBROTO NO 31,2014,[np.int64(830)],1,C000831,1.0,Auto Match
Credit Card,CR_0001317,Eko Nugroho,2013-01-24,8614328548,customer001322@example.com,Jl. Diponegoro No. 163,Bogor,EKO NUGROHO,8614328548,customer001322@example.com,JL DIPONEGORO NO 163,2013,[np.int64(1321)],1,C001322,1.0,Auto Match
Credit Card,CR_0001318,Tono Saputra,1999-11-14,8198754230,customer001199@example.com,Jl. Sudirman No. 153,Semarang,TONO SAPUTRA,8198754230,customer001199@example.com,JL SUDIRMAN NO 153,1999,[np.int64(1198)],1,C001199,1.0,Auto Match
Credit Card,CR_0001319,DewiPratama,2002-10-05,8481226812,customer001664@example.com,Jl. Gatot Subroto No. 1,Semarang,DEWIPRATAMA,8481226812,customer001664@example.com,JL GATOT SUBROTO NO 1,2002,[np.int64(1663)],1,C001664,0.9891304347826088,Auto Match
Credit Card,CR_0001320,KARIN HIDAYAT,2009-09-24,8675916259,customer001245@examplecom,Jl. Ahmad Yani No. 65,Medan,KARIN HIDAYAT,8675916259,customer001245@examplecom,JL AHMAD YANI NO 65,2009,[np.int64(1244)],1,C001245,0.9941176470588236,Auto Match
Credit Card,CR_0001321,Fajar Ramadhan,2006-01-29,8654975037,customer001021@example.com,Jl. Ahmad Yani No. 113,Tangerang,FAJAR RAMADHAN,8654975037,customer001021@example.com,JL AHMAD YANI NO 113,2006,[np.int64(1020)],1,C001021,1.0,Auto Match
Credit Card,CR_0001322,PutriNugroho,2003-04-23,628243764620,customer001528@examplecom,Jalan Gatot Subroto No. 117,Semarang,PUTRINUGROHO,08243764620,customer001528@examplecom,JL GATOT SUBROTO NO 117,2003,[],0,C001528,0.9722128851540616,Auto Match
Credit Card,CR_0001323,R1N4PR4T4M4,1995-07-14,8423939407,customer001616@example.com,Jalan Diponegoro No. 123,Bandung,R1N4PR4T4M4,8423939407,customer001616@example.com,JL DIPONEGORO NO 123,1995,[np.int64(1615)],1,C001616,0.8804347826086958,Auto Match
Credit Card,CR_0001324,Fajar Santoso,2013-10-22,892679815,customer000590@example.com,Jalan Merdeka No. 143,Jakarta,FAJAR SANTOSO,892679815,customer000590@example.com,JL MERDEKA NO 143,2013,[np.int64(589)],1,C000590,0.986842105263158,Auto Match
Credit Card,CR_0001325,VINA PERMATA,2011-07-23,8518142327,customer001756@example.com,Jl. Gatot Subroto No. 75,Jakarta,VINA PERMATA,8518142327,customer001756@example.com,JL GATOT SUBROTO NO 75,2011,[np.int64(1755)],1,C001756,1.0,Auto Match
Credit Card,CR_0001326,DEW1 W1J4Y4,2016-02-29,853466182,customer001052@example.com,Jl. Diponegoro No. 20,Bekasi,DEW1 W1J4Y4,853466182,customer001052@example.com,JL DIPONEGORO NO 20,2016,[np.int64(1051)],1,C001052,0.895933014354067,Auto Match
Credit Card,CR_0001327,PUTRI LESTARI,2003-04-14,8454111366,customer000054@example.com,Jl. Diponegoro No. 113,Jakarta,PUTRI LESTARI,8454111366,customer000054@example.com,JL DIPONEGORO NO 113,2003,[np.int64(53)],1,C000054,1.0,Auto Match
Credit Card,CR_0001328,BUDI SAPUTRA,2001-09-18,8191291545,customer000926@example.com,Jl. Merdeka No. 168,Tangerang,BUDI SAPUTRA,8191291545,customer000926@example.com,JL MERDEKA NO 168,2001,[np.int64(925)],1,C000926,1.0,Auto Match
Credit Card,CR_0001329,Rina Nugroho,2014-05-03,8585251462,customer000149@example.com,Jl. Gatot Subroto No. 20,Semarang,RINA NUGROHO,8585251462,customer000149@example.com,JL GATOT SUBROTO NO 20,2014,[np.int64(148)],1,C000149,1.0,Auto Match
Credit Card,CR_0001330,NANDA NUGROHO,2014-12-06,8129642412,customer000088@example.com,Jl. Diponegoro No. 2,Bandung,NANDA NUGROHO,8129642412,customer000088@example.com,JL DIPONEGORO NO 2,2014,[np.int64(87)],1,C000088,1.0,Auto Match
Credit Card,CR_0001331,Joko Hidayat,2011-07-02,8819471045,customer001370@example.com,Jl. Gatot Subroto No. 154,Tangerang,JOKO HIDAYAT,8819471045,customer001370@example.com,JL GATOT SUBROTO NO 154,2011,[np.int64(1369)],1,C001370,1.0,Auto Match
Credit Card,CR_0001332,Citra Saputra,2010-01-30,8729929952,customer000823@example.com,Jl. Gatot Subroto No. 129,Bandung,CITRA SAPUTRA,8729929952,customer000823@example.com,JL GATOT SUBROTO NO 129,2010,[np.int64(822)],1,C000823,1.0,Auto Match
Credit Card,CR_0001333,EKO PERMATA,1994-04-16,8980985873,customer001383@example.com,Jalan Gatot Subroto No. 100,Medan,EKO PERMATA,8980985873,customer001383@example.com,JL GATOT SUBROTO NO 100,1994,[np.int64(1382)],1,C001383,1.0,Auto Match
Credit Card,CR_0001334,Dewi Nugroho,2015-09-29,845814084,customer000312@examplecom,Jl. Merdeka No. 149,Medan,DEWI NUGROHO,845814084,customer000312@examplecom,JL MERDEKA NO 149,2015,[np.int64(311)],1,C000312,0.9809597523219814,Auto Match
Credit Card,CR_0001335,DEWI SAPUTRA,1999-09-12,876371439,customer001026@example.com,Jl. Gatot Subroto No. 193,Jakarta,DEWI SAPUTRA,876371439,customer001026@example.com,JL GATOT SUBROTO NO 193,1999,[np.int64(1025)],1,C001026,0.986842105263158,Auto Match
Credit Card,CR_0001336,Citra Nugroho,1997-08-19,817637259,customer001749@example.com,Jl. Merdeka No. 27,Surabaya,CITRA NUGROHO,817637259,customer001749@example.com,JL MERDEKA NO 27,1997,[np.int64(1748)],1,C001749,0.986842105263158,Auto Match
Credit Card,CR_0001337,EKO LESTARI,1995-01-22,8889630217,customer000360@example.com,Jalan Ahmad Yani No. 35,Jakarta,EKO LESTARI,8889630217,customer000360@example.com,JL AHMAD YANI NO 35,1995,[np.int64(359)],1,C000360,1.0,Auto Match
Credit Card,CR_0001338,VINA SETIAWAN,2003-12-31,832315229,customer000431@examplecom,JL. SUDIRMAN NO. 152,Tangerang,VINA SETIAWAN,832315229,customer000431@examplecom,JL SUDIRMAN NO 152,2003,[np.int64(430)],1,C000431,0.9809597523219814,Auto Match
Credit Card,CR_0001339,Maya Saputra,1993-04-02,628645341936,customer001651@example.com,Jl. Ahmad Yani No. 5,Bandung,MAYA SAPUTRA,08645341936,customer001651@example.com,JL AHMAD YANI NO 5,1993,[np.int64(1650)],1,C001651,0.9880952380952381,Auto Match
Credit Card,CR_0001340,1wan Hidayat,2001-07-21,628177087043,customer000844@example.com,Jalan Ahmad Yani No. 184,Jakarta,1WAN HIDAYAT,08177087043,customer000844@example.com,JL AHMAD YANI NO 184,2001,[np.int64(843)],1,C000844,0.9672619047619048,Auto Match
Credit Card,CR_0001341,Putri Wijaya,1994-11-20,628123581335,customer001054@example.com,JL. AHMAD YANI NO. 121,Surabaya,PUTRI WIJAYA,08123581335,customer001054@example.com,JL AHMAD YANI NO 121,1994,[np.int64(1053)],1,C001054,0.9880952380952381,Auto Match
Credit Card,CR_0001342,Vina Lestari,2008-08-03,8874805547,customer000081@example.com,JL. MERDEKA NO. 4,Jakarta,VINA LESTARI,8874805547,customer000081@example.com,JL MERDEKA NO 4,2008,[np.int64(80)],1,C000081,1.0,Auto Match
Credit Card,CR_0001343,MAYASAPUTRA,2010-09-23,896714549,customer000484@example.com,Jl. Sudirman No. 102,Semarang,MAYASAPUTRA,896714549,customer000484@example.com,JL SUDIRMAN NO 102,2010,[np.int64(483)],1,C000484,0.9759725400457667,Auto Match
Credit Card,CR_0001344,AndiRamadhan,2015-04-04,8476449586,customer000406@example.com,Jl. Gatot Subroto No. 193,Bandung,ANDIRAMADHAN,8476449586,customer000406@example.com,JL GATOT SUBROTO NO 193,2015,[np.int64(405)],1,C000406,0.9900000000000001,Auto Match
Credit Card,CR_0001345,Karin Permata,1996-06-01,8265427342,customer001689@example.com,Jl. Merdeka No. 186,Tangerang,KARIN PERMATA,8265427342,customer001689@example.com,JL MERDEKA NO 186,1996,[np.int64(1688)],1,C001689,1.0,Auto Match
Credit Card,CR_0001346,Vina Lestari,2005-06-17,8744161278,customer001190@example.com,Jalan Merdeka No. 123,Tangerang,VINA LESTARI,8744161278,customer001190@example.com,JL MERDEKA NO 123,2005,[np.int64(1189)],1,C001190,1.0,Auto Match
Credit Card,CR_0001347,PUTRI KURNIAWAN,1990-02-17,8663167366,customer001469@examplecom,Jl. Sudirman No. 110,Bandung,PUTRI KURNIAWAN,8663167366,customer001469@examplecom,JL SUDIRMAN NO 110,1990,[np.int64(1468)],1,C001469,0.9941176470588236,Auto Match
Credit Card,CR_0001348,IWAN SETIAWAN,2001-02-06,8229726848,customer000293@example.com,Jalan Ahmad Yani No. 120,Bekasi,IWAN SETIAWAN,8229726848,customer000293@example.com,JL AHMAD YANI NO 120,2001,[np.int64(292)],1,C000293,1.0,Auto Match
Credit Card,CR_0001349,Iwan Ramadhan,1993-10-30,628396471392,customer001082@example.com,Jl. Diponegoro No. 25,Surabaya,IWAN RAMADHAN,08396471392,customer001082@example.com,JL DIPONEGORO NO 25,1993,[np.int64(1081)],1,C001082,0.9880952380952381,Auto Match
Credit Card,CR_0001350,Dewi Pratama,2012-04-13,628655618059,customer001185@example.com,Jalan Sudirman No. 43,Medan,DEWI PRATAMA,08655618059,customer001185@example.com,JL SUDIRMAN NO 43,2012,[np.int64(1184)],1,C001185,0.9880952380952381,Auto Match
Credit Card,CR_0001351,RINARAMADHAN,1996-10-27,8231833020,customer000434@example.com,Jl. Diponegoro No. 52,Depok,RINARAMADHAN,8231833020,customer000434@example.com,JL DIPONEGORO NO 52,1996,[np.int64(433)],1,C000434,0.9900000000000001,Auto Match
Credit Card,CR_0001352,VINA NUGROHO,2009-03-09,628300234026,customer000399@example.com,Jl. Gatot Subroto No. 186,Tangerang,VINA NUGROHO,08300234026,customer000399@example.com,JL GATOT SUBROTO NO 186,2009,[np.int64(398)],1,C000399,0.9880952380952381,Auto Match
Credit Card,CR_0001353,OSCARWIJAYA,2013-04-13,8453925120,customer000539@examplecom,JL. AHMAD YANI NO. 5,Bandung,OSCARWIJAYA,8453925120,customer000539@examplecom,JL AHMAD YANI NO 5,2013,[np.int64(538)],1,C000539,0.9832480818414323,Auto Match
Credit Card,CR_0001354,Maya Setiawan,2003-06-14,8164408049,customer001014@examplecom,Jalan Sudirman No. 186,Makassar,MAYA SETIAWAN,8164408049,customer001014@examplecom,JL SUDIRMAN NO 186,2003,[np.int64(1013)],1,C001014,0.9941176470588236,Auto Match
Credit Card,CR_0001355,Dewi Hidayat,2004-05-20,891121458,customer001214@example.com,Jl. Ahmad Yani No. 98,Jakarta,DEWI HIDAYAT,891121458,customer001214@example.com,JL AHMAD YANI NO 98,2004,[np.int64(1213)],1,C001214,0.986842105263158,Auto Match
Credit Card,CR_0001356,TONO SANTOSO,2005-04-03,894541805,customer000812@example.com,Jl. Sudirman No. 174,Depok,TONO SANTOSO,894541805,customer000812@example.com,JL SUDIRMAN NO 174,2005,[np.int64(811)],1,C000812,0.986842105263158,Auto Match
Credit Card,CR_0001357,IWAN HIDAYAT,1994-01-03,811968993,customer000187@example.com,Jl. Merdeka No. 85,Semarang,IWAN HIDAYAT,811968993,customer000187@example.com,JL MERDEKA NO 85,1994,[np.int64(186)],1,C000187,0.986842105263158,Auto Match
Credit Card,CR_0001358,DewiSiregar,2014-09-05,628413211712,customer001648@examplecom,JL. GATOT SUBROTO NO. 59,Jakarta,DEWISIREGAR,08413211712,customer001648@examplecom,JL GATOT SUBROTO NO 59,2014,[],0,C001648,0.9713433199366702,Auto Match
Credit Card,CR_0001359,Joko Lestari,1992-07-23,8693103658,customer001198@example.com,JL. DIPONEGORO NO. 103,Bogor,JOKO LESTARI,8693103658,customer001198@example.com,JL DIPONEGORO NO 103,1992,[np.int64(1197)],1,C001198,1.0,Auto Match
Credit Card,CR_0001360,Dewi Saputra,1992-07-22,8944307894,customer001242@example.com,Jalan Gatot Subroto No. 75,Jakarta,DEWI SAPUTRA,8944307894,customer001242@example.com,JL GATOT SUBROTO NO 75,1992,[np.int64(1241)],1,C001242,1.0,Auto Match
Credit Card,CR_0001361,IWAN KURNIAWAN,2007-10-14,8735488723,customer000566@example.com,Jl. Ahmad Yani No. 69,Surabaya,IWAN KURNIAWAN,8735488723,customer000566@example.com,JL AHMAD YANI NO 69,2007,[np.int64(565)],1,C000566,1.0,Auto Match
Credit Card,CR_0001362,HANAHIDAYAT,2012-01-16,8607808397,customer001096@example.com,JL. DIPONEGORO NO. 59,Bogor,HANAHIDAYAT,8607808397,customer001096@example.com,JL DIPONEGORO NO 59,2012,[np.int64(1095)],1,C001096,0.9891304347826088,Auto Match
Credit Card,CR_0001363,EKO KURNIAWAN,1995-10-13,824494111,customer000368@example.com,Jalan Merdeka No. 20,Semarang,EKO KURNIAWAN,824494111,customer000368@example.com,JL MERDEKA NO 20,1995,[np.int64(367)],1,C000368,0.986842105263158,Auto Match
Credit Card,CR_0001364,Citra Ramadhan,2012-07-15,8347534979,customer001104@example.com,Jl. Ahmad Yani No. 71,Semarang,CITRA RAMADHAN,8347534979,customer001104@example.com,JL AHMAD YANI NO 71,2012,[np.int64(1103)],1,C001104,1.0,Auto Match
Credit Card,CR_0001365,GitaSetiawan,2008-06-26,8316426198,customer001607@examplecom,Jl. Ahmad Yani No. 132,Depok,GITASETIAWAN,8316426198,customer001607@examplecom,JL AHMAD YANI NO 132,2008,[np.int64(1606)],1,C001607,0.9841176470588235,Auto Match
Credit Card,CR_0001366,Tono Permata,1992-01-12,628870366256,customer001317@example.com,Jl. Diponegoro No. 3,Depok,TONO PERMATA,08870366256,customer001317@example.com,JL DIPONEGORO NO 3,1992,[np.int64(1316)],1,C001317,0.9880952380952381,Auto Match
Credit Card,CR_0001367,Maya Pratama,1991-02-18,8586036334,customer001180@example.com,Jalan Sudirman No. 134,Jakarta,MAYA PRATAMA,8586036334,customer001180@example.com,JL SUDIRMAN NO 134,1991,[np.int64(1179)],1,C001180,1.0,Auto Match
Credit Card,CR_0001368,Karin Santoso,2008-08-26,829321132,customer000270@example.com,Jl. Sudirman No. 17,Depok,KARIN SANTOSO,829321132,customer000270@example.com,JL SUDIRMAN NO 17,2008,[np.int64(269)],1,C000270,0.986842105263158,Auto Match
Credit Card,CR_0001369,Vina Saputra,2015-03-12,8291407235,customer001600@examplecom,Jl. Sudirman No. 117,Bekasi,VINA SAPUTRA,8291407235,customer001600@examplecom,JL SUDIRMAN NO 117,2015,[np.int64(1599)],1,C001600,0.9941176470588236,Auto Match
Credit Card,CR_0001370,ANDIPRATAMA,1998-10-15,8388956035,customer001441@example.com,Jl. Merdeka No. 99,Bogor,ANDIPRATAMA,8388956035,customer001441@example.com,JL MERDEKA NO 99,1998,[np.int64(1440)],1,C001441,0.9891304347826088,Auto Match
Credit Card,CR_0001371,Lina Kurniawan,1996-12-22,628322317230,customer001510@example.com,Jl. Sudirman No. 101,Bekasi,LINA KURNIAWAN,08322317230,customer001510@example.com,JL SUDIRMAN NO 101,1996,[np.int64(1509)],1,C001510,0.9880952380952381,Auto Match
Credit Card,CR_0001372,Eko Ramadhan,1995-05-28,8395901919,customer000182@example.com,Jl. Sudirman No. 106,Bogor,EKO RAMADHAN,8395901919,customer000182@example.com,JL SUDIRMAN NO 106,1995,[np.int64(181)],1,C000182,1.0,Auto Match
Credit Card,CR_0001373,Iwan Siregar,2003-08-22,628251144182,customer000046@example.com,Jl. Ahmad Yani No. 74,Surabaya,IWAN SIREGAR,08251144182,customer000046@example.com,JL AHMAD YANI NO 74,2003,[np.int64(45)],1,C000046,0.9880952380952381,Auto Match
Credit Card,CR_0001374,Fajar Saputra,2007-02-18,8830064157,customer000702@examplecom,Jl. Diponegoro No. 176,Bandung,FAJAR SAPUTRA,8830064157,customer000702@examplecom,JL DIPONEGORO NO 176,2007,[np.int64(701)],1,C000702,0.9941176470588236,Auto Match
Credit Card,CR_0001375,LINA NUGROHO,2002-11-01,628551088219,customer001504@example.com,Jl. Gatot Subroto No. 36,Jakarta,LINA NUGROHO,08551088219,customer001504@example.com,JL GATOT SUBROTO NO 36,2002,[np.int64(1503)],1,C001504,0.9880952380952381,Auto Match
Credit Card,CR_0001376,SARISIREGAR,2001-01-29,8821007875,customer000019@example.com,Jalan Ahmad Yani No. 129,Medan,SARISIREGAR,8821007875,customer000019@example.com,JL AHMAD YANI NO 129,2001,[np.int64(18)],1,C000019,0.9891304347826088,Auto Match
Credit Card,CR_0001377,Sari Ramadhan,2014-07-19,628104203706,customer000695@example.com,Jl. Merdeka No. 187,Bekasi,SARI RAMADHAN,08104203706,customer000695@example.com,JL MERDEKA NO 187,2014,[np.int64(694)],1,C000695,0.9880952380952381,Auto Match
Credit Card,CR_0001378,KARIN NUGROHO,1990-10-29,628495415055,customer000884@examplecom,JL. DIPONEGORO NO. 33,Makassar,KARIN NUGROHO,08495415055,customer000884@examplecom,JL DIPONEGORO NO 33,1990,[np.int64(883)],1,C000884,0.9822128851540616,Auto Match
Credit Card,CR_0001379,Citra Hidayat,2012-08-24,8921906462,customer000385@example.com,Jl. Sudirman No. 33,Bekasi,CITRA HIDAYAT,8921906462,customer000385@example.com,JL SUDIRMAN NO 33,2012,[np.int64(384)],1,C000385,1.0,Auto Match
Credit Card,CR_0001380,Karin Santoso,1999-07-14,62858557653,customer000650@example.com,Jl. Sudirman No. 58,Bekasi,KARIN SANTOSO,0858557653,customer000650@example.com,JL SUDIRMAN NO 58,1999,[np.int64(649)],1,C000650,0.9750000000000001,Auto Match
Credit Card,CR_0001381,NANDA RAMADHAN,1991-11-05,8327743786,customer000714@example.com,Jalan Gatot Subroto No. 149,Jakarta,NANDA RAMADHAN,8327743786,customer000714@example.com,JL GATOT SUBROTO NO 149,1991,[np.int64(713)],1,C000714,1.0,Auto Match
Credit Card,CR_0001382,Budi Wijaya,1993-12-14,8733957190,customer000350@example.com,Jl. Ahmad Yani No. 103,Bandung,BUDI WIJAYA,8733957190,customer000350@example.com,JL AHMAD YANI NO 103,1993,[np.int64(349)],1,C000350,1.0,Auto Match
Credit Card,CR_0001383,Lina Setiawan,1998-04-18,8754309814,customer000813@example.com,Jl. Diponegoro No. 194,Semarang,LINA SETIAWAN,8754309814,customer000813@example.com,JL DIPONEGORO NO 194,1998,[np.int64(812)],1,C000813,1.0,Auto Match
Credit Card,CR_0001384,VINA LESTARI,2008-01-19,824184136,customer001072@example.com,JL. SUDIRMAN NO. 74,Jakarta,VINA LESTARI,824184136,customer001072@example.com,JL SUDIRMAN NO 74,2008,[np.int64(1071)],1,C001072,0.986842105263158,Auto Match
Credit Card,CR_0001385,Citra Saputra,2008-09-19,841532094,customer001653@example.com,Jl. Diponegoro No. 162,Tangerang,CITRA SAPUTRA,841532094,customer001653@example.com,JL DIPONEGORO NO 162,2008,[np.int64(1652)],1,C001653,0.986842105263158,Auto Match
Credit Card,CR_0001386,Vina Permata,2012-09-12,8633387191,customer000542@example.com,Jl. Gatot Subroto No. 181,Depok,VINA PERMATA,8633387191,customer000542@example.com,JL GATOT SUBROTO NO 181,2012,[np.int64(541)],1,C000542,1.0,Auto Match
Credit Card,CR_0001387,S4R1KURN14W4N,2005-05-05,628956387972,customer000947@example.com,Jalan Sudirman No. 142,Bekasi,S4R1KURN14W4N,08956387972,customer000947@example.com,JL SUDIRMAN NO 142,2005,[np.int64(946)],1,C000947,0.8862433862433863,Auto Match
Credit Card,CR_0001388,NandaWijaya,1995-03-28,897297946,customer001330@example.com,Jl. Diponegoro No. 137,Bandung,NANDAWIJAYA,897297946,customer001330@example.com,JL DIPONEGORO NO 137,1995,[np.int64(1329)],1,C001330,0.9759725400457667,Auto Match
Credit Card,CR_0001389,ANDI NUGROHO,2002-08-06,8405692378,customer001609@example.com,Jl. Merdeka No. 81,Tangerang,ANDI NUGROHO,8405692378,customer001609@example.com,JL MERDEKA NO 81,2002,[np.int64(1608)],1,C001609,1.0,Auto Match
Credit Card,CR_0001390,Putri Siregar,2006-03-07,8279166861,customer001303@example.com,Jalan Diponegoro No. 87,Bogor,PUTRI SIREGAR,8279166861,customer001303@example.com,JL DIPONEGORO NO 87,2006,[np.int64(1302)],1,C001303,1.0,Auto Match
Credit Card,CR_0001391,Gita Siregar,2016-03-11,628751011601,customer001174@example.com,Jalan Sudirman No. 175,Depok,GITA SIREGAR,08751011601,customer001174@example.com,JL SUDIRMAN NO 175,2016,[np.int64(1173)],1,C001174,0.9880952380952381,Auto Match
Credit Card,CR_0001392,FAJAR SIREGAR,2009-05-28,839812595,customer000707@example.com,Jl. Sudirman No. 66,Semarang,FAJAR SIREGAR,839812595,customer000707@example.com,JL SUDIRMAN NO 66,2009,[np.int64(706)],1,C000707,0.986842105263158,Auto Match
Credit Card,CR_0001393,Rina Saputra,1992-05-31,62866246773,customer000802@example.com,Jl. Ahmad Yani No. 132,Bogor,RINA SAPUTRA,0866246773,customer000802@example.com,JL AHMAD YANI NO 132,1992,[np.int64(801)],1,C000802,0.9750000000000001,Auto Match
Credit Card,CR_0001394,Nanda Saputra,1995-08-09,8460644891,customer001787@example.com,Jl. Sudirman No. 123,Bogor,NANDA SAPUTRA,8460644891,customer001787@example.com,JL SUDIRMAN NO 123,1995,[np.int64(1786)],1,C001787,1.0,Auto Match
Credit Card,CR_0001395,Iwan Pratama,2011-05-09,852222009,customer000454@example.com,Jl. Ahmad Yani No. 80,Bekasi,IWAN PRATAMA,852222009,customer000454@example.com,JL AHMAD YANI NO 80,2011,[np.int64(453)],1,C000454,0.986842105263158,Auto Match
Credit Card,CR_0001396,Tono Hidayat,2003-05-25,8567181959,customer001348@example.com,Jl. Diponegoro No. 25,Semarang,TONO HIDAYAT,8567181959,customer001348@example.com,JL DIPONEGORO NO 25,2003,[np.int64(1347)],1,C001348,1.0,Auto Match
Credit Card,CR_0001397,Citra Santoso,2016-06-23,628741915359,customer000903@example.com,Jl. Merdeka No. 69,Semarang,CITRA SANTOSO,08741915359,customer000903@example.com,JL MERDEKA NO 69,2016,[np.int64(902)],1,C000903,0.9880952380952381,Auto Match
Credit Card,CR_0001398,4ND1 SET14W4N,1994-07-23,8247828048,customer000892@example.com,Jl. Merdeka No. 90,Bandung,4ND1 SET14W4N,8247828048,customer000892@example.com,JL MERDEKA NO 90,1994,[np.int64(891)],1,C000892,0.903846153846154,Auto Match
Credit Card,CR_0001399,Joko Saputra,2003-10-14,628606669319,customer000902@example.com,JL. GATOT SUBROTO NO. 187,Medan,JOKO SAPUTRA,08606669319,customer000902@example.com,JL GATOT SUBROTO NO 187,2003,[np.int64(901)],1,C000902,0.9880952380952381,Auto Match
Credit Card,CR_0001400,Nanda Kurniawan,1997-12-13,8167625466,customer000156@example.com,Jl. Diponegoro No. 14,Tangerang,NANDA KURNIAWAN,8167625466,customer000156@example.com,JL DIPONEGORO NO 14,1997,[np.int64(155)],1,C000156,1.0,Auto Match
Mobile Banking,MO_0001401,IWAN NUGROHO,1996-02-25,628561297620,customer001778@example.com,Jl. Sudirman No. 112,Depok,IWAN NUGROHO,08561297620,customer001778@example.com,JL SUDIRMAN NO 112,1996,[np.int64(1777)],1,C001778,0.9880952380952381,Auto Match
Mobile Banking,MO_0001402,Joko Hidayat,2011-07-02,8819471045,customer001370@example.com,Jl. Gatot Subroto No. 154,Tangerang,JOKO HIDAYAT,8819471045,customer001370@example.com,JL GATOT SUBROTO NO 154,2011,[np.int64(1369)],1,C001370,1.0,Auto Match
Mobile Banking,MO_0001403,GITA PRATAMA,2002-11-18,850566382,customer001752@example.com,Jl. Sudirman No. 95,Bogor,GITA PRATAMA,850566382,customer001752@example.com,JL SUDIRMAN NO 95,2002,[np.int64(1751)],1,C001752,0.986842105263158,Auto Match
Mobile Banking,MO_0001404,Maya Kurniawan,2014-08-15,870082403,customer000043@example.com,JL. AHMAD YANI NO. 22,Makassar,MAYA KURNIAWAN,870082403,customer000043@example.com,JL AHMAD YANI NO 22,2014,[np.int64(42)],1,C000043,0.986842105263158,Auto Match
Mobile Banking,MO_0001405,Iwan Wijaya,1989-10-06,8555152228,customer000462@examplecom,Jl. Ahmad Yani No. 196,Bekasi,IWAN WIJAYA,8555152228,customer000462@examplecom,JL AHMAD YANI NO 196,1989,[np.int64(461)],1,C000462,0.9941176470588236,Auto Match
Mobile Banking,MO_0001406,1wan Ramadhan,2001-03-28,8324703340,customer000024@example.com,Jalan Sudirman No. 101,Depok,1WAN RAMADHAN,8324703340,customer000024@example.com,JL SUDIRMAN NO 101,2001,[np.int64(23)],1,C000024,0.980769230769231,Auto Match
Mobile Banking,MO_0001407,Gita Pratama,2011-09-22,8418472774,customer000756@example.com,JL. DIPONEGORO NO. 23,Jakarta,GITA PRATAMA,8418472774,customer000756@example.com,JL DIPONEGORO NO 23,2011,[np.int64(755)],1,C000756,1.0,Auto Match
Mobile Banking,MO_0001408,FajarNugroho,1992-01-14,8488186452,customer000253@example.com,Jl. Sudirman No. 154,Medan,FAJARNUGROHO,8488186452,customer000253@example.com,JL SUDIRMAN NO 154,1992,[np.int64(252)],1,C000253,0.9900000000000001,Auto Match
Mobile Banking,MO_0001409,HANA SANTOSO,2011-09-28,8302354694,customer000643@examplecom,Jl. Merdeka No. 103,Bekasi,HANA SANTOSO,8302354694,customer000643@examplecom,JL MERDEKA NO 103,2011,[np.int64(642)],1,C000643,0.9941176470588236,Auto Match
Mobile Banking,MO_0001410,Sari Permata,1993-02-18,628941405642,customer000461@example.com,Jl. Ahmad Yani No. 127,Tangerang,SARI PERMATA,08941405642,customer000461@example.com,JL AHMAD YANI NO 127,1993,[np.int64(460)],1,C000461,0.9880952380952381,Auto Match
Mobile Banking,MO_0001411,Karin Santoso,1994-05-02,8506045038,customer000176@example.com,JL. MERDEKA NO. 10,Makassar,KARIN SANTOSO,8506045038,customer000176@example.com,JL MERDEKA NO 10,1994,[np.int64(175)],1,C000176,1.0,Auto Match
Mobile Banking,MO_0001412,DEWI RAMADHAN,2016-02-22,8349757736,customer000179@examplecom,JL. GATOT SUBROTO NO. 133,Depok,DEWI RAMADHAN,8349757736,customer000179@examplecom,JL GATOT SUBROTO NO 133,2016,[np.int64(178)],1,C000179,0.9941176470588236,Auto Match
Mobile Banking,MO_0001413,Dewi Santoso,2013-01-20,8599509220,customer000826@examplecom,Jalan Ahmad Yani No. 149,Depok,DEWI SANTOSO,8599509220,customer000826@examplecom,JL AHMAD YANI NO 149,2013,[np.int64(825)],1,C000826,0.9941176470588236,Auto Match
Mobile Banking,MO_0001414,Gita Lestari,2012-12-19,8275353917,customer000879@example.com,Jl. Merdeka No. 198,Tangerang,GITA LESTARI,8275353917,customer000879@example.com,JL MERDEKA NO 198,2012,[np.int64(878)],1,C000879,1.0,Auto Match
Mobile Banking,MO_0001415,Citra Nugroho,2009-04-06,8446552053,customer001332@example.com,Jl. Merdeka No. 85,Makassar,CITRA NUGROHO,8446552053,customer001332@example.com,JL MERDEKA NO 85,2009,[np.int64(1331)],1,C001332,1.0,Auto Match
Mobile Banking,MO_0001416,KARIN HIDAYAT,2011-07-04,8986126536,customer000792@example.com,Jl. Sudirman No. 18,Depok,KARIN HIDAYAT,8986126536,customer000792@example.com,JL SUDIRMAN NO 18,2011,[np.int64(791)],1,C000792,1.0,Auto Match
Mobile Banking,MO_0001417,SariLestari,2009-10-27,8764013418,customer000391@example.com,Jl. Diponegoro No. 176,Surabaya,SARILESTARI,8764013418,customer000391@example.com,JL DIPONEGORO NO 176,2009,[np.int64(390)],1,C000391,0.9891304347826088,Auto Match
Mobile Banking,MO_0001418,GITA SANTOSO,2016-03-09,8393546377,customer000535@example.com,Jl. Gatot Subroto No. 56,Bogor,GITA SANTOSO,8393546377,customer000535@example.com,JL GATOT SUBROTO NO 56,2016,[np.int64(534)],1,C000535,1.0,Auto Match
Mobile Banking,MO_0001419,Putri Kurniawan,1992-01-21,8547323260,customer000087@example.com,Jl. Sudirman No. 56,Depok,PUTRI KURNIAWAN,8547323260,customer000087@example.com,JL SUDIRMAN NO 56,1992,[np.int64(86)],1,C000087,1.0,Auto Match
Mobile Banking,MO_0001420,FAJARSIREGAR,2001-07-22,8676175252,customer000506@examplecom,Jl. Gatot Subroto No. 186,Bekasi,FAJARSIREGAR,8676175252,customer000506@examplecom,JL GATOT SUBROTO NO 186,2001,[np.int64(505)],1,C000506,0.9841176470588235,Auto Match
Mobile Banking,MO_0001421,G1T4R4M4DH4N,2003-06-16,8353513429,customer000912@example.com,Jl. Diponegoro No. 146,Semarang,G1T4R4M4DH4N,8353513429,customer000912@example.com,JL DIPONEGORO NO 146,2003,[np.int64(911)],1,C000912,0.8900000000000001,Auto Match
Mobile Banking,MO_0001422,Oscar Lestari,2003-07-31,8798685588,customer000770@examplecom,Jl. Ahmad Yani No. 92,Bogor,OSCAR LESTARI,8798685588,customer000770@examplecom,JL AHMAD YANI NO 92,2003,[np.int64(769)],1,C000770,0.9941176470588236,Auto Match
Mobile Banking,MO_0001423,SariKurniawan,2002-05-26,8370701380,customer000755@example.com,Jalan Diponegoro No. 100,Makassar,SARIKURNIAWAN,8370701380,customer000755@example.com,JL DIPONEGORO NO 100,2002,[np.int64(754)],1,C000755,0.9907407407407408,Auto Match
Mobile Banking,MO_0001424,VINA LESTARI,1994-08-20,843525671,customer000559@example.com,JALAN MERDEKA NO. 159,Makassar,VINA LESTARI,843525671,customer000559@example.com,JL MERDEKA NO 159,1994,[np.int64(558)],1,C000559,0.986842105263158,Auto Match
Mobile Banking,MO_0001425,KarinWijaya,2001-05-21,8697549307,customer000404@example.com,Jl. Ahmad Yani No. 70,Bekasi,KARINWIJAYA,8697549307,customer000404@example.com,JL AHMAD YANI NO 70,2001,[np.int64(403)],1,C000404,0.9891304347826088,Auto Match
Mobile Banking,MO_0001426,FajarSetiawan,1989-07-03,8202695382,customer001478@example.com,Jl. Ahmad Yani No. 71,Bekasi,FAJARSETIAWAN,8202695382,customer001478@example.com,JL AHMAD YANI NO 71,1989,[np.int64(1477)],1,C001478,0.9907407407407408,Auto Match
Mobile Banking,MO_0001427,Citra Nugroho,2005-02-05,8769963221,customer001750@example.com,Jl. Gatot Subroto No. 176,Surabaya,CITRA NUGROHO,8769963221,customer001750@example.com,JL GATOT SUBROTO NO 176,2005,[np.int64(1749)],1,C001750,1.0,Auto Match
Mobile Banking,MO_0001428,Putri Setiawan,2013-12-18,8572583909,customer000104@example.com,JL. AHMAD YANI NO. 175,Tangerang,PUTRI SETIAWAN,8572583909,customer000104@example.com,JL AHMAD YANI NO 175,2013,[np.int64(103)],1,C000104,1.0,Auto Match
Mobile Banking,MO_0001429,Dewi Ramadhan,2006-05-21,8549430702,customer000942@example.com,Jalan Diponegoro No. 38,Tangerang,DEWI RAMADHAN,8549430702,customer000942@example.com,JL DIPONEGORO NO 38,2006,[np.int64(941)],1,C000942,1.0,Auto Match
Mobile Banking,MO_0001430,HanaNugroho,2012-02-11,628918145916,customer001291@example.com,Jalan Diponegoro No. 76,Makassar,HANANUGROHO,08918145916,customer001291@example.com,JL DIPONEGORO NO 76,2012,[np.int64(1290)],1,C001291,0.9772256728778469,Auto Match
Mobile Banking,MO_0001431,Maya Ramadhan,1991-01-03,628869533689,customer001709@example.com,Jl. Merdeka No. 125,Bogor,MAYA RAMADHAN,08869533689,customer001709@example.com,JL MERDEKA NO 125,1991,[np.int64(1708)],1,C001709,0.9880952380952381,Auto Match
Mobile Banking,MO_0001432,4ndi Permata,1999-06-30,628993040008,customer001476@example.com,Jalan Ahmad Yani No. 117,Semarang,4NDI PERMATA,08993040008,customer001476@example.com,JL AHMAD YANI NO 117,1999,[np.int64(1475)],1,C001476,0.9672619047619048,Auto Match
Mobile Banking,MO_0001433,Nanda Siregar,2011-12-17,628844553885,customer000025@example.com,Jl. Merdeka No. 55,Tangerang,NANDA SIREGAR,08844553885,customer000025@example.com,JL MERDEKA NO 55,2011,[np.int64(24)],1,C000025,0.9880952380952381,Auto Match
Mobile Banking,MO_0001434,K4R1N R4M4DH4N,2005-10-17,882425597,customer001735@example.com,Jl. Sudirman No. 72,Depok,K4R1N R4M4DH4N,882425597,customer001735@example.com,JL SUDIRMAN NO 72,2005,[np.int64(1734)],1,C001735,0.8975563909774437,Auto Match
Mobile Banking,MO_0001435,Andi Ramadhan,2007-12-28,823315222,customer000420@examplecom,Jl. Merdeka No. 179,Bogor,ANDI RAMADHAN,823315222,customer000420@examplecom,JL MERDEKA NO 179,2007,[np.int64(419)],1,C000420,0.9809597523219814,Auto Match
Mobile Banking,MO_0001436,EkoRamadhan,2015-11-26,8676495941,customer000554@example.com,Jl. Merdeka No. 175,Bekasi,EKORAMADHAN,8676495941,customer000554@example.com,JL MERDEKA NO 175,2015,[np.int64(553)],1,C000554,0.9891304347826088,Auto Match
Mobile Banking,MO_0001437,Iwan Nugroho,2002-10-24,628468552102,customer001283@example.com,Jl. Merdeka No. 181,Medan,IWAN NUGROHO,08468552102,customer001283@example.com,JL MERDEKA NO 181,2002,[np.int64(1282)],1,C001283,0.9880952380952381,Auto Match
Mobile Banking,MO_0001438,Maya Wijaya,2005-12-14,8834187249,customer000628@example.com,Jl. Gatot Subroto No. 95,Makassar,MAYA WIJAYA,8834187249,customer000628@example.com,JL GATOT SUBROTO NO 95,2005,[np.int64(627)],1,C000628,1.0,Auto Match
Mobile Banking,MO_0001439,Karin Setiawan,2014-08-03,8389146284,customer000668@example.com,Jl. Sudirman No. 99,Makassar,KARIN SETIAWAN,8389146284,customer000668@example.com,JL SUDIRMAN NO 99,2014,[np.int64(667)],1,C000668,1.0,Auto Match
Mobile Banking,MO_0001440,Gita Wijaya,2015-08-28,8163210033,customer000764@example.com,Jl. Gatot Subroto No. 137,Jakarta,GITA WIJAYA,8163210033,customer000764@example.com,JL GATOT SUBROTO NO 137,2015,[np.int64(763)],1,C000764,1.0,Auto Match
Mobile Banking,MO_0001441,BUDIRAMADHAN,1993-04-16,891647763,customer001166@example.com,Jalan Diponegoro No. 111,Bogor,BUDIRAMADHAN,891647763,customer001166@example.com,JL DIPONEGORO NO 111,1993,[np.int64(1165)],1,C001166,0.976842105263158,Auto Match
Mobile Banking,MO_0001442,Joko Nugroho,2015-03-06,628550536537,customer001508@examplecom,Jalan Ahmad Yani No. 121,Medan,JOKO NUGROHO,08550536537,customer001508@examplecom,JL AHMAD YANI NO 121,2015,[np.int64(1507)],1,C001508,0.9822128851540616,Auto Match
Mobile Banking,MO_0001443,SARIRAMADHAN,2014-07-19,8104203706,customer000695@examplecom,Jl. Merdeka No. 187,Bekasi,SARIRAMADHAN,8104203706,customer000695@examplecom,JL MERDEKA NO 187,2014,[np.int64(694)],1,C000695,0.9841176470588235,Auto Match
Mobile Banking,MO_0001444,Karin Wijaya,2011-01-14,8242816015,customer000671@example.com,Jl. Merdeka No. 27,Surabaya,KARIN WIJAYA,8242816015,customer000671@example.com,JL MERDEKA NO 27,2011,[np.int64(670)],1,C000671,1.0,Auto Match
Mobile Banking,MO_0001445,Joko Kurniawan,2011-08-10,8549706822,customer001794@example.com,Jl. Diponegoro No. 69,Bogor,JOKO KURNIAWAN,8549706822,customer001794@example.com,JL DIPONEGORO NO 69,2011,[np.int64(1793)],1,C001794,1.0,Auto Match
Mobile Banking,MO_0001446,HanaLestari,2000-09-01,886593328,customer001704@example.com,Jl. Sudirman No. 186,Makassar,HANALESTARI,886593328,customer001704@example.com,JL SUDIRMAN NO 186,2000,[np.int64(1703)],1,C001704,0.9759725400457667,Auto Match
Mobile Banking,MO_0001447,CITRA KURNIAWAN,2014-08-19,8323893295,customer000532@example.com,Jl. Diponegoro No. 176,Bandung,CITRA KURNIAWAN,8323893295,customer000532@example.com,JL DIPONEGORO NO 176,2014,[np.int64(531)],1,C000532,1.0,Auto Match
Mobile Banking,MO_0001448,Citra Kurniawan,1996-10-02,8687964014,customer001410@example.com,Jl. Gatot Subroto No. 63,Bogor,CITRA KURNIAWAN,8687964014,customer001410@example.com,JL GATOT SUBROTO NO 63,1996,[np.int64(1409)],1,C001410,1.0,Auto Match
Mobile Banking,MO_0001449,JOKOSIREGAR,2004-01-23,628411593009,customer001103@examplecom,Jl. Diponegoro No. 152,Surabaya,JOKOSIREGAR,08411593009,customer001103@examplecom,JL DIPONEGORO NO 152,2004,[],0,C001103,0.9713433199366702,Auto Match
Mobile Banking,MO_0001450,Putri Pratama,2005-03-14,628630601377,customer001472@example.com,Jl. Diponegoro No. 131,Jakarta,PUTRI PRATAMA,08630601377,customer001472@example.com,JL DIPONEGORO NO 131,2005,[np.int64(1471)],1,C001472,0.9880952380952381,Auto Match
Mobile Banking,MO_0001451,1wanSetiawan,2000-09-12,628739000846,customer000468@example.com,JALAN GATOT SUBROTO NO. 62,Makassar,1WANSETIAWAN,08739000846,customer000468@example.com,JL GATOT SUBROTO NO 62,2000,[np.int64(467)],1,C000468,0.9580952380952381,Auto Match
Mobile Banking,MO_0001452,Iwan Wijaya,1989-10-05,8707426496,customer000204@example.com,Jalan Diponegoro No. 42,Makassar,IWAN WIJAYA,8707426496,customer000204@example.com,JL DIPONEGORO NO 42,1989,[np.int64(203)],1,C000204,1.0,Auto Match
Mobile Banking,MO_0001453,CitraWijaya,2013-11-15,8900127173,customer001456@examplecom,Jl. Ahmad Yani No. 119,Medan,CITRAWIJAYA,8900127173,customer001456@examplecom,JL AHMAD YANI NO 119,2013,[np.int64(1455)],1,C001456,0.9832480818414323,Auto Match
Mobile Banking,MO_0001454,DEWISIREGAR,2006-10-19,8961518071,customer000262@example.com,Jl. Diponegoro No. 103,Makassar,DEWISIREGAR,8961518071,customer000262@example.com,JL DIPONEGORO NO 103,2006,[np.int64(261)],1,C000262,0.9891304347826088,Auto Match
Mobile Banking,MO_0001455,OSCARSETIAWAN,2014-01-22,8461528897,customer001471@example.com,Jl. Gatot Subroto No. 19,Depok,OSCARSETIAWAN,8461528897,customer001471@example.com,JL GATOT SUBROTO NO 19,2014,[np.int64(1470)],1,C001471,0.9907407407407408,Auto Match
Mobile Banking,MO_0001456,JOKO NUGROHO,2006-01-06,822759760,customer001039@example.com,Jl. Diponegoro No. 199,Depok,JOKO NUGROHO,822759760,customer001039@example.com,JL DIPONEGORO NO 199,2006,[np.int64(1038)],1,C001039,0.986842105263158,Auto Match
Mobile Banking,MO_0001457,Karin Permata,1990-05-24,8255963239,customer000951@example.com,JL. DIPONEGORO NO. 33,Jakarta,KARIN PERMATA,8255963239,customer000951@example.com,JL DIPONEGORO NO 33,1990,[np.int64(950)],1,C000951,1.0,Auto Match
Mobile Banking,MO_0001458,Dewi Siregar,2016-06-08,8166244835,customer000021@example.com,Jl. Sudirman No. 27,Depok,DEWI SIREGAR,8166244835,customer000021@example.com,JL SUDIRMAN NO 27,2016,[np.int64(20)],1,C000021,1.0,Auto Match
Mobile Banking,MO_0001459,ANDI PERMATA,2007-12-05,8367406500,customer001132@example.com,Jl. Merdeka No. 44,Depok,ANDI PERMATA,8367406500,customer001132@example.com,JL MERDEKA NO 44,2007,[np.int64(1131)],1,C001132,1.0,Auto Match
Mobile Banking,MO_0001460,Budi Lestari,1995-05-15,8560378022,customer001751@example.com,Jl. Gatot Subroto No. 146,Depok,BUDI LESTARI,8560378022,customer001751@example.com,JL GATOT SUBROTO NO 146,1995,[np.int64(1750)],1,C001751,1.0,Auto Match
Mobile Banking,MO_0001461,Vina Ramadhan,2013-01-25,8396167382,customer000305@example.com,Jalan Sudirman No. 94,Bekasi,VINA RAMADHAN,8396167382,customer000305@example.com,JL SUDIRMAN NO 94,2013,[np.int64(304)],1,C000305,1.0,Auto Match
Mobile Banking,MO_0001462,Oscar Siregar,1996-04-16,8367571831,customer000787@examplecom,Jl. Ahmad Yani No. 196,Makassar,OSCAR SIREGAR,8367571831,customer000787@examplecom,JL AHMAD YANI NO 196,1996,[np.int64(786)],1,C000787,0.9941176470588236,Auto Match
Mobile Banking,MO_0001463,G1T4W1J4Y4,2013-01-16,8167303380,customer001154@examplecom,Jl. Ahmad Yani No. 54,Makassar,G1T4W1J4Y4,8167303380,customer001154@examplecom,JL AHMAD YANI NO 54,2013,[np.int64(1153)],1,C001154,0.8631652661064426,Auto Match
Mobile Banking,MO_0001464,Rina Setiawan,2001-06-09,8201444022,customer000544@example.com,JL. AHMAD YANI NO. 136,Bekasi,RINA SETIAWAN,8201444022,customer000544@example.com,JL AHMAD YANI NO 136,2001,[np.int64(543)],1,C000544,1.0,Auto Match
Mobile Banking,MO_0001465,Maya Saputra,2010-09-23,8967145495,customer000484@example.com,Jl. Sudirman No. 102,Semarang,MAYA SAPUTRA,8967145495,customer000484@example.com,JL SUDIRMAN NO 102,2010,[np.int64(483)],1,C000484,1.0,Auto Match
Mobile Banking,MO_0001466,EKO NUGROHO,2015-11-25,8216222698,customer001321@example.com,Jl. Gatot Subroto No. 47,Makassar,EKO NUGROHO,8216222698,customer001321@example.com,JL GATOT SUBROTO NO 47,2015,[np.int64(1320)],1,C001321,1.0,Auto Match
Mobile Banking,MO_0001467,Vina Saputra,2001-06-16,62871816460,customer000147@example.com,Jl. Diponegoro No. 50,Makassar,VINA SAPUTRA,0871816460,customer000147@example.com,JL DIPONEGORO NO 50,2001,[np.int64(146)],1,C000147,0.9750000000000001,Auto Match
Mobile Banking,MO_0001468,Eko Wijaya,1999-12-09,8800549866,customer001707@example.com,Jl. Gatot Subroto No. 155,Bandung,EKO WIJAYA,8800549866,customer001707@example.com,JL GATOT SUBROTO NO 155,1999,[np.int64(1706)],1,C001707,1.0,Auto Match
Mobile Banking,MO_0001469,Rina Lestari,2010-07-12,8948561754,customer001585@example.com,JL. GATOT SUBROTO NO. 96,Jakarta,RINA LESTARI,8948561754,customer001585@example.com,JL GATOT SUBROTO NO 96,2010,[np.int64(1584)],1,C001585,1.0,Auto Match
Mobile Banking,MO_0001470,Sari Santoso,2003-02-05,840701602,customer000795@example.com,Jalan Sudirman No. 87,Tangerang,SARI SANTOSO,840701602,customer000795@example.com,JL SUDIRMAN NO 87,2003,[np.int64(794)],1,C000795,0.986842105263158,Auto Match
Mobile Banking,MO_0001471,Putri Lestari,1991-06-04,628776755456,customer001662@example.com,Jl. Merdeka No. 75,Medan,PUTRI LESTARI,08776755456,customer001662@example.com,JL MERDEKA NO 75,1991,[np.int64(1661)],1,C001662,0.9880952380952381,Auto Match
Mobile Banking,MO_0001472,SariSantoso,2016-03-21,628501454879,customer001001@example.com,Jalan Ahmad Yani No. 110,Bekasi,SARISANTOSO,08501454879,customer001001@example.com,JL AHMAD YANI NO 110,2016,[np.int64(1000)],1,C001001,0.9772256728778469,Auto Match
Mobile Banking,MO_0001473,KARINHIDAYAT,1998-02-22,825271508,customer000656@example.com,Jl. Diponegoro No. 2,Bandung,KARINHIDAYAT,825271508,customer000656@example.com,JL DIPONEGORO NO 2,1998,[np.int64(655)],1,C000656,0.976842105263158,Auto Match
Mobile Banking,MO_0001474,Iwan Wijaya,2016-04-28,8893667427,customer001685@example.com,Jl. Ahmad Yani No. 59,Makassar,IWAN WIJAYA,8893667427,customer001685@example.com,JL AHMAD YANI NO 59,2016,[np.int64(1684)],1,C001685,1.0,Auto Match
Mobile Banking,MO_0001475,1wan Setiawan,2001-02-06,628229726848,customer000293@example.com,JL. AHMAD YANI NO. 120,Bekasi,1WAN SETIAWAN,08229726848,customer000293@example.com,JL AHMAD YANI NO 120,2001,[np.int64(292)],1,C000293,0.9688644688644689,Auto Match
Mobile Banking,MO_0001476,Fajar Nugroho,1998-06-01,884404342,customer001289@example.com,Jl. Sudirman No. 77,Bandung,FAJAR NUGROHO,884404342,customer001289@example.com,JL SUDIRMAN NO 77,1998,[np.int64(1288)],1,C001289,0.986842105263158,Auto Match
Mobile Banking,MO_0001477,Karin Wijaya,2013-07-01,628585271615,customer000869@example.com,Jl. Sudirman No. 150,Depok,KARIN WIJAYA,08585271615,customer000869@example.com,JL SUDIRMAN NO 150,2013,[np.int64(868)],1,C000869,0.9880952380952381,Auto Match
Mobile Banking,MO_0001478,Andi Kurniawan,2012-05-03,628941214903,customer001700@examplecom,Jl. Diponegoro No. 132,Bogor,ANDI KURNIAWAN,08941214903,customer001700@examplecom,JL DIPONEGORO NO 132,2012,[np.int64(1699)],1,C001700,0.9822128851540616,Auto Match
Mobile Banking,MO_0001479,Maya Siregar,1992-02-25,8988082308,customer001505@example.com,Jl. Sudirman No. 189,Bogor,MAYA SIREGAR,8988082308,customer001505@example.com,JL SUDIRMAN NO 189,1992,[np.int64(1504)],1,C001505,1.0,Auto Match
Mobile Banking,MO_0001480,SariNugroho,2003-10-07,838503373,customer000624@example.com,Jalan Merdeka No. 119,Bekasi,SARINUGROHO,838503373,customer000624@example.com,JL MERDEKA NO 119,2003,[np.int64(623)],1,C000624,0.9759725400457667,Auto Match
Mobile Banking,MO_0001481,Hana Nugroho,2003-03-13,628771107499,customer000509@example.com,Jl. Sudirman No. 116,Depok,HANA NUGROHO,08771107499,customer000509@example.com,JL SUDIRMAN NO 116,2003,[np.int64(508)],1,C000509,0.9880952380952381,Auto Match
Mobile Banking,MO_0001482,Fajar Ramadhan,2002-03-07,8700149956,customer000390@example.com,JALAN DIPONEGORO NO. 128,Semarang,FAJAR RAMADHAN,8700149956,customer000390@example.com,JL DIPONEGORO NO 128,2002,[np.int64(389)],1,C000390,1.0,Auto Match
Mobile Banking,MO_0001483,Andi Kurniawan,1993-06-02,8890672153,customer000208@example.com,Jl. Sudirman No. 27,Tangerang,ANDI KURNIAWAN,8890672153,customer000208@example.com,JL SUDIRMAN NO 27,1993,[np.int64(207)],1,C000208,1.0,Auto Match
Mobile Banking,MO_0001484,BUDI SANTOSO,2005-02-12,8529068674,customer001768@example.com,Jl. Gatot Subroto No. 142,Tangerang,BUDI SANTOSO,8529068674,customer001768@example.com,JL GATOT SUBROTO NO 142,2005,[np.int64(1767)],1,C001768,1.0,Auto Match
Mobile Banking,MO_0001485,JOKO LEST4R1,1993-11-25,62888251140,customer001496@example.com,Jl. Sudirman No. 196,Tangerang,JOKO LEST4R1,0888251140,customer001496@example.com,JL SUDIRMAN NO 196,1993,[np.int64(1495)],1,C001496,0.9333333333333335,Auto Match
Mobile Banking,MO_0001486,FajarSiregar,2007-02-04,8925012254,customer000837@example.com,Jalan Sudirman No. 116,Bekasi,FAJARSIREGAR,8925012254,customer000837@example.com,JL SUDIRMAN NO 116,2007,[np.int64(836)],1,C000837,0.9900000000000001,Auto Match
Mobile Banking,MO_0001487,OscarLestari,1995-12-18,8355118994,customer000448@examplecom,Jl. Ahmad Yani No. 177,Tangerang,OSCARLESTARI,8355118994,customer000448@examplecom,JL AHMAD YANI NO 177,1995,[np.int64(447)],1,C000448,0.9841176470588235,Auto Match
Mobile Banking,MO_0001488,Lina Nugroho,1998-10-29,8202347315,customer001569@example.com,Jl. Ahmad Yani No. 26,Bandung,LINA NUGROHO,8202347315,customer001569@example.com,JL AHMAD YANI NO 26,1998,[np.int64(1568)],1,C001569,1.0,Auto Match
Mobile Banking,MO_0001489,VinaNugroho,2009-03-09,628300234026,customer000399@examplecom,JALAN GATOT SUBROTO NO. 186,Tangerang,VINANUGROHO,08300234026,customer000399@examplecom,JL GATOT SUBROTO NO 186,2009,[],0,C000399,0.9713433199366702,Auto Match
Mobile Banking,MO_0001490,VINA KURNIAWAN,2016-03-09,8712615397,customer001788@examplecom,JALAN AHMAD YANI NO. 174,Depok,VINA KURNIAWAN,8712615397,customer001788@examplecom,JL AHMAD YANI NO 174,2016,[np.int64(1787)],1,C001788,0.9941176470588236,Auto Match
Mobile Banking,MO_0001491,CitraLestari,2013-05-25,628961924066,customer000412@example.com,Jl. Merdeka No. 82,Jakarta,CITRALESTARI,08961924066,customer000412@example.com,JL MERDEKA NO 82,2013,[np.int64(411)],1,C000412,0.9780952380952381,Auto Match
Mobile Banking,MO_0001492,Citra Santoso,2009-01-16,8755505083,customer001535@examplecom,Jl. Ahmad Yani No. 139,Bogor,CITRA SANTOSO,8755505083,customer001535@examplecom,JL AHMAD YANI NO 139,2009,[np.int64(1534)],1,C001535,0.9941176470588236,Auto Match
Mobile Banking,MO_0001493,Dewi Nugroho,2003-02-28,8300062037,customer001780@example.com,Jalan Ahmad Yani No. 59,Tangerang,DEWI NUGROHO,8300062037,customer001780@example.com,JL AHMAD YANI NO 59,2003,[np.int64(1779)],1,C001780,1.0,Auto Match
Mobile Banking,MO_0001494,HanaSaputra,2005-07-17,8305271466,customer000941@examplecom,Jl. Merdeka No. 84,Makassar,HANASAPUTRA,8305271466,customer000941@examplecom,JL MERDEKA NO 84,2005,[np.int64(940)],1,C000941,0.9832480818414323,Auto Match
Mobile Banking,MO_0001495,LinaSiregar,2008-05-22,8560334433,customer001429@example.com,Jl. Gatot Subroto No. 31,Bogor,LINASIREGAR,8560334433,customer001429@example.com,JL GATOT SUBROTO NO 31,2008,[np.int64(1428)],1,C001429,0.9891304347826088,Auto Match
Mobile Banking,MO_0001496,Nanda Hidayat,1991-10-29,8887589906,customer000471@example.com,Jl. Gatot Subroto No. 55,Makassar,NANDA HIDAYAT,8887589906,customer000471@example.com,JL GATOT SUBROTO NO 55,1991,[np.int64(470)],1,C000471,1.0,Auto Match
Mobile Banking,MO_0001497,CITRASETIAWAN,2011-10-27,628224837248,customer001135@example.com,Jl. Gatot Subroto No. 174,Tangerang,CITRASETIAWAN,08224837248,customer001135@example.com,JL GATOT SUBROTO NO 174,2011,[np.int64(1134)],1,C001135,0.9788359788359788,Auto Match
Mobile Banking,MO_0001498,Citra Santoso,1995-08-06,856877144,customer001364@example.com,Jl. Sudirman No. 149,Medan,CITRA SANTOSO,856877144,customer001364@example.com,JL SUDIRMAN NO 149,1995,[np.int64(1363)],1,C001364,0.986842105263158,Auto Match
Mobile Banking,MO_0001499,Maya Lestari,2014-05-19,628611943380,customer000831@example.com,Jl. Gatot Subroto No. 31,Makassar,MAYA LESTARI,08611943380,customer000831@example.com,JL GATOT SUBROTO NO 31,2014,[np.int64(830)],1,C000831,0.9880952380952381,Auto Match
Mobile Banking,MO_0001500,G1T4 S1REG4R,1989-08-27,8100890994,customer000298@example.com,Jl. Ahmad Yani No. 87,Medan,G1T4 S1REG4R,8100890994,customer000298@example.com,JL AHMAD YANI NO 87,1989,[np.int64(297)],1,C000298,0.9166666666666667,Auto Match
Mobile Banking,MO_0001501,Citra Siregar,2009-09-28,628242677941,customer000934@example.com,Jl. Ahmad Yani No. 87,Bekasi,CITRA SIREGAR,08242677941,customer000934@example.com,JL AHMAD YANI NO 87,2009,[np.int64(933)],1,C000934,0.9880952380952381,Auto Match
Mobile Banking,MO_0001502,SARIPRATAMA,1989-09-27,8553539667,customer001435@example.com,Jl. Gatot Subroto No. 64,Bekasi,SARIPRATAMA,8553539667,customer001435@example.com,JL GATOT SUBROTO NO 64,1989,[np.int64(1434)],1,C001435,0.9891304347826088,Auto Match
Mobile Banking,MO_0001503,GITA SAPUTRA,1998-03-12,628745594151,customer000897@example.com,Jl. Merdeka No. 8,Bandung,GITA SAPUTRA,08745594151,customer000897@example.com,JL MERDEKA NO 8,1998,[np.int64(896)],1,C000897,0.9880952380952381,Auto Match
Mobile Banking,MO_0001504,Tono Kurniawan,2000-01-17,8160725888,customer001051@example.com,Jalan Gatot Subroto No. 37,Medan,TONO KURNIAWAN,8160725888,customer001051@example.com,JL GATOT SUBROTO NO 37,2000,[np.int64(1050)],1,C001051,1.0,Auto Match
Mobile Banking,MO_0001505,Karin Siregar,1994-05-07,8708754398,customer001305@example.com,Jl. Merdeka No. 171,Medan,KARIN SIREGAR,8708754398,customer001305@example.com,JL MERDEKA NO 171,1994,[np.int64(1304)],1,C001305,1.0,Auto Match
Mobile Banking,MO_0001506,NANDA WIJAYA,1998-07-01,628683737111,customer000129@example.com,Jl. Gatot Subroto No. 105,Semarang,NANDA WIJAYA,08683737111,customer000129@example.com,JL GATOT SUBROTO NO 105,1998,[np.int64(128)],1,C000129,0.9880952380952381,Auto Match
Mobile Banking,MO_0001507,LinaSantoso,2004-08-15,628683603352,customer000595@example.com,Jl. Merdeka No. 188,Depok,LINASANTOSO,08683603352,customer000595@example.com,JL MERDEKA NO 188,2004,[np.int64(594)],1,C000595,0.9772256728778469,Auto Match
Mobile Banking,MO_0001508,Hana Nugroho,2010-04-10,8126764607,customer000027@examplecom,Jl. Merdeka No. 91,Makassar,HANA NUGROHO,8126764607,customer000027@examplecom,JL MERDEKA NO 91,2010,[np.int64(26)],1,C000027,0.9941176470588236,Auto Match
Mobile Banking,MO_0001509,Nanda Pratama,1996-02-07,8416532151,customer000852@examplecom,JL. SUDIRMAN NO. 31,Bandung,NANDA PRATAMA,8416532151,customer000852@examplecom,JL SUDIRMAN NO 31,1996,[np.int64(851)],1,C000852,0.9941176470588236,Auto Match
Mobile Banking,MO_0001510,GitaPermata,1990-09-14,628513563719,customer001417@example.com,Jl. Gatot Subroto No. 134,Bogor,GITAPERMATA,08513563719,customer001417@example.com,JL GATOT SUBROTO NO 134,1990,[np.int64(1416)],1,C001417,0.9772256728778469,Auto Match
Mobile Banking,MO_0001511,Iwan Hidayat,2014-09-16,8574927523,customer000134@examplecom,Jalan Gatot Subroto No. 57,Tangerang,IWAN HIDAYAT,8574927523,customer000134@examplecom,JL GATOT SUBROTO NO 57,2014,[np.int64(133)],1,C000134,0.9941176470588236,Auto Match
Mobile Banking,MO_0001512,RINASETIAWAN,2014-04-23,8142360367,customer001229@example.com,JL. AHMAD YANI NO. 168,Medan,RINASETIAWAN,8142360367,customer001229@example.com,JL AHMAD YANI NO 168,2014,[np.int64(1228)],1,C001229,0.9900000000000001,Auto Match
Mobile Banking,MO_0001513,SARI KURNIAWAN,1997-10-11,8299263875,customer000674@examplecom,JALAN AHMAD YANI NO. 179,Depok,SARI KURNIAWAN,8299263875,customer000674@examplecom,JL AHMAD YANI NO 179,1997,[np.int64(673)],1,C000674,0.9941176470588236,Auto Match
Mobile Banking,MO_0001514,Joko Hidayat,2005-08-24,628692385265,customer001571@example.com,Jalan Sudirman No. 95,Bekasi,JOKO HIDAYAT,08692385265,customer001571@example.com,JL SUDIRMAN NO 95,2005,[np.int64(1570)],1,C001571,0.9880952380952381,Auto Match
Mobile Banking,MO_0001515,DEWI SAPUTRA,2013-01-21,832311152,customer001217@example.com,Jl. Sudirman No. 183,Surabaya,DEWI SAPUTRA,832311152,customer001217@example.com,JL SUDIRMAN NO 183,2013,[np.int64(1216)],1,C001217,0.986842105263158,Auto Match
Mobile Banking,MO_0001516,AndiSiregar,2016-02-15,8913177721,customer000185@example.com,Jl. Sudirman No. 186,Bekasi,ANDISIREGAR,8913177721,customer000185@example.com,JL SUDIRMAN NO 186,2016,[np.int64(184)],1,C000185,0.9891304347826088,Auto Match
Mobile Banking,MO_0001517,CITRALESTARI,2014-10-27,878369319,customer000804@examplecom,Jl. Gatot Subroto No. 149,Bandung,CITRALESTARI,878369319,customer000804@examplecom,JL GATOT SUBROTO NO 149,2014,[],0,C000804,0.9709597523219814,Auto Match
Mobile Banking,MO_0001518,Gita Permata,1997-05-21,8628649239,customer000244@examplecom,JL. SUDIRMAN NO. 85,Jakarta,GITA PERMATA,8628649239,customer000244@examplecom,JL SUDIRMAN NO 85,1997,[np.int64(243)],1,C000244,0.9941176470588236,Auto Match
Mobile Banking,MO_0001519,Vina Lestari,2008-08-12,8224855466,customer000612@examplecom,Jl. Sudirman No. 25,Semarang,VINA LESTARI,8224855466,customer000612@examplecom,JL SUDIRMAN NO 25,2008,[np.int64(611)],1,C000612,0.9941176470588236,Auto Match
Mobile Banking,MO_0001520,Joko Ramadhan,1992-12-09,8825391523,customer001489@example.com,Jl. Gatot Subroto No. 26,Bandung,JOKO RAMADHAN,8825391523,customer001489@example.com,JL GATOT SUBROTO NO 26,1992,[np.int64(1488)],1,C001489,1.0,Auto Match
Mobile Banking,MO_0001521,EKORAMADHAN,1993-08-21,8526818322,customer000543@example.com,Jl. Diponegoro No. 9,Bogor,EKORAMADHAN,8526818322,customer000543@example.com,JL DIPONEGORO NO 9,1993,[np.int64(542)],1,C000543,0.9891304347826088,Auto Match
Mobile Banking,MO_0001522,SARI SETIAWAN,2011-10-07,628503612435,customer000623@examplecom,Jalan Ahmad Yani No. 102,Bogor,SARI SETIAWAN,08503612435,customer000623@examplecom,JL AHMAD YANI NO 102,2011,[np.int64(622)],1,C000623,0.9822128851540616,Auto Match
Mobile Banking,MO_0001523,Oscar Pratama,2016-07-06,8950324653,customer000112@example.com,Jl. Merdeka No. 168,Medan,OSCAR PRATAMA,8950324653,customer000112@example.com,JL MERDEKA NO 168,2016,[np.int64(111)],1,C000112,1.0,Auto Match
Mobile Banking,MO_0001524,Dewi Kurniawan,2008-01-26,628755590473,customer001466@example.com,Jalan Diponegoro No. 172,Jakarta,DEWI KURNIAWAN,08755590473,customer001466@example.com,JL DIPONEGORO NO 172,2008,[np.int64(1465)],1,C001466,0.9880952380952381,Auto Match
Mobile Banking,MO_0001525,HANA PERMATA,2004-03-09,8266001364,customer001438@example.com,JALAN SUDIRMAN NO. 122,Tangerang,HANA PERMATA,8266001364,customer001438@example.com,JL SUDIRMAN NO 122,2004,[np.int64(1437)],1,C001438,1.0,Auto Match
Mobile Banking,MO_0001526,Oscar Santoso,2013-06-16,628178120398,customer001491@example.com,Jl. Diponegoro No. 95,Makassar,OSCAR SANTOSO,08178120398,customer001491@example.com,JL DIPONEGORO NO 95,2013,[np.int64(1490)],1,C001491,0.9880952380952381,Auto Match
Mobile Banking,MO_0001527,Tono Kurniawan,1991-12-08,8961188537,customer001316@example.com,Jl. Gatot Subroto No. 5,Bekasi,TONO KURNIAWAN,8961188537,customer001316@example.com,JL GATOT SUBROTO NO 5,1991,[np.int64(1315)],1,C001316,1.0,Auto Match
Mobile Banking,MO_0001528,EKO R4M4DH4N,1990-07-18,8320232354,customer001352@example.com,Jl. Sudirman No. 186,Makassar,EKO R4M4DH4N,8320232354,customer001352@example.com,JL SUDIRMAN NO 186,1990,[np.int64(1351)],1,C001352,0.9375000000000001,Auto Match
Mobile Banking,MO_0001529,Nanda Ramadhan,2015-07-10,8998985249,customer001453@example.com,Jl. Gatot Subroto No. 41,Jakarta,NANDA RAMADHAN,8998985249,customer001453@example.com,JL GATOT SUBROTO NO 41,2015,[np.int64(1452)],1,C001453,1.0,Auto Match
Mobile Banking,MO_0001530,IwanSetiawan,2014-11-12,628382833354,customer000143@example.com,Jl. Gatot Subroto No. 35,Bekasi,IWANSETIAWAN,08382833354,customer000143@example.com,JL GATOT SUBROTO NO 35,2014,[np.int64(142)],1,C000143,0.9780952380952381,Auto Match
Mobile Banking,MO_0001531,Rina Wijaya,1993-12-11,8923624562,customer001473@example.com,Jl. Merdeka No. 78,Makassar,RINA WIJAYA,8923624562,customer001473@example.com,JL MERDEKA NO 78,1993,[np.int64(1472)],1,C001473,1.0,Auto Match
Mobile Banking,MO_0001532,Budi Kurniawan,2001-05-20,8320288538,customer000180@example.com,Jl. Merdeka No. 12,Depok,BUDI KURNIAWAN,8320288538,customer000180@example.com,JL MERDEKA NO 12,2001,[np.int64(179)],1,C000180,1.0,Auto Match
Mobile Banking,MO_0001533,OscarSetiawan,2011-10-20,856869354,customer001066@example.com,Jl. Sudirman No. 2,Medan,OSCARSETIAWAN,856869354,customer001066@example.com,JL SUDIRMAN NO 2,2011,[np.int64(1065)],1,C001066,0.9775828460038987,Auto Match
Mobile Banking,MO_0001534,Putri Kurniawan,1992-04-15,8378733778,customer000834@example.com,Jl. Ahmad Yani No. 144,Tangerang,PUTRI KURNIAWAN,8378733778,customer000834@example.com,JL AHMAD YANI NO 144,1992,[np.int64(833)],1,C000834,1.0,Auto Match
Mobile Banking,MO_0001535,VinaHidayat,1994-08-20,821933559,customer000978@example.com,Jl. Diponegoro No. 126,Jakarta,VINAHIDAYAT,821933559,customer000978@example.com,JL DIPONEGORO NO 126,1994,[np.int64(977)],1,C000978,0.9759725400457667,Auto Match
Mobile Banking,MO_0001536,F4J4R PR4T4M4,1999-11-23,8307092838,customer000562@example.com,Jl. Merdeka No. 4,Medan,F4J4R PR4T4M4,8307092838,customer000562@example.com,JL MERDEKA NO 4,1999,[np.int64(561)],1,C000562,0.903846153846154,Auto Match
Mobile Banking,MO_0001537,Nanda Hidayat,2005-07-30,8142726147,customer000665@example.com,Jl. Gatot Subroto No. 112,Bandung,NANDA HIDAYAT,8142726147,customer000665@example.com,JL GATOT SUBROTO NO 112,2005,[np.int64(664)],1,C000665,1.0,Auto Match
Mobile Banking,MO_0001538,Iwan Santoso,1990-10-14,8524181687,customer001261@examplecom,JALAN AHMAD YANI NO. 26,Bekasi,IWAN SANTOSO,8524181687,customer001261@examplecom,JL AHMAD YANI NO 26,1990,[np.int64(1260)],1,C001261,0.9941176470588236,Auto Match
Mobile Banking,MO_0001539,Iwan Nugroho,2011-11-12,8353741641,customer001458@example.com,Jl. Merdeka No. 79,Jakarta,IWAN NUGROHO,8353741641,customer001458@example.com,JL MERDEKA NO 79,2011,[np.int64(1457)],1,C001458,1.0,Auto Match
Mobile Banking,MO_0001540,Oscar Pratama,2002-03-10,8228780865,customer001547@example.com,JL. MERDEKA NO. 184,Tangerang,OSCAR PRATAMA,8228780865,customer001547@example.com,JL MERDEKA NO 184,2002,[np.int64(1546)],1,C001547,1.0,Auto Match
Mobile Banking,MO_0001541,1W4N R4M4DH4N,2001-12-21,8344123099,customer000743@example.com,Jl. Diponegoro No. 191,Semarang,1W4N R4M4DH4N,8344123099,customer000743@example.com,JL DIPONEGORO NO 191,2001,[np.int64(742)],1,C000743,0.903846153846154,Auto Match
Mobile Banking,MO_0001542,NandaSaputra,1991-12-15,8972703238,customer001611@example.com,Jalan Gatot Subroto No. 43,Bandung,NANDASAPUTRA,8972703238,customer001611@example.com,JL GATOT SUBROTO NO 43,1991,[np.int64(1610)],1,C001611,0.9900000000000001,Auto Match
Mobile Banking,MO_0001543,4ND1 H1D4Y4T,1990-09-15,8260506025,customer001102@example.com,JL. MERDEKA NO. 185,Bandung,4ND1 H1D4Y4T,8260506025,customer001102@example.com,JL MERDEKA NO 185,1990,[np.int64(1101)],1,C001102,0.8958333333333335,Auto Match
Mobile Banking,MO_0001544,Rina Pratama,2011-01-31,628350332070,customer001762@example.com,Jl. Gatot Subroto No. 133,Bogor,RINA PRATAMA,08350332070,customer001762@example.com,JL GATOT SUBROTO NO 133,2011,[np.int64(1761)],1,C001762,0.9880952380952381,Auto Match
Mobile Banking,MO_0001545,Fajar Pratama,2002-05-13,8833540340,customer000255@example.com,Jl. Diponegoro No. 162,Bogor,FAJAR PRATAMA,8833540340,customer000255@example.com,JL DIPONEGORO NO 162,2002,[np.int64(254)],1,C000255,1.0,Auto Match
Mobile Banking,MO_0001546,Iwan Siregar,1989-07-29,628613458236,customer001331@example.com,JL. GATOT SUBROTO NO. 70,Bandung,IWAN SIREGAR,08613458236,customer001331@example.com,JL GATOT SUBROTO NO 70,1989,[np.int64(1330)],1,C001331,0.9880952380952381,Auto Match
Mobile Banking,MO_0001547,Sari Nugroho,2005-08-29,8271377553,customer000710@example.com,Jl. Sudirman No. 153,Jakarta,SARI NUGROHO,8271377553,customer000710@example.com,JL SUDIRMAN NO 153,2005,[np.int64(709)],1,C000710,1.0,Auto Match
Mobile Banking,MO_0001548,OSCARKURNIAWAN,2016-05-29,8492796679,customer001022@example.com,Jl. Diponegoro No. 32,Depok,OSCARKURNIAWAN,8492796679,customer001022@example.com,JL DIPONEGORO NO 32,2016,[np.int64(1021)],1,C001022,0.9913793103448277,Auto Match
Mobile Banking,MO_0001549,Joko Santoso,2002-07-03,8136388738,customer001230@example.com,Jl. Ahmad Yani No. 162,Tangerang,JOKO SANTOSO,8136388738,customer001230@example.com,JL AHMAD YANI NO 162,2002,[np.int64(1229)],1,C001230,1.0,Auto Match
Mobile Banking,MO_0001550,KarinKurniawan,2002-10-19,840052036,customer001060@example.com,Jl. Merdeka No. 164,Bogor,KARINKURNIAWAN,840052036,customer001060@example.com,JL MERDEKA NO 164,2002,[np.int64(1059)],1,C001060,0.9782214156079856,Auto Match
Mobile Banking,MO_0001551,FAJAR NUGROHO,1990-11-05,8534344717,customer001137@example.com,Jl. Gatot Subroto No. 75,Semarang,FAJAR NUGROHO,8534344717,customer001137@example.com,JL GATOT SUBROTO NO 75,1990,[np.int64(1136)],1,C001137,1.0,Auto Match
Mobile Banking,MO_0001552,MAYA SETIAWAN,1991-05-20,8112982053,customer000937@example.com,Jl. Merdeka No. 170,Jakarta,MAYA SETIAWAN,8112982053,customer000937@example.com,JL MERDEKA NO 170,1991,[np.int64(936)],1,C000937,1.0,Auto Match
Mobile Banking,MO_0001553,NANDAPERMATA,2014-12-21,8510622576,customer000356@example.com,JL. DIPONEGORO NO. 69,Tangerang,NANDAPERMATA,8510622576,customer000356@example.com,JL DIPONEGORO NO 69,2014,[np.int64(355)],1,C000356,0.9900000000000001,Auto Match
Mobile Banking,MO_0001554,Iwan Lestari,2007-01-21,8630662366,customer001079@example.com,JL. AHMAD YANI NO. 123,Bekasi,IWAN LESTARI,8630662366,customer001079@example.com,JL AHMAD YANI NO 123,2007,[np.int64(1078)],1,C001079,1.0,Auto Match
Mobile Banking,MO_0001555,CitraNugroho,1996-05-31,8963166003,customer001349@example.com,JL. SUDIRMAN NO. 156,Semarang,CITRANUGROHO,8963166003,customer001349@example.com,JL SUDIRMAN NO 156,1996,[np.int64(1348)],1,C001349,0.9900000000000001,Auto Match
Mobile Banking,MO_0001556,Lina Santoso,1998-10-17,8974223120,customer000917@example.com,Jalan Ahmad Yani No. 84,Surabaya,LINA SANTOSO,8974223120,customer000917@example.com,JL AHMAD YANI NO 84,1998,[np.int64(916)],1,C000917,1.0,Auto Match
Mobile Banking,MO_0001557,Dewi Setiawan,2013-06-24,8665628966,customer000974@example.com,JL. SUDIRMAN NO. 39,Semarang,DEWI SETIAWAN,8665628966,customer000974@example.com,JL SUDIRMAN NO 39,2013,[np.int64(973)],1,C000974,1.0,Auto Match
Mobile Banking,MO_0001558,PutriHidayat,1996-06-01,8282410008,customer001141@example.com,Jl. Diponegoro No. 197,Tangerang,PUTRIHIDAYAT,8282410008,customer001141@example.com,JL DIPONEGORO NO 197,1996,[np.int64(1140)],1,C001141,0.9900000000000001,Auto Match
Mobile Banking,MO_0001559,Tono Siregar,1998-02-11,8228433034,customer001144@example.com,Jl. Sudirman No. 114,Surabaya,TONO SIREGAR,8228433034,customer001144@example.com,JL SUDIRMAN NO 114,1998,[np.int64(1143)],1,C001144,1.0,Auto Match
Mobile Banking,MO_0001560,JOKO LEST4R1,1992-02-07,8427925418,customer001232@example.com,Jl. Sudirman No. 122,Bandung,JOKO LEST4R1,8427925418,customer001232@example.com,JL SUDIRMAN NO 122,1992,[np.int64(1231)],1,C001232,0.9583333333333335,Auto Match
Mobile Banking,MO_0001561,KARIN RAMADHAN,1994-09-13,62821627519,customer000662@example.com,Jalan Merdeka No. 55,Tangerang,KARIN RAMADHAN,0821627519,customer000662@example.com,JL MERDEKA NO 55,1994,[np.int64(661)],1,C000662,0.9750000000000001,Auto Match
Mobile Banking,MO_0001562,Hana Wijaya,1993-07-04,8968627904,customer001551@example.com,Jl. Sudirman No. 117,Surabaya,HANA WIJAYA,8968627904,customer001551@example.com,JL SUDIRMAN NO 117,1993,[np.int64(1550)],1,C001551,1.0,Auto Match
Mobile Banking,MO_0001563,Tono Saputra,2008-08-18,8472300064,customer000919@example.com,Jl. Diponegoro No. 48,Surabaya,TONO SAPUTRA,8472300064,customer000919@example.com,JL DIPONEGORO NO 48,2008,[np.int64(918)],1,C000919,1.0,Auto Match
Mobile Banking,MO_0001564,Hana Setiawan,2014-11-29,824516321,customer001414@example.com,Jl. Merdeka No. 33,Tangerang,HANA SETIAWAN,824516321,customer001414@example.com,JL MERDEKA NO 33,2014,[np.int64(1413)],1,C001414,0.986842105263158,Auto Match
Mobile Banking,MO_0001565,Oscar Nugroho,1994-09-19,8650142981,customer000232@example.com,Jl. Sudirman No. 199,Jakarta,OSCAR NUGROHO,8650142981,customer000232@example.com,JL SUDIRMAN NO 199,1994,[np.int64(231)],1,C000232,1.0,Auto Match
Mobile Banking,MO_0001566,TonoSantoso,1995-05-17,8440189805,customer000555@example.com,Jl. Diponegoro No. 6,Makassar,TONOSANTOSO,8440189805,customer000555@example.com,JL DIPONEGORO NO 6,1995,[np.int64(554)],1,C000555,0.9891304347826088,Auto Match
Mobile Banking,MO_0001567,PUTRI KURNIAWAN,1990-02-17,8663167366,customer001469@example.com,Jl. Sudirman No. 110,Bandung,PUTRI KURNIAWAN,8663167366,customer001469@example.com,JL SUDIRMAN NO 110,1990,[np.int64(1468)],1,C001469,1.0,Auto Match
Mobile Banking,MO_0001568,Sari Siregar,2015-03-04,8346820981,customer000868@example.com,Jalan Gatot Subroto No. 39,Bandung,SARI SIREGAR,8346820981,customer000868@example.com,JL GATOT SUBROTO NO 39,2015,[np.int64(867)],1,C000868,1.0,Auto Match
Mobile Banking,MO_0001569,Oscar Lestari,1990-06-11,628528000427,customer001493@example.com,Jalan Gatot Subroto No. 119,Bandung,OSCAR LESTARI,08528000427,customer001493@example.com,JL GATOT SUBROTO NO 119,1990,[np.int64(1492)],1,C001493,0.9880952380952381,Auto Match
Mobile Banking,MO_0001570,Budi Permata,2005-04-16,628263370796,customer000067@example.com,Jl. Diponegoro No. 75,Surabaya,BUDI PERMATA,08263370796,customer000067@example.com,JL DIPONEGORO NO 75,2005,[np.int64(66)],1,C000067,0.9880952380952381,Auto Match
Mobile Banking,MO_0001571,DEWI SIREGAR,1994-08-24,841503889,customer001577@example.com,Jl. Gatot Subroto No. 125,Surabaya,DEWI SIREGAR,841503889,customer001577@example.com,JL GATOT SUBROTO NO 125,1994,[np.int64(1576)],1,C001577,0.986842105263158,Auto Match
Mobile Banking,MO_0001572,Tono Kurniawan,1995-06-07,8982681719,customer000211@example.com,Jl. Gatot Subroto No. 176,Medan,TONO KURNIAWAN,8982681719,customer000211@example.com,JL GATOT SUBROTO NO 176,1995,[np.int64(210)],1,C000211,1.0,Auto Match
Mobile Banking,MO_0001573,EKO LESTARI,1995-05-17,896793030,customer000773@example.com,Jl. Ahmad Yani No. 47,Surabaya,EKO LESTARI,896793030,customer000773@example.com,JL AHMAD YANI NO 47,1995,[np.int64(772)],1,C000773,0.986842105263158,Auto Match
Mobile Banking,MO_0001574,Citra Wijaya,2011-12-31,628652244890,customer000473@example.com,Jl. Merdeka No. 31,Tangerang,CITRA WIJAYA,08652244890,customer000473@example.com,JL MERDEKA NO 31,2011,[np.int64(472)],1,C000473,0.9880952380952381,Auto Match
Mobile Banking,MO_0001575,Nanda Lestari,2006-09-24,8610524220,customer000096@example.com,Jl. Gatot Subroto No. 128,Depok,NANDA LESTARI,8610524220,customer000096@example.com,JL GATOT SUBROTO NO 128,2006,[np.int64(95)],1,C000096,1.0,Auto Match
Mobile Banking,MO_0001576,Hana Permata,2007-11-11,8475033692,customer000843@example.com,Jl. Gatot Subroto No. 150,Medan,HANA PERMATA,8475033692,customer000843@example.com,JL GATOT SUBROTO NO 150,2007,[np.int64(842)],1,C000843,1.0,Auto Match
Mobile Banking,MO_0001577,Citra Santoso,2001-10-31,8188484931,customer000723@example.com,Jl. Diponegoro No. 154,Depok,CITRA SANTOSO,8188484931,customer000723@example.com,JL DIPONEGORO NO 154,2001,[np.int64(722)],1,C000723,1.0,Auto Match
Mobile Banking,MO_0001578,K4R1N S1REG4R,1998-11-19,8680736831,customer001565@example.com,Jalan Diponegoro No. 169,Depok,K4R1N S1REG4R,8680736831,customer001565@example.com,JL DIPONEGORO NO 169,1998,[np.int64(1564)],1,C001565,0.9230769230769232,Auto Match
Mobile Banking,MO_0001579,VINAPRATAMA,2004-11-26,628760775560,customer001686@example.com,Jl. Merdeka No. 64,Depok,VINAPRATAMA,08760775560,customer001686@example.com,JL MERDEKA NO 64,2004,[np.int64(1685)],1,C001686,0.9772256728778469,Auto Match
Mobile Banking,MO_0001580,Iwan Nugroho,1994-07-18,628494414520,customer000237@examplecom,Jl. Diponegoro No. 130,Bogor,IWAN NUGROHO,08494414520,customer000237@examplecom,JL DIPONEGORO NO 130,1994,[np.int64(236)],1,C000237,0.9822128851540616,Auto Match
Mobile Banking,MO_0001581,PUTRI PRATAMA,2009-07-04,8225548962,customer000026@example.com,Jl. Merdeka No. 11,Surabaya,PUTRI PRATAMA,8225548962,customer000026@example.com,JL MERDEKA NO 11,2009,[np.int64(25)],1,C000026,1.0,Auto Match
Mobile Banking,MO_0001582,Citra Siregar,2015-10-12,8658152439,customer000982@example.com,Jl. Diponegoro No. 172,Semarang,CITRA SIREGAR,8658152439,customer000982@example.com,JL DIPONEGORO NO 172,2015,[np.int64(981)],1,C000982,1.0,Auto Match
Mobile Banking,MO_0001583,GITA SIREGAR,2016-03-11,8751011601,customer001174@example.com,Jl. Sudirman No. 175,Depok,GITA SIREGAR,8751011601,customer001174@example.com,JL SUDIRMAN NO 175,2016,[np.int64(1173)],1,C001174,1.0,Auto Match
Mobile Banking,MO_0001584,Joko Ramadhan,2013-12-25,834290940,customer000607@example.com,Jalan Gatot Subroto No. 100,Tangerang,JOKO RAMADHAN,834290940,customer000607@example.com,JL GATOT SUBROTO NO 100,2013,[np.int64(606)],1,C000607,0.986842105263158,Auto Match
Mobile Banking,MO_0001585,Andi Setiawan,2007-05-19,62869268528,customer001130@example.com,Jl. Ahmad Yani No. 91,Surabaya,ANDI SETIAWAN,0869268528,customer001130@example.com,JL AHMAD YANI NO 91,2007,[np.int64(1129)],1,C001130,0.9750000000000001,Auto Match
Mobile Banking,MO_0001586,Nanda Nugroho,1995-07-29,8233804842,customer001705@example.com,Jl. Sudirman No. 7,Medan,NANDA NUGROHO,8233804842,customer001705@example.com,JL SUDIRMAN NO 7,1995,[np.int64(1704)],1,C001705,1.0,Auto Match
Mobile Banking,MO_0001587,Hana Wijaya,2000-01-27,880717364,customer001443@example.com,Jl. Diponegoro No. 174,Surabaya,HANA WIJAYA,880717364,customer001443@example.com,JL DIPONEGORO NO 174,2000,[np.int64(1442)],1,C001443,0.986842105263158,Auto Match
Mobile Banking,MO_0001588,Budi Nugroho,2015-06-23,8110926810,customer000035@example.com,Jl. Merdeka No. 144,Bogor,BUDI NUGROHO,8110926810,customer000035@example.com,JL MERDEKA NO 144,2015,[np.int64(34)],1,C000035,1.0,Auto Match
Mobile Banking,MO_0001589,Tono Siregar,2010-09-01,8106734696,customer000367@examplecom,Jalan Sudirman No. 12,Tangerang,TONO SIREGAR,8106734696,customer000367@examplecom,JL SUDIRMAN NO 12,2010,[np.int64(366)],1,C000367,0.9941176470588236,Auto Match
Mobile Banking,MO_0001590,Sari Santoso,1998-01-27,8346299179,customer000259@example.com,JALAN GATOT SUBROTO NO. 106,Jakarta,SARI SANTOSO,8346299179,customer000259@example.com,JL GATOT SUBROTO NO 106,1998,[np.int64(258)],1,C000259,1.0,Auto Match
Mobile Banking,MO_0001591,Karin Nugroho,1990-05-07,628531300350,customer000996@example.com,Jl. Merdeka No. 157,Depok,KARIN NUGROHO,08531300350,customer000996@example.com,JL MERDEKA NO 157,1990,[np.int64(995)],1,C000996,0.9880952380952381,Auto Match
Mobile Banking,MO_0001592,GITALESTARI,2004-05-01,628249177651,customer000186@example.com,Jl. Sudirman No. 67,Depok,GITALESTARI,08249177651,customer000186@example.com,JL SUDIRMAN NO 67,2004,[np.int64(185)],1,C000186,0.9772256728778469,Auto Match
Mobile Banking,MO_0001593,Oscar Lestari,2008-12-20,8517693696,customer001346@examplecom,Jl. Diponegoro No. 117,Medan,OSCAR LESTARI,8517693696,customer001346@examplecom,JL DIPONEGORO NO 117,2008,[np.int64(1345)],1,C001346,0.9941176470588236,Auto Match
Mobile Banking,MO_0001594,K4R1N PERM4T4,2014-05-26,62827802188,customer000058@example.com,Jl. Ahmad Yani No. 197,Makassar,K4R1N PERM4T4,0827802188,customer000058@example.com,JL AHMAD YANI NO 197,2014,[np.int64(57)],1,C000058,0.8980769230769231,Auto Match
Mobile Banking,MO_0001595,Fajar Siregar,2002-05-08,8903614494,customer000056@examplecom,Jl. Sudirman No. 16,Medan,FAJAR SIREGAR,8903614494,customer000056@examplecom,JL SUDIRMAN NO 16,2002,[np.int64(55)],1,C000056,0.9941176470588236,Auto Match
Mobile Banking,MO_0001596,Karin Pratama,1998-01-31,822887706,customer001509@examplecom,JALAN DIPONEGORO NO. 171,Medan,KARIN PRATAMA,822887706,customer001509@examplecom,JL DIPONEGORO NO 171,1998,[np.int64(1508)],1,C001509,0.9809597523219814,Auto Match
Mobile Banking,MO_0001597,GITA SETIAWAN,2009-12-18,8557801716,customer000100@example.com,Jl. Merdeka No. 163,Depok,GITA SETIAWAN,8557801716,customer000100@example.com,JL MERDEKA NO 163,2009,[np.int64(99)],1,C000100,1.0,Auto Match
Mobile Banking,MO_0001598,Putri Hidayat,1991-08-06,8551801499,customer001594@example.com,Jl. Merdeka No. 118,Semarang,PUTRI HIDAYAT,8551801499,customer001594@example.com,JL MERDEKA NO 118,1991,[np.int64(1593)],1,C001594,1.0,Auto Match
Mobile Banking,MO_0001599,MayaPermata,1993-04-20,628497710965,customer000611@example.com,JL. DIPONEGORO NO. 108,Medan,MAYAPERMATA,08497710965,customer000611@example.com,JL DIPONEGORO NO 108,1993,[np.int64(610)],1,C000611,0.9772256728778469,Auto Match
Mobile Banking,MO_0001600,MayaSiregar,2012-06-02,856005566,customer001181@example.com,Jalan Ahmad Yani No. 45,Depok,MAYASIREGAR,856005566,customer001181@example.com,JL AHMAD YANI NO 45,2012,[np.int64(1180)],1,C001181,0.9759725400457667,Auto Match
Mobile Banking,MO_0001601,RINASANTOSO,2015-06-10,8782590929,customer000239@example.com,JL. DIPONEGORO NO. 192,Bekasi,RINASANTOSO,8782590929,customer000239@example.com,JL DIPONEGORO NO 192,2015,[np.int64(238)],1,C000239,0.9891304347826088,Auto Match
Mobile Banking,MO_0001602,HANA SETIAWAN,2012-05-08,8328260200,customer000457@examplecom,Jl. Merdeka No. 97,Bekasi,HANA SETIAWAN,8328260200,customer000457@examplecom,JL MERDEKA NO 97,2012,[np.int64(456)],1,C000457,0.9941176470588236,Auto Match
Mobile Banking,MO_0001603,ANDI RAMADHAN,2011-01-10,8446872807,customer000152@example.com,JALAN DIPONEGORO NO. 158,Bogor,ANDI RAMADHAN,8446872807,customer000152@example.com,JL DIPONEGORO NO 158,2011,[np.int64(151)],1,C000152,1.0,Auto Match
Mobile Banking,MO_0001604,Fajar Kurniawan,1994-08-04,8505584153,customer001056@examplecom,Jl. Sudirman No. 135,Jakarta,FAJAR KURNIAWAN,8505584153,customer001056@examplecom,JL SUDIRMAN NO 135,1994,[np.int64(1055)],1,C001056,0.9941176470588236,Auto Match
Mobile Banking,MO_0001605,M4Y4 W1J4Y4,2001-11-18,8178871735,customer001674@example.com,Jl. Ahmad Yani No. 179,Jakarta,M4Y4 W1J4Y4,8178871735,customer001674@example.com,JL AHMAD YANI NO 179,2001,[np.int64(1673)],1,C001674,0.8863636363636365,Auto Match
Mobile Banking,MO_0001606,Gita Permata,2014-10-16,628782218973,customer001799@example.com,Jl. Ahmad Yani No. 46,Surabaya,GITA PERMATA,08782218973,customer001799@example.com,JL AHMAD YANI NO 46,2014,[np.int64(1798)],1,C001799,0.9880952380952381,Auto Match
Mobile Banking,MO_0001607,VINAHIDAYAT,2005-03-09,628913460879,customer001300@examplecom,Jl. Sudirman No. 182,Medan,VINAHIDAYAT,08913460879,customer001300@examplecom,JL SUDIRMAN NO 182,2005,[],0,C001300,0.9713433199366702,Auto Match
Mobile Banking,MO_0001608,Budi Santoso,2012-02-11,8151221881,customer000766@example.com,Jl. Sudirman No. 105,Bogor,BUDI SANTOSO,8151221881,customer000766@example.com,JL SUDIRMAN NO 105,2012,[np.int64(765)],1,C000766,1.0,Auto Match
Mobile Banking,MO_0001609,Putri Pratama,1999-07-06,8685731037,customer000456@example.com,JL. MERDEKA NO. 112,Tangerang,PUTRI PRATAMA,8685731037,customer000456@example.com,JL MERDEKA NO 112,1999,[np.int64(455)],1,C000456,1.0,Auto Match
Mobile Banking,MO_0001610,Tono Saputra,1998-03-25,8782469588,customer001325@example.com,Jl. Ahmad Yani No. 148,Bandung,TONO SAPUTRA,8782469588,customer001325@example.com,JL AHMAD YANI NO 148,1998,[np.int64(1324)],1,C001325,1.0,Auto Match
Mobile Banking,MO_0001611,LINA SANTOSO,1993-08-20,8830971495,customer001442@examplecom,Jl. Merdeka No. 69,Bekasi,LINA SANTOSO,8830971495,customer001442@examplecom,JL MERDEKA NO 69,1993,[np.int64(1441)],1,C001442,0.9941176470588236,Auto Match
Mobile Banking,MO_0001612,Eko Setiawan,1992-04-26,8159953674,customer000782@examplecom,Jalan Gatot Subroto No. 199,Surabaya,EKO SETIAWAN,8159953674,customer000782@examplecom,JL GATOT SUBROTO NO 199,1992,[np.int64(781)],1,C000782,0.9941176470588236,Auto Match
Mobile Banking,MO_0001613,Maya Nugroho,2008-12-24,8369612278,customer001090@examplecom,JL. DIPONEGORO NO. 183,Bogor,MAYA NUGROHO,8369612278,customer001090@examplecom,JL DIPONEGORO NO 183,2008,[np.int64(1089)],1,C001090,0.9941176470588236,Auto Match
Mobile Banking,MO_0001614,Tono Hidayat,2009-12-26,8463738169,customer000034@example.com,Jl. Diponegoro No. 45,Depok,TONO HIDAYAT,8463738169,customer000034@example.com,JL DIPONEGORO NO 45,2009,[np.int64(33)],1,C000034,1.0,Auto Match
Mobile Banking,MO_0001615,M4Y4 H1D4Y4T,1992-05-09,62886717470,customer000859@example.com,Jl. Ahmad Yani No. 35,Tangerang,M4Y4 H1D4Y4T,0886717470,customer000859@example.com,JL AHMAD YANI NO 35,1992,[np.int64(858)],1,C000859,0.8708333333333335,Auto Match
Mobile Banking,MO_0001616,KarinSantoso,2012-11-03,830201808,customer000281@examplecom,Jl. Gatot Subroto No. 97,Bandung,KARINSANTOSO,830201808,customer000281@examplecom,JL GATOT SUBROTO NO 97,2012,[],0,C000281,0.9709597523219814,Auto Match
Mobile Banking,MO_0001617,VINA RAMADHAN,2005-07-17,8943215884,customer001018@example.com,Jl. Merdeka No. 89,Bekasi,VINA RAMADHAN,8943215884,customer001018@example.com,JL MERDEKA NO 89,2005,[np.int64(1017)],1,C001018,1.0,Auto Match
Mobile Banking,MO_0001618,Dewi Kurniawan,2004-04-26,8804554338,customer000597@examplecom,JALAN MERDEKA NO. 85,Bandung,DEWI KURNIAWAN,8804554338,customer000597@examplecom,JL MERDEKA NO 85,2004,[np.int64(596)],1,C000597,0.9941176470588236,Auto Match
Mobile Banking,MO_0001619,Maya Saputra,2011-07-27,8586237522,customer001589@example.com,Jl. Ahmad Yani No. 9,Tangerang,MAYA SAPUTRA,8586237522,customer001589@example.com,JL AHMAD YANI NO 9,2011,[np.int64(1588)],1,C001589,1.0,Auto Match
Mobile Banking,MO_0001620,Oscar Setiawan,2015-03-31,8653145596,customer000599@example.com,Jalan Merdeka No. 145,Tangerang,OSCAR SETIAWAN,8653145596,customer000599@example.com,JL MERDEKA NO 145,2015,[np.int64(598)],1,C000599,1.0,Auto Match
Mobile Banking,MO_0001621,BUDI HIDAYAT,2004-07-12,8491546918,customer001187@example.com,Jl. Merdeka No. 3,Semarang,BUDI HIDAYAT,8491546918,customer001187@example.com,JL MERDEKA NO 3,2004,[np.int64(1186)],1,C001187,1.0,Auto Match
Mobile Banking,MO_0001622,VinaNugroho,2013-10-03,8591448659,customer001020@example.com,Jl. Gatot Subroto No. 112,Jakarta,VINANUGROHO,8591448659,customer001020@example.com,JL GATOT SUBROTO NO 112,2013,[np.int64(1019)],1,C001020,0.9891304347826088,Auto Match
Mobile Banking,MO_0001623,KARIN SIREGAR,1998-05-23,8692685344,customer000789@example.com,Jl. Merdeka No. 127,Bogor,KARIN SIREGAR,8692685344,customer000789@example.com,JL MERDEKA NO 127,1998,[np.int64(788)],1,C000789,1.0,Auto Match
Mobile Banking,MO_0001624,RINARAMADHAN,2008-04-14,8133579262,customer000922@example.com,Jl. Gatot Subroto No. 196,Medan,RINARAMADHAN,8133579262,customer000922@example.com,JL GATOT SUBROTO NO 196,2008,[np.int64(921)],1,C000922,0.9900000000000001,Auto Match
Mobile Banking,MO_0001625,JokoHidayat,2002-01-29,628746820703,customer001006@example.com,JL. GATOT SUBROTO NO. 190,Bandung,JOKOHIDAYAT,08746820703,customer001006@example.com,JL GATOT SUBROTO NO 190,2002,[np.int64(1005)],1,C001006,0.9772256728778469,Auto Match
Mobile Banking,MO_0001626,Oscar Hidayat,1995-04-03,8322530915,customer000022@example.com,Jl. Merdeka No. 55,Medan,OSCAR HIDAYAT,8322530915,customer000022@example.com,JL MERDEKA NO 55,1995,[np.int64(21)],1,C000022,1.0,Auto Match
Mobile Banking,MO_0001627,Joko Setiawan,1993-10-25,8829218756,customer001699@example.com,JL. DIPONEGORO NO. 105,Medan,JOKO SETIAWAN,8829218756,customer001699@example.com,JL DIPONEGORO NO 105,1993,[np.int64(1698)],1,C001699,1.0,Auto Match
Mobile Banking,MO_0001628,JokoPermata,1998-03-12,628772756962,customer001218@example.com,Jl. Merdeka No. 191,Tangerang,JOKOPERMATA,08772756962,customer001218@example.com,JL MERDEKA NO 191,1998,[np.int64(1217)],1,C001218,0.9772256728778469,Auto Match
Mobile Banking,MO_0001629,DEWI WIJAYA,1996-08-22,8312896404,customer001765@example.com,Jl. Diponegoro No. 9,Tangerang,DEWI WIJAYA,8312896404,customer001765@example.com,JL DIPONEGORO NO 9,1996,[np.int64(1764)],1,C001765,1.0,Auto Match
Mobile Banking,MO_0001630,Tono Setiawan,1991-08-03,8634864984,customer000382@example.com,Jl. Diponegoro No. 128,Bekasi,TONO SETIAWAN,8634864984,customer000382@example.com,JL DIPONEGORO NO 128,1991,[np.int64(381)],1,C000382,1.0,Auto Match
Mobile Banking,MO_0001631,Putri Lestari,2016-02-25,857510599,customer001363@examplecom,Jl. Diponegoro No. 112,Bekasi,PUTRI LESTARI,857510599,customer001363@examplecom,JL DIPONEGORO NO 112,2016,[np.int64(1362)],1,C001363,0.9809597523219814,Auto Match
Mobile Banking,MO_0001632,Oscar Saputra,2011-04-06,8500738918,customer000113@example.com,JALAN AHMAD YANI NO. 97,Depok,OSCAR SAPUTRA,8500738918,customer000113@example.com,JL AHMAD YANI NO 97,2011,[np.int64(112)],1,C000113,1.0,Auto Match
Mobile Banking,MO_0001633,Putri Wijaya,2009-01-13,880405553,customer001252@example.com,Jl. Merdeka No. 170,Bekasi,PUTRI WIJAYA,880405553,customer001252@example.com,JL MERDEKA NO 170,2009,[np.int64(1251)],1,C001252,0.986842105263158,Auto Match
Mobile Banking,MO_0001634,KARIN HIDAYAT,2010-10-11,8214172872,customer000315@example.com,Jl. Merdeka No. 31,Depok,KARIN HIDAYAT,8214172872,customer000315@example.com,JL MERDEKA NO 31,2010,[np.int64(314)],1,C000315,1.0,Auto Match
Mobile Banking,MO_0001635,G1T4S1REG4R,2007-09-29,628417960593,customer000167@example.com,Jl. Gatot Subroto No. 65,Makassar,G1T4S1REG4R,08417960593,customer000167@example.com,JL GATOT SUBROTO NO 65,2007,[np.int64(166)],1,C000167,0.8902691511387164,Auto Match
Mobile Banking,MO_0001636,PutriWijaya,1997-09-27,8883497671,customer001003@example.com,Jl. Gatot Subroto No. 184,Bandung,PUTRIWIJAYA,8883497671,customer001003@example.com,JL GATOT SUBROTO NO 184,1997,[np.int64(1002)],1,C001003,0.9891304347826088,Auto Match
Mobile Banking,MO_0001637,OSC4RR4M4DH4N,2002-09-12,8350346055,customer001632@example.com,JL. SUDIRMAN NO. 22,Jakarta,OSC4RR4M4DH4N,8350346055,customer001632@example.com,JL SUDIRMAN NO 22,2002,[np.int64(1631)],1,C001632,0.9166666666666667,Auto Match
Mobile Banking,MO_0001638,Nanda Nugroho,1998-07-19,8285991517,customer000592@example.com,Jalan Sudirman No. 176,Bandung,NANDA NUGROHO,8285991517,customer000592@example.com,JL SUDIRMAN NO 176,1998,[np.int64(591)],1,C000592,1.0,Auto Match
Mobile Banking,MO_0001639,Lina Pratama,2004-04-04,8403034439,customer000753@example.com,Jalan Sudirman No. 122,Depok,LINA PRATAMA,8403034439,customer000753@example.com,JL SUDIRMAN NO 122,2004,[np.int64(752)],1,C000753,1.0,Auto Match
Mobile Banking,MO_0001640,KarinSiregar,2012-09-06,8525211947,customer001556@example.com,JL. SUDIRMAN NO. 56,Medan,KARINSIREGAR,8525211947,customer001556@example.com,JL SUDIRMAN NO 56,2012,[np.int64(1555)],1,C001556,0.9900000000000001,Auto Match
Mobile Banking,MO_0001641,Andi Hidayat,1994-01-01,628206636726,customer000288@examplecom,JL. SUDIRMAN NO. 147,Depok,ANDI HIDAYAT,08206636726,customer000288@examplecom,JL SUDIRMAN NO 147,1994,[np.int64(287)],1,C000288,0.9822128851540616,Auto Match
Mobile Banking,MO_0001642,MayaLestari,1990-12-25,860842994,customer001092@examplecom,JL. DIPONEGORO NO. 106,Surabaya,MAYALESTARI,860842994,customer001092@examplecom,JL DIPONEGORO NO 106,1990,[],0,C001092,0.97009018710459,Auto Match
Mobile Banking,MO_0001643,Tono Ramadhan,2001-02-09,8922764843,customer001601@example.com,Jl. Gatot Subroto No. 41,Medan,TONO RAMADHAN,8922764843,customer001601@example.com,JL GATOT SUBROTO NO 41,2001,[np.int64(1600)],1,C001601,1.0,Auto Match
Mobile Banking,MO_0001644,Budi Ramadhan,1999-04-21,824267702,customer001595@example.com,Jl. Diponegoro No. 14,Surabaya,BUDI RAMADHAN,824267702,customer001595@example.com,JL DIPONEGORO NO 14,1999,[np.int64(1594)],1,C001595,0.986842105263158,Auto Match
Mobile Banking,MO_0001645,Maya Setiawan,1990-02-23,8713235444,customer001345@example.com,Jl. Diponegoro No. 159,Surabaya,MAYA SETIAWAN,8713235444,customer001345@example.com,JL DIPONEGORO NO 159,1990,[np.int64(1344)],1,C001345,1.0,Auto Match
Mobile Banking,MO_0001646,G1T4 S4NTOSO,2012-08-02,8473415644,customer000548@example.com,JL. MERDEKA NO. 4,Bogor,G1T4 S4NTOSO,8473415644,customer000548@example.com,JL MERDEKA NO 4,2012,[np.int64(547)],1,C000548,0.9375000000000001,Auto Match
Mobile Banking,MO_0001647,EkoPratama,2009-03-27,8785822411,customer001591@example.com,Jl. Sudirman No. 119,Surabaya,EKOPRATAMA,8785822411,customer001591@example.com,JL SUDIRMAN NO 119,2009,[np.int64(1590)],1,C001591,0.9880952380952382,Auto Match
Mobile Banking,MO_0001648,FajarSaputra,1992-07-07,8318406638,customer001055@example.com,Jl. Ahmad Yani No. 36,Bogor,FAJARSAPUTRA,8318406638,customer001055@example.com,JL AHMAD YANI NO 36,1992,[np.int64(1054)],1,C001055,0.9900000000000001,Auto Match
Mobile Banking,MO_0001649,Dewi Setiawan,1994-11-23,8479495477,customer001676@examplecom,Jl. Gatot Subroto No. 123,Semarang,DEWI SETIAWAN,8479495477,customer001676@examplecom,JL GATOT SUBROTO NO 123,1994,[np.int64(1675)],1,C001676,0.9941176470588236,Auto Match
Mobile Banking,MO_0001650,FajarSetiawan,1995-05-16,8914055714,customer001436@example.com,JALAN DIPONEGORO NO. 115,Bogor,FAJARSETIAWAN,8914055714,customer001436@example.com,JL DIPONEGORO NO 115,1995,[np.int64(1435)],1,C001436,0.9907407407407408,Auto Match
Mobile Banking,MO_0001651,FajarSantoso,1992-06-20,628172490451,customer000811@example.com,JALAN GATOT SUBROTO NO. 170,Depok,FAJARSANTOSO,08172490451,customer000811@example.com,JL GATOT SUBROTO NO 170,1992,[np.int64(810)],1,C000811,0.9780952380952381,Auto Match
Mobile Banking,MO_0001652,Citra Siregar,2006-06-17,8118398684,customer001258@example.com,Jalan Gatot Subroto No. 153,Bogor,CITRA SIREGAR,8118398684,customer001258@example.com,JL GATOT SUBROTO NO 153,2006,[np.int64(1257)],1,C001258,1.0,Auto Match
Mobile Banking,MO_0001653,Hana Santoso,2013-06-27,8386257731,customer001101@examplecom,Jl. Sudirman No. 120,Bandung,HANA SANTOSO,8386257731,customer001101@examplecom,JL SUDIRMAN NO 120,2013,[np.int64(1100)],1,C001101,0.9941176470588236,Auto Match
Mobile Banking,MO_0001654,Dewi Nugroho,2003-08-02,628239532839,customer001467@example.com,Jl. Ahmad Yani No. 9,Bogor,DEWI NUGROHO,08239532839,customer001467@example.com,JL AHMAD YANI NO 9,2003,[np.int64(1466)],1,C001467,0.9880952380952381,Auto Match
Mobile Banking,MO_0001655,Rina Siregar,1999-06-10,8335608223,customer001492@example.com,Jl. Gatot Subroto No. 131,Semarang,RINA SIREGAR,8335608223,customer001492@example.com,JL GATOT SUBROTO NO 131,1999,[np.int64(1491)],1,C001492,1.0,Auto Match
Mobile Banking,MO_0001656,IwanNugroho,1993-04-28,628740545407,customer000748@example.com,Jalan Ahmad Yani No. 193,Bekasi,IWANNUGROHO,08740545407,customer000748@example.com,JL AHMAD YANI NO 193,1993,[np.int64(747)],1,C000748,0.9772256728778469,Auto Match
Mobile Banking,MO_0001657,Tono Siregar,2009-04-07,8840088010,customer000358@example.com,Jalan Diponegoro No. 16,Medan,TONO SIREGAR,8840088010,customer000358@example.com,JL DIPONEGORO NO 16,2009,[np.int64(357)],1,C000358,1.0,Auto Match
Mobile Banking,MO_0001658,EkoPermata,1991-11-09,62875318694,customer001127@example.com,Jl. Diponegoro No. 68,Jakarta,EKOPERMATA,0875318694,customer001127@example.com,JL DIPONEGORO NO 68,1991,[np.int64(1126)],1,C001127,0.9630952380952381,Auto Match
Mobile Banking,MO_0001659,Lina Permata,2007-05-27,8649742094,customer001618@example.com,Jl. Sudirman No. 60,Bogor,LINA PERMATA,8649742094,customer001618@example.com,JL SUDIRMAN NO 60,2007,[np.int64(1617)],1,C001618,1.0,Auto Match
Mobile Banking,MO_0001660,Vina Permata,1994-06-13,883736041,customer000648@examplecom,JL. MERDEKA NO. 114,Tangerang,VINA PERMATA,883736041,customer000648@examplecom,JL MERDEKA NO 114,1994,[np.int64(647)],1,C000648,0.9809597523219814,Auto Match
Mobile Banking,MO_0001661,Lina Hidayat,1999-07-28,8814186558,customer001281@example.com,Jl. Merdeka No. 112,Medan,LINA HIDAYAT,8814186558,customer001281@example.com,JL MERDEKA NO 112,1999,[np.int64(1280)],1,C001281,1.0,Auto Match
Mobile Banking,MO_0001662,Vina Nugroho,2003-05-19,8159162257,customer000622@example.com,Jl. Ahmad Yani No. 155,Bandung,VINA NUGROHO,8159162257,customer000622@example.com,JL AHMAD YANI NO 155,2003,[np.int64(621)],1,C000622,1.0,Auto Match
Mobile Banking,MO_0001663,NANDAKURNIAWAN,1997-12-13,8167625466,customer000156@example.com,Jl. Diponegoro No. 14,Tangerang,NANDAKURNIAWAN,8167625466,customer000156@example.com,JL DIPONEGORO NO 14,1997,[np.int64(155)],1,C000156,0.9913793103448277,Auto Match
Mobile Banking,MO_0001664,MayaKurniawan,2003-10-16,8235983771,customer001219@example.com,Jalan Diponegoro No. 199,Depok,MAYAKURNIAWAN,8235983771,customer001219@example.com,JL DIPONEGORO NO 199,2003,[np.int64(1218)],1,C001219,0.9907407407407408,Auto Match
Mobile Banking,MO_0001665,Karin Nugroho,2003-02-14,877130075,customer001480@example.com,Jl. Diponegoro No. 104,Depok,KARIN NUGROHO,877130075,customer001480@example.com,JL DIPONEGORO NO 104,2003,[np.int64(1479)],1,C001480,0.986842105263158,Auto Match
Mobile Banking,MO_0001666,K4R1N KURN14W4N,2010-01-13,628887891123,customer001172@examplecom,Jl. Sudirman No. 57,Bekasi,K4R1N KURN14W4N,08887891123,customer001172@examplecom,JL SUDIRMAN NO 57,2010,[],0,C001172,0.8988795518207282,Auto Match
Mobile Banking,MO_0001667,Lina Santoso,2000-10-21,8555404695,customer000728@example.com,JL. DIPONEGORO NO. 172,Semarang,LINA SANTOSO,8555404695,customer000728@example.com,JL DIPONEGORO NO 172,2000,[np.int64(727)],1,C000728,1.0,Auto Match
Mobile Banking,MO_0001668,JOKO WIJAYA,2004-04-02,628982946807,customer000849@example.com,Jl. Sudirman No. 95,Bandung,JOKO WIJAYA,08982946807,customer000849@example.com,JL SUDIRMAN NO 95,2004,[np.int64(848)],1,C000849,0.9880952380952381,Auto Match
Mobile Banking,MO_0001669,Karin Siregar,1990-05-24,8810033482,customer001176@example.com,Jl. Sudirman No. 187,Tangerang,KARIN SIREGAR,8810033482,customer001176@example.com,JL SUDIRMAN NO 187,1990,[np.int64(1175)],1,C001176,1.0,Auto Match
Mobile Banking,MO_0001670,Nanda Nugroho,2014-12-06,8129642412,customer000088@examplecom,Jl. Diponegoro No. 2,Bandung,NANDA NUGROHO,8129642412,customer000088@examplecom,JL DIPONEGORO NO 2,2014,[np.int64(87)],1,C000088,0.9941176470588236,Auto Match
Mobile Banking,MO_0001671,Dewi Setiawan,2014-09-20,8957883395,customer000673@example.com,Jl. Gatot Subroto No. 121,Makassar,DEWI SETIAWAN,8957883395,customer000673@example.com,JL GATOT SUBROTO NO 121,2014,[np.int64(672)],1,C000673,1.0,Auto Match
Mobile Banking,MO_0001672,Lina Pratama,1990-03-07,62844284631,customer001369@example.com,Jl. Diponegoro No. 117,Tangerang,LINA PRATAMA,0844284631,customer001369@example.com,JL DIPONEGORO NO 117,1990,[np.int64(1368)],1,C001369,0.9750000000000001,Auto Match
Mobile Banking,MO_0001673,VINASIREGAR,2007-06-09,628321414119,customer001604@example.com,Jalan Ahmad Yani No. 190,Bandung,VINASIREGAR,08321414119,customer001604@example.com,JL AHMAD YANI NO 190,2007,[np.int64(1603)],1,C001604,0.9772256728778469,Auto Match
Mobile Banking,MO_0001674,Maya Hidayat,2014-11-13,8983192945,customer000877@example.com,JL. GATOT SUBROTO NO. 82,Bekasi,MAYA HIDAYAT,8983192945,customer000877@example.com,JL GATOT SUBROTO NO 82,2014,[np.int64(876)],1,C000877,1.0,Auto Match
Mobile Banking,MO_0001675,Hana Setiawan,2000-03-05,811484213,customer001384@examplecom,Jl. Merdeka No. 173,Jakarta,HANA SETIAWAN,811484213,customer001384@examplecom,JL MERDEKA NO 173,2000,[np.int64(1383)],1,C001384,0.9809597523219814,Auto Match
Mobile Banking,MO_0001676,Dewi Pratama,1991-12-24,8571178995,customer000272@example.com,Jl. Gatot Subroto No. 36,Medan,DEWI PRATAMA,8571178995,customer000272@example.com,JL GATOT SUBROTO NO 36,1991,[np.int64(271)],1,C000272,1.0,Auto Match
Mobile Banking,MO_0001677,4ndi Ramadhan,1995-09-29,8795830877,customer000640@example.com,Jl. Merdeka No. 135,Bogor,4NDI RAMADHAN,8795830877,customer000640@example.com,JL MERDEKA NO 135,1995,[np.int64(639)],1,C000640,0.980769230769231,Auto Match
Mobile Banking,MO_0001678,SARI PRATAMA,2015-06-22,8746358211,customer001337@examplecom,Jalan Gatot Subroto No. 36,Bogor,SARI PRATAMA,8746358211,customer001337@examplecom,JL GATOT SUBROTO NO 36,2015,[np.int64(1336)],1,C001337,0.9941176470588236,Auto Match
Mobile Banking,MO_0001679,PutriPratama,2002-02-07,8600837480,customer000036@example.com,Jl. Diponegoro No. 62,Jakarta,PUTRIPRATAMA,8600837480,customer000036@example.com,JL DIPONEGORO NO 62,2002,[np.int64(35)],1,C000036,0.9900000000000001,Auto Match
Mobile Banking,MO_0001680,Rina Santoso,1991-01-06,871021039,customer000794@example.com,Jl. Merdeka No. 141,Depok,RINA SANTOSO,871021039,customer000794@example.com,JL MERDEKA NO 141,1991,[np.int64(793)],1,C000794,0.986842105263158,Auto Match
Mobile Banking,MO_0001681,Dewi Pratama,2009-10-28,8410121174,customer000946@examplecom,Jl. Merdeka No. 153,Jakarta,DEWI PRATAMA,8410121174,customer000946@examplecom,JL MERDEKA NO 153,2009,[np.int64(945)],1,C000946,0.9941176470588236,Auto Match
Mobile Banking,MO_0001682,PUTRI LESTARI,1997-12-01,8956151951,customer001498@example.com,JL. DIPONEGORO NO. 185,Surabaya,PUTRI LESTARI,8956151951,customer001498@example.com,JL DIPONEGORO NO 185,1997,[np.int64(1497)],1,C001498,1.0,Auto Match
Mobile Banking,MO_0001683,ANDI NUGROHO,2010-12-12,8627751856,customer001112@example.com,Jl. Sudirman No. 198,Bekasi,ANDI NUGROHO,8627751856,customer001112@example.com,JL SUDIRMAN NO 198,2010,[np.int64(1111)],1,C001112,1.0,Auto Match
Mobile Banking,MO_0001684,EKO PERM4T4,2012-10-28,865023458,customer001344@example.com,Jl. Diponegoro No. 52,Bandung,EKO PERM4T4,865023458,customer001344@example.com,JL DIPONEGORO NO 52,2012,[np.int64(1343)],1,C001344,0.9413875598086126,Auto Match
Mobile Banking,MO_0001685,Putri Lestari,1999-11-26,827320350,customer001025@example.com,Jl. Diponegoro No. 95,Bandung,PUTRI LESTARI,827320350,customer001025@example.com,JL DIPONEGORO NO 95,1999,[np.int64(1024)],1,C001025,0.986842105263158,Auto Match
Mobile Banking,MO_0001686,GITA SETIAWAN,2001-05-30,878674808,customer001744@example.com,Jl. Diponegoro No. 90,Jakarta,GITA SETIAWAN,878674808,customer001744@example.com,JL DIPONEGORO NO 90,2001,[np.int64(1743)],1,C001744,0.986842105263158,Auto Match
Mobile Banking,MO_0001687,Rina Nugroho,2010-01-21,8522599668,customer000306@example.com,Jl. Diponegoro No. 176,Bandung,RINA NUGROHO,8522599668,customer000306@example.com,JL DIPONEGORO NO 176,2010,[np.int64(305)],1,C000306,1.0,Auto Match
Mobile Banking,MO_0001688,Putri Lestari,2005-08-18,8645625556,customer000478@example.com,Jl. Merdeka No. 112,Semarang,PUTRI LESTARI,8645625556,customer000478@example.com,JL MERDEKA NO 112,2005,[np.int64(477)],1,C000478,1.0,Auto Match
Mobile Banking,MO_0001689,SARIPERMATA,2004-05-17,62870469882,customer001077@examplecom,Jl. Gatot Subroto No. 104,Bandung,SARIPERMATA,0870469882,customer001077@examplecom,JL GATOT SUBROTO NO 104,2004,[],0,C001077,0.9582480818414322,Auto Match
Mobile Banking,MO_0001690,4ndi Nugroho,2006-02-20,628565191558,customer001552@example.com,Jl. Ahmad Yani No. 53,Bekasi,4NDI NUGROHO,08565191558,customer001552@example.com,JL AHMAD YANI NO 53,2006,[np.int64(1551)],1,C001552,0.9672619047619048,Auto Match
Mobile Banking,MO_0001691,KARINRAMADHAN,2012-03-27,628352689605,customer000508@example.com,Jl. Gatot Subroto No. 199,Semarang,KARINRAMADHAN,08352689605,customer000508@example.com,JL GATOT SUBROTO NO 199,2012,[np.int64(507)],1,C000508,0.9788359788359788,Auto Match
Mobile Banking,MO_0001692,BudiRamadhan,2011-08-08,823900017,customer001398@example.com,Jl. Merdeka No. 121,Bandung,BUDIRAMADHAN,823900017,customer001398@example.com,JL MERDEKA NO 121,2011,[np.int64(1397)],1,C001398,0.976842105263158,Auto Match
Mobile Banking,MO_0001693,Joko Pratama,1996-09-20,872000730,customer000716@examplecom,Jl. Sudirman No. 4,Makassar,JOKO PRATAMA,872000730,customer000716@examplecom,JL SUDIRMAN NO 4,1996,[np.int64(715)],1,C000716,0.9809597523219814,Auto Match
Mobile Banking,MO_0001694,VINA RAMADHAN,1997-04-07,8610398428,customer001339@example.com,JL. AHMAD YANI NO. 189,Depok,VINA RAMADHAN,8610398428,customer001339@example.com,JL AHMAD YANI NO 189,1997,[np.int64(1338)],1,C001339,1.0,Auto Match
Mobile Banking,MO_0001695,Putri Permata,2001-05-04,8935941608,customer000212@examplecom,Jl. Gatot Subroto No. 109,Bekasi,PUTRI PERMATA,8935941608,customer000212@examplecom,JL GATOT SUBROTO NO 109,2001,[np.int64(211)],1,C000212,0.9941176470588236,Auto Match
Mobile Banking,MO_0001696,PUTRI RAMADHAN,2003-06-18,8815791115,customer001392@examplecom,Jl. Ahmad Yani No. 167,Semarang,PUTRI RAMADHAN,8815791115,customer001392@examplecom,JL AHMAD YANI NO 167,2003,[np.int64(1391)],1,C001392,0.9941176470588236,Auto Match
Mobile Banking,MO_0001697,Hana Hidayat,2004-01-16,8218753390,customer000887@example.com,JL. DIPONEGORO NO. 128,Bandung,HANA HIDAYAT,8218753390,customer000887@example.com,JL DIPONEGORO NO 128,2004,[np.int64(886)],1,C000887,1.0,Auto Match
Mobile Banking,MO_0001698,Eko Nugroho,2013-01-24,628614328548,customer001322@example.com,Jl. Diponegoro No. 163,Bogor,EKO NUGROHO,08614328548,customer001322@example.com,JL DIPONEGORO NO 163,2013,[np.int64(1321)],1,C001322,0.9880952380952381,Auto Match
Mobile Banking,MO_0001699,PUTRI SETIAWAN,2011-12-13,8572200757,customer001061@example.com,Jalan Merdeka No. 4,Depok,PUTRI SETIAWAN,8572200757,customer001061@example.com,JL MERDEKA NO 4,2011,[np.int64(1060)],1,C001061,1.0,Auto Match
Mobile Banking,MO_0001700,Joko Nugroho,2015-09-19,8267524878,customer000760@example.com,Jl. Merdeka No. 20,Semarang,JOKO NUGROHO,8267524878,customer000760@example.com,JL MERDEKA NO 20,2015,[np.int64(759)],1,C000760,1.0,Auto Match
Mobile Banking,MO_0001701,Putri Lestari,2005-11-06,62890323590,customer000013@example.com,Jl. Sudirman No. 2,Bogor,PUTRI LESTARI,0890323590,customer000013@example.com,JL SUDIRMAN NO 2,2005,[np.int64(12)],1,C000013,0.9750000000000001,Auto Match
Mobile Banking,MO_0001702,Lina Lestari,2003-03-20,8514033735,customer000065@example.com,Jl. Ahmad Yani No. 9,Tangerang,LINA LESTARI,8514033735,customer000065@example.com,JL AHMAD YANI NO 9,2003,[np.int64(64)],1,C000065,1.0,Auto Match
Mobile Banking,MO_0001703,Putri Kurniawan,1989-05-24,62895333291,customer000531@example.com,Jl. Ahmad Yani No. 6,Medan,PUTRI KURNIAWAN,0895333291,customer000531@example.com,JL AHMAD YANI NO 6,1989,[np.int64(530)],1,C000531,0.9750000000000001,Auto Match
Mobile Banking,MO_0001704,TONO WIJAYA,2000-03-01,8751611026,customer000091@example.com,Jl. Diponegoro No. 28,Jakarta,TONO WIJAYA,8751611026,customer000091@example.com,JL DIPONEGORO NO 28,2000,[np.int64(90)],1,C000091,1.0,Auto Match
Mobile Banking,MO_0001705,GITA HIDAYAT,2014-11-03,8494484677,customer001499@examplecom,Jl. Ahmad Yani No. 148,Medan,GITA HIDAYAT,8494484677,customer001499@examplecom,JL AHMAD YANI NO 148,2014,[np.int64(1498)],1,C001499,0.9941176470588236,Auto Match
Mobile Banking,MO_0001706,Putri Hidayat,1995-12-17,8428952967,customer001527@example.com,Jl. Ahmad Yani No. 8,Bekasi,PUTRI HIDAYAT,8428952967,customer001527@example.com,JL AHMAD YANI NO 8,1995,[np.int64(1526)],1,C001527,1.0,Auto Match
Mobile Banking,MO_0001707,Dewi Wijaya,1996-05-02,8219291682,customer000894@example.com,Jl. Merdeka No. 171,Tangerang,DEWI WIJAYA,8219291682,customer000894@example.com,JL MERDEKA NO 171,1996,[np.int64(893)],1,C000894,1.0,Auto Match
Mobile Banking,MO_0001708,MayaSaputra,2006-09-01,848000996,customer001464@example.com,Jalan Sudirman No. 180,Semarang,MAYASAPUTRA,848000996,customer001464@example.com,JL SUDIRMAN NO 180,2006,[np.int64(1463)],1,C001464,0.9759725400457667,Auto Match
Mobile Banking,MO_0001709,DEWIHIDAYAT,1992-06-08,8819196702,customer001426@example.com,Jl. Merdeka No. 128,Bekasi,DEWIHIDAYAT,8819196702,customer001426@example.com,JL MERDEKA NO 128,1992,[np.int64(1425)],1,C001426,0.9891304347826088,Auto Match
Mobile Banking,MO_0001710,FAJARKURNIAWAN,2012-01-26,8901013205,customer001603@example.com,Jl. Ahmad Yani No. 180,Tangerang,FAJARKURNIAWAN,8901013205,customer001603@example.com,JL AHMAD YANI NO 180,2012,[np.int64(1602)],1,C001603,0.9913793103448277,Auto Match
Mobile Banking,MO_0001711,Tono Lestari,2010-03-28,8154636465,customer000483@example.com,Jalan Gatot Subroto No. 87,Depok,TONO LESTARI,8154636465,customer000483@example.com,JL GATOT SUBROTO NO 87,2010,[np.int64(482)],1,C000483,1.0,Auto Match
Mobile Banking,MO_0001712,VINASAPUTRA,1991-01-11,8712959423,customer000691@example.com,Jl. Sudirman No. 19,Makassar,VINASAPUTRA,8712959423,customer000691@example.com,JL SUDIRMAN NO 19,1991,[np.int64(690)],1,C000691,0.9891304347826088,Auto Match
Mobile Banking,MO_0001713,Gita Wijaya,2005-02-15,8173070658,customer001298@example.com,Jl. Diponegoro No. 95,Surabaya,GITA WIJAYA,8173070658,customer001298@example.com,JL DIPONEGORO NO 95,2005,[np.int64(1297)],1,C001298,1.0,Auto Match
Mobile Banking,MO_0001714,FAJAR SETIAWAN,2011-10-18,8362704960,customer001023@example.com,Jalan Sudirman No. 87,Jakarta,FAJAR SETIAWAN,8362704960,customer001023@example.com,JL SUDIRMAN NO 87,2011,[np.int64(1022)],1,C001023,1.0,Auto Match
Mobile Banking,MO_0001715,4ndi Setiawan,2011-04-18,8141096056,customer000233@example.com,Jl. Merdeka No. 38,Surabaya,4NDI SETIAWAN,8141096056,customer000233@example.com,JL MERDEKA NO 38,2011,[np.int64(232)],1,C000233,0.980769230769231,Auto Match
Mobile Banking,MO_0001716,IWAN LESTARI,2015-09-16,8633650606,customer000344@example.com,Jl. Gatot Subroto No. 81,Tangerang,IWAN LESTARI,8633650606,customer000344@example.com,JL GATOT SUBROTO NO 81,2015,[np.int64(343)],1,C000344,1.0,Auto Match
Mobile Banking,MO_0001717,Oscar Siregar,2003-06-07,8397224006,customer000357@example.com,Jl. Merdeka No. 25,Medan,OSCAR SIREGAR,8397224006,customer000357@example.com,JL MERDEKA NO 25,2003,[np.int64(356)],1,C000357,1.0,Auto Match
Mobile Banking,MO_0001718,Tono Ramadhan,1996-05-18,8619233557,customer000572@example.com,Jl. Merdeka No. 199,Makassar,TONO RAMADHAN,8619233557,customer000572@example.com,JL MERDEKA NO 199,1996,[np.int64(571)],1,C000572,1.0,Auto Match
Mobile Banking,MO_0001719,Budi Siregar,1997-05-10,628109088220,customer000990@example.com,Jalan Sudirman No. 110,Bandung,BUDI SIREGAR,08109088220,customer000990@example.com,JL SUDIRMAN NO 110,1997,[np.int64(989)],1,C000990,0.9880952380952381,Auto Match
Mobile Banking,MO_0001720,SARI SAPUTRA,2005-08-24,876673370,customer000048@example.com,JALAN SUDIRMAN NO. 26,Medan,SARI SAPUTRA,876673370,customer000048@example.com,JL SUDIRMAN NO 26,2005,[np.int64(47)],1,C000048,0.986842105263158,Auto Match
Mobile Banking,MO_0001721,Joko Lestari,1989-11-17,8824091404,customer001562@example.com,Jl. Sudirman No. 139,Makassar,JOKO LESTARI,8824091404,customer001562@example.com,JL SUDIRMAN NO 139,1989,[np.int64(1561)],1,C001562,1.0,Auto Match
Mobile Banking,MO_0001722,DEWIKURNIAWAN,2012-06-06,8983148870,customer000318@example.com,Jalan Diponegoro No. 30,Jakarta,DEWIKURNIAWAN,8983148870,customer000318@example.com,JL DIPONEGORO NO 30,2012,[np.int64(317)],1,C000318,0.9907407407407408,Auto Match
Mobile Banking,MO_0001723,Iwan Siregar,2001-12-16,8745317524,customer001740@example.com,Jalan Merdeka No. 124,Semarang,IWAN SIREGAR,8745317524,customer001740@example.com,JL MERDEKA NO 124,2001,[np.int64(1739)],1,C001740,1.0,Auto Match
Mobile Banking,MO_0001724,Budi Wijaya,2014-09-01,62833673933,customer001240@example.com,Jl. Ahmad Yani No. 191,Bogor,BUDI WIJAYA,0833673933,customer001240@example.com,JL AHMAD YANI NO 191,2014,[np.int64(1239)],1,C001240,0.9750000000000001,Auto Match
Mobile Banking,MO_0001725,Iwan Santoso,1996-08-21,8372265328,customer000647@example.com,Jl. Sudirman No. 109,Bandung,IWAN SANTOSO,8372265328,customer000647@example.com,JL SUDIRMAN NO 109,1996,[np.int64(646)],1,C000647,1.0,Auto Match
Mobile Banking,MO_0001726,Hana Permata,1998-09-19,628931852344,customer000576@examplecom,JL. GATOT SUBROTO NO. 48,Medan,HANA PERMATA,08931852344,customer000576@examplecom,JL GATOT SUBROTO NO 48,1998,[np.int64(575)],1,C000576,0.9822128851540616,Auto Match
Mobile Banking,MO_0001727,BudiSiregar,2009-05-27,838230020,customer001772@example.com,Jl. Sudirman No. 194,Medan,BUDISIREGAR,838230020,customer001772@example.com,JL SUDIRMAN NO 194,2009,[np.int64(1771)],1,C001772,0.9759725400457667,Auto Match
Mobile Banking,MO_0001728,OSCAR PRATAMA,1990-03-01,8721106721,customer000952@examplecom,Jl. Sudirman No. 81,Semarang,OSCAR PRATAMA,8721106721,customer000952@examplecom,JL SUDIRMAN NO 81,1990,[np.int64(951)],1,C000952,0.9941176470588236,Auto Match
Mobile Banking,MO_0001729,IwanHidayat,1994-01-03,628119689936,customer000187@examplecom,Jl. Merdeka No. 85,Semarang,IWANHIDAYAT,08119689936,customer000187@examplecom,JL MERDEKA NO 85,1994,[],0,C000187,0.9713433199366702,Auto Match
Mobile Banking,MO_0001730,Citra Hidayat,2012-04-12,8153828524,customer000680@example.com,Jl. Merdeka No. 141,Surabaya,CITRA HIDAYAT,8153828524,customer000680@example.com,JL MERDEKA NO 141,2012,[np.int64(679)],1,C000680,1.0,Auto Match
Mobile Banking,MO_0001731,PUTRI WIJAYA,1998-07-25,628525809924,customer001183@example.com,Jalan Merdeka No. 13,Bogor,PUTRI WIJAYA,08525809924,customer001183@example.com,JL MERDEKA NO 13,1998,[np.int64(1182)],1,C001183,0.9880952380952381,Auto Match
Mobile Banking,MO_0001732,FAJAR PRATAMA,2012-09-06,8664202049,customer000851@example.com,Jl. Sudirman No. 73,Jakarta,FAJAR PRATAMA,8664202049,customer000851@example.com,JL SUDIRMAN NO 73,2012,[np.int64(850)],1,C000851,1.0,Auto Match
Mobile Banking,MO_0001733,Budi Hidayat,2010-05-10,8148776042,customer000676@example.com,Jalan Diponegoro No. 47,Bekasi,BUDI HIDAYAT,8148776042,customer000676@example.com,JL DIPONEGORO NO 47,2010,[np.int64(675)],1,C000676,1.0,Auto Match
Mobile Banking,MO_0001734,NANDARAMADHAN,2008-10-10,8397021908,customer001409@example.com,Jl. Diponegoro No. 90,Jakarta,NANDARAMADHAN,8397021908,customer001409@example.com,JL DIPONEGORO NO 90,2008,[np.int64(1408)],1,C001409,0.9907407407407408,Auto Match
Mobile Banking,MO_0001735,BUDIPRATAMA,1994-04-04,8123603441,customer000808@example.com,Jl. Diponegoro No. 85,Depok,BUDIPRATAMA,8123603441,customer000808@example.com,JL DIPONEGORO NO 85,1994,[np.int64(807)],1,C000808,0.9891304347826088,Auto Match
Mobile Banking,MO_0001736,Fajar Setiawan,2012-09-16,8191344047,customer000132@examplecom,Jl. Diponegoro No. 6,Bekasi,FAJAR SETIAWAN,8191344047,customer000132@examplecom,JL DIPONEGORO NO 6,2012,[np.int64(131)],1,C000132,0.9941176470588236,Auto Match
Mobile Banking,MO_0001737,DewiLestari,1996-12-24,8771520199,customer001307@example.com,Jl. Diponegoro No. 104,Bekasi,DEWILESTARI,8771520199,customer001307@example.com,JL DIPONEGORO NO 104,1996,[np.int64(1306)],1,C001307,0.9891304347826088,Auto Match
Mobile Banking,MO_0001738,Budi Santoso,1994-06-14,890263092,customer001356@example.com,Jalan Gatot Subroto No. 194,Bekasi,BUDI SANTOSO,890263092,customer001356@example.com,JL GATOT SUBROTO NO 194,1994,[np.int64(1355)],1,C001356,0.986842105263158,Auto Match
Mobile Banking,MO_0001739,FAJAR SANTOSO,2013-12-22,8620548195,customer000150@example.com,JL. MERDEKA NO. 19,Semarang,FAJAR SANTOSO,8620548195,customer000150@example.com,JL MERDEKA NO 19,2013,[np.int64(149)],1,C000150,1.0,Auto Match
Mobile Banking,MO_0001740,TonoPratama,1994-01-05,8724154881,customer000192@example.com,Jl. Gatot Subroto No. 115,Depok,TONOPRATAMA,8724154881,customer000192@example.com,JL GATOT SUBROTO NO 115,1994,[np.int64(191)],1,C000192,0.9891304347826088,Auto Match
Mobile Banking,MO_0001741,Tono Pratama,1990-10-20,628661182644,customer001657@example.com,Jl. Merdeka No. 101,Surabaya,TONO PRATAMA,08661182644,customer001657@example.com,JL MERDEKA NO 101,1990,[np.int64(1656)],1,C001657,0.9880952380952381,Auto Match
Mobile Banking,MO_0001742,Gita Lestari,2009-06-28,8482903242,customer001775@example.com,Jl. Merdeka No. 46,Surabaya,GITA LESTARI,8482903242,customer001775@example.com,JL MERDEKA NO 46,2009,[np.int64(1774)],1,C001775,1.0,Auto Match
Mobile Banking,MO_0001743,Iwan Nugroho,2014-01-23,628181514207,customer001643@example.com,Jl. Diponegoro No. 153,Bandung,IWAN NUGROHO,08181514207,customer001643@example.com,JL DIPONEGORO NO 153,2014,[np.int64(1642)],1,C001643,0.9880952380952381,Auto Match
Mobile Banking,MO_0001744,Karin Santoso,2008-04-20,8122300087,customer001669@example.com,Jalan Sudirman No. 147,Bogor,KARIN SANTOSO,8122300087,customer001669@example.com,JL SUDIRMAN NO 147,2008,[np.int64(1668)],1,C001669,1.0,Auto Match
Mobile Banking,MO_0001745,Hana Siregar,2007-07-15,8619578223,customer000383@example.com,Jl. Sudirman No. 105,Bekasi,HANA SIREGAR,8619578223,customer000383@example.com,JL SUDIRMAN NO 105,2007,[np.int64(382)],1,C000383,1.0,Auto Match
Mobile Banking,MO_0001746,HANAKURNIAWAN,2003-06-11,8565725268,customer001140@examplecom,JL. GATOT SUBROTO NO. 21,Bekasi,HANAKURNIAWAN,8565725268,customer001140@examplecom,JL GATOT SUBROTO NO 21,2003,[np.int64(1139)],1,C001140,0.9848583877995642,Auto Match
Mobile Banking,MO_0001747,OSCAR NUGROHO,1990-01-06,8328501978,customer000560@example.com,Jl. Diponegoro No. 116,Bogor,OSCAR NUGROHO,8328501978,customer000560@example.com,JL DIPONEGORO NO 116,1990,[np.int64(559)],1,C000560,1.0,Auto Match
Mobile Banking,MO_0001748,1W4N KURN14W4N,2013-04-10,628353363381,customer001421@example.com,Jl. Diponegoro No. 198,Bekasi,1W4N KURN14W4N,08353363381,customer001421@example.com,JL DIPONEGORO NO 198,2013,[np.int64(1420)],1,C001421,0.8988095238095238,Auto Match
Mobile Banking,MO_0001749,Iwan Kurniawan,2016-04-17,8338513358,customer000666@example.com,Jalan Merdeka No. 181,Makassar,IWAN KURNIAWAN,8338513358,customer000666@example.com,JL MERDEKA NO 181,2016,[np.int64(665)],1,C000666,1.0,Auto Match
Mobile Banking,MO_0001750,LINA LESTARI,2004-11-12,844053460,customer001377@example.com,Jalan Merdeka No. 84,Bekasi,LINA LESTARI,844053460,customer001377@example.com,JL MERDEKA NO 84,2004,[np.int64(1376)],1,C001377,0.986842105263158,Auto Match
Mobile Banking,MO_0001751,Rina Setiawan,1997-12-29,8776191397,customer001268@example.com,JL. SUDIRMAN NO. 162,Depok,RINA SETIAWAN,8776191397,customer001268@example.com,JL SUDIRMAN NO 162,1997,[np.int64(1267)],1,C001268,1.0,Auto Match
Mobile Banking,MO_0001752,Gita Lestari,2008-10-15,878825179,customer000578@example.com,Jalan Gatot Subroto No. 103,Bandung,GITA LESTARI,878825179,customer000578@example.com,JL GATOT SUBROTO NO 103,2008,[np.int64(577)],1,C000578,0.986842105263158,Auto Match
Mobile Banking,MO_0001753,Maya Hidayat,2014-07-18,8190632140,customer001712@example.com,Jl. Sudirman No. 183,Depok,MAYA HIDAYAT,8190632140,customer001712@example.com,JL SUDIRMAN NO 183,2014,[np.int64(1711)],1,C001712,1.0,Auto Match
Mobile Banking,MO_0001754,VINA HIDAYAT,2000-01-31,845283821,customer001327@example.com,JL. DIPONEGORO NO. 171,Jakarta,VINA HIDAYAT,845283821,customer001327@example.com,JL DIPONEGORO NO 171,2000,[np.int64(1326)],1,C001327,0.986842105263158,Auto Match
Mobile Banking,MO_0001755,PutriHidayat,2009-02-28,8182403850,customer000533@examplecom,Jl. Ahmad Yani No. 47,Bekasi,PUTRIHIDAYAT,8182403850,customer000533@examplecom,JL AHMAD YANI NO 47,2009,[np.int64(532)],1,C000533,0.9841176470588235,Auto Match
Mobile Banking,MO_0001756,GITA SIREGAR,2007-05-12,628469394287,customer001698@example.com,JL. SUDIRMAN NO. 20,Bandung,GITA SIREGAR,08469394287,customer001698@example.com,JL SUDIRMAN NO 20,2007,[np.int64(1697)],1,C001698,0.9880952380952381,Auto Match
Mobile Banking,MO_0001757,Fajar Santoso,1994-09-30,628528254808,customer000136@examplecom,Jalan Sudirman No. 36,Bekasi,FAJAR SANTOSO,08528254808,customer000136@examplecom,JL SUDIRMAN NO 36,1994,[np.int64(135)],1,C000136,0.9822128851540616,Auto Match
Mobile Banking,MO_0001758,SARISETIAWAN,2002-07-20,8682669739,customer001114@examplecom,Jl. Diponegoro No. 105,Surabaya,SARISETIAWAN,8682669739,customer001114@examplecom,JL DIPONEGORO NO 105,2002,[np.int64(1113)],1,C001114,0.9841176470588235,Auto Match
Mobile Banking,MO_0001759,NandaPermata,1996-05-05,8171007523,customer001259@example.com,Jalan Merdeka No. 112,Jakarta,NANDAPERMATA,8171007523,customer001259@example.com,JL MERDEKA NO 112,1996,[np.int64(1258)],1,C001259,0.9900000000000001,Auto Match
Mobile Banking,MO_0001760,Vina Permata,1992-01-23,8881415214,customer001366@example.com,Jl. Sudirman No. 65,Depok,VINA PERMATA,8881415214,customer001366@example.com,JL SUDIRMAN NO 65,1992,[np.int64(1365)],1,C001366,1.0,Auto Match
Mobile Banking,MO_0001761,Fajar Kurniawan,2002-11-11,8687508501,customer000106@example.com,Jl. Gatot Subroto No. 46,Bogor,FAJAR KURNIAWAN,8687508501,customer000106@example.com,JL GATOT SUBROTO NO 46,2002,[np.int64(105)],1,C000106,1.0,Auto Match
Mobile Banking,MO_0001762,Fajar Permata,2011-01-13,844317942,customer001696@examplecom,Jalan Ahmad Yani No. 12,Surabaya,FAJAR PERMATA,844317942,customer001696@examplecom,JL AHMAD YANI NO 12,2011,[np.int64(1695)],1,C001696,0.9809597523219814,Auto Match
Mobile Banking,MO_0001763,MayaLestari,2004-10-28,628514882741,customer000586@examplecom,Jl. Ahmad Yani No. 119,Makassar,MAYALESTARI,08514882741,customer000586@examplecom,JL AHMAD YANI NO 119,2004,[],0,C000586,0.9713433199366702,Auto Match
Mobile Banking,MO_0001764,Hana Siregar,1995-03-25,8709806837,customer001203@example.com,Jl. Sudirman No. 130,Jakarta,HANA SIREGAR,8709806837,customer001203@example.com,JL SUDIRMAN NO 130,1995,[np.int64(1202)],1,C001203,1.0,Auto Match
Mobile Banking,MO_0001765,Putri Pratama,1996-05-11,8300732514,customer001050@example.com,Jalan Ahmad Yani No. 156,Tangerang,PUTRI PRATAMA,8300732514,customer001050@example.com,JL AHMAD YANI NO 156,1996,[np.int64(1049)],1,C001050,1.0,Auto Match
Mobile Banking,MO_0001766,RINARAMADHAN,2014-08-13,628576135453,customer000296@example.com,Jalan Merdeka No. 163,Bogor,RINARAMADHAN,08576135453,customer000296@example.com,JL MERDEKA NO 163,2014,[np.int64(295)],1,C000296,0.9780952380952381,Auto Match
Mobile Banking,MO_0001767,Dewi Wijaya,2000-12-09,8543216624,customer000175@example.com,Jl. Ahmad Yani No. 23,Surabaya,DEWI WIJAYA,8543216624,customer000175@example.com,JL AHMAD YANI NO 23,2000,[np.int64(174)],1,C000175,1.0,Auto Match
Mobile Banking,MO_0001768,Joko Permata,2011-03-18,8197655505,customer000203@example.com,JL. DIPONEGORO NO. 11,Bekasi,JOKO PERMATA,8197655505,customer000203@example.com,JL DIPONEGORO NO 11,2011,[np.int64(202)],1,C000203,1.0,Auto Match
Mobile Banking,MO_0001769,IwanPratama,2003-06-20,8711505749,customer001605@example.com,Jalan Merdeka No. 55,Bekasi,IWANPRATAMA,8711505749,customer001605@example.com,JL MERDEKA NO 55,2003,[np.int64(1604)],1,C001605,0.9891304347826088,Auto Match
Mobile Banking,MO_0001770,SARI SAPUTRA,2000-03-16,8183229613,customer001046@example.com,JL. DIPONEGORO NO. 59,Makassar,SARI SAPUTRA,8183229613,customer001046@example.com,JL DIPONEGORO NO 59,2000,[np.int64(1045)],1,C001046,1.0,Auto Match
Mobile Banking,MO_0001771,Putri Siregar,2001-10-28,8745819002,customer000567@example.com,Jl. Gatot Subroto No. 198,Depok,PUTRI SIREGAR,8745819002,customer000567@example.com,JL GATOT SUBROTO NO 198,2001,[np.int64(566)],1,C000567,1.0,Auto Match
Mobile Banking,MO_0001772,Putri Ramadhan,2005-05-31,628971544252,customer001336@example.com,Jl. Merdeka No. 5,Depok,PUTRI RAMADHAN,08971544252,customer001336@example.com,JL MERDEKA NO 5,2005,[np.int64(1335)],1,C001336,0.9880952380952381,Auto Match
Mobile Banking,MO_0001773,PUTRI KURNIAWAN,1992-02-17,8178691308,customer000638@example.com,Jl. Diponegoro No. 187,Medan,PUTRI KURNIAWAN,8178691308,customer000638@example.com,JL DIPONEGORO NO 187,1992,[np.int64(637)],1,C000638,1.0,Auto Match
Mobile Banking,MO_0001774,KARIN SANTOSO,1998-05-12,8243000035,customer000449@example.com,Jl. Merdeka No. 192,Makassar,KARIN SANTOSO,8243000035,customer000449@example.com,JL MERDEKA NO 192,1998,[np.int64(448)],1,C000449,1.0,Auto Match
Mobile Banking,MO_0001775,Joko Siregar,1992-04-10,8471058498,customer001169@examplecom,Jalan Ahmad Yani No. 160,Makassar,JOKO SIREGAR,8471058498,customer001169@examplecom,JL AHMAD YANI NO 160,1992,[np.int64(1168)],1,C001169,0.9941176470588236,Auto Match
Mobile Banking,MO_0001776,KARIN KURNIAWAN,1998-08-10,62868851488,customer000466@example.com,Jl. Ahmad Yani No. 84,Depok,KARIN KURNIAWAN,0868851488,customer000466@example.com,JL AHMAD YANI NO 84,1998,[np.int64(465)],1,C000466,0.9750000000000001,Auto Match
Mobile Banking,MO_0001777,Sari Siregar,1993-05-06,628799019807,customer000418@example.com,Jl. Merdeka No. 20,Tangerang,SARI SIREGAR,08799019807,customer000418@example.com,JL MERDEKA NO 20,1993,[np.int64(417)],1,C000418,0.9880952380952381,Auto Match
Mobile Banking,MO_0001778,KARIN SIREGAR,2005-04-11,811169401,customer000863@example.com,Jl. Merdeka No. 4,Tangerang,KARIN SIREGAR,811169401,customer000863@example.com,JL MERDEKA NO 4,2005,[np.int64(862)],1,C000863,0.986842105263158,Auto Match
Mobile Banking,MO_0001779,KarinSaputra,2005-10-27,8366519718,customer000751@example.com,JALAN DIPONEGORO NO. 135,Medan,KARINSAPUTRA,8366519718,customer000751@example.com,JL DIPONEGORO NO 135,2005,[np.int64(750)],1,C000751,0.9900000000000001,Auto Match
Mobile Banking,MO_0001780,Putri Saputra,2000-05-14,8916212175,customer001715@example.com,Jl. Sudirman No. 92,Makassar,PUTRI SAPUTRA,8916212175,customer001715@example.com,JL SUDIRMAN NO 92,2000,[np.int64(1714)],1,C001715,1.0,Auto Match
Mobile Banking,MO_0001781,Citra Saputra,2015-08-15,628366711469,customer000910@examplecom,Jl. Gatot Subroto No. 154,Bogor,CITRA SAPUTRA,08366711469,customer000910@examplecom,JL GATOT SUBROTO NO 154,2015,[np.int64(909)],1,C000910,0.9822128851540616,Auto Match
Mobile Banking,MO_0001782,4ND1 W1J4Y4,1996-02-26,628135951818,customer000193@example.com,Jl. Merdeka No. 198,Bogor,4ND1 W1J4Y4,08135951818,customer000193@example.com,JL MERDEKA NO 198,1996,[np.int64(192)],1,C000193,0.8744588744588745,Auto Match
Mobile Banking,MO_0001783,Sari Siregar,2001-01-29,8821007875,customer000019@example.com,JL. AHMAD YANI NO. 129,Medan,SARI SIREGAR,8821007875,customer000019@example.com,JL AHMAD YANI NO 129,2001,[np.int64(18)],1,C000019,1.0,Auto Match
Mobile Banking,MO_0001784,BUDI KURNIAWAN,2006-03-28,812230101,customer000004@example.com,Jl. Gatot Subroto No. 84,Makassar,BUDI KURNIAWAN,812230101,customer000004@example.com,JL GATOT SUBROTO NO 84,2006,[np.int64(3)],1,C000004,0.986842105263158,Auto Match
Mobile Banking,MO_0001785,EkoLestari,1995-01-22,8889630217,customer000360@example.com,Jl. Ahmad Yani No. 35,Jakarta,EKOLESTARI,8889630217,customer000360@example.com,JL AHMAD YANI NO 35,1995,[np.int64(359)],1,C000360,0.9880952380952382,Auto Match
Mobile Banking,MO_0001786,Budi Siregar,2001-05-10,628719876990,customer000001@example.com,Jl. Gatot Subroto No. 132,Tangerang,BUDI SIREGAR,08719876990,customer000001@example.com,JL GATOT SUBROTO NO 132,2001,[np.int64(0)],1,C000001,0.9880952380952381,Auto Match
Mobile Banking,MO_0001787,MAYA WIJAYA,2008-01-16,8684641265,customer000413@example.com,Jalan Ahmad Yani No. 198,Tangerang,MAYA WIJAYA,8684641265,customer000413@example.com,JL AHMAD YANI NO 198,2008,[np.int64(412)],1,C000413,1.0,Auto Match
Mobile Banking,MO_0001788,Citra Lestari,2006-08-27,836958137,customer000121@example.com,JL. MERDEKA NO. 86,Makassar,CITRA LESTARI,836958137,customer000121@example.com,JL MERDEKA NO 86,2006,[np.int64(120)],1,C000121,0.986842105263158,Auto Match
Mobile Banking,MO_0001789,Fajar Nugroho,2011-03-24,8754540513,customer001210@examplecom,Jl. Gatot Subroto No. 51,Depok,FAJAR NUGROHO,8754540513,customer001210@examplecom,JL GATOT SUBROTO NO 51,2011,[np.int64(1209)],1,C001210,0.9941176470588236,Auto Match
Mobile Banking,MO_0001790,Andi Kurniawan,1996-12-21,8922850748,customer000394@example.com,Jl. Gatot Subroto No. 51,Depok,ANDI KURNIAWAN,8922850748,customer000394@example.com,JL GATOT SUBROTO NO 51,1996,[np.int64(393)],1,C000394,1.0,Auto Match
Mobile Banking,MO_0001791,Tono Pratama,2001-12-27,875779168,customer001267@example.com,Jalan Gatot Subroto No. 120,Semarang,TONO PRATAMA,875779168,customer001267@example.com,JL GATOT SUBROTO NO 120,2001,[np.int64(1266)],1,C001267,0.986842105263158,Auto Match
Mobile Banking,MO_0001792,FajarSiregar,1998-09-11,8587564713,customer000713@example.com,JL. GATOT SUBROTO NO. 43,Makassar,FAJARSIREGAR,8587564713,customer000713@example.com,JL GATOT SUBROTO NO 43,1998,[np.int64(712)],1,C000713,0.9900000000000001,Auto Match
Mobile Banking,MO_0001793,BUDI NUGROHO,2001-07-16,628683167037,customer001159@example.com,Jl. Ahmad Yani No. 196,Jakarta,BUDI NUGROHO,08683167037,customer001159@example.com,JL AHMAD YANI NO 196,2001,[np.int64(1158)],1,C001159,0.9880952380952381,Auto Match
Mobile Banking,MO_0001794,Lina Lestari,2008-10-28,8231435222,customer000814@examplecom,Jl. Ahmad Yani No. 7,Makassar,LINA LESTARI,8231435222,customer000814@examplecom,JL AHMAD YANI NO 7,2008,[np.int64(813)],1,C000814,0.9941176470588236,Auto Match
Mobile Banking,MO_0001795,Citra Ramadhan,2012-03-25,8226161767,customer000948@example.com,JL. GATOT SUBROTO NO. 50,Tangerang,CITRA RAMADHAN,8226161767,customer000948@example.com,JL GATOT SUBROTO NO 50,2012,[np.int64(947)],1,C000948,1.0,Auto Match
Mobile Banking,MO_0001796,Fajar Saputra,2009-02-19,838725657,customer001000@example.com,JL. SUDIRMAN NO. 154,Bandung,FAJAR SAPUTRA,838725657,customer001000@example.com,JL SUDIRMAN NO 154,2009,[np.int64(999)],1,C001000,0.986842105263158,Auto Match
Mobile Banking,MO_0001797,Tono Permata,1992-12-27,889273197,customer000289@example.com,Jalan Ahmad Yani No. 163,Bekasi,TONO PERMATA,889273197,customer000289@example.com,JL AHMAD YANI NO 163,1992,[np.int64(288)],1,C000289,0.986842105263158,Auto Match
Mobile Banking,MO_0001798,CITRA PERMATA,2009-02-07,62856507121,customer000353@example.com,Jl. Ahmad Yani No. 10,Depok,CITRA PERMATA,0856507121,customer000353@example.com,JL AHMAD YANI NO 10,2009,[np.int64(352)],1,C000353,0.9750000000000001,Auto Match
Mobile Banking,MO_0001799,K4R1N S4PUTR4,2003-04-09,8837575173,customer000464@example.com,Jl. Diponegoro No. 92,Tangerang,K4R1N S4PUTR4,8837575173,customer000464@example.com,JL DIPONEGORO NO 92,2003,[np.int64(463)],1,C000464,0.9230769230769232,Auto Match
Mobile Banking,MO_0001800,S4R1 S1REG4R,1998-03-18,62821171967,customer001351@examplecom,Jalan Gatot Subroto No. 36,Bogor,S4R1 S1REG4R,0821171967,customer001351@examplecom,JL GATOT SUBROTO NO 36,1998,[],0,C001351,0.8857843137254902,Auto Match
Mobile Banking,MO_0001801,Nanda Siregar,2000-11-18,8968809409,customer001143@example.com,Jl. Merdeka No. 145,Bekasi,NANDA SIREGAR,8968809409,customer001143@example.com,JL MERDEKA NO 145,2000,[np.int64(1142)],1,C001143,1.0,Auto Match
Mobile Banking,MO_0001802,MAYA RAMADHAN,1990-03-24,8231792556,customer000858@example.com,Jl. Sudirman No. 14,Semarang,MAYA RAMADHAN,8231792556,customer000858@example.com,JL SUDIRMAN NO 14,1990,[np.int64(857)],1,C000858,1.0,Auto Match
Mobile Banking,MO_0001803,KARIN SAPUTRA,2005-06-05,628782472221,customer000225@example.com,JL. SUDIRMAN NO. 60,Bandung,KARIN SAPUTRA,08782472221,customer000225@example.com,JL SUDIRMAN NO 60,2005,[np.int64(224)],1,C000225,0.9880952380952381,Auto Match
Mobile Banking,MO_0001804,Citra Nugroho,1998-08-05,868445335,customer000839@example.com,Jl. Diponegoro No. 111,Bekasi,CITRA NUGROHO,868445335,customer000839@example.com,JL DIPONEGORO NO 111,1998,[np.int64(838)],1,C000839,0.986842105263158,Auto Match
Mobile Banking,MO_0001805,TonoSaputra,1991-08-16,8260190422,customer000658@example.com,Jl. Gatot Subroto No. 77,Makassar,TONOSAPUTRA,8260190422,customer000658@example.com,JL GATOT SUBROTO NO 77,1991,[np.int64(657)],1,C000658,0.9891304347826088,Auto Match
Mobile Banking,MO_0001806,SARI HIDAYAT,2000-08-28,628363220933,customer001424@example.com,JL. MERDEKA NO. 60,Bogor,SARI HIDAYAT,08363220933,customer001424@example.com,JL MERDEKA NO 60,2000,[np.int64(1423)],1,C001424,0.9880952380952381,Auto Match
Mobile Banking,MO_0001807,Lina Hidayat,1996-08-03,861436422,customer001630@example.com,Jl. Sudirman No. 100,Semarang,LINA HIDAYAT,861436422,customer001630@example.com,JL SUDIRMAN NO 100,1996,[np.int64(1629)],1,C001630,0.986842105263158,Auto Match
Mobile Banking,MO_0001808,LINA NUGROHO,2002-11-01,8551088219,customer001504@examplecom,Jl. Gatot Subroto No. 36,Jakarta,LINA NUGROHO,8551088219,customer001504@examplecom,JL GATOT SUBROTO NO 36,2002,[np.int64(1503)],1,C001504,0.9941176470588236,Auto Match
Mobile Banking,MO_0001809,Vina Siregar,2012-04-29,8127714751,customer001257@example.com,Jl. Merdeka No. 74,Surabaya,VINA SIREGAR,8127714751,customer001257@example.com,JL MERDEKA NO 74,2012,[np.int64(1256)],1,C001257,1.0,Auto Match
Mobile Banking,MO_0001810,RINA SAPUTRA,1992-05-31,8662467732,customer000802@example.com,Jl. Ahmad Yani No. 132,Bogor,RINA SAPUTRA,8662467732,customer000802@example.com,JL AHMAD YANI NO 132,1992,[np.int64(801)],1,C000802,1.0,Auto Match
Mobile Banking,MO_0001811,MAYA SAPUTRA,2002-06-22,8929989299,customer001008@example.com,JL. SUDIRMAN NO. 142,Depok,MAYA SAPUTRA,8929989299,customer001008@example.com,JL SUDIRMAN NO 142,2002,[np.int64(1007)],1,C001008,1.0,Auto Match
Mobile Banking,MO_0001812,Vina Setiawan,1992-08-25,8108659912,customer000174@example.com,Jl. Gatot Subroto No. 150,Bogor,VINA SETIAWAN,8108659912,customer000174@example.com,JL GATOT SUBROTO NO 150,1992,[np.int64(173)],1,C000174,1.0,Auto Match
Mobile Banking,MO_0001813,Nanda Ramadhan,2004-01-13,62873401245,customer001795@example.com,Jl. Gatot Subroto No. 169,Tangerang,NANDA RAMADHAN,0873401245,customer001795@example.com,JL GATOT SUBROTO NO 169,2004,[np.int64(1794)],1,C001795,0.9750000000000001,Auto Match
Mobile Banking,MO_0001814,VinaKurniawan,2008-09-09,8154746880,customer001681@examplecom,Jalan Merdeka No. 128,Depok,VINAKURNIAWAN,8154746880,customer001681@examplecom,JL MERDEKA NO 128,2008,[np.int64(1680)],1,C001681,0.9848583877995642,Auto Match
Mobile Banking,MO_0001815,HANA SAPUTRA,2005-09-13,8388525655,customer001530@example.com,Jl. Merdeka No. 191,Medan,HANA SAPUTRA,8388525655,customer001530@example.com,JL MERDEKA NO 191,2005,[np.int64(1529)],1,C001530,1.0,Auto Match
Mobile Banking,MO_0001816,Citra Siregar,2003-06-15,871297669,customer000432@examplecom,JALAN AHMAD YANI NO. 48,Bandung,CITRA SIREGAR,871297669,customer000432@examplecom,JL AHMAD YANI NO 48,2003,[np.int64(431)],1,C000432,0.9809597523219814,Auto Match
Mobile Banking,MO_0001817,FajarPratama,1989-08-07,889664658,customer001542@examplecom,Jalan Merdeka No. 159,Bogor,FAJARPRATAMA,889664658,customer001542@examplecom,JL MERDEKA NO 159,1989,[],0,C001542,0.9709597523219814,Auto Match
Mobile Banking,MO_0001818,JokoWijaya,1996-07-30,8184357558,customer000417@example.com,Jl. Diponegoro No. 186,Bekasi,JOKOWIJAYA,8184357558,customer000417@example.com,JL DIPONEGORO NO 186,1996,[np.int64(416)],1,C000417,0.9880952380952382,Auto Match
Mobile Banking,MO_0001819,Nanda Siregar,1995-08-05,628877362301,customer001106@examplecom,Jl. Gatot Subroto No. 26,Semarang,NANDA SIREGAR,08877362301,customer001106@examplecom,JL GATOT SUBROTO NO 26,1995,[np.int64(1105)],1,C001106,0.9822128851540616,Auto Match
Mobile Banking,MO_0001820,DEWI HIDAYAT,2013-11-29,8770939738,customer000481@example.com,Jalan Sudirman No. 116,Medan,DEWI HIDAYAT,8770939738,customer000481@example.com,JL SUDIRMAN NO 116,2013,[np.int64(480)],1,C000481,1.0,Auto Match
Mobile Banking,MO_0001821,MayaSiregar,2005-07-30,8782774570,customer000238@example.com,JL. SUDIRMAN NO. 162,Depok,MAYASIREGAR,8782774570,customer000238@example.com,JL SUDIRMAN NO 162,2005,[np.int64(237)],1,C000238,0.9891304347826088,Auto Match
Mobile Banking,MO_0001822,Gita Setiawan,2008-06-26,8316426198,customer001607@example.com,Jl. Ahmad Yani No. 132,Depok,GITA SETIAWAN,8316426198,customer001607@example.com,JL AHMAD YANI NO 132,2008,[np.int64(1606)],1,C001607,1.0,Auto Match
Mobile Banking,MO_0001823,IwanHidayat,2011-09-28,8817701948,customer001037@example.com,Jl. Merdeka No. 45,Makassar,IWANHIDAYAT,8817701948,customer001037@example.com,JL MERDEKA NO 45,2011,[np.int64(1036)],1,C001037,0.9891304347826088,Auto Match
Mobile Banking,MO_0001824,Rina Kurniawan,2007-04-26,62813346335,customer000800@example.com,JL. DIPONEGORO NO. 118,Jakarta,RINA KURNIAWAN,0813346335,customer000800@example.com,JL DIPONEGORO NO 118,2007,[np.int64(799)],1,C000800,0.9750000000000001,Auto Match
Mobile Banking,MO_0001825,LINANUGROHO,2003-09-09,821536386,customer000458@example.com,Jl. Sudirman No. 161,Semarang,LINANUGROHO,821536386,customer000458@example.com,JL SUDIRMAN NO 161,2003,[np.int64(457)],1,C000458,0.9759725400457667,Auto Match
Mobile Banking,MO_0001826,Fajar Nugroho,2009-09-18,628535121785,customer000959@example.com,Jl. Merdeka No. 70,Bekasi,FAJAR NUGROHO,08535121785,customer000959@example.com,JL MERDEKA NO 70,2009,[np.int64(958)],1,C000959,0.9880952380952381,Auto Match
Mobile Banking,MO_0001827,BudiRamadhan,2001-07-07,8313136131,customer001578@example.com,Jl. Diponegoro No. 66,Semarang,BUDIRAMADHAN,8313136131,customer001578@example.com,JL DIPONEGORO NO 66,2001,[np.int64(1577)],1,C001578,0.9900000000000001,Auto Match
Mobile Banking,MO_0001828,Citra Siregar,1991-05-14,8462485207,customer001539@example.com,JL. GATOT SUBROTO NO. 8,Medan,CITRA SIREGAR,8462485207,customer001539@example.com,JL GATOT SUBROTO NO 8,1991,[np.int64(1538)],1,C001539,1.0,Auto Match
Mobile Banking,MO_0001829,SariWijaya,2011-09-27,829511473,customer000290@example.com,Jl. Gatot Subroto No. 176,Bogor,SARIWIJAYA,829511473,customer000290@example.com,JL GATOT SUBROTO NO 176,2011,[np.int64(289)],1,C000290,0.974937343358396,Auto Match
Mobile Banking,MO_0001830,JOKOPERMATA,1991-11-29,8650792447,customer000470@example.com,Jalan Merdeka No. 120,Medan,JOKOPERMATA,8650792447,customer000470@example.com,JL MERDEKA NO 120,1991,[np.int64(469)],1,C000470,0.9891304347826088,Auto Match
Mobile Banking,MO_0001831,Iwan Nugroho,1995-07-15,8121806418,customer000311@examplecom,Jl. Merdeka No. 95,Bandung,IWAN NUGROHO,8121806418,customer000311@examplecom,JL MERDEKA NO 95,1995,[np.int64(310)],1,C000311,0.9941176470588236,Auto Match
Mobile Banking,MO_0001832,TonoSantoso,2002-11-25,8593998829,customer000485@examplecom,Jl. Gatot Subroto No. 185,Bekasi,TONOSANTOSO,8593998829,customer000485@examplecom,JL GATOT SUBROTO NO 185,2002,[np.int64(484)],1,C000485,0.9832480818414323,Auto Match
Mobile Banking,MO_0001833,TonoSetiawan,2009-01-16,628768099388,customer000541@examplecom,Jl. Sudirman No. 118,Tangerang,TONOSETIAWAN,08768099388,customer000541@examplecom,JL SUDIRMAN NO 118,2009,[],0,C000541,0.9722128851540616,Auto Match
Mobile Banking,MO_0001834,4ndi Hidayat,2012-07-05,8977863890,customer000584@examplecom,Jl. Ahmad Yani No. 178,Makassar,4NDI HIDAYAT,8977863890,customer000584@examplecom,JL AHMAD YANI NO 178,2012,[np.int64(583)],1,C000584,0.9732843137254902,Auto Match
Mobile Banking,MO_0001835,1wan Saputra,2012-04-26,8987963324,customer000398@example.com,Jalan Ahmad Yani No. 111,Semarang,1WAN SAPUTRA,8987963324,customer000398@example.com,JL AHMAD YANI NO 111,2012,[np.int64(397)],1,C000398,0.9791666666666667,Auto Match
Mobile Banking,MO_0001836,JOKO NUGROHO,1996-07-18,8649366586,customer000487@example.com,Jl. Diponegoro No. 64,Tangerang,JOKO NUGROHO,8649366586,customer000487@example.com,JL DIPONEGORO NO 64,1996,[np.int64(486)],1,C000487,1.0,Auto Match
Mobile Banking,MO_0001837,EKO WIJAYA,2014-06-26,8449077622,customer000005@example.com,Jl. Sudirman No. 71,Semarang,EKO WIJAYA,8449077622,customer000005@example.com,JL SUDIRMAN NO 71,2014,[np.int64(4)],1,C000005,1.0,Auto Match
Mobile Banking,MO_0001838,Oscar Nugroho,2004-09-16,8845799579,customer001078@example.com,Jl. Diponegoro No. 137,Makassar,OSCAR NUGROHO,8845799579,customer001078@example.com,JL DIPONEGORO NO 137,2004,[np.int64(1077)],1,C001078,1.0,Auto Match
Mobile Banking,MO_0001839,HANA HIDAYAT,2001-12-09,8502645664,customer000580@examplecom,Jl. Diponegoro No. 125,Surabaya,HANA HIDAYAT,8502645664,customer000580@examplecom,JL DIPONEGORO NO 125,2001,[np.int64(579)],1,C000580,0.9941176470588236,Auto Match
Mobile Banking,MO_0001840,Oscar Pratama,1996-09-11,8528556810,customer000196@example.com,Jl. Merdeka No. 125,Bogor,OSCAR PRATAMA,8528556810,customer000196@example.com,JL MERDEKA NO 125,1996,[np.int64(195)],1,C000196,1.0,Auto Match
Mobile Banking,MO_0001841,Budi Nugroho,1991-06-12,8181154778,customer000977@example.com,Jl. Diponegoro No. 95,Surabaya,BUDI NUGROHO,8181154778,customer000977@example.com,JL DIPONEGORO NO 95,1991,[np.int64(976)],1,C000977,1.0,Auto Match
Mobile Banking,MO_0001842,Hana Setiawan,2011-12-25,835510145,customer001665@example.com,JL. AHMAD YANI NO. 57,Tangerang,HANA SETIAWAN,835510145,customer001665@example.com,JL AHMAD YANI NO 57,2011,[np.int64(1664)],1,C001665,0.986842105263158,Auto Match
Mobile Banking,MO_0001843,C1TR4LEST4R1,2005-07-14,8256551901,customer000790@example.com,Jalan Diponegoro No. 184,Bandung,C1TR4LEST4R1,8256551901,customer000790@example.com,JL DIPONEGORO NO 184,2005,[np.int64(789)],1,C000790,0.9100000000000001,Auto Match
Mobile Banking,MO_0001844,Dewi Permata,1991-07-27,8938615156,customer000832@example.com,Jl. Gatot Subroto No. 86,Jakarta,DEWI PERMATA,8938615156,customer000832@example.com,JL GATOT SUBROTO NO 86,1991,[np.int64(831)],1,C000832,1.0,Auto Match
Mobile Banking,MO_0001845,FAJAR PERMATA,2005-10-09,628976728064,customer000210@example.com,JL. GATOT SUBROTO NO. 94,Bekasi,FAJAR PERMATA,08976728064,customer000210@example.com,JL GATOT SUBROTO NO 94,2005,[np.int64(209)],1,C000210,0.9880952380952381,Auto Match
Mobile Banking,MO_0001846,EKO RAMADHAN,1999-12-15,628264986345,customer000452@examplecom,JALAN GATOT SUBROTO NO. 138,Semarang,EKO RAMADHAN,08264986345,customer000452@examplecom,JL GATOT SUBROTO NO 138,1999,[np.int64(451)],1,C000452,0.9822128851540616,Auto Match
Mobile Banking,MO_0001847,VINA RAMADHAN,2000-01-07,8549327394,customer001195@example.com,JALAN GATOT SUBROTO NO. 183,Tangerang,VINA RAMADHAN,8549327394,customer001195@example.com,JL GATOT SUBROTO NO 183,2000,[np.int64(1194)],1,C001195,1.0,Auto Match
Mobile Banking,MO_0001848,Fajar Setiawan,1991-03-06,888218268,customer000631@example.com,Jl. Merdeka No. 99,Jakarta,FAJAR SETIAWAN,888218268,customer000631@example.com,JL MERDEKA NO 99,1991,[np.int64(630)],1,C000631,0.986842105263158,Auto Match
Mobile Banking,MO_0001849,CITRA PERMATA,1997-04-23,850325998,customer001216@example.com,Jl. Diponegoro No. 64,Bandung,CITRA PERMATA,850325998,customer001216@example.com,JL DIPONEGORO NO 64,1997,[np.int64(1215)],1,C001216,0.986842105263158,Auto Match
Mobile Banking,MO_0001850,NANDA SETIAWAN,1992-05-03,8818515730,customer000410@example.com,Jl. Merdeka No. 189,Makassar,NANDA SETIAWAN,8818515730,customer000410@example.com,JL MERDEKA NO 189,1992,[np.int64(409)],1,C000410,1.0,Auto Match
Mobile Banking,MO_0001851,IwanSantoso,2004-09-08,8888755274,customer001743@example.com,Jl. Sudirman No. 43,Surabaya,IWANSANTOSO,8888755274,customer001743@example.com,JL SUDIRMAN NO 43,2004,[np.int64(1742)],1,C001743,0.9891304347826088,Auto Match
Mobile Banking,MO_0001852,VINA HIDAYAT,2010-01-29,8159717523,customer000480@example.com,Jalan Gatot Subroto No. 185,Semarang,VINA HIDAYAT,8159717523,customer000480@example.com,JL GATOT SUBROTO NO 185,2010,[np.int64(479)],1,C000480,1.0,Auto Match
Mobile Banking,MO_0001853,Tono Lestari,2005-05-10,8126706843,customer001338@example.com,Jl. Ahmad Yani No. 162,Semarang,TONO LESTARI,8126706843,customer001338@example.com,JL AHMAD YANI NO 162,2005,[np.int64(1337)],1,C001338,1.0,Auto Match
Mobile Banking,MO_0001854,TONOS4PUTR4,1999-03-14,8580208162,customer000077@examplecom,Jl. Sudirman No. 76,Bekasi,TONOS4PUTR4,8580208162,customer000077@examplecom,JL SUDIRMAN NO 76,1999,[np.int64(76)],1,C000077,0.939769820971867,Auto Match
Mobile Banking,MO_0001855,Rina Wijaya,2012-09-12,8350088595,customer000362@example.com,Jl. Sudirman No. 1,Depok,RINA WIJAYA,8350088595,customer000362@example.com,JL SUDIRMAN NO 1,2012,[np.int64(361)],1,C000362,1.0,Auto Match
Mobile Banking,MO_0001856,JokoPermata,2001-05-10,8494879456,customer001572@example.com,Jl. Gatot Subroto No. 83,Bogor,JOKOPERMATA,8494879456,customer001572@example.com,JL GATOT SUBROTO NO 83,2001,[np.int64(1571)],1,C001572,0.9891304347826088,Auto Match
Mobile Banking,MO_0001857,TONOSETIAWAN,2004-01-16,8217022495,customer001502@examplecom,Jl. Gatot Subroto No. 66,Medan,TONOSETIAWAN,8217022495,customer001502@examplecom,JL GATOT SUBROTO NO 66,2004,[np.int64(1501)],1,C001502,0.9841176470588235,Auto Match
Mobile Banking,MO_0001858,Oscar Pratama,2014-12-21,8151561671,customer001598@examplecom,Jalan Sudirman No. 147,Surabaya,OSCAR PRATAMA,8151561671,customer001598@examplecom,JL SUDIRMAN NO 147,2014,[np.int64(1597)],1,C001598,0.9941176470588236,Auto Match
Mobile Banking,MO_0001859,Budi Hidayat,2010-08-18,62866797189,customer001755@example.com,Jl. Sudirman No. 83,Medan,BUDI HIDAYAT,0866797189,customer001755@example.com,JL SUDIRMAN NO 83,2010,[np.int64(1754)],1,C001755,0.9750000000000001,Auto Match
Mobile Banking,MO_0001860,Iwan Pratama,1992-11-30,811861871,customer001237@example.com,Jalan Sudirman No. 171,Bandung,IWAN PRATAMA,811861871,customer001237@example.com,JL SUDIRMAN NO 171,1992,[np.int64(1236)],1,C001237,0.986842105263158,Auto Match
Mobile Banking,MO_0001861,NandaLestari,2008-03-03,8969667197,customer000991@example.com,Jl. Ahmad Yani No. 9,Bekasi,NANDALESTARI,8969667197,customer000991@example.com,JL AHMAD YANI NO 9,2008,[np.int64(990)],1,C000991,0.9900000000000001,Auto Match
Mobile Banking,MO_0001862,FajarRamadhan,1997-05-27,8700265946,customer001099@example.com,Jl. Ahmad Yani No. 64,Makassar,FAJARRAMADHAN,8700265946,customer001099@example.com,JL AHMAD YANI NO 64,1997,[np.int64(1098)],1,C001099,0.9907407407407408,Auto Match
Mobile Banking,MO_0001863,FAJAR WIJAYA,2004-05-23,8611861774,customer000954@examplecom,Jalan Sudirman No. 127,Bogor,FAJAR WIJAYA,8611861774,customer000954@examplecom,JL SUDIRMAN NO 127,2004,[np.int64(953)],1,C000954,0.9941176470588236,Auto Match
Mobile Banking,MO_0001864,BUDISANTOSO,2011-12-20,8674011035,customer000140@examplecom,Jl. Ahmad Yani No. 154,Surabaya,BUDISANTOSO,8674011035,customer000140@examplecom,JL AHMAD YANI NO 154,2011,[np.int64(139)],1,C000140,0.9832480818414323,Auto Match
Mobile Banking,MO_0001865,Hana Siregar,2001-05-20,8486416094,customer001342@example.com,Jl. Ahmad Yani No. 112,Bandung,HANA SIREGAR,8486416094,customer001342@example.com,JL AHMAD YANI NO 112,2001,[np.int64(1341)],1,C001342,1.0,Auto Match
Mobile Banking,MO_0001866,Putri Ramadhan,1992-07-13,8821716149,customer000913@example.com,JL. SUDIRMAN NO. 85,Bekasi,PUTRI RAMADHAN,8821716149,customer000913@example.com,JL SUDIRMAN NO 85,1992,[np.int64(912)],1,C000913,1.0,Auto Match
Mobile Banking,MO_0001867,K4R1N NUGROHO,1995-10-12,8722696582,customer000145@example.com,Jalan Gatot Subroto No. 13,Medan,K4R1N NUGROHO,8722696582,customer000145@example.com,JL GATOT SUBROTO NO 13,1995,[np.int64(144)],1,C000145,0.9615384615384617,Auto Match
Mobile Banking,MO_0001868,KarinSantoso,2003-03-03,8690907187,customer000395@example.com,Jl. Sudirman No. 143,Tangerang,KARINSANTOSO,8690907187,customer000395@example.com,JL SUDIRMAN NO 143,2003,[np.int64(394)],1,C000395,0.9900000000000001,Auto Match
Mobile Banking,MO_0001869,4ndi Saputra,1990-07-12,8130483393,customer000747@example.com,Jl. Diponegoro No. 10,Medan,4NDI SAPUTRA,8130483393,customer000747@example.com,JL DIPONEGORO NO 10,1990,[np.int64(746)],1,C000747,0.9791666666666667,Auto Match
Mobile Banking,MO_0001870,Citra Permata,2006-02-22,8226368893,customer001462@example.com,Jl. Merdeka No. 194,Bekasi,CITRA PERMATA,8226368893,customer001462@example.com,JL MERDEKA NO 194,2006,[np.int64(1461)],1,C001462,1.0,Auto Match
Mobile Banking,MO_0001871,Fajar Siregar,2002-09-10,8897380523,customer000242@example.com,Jl. Sudirman No. 196,Semarang,FAJAR SIREGAR,8897380523,customer000242@example.com,JL SUDIRMAN NO 196,2002,[np.int64(241)],1,C000242,1.0,Auto Match
Mobile Banking,MO_0001872,Dewi Kurniawan,1994-05-15,8198538592,customer000848@example.com,Jalan Gatot Subroto No. 174,Makassar,DEWI KURNIAWAN,8198538592,customer000848@example.com,JL GATOT SUBROTO NO 174,1994,[np.int64(847)],1,C000848,1.0,Auto Match
Mobile Banking,MO_0001873,Tono Lestari,2001-12-22,8931860782,customer001207@example.com,Jl. Sudirman No. 120,Bekasi,TONO LESTARI,8931860782,customer001207@example.com,JL SUDIRMAN NO 120,2001,[np.int64(1206)],1,C001207,1.0,Auto Match
Mobile Banking,MO_0001874,RinaRamadhan,2005-10-29,628397413412,customer000295@example.com,Jl. Merdeka No. 20,Depok,RINARAMADHAN,08397413412,customer000295@example.com,JL MERDEKA NO 20,2005,[np.int64(294)],1,C000295,0.9780952380952381,Auto Match
Mobile Banking,MO_0001875,Lina Lestari,2008-09-21,8215980285,customer000565@examplecom,Jalan Sudirman No. 107,Jakarta,LINA LESTARI,8215980285,customer000565@examplecom,JL SUDIRMAN NO 107,2008,[np.int64(564)],1,C000565,0.9941176470588236,Auto Match
Mobile Banking,MO_0001876,OSCARSAPUTRA,2015-08-03,882650657,customer000757@example.com,Jl. Merdeka No. 5,Jakarta,OSCARSAPUTRA,882650657,customer000757@example.com,JL MERDEKA NO 5,2015,[np.int64(756)],1,C000757,0.976842105263158,Auto Match
Mobile Banking,MO_0001877,TONO PERM4T4,2007-02-10,8836121546,customer000864@example.com,Jl. Diponegoro No. 87,Bogor,TONO PERM4T4,8836121546,customer000864@example.com,JL DIPONEGORO NO 87,2007,[np.int64(863)],1,C000864,0.9583333333333335,Auto Match
Mobile Banking,MO_0001878,BudiSaputra,2002-08-19,846930722,customer000044@examplecom,Jalan Diponegoro No. 111,Medan,BUDISAPUTRA,846930722,customer000044@examplecom,JL DIPONEGORO NO 111,2002,[],0,C000044,0.97009018710459,Auto Match
Mobile Banking,MO_0001879,SariPratama,1998-08-14,62859254736,customer001301@example.com,Jalan Ahmad Yani No. 168,Medan,SARIPRATAMA,0859254736,customer001301@example.com,JL AHMAD YANI NO 168,1998,[np.int64(1300)],1,C001301,0.9641304347826088,Auto Match
Mobile Banking,MO_0001880,Vina Saputra,1992-08-14,8299758635,customer000221@examplecom,Jalan Merdeka No. 129,Bekasi,VINA SAPUTRA,8299758635,customer000221@examplecom,JL MERDEKA NO 129,1992,[np.int64(220)],1,C000221,0.9941176470588236,Auto Match
Mobile Banking,MO_0001881,Eko Setiawan,2011-09-13,8253903134,customer001638@example.com,Jalan Merdeka No. 26,Jakarta,EKO SETIAWAN,8253903134,customer001638@example.com,JL MERDEKA NO 26,2011,[np.int64(1637)],1,C001638,1.0,Auto Match
Mobile Banking,MO_0001882,Vina Setiawan,2008-04-05,8453439052,customer001083@example.com,Jalan Gatot Subroto No. 57,Jakarta,VINA SETIAWAN,8453439052,customer001083@example.com,JL GATOT SUBROTO NO 57,2008,[np.int64(1082)],1,C001083,1.0,Auto Match
Mobile Banking,MO_0001883,Oscar Saputra,1996-04-29,62863897253,customer001553@example.com,JL. AHMAD YANI NO. 57,Medan,OSCAR SAPUTRA,0863897253,customer001553@example.com,JL AHMAD YANI NO 57,1996,[np.int64(1552)],1,C001553,0.9750000000000001,Auto Match
Mobile Banking,MO_0001884,VINA WIJAYA,2005-05-18,628148943776,customer001182@examplecom,Jalan Merdeka No. 140,Depok,VINA WIJAYA,08148943776,customer001182@examplecom,JL MERDEKA NO 140,2005,[np.int64(1181)],1,C001182,0.9822128851540616,Auto Match
Mobile Banking,MO_0001885,ANDI SAPUTRA,1997-11-09,8833388347,customer000401@example.com,Jl. Gatot Subroto No. 37,Jakarta,ANDI SAPUTRA,8833388347,customer000401@example.com,JL GATOT SUBROTO NO 37,1997,[np.int64(400)],1,C000401,1.0,Auto Match
Mobile Banking,MO_0001886,LINAPERMATA,1993-05-15,8463294723,customer000328@example.com,Jalan Ahmad Yani No. 10,Semarang,LINAPERMATA,8463294723,customer000328@example.com,JL AHMAD YANI NO 10,1993,[np.int64(327)],1,C000328,0.9891304347826088,Auto Match
Mobile Banking,MO_0001887,TonoRamadhan,1992-10-23,8430018804,customer001057@examplecom,Jalan Gatot Subroto No. 177,Bandung,TONORAMADHAN,8430018804,customer001057@examplecom,JL GATOT SUBROTO NO 177,1992,[np.int64(1056)],1,C001057,0.9841176470588235,Auto Match
Mobile Banking,MO_0001888,TONO SETIAWAN,1996-06-05,8722933020,customer000724@example.com,Jl. Ahmad Yani No. 157,Depok,TONO SETIAWAN,8722933020,customer000724@example.com,JL AHMAD YANI NO 157,1996,[np.int64(723)],1,C000724,1.0,Auto Match
Mobile Banking,MO_0001889,Tono Permata,1993-09-30,8131572597,customer000090@example.com,Jl. Ahmad Yani No. 134,Bogor,TONO PERMATA,8131572597,customer000090@example.com,JL AHMAD YANI NO 134,1993,[np.int64(89)],1,C000090,1.0,Auto Match
Mobile Banking,MO_0001890,Citra Hidayat,2002-12-30,878883886,customer001362@example.com,Jalan Ahmad Yani No. 8,Jakarta,CITRA HIDAYAT,878883886,customer001362@example.com,JL AHMAD YANI NO 8,2002,[np.int64(1361)],1,C001362,0.986842105263158,Auto Match
Mobile Banking,MO_0001891,DewiPermata,2015-12-19,8759743474,customer000717@examplecom,Jalan Sudirman No. 199,Semarang,DEWIPERMATA,8759743474,customer000717@examplecom,JL SUDIRMAN NO 199,2015,[np.int64(716)],1,C000717,0.9832480818414323,Auto Match
Mobile Banking,MO_0001892,Sari Setiawan,2011-03-30,894393488,customer000688@example.com,Jl. Merdeka No. 72,Bekasi,SARI SETIAWAN,894393488,customer000688@example.com,JL MERDEKA NO 72,2011,[np.int64(687)],1,C000688,0.986842105263158,Auto Match
Mobile Banking,MO_0001893,Lina Setiawan,2015-04-30,8527597522,customer000999@example.com,Jl. Merdeka No. 150,Jakarta,LINA SETIAWAN,8527597522,customer000999@example.com,JL MERDEKA NO 150,2015,[np.int64(998)],1,C000999,1.0,Auto Match
Mobile Banking,MO_0001894,Nanda Pratama,1997-03-03,8516772796,customer000980@example.com,Jl. Merdeka No. 183,Makassar,NANDA PRATAMA,8516772796,customer000980@example.com,JL MERDEKA NO 183,1997,[np.int64(979)],1,C000980,1.0,Auto Match
Mobile Banking,MO_0001895,NandaSetiawan,2006-04-09,865569121,customer001310@examplecom,Jl. Gatot Subroto No. 166,Medan,NANDASETIAWAN,865569121,customer001310@examplecom,JL GATOT SUBROTO NO 166,2006,[],0,C001310,0.9717004930627221,Auto Match
Mobile Banking,MO_0001896,Nanda Saputra,1995-08-09,8460644891,customer001787@example.com,Jl. Sudirman No. 123,Bogor,NANDA SAPUTRA,8460644891,customer001787@example.com,JL SUDIRMAN NO 123,1995,[np.int64(1786)],1,C001787,1.0,Auto Match
Mobile Banking,MO_0001897,HANA PERMATA,2016-01-10,8935251220,customer000490@example.com,Jl. Ahmad Yani No. 6,Medan,HANA PERMATA,8935251220,customer000490@example.com,JL AHMAD YANI NO 6,2016,[np.int64(489)],1,C000490,1.0,Auto Match
Mobile Banking,MO_0001898,Vina Setiawan,2003-12-31,8323152292,customer000431@example.com,Jl. Sudirman No. 152,Tangerang,VINA SETIAWAN,8323152292,customer000431@example.com,JL SUDIRMAN NO 152,2003,[np.int64(430)],1,C000431,1.0,Auto Match
Mobile Banking,MO_0001899,EKO RAMADHAN,2013-10-28,8433267464,customer001649@example.com,Jl. Gatot Subroto No. 129,Makassar,EKO RAMADHAN,8433267464,customer001649@example.com,JL GATOT SUBROTO NO 129,2013,[np.int64(1648)],1,C001649,1.0,Auto Match
Mobile Banking,MO_0001900,DewiWijaya,2016-02-29,628534661823,customer001052@example.com,Jl. Diponegoro No. 20,Bekasi,DEWIWIJAYA,08534661823,customer001052@example.com,JL DIPONEGORO NO 20,2016,[np.int64(1051)],1,C001052,0.9761904761904762,Auto Match
Mobile Banking,MO_0001901,Oscar Siregar,2007-09-27,628617142289,customer001524@example.com,Jl. Ahmad Yani No. 106,Bogor,OSCAR SIREGAR,08617142289,customer001524@example.com,JL AHMAD YANI NO 106,2007,[np.int64(1523)],1,C001524,0.9880952380952381,Auto Match
Mobile Banking,MO_0001902,Fajar Wijaya,2004-07-04,8717193723,customer001654@example.com,Jl. Ahmad Yani No. 64,Depok,FAJAR WIJAYA,8717193723,customer001654@example.com,JL AHMAD YANI NO 64,2004,[np.int64(1653)],1,C001654,1.0,Auto Match
Mobile Banking,MO_0001903,Sari Hidayat,2010-02-28,8268022906,customer000686@example.com,JL. MERDEKA NO. 173,Bandung,SARI HIDAYAT,8268022906,customer000686@example.com,JL MERDEKA NO 173,2010,[np.int64(685)],1,C000686,1.0,Auto Match
Mobile Banking,MO_0001904,HanaSetiawan,1990-07-31,8765326024,customer001619@examplecom,Jl. Sudirman No. 75,Bogor,HANASETIAWAN,8765326024,customer001619@examplecom,JL SUDIRMAN NO 75,1990,[np.int64(1618)],1,C001619,0.9841176470588235,Auto Match
Mobile Banking,MO_0001905,Fajar Kurniawan,2013-06-07,848190278,customer001128@example.com,Jl. Gatot Subroto No. 102,Medan,FAJAR KURNIAWAN,848190278,customer001128@example.com,JL GATOT SUBROTO NO 102,2013,[np.int64(1127)],1,C001128,0.986842105263158,Auto Match
Mobile Banking,MO_0001906,Maya Lestari,1992-12-10,8165905300,customer001559@example.com,Jl. Ahmad Yani No. 54,Makassar,MAYA LESTARI,8165905300,customer001559@example.com,JL AHMAD YANI NO 54,1992,[np.int64(1558)],1,C001559,1.0,Auto Match
Mobile Banking,MO_0001907,PUTRILESTARI,1994-12-10,8176424482,customer001005@example.com,JALAN DIPONEGORO NO. 80,Jakarta,PUTRILESTARI,8176424482,customer001005@example.com,JL DIPONEGORO NO 80,1994,[np.int64(1004)],1,C001005,0.9900000000000001,Auto Match
Mobile Banking,MO_0001908,CITRANUGROHO,1989-06-20,8874428650,customer000222@example.com,Jalan Ahmad Yani No. 54,Surabaya,CITRANUGROHO,8874428650,customer000222@example.com,JL AHMAD YANI NO 54,1989,[np.int64(221)],1,C000222,0.9900000000000001,Auto Match
Mobile Banking,MO_0001909,FAJAR PRATAMA,1998-06-13,8451562690,customer000654@examplecom,JL. GATOT SUBROTO NO. 20,Makassar,FAJAR PRATAMA,8451562690,customer000654@examplecom,JL GATOT SUBROTO NO 20,1998,[np.int64(653)],1,C000654,0.9941176470588236,Auto Match
Mobile Banking,MO_0001910,Tono Kurniawan,2015-01-12,8649862809,customer000637@example.com,Jl. Ahmad Yani No. 191,Bekasi,TONO KURNIAWAN,8649862809,customer000637@example.com,JL AHMAD YANI NO 191,2015,[np.int64(636)],1,C000637,1.0,Auto Match
Mobile Banking,MO_0001911,Lina Wijaya,2015-01-06,8254953596,customer001360@example.com,Jl. Sudirman No. 68,Tangerang,LINA WIJAYA,8254953596,customer001360@example.com,JL SUDIRMAN NO 68,2015,[np.int64(1359)],1,C001360,1.0,Auto Match
Mobile Banking,MO_0001912,NANDA NUGROHO,2002-10-31,856106013,customer000038@example.com,Jl. Diponegoro No. 16,Bandung,NANDA NUGROHO,856106013,customer000038@example.com,JL DIPONEGORO NO 16,2002,[np.int64(37)],1,C000038,0.986842105263158,Auto Match
Mobile Banking,MO_0001913,RinaNugroho,2014-05-03,8585251462,customer000149@example.com,Jalan Gatot Subroto No. 20,Semarang,RINANUGROHO,8585251462,customer000149@example.com,JL GATOT SUBROTO NO 20,2014,[np.int64(148)],1,C000149,0.9891304347826088,Auto Match
Mobile Banking,MO_0001914,Dewi Hidayat,2012-09-25,8764071462,customer001636@example.com,Jl. Ahmad Yani No. 60,Medan,DEWI HIDAYAT,8764071462,customer001636@example.com,JL AHMAD YANI NO 60,2012,[np.int64(1635)],1,C001636,1.0,Auto Match
Mobile Banking,MO_0001915,Budi Pratama,1993-09-16,8695844643,customer001781@examplecom,Jalan Merdeka No. 52,Bekasi,BUDI PRATAMA,8695844643,customer001781@examplecom,JL MERDEKA NO 52,1993,[np.int64(1780)],1,C001781,0.9941176470588236,Auto Match
Mobile Banking,MO_0001916,Iwan Wijaya,1990-09-08,8279023254,customer001255@example.com,Jl. Diponegoro No. 62,Semarang,IWAN WIJAYA,8279023254,customer001255@example.com,JL DIPONEGORO NO 62,1990,[np.int64(1254)],1,C001255,1.0,Auto Match
Mobile Banking,MO_0001917,Lina Setiawan,2012-01-18,62825125767,customer000883@example.com,Jl. Gatot Subroto No. 82,Bogor,LINA SETIAWAN,0825125767,customer000883@example.com,JL GATOT SUBROTO NO 82,2012,[np.int64(882)],1,C000883,0.9750000000000001,Auto Match
Mobile Banking,MO_0001918,Tono Saputra,1999-11-14,8198754230,customer001199@example.com,Jl. Sudirman No. 153,Semarang,TONO SAPUTRA,8198754230,customer001199@example.com,JL SUDIRMAN NO 153,1999,[np.int64(1198)],1,C001199,1.0,Auto Match
Mobile Banking,MO_0001919,Citra Hidayat,2009-06-09,8438822490,customer000249@example.com,Jl. Ahmad Yani No. 120,Tangerang,CITRA HIDAYAT,8438822490,customer000249@example.com,JL AHMAD YANI NO 120,2009,[np.int64(248)],1,C000249,1.0,Auto Match
Mobile Banking,MO_0001920,JokoLestari,1992-07-23,8693103658,customer001198@examplecom,JL. DIPONEGORO NO. 103,Bogor,JOKOLESTARI,8693103658,customer001198@examplecom,JL DIPONEGORO NO 103,1992,[np.int64(1197)],1,C001198,0.9832480818414323,Auto Match
Mobile Banking,MO_0001921,4ND1 W1J4Y4,1998-01-13,8162830895,customer000510@example.com,Jl. Gatot Subroto No. 180,Depok,4ND1 W1J4Y4,8162830895,customer000510@example.com,JL GATOT SUBROTO NO 180,1998,[np.int64(509)],1,C000510,0.8863636363636365,Auto Match
Mobile Banking,MO_0001922,Oscar Kurniawan,1998-05-10,834056970,customer000641@example.com,Jl. Diponegoro No. 58,Jakarta,OSCAR KURNIAWAN,834056970,customer000641@example.com,JL DIPONEGORO NO 58,1998,[np.int64(640)],1,C000641,0.986842105263158,Auto Match
Mobile Banking,MO_0001923,GitaPratama,1995-09-02,8496263577,customer001164@examplecom,Jl. Diponegoro No. 126,Jakarta,GITAPRATAMA,8496263577,customer001164@examplecom,JL DIPONEGORO NO 126,1995,[np.int64(1163)],1,C001164,0.9832480818414323,Auto Match
Mobile Banking,MO_0001924,VINA SIREGAR,2014-06-10,628329306549,customer000201@example.com,Jl. Ahmad Yani No. 75,Semarang,VINA SIREGAR,08329306549,customer000201@example.com,JL AHMAD YANI NO 75,2014,[np.int64(200)],1,C000201,0.9880952380952381,Auto Match
Mobile Banking,MO_0001925,Joko Siregar,2007-06-17,818328508,customer000139@example.com,Jalan Diponegoro No. 78,Medan,JOKO SIREGAR,818328508,customer000139@example.com,JL DIPONEGORO NO 78,2007,[np.int64(138)],1,C000139,0.986842105263158,Auto Match
Mobile Banking,MO_0001926,Eko Santoso,2005-09-25,628916126527,customer000633@example.com,Jl. Merdeka No. 143,Tangerang,EKO SANTOSO,08916126527,customer000633@example.com,JL MERDEKA NO 143,2005,[np.int64(632)],1,C000633,0.9880952380952381,Auto Match
Mobile Banking,MO_0001927,Rina Kurniawan,2016-05-07,628163933409,customer000616@example.com,Jl. Sudirman No. 109,Medan,RINA KURNIAWAN,08163933409,customer000616@example.com,JL SUDIRMAN NO 109,2016,[np.int64(615)],1,C000616,0.9880952380952381,Auto Match
Mobile Banking,MO_0001928,Gita Lestari,2001-08-19,878394863,customer000824@examplecom,Jalan Gatot Subroto No. 74,Medan,GITA LESTARI,878394863,customer000824@examplecom,JL GATOT SUBROTO NO 74,2001,[np.int64(823)],1,C000824,0.9809597523219814,Auto Match
Mobile Banking,MO_0001929,OSCARPERMATA,2002-03-19,8556036052,customer001533@example.com,Jl. Sudirman No. 194,Depok,OSCARPERMATA,8556036052,customer001533@example.com,JL SUDIRMAN NO 194,2002,[np.int64(1532)],1,C001533,0.9900000000000001,Auto Match
Mobile Banking,MO_0001930,Hana Saputra,2011-07-03,890123213,customer001521@example.com,Jl. Merdeka No. 148,Tangerang,HANA SAPUTRA,890123213,customer001521@example.com,JL MERDEKA NO 148,2011,[np.int64(1520)],1,C001521,0.986842105263158,Auto Match
Mobile Banking,MO_0001931,VINA RAMADHAN,1992-03-14,8853855562,customer001378@example.com,Jl. Sudirman No. 105,Medan,VINA RAMADHAN,8853855562,customer001378@example.com,JL SUDIRMAN NO 105,1992,[np.int64(1377)],1,C001378,1.0,Auto Match
Mobile Banking,MO_0001932,VinaPermata,2011-07-23,8518142327,customer001756@example.com,Jl. Gatot Subroto No. 75,Jakarta,VINAPERMATA,8518142327,customer001756@example.com,JL GATOT SUBROTO NO 75,2011,[np.int64(1755)],1,C001756,0.9891304347826088,Auto Match
Mobile Banking,MO_0001933,Gita Permata,1989-06-30,8378003040,customer000304@example.com,JL. AHMAD YANI NO. 22,Makassar,GITA PERMATA,8378003040,customer000304@example.com,JL AHMAD YANI NO 22,1989,[np.int64(303)],1,C000304,1.0,Auto Match
Mobile Banking,MO_0001934,Maya Santoso,1998-06-20,8154536796,customer001486@example.com,Jl. Sudirman No. 52,Tangerang,MAYA SANTOSO,8154536796,customer001486@example.com,JL SUDIRMAN NO 52,1998,[np.int64(1485)],1,C001486,1.0,Auto Match
Mobile Banking,MO_0001935,SARI SIREGAR,1993-09-17,8640724399,customer000779@example.com,Jl. Ahmad Yani No. 79,Depok,SARI SIREGAR,8640724399,customer000779@example.com,JL AHMAD YANI NO 79,1993,[np.int64(778)],1,C000779,1.0,Auto Match
Mobile Banking,MO_0001936,Fajar Nugroho,2002-12-05,867554499,customer000746@example.com,Jl. Ahmad Yani No. 7,Makassar,FAJAR NUGROHO,867554499,customer000746@example.com,JL AHMAD YANI NO 7,2002,[np.int64(745)],1,C000746,0.986842105263158,Auto Match
Mobile Banking,MO_0001937,JOKO PRATAMA,1994-05-09,628408042166,customer001196@example.com,Jl. Diponegoro No. 82,Makassar,JOKO PRATAMA,08408042166,customer001196@example.com,JL DIPONEGORO NO 82,1994,[np.int64(1195)],1,C001196,0.9880952380952381,Auto Match
Mobile Banking,MO_0001938,Tono Pratama,2015-05-25,8812820917,customer001470@example.com,Jl. Merdeka No. 139,Bandung,TONO PRATAMA,8812820917,customer001470@example.com,JL MERDEKA NO 139,2015,[np.int64(1469)],1,C001470,1.0,Auto Match
Mobile Banking,MO_0001939,CitraLestari,2015-04-04,886218678,customer001043@example.com,Jalan Sudirman No. 95,Makassar,CITRALESTARI,886218678,customer001043@example.com,JL SUDIRMAN NO 95,2015,[np.int64(1042)],1,C001043,0.976842105263158,Auto Match
Mobile Banking,MO_0001940,MAYA SANTOSO,1994-02-17,8656007341,customer000568@examplecom,Jl. Ahmad Yani No. 91,Depok,MAYA SANTOSO,8656007341,customer000568@examplecom,JL AHMAD YANI NO 91,1994,[np.int64(567)],1,C000568,0.9941176470588236,Auto Match
Mobile Banking,MO_0001941,Eko Hidayat,2003-11-17,8616173274,customer001717@example.com,JL. SUDIRMAN NO. 183,Semarang,EKO HIDAYAT,8616173274,customer001717@example.com,JL SUDIRMAN NO 183,2003,[np.int64(1716)],1,C001717,1.0,Auto Match
Mobile Banking,MO_0001942,Citra Pratama,2015-06-09,8266024425,customer001644@examplecom,JL. AHMAD YANI NO. 6,Semarang,CITRA PRATAMA,8266024425,customer001644@examplecom,JL AHMAD YANI NO 6,2015,[np.int64(1643)],1,C001644,0.9941176470588236,Auto Match
Mobile Banking,MO_0001943,Putri Ramadhan,2006-12-25,8391965097,customer000408@example.com,Jl. Merdeka No. 183,Bandung,PUTRI RAMADHAN,8391965097,customer000408@example.com,JL MERDEKA NO 183,2006,[np.int64(407)],1,C000408,1.0,Auto Match
Mobile Banking,MO_0001944,EKO SIREGAR,2001-09-20,8232970259,customer001537@example.com,Jalan Sudirman No. 108,Tangerang,EKO SIREGAR,8232970259,customer001537@example.com,JL SUDIRMAN NO 108,2001,[np.int64(1536)],1,C001537,1.0,Auto Match
Mobile Banking,MO_0001945,Nanda Lestari,1998-01-20,8639657008,customer001012@example.com,Jl. Diponegoro No. 163,Depok,NANDA LESTARI,8639657008,customer001012@example.com,JL DIPONEGORO NO 163,1998,[np.int64(1011)],1,C001012,1.0,Auto Match
Mobile Banking,MO_0001946,BUDI PERMATA,1990-07-29,628253352357,customer000017@example.com,Jalan Ahmad Yani No. 109,Surabaya,BUDI PERMATA,08253352357,customer000017@example.com,JL AHMAD YANI NO 109,1990,[np.int64(16)],1,C000017,0.9880952380952381,Auto Match
Mobile Banking,MO_0001947,Joko Santoso,2004-05-10,8834721364,customer001323@example.com,JALAN SUDIRMAN NO. 135,Depok,JOKO SANTOSO,8834721364,customer001323@example.com,JL SUDIRMAN NO 135,2004,[np.int64(1322)],1,C001323,1.0,Auto Match
Mobile Banking,MO_0001948,Sari Siregar,2001-04-16,8518691223,customer000214@examplecom,Jl. Merdeka No. 168,Tangerang,SARI SIREGAR,8518691223,customer000214@examplecom,JL MERDEKA NO 168,2001,[np.int64(213)],1,C000214,0.9941176470588236,Auto Match
Mobile Banking,MO_0001949,CITRA HIDAYAT,1990-07-10,830980388,customer001455@example.com,Jl. Diponegoro No. 152,Depok,CITRA HIDAYAT,830980388,customer001455@example.com,JL DIPONEGORO NO 152,1990,[np.int64(1454)],1,C001455,0.986842105263158,Auto Match
Mobile Banking,MO_0001950,Iwan Pratama,1992-02-01,8220579496,customer001179@example.com,Jl. Sudirman No. 16,Semarang,IWAN PRATAMA,8220579496,customer001179@example.com,JL SUDIRMAN NO 16,1992,[np.int64(1178)],1,C001179,1.0,Auto Match
Mobile Banking,MO_0001951,1W4N PR4T4M4,2006-01-16,8838094269,customer001463@example.com,Jl. Sudirman No. 22,Bandung,1W4N PR4T4M4,8838094269,customer001463@example.com,JL SUDIRMAN NO 22,2006,[np.int64(1462)],1,C001463,0.8958333333333335,Auto Match
Mobile Banking,MO_0001952,LINA RAMADHAN,2006-05-01,62841968389,customer000896@example.com,Jalan Ahmad Yani No. 135,Tangerang,LINA RAMADHAN,0841968389,customer000896@example.com,JL AHMAD YANI NO 135,2006,[np.int64(895)],1,C000896,0.9750000000000001,Auto Match
Mobile Banking,MO_0001953,OSCARSANTOSO,1994-06-30,8127188953,customer001568@example.com,Jl. Ahmad Yani No. 150,Medan,OSCARSANTOSO,8127188953,customer001568@example.com,JL AHMAD YANI NO 150,1994,[np.int64(1567)],1,C001568,0.9900000000000001,Auto Match
Mobile Banking,MO_0001954,Fajar Lestari,2004-10-24,62825573732,customer001292@example.com,Jalan Sudirman No. 83,Depok,FAJAR LESTARI,0825573732,customer001292@example.com,JL SUDIRMAN NO 83,2004,[np.int64(1291)],1,C001292,0.9750000000000001,Auto Match
Mobile Banking,MO_0001955,Budi Pratama,2006-06-02,8142645810,customer001668@example.com,Jl. Gatot Subroto No. 81,Medan,BUDI PRATAMA,8142645810,customer001668@example.com,JL GATOT SUBROTO NO 81,2006,[np.int64(1667)],1,C001668,1.0,Auto Match
Mobile Banking,MO_0001956,Putri Nugroho,1993-06-13,8651905715,customer000107@example.com,Jl. Merdeka No. 116,Medan,PUTRI NUGROHO,8651905715,customer000107@example.com,JL MERDEKA NO 116,1993,[np.int64(106)],1,C000107,1.0,Auto Match
Mobile Banking,MO_0001957,Rina Santoso,2006-11-09,628371637609,customer000075@example.com,Jl. Sudirman No. 89,Medan,RINA SANTOSO,08371637609,customer000075@example.com,JL SUDIRMAN NO 89,2006,[np.int64(74)],1,C000075,0.9880952380952381,Auto Match
Mobile Banking,MO_0001958,Fajar Ramadhan,2006-01-29,8654975037,customer001021@example.com,Jl. Ahmad Yani No. 113,Tangerang,FAJAR RAMADHAN,8654975037,customer001021@example.com,JL AHMAD YANI NO 113,2006,[np.int64(1020)],1,C001021,1.0,Auto Match
Mobile Banking,MO_0001959,RinaRamadhan,2004-07-31,628234885530,customer000563@example.com,Jl. Merdeka No. 136,Depok,RINARAMADHAN,08234885530,customer000563@example.com,JL MERDEKA NO 136,2004,[np.int64(562)],1,C000563,0.9780952380952381,Auto Match
Mobile Banking,MO_0001960,Gita Permata,2003-08-03,8601838731,customer001213@example.com,Jl. Gatot Subroto No. 54,Tangerang,GITA PERMATA,8601838731,customer001213@example.com,JL GATOT SUBROTO NO 54,2003,[np.int64(1212)],1,C001213,1.0,Auto Match
Mobile Banking,MO_0001961,Vina Saputra,1998-02-21,628635623313,customer000738@example.com,Jalan Diponegoro No. 173,Makassar,VINA SAPUTRA,08635623313,customer000738@example.com,JL DIPONEGORO NO 173,1998,[np.int64(737)],1,C000738,0.9880952380952381,Auto Match
Mobile Banking,MO_0001962,FAJARPERMATA,2006-04-23,62885348139,customer001448@example.com,Jl. Merdeka No. 11,Depok,FAJARPERMATA,0885348139,customer001448@example.com,JL MERDEKA NO 11,2006,[np.int64(1447)],1,C001448,0.9650000000000001,Auto Match
Mobile Banking,MO_0001963,DEWI NUGROHO,2015-09-29,8458140847,customer000312@example.com,Jl. Merdeka No. 149,Medan,DEWI NUGROHO,8458140847,customer000312@example.com,JL MERDEKA NO 149,2015,[np.int64(311)],1,C000312,1.0,Auto Match
Mobile Banking,MO_0001964,Fajar Nugroho,2006-06-24,62893842217,customer000486@examplecom,Jl. Ahmad Yani No. 141,Medan,FAJAR NUGROHO,0893842217,customer000486@examplecom,JL AHMAD YANI NO 141,2006,[np.int64(485)],1,C000486,0.9691176470588235,Auto Match
Mobile Banking,MO_0001965,Oscar Nugroho,2001-02-08,628122951407,customer001010@example.com,Jl. Merdeka No. 28,Bogor,OSCAR NUGROHO,08122951407,customer001010@example.com,JL MERDEKA NO 28,2001,[np.int64(1009)],1,C001010,0.9880952380952381,Auto Match
Mobile Banking,MO_0001966,Joko Wijaya,1989-09-06,8828854866,customer000927@examplecom,Jl. Sudirman No. 162,Tangerang,JOKO WIJAYA,8828854866,customer000927@examplecom,JL SUDIRMAN NO 162,1989,[np.int64(926)],1,C000927,0.9941176470588236,Auto Match
Mobile Banking,MO_0001967,Rina Kurniawan,2012-06-14,8809468318,customer000875@example.com,Jalan Merdeka No. 132,Bandung,RINA KURNIAWAN,8809468318,customer000875@example.com,JL MERDEKA NO 132,2012,[np.int64(874)],1,C000875,1.0,Auto Match
Mobile Banking,MO_0001968,KARIN PRATAMA,2012-06-16,62872937084,customer001239@example.com,Jl. Diponegoro No. 98,Medan,KARIN PRATAMA,0872937084,customer001239@example.com,JL DIPONEGORO NO 98,2012,[np.int64(1238)],1,C001239,0.9750000000000001,Auto Match
Mobile Banking,MO_0001969,Karin Kurniawan,1995-05-13,8638001405,customer000609@example.com,Jl. Merdeka No. 164,Bogor,KARIN KURNIAWAN,8638001405,customer000609@example.com,JL MERDEKA NO 164,1995,[np.int64(608)],1,C000609,1.0,Auto Match
Mobile Banking,MO_0001970,K4R1N NUGROHO,2009-09-25,628306953215,customer000015@example.com,Jl. Merdeka No. 20,Makassar,K4R1N NUGROHO,08306953215,customer000015@example.com,JL MERDEKA NO 20,2009,[np.int64(14)],1,C000015,0.9496336996336997,Auto Match
Mobile Banking,MO_0001971,Budi Wijaya,2016-05-12,628313942319,customer001661@example.com,Jl. Merdeka No. 15,Surabaya,BUDI WIJAYA,08313942319,customer001661@example.com,JL MERDEKA NO 15,2016,[np.int64(1660)],1,C001661,0.9880952380952381,Auto Match
Mobile Banking,MO_0001972,ANDIPRATAMA,1989-06-11,8789912996,customer000199@examplecom,Jl. Merdeka No. 137,Tangerang,ANDIPRATAMA,8789912996,customer000199@examplecom,JL MERDEKA NO 137,1989,[np.int64(198)],1,C000199,0.9832480818414323,Auto Match
Mobile Banking,MO_0001973,PUTRI PRATAMA,1989-04-20,8757239185,customer001697@example.com,Jl. Merdeka No. 184,Semarang,PUTRI PRATAMA,8757239185,customer001697@example.com,JL MERDEKA NO 184,1989,[np.int64(1696)],1,C001697,1.0,Auto Match
Mobile Banking,MO_0001974,Putri Ramadhan,1991-09-28,8397540498,customer000866@example.com,Jl. Sudirman No. 114,Bogor,PUTRI RAMADHAN,8397540498,customer000866@example.com,JL SUDIRMAN NO 114,1991,[np.int64(865)],1,C000866,1.0,Auto Match
Mobile Banking,MO_0001975,Hana Kurniawan,2010-11-09,628177723706,customer001204@examplecom,JL. SUDIRMAN NO. 160,Bogor,HANA KURNIAWAN,08177723706,customer001204@examplecom,JL SUDIRMAN NO 160,2010,[np.int64(1203)],1,C001204,0.9822128851540616,Auto Match
Mobile Banking,MO_0001976,Lina Pratama,2000-12-20,8940049520,customer001016@example.com,Jl. Sudirman No. 47,Bandung,LINA PRATAMA,8940049520,customer001016@example.com,JL SUDIRMAN NO 47,2000,[np.int64(1015)],1,C001016,1.0,Auto Match
Mobile Banking,MO_0001977,Maya Kurniawan,2016-01-02,8819562554,customer000653@examplecom,Jalan Gatot Subroto No. 160,Bekasi,MAYA KURNIAWAN,8819562554,customer000653@examplecom,JL GATOT SUBROTO NO 160,2016,[np.int64(652)],1,C000653,0.9941176470588236,Auto Match
Mobile Banking,MO_0001978,RINA NUGROHO,2003-11-18,8337630331,customer001228@example.com,Jl. Ahmad Yani No. 137,Makassar,RINA NUGROHO,8337630331,customer001228@example.com,JL AHMAD YANI NO 137,2003,[np.int64(1227)],1,C001228,1.0,Auto Match
Mobile Banking,MO_0001979,Gita Ramadhan,1990-02-06,8997842846,customer000704@example.com,Jl. Ahmad Yani No. 142,Depok,GITA RAMADHAN,8997842846,customer000704@example.com,JL AHMAD YANI NO 142,1990,[np.int64(703)],1,C000704,1.0,Auto Match
Mobile Banking,MO_0001980,Gita Nugroho,2001-01-21,8681784333,customer000684@example.com,Jl. Sudirman No. 42,Tangerang,GITA NUGROHO,8681784333,customer000684@example.com,JL SUDIRMAN NO 42,2001,[np.int64(683)],1,C000684,1.0,Auto Match
Mobile Banking,MO_0001981,Citra Setiawan,2003-11-19,8364636172,customer001312@example.com,Jl. Diponegoro No. 4,Jakarta,CITRA SETIAWAN,8364636172,customer001312@example.com,JL DIPONEGORO NO 4,2003,[np.int64(1311)],1,C001312,1.0,Auto Match
Mobile Banking,MO_0001982,Iwan Siregar,1990-08-01,8332285262,customer000520@example.com,Jl. Diponegoro No. 60,Jakarta,IWAN SIREGAR,8332285262,customer000520@example.com,JL DIPONEGORO NO 60,1990,[np.int64(519)],1,C000520,1.0,Auto Match
Mobile Banking,MO_0001983,IwanWijaya,1998-06-06,62819869030,customer001368@example.com,Jl. Gatot Subroto No. 155,Medan,IWANWIJAYA,0819869030,customer001368@example.com,JL GATOT SUBROTO NO 155,1998,[np.int64(1367)],1,C001368,0.9630952380952381,Auto Match
Mobile Banking,MO_0001984,Joko Setiawan,2010-03-11,8383229921,customer001109@example.com,Jl. Ahmad Yani No. 168,Surabaya,JOKO SETIAWAN,8383229921,customer001109@example.com,JL AHMAD YANI NO 168,2010,[np.int64(1108)],1,C001109,1.0,Auto Match
Mobile Banking,MO_0001985,Vina Permata,2000-09-05,8416214714,customer001059@example.com,Jl. Merdeka No. 163,Semarang,VINA PERMATA,8416214714,customer001059@example.com,JL MERDEKA NO 163,2000,[np.int64(1058)],1,C001059,1.0,Auto Match
Mobile Banking,MO_0001986,PUTRI SANTOSO,1989-04-19,8222060210,customer000998@example.com,Jl. Diponegoro No. 94,Bekasi,PUTRI SANTOSO,8222060210,customer000998@example.com,JL DIPONEGORO NO 94,1989,[np.int64(997)],1,C000998,1.0,Auto Match
Mobile Banking,MO_0001987,IWANRAMADHAN,1993-05-31,628579466383,customer000003@example.com,Jl. Gatot Subroto No. 56,Depok,IWANRAMADHAN,08579466383,customer000003@example.com,JL GATOT SUBROTO NO 56,1993,[np.int64(2)],1,C000003,0.9780952380952381,Auto Match
Mobile Banking,MO_0001988,HanaSetiawan,1989-05-04,8597404407,customer001285@example.com,Jalan Merdeka No. 42,Surabaya,HANASETIAWAN,8597404407,customer001285@example.com,JL MERDEKA NO 42,1989,[np.int64(1284)],1,C001285,0.9900000000000001,Auto Match
Mobile Banking,MO_0001989,MAYA LESTARI,1997-12-29,8221699225,customer000135@example.com,Jl. Sudirman No. 110,Makassar,MAYA LESTARI,8221699225,customer000135@example.com,JL SUDIRMAN NO 110,1997,[np.int64(134)],1,C000135,1.0,Auto Match
Mobile Banking,MO_0001990,Putri Nugroho,2001-10-31,8567303493,customer001422@examplecom,Jl. Sudirman No. 138,Makassar,PUTRI NUGROHO,8567303493,customer001422@examplecom,JL SUDIRMAN NO 138,2001,[np.int64(1421)],1,C001422,0.9941176470588236,Auto Match
Mobile Banking,MO_0001991,K4R1NNUGROHO,2008-04-03,8813718708,customer001270@example.com,Jl. Merdeka No. 128,Bogor,K4R1NNUGROHO,8813718708,customer001270@example.com,JL MERDEKA NO 128,2008,[np.int64(1269)],1,C001270,0.9500000000000001,Auto Match
Mobile Banking,MO_0001992,Eko Lestari,1999-07-16,8218825579,customer000906@examplecom,Jl. Gatot Subroto No. 66,Surabaya,EKO LESTARI,8218825579,customer000906@examplecom,JL GATOT SUBROTO NO 66,1999,[np.int64(905)],1,C000906,0.9941176470588236,Auto Match
Mobile Banking,MO_0001993,Joko Santoso,2008-02-08,8885158262,customer001205@example.com,Jl. Merdeka No. 49,Makassar,JOKO SANTOSO,8885158262,customer001205@example.com,JL MERDEKA NO 49,2008,[np.int64(1204)],1,C001205,1.0,Auto Match
Mobile Banking,MO_0001994,NANDA HIDAYAT,2016-06-24,8597099474,customer001282@example.com,Jl. Merdeka No. 145,Medan,NANDA HIDAYAT,8597099474,customer001282@example.com,JL MERDEKA NO 145,2016,[np.int64(1281)],1,C001282,1.0,Auto Match
Mobile Banking,MO_0001995,CITRA HIDAYAT,2003-08-16,8805745392,customer001625@example.com,Jl. Merdeka No. 25,Depok,CITRA HIDAYAT,8805745392,customer001625@example.com,JL MERDEKA NO 25,2003,[np.int64(1624)],1,C001625,1.0,Auto Match
Mobile Banking,MO_0001996,Eko Permata,1994-04-16,8980985873,customer001383@example.com,Jl. Gatot Subroto No. 100,Medan,EKO PERMATA,8980985873,customer001383@example.com,JL GATOT SUBROTO NO 100,1994,[np.int64(1382)],1,C001383,1.0,Auto Match
Mobile Banking,MO_0001997,Budi Santoso,1999-01-10,8739962417,customer001433@example.com,Jl. Sudirman No. 29,Tangerang,BUDI SANTOSO,8739962417,customer001433@example.com,JL SUDIRMAN NO 29,1999,[np.int64(1432)],1,C001433,1.0,Auto Match
Mobile Banking,MO_0001998,Eko Siregar,1997-01-19,628121052041,customer001088@example.com,Jl. Sudirman No. 80,Bandung,EKO SIREGAR,08121052041,customer001088@example.com,JL SUDIRMAN NO 80,1997,[np.int64(1087)],1,C001088,0.9880952380952381,Auto Match
Mobile Banking,MO_0001999,Rina Kurniawan,2009-12-19,8331435426,customer000443@examplecom,Jl. Merdeka No. 149,Medan,RINA KURNIAWAN,8331435426,customer000443@examplecom,JL MERDEKA NO 149,2009,[np.int64(442)],1,C000443,0.9941176470588236,Auto Match
Mobile Banking,MO_0002000,PUTR1 NUGROHO,2003-04-23,628243764620,customer001528@example.com,Jl. Gatot Subroto No. 117,Semarang,PUTR1 NUGROHO,08243764620,customer001528@example.com,JL GATOT SUBROTO NO 117,2003,[np.int64(1527)],1,C001528,0.9688644688644689,Auto Match
Mobile Banking,MO_0002001,Rina Ramadhan,2010-04-09,860860145,customer000829@example.com,Jl. Sudirman No. 143,Bogor,RINA RAMADHAN,860860145,customer000829@example.com,JL SUDIRMAN NO 143,2010,[np.int64(828)],1,C000829,0.986842105263158,Auto Match
Mobile Banking,MO_0002002,IWANWIJAYA,1990-10-10,856067737,customer000918@example.com,Jl. Diponegoro No. 34,Tangerang,IWANWIJAYA,856067737,customer000918@example.com,JL DIPONEGORO NO 34,1990,[np.int64(917)],1,C000918,0.974937343358396,Auto Match
Mobile Banking,MO_0002003,Tono Nugroho,2000-06-26,8638675639,customer000754@example.com,JALAN AHMAD YANI NO. 171,Bekasi,TONO NUGROHO,8638675639,customer000754@example.com,JL AHMAD YANI NO 171,2000,[np.int64(753)],1,C000754,1.0,Auto Match
Mobile Banking,MO_0002004,Oscar Pratama,1993-09-16,8350559709,customer001576@example.com,Jalan Gatot Subroto No. 59,Surabaya,OSCAR PRATAMA,8350559709,customer001576@example.com,JL GATOT SUBROTO NO 59,1993,[np.int64(1575)],1,C001576,1.0,Auto Match
Mobile Banking,MO_0002005,EkoSaputra,1998-01-05,8355960935,customer001531@example.com,Jl. Sudirman No. 76,Surabaya,EKOSAPUTRA,8355960935,customer001531@example.com,JL SUDIRMAN NO 76,1998,[np.int64(1530)],1,C001531,0.9880952380952382,Auto Match
Mobile Banking,MO_0002006,1wan Pratama,2009-11-21,628114493372,customer000737@example.com,Jalan Sudirman No. 129,Depok,1WAN PRATAMA,08114493372,customer000737@example.com,JL SUDIRMAN NO 129,2009,[np.int64(736)],1,C000737,0.9672619047619048,Auto Match
Mobile Banking,MO_0002007,Iwan Pratama,1991-10-27,8131581689,customer001248@example.com,Jl. Diponegoro No. 86,Medan,IWAN PRATAMA,8131581689,customer001248@example.com,JL DIPONEGORO NO 86,1991,[np.int64(1247)],1,C001248,1.0,Auto Match
Mobile Banking,MO_0002008,AndiPratama,1998-10-15,8388956035,customer001441@example.com,Jl. Merdeka No. 99,Bogor,ANDIPRATAMA,8388956035,customer001441@example.com,JL MERDEKA NO 99,1998,[np.int64(1440)],1,C001441,0.9891304347826088,Auto Match
Mobile Banking,MO_0002009,Oscar Ramadhan,1993-12-11,628111219093,customer001034@example.com,Jl. Diponegoro No. 78,Medan,OSCAR RAMADHAN,08111219093,customer001034@example.com,JL DIPONEGORO NO 78,1993,[np.int64(1033)],1,C001034,0.9880952380952381,Auto Match
Mobile Banking,MO_0002010,Eko Saputra,2004-08-27,8265412862,customer000752@example.com,Jalan Ahmad Yani No. 128,Surabaya,EKO SAPUTRA,8265412862,customer000752@example.com,JL AHMAD YANI NO 128,2004,[np.int64(751)],1,C000752,1.0,Auto Match
Mobile Banking,MO_0002011,KARIN LESTARI,1990-04-29,8226197863,customer000492@example.com,JL. GATOT SUBROTO NO. 94,Medan,KARIN LESTARI,8226197863,customer000492@example.com,JL GATOT SUBROTO NO 94,1990,[np.int64(491)],1,C000492,1.0,Auto Match
Mobile Banking,MO_0002012,FajarWijaya,2000-08-08,8157297230,customer000742@example.com,Jl. Merdeka No. 109,Bogor,FAJARWIJAYA,8157297230,customer000742@example.com,JL MERDEKA NO 109,2000,[np.int64(741)],1,C000742,0.9891304347826088,Auto Match
Mobile Banking,MO_0002013,Vina Santoso,2011-01-11,8287780798,customer001309@example.com,Jl. Diponegoro No. 150,Surabaya,VINA SANTOSO,8287780798,customer001309@example.com,JL DIPONEGORO NO 150,2011,[np.int64(1308)],1,C001309,1.0,Auto Match
Mobile Banking,MO_0002014,IwanWijaya,2006-12-31,8201774833,customer000442@examplecom,Jl. Merdeka No. 62,Bekasi,IWANWIJAYA,8201774833,customer000442@examplecom,JL MERDEKA NO 62,2006,[np.int64(441)],1,C000442,0.9822128851540616,Auto Match
Mobile Banking,MO_0002015,Hana Hidayat,1998-10-22,8177001876,customer001030@example.com,Jl. Diponegoro No. 81,Bandung,HANA HIDAYAT,8177001876,customer001030@example.com,JL DIPONEGORO NO 81,1998,[np.int64(1029)],1,C001030,1.0,Auto Match
Mobile Banking,MO_0002016,Citra Kurniawan,2010-10-20,881195161,customer001308@example.com,JL. AHMAD YANI NO. 197,Bekasi,CITRA KURNIAWAN,881195161,customer001308@example.com,JL AHMAD YANI NO 197,2010,[np.int64(1307)],1,C001308,0.986842105263158,Auto Match
Mobile Banking,MO_0002017,CitraWijaya,1996-02-15,8945335365,customer001427@example.com,Jl. Merdeka No. 196,Bogor,CITRAWIJAYA,8945335365,customer001427@example.com,JL MERDEKA NO 196,1996,[np.int64(1426)],1,C001427,0.9891304347826088,Auto Match
Mobile Banking,MO_0002018,Eko Siregar,2004-08-24,8503204137,customer001716@example.com,JL. GATOT SUBROTO NO. 71,Bekasi,EKO SIREGAR,8503204137,customer001716@example.com,JL GATOT SUBROTO NO 71,2004,[np.int64(1715)],1,C001716,1.0,Auto Match
Mobile Banking,MO_0002019,Dewi Siregar,2014-09-05,8413211712,customer001648@example.com,JL. GATOT SUBROTO NO. 59,Jakarta,DEWI SIREGAR,8413211712,customer001648@example.com,JL GATOT SUBROTO NO 59,2014,[np.int64(1647)],1,C001648,1.0,Auto Match
Mobile Banking,MO_0002020,VINA HIDAYAT,2015-05-14,8657743140,customer001272@example.com,Jl. Sudirman No. 178,Surabaya,VINA HIDAYAT,8657743140,customer001272@example.com,JL SUDIRMAN NO 178,2015,[np.int64(1271)],1,C001272,1.0,Auto Match
Mobile Banking,MO_0002021,TonoPermata,1993-07-25,8924766903,customer001357@examplecom,Jl. Diponegoro No. 105,Bandung,TONOPERMATA,8924766903,customer001357@examplecom,JL DIPONEGORO NO 105,1993,[np.int64(1356)],1,C001357,0.9832480818414323,Auto Match
Mobile Banking,MO_0002022,Joko Kurniawan,2006-04-28,8579275434,customer000092@example.com,Jl. Sudirman No. 168,Bekasi,JOKO KURNIAWAN,8579275434,customer000092@example.com,JL SUDIRMAN NO 168,2006,[np.int64(91)],1,C000092,1.0,Auto Match
Mobile Banking,MO_0002023,BudiSetiawan,2001-11-11,628565842283,customer001518@example.com,Jl. Gatot Subroto No. 129,Medan,BUDISETIAWAN,08565842283,customer001518@example.com,JL GATOT SUBROTO NO 129,2001,[np.int64(1517)],1,C001518,0.9780952380952381,Auto Match
Mobile Banking,MO_0002024,BudiNugroho,1994-07-23,628384007026,customer001227@example.com,Jl. Diponegoro No. 131,Bandung,BUDINUGROHO,08384007026,customer001227@example.com,JL DIPONEGORO NO 131,1994,[np.int64(1226)],1,C001227,0.9772256728778469,Auto Match
Mobile Banking,MO_0002025,BUDI SAPUTRA,2010-08-06,62897413518,customer001353@example.com,JL. MERDEKA NO. 132,Bogor,BUDI SAPUTRA,0897413518,customer001353@example.com,JL MERDEKA NO 132,2010,[np.int64(1352)],1,C001353,0.9750000000000001,Auto Match
Mobile Banking,MO_0002026,Vina Lestari,1992-07-02,8495098658,customer000685@example.com,Jl. Gatot Subroto No. 133,Jakarta,VINA LESTARI,8495098658,customer000685@example.com,JL GATOT SUBROTO NO 133,1992,[np.int64(684)],1,C000685,1.0,Auto Match
Mobile Banking,MO_0002027,CITRALESTARI,2009-04-03,628442212024,customer000251@example.com,Jl. Gatot Subroto No. 78,Makassar,CITRALESTARI,08442212024,customer000251@example.com,JL GATOT SUBROTO NO 78,2009,[np.int64(250)],1,C000251,0.9780952380952381,Auto Match
Mobile Banking,MO_0002028,Citra Wijaya,2010-01-23,8129882865,customer001133@example.com,Jalan Diponegoro No. 8,Depok,CITRA WIJAYA,8129882865,customer001133@example.com,JL DIPONEGORO NO 8,2010,[np.int64(1132)],1,C001133,1.0,Auto Match
Mobile Banking,MO_0002029,Nanda Saputra,1996-01-19,628212818564,customer000407@example.com,Jl. Gatot Subroto No. 130,Medan,NANDA SAPUTRA,08212818564,customer000407@example.com,JL GATOT SUBROTO NO 130,1996,[np.int64(406)],1,C000407,0.9880952380952381,Auto Match
Mobile Banking,MO_0002030,Iwan Siregar,1992-09-26,8466811968,customer000345@example.com,Jalan Sudirman No. 85,Semarang,IWAN SIREGAR,8466811968,customer000345@example.com,JL SUDIRMAN NO 85,1992,[np.int64(344)],1,C000345,1.0,Auto Match
Mobile Banking,MO_0002031,Oscar Saputra,1996-05-07,628690442843,customer001516@examplecom,Jl. Ahmad Yani No. 197,Makassar,OSCAR SAPUTRA,08690442843,customer001516@examplecom,JL AHMAD YANI NO 197,1996,[np.int64(1515)],1,C001516,0.9822128851540616,Auto Match
Mobile Banking,MO_0002032,MAYA SETIAWAN,2003-06-14,8164408049,customer001014@example.com,Jl. Sudirman No. 186,Makassar,MAYA SETIAWAN,8164408049,customer001014@example.com,JL SUDIRMAN NO 186,2003,[np.int64(1013)],1,C001014,1.0,Auto Match
Mobile Banking,MO_0002033,Dewi Siregar,1991-05-13,855582597,customer001048@example.com,Jl. Merdeka No. 194,Surabaya,DEWI SIREGAR,855582597,customer001048@example.com,JL MERDEKA NO 194,1991,[np.int64(1047)],1,C001048,0.986842105263158,Auto Match
Mobile Banking,MO_0002034,Joko Saputra,2003-10-14,860666931,customer000902@example.com,Jl. Gatot Subroto No. 187,Medan,JOKO SAPUTRA,860666931,customer000902@example.com,JL GATOT SUBROTO NO 187,2003,[np.int64(901)],1,C000902,0.986842105263158,Auto Match
Mobile Banking,MO_0002035,JOKO NUGROHO,2005-05-28,8706162342,customer000355@example.com,Jalan Diponegoro No. 29,Bandung,JOKO NUGROHO,8706162342,customer000355@example.com,JL DIPONEGORO NO 29,2005,[np.int64(354)],1,C000355,1.0,Auto Match
Mobile Banking,MO_0002036,Nanda Wijaya,1992-09-10,861365754,customer000545@example.com,Jl. Merdeka No. 163,Bekasi,NANDA WIJAYA,861365754,customer000545@example.com,JL MERDEKA NO 163,1992,[np.int64(544)],1,C000545,0.986842105263158,Auto Match
Mobile Banking,MO_0002037,OSC4RS4PUTR4,1993-01-30,8501185253,customer001354@example.com,Jl. Sudirman No. 66,Bogor,OSC4RS4PUTR4,8501185253,customer001354@example.com,JL SUDIRMAN NO 66,1993,[np.int64(1353)],1,C001354,0.93,Auto Match
Mobile Banking,MO_0002038,Putri Lestari,2014-05-19,8157787966,customer000245@example.com,Jl. Gatot Subroto No. 146,Jakarta,PUTRI LESTARI,8157787966,customer000245@example.com,JL GATOT SUBROTO NO 146,2014,[np.int64(244)],1,C000245,1.0,Auto Match
Mobile Banking,MO_0002039,Budi Nugroho,1998-06-13,834807154,customer000966@example.com,Jalan Merdeka No. 45,Surabaya,BUDI NUGROHO,834807154,customer000966@example.com,JL MERDEKA NO 45,1998,[np.int64(965)],1,C000966,0.986842105263158,Auto Match
Mobile Banking,MO_0002040,Rina Pratama,2009-08-02,886389487,customer001047@example.com,Jl. Diponegoro No. 167,Bekasi,RINA PRATAMA,886389487,customer001047@example.com,JL DIPONEGORO NO 167,2009,[np.int64(1046)],1,C001047,0.986842105263158,Auto Match
Mobile Banking,MO_0002041,1wan Ramadhan,1997-01-08,628554139354,customer001563@example.com,Jl. Merdeka No. 123,Semarang,1WAN RAMADHAN,08554139354,customer001563@example.com,JL MERDEKA NO 123,1997,[np.int64(1562)],1,C001563,0.9688644688644689,Auto Match
Mobile Banking,MO_0002042,Vina Pratama,1995-11-10,8691811751,customer000899@examplecom,Jl. Merdeka No. 140,Bogor,VINA PRATAMA,8691811751,customer000899@examplecom,JL MERDEKA NO 140,1995,[np.int64(898)],1,C000899,0.9941176470588236,Auto Match
Mobile Banking,MO_0002043,Iwan Pratama,2011-05-09,8522220092,customer000454@example.com,Jl. Ahmad Yani No. 80,Bekasi,IWAN PRATAMA,8522220092,customer000454@example.com,JL AHMAD YANI NO 80,2011,[np.int64(453)],1,C000454,1.0,Auto Match
Mobile Banking,MO_0002044,Eko Kurniawan,1995-10-13,628244941114,customer000368@example.com,Jl. Merdeka No. 20,Semarang,EKO KURNIAWAN,08244941114,customer000368@example.com,JL MERDEKA NO 20,1995,[np.int64(367)],1,C000368,0.9880952380952381,Auto Match
Mobile Banking,MO_0002045,CITRA SANTOSO,2014-07-05,8347113218,customer000292@examplecom,Jl. Sudirman No. 81,Tangerang,CITRA SANTOSO,8347113218,customer000292@examplecom,JL SUDIRMAN NO 81,2014,[np.int64(291)],1,C000292,0.9941176470588236,Auto Match
Mobile Banking,MO_0002046,Fajar Hidayat,1999-01-05,628747063084,customer000248@example.com,Jl. Ahmad Yani No. 139,Bogor,FAJAR HIDAYAT,08747063084,customer000248@example.com,JL AHMAD YANI NO 139,1999,[np.int64(247)],1,C000248,0.9880952380952381,Auto Match
Mobile Banking,MO_0002047,Putri Permata,2015-10-31,8311205038,customer000537@examplecom,Jl. Ahmad Yani No. 89,Surabaya,PUTRI PERMATA,8311205038,customer000537@examplecom,JL AHMAD YANI NO 89,2015,[np.int64(536)],1,C000537,0.9941176470588236,Auto Match
Mobile Banking,MO_0002048,Iwan Nugroho,1991-11-26,62850582373,customer001536@example.com,Jl. Sudirman No. 27,Medan,IWAN NUGROHO,0850582373,customer001536@example.com,JL SUDIRMAN NO 27,1991,[np.int64(1535)],1,C001536,0.9750000000000001,Auto Match
Mobile Banking,MO_0002049,RinaSaputra,2008-03-10,8469397325,customer000277@example.com,Jl. Gatot Subroto No. 37,Bogor,RINASAPUTRA,8469397325,customer000277@example.com,JL GATOT SUBROTO NO 37,2008,[np.int64(276)],1,C000277,0.9891304347826088,Auto Match
Mobile Banking,MO_0002050,Rina Wijaya,2001-07-15,8831264705,customer000217@example.com,Jl. Merdeka No. 134,Bandung,RINA WIJAYA,8831264705,customer000217@example.com,JL MERDEKA NO 134,2001,[np.int64(216)],1,C000217,1.0,Auto Match
Mobile Banking,MO_0002051,Citra Wijaya,2009-01-27,8546902934,customer001341@example.com,Jalan Diponegoro No. 139,Semarang,CITRA WIJAYA,8546902934,customer001341@example.com,JL DIPONEGORO NO 139,2009,[np.int64(1340)],1,C001341,1.0,Auto Match
Mobile Banking,MO_0002052,Eko Nugroho,2006-09-12,8923175400,customer001545@example.com,Jl. Merdeka No. 69,Bogor,EKO NUGROHO,8923175400,customer001545@example.com,JL MERDEKA NO 69,2006,[np.int64(1544)],1,C001545,1.0,Auto Match
Mobile Banking,MO_0002053,Tono Siregar,2014-10-27,8319877509,customer001416@example.com,Jl. Gatot Subroto No. 22,Surabaya,TONO SIREGAR,8319877509,customer001416@example.com,JL GATOT SUBROTO NO 22,2014,[np.int64(1415)],1,C001416,1.0,Auto Match
Mobile Banking,MO_0002054,TONONUGROHO,2008-12-01,8326536868,customer000041@example.com,Jl. Gatot Subroto No. 126,Medan,TONONUGROHO,8326536868,customer000041@example.com,JL GATOT SUBROTO NO 126,2008,[np.int64(40)],1,C000041,0.9891304347826088,Auto Match
Mobile Banking,MO_0002055,Gita Kurniawan,2002-08-29,8890483256,customer001626@example.com,Jl. Diponegoro No. 79,Bogor,GITA KURNIAWAN,8890483256,customer001626@example.com,JL DIPONEGORO NO 79,2002,[np.int64(1625)],1,C001626,1.0,Auto Match
Mobile Banking,MO_0002056,Putri Pratama,2002-11-03,8635250363,customer001225@example.com,Jl. Merdeka No. 187,Bandung,PUTRI PRATAMA,8635250363,customer001225@example.com,JL MERDEKA NO 187,2002,[np.int64(1224)],1,C001225,1.0,Auto Match
Mobile Banking,MO_0002057,CitraNugroho,2013-11-03,8536248925,customer001381@examplecom,Jl. Sudirman No. 195,Jakarta,CITRANUGROHO,8536248925,customer001381@examplecom,JL SUDIRMAN NO 195,2013,[np.int64(1380)],1,C001381,0.9841176470588235,Auto Match
Mobile Banking,MO_0002058,Maya Hidayat,1998-07-08,8922532113,customer000618@example.com,Jl. Merdeka No. 88,Tangerang,MAYA HIDAYAT,8922532113,customer000618@example.com,JL MERDEKA NO 88,1998,[np.int64(617)],1,C000618,1.0,Auto Match
Mobile Banking,MO_0002059,RINASIREGAR,2002-02-03,8776180929,customer001754@example.com,Jalan Diponegoro No. 167,Tangerang,RINASIREGAR,8776180929,customer001754@example.com,JL DIPONEGORO NO 167,2002,[np.int64(1753)],1,C001754,0.9891304347826088,Auto Match
Mobile Banking,MO_0002060,Tono Setiawan,2003-05-22,8715095307,customer000711@example.com,Jl. Diponegoro No. 199,Surabaya,TONO SETIAWAN,8715095307,customer000711@example.com,JL DIPONEGORO NO 199,2003,[np.int64(710)],1,C000711,1.0,Auto Match
Mobile Banking,MO_0002061,Oscar Permata,2010-08-15,8179551211,customer001771@example.com,Jl. Diponegoro No. 177,Makassar,OSCAR PERMATA,8179551211,customer001771@example.com,JL DIPONEGORO NO 177,2010,[np.int64(1770)],1,C001771,1.0,Auto Match
Mobile Banking,MO_0002062,PUTRI KURNIAWAN,2004-03-24,835815199,customer001501@example.com,Jl. Ahmad Yani No. 152,Surabaya,PUTRI KURNIAWAN,835815199,customer001501@example.com,JL AHMAD YANI NO 152,2004,[np.int64(1500)],1,C001501,0.986842105263158,Auto Match
Mobile Banking,MO_0002063,K4R1NH1D4Y4T,2010-11-24,8525598463,customer000499@example.com,Jl. Gatot Subroto No. 179,Makassar,K4R1NH1D4Y4T,8525598463,customer000499@example.com,JL GATOT SUBROTO NO 179,2010,[np.int64(498)],1,C000499,0.8900000000000001,Auto Match
Mobile Banking,MO_0002064,Dewi Lestari,2010-01-31,8490632053,customer001036@example.com,Jl. Diponegoro No. 6,Jakarta,DEWI LESTARI,8490632053,customer001036@example.com,JL DIPONEGORO NO 6,2010,[np.int64(1035)],1,C001036,1.0,Auto Match
Mobile Banking,MO_0002065,Oscar Pratama,2004-11-14,628268612308,customer001058@examplecom,JALAN MERDEKA NO. 81,Jakarta,OSCAR PRATAMA,08268612308,customer001058@examplecom,JL MERDEKA NO 81,2004,[np.int64(1057)],1,C001058,0.9822128851540616,Auto Match
Mobile Banking,MO_0002066,Hana Setiawan,1989-04-01,8881248542,customer001027@example.com,JL. AHMAD YANI NO. 16,Depok,HANA SETIAWAN,8881248542,customer001027@example.com,JL AHMAD YANI NO 16,1989,[np.int64(1026)],1,C001027,1.0,Auto Match
Mobile Banking,MO_0002067,1wanKurniawan,2000-03-06,813033993,customer000871@example.com,JL. DIPONEGORO NO. 40,Bandung,1WANKURNIAWAN,813033993,customer000871@example.com,JL DIPONEGORO NO 40,2000,[np.int64(870)],1,C000871,0.9590643274853802,Auto Match
Mobile Banking,MO_0002068,Iwan Lestari,2012-06-26,628212044519,customer000719@example.com,Jl. Diponegoro No. 44,Depok,IWAN LESTARI,08212044519,customer000719@example.com,JL DIPONEGORO NO 44,2012,[np.int64(718)],1,C000719,0.9880952380952381,Auto Match
Mobile Banking,MO_0002069,NANDA RAMADHAN,2014-11-08,628680912167,customer000321@example.com,Jl. Gatot Subroto No. 88,Semarang,NANDA RAMADHAN,08680912167,customer000321@example.com,JL GATOT SUBROTO NO 88,2014,[np.int64(320)],1,C000321,0.9880952380952381,Auto Match
Mobile Banking,MO_0002070,IWAN SIREGAR,1999-06-30,8407147161,customer001541@examplecom,Jalan Sudirman No. 99,Depok,IWAN SIREGAR,8407147161,customer001541@examplecom,JL SUDIRMAN NO 99,1999,[np.int64(1540)],1,C001541,0.9941176470588236,Auto Match
Mobile Banking,MO_0002071,Karin Hidayat,2004-06-26,8521564787,customer000011@example.com,Jl. Ahmad Yani No. 3,Tangerang,KARIN HIDAYAT,8521564787,customer000011@example.com,JL AHMAD YANI NO 3,2004,[np.int64(10)],1,C000011,1.0,Auto Match
Mobile Banking,MO_0002072,Maya Saputra,2001-05-07,628922440854,customer000494@example.com,JL. GATOT SUBROTO NO. 140,Medan,MAYA SAPUTRA,08922440854,customer000494@example.com,JL GATOT SUBROTO NO 140,2001,[np.int64(493)],1,C000494,0.9880952380952381,Auto Match
Mobile Banking,MO_0002073,BUD1 H1D4Y4T,1996-05-29,869202602,customer000634@example.com,Jl. Ahmad Yani No. 46,Surabaya,BUD1 H1D4Y4T,869202602,customer000634@example.com,JL AHMAD YANI NO 46,1996,[np.int64(633)],1,C000634,0.9035087719298246,Auto Match
Mobile Banking,MO_0002074,Budi Santoso,2015-08-24,8161944673,customer001161@examplecom,Jl. Merdeka No. 80,Bogor,BUDI SANTOSO,8161944673,customer001161@examplecom,JL MERDEKA NO 80,2015,[np.int64(1160)],1,C001161,0.9941176470588236,Auto Match
Mobile Banking,MO_0002075,PUTRI HIDAYAT,2016-05-14,829742184,customer000124@example.com,Jl. Ahmad Yani No. 47,Bandung,PUTRI HIDAYAT,829742184,customer000124@example.com,JL AHMAD YANI NO 47,2016,[np.int64(123)],1,C000124,0.986842105263158,Auto Match
Mobile Banking,MO_0002076,Dewi Setiawan,2006-05-05,8589688281,customer001403@example.com,Jl. Sudirman No. 118,Tangerang,DEWI SETIAWAN,8589688281,customer001403@example.com,JL SUDIRMAN NO 118,2006,[np.int64(1402)],1,C001403,1.0,Auto Match
Mobile Banking,MO_0002077,Vina Kurniawan,2002-07-18,8501428546,customer000617@example.com,Jalan Diponegoro No. 122,Bandung,VINA KURNIAWAN,8501428546,customer000617@example.com,JL DIPONEGORO NO 122,2002,[np.int64(616)],1,C000617,1.0,Auto Match
Mobile Banking,MO_0002078,PUTRI PRATAMA,1990-10-28,8945884879,customer001785@example.com,Jl. Merdeka No. 184,Depok,PUTRI PRATAMA,8945884879,customer001785@example.com,JL MERDEKA NO 184,1990,[np.int64(1784)],1,C001785,1.0,Auto Match
Mobile Banking,MO_0002079,CITRA PERMATA,1999-06-02,628465217874,customer000745@example.com,Jl. Gatot Subroto No. 82,Medan,CITRA PERMATA,08465217874,customer000745@example.com,JL GATOT SUBROTO NO 82,1999,[np.int64(744)],1,C000745,0.9880952380952381,Auto Match
Mobile Banking,MO_0002080,LINA HIDAYAT,2009-07-20,8819419116,customer001708@example.com,JL. GATOT SUBROTO NO. 164,Makassar,LINA HIDAYAT,8819419116,customer001708@example.com,JL GATOT SUBROTO NO 164,2009,[np.int64(1707)],1,C001708,1.0,Auto Match
Mobile Banking,MO_0002081,Gita Kurniawan,1999-09-25,8189938627,customer000890@examplecom,Jl. Gatot Subroto No. 138,Bandung,GITA KURNIAWAN,8189938627,customer000890@examplecom,JL GATOT SUBROTO NO 138,1999,[np.int64(889)],1,C000890,0.9941176470588236,Auto Match
Mobile Banking,MO_0002082,4ND1 SET14W4N,2013-10-24,899177925,customer001250@example.com,Jl. Diponegoro No. 103,Surabaya,4ND1 SET14W4N,899177925,customer001250@example.com,JL DIPONEGORO NO 103,2013,[np.int64(1249)],1,C001250,0.8906882591093118,Auto Match
Mobile Banking,MO_0002083,Iwan Nugroho,2008-09-20,8121209738,customer000687@example.com,Jl. Merdeka No. 119,Tangerang,IWAN NUGROHO,8121209738,customer000687@example.com,JL MERDEKA NO 119,2008,[np.int64(686)],1,C000687,1.0,Auto Match
Mobile Banking,MO_0002084,MayaSetiawan,2007-01-12,8289173312,customer001586@example.com,Jl. Gatot Subroto No. 86,Semarang,MAYASETIAWAN,8289173312,customer001586@example.com,JL GATOT SUBROTO NO 86,2007,[np.int64(1585)],1,C001586,0.9900000000000001,Auto Match
Mobile Banking,MO_0002085,Andi Pratama,2007-11-01,8395907037,customer001222@example.com,Jl. Sudirman No. 104,Jakarta,ANDI PRATAMA,8395907037,customer001222@example.com,JL SUDIRMAN NO 104,2007,[np.int64(1221)],1,C001222,1.0,Auto Match
Mobile Banking,MO_0002086,Iwan Permata,2007-01-24,8328621688,customer000860@example.com,Jl. Merdeka No. 195,Jakarta,IWAN PERMATA,8328621688,customer000860@example.com,JL MERDEKA NO 195,2007,[np.int64(859)],1,C000860,1.0,Auto Match
Mobile Banking,MO_0002087,VINA SANTOSO,1996-04-02,8403740735,customer000635@example.com,Jalan Merdeka No. 125,Bandung,VINA SANTOSO,8403740735,customer000635@example.com,JL MERDEKA NO 125,1996,[np.int64(634)],1,C000635,1.0,Auto Match
Mobile Banking,MO_0002088,Gita Permata,1994-12-20,8199153040,customer001155@example.com,Jl. Sudirman No. 97,Medan,GITA PERMATA,8199153040,customer001155@example.com,JL SUDIRMAN NO 97,1994,[np.int64(1154)],1,C001155,1.0,Auto Match
Mobile Banking,MO_0002089,JokoPratama,2015-02-07,8501159396,customer001457@example.com,Jl. Ahmad Yani No. 145,Bekasi,JOKOPRATAMA,8501159396,customer001457@example.com,JL AHMAD YANI NO 145,2015,[np.int64(1456)],1,C001457,0.9891304347826088,Auto Match
Mobile Banking,MO_0002090,Dewi Hidayat,1998-02-05,8197518335,customer000094@examplecom,Jl. Merdeka No. 163,Semarang,DEWI HIDAYAT,8197518335,customer000094@examplecom,JL MERDEKA NO 163,1998,[np.int64(93)],1,C000094,0.9941176470588236,Auto Match
Mobile Banking,MO_0002091,OscarKurniawan,1994-07-28,814800117,customer001634@example.com,Jalan Sudirman No. 119,Medan,OSCARKURNIAWAN,814800117,customer001634@example.com,JL SUDIRMAN NO 119,1994,[np.int64(1633)],1,C001634,0.9782214156079856,Auto Match
Mobile Banking,MO_0002092,Andi Saputra,2000-06-25,858864753,customer000445@example.com,Jalan Merdeka No. 165,Depok,ANDI SAPUTRA,858864753,customer000445@example.com,JL MERDEKA NO 165,2000,[np.int64(444)],1,C000445,0.986842105263158,Auto Match
Mobile Banking,MO_0002093,SariSiregar,2008-02-29,8866336427,customer001160@example.com,Jl. Ahmad Yani No. 105,Semarang,SARISIREGAR,8866336427,customer001160@example.com,JL AHMAD YANI NO 105,2008,[np.int64(1159)],1,C001160,0.9891304347826088,Auto Match
Mobile Banking,MO_0002094,Karin Ramadhan,2009-02-22,628445556631,customer000334@example.com,Jl. Ahmad Yani No. 122,Jakarta,KARIN RAMADHAN,08445556631,customer000334@example.com,JL AHMAD YANI NO 122,2009,[np.int64(333)],1,C000334,0.9880952380952381,Auto Match
Mobile Banking,MO_0002095,1W4N H1D4Y4T,2015-01-19,8385709294,customer000522@example.com,Jl. Diponegoro No. 50,Surabaya,1W4N H1D4Y4T,8385709294,customer000522@example.com,JL DIPONEGORO NO 50,2015,[np.int64(521)],1,C000522,0.8958333333333335,Auto Match
Mobile Banking,MO_0002096,Karin Nugroho,1999-05-22,628648486430,customer001358@examplecom,Jl. Merdeka No. 47,Bogor,KARIN NUGROHO,08648486430,customer001358@examplecom,JL MERDEKA NO 47,1999,[np.int64(1357)],1,C001358,0.9822128851540616,Auto Match
Mobile Banking,MO_0002097,K4R1N H1D4Y4T,1997-07-28,8268909903,customer001067@examplecom,Jl. Sudirman No. 118,Surabaya,K4R1N H1D4Y4T,8268909903,customer001067@examplecom,JL SUDIRMAN NO 118,1997,[np.int64(1066)],1,C001067,0.8979638009049774,Auto Match
Mobile Banking,MO_0002098,Dewi Pratama,2002-10-05,8481226812,customer001664@example.com,Jl. Gatot Subroto No. 1,Semarang,DEWI PRATAMA,8481226812,customer001664@example.com,JL GATOT SUBROTO NO 1,2002,[np.int64(1663)],1,C001664,1.0,Auto Match
Mobile Banking,MO_0002099,GitaLestari,1991-09-11,8524154806,customer001011@examplecom,Jalan Ahmad Yani No. 91,Jakarta,GITALESTARI,8524154806,customer001011@examplecom,JL AHMAD YANI NO 91,1991,[np.int64(1010)],1,C001011,0.9832480818414323,Auto Match
Mobile Banking,MO_0002100,CitraSaputra,2010-01-30,872992995,customer000823@example.com,Jalan Gatot Subroto No. 129,Bandung,CITRASAPUTRA,872992995,customer000823@example.com,JL GATOT SUBROTO NO 129,2010,[np.int64(822)],1,C000823,0.976842105263158,Auto Match
CRM,CR_0002101,VINA SIREGAR,2010-02-03,628353223276,customer000689@example.com,Jl. Ahmad Yani No. 199,Semarang,VINA SIREGAR,08353223276,customer000689@example.com,JL AHMAD YANI NO 199,2010,[np.int64(688)],1,C000689,0.9880952380952381,Auto Match
CRM,CR_0002102,SARI PERMATA,1993-02-18,8941405642,customer000461@example.com,JL. AHMAD YANI NO. 127,Tangerang,SARI PERMATA,8941405642,customer000461@example.com,JL AHMAD YANI NO 127,1993,[np.int64(460)],1,C000461,1.0,Auto Match
CRM,CR_0002103,JOKO SIREGAR,2004-01-23,8411593009,customer001103@example.com,Jalan Diponegoro No. 152,Surabaya,JOKO SIREGAR,8411593009,customer001103@example.com,JL DIPONEGORO NO 152,2004,[np.int64(1102)],1,C001103,1.0,Auto Match
CRM,CR_0002104,Fajar Pratama,1999-11-23,8307092838,customer000562@examplecom,Jl. Merdeka No. 4,Medan,FAJAR PRATAMA,8307092838,customer000562@examplecom,JL MERDEKA NO 4,1999,[np.int64(561)],1,C000562,0.9941176470588236,Auto Match
CRM,CR_0002105,Gita Nugroho,1991-01-02,8811583924,customer000856@example.com,Jl. Ahmad Yani No. 192,Bogor,GITA NUGROHO,8811583924,customer000856@example.com,JL AHMAD YANI NO 192,1991,[np.int64(855)],1,C000856,1.0,Auto Match
CRM,CR_0002106,IwanLestari,2016-07-15,8537890028,customer000822@example.com,Jl. Ahmad Yani No. 68,Depok,IWANLESTARI,8537890028,customer000822@example.com,JL AHMAD YANI NO 68,2016,[np.int64(821)],1,C000822,0.9891304347826088,Auto Match
CRM,CR_0002107,Vina Hidayat,2005-03-09,8913460879,customer001300@example.com,Jl. Sudirman No. 182,Medan,VINA HIDAYAT,8913460879,customer001300@example.com,JL SUDIRMAN NO 182,2005,[np.int64(1299)],1,C001300,1.0,Auto Match
CRM,CR_0002108,OSCAR SAPUTRA,2013-08-14,8786460364,customer001584@example.com,JL. MERDEKA NO. 159,Surabaya,OSCAR SAPUTRA,8786460364,customer001584@example.com,JL MERDEKA NO 159,2013,[np.int64(1583)],1,C001584,1.0,Auto Match
CRM,CR_0002109,IWAN SETIAWAN,2011-02-09,8939124124,customer001375@example.com,Jalan Sudirman No. 21,Jakarta,IWAN SETIAWAN,8939124124,customer001375@example.com,JL SUDIRMAN NO 21,2011,[np.int64(1374)],1,C001375,1.0,Auto Match
CRM,CR_0002110,VINANUGROHO,2009-03-09,628300234026,customer000399@example.com,JALAN GATOT SUBROTO NO. 186,Tangerang,VINANUGROHO,08300234026,customer000399@example.com,JL GATOT SUBROTO NO 186,2009,[np.int64(398)],1,C000399,0.9772256728778469,Auto Match
CRM,CR_0002111,SARI SANTOSO,1998-01-27,8346299179,customer000259@example.com,Jl. Gatot Subroto No. 106,Jakarta,SARI SANTOSO,8346299179,customer000259@example.com,JL GATOT SUBROTO NO 106,1998,[np.int64(258)],1,C000259,1.0,Auto Match
CRM,CR_0002112,Tono Siregar,2005-03-19,835937937,customer001266@example.com,Jl. Sudirman No. 31,Semarang,TONO SIREGAR,835937937,customer001266@example.com,JL SUDIRMAN NO 31,2005,[np.int64(1265)],1,C001266,0.986842105263158,Auto Match
CRM,CR_0002113,Putri Kurniawan,1990-02-17,866316736,customer001469@example.com,Jl. Sudirman No. 110,Bandung,PUTRI KURNIAWAN,866316736,customer001469@example.com,JL SUDIRMAN NO 110,1990,[np.int64(1468)],1,C001469,0.986842105263158,Auto Match
CRM,CR_0002114,NandaKurniawan,1996-05-17,8358069510,customer001134@examplecom,JL. SUDIRMAN NO. 182,Semarang,NANDAKURNIAWAN,8358069510,customer001134@examplecom,JL SUDIRMAN NO 182,1996,[np.int64(1133)],1,C001134,0.9854969574036512,Auto Match
CRM,CR_0002115,Hana Permata,2002-07-15,822787478,customer000961@example.com,Jl. Ahmad Yani No. 118,Bekasi,HANA PERMATA,822787478,customer000961@example.com,JL AHMAD YANI NO 118,2002,[np.int64(960)],1,C000961,0.986842105263158,Auto Match
CRM,CR_0002116,1wan Saputra,2000-10-06,8792404249,customer000530@example.com,Jl. Gatot Subroto No. 3,Bandung,1WAN SAPUTRA,8792404249,customer000530@example.com,JL GATOT SUBROTO NO 3,2000,[np.int64(529)],1,C000530,0.9791666666666667,Auto Match
CRM,CR_0002117,MAYA WIJAYA,2009-09-20,8898680607,customer000123@example.com,Jl. Gatot Subroto No. 151,Semarang,MAYA WIJAYA,8898680607,customer000123@example.com,JL GATOT SUBROTO NO 151,2009,[np.int64(122)],1,C000123,1.0,Auto Match
CRM,CR_0002118,HANA WIJAYA,2000-01-04,8967854382,customer001532@example.com,Jalan Diponegoro No. 198,Bekasi,HANA WIJAYA,8967854382,customer001532@example.com,JL DIPONEGORO NO 198,2000,[np.int64(1531)],1,C001532,1.0,Auto Match
CRM,CR_0002119,Oscar Nugroho,2012-06-26,859919231,customer000366@examplecom,Jl. Diponegoro No. 85,Semarang,OSCAR NUGROHO,859919231,customer000366@examplecom,JL DIPONEGORO NO 85,2012,[np.int64(365)],1,C000366,0.9809597523219814,Auto Match
CRM,CR_0002120,Putri Siregar,2006-03-07,8279166861,customer001303@example.com,JALAN DIPONEGORO NO. 87,Bogor,PUTRI SIREGAR,8279166861,customer001303@example.com,JL DIPONEGORO NO 87,2006,[np.int64(1302)],1,C001303,1.0,Auto Match
CRM,CR_0002121,Iwan Wijaya,2006-12-31,8201774833,customer000442@example.com,Jl. Merdeka No. 62,Bekasi,IWAN WIJAYA,8201774833,customer000442@example.com,JL MERDEKA NO 62,2006,[np.int64(441)],1,C000442,1.0,Auto Match
CRM,CR_0002122,Sari Saputra,2005-08-24,8766733707,customer000048@example.com,Jl. Sudirman No. 26,Medan,SARI SAPUTRA,8766733707,customer000048@example.com,JL SUDIRMAN NO 26,2005,[np.int64(47)],1,C000048,1.0,Auto Match
CRM,CR_0002123,Budi Ramadhan,1993-04-16,8916477634,customer001166@example.com,Jl. Diponegoro No. 111,Bogor,BUDI RAMADHAN,8916477634,customer001166@example.com,JL DIPONEGORO NO 111,1993,[np.int64(1165)],1,C001166,1.0,Auto Match
CRM,CR_0002124,TonoWijaya,2011-03-29,893423732,customer001153@example.com,Jl. Ahmad Yani No. 132,Jakarta,TONOWIJAYA,893423732,customer001153@example.com,JL AHMAD YANI NO 132,2011,[np.int64(1152)],1,C001153,0.974937343358396,Auto Match
CRM,CR_0002125,Citra Nugroho,1999-01-08,8632171875,customer000111@example.com,Jl. Sudirman No. 102,Bandung,CITRA NUGROHO,8632171875,customer000111@example.com,JL SUDIRMAN NO 102,1999,[np.int64(110)],1,C000111,1.0,Auto Match
CRM,CR_0002126,Joko Kurniawan,1996-01-09,8834765193,customer000118@example.com,Jl. Sudirman No. 8,Medan,JOKO KURNIAWAN,8834765193,customer000118@example.com,JL SUDIRMAN NO 8,1996,[np.int64(117)],1,C000118,1.0,Auto Match
CRM,CR_0002127,GITA PERMATA,1990-09-14,628513563719,customer001417@example.com,Jl. Gatot Subroto No. 134,Bogor,GITA PERMATA,08513563719,customer001417@example.com,JL GATOT SUBROTO NO 134,1990,[np.int64(1416)],1,C001417,0.9880952380952381,Auto Match
CRM,CR_0002128,DEWISIREGAR,2014-07-28,841975338,customer000042@example.com,Jl. Ahmad Yani No. 84,Bogor,DEWISIREGAR,841975338,customer000042@example.com,JL AHMAD YANI NO 84,2014,[np.int64(41)],1,C000042,0.9759725400457667,Auto Match
CRM,CR_0002129,BUDI HIDAYAT,1996-05-29,869202602,customer000634@example.com,Jalan Ahmad Yani No. 46,Surabaya,BUDI HIDAYAT,869202602,customer000634@example.com,JL AHMAD YANI NO 46,1996,[np.int64(633)],1,C000634,0.986842105263158,Auto Match
CRM,CR_0002130,Eko Setiawan,2011-10-27,8649968348,customer001334@example.com,Jalan Ahmad Yani No. 68,Surabaya,EKO SETIAWAN,8649968348,customer001334@example.com,JL AHMAD YANI NO 68,2011,[np.int64(1333)],1,C001334,1.0,Auto Match
CRM,CR_0002131,Tono Lestari,2010-02-02,813424094,customer000976@examplecom,Jl. Gatot Subroto No. 43,Tangerang,TONO LESTARI,813424094,customer000976@examplecom,JL GATOT SUBROTO NO 43,2010,[np.int64(975)],1,C000976,0.9809597523219814,Auto Match
CRM,CR_0002132,TONO PRATAMA,2001-12-27,875779168,customer001267@example.com,Jl. Gatot Subroto No. 120,Semarang,TONO PRATAMA,875779168,customer001267@example.com,JL GATOT SUBROTO NO 120,2001,[np.int64(1266)],1,C001267,0.986842105263158,Auto Match
CRM,CR_0002133,Iwan Pratama,2009-11-21,628114493372,customer000737@example.com,Jalan Sudirman No. 129,Depok,IWAN PRATAMA,08114493372,customer000737@example.com,JL SUDIRMAN NO 129,2009,[np.int64(736)],1,C000737,0.9880952380952381,Auto Match
CRM,CR_0002134,Budi Kurniawan,1991-12-22,8419321726,customer000861@example.com,Jl. Sudirman No. 109,Bekasi,BUDI KURNIAWAN,8419321726,customer000861@example.com,JL SUDIRMAN NO 109,1991,[np.int64(860)],1,C000861,1.0,Auto Match
CRM,CR_0002135,VINA SIREGAR,2007-06-09,8321414119,customer001604@example.com,JL. AHMAD YANI NO. 190,Bandung,VINA SIREGAR,8321414119,customer001604@example.com,JL AHMAD YANI NO 190,2007,[np.int64(1603)],1,C001604,1.0,Auto Match
CRM,CR_0002136,TonoPermata,1992-01-12,8870366256,customer001317@example.com,Jalan Diponegoro No. 3,Depok,TONOPERMATA,8870366256,customer001317@example.com,JL DIPONEGORO NO 3,1992,[np.int64(1316)],1,C001317,0.9891304347826088,Auto Match
CRM,CR_0002137,Eko Permata,1991-11-09,8753186948,customer001127@example.com,Jalan Diponegoro No. 68,Jakarta,EKO PERMATA,8753186948,customer001127@example.com,JL DIPONEGORO NO 68,1991,[np.int64(1126)],1,C001127,1.0,Auto Match
CRM,CR_0002138,ANDI KURNIAWAN,2009-02-03,8905129300,customer001086@example.com,Jl. Ahmad Yani No. 182,Bandung,ANDI KURNIAWAN,8905129300,customer001086@example.com,JL AHMAD YANI NO 182,2009,[np.int64(1085)],1,C001086,1.0,Auto Match
CRM,CR_0002139,Hana Permata,2003-09-29,8877313834,customer001418@examplecom,Jl. Diponegoro No. 54,Surabaya,HANA PERMATA,8877313834,customer001418@examplecom,JL DIPONEGORO NO 54,2003,[np.int64(1417)],1,C001418,0.9941176470588236,Auto Match
CRM,CR_0002140,OSCAR PRATAMA,2016-07-06,8950324653,customer000112@example.com,Jalan Merdeka No. 168,Medan,OSCAR PRATAMA,8950324653,customer000112@example.com,JL MERDEKA NO 168,2016,[np.int64(111)],1,C000112,1.0,Auto Match
CRM,CR_0002141,Rina Hidayat,2005-09-08,628211471192,customer000276@example.com,Jl. Gatot Subroto No. 64,Surabaya,RINA HIDAYAT,08211471192,customer000276@example.com,JL GATOT SUBROTO NO 64,2005,[np.int64(275)],1,C000276,0.9880952380952381,Auto Match
CRM,CR_0002142,Gita Siregar,2016-03-11,62875101160,customer001174@example.com,Jalan Sudirman No. 175,Depok,GITA SIREGAR,0875101160,customer001174@example.com,JL SUDIRMAN NO 175,2016,[np.int64(1173)],1,C001174,0.9750000000000001,Auto Match
CRM,CR_0002143,Iwan Kurniawan,1992-12-16,8406125057,customer001068@example.com,Jalan Merdeka No. 24,Surabaya,IWAN KURNIAWAN,8406125057,customer001068@example.com,JL MERDEKA NO 24,1992,[np.int64(1067)],1,C001068,1.0,Auto Match
CRM,CR_0002144,Dewi Kurniawan,2008-01-26,628755590473,customer001466@examplecom,Jl. Diponegoro No. 172,Jakarta,DEWI KURNIAWAN,08755590473,customer001466@examplecom,JL DIPONEGORO NO 172,2008,[np.int64(1465)],1,C001466,0.9822128851540616,Auto Match
CRM,CR_0002145,Tono Setiawan,1991-08-03,8634864984,customer000382@example.com,Jl. Diponegoro No. 128,Bekasi,TONO SETIAWAN,8634864984,customer000382@example.com,JL DIPONEGORO NO 128,1991,[np.int64(381)],1,C000382,1.0,Auto Match
CRM,CR_0002146,Tono Wijaya,2009-05-10,8103254620,customer000845@example.com,Jl. Gatot Subroto No. 101,Bandung,TONO WIJAYA,8103254620,customer000845@example.com,JL GATOT SUBROTO NO 101,2009,[np.int64(844)],1,C000845,1.0,Auto Match
CRM,CR_0002147,Budi Nugroho,1991-06-12,8181154778,customer000977@example.com,JL. DIPONEGORO NO. 95,Surabaya,BUDI NUGROHO,8181154778,customer000977@example.com,JL DIPONEGORO NO 95,1991,[np.int64(976)],1,C000977,1.0,Auto Match
CRM,CR_0002148,Dewi Pratama,1991-12-24,8571178995,customer000272@example.com,Jl. Gatot Subroto No. 36,Medan,DEWI PRATAMA,8571178995,customer000272@example.com,JL GATOT SUBROTO NO 36,1991,[np.int64(271)],1,C000272,1.0,Auto Match
CRM,CR_0002149,TONO SIREGAR,2009-04-07,8840088010,customer000358@example.com,Jalan Diponegoro No. 16,Medan,TONO SIREGAR,8840088010,customer000358@example.com,JL DIPONEGORO NO 16,2009,[np.int64(357)],1,C000358,1.0,Auto Match
CRM,CR_0002150,HANA KURNIAWAN,2003-06-11,856572526,customer001140@example.com,Jl. Gatot Subroto No. 21,Bekasi,HANA KURNIAWAN,856572526,customer001140@example.com,JL GATOT SUBROTO NO 21,2003,[np.int64(1139)],1,C001140,0.986842105263158,Auto Match
CRM,CR_0002151,GITA PERMATA,1996-07-14,8852276673,customer000154@example.com,Jl. Diponegoro No. 140,Tangerang,GITA PERMATA,8852276673,customer000154@example.com,JL DIPONEGORO NO 140,1996,[np.int64(153)],1,C000154,1.0,Auto Match
CRM,CR_0002152,DEW1NUGROHO,2016-04-11,8642051663,customer000126@example.com,Jalan Sudirman No. 101,Depok,DEW1NUGROHO,8642051663,customer000126@example.com,JL SUDIRMAN NO 101,2016,[np.int64(125)],1,C000126,0.9673913043478262,Auto Match
CRM,CR_0002153,Budi Kurniawan,1991-02-17,628847555438,customer000216@examplecom,Jalan Sudirman No. 49,Depok,BUDI KURNIAWAN,08847555438,customer000216@examplecom,JL SUDIRMAN NO 49,1991,[np.int64(215)],1,C000216,0.9822128851540616,Auto Match
CRM,CR_0002154,HANA RAMADHAN,2010-04-16,8608960115,customer001447@example.com,Jl. Diponegoro No. 187,Makassar,HANA RAMADHAN,8608960115,customer001447@example.com,JL DIPONEGORO NO 187,2010,[np.int64(1446)],1,C001447,1.0,Auto Match
CRM,CR_0002155,Citra Siregar,1995-12-08,8261554657,customer001212@examplecom,Jl. Merdeka No. 69,Jakarta,CITRA SIREGAR,8261554657,customer001212@examplecom,JL MERDEKA NO 69,1995,[np.int64(1211)],1,C001212,0.9941176470588236,Auto Match
CRM,CR_0002156,Fajar Nugroho,1992-01-14,848818645,customer000253@example.com,Jl. Sudirman No. 154,Medan,FAJAR NUGROHO,848818645,customer000253@example.com,JL SUDIRMAN NO 154,1992,[np.int64(252)],1,C000253,0.986842105263158,Auto Match
CRM,CR_0002157,TONO PRATAMA,1995-05-08,628857635255,customer001367@examplecom,Jl. Gatot Subroto No. 16,Jakarta,TONO PRATAMA,08857635255,customer001367@examplecom,JL GATOT SUBROTO NO 16,1995,[np.int64(1366)],1,C001367,0.9822128851540616,Auto Match
CRM,CR_0002158,PutriPratama,2005-03-14,8630601377,customer001472@example.com,JALAN DIPONEGORO NO. 131,Jakarta,PUTRIPRATAMA,8630601377,customer001472@example.com,JL DIPONEGORO NO 131,2005,[np.int64(1471)],1,C001472,0.9900000000000001,Auto Match
CRM,CR_0002159,EKO WIJAYA,1996-04-26,8833622542,customer000805@example.com,Jl. Gatot Subroto No. 135,Makassar,EKO WIJAYA,8833622542,customer000805@example.com,JL GATOT SUBROTO NO 135,1996,[np.int64(804)],1,C000805,1.0,Auto Match
CRM,CR_0002160,Tono Siregar,1998-02-11,8228433034,customer001144@example.com,Jl. Sudirman No. 114,Surabaya,TONO SIREGAR,8228433034,customer001144@example.com,JL SUDIRMAN NO 114,1998,[np.int64(1143)],1,C001144,1.0,Auto Match
CRM,CR_0002161,Karin Wijaya,1991-12-07,628289553941,customer000583@examplecom,JL. DIPONEGORO NO. 186,Depok,KARIN WIJAYA,08289553941,customer000583@examplecom,JL DIPONEGORO NO 186,1991,[np.int64(582)],1,C000583,0.9822128851540616,Auto Match
CRM,CR_0002162,Vina Lestari,2005-06-17,628744161278,customer001190@example.com,Jl. Merdeka No. 123,Tangerang,VINA LESTARI,08744161278,customer001190@example.com,JL MERDEKA NO 123,2005,[np.int64(1189)],1,C001190,0.9880952380952381,Auto Match
CRM,CR_0002163,Fajar Santoso,1995-10-10,628588289663,customer001660@examplecom,Jl. Gatot Subroto No. 152,Bandung,FAJAR SANTOSO,08588289663,customer001660@examplecom,JL GATOT SUBROTO NO 152,1995,[np.int64(1659)],1,C001660,0.9822128851540616,Auto Match
CRM,CR_0002164,KARIN RAMADHAN,2014-09-04,8664947942,customer001389@example.com,Jl. Ahmad Yani No. 50,Jakarta,KARIN RAMADHAN,8664947942,customer001389@example.com,JL AHMAD YANI NO 50,2014,[np.int64(1388)],1,C001389,1.0,Auto Match
CRM,CR_0002165,Andi Permata,2001-11-13,628237155978,customer000354@example.com,Jl. Diponegoro No. 29,Surabaya,ANDI PERMATA,08237155978,customer000354@example.com,JL DIPONEGORO NO 29,2001,[np.int64(353)],1,C000354,0.9880952380952381,Auto Match
CRM,CR_0002166,Tono Permata,2002-01-31,62887211474,customer001748@example.com,Jl. Sudirman No. 28,Medan,TONO PERMATA,0887211474,customer001748@example.com,JL SUDIRMAN NO 28,2002,[np.int64(1747)],1,C001748,0.9750000000000001,Auto Match
CRM,CR_0002167,Oscar Saputra,1996-04-29,8638972532,customer001553@examplecom,Jl. Ahmad Yani No. 57,Medan,OSCAR SAPUTRA,8638972532,customer001553@examplecom,JL AHMAD YANI NO 57,1996,[np.int64(1552)],1,C001553,0.9941176470588236,Auto Match
CRM,CR_0002168,BUDI SAPUTRA,1997-09-21,8912400915,customer001065@example.com,JL. DIPONEGORO NO. 55,Semarang,BUDI SAPUTRA,8912400915,customer001065@example.com,JL DIPONEGORO NO 55,1997,[np.int64(1064)],1,C001065,1.0,Auto Match
CRM,CR_0002169,Karin Wijaya,2011-01-14,8242816015,customer000671@example.com,Jl. Merdeka No. 27,Surabaya,KARIN WIJAYA,8242816015,customer000671@example.com,JL MERDEKA NO 27,2011,[np.int64(670)],1,C000671,1.0,Auto Match
CRM,CR_0002170,Citra Ramadhan,2012-07-15,628347534979,customer001104@example.com,Jalan Ahmad Yani No. 71,Semarang,CITRA RAMADHAN,08347534979,customer001104@example.com,JL AHMAD YANI NO 71,2012,[np.int64(1103)],1,C001104,0.9880952380952381,Auto Match
CRM,CR_0002171,JOKO NUGROHO,2005-05-28,62870616234,customer000355@example.com,Jl. Diponegoro No. 29,Bandung,JOKO NUGROHO,0870616234,customer000355@example.com,JL DIPONEGORO NO 29,2005,[np.int64(354)],1,C000355,0.9750000000000001,Auto Match
CRM,CR_0002172,Oscar Saputra,1996-05-07,8690442843,customer001516@example.com,Jl. Ahmad Yani No. 197,Makassar,OSCAR SAPUTRA,8690442843,customer001516@example.com,JL AHMAD YANI NO 197,1996,[np.int64(1515)],1,C001516,1.0,Auto Match
CRM,CR_0002173,Iwan Nugroho,1995-07-15,628121806418,customer000311@examplecom,Jalan Merdeka No. 95,Bandung,IWAN NUGROHO,08121806418,customer000311@examplecom,JL MERDEKA NO 95,1995,[np.int64(310)],1,C000311,0.9822128851540616,Auto Match
CRM,CR_0002174,Citra Setiawan,2003-11-19,628364636172,customer001312@example.com,Jalan Diponegoro No. 4,Jakarta,CITRA SETIAWAN,08364636172,customer001312@example.com,JL DIPONEGORO NO 4,2003,[np.int64(1311)],1,C001312,0.9880952380952381,Auto Match
CRM,CR_0002175,OSCAR RAMADHAN,2006-02-07,8643434947,customer000370@examplecom,JL. DIPONEGORO NO. 16,Bekasi,OSCAR RAMADHAN,8643434947,customer000370@examplecom,JL DIPONEGORO NO 16,2006,[np.int64(369)],1,C000370,0.9941176470588236,Auto Match
CRM,CR_0002176,Dewi Setiawan,1994-11-23,8479495477,customer001676@example.com,Jl. Gatot Subroto No. 123,Semarang,DEWI SETIAWAN,8479495477,customer001676@example.com,JL GATOT SUBROTO NO 123,1994,[np.int64(1675)],1,C001676,1.0,Auto Match
CRM,CR_0002177,Karin Santoso,2012-11-03,8302018082,customer000281@examplecom,Jalan Gatot Subroto No. 97,Bandung,KARIN SANTOSO,8302018082,customer000281@examplecom,JL GATOT SUBROTO NO 97,2012,[np.int64(280)],1,C000281,0.9941176470588236,Auto Match
CRM,CR_0002178,Tono Kurniawan,2001-11-12,628399569869,customer000031@example.com,Jl. Ahmad Yani No. 187,Makassar,TONO KURNIAWAN,08399569869,customer000031@example.com,JL AHMAD YANI NO 187,2001,[np.int64(30)],1,C000031,0.9880952380952381,Auto Match
CRM,CR_0002179,Andi Pratama,2009-08-29,8830683136,customer000870@example.com,Jalan Sudirman No. 169,Makassar,ANDI PRATAMA,8830683136,customer000870@example.com,JL SUDIRMAN NO 169,2009,[np.int64(869)],1,C000870,1.0,Auto Match
CRM,CR_0002180,Nanda Wijaya,2009-11-18,628911692249,customer000664@example.com,JL. GATOT SUBROTO NO. 135,Makassar,NANDA WIJAYA,08911692249,customer000664@example.com,JL GATOT SUBROTO NO 135,2009,[np.int64(663)],1,C000664,0.9880952380952381,Auto Match
CRM,CR_0002181,Lina Nugroho,2010-07-24,8909645602,customer001474@example.com,Jl. Sudirman No. 8,Jakarta,LINA NUGROHO,8909645602,customer001474@example.com,JL SUDIRMAN NO 8,2010,[np.int64(1473)],1,C001474,1.0,Auto Match
CRM,CR_0002182,Tono Permata,2007-02-10,62883612154,customer000864@examplecom,JALAN DIPONEGORO NO. 87,Bogor,TONO PERMATA,0883612154,customer000864@examplecom,JL DIPONEGORO NO 87,2007,[np.int64(863)],1,C000864,0.9691176470588235,Auto Match
CRM,CR_0002183,CITRA WIJAYA,2013-11-15,890012717,customer001456@example.com,Jalan Ahmad Yani No. 119,Medan,CITRA WIJAYA,890012717,customer001456@example.com,JL AHMAD YANI NO 119,2013,[np.int64(1455)],1,C001456,0.986842105263158,Auto Match
CRM,CR_0002184,Andi Saputra,2008-08-22,847894942,customer000975@example.com,Jl. Diponegoro No. 163,Medan,ANDI SAPUTRA,847894942,customer000975@example.com,JL DIPONEGORO NO 163,2008,[np.int64(974)],1,C000975,0.986842105263158,Auto Match
CRM,CR_0002185,Putri Saputra,1994-02-12,857666271,customer000068@example.com,JALAN AHMAD YANI NO. 127,Bogor,PUTRI SAPUTRA,857666271,customer000068@example.com,JL AHMAD YANI NO 127,1994,[np.int64(67)],1,C000068,0.986842105263158,Auto Match
CRM,CR_0002186,Budi Permata,2010-04-02,628685866146,customer000706@example.com,Jl. Gatot Subroto No. 123,Bekasi,BUDI PERMATA,08685866146,customer000706@example.com,JL GATOT SUBROTO NO 123,2010,[np.int64(705)],1,C000706,0.9880952380952381,Auto Match
CRM,CR_0002187,Oscar Siregar,1989-11-12,628240144020,customer000397@examplecom,Jl. Diponegoro No. 69,Makassar,OSCAR SIREGAR,08240144020,customer000397@examplecom,JL DIPONEGORO NO 69,1989,[np.int64(396)],1,C000397,0.9822128851540616,Auto Match
CRM,CR_0002188,Maya Permata,1998-03-21,8403242659,customer000172@example.com,Jl. Diponegoro No. 67,Bogor,MAYA PERMATA,8403242659,customer000172@example.com,JL DIPONEGORO NO 67,1998,[np.int64(171)],1,C000172,1.0,Auto Match
CRM,CR_0002189,Putri Setiawan,1991-07-21,628450400604,customer001579@example.com,Jalan Diponegoro No. 130,Makassar,PUTRI SETIAWAN,08450400604,customer001579@example.com,JL DIPONEGORO NO 130,1991,[np.int64(1578)],1,C001579,0.9880952380952381,Auto Match
CRM,CR_0002190,KARIN WIJAYA,2012-04-24,8965366522,customer000029@example.com,JL. AHMAD YANI NO. 123,Jakarta,KARIN WIJAYA,8965366522,customer000029@example.com,JL AHMAD YANI NO 123,2012,[np.int64(28)],1,C000029,1.0,Auto Match
CRM,CR_0002191,BUDI HIDAYAT,2010-05-10,8148776042,customer000676@examplecom,JL. DIPONEGORO NO. 47,Bekasi,BUDI HIDAYAT,8148776042,customer000676@examplecom,JL DIPONEGORO NO 47,2010,[np.int64(675)],1,C000676,0.9941176470588236,Auto Match
CRM,CR_0002192,Maya Lestari,1990-12-25,8608429944,customer001092@examplecom,Jl. Diponegoro No. 106,Surabaya,MAYA LESTARI,8608429944,customer001092@examplecom,JL DIPONEGORO NO 106,1990,[np.int64(1091)],1,C001092,0.9941176470588236,Auto Match
CRM,CR_0002193,Oscar Setiawan,2014-01-22,8461528897,customer001471@example.com,Jl. Gatot Subroto No. 19,Depok,OSCAR SETIAWAN,8461528897,customer001471@example.com,JL GATOT SUBROTO NO 19,2014,[np.int64(1470)],1,C001471,1.0,Auto Match
CRM,CR_0002194,Citra Siregar,2006-06-17,628118398684,customer001258@example.com,Jl. Gatot Subroto No. 153,Bogor,CITRA SIREGAR,08118398684,customer001258@example.com,JL GATOT SUBROTO NO 153,2006,[np.int64(1257)],1,C001258,0.9880952380952381,Auto Match
CRM,CR_0002195,MAYA RAMADHAN,1991-01-03,8869533689,customer001709@example.com,Jl. Merdeka No. 125,Bogor,MAYA RAMADHAN,8869533689,customer001709@example.com,JL MERDEKA NO 125,1991,[np.int64(1708)],1,C001709,1.0,Auto Match
CRM,CR_0002196,Putri Wijaya,2011-08-06,881160623,customer001624@example.com,Jl. Sudirman No. 147,Makassar,PUTRI WIJAYA,881160623,customer001624@example.com,JL SUDIRMAN NO 147,2011,[np.int64(1623)],1,C001624,0.986842105263158,Auto Match
CRM,CR_0002197,Rina Siregar,2002-02-03,8776180929,customer001754@example.com,Jl. Diponegoro No. 167,Tangerang,RINA SIREGAR,8776180929,customer001754@example.com,JL DIPONEGORO NO 167,2002,[np.int64(1753)],1,C001754,1.0,Auto Match
CRM,CR_0002198,CITRASETIAWAN,1999-06-22,8155524030,customer001635@examplecom,JALAN MERDEKA NO. 140,Tangerang,CITRASETIAWAN,8155524030,customer001635@examplecom,JL MERDEKA NO 140,1999,[np.int64(1634)],1,C001635,0.9848583877995642,Auto Match
CRM,CR_0002199,GitaNugroho,1995-02-08,628736026328,customer000070@example.com,Jl. Sudirman No. 15,Medan,GITANUGROHO,08736026328,customer000070@example.com,JL SUDIRMAN NO 15,1995,[np.int64(69)],1,C000070,0.9772256728778469,Auto Match
CRM,CR_0002200,HANA NUGROHO,2003-03-13,877110749,customer000509@example.com,Jalan Sudirman No. 116,Depok,HANA NUGROHO,877110749,customer000509@example.com,JL SUDIRMAN NO 116,2003,[np.int64(508)],1,C000509,0.986842105263158,Auto Match
CRM,CR_0002201,TONO HIDAYAT,2000-07-01,811823501,customer000286@examplecom,Jl. Merdeka No. 28,Semarang,TONO HIDAYAT,811823501,customer000286@examplecom,JL MERDEKA NO 28,2000,[np.int64(285)],1,C000286,0.9809597523219814,Auto Match
CRM,CR_0002202,FAJAR PRATAMA,2002-05-13,883354034,customer000255@examplecom,Jl. Diponegoro No. 162,Bogor,FAJAR PRATAMA,883354034,customer000255@examplecom,JL DIPONEGORO NO 162,2002,[np.int64(254)],1,C000255,0.9809597523219814,Auto Match
CRM,CR_0002203,HANA NUGROHO,2015-02-22,8330345173,customer001002@example.com,Jl. Sudirman No. 130,Jakarta,HANA NUGROHO,8330345173,customer001002@example.com,JL SUDIRMAN NO 130,2015,[np.int64(1001)],1,C001002,1.0,Auto Match
CRM,CR_0002204,TonoPratama,2011-02-05,628474115067,customer001555@example.com,JL. MERDEKA NO. 81,Semarang,TONOPRATAMA,08474115067,customer001555@example.com,JL MERDEKA NO 81,2011,[np.int64(1554)],1,C001555,0.9772256728778469,Auto Match
CRM,CR_0002205,Putri Wijaya,2000-06-04,628917511106,customer001602@example.com,Jl. Sudirman No. 161,Makassar,PUTRI WIJAYA,08917511106,customer001602@example.com,JL SUDIRMAN NO 161,2000,[np.int64(1601)],1,C001602,0.9880952380952381,Auto Match
CRM,CR_0002206,VINA HIDAYAT,2010-01-29,8159717523,customer000480@examplecom,Jl. Gatot Subroto No. 185,Semarang,VINA HIDAYAT,8159717523,customer000480@examplecom,JL GATOT SUBROTO NO 185,2010,[np.int64(479)],1,C000480,0.9941176470588236,Auto Match
CRM,CR_0002207,Sari Pratama,2004-11-29,8775111720,customer000283@example.com,Jl. Ahmad Yani No. 150,Tangerang,SARI PRATAMA,8775111720,customer000283@example.com,JL AHMAD YANI NO 150,2004,[np.int64(282)],1,C000283,1.0,Auto Match
CRM,CR_0002208,Sari Hidayat,1997-02-18,8993022485,customer001690@examplecom,Jl. Diponegoro No. 134,Surabaya,SARI HIDAYAT,8993022485,customer001690@examplecom,JL DIPONEGORO NO 134,1997,[np.int64(1689)],1,C001690,0.9941176470588236,Auto Match
CRM,CR_0002209,Vina Ramadhan,1997-10-10,8331129411,customer000825@examplecom,Jl. Ahmad Yani No. 73,Depok,VINA RAMADHAN,8331129411,customer000825@examplecom,JL AHMAD YANI NO 73,1997,[np.int64(824)],1,C000825,0.9941176470588236,Auto Match
CRM,CR_0002210,Iwan Ramadhan,1997-01-08,8554139354,customer001563@examplecom,Jl. Merdeka No. 123,Semarang,IWAN RAMADHAN,8554139354,customer001563@examplecom,JL MERDEKA NO 123,1997,[np.int64(1562)],1,C001563,0.9941176470588236,Auto Match
CRM,CR_0002211,Gita Kurniawan,1999-07-18,628556510759,customer000801@example.com,Jl. Merdeka No. 136,Depok,GITA KURNIAWAN,08556510759,customer000801@example.com,JL MERDEKA NO 136,1999,[np.int64(800)],1,C000801,0.9880952380952381,Auto Match
CRM,CR_0002212,Joko Santoso,1995-08-28,628874507198,customer000028@example.com,Jl. Ahmad Yani No. 157,Makassar,JOKO SANTOSO,08874507198,customer000028@example.com,JL AHMAD YANI NO 157,1995,[np.int64(27)],1,C000028,0.9880952380952381,Auto Match
CRM,CR_0002213,CitraHidayat,2002-12-30,8788838869,customer001362@example.com,Jl. Ahmad Yani No. 8,Jakarta,CITRAHIDAYAT,8788838869,customer001362@example.com,JL AHMAD YANI NO 8,2002,[np.int64(1361)],1,C001362,0.9900000000000001,Auto Match
CRM,CR_0002214,Vina Wijaya,2014-12-20,8846674982,customer000474@example.com,Jl. Merdeka No. 92,Surabaya,VINA WIJAYA,8846674982,customer000474@example.com,JL MERDEKA NO 92,2014,[np.int64(473)],1,C000474,1.0,Auto Match
CRM,CR_0002215,HanaNugroho,2005-10-30,8535945832,customer001380@examplecom,Jl. Diponegoro No. 16,Bandung,HANANUGROHO,8535945832,customer001380@examplecom,JL DIPONEGORO NO 16,2005,[np.int64(1379)],1,C001380,0.9832480818414323,Auto Match
CRM,CR_0002216,BudiLestari,1996-03-16,862097500,customer000827@example.com,Jalan Sudirman No. 187,Bogor,BUDILESTARI,862097500,customer000827@example.com,JL SUDIRMAN NO 187,1996,[np.int64(826)],1,C000827,0.9759725400457667,Auto Match
CRM,CR_0002217,EKO RAMADHAN,1999-12-15,8264986345,customer000452@example.com,Jl. Gatot Subroto No. 138,Semarang,EKO RAMADHAN,8264986345,customer000452@example.com,JL GATOT SUBROTO NO 138,1999,[np.int64(451)],1,C000452,1.0,Auto Match
CRM,CR_0002218,4ndi Ramadhan,2014-07-10,628294980981,customer001560@example.com,Jl. Gatot Subroto No. 48,Bekasi,4NDI RAMADHAN,08294980981,customer001560@example.com,JL GATOT SUBROTO NO 48,2014,[np.int64(1559)],1,C001560,0.9688644688644689,Auto Match
CRM,CR_0002219,TONO W1J4Y4,2005-11-17,628105958534,customer000264@example.com,Jl. Merdeka No. 134,Bekasi,TONO W1J4Y4,08105958534,customer000264@example.com,JL MERDEKA NO 134,2005,[np.int64(263)],1,C000264,0.9199134199134199,Auto Match
CRM,CR_0002220,KARIN LESTARI,1999-05-26,8768900783,customer000440@example.com,Jalan Gatot Subroto No. 51,Makassar,KARIN LESTARI,8768900783,customer000440@example.com,JL GATOT SUBROTO NO 51,1999,[np.int64(439)],1,C000440,1.0,Auto Match
CRM,CR_0002221,OscarSiregar,1996-01-13,8316559744,customer001148@example.com,Jl. Sudirman No. 131,Bogor,OSCARSIREGAR,8316559744,customer001148@example.com,JL SUDIRMAN NO 131,1996,[np.int64(1147)],1,C001148,0.9900000000000001,Auto Match
CRM,CR_0002222,Hana Hidayat,1998-10-22,8177001876,customer001030@example.com,Jl. Diponegoro No. 81,Bandung,HANA HIDAYAT,8177001876,customer001030@example.com,JL DIPONEGORO NO 81,1998,[np.int64(1029)],1,C001030,1.0,Auto Match
CRM,CR_0002223,Iwan Permata,2016-03-07,882360104,customer000924@example.com,Jl. Sudirman No. 175,Tangerang,IWAN PERMATA,882360104,customer000924@example.com,JL SUDIRMAN NO 175,2016,[np.int64(923)],1,C000924,0.986842105263158,Auto Match
CRM,CR_0002224,Andi Lestari,2009-11-13,8502412994,customer001280@examplecom,JL. AHMAD YANI NO. 102,Makassar,ANDI LESTARI,8502412994,customer001280@examplecom,JL AHMAD YANI NO 102,2009,[np.int64(1279)],1,C001280,0.9941176470588236,Auto Match
CRM,CR_0002225,DewiSaputra,1992-02-28,8419252788,customer000127@examplecom,Jalan Ahmad Yani No. 20,Tangerang,DEWISAPUTRA,8419252788,customer000127@examplecom,JL AHMAD YANI NO 20,1992,[np.int64(126)],1,C000127,0.9832480818414323,Auto Match
CRM,CR_0002226,IWANSANTOSO,2000-10-27,881753597,customer000435@examplecom,JL. MERDEKA NO. 112,Makassar,IWANSANTOSO,881753597,customer000435@examplecom,JL MERDEKA NO 112,2000,[],0,C000435,0.97009018710459,Auto Match
CRM,CR_0002227,Nanda Siregar,1995-08-05,628877362301,customer001106@example.com,Jalan Gatot Subroto No. 26,Semarang,NANDA SIREGAR,08877362301,customer001106@example.com,JL GATOT SUBROTO NO 26,1995,[np.int64(1105)],1,C001106,0.9880952380952381,Auto Match
CRM,CR_0002228,Rina Permata,1999-01-21,8774563478,customer000582@example.com,Jl. Sudirman No. 151,Depok,RINA PERMATA,8774563478,customer000582@example.com,JL SUDIRMAN NO 151,1999,[np.int64(581)],1,C000582,1.0,Auto Match
CRM,CR_0002229,Andi Wijaya,1990-06-17,8432085392,customer001170@examplecom,JL. AHMAD YANI NO. 131,Surabaya,ANDI WIJAYA,8432085392,customer001170@examplecom,JL AHMAD YANI NO 131,1990,[np.int64(1169)],1,C001170,0.9941176470588236,Auto Match
CRM,CR_0002230,NANDA PERMATA,2014-12-21,8510622576,customer000356@example.com,Jl. Diponegoro No. 69,Tangerang,NANDA PERMATA,8510622576,customer000356@example.com,JL DIPONEGORO NO 69,2014,[np.int64(355)],1,C000356,1.0,Auto Match
CRM,CR_0002231,MayaNugroho,2007-08-16,628286873454,customer000384@example.com,Jl. Gatot Subroto No. 64,Bandung,MAYANUGROHO,08286873454,customer000384@example.com,JL GATOT SUBROTO NO 64,2007,[np.int64(383)],1,C000384,0.9772256728778469,Auto Match
CRM,CR_0002232,Fajar Saputra,2009-02-19,8387256574,customer001000@example.com,JL. SUDIRMAN NO. 154,Bandung,FAJAR SAPUTRA,8387256574,customer001000@example.com,JL SUDIRMAN NO 154,2009,[np.int64(999)],1,C001000,1.0,Auto Match
CRM,CR_0002233,DewiWijaya,2000-12-09,628543216624,customer000175@example.com,Jl. Ahmad Yani No. 23,Surabaya,DEWIWIJAYA,08543216624,customer000175@example.com,JL AHMAD YANI NO 23,2000,[np.int64(174)],1,C000175,0.9761904761904762,Auto Match
CRM,CR_0002234,Oscar Saputra,2015-08-03,8826506578,customer000757@example.com,Jl. Merdeka No. 5,Jakarta,OSCAR SAPUTRA,8826506578,customer000757@example.com,JL MERDEKA NO 5,2015,[np.int64(756)],1,C000757,1.0,Auto Match
CRM,CR_0002235,Putri Lestari,2007-04-23,8283611831,customer000329@example.com,Jl. Ahmad Yani No. 118,Bekasi,PUTRI LESTARI,8283611831,customer000329@example.com,JL AHMAD YANI NO 118,2007,[np.int64(328)],1,C000329,1.0,Auto Match
CRM,CR_0002236,Maya Setiawan,2002-09-30,8174642600,customer001593@example.com,JALAN GATOT SUBROTO NO. 164,Surabaya,MAYA SETIAWAN,8174642600,customer001593@example.com,JL GATOT SUBROTO NO 164,2002,[np.int64(1592)],1,C001593,1.0,Auto Match
CRM,CR_0002237,Sari Permata,2013-06-10,8411265474,customer001622@example.com,JL. AHMAD YANI NO. 52,Medan,SARI PERMATA,8411265474,customer001622@example.com,JL AHMAD YANI NO 52,2013,[np.int64(1621)],1,C001622,1.0,Auto Match
CRM,CR_0002238,Tono Pratama,1993-09-17,8804438715,customer000767@example.com,Jl. Sudirman No. 141,Medan,TONO PRATAMA,8804438715,customer000767@example.com,JL SUDIRMAN NO 141,1993,[np.int64(766)],1,C000767,1.0,Auto Match
CRM,CR_0002239,KARIN SANTOSO,2008-08-26,8293211329,customer000270@example.com,Jl. Sudirman No. 17,Depok,KARIN SANTOSO,8293211329,customer000270@example.com,JL SUDIRMAN NO 17,2008,[np.int64(269)],1,C000270,1.0,Auto Match
CRM,CR_0002240,BUDISETIAWAN,1989-08-17,8369932414,customer000905@example.com,Jl. Ahmad Yani No. 155,Medan,BUDISETIAWAN,8369932414,customer000905@example.com,JL AHMAD YANI NO 155,1989,[np.int64(904)],1,C000905,0.9900000000000001,Auto Match
CRM,CR_0002241,Citra Siregar,1991-05-14,8462485207,customer001539@examplecom,Jl. Gatot Subroto No. 8,Medan,CITRA SIREGAR,8462485207,customer001539@examplecom,JL GATOT SUBROTO NO 8,1991,[np.int64(1538)],1,C001539,0.9941176470588236,Auto Match
CRM,CR_0002242,Oscar Hidayat,2004-01-06,8408165842,customer000379@examplecom,Jl. Merdeka No. 136,Semarang,OSCAR HIDAYAT,8408165842,customer000379@examplecom,JL MERDEKA NO 136,2004,[np.int64(378)],1,C000379,0.9941176470588236,Auto Match
CRM,CR_0002243,Tono Nugroho,1997-10-28,628801421789,customer001481@example.com,Jalan Merdeka No. 198,Depok,TONO NUGROHO,08801421789,customer001481@example.com,JL MERDEKA NO 198,1997,[np.int64(1480)],1,C001481,0.9880952380952381,Auto Match
CRM,CR_0002244,Dewi Saputra,2008-07-07,8810915382,customer000557@example.com,Jalan Merdeka No. 52,Makassar,DEWI SAPUTRA,8810915382,customer000557@example.com,JL MERDEKA NO 52,2008,[np.int64(556)],1,C000557,1.0,Auto Match
CRM,CR_0002245,Citra Nugroho,2009-04-06,628446552053,customer001332@example.com,Jl. Merdeka No. 85,Makassar,CITRA NUGROHO,08446552053,customer001332@example.com,JL MERDEKA NO 85,2009,[np.int64(1331)],1,C001332,0.9880952380952381,Auto Match
CRM,CR_0002246,Tono Wijaya,2013-07-06,8434963765,customer001117@examplecom,JL. DIPONEGORO NO. 12,Bandung,TONO WIJAYA,8434963765,customer001117@examplecom,JL DIPONEGORO NO 12,2013,[np.int64(1116)],1,C001117,0.9941176470588236,Auto Match
CRM,CR_0002247,Iwan Nugroho,1991-11-26,62850582373,customer001536@examplecom,Jl. Sudirman No. 27,Medan,IWAN NUGROHO,0850582373,customer001536@examplecom,JL SUDIRMAN NO 27,1991,[np.int64(1535)],1,C001536,0.9691176470588235,Auto Match
CRM,CR_0002248,Andi Santoso,1998-01-11,628993259114,customer000451@example.com,Jl. Sudirman No. 149,Makassar,ANDI SANTOSO,08993259114,customer000451@example.com,JL SUDIRMAN NO 149,1998,[np.int64(450)],1,C000451,0.9880952380952381,Auto Match
CRM,CR_0002249,LINA SETIAWAN,1998-04-18,875430981,customer000813@example.com,JALAN DIPONEGORO NO. 194,Semarang,LINA SETIAWAN,875430981,customer000813@example.com,JL DIPONEGORO NO 194,1998,[np.int64(812)],1,C000813,0.986842105263158,Auto Match
CRM,CR_0002250,Maya Nugroho,2014-02-23,8752262595,customer001725@example.com,Jl. Ahmad Yani No. 68,Bogor,MAYA NUGROHO,8752262595,customer001725@example.com,JL AHMAD YANI NO 68,2014,[np.int64(1724)],1,C001725,1.0,Auto Match
CRM,CR_0002251,Tono Saputra,1998-01-20,628769400667,customer000475@example.com,Jl. Diponegoro No. 4,Semarang,TONO SAPUTRA,08769400667,customer000475@example.com,JL DIPONEGORO NO 4,1998,[np.int64(474)],1,C000475,0.9880952380952381,Auto Match
CRM,CR_0002252,KARIN LESTARI,1992-07-23,8646638243,customer000598@example.com,Jl. Ahmad Yani No. 146,Jakarta,KARIN LESTARI,8646638243,customer000598@example.com,JL AHMAD YANI NO 146,1992,[np.int64(597)],1,C000598,1.0,Auto Match
CRM,CR_0002253,Maya Saputra,1999-11-03,8839451822,customer001209@examplecom,Jl. Merdeka No. 41,Depok,MAYA SAPUTRA,8839451822,customer001209@examplecom,JL MERDEKA NO 41,1999,[np.int64(1208)],1,C001209,0.9941176470588236,Auto Match
CRM,CR_0002254,Nanda Pratama,2014-10-24,8475347594,customer001597@example.com,Jl. Ahmad Yani No. 60,Bekasi,NANDA PRATAMA,8475347594,customer001597@example.com,JL AHMAD YANI NO 60,2014,[np.int64(1596)],1,C001597,1.0,Auto Match
CRM,CR_0002255,SARI SIREGAR,1993-09-17,8640724399,customer000779@example.com,Jl. Ahmad Yani No. 79,Depok,SARI SIREGAR,8640724399,customer000779@example.com,JL AHMAD YANI NO 79,1993,[np.int64(778)],1,C000779,1.0,Auto Match
CRM,CR_0002256,Karin Setiawan,1992-11-11,8757487197,customer000006@example.com,Jalan Diponegoro No. 137,Makassar,KARIN SETIAWAN,8757487197,customer000006@example.com,JL DIPONEGORO NO 137,1992,[np.int64(5)],1,C000006,1.0,Auto Match
CRM,CR_0002257,Tono Hidayat,2003-05-25,8567181959,customer001348@example.com,Jl. Diponegoro No. 25,Semarang,TONO HIDAYAT,8567181959,customer001348@example.com,JL DIPONEGORO NO 25,2003,[np.int64(1347)],1,C001348,1.0,Auto Match
CRM,CR_0002258,Putri Hidayat,1995-12-17,8428952967,customer001527@example.com,Jalan Ahmad Yani No. 8,Bekasi,PUTRI HIDAYAT,8428952967,customer001527@example.com,JL AHMAD YANI NO 8,1995,[np.int64(1526)],1,C001527,1.0,Auto Match
CRM,CR_0002259,4ndi Nugroho,2002-08-06,8405692378,customer001609@example.com,Jalan Merdeka No. 81,Tangerang,4NDI NUGROHO,8405692378,customer001609@example.com,JL MERDEKA NO 81,2002,[np.int64(1608)],1,C001609,0.9791666666666667,Auto Match
CRM,CR_0002260,GITA SETIAWAN,2008-06-26,8316426198,customer001607@example.com,Jalan Ahmad Yani No. 132,Depok,GITA SETIAWAN,8316426198,customer001607@example.com,JL AHMAD YANI NO 132,2008,[np.int64(1606)],1,C001607,1.0,Auto Match
CRM,CR_0002261,Budi Lestari,2005-02-10,628819561344,customer000122@example.com,Jalan Merdeka No. 147,Bandung,BUDI LESTARI,08819561344,customer000122@example.com,JL MERDEKA NO 147,2005,[np.int64(121)],1,C000122,0.9880952380952381,Auto Match
CRM,CR_0002262,OSCAR PERMATA,2010-08-15,8179551211,customer001771@example.com,Jl. Diponegoro No. 177,Makassar,OSCAR PERMATA,8179551211,customer001771@example.com,JL DIPONEGORO NO 177,2010,[np.int64(1770)],1,C001771,1.0,Auto Match
CRM,CR_0002263,Lina Kurniawan,2009-05-07,8839692647,customer000491@example.com,Jl. Ahmad Yani No. 101,Semarang,LINA KURNIAWAN,8839692647,customer000491@example.com,JL AHMAD YANI NO 101,2009,[np.int64(490)],1,C000491,1.0,Auto Match
CRM,CR_0002264,Putri Hidayat,2009-02-28,628182403850,customer000533@example.com,Jl. Ahmad Yani No. 47,Bekasi,PUTRI HIDAYAT,08182403850,customer000533@example.com,JL AHMAD YANI NO 47,2009,[np.int64(532)],1,C000533,0.9880952380952381,Auto Match
CRM,CR_0002265,Eko Ramadhan,1995-09-10,8421197131,customer001515@examplecom,JL. AHMAD YANI NO. 188,Medan,EKO RAMADHAN,8421197131,customer001515@examplecom,JL AHMAD YANI NO 188,1995,[np.int64(1514)],1,C001515,0.9941176470588236,Auto Match
CRM,CR_0002266,FAJAR SIREGAR,2009-05-28,8398125953,customer000707@example.com,Jl. Sudirman No. 66,Semarang,FAJAR SIREGAR,8398125953,customer000707@example.com,JL SUDIRMAN NO 66,2009,[np.int64(706)],1,C000707,1.0,Auto Match
CRM,CR_0002267,Tono Nugroho,2001-04-30,8610508221,customer001495@example.com,Jl. Gatot Subroto No. 82,Bekasi,TONO NUGROHO,8610508221,customer001495@example.com,JL GATOT SUBROTO NO 82,2001,[np.int64(1494)],1,C001495,1.0,Auto Match
CRM,CR_0002268,FAJAR PERMATA,2011-01-13,844317942,customer001696@example.com,Jl. Ahmad Yani No. 12,Surabaya,FAJAR PERMATA,844317942,customer001696@example.com,JL AHMAD YANI NO 12,2011,[np.int64(1695)],1,C001696,0.986842105263158,Auto Match
CRM,CR_0002269,JOKO LEST4R1,1992-07-23,62869310365,customer001198@examplecom,Jl. Diponegoro No. 103,Bogor,JOKO LEST4R1,0869310365,customer001198@examplecom,JL DIPONEGORO NO 103,1992,[],0,C001198,0.9274509803921569,Auto Match
CRM,CR_0002270,RINA WIJAYA,2001-07-15,8831264705,customer000217@example.com,Jl. Merdeka No. 134,Bandung,RINA WIJAYA,8831264705,customer000217@example.com,JL MERDEKA NO 134,2001,[np.int64(216)],1,C000217,1.0,Auto Match
CRM,CR_0002271,Karin Hidayat,2011-07-04,8986126536,customer000792@example.com,JL. SUDIRMAN NO. 18,Depok,KARIN HIDAYAT,8986126536,customer000792@example.com,JL SUDIRMAN NO 18,2011,[np.int64(791)],1,C000792,1.0,Auto Match
CRM,CR_0002272,Iwan Hidayat,1997-04-03,8326539577,customer001171@example.com,Jl. Ahmad Yani No. 116,Bekasi,IWAN HIDAYAT,8326539577,customer001171@example.com,JL AHMAD YANI NO 116,1997,[np.int64(1170)],1,C001171,1.0,Auto Match
CRM,CR_0002273,ANDI HIDAYAT,1994-01-01,8206636726,customer000288@example.com,JL. SUDIRMAN NO. 147,Depok,ANDI HIDAYAT,8206636726,customer000288@example.com,JL SUDIRMAN NO 147,1994,[np.int64(287)],1,C000288,1.0,Auto Match
CRM,CR_0002274,M4Y4 LEST4R1,2014-05-19,8611943380,customer000831@example.com,Jl. Gatot Subroto No. 31,Makassar,M4Y4 LEST4R1,8611943380,customer000831@example.com,JL GATOT SUBROTO NO 31,2014,[np.int64(830)],1,C000831,0.9166666666666667,Auto Match
CRM,CR_0002275,Nanda Hidayat,2005-12-07,628980630593,customer000944@example.com,Jalan Sudirman No. 193,Bandung,NANDA HIDAYAT,08980630593,customer000944@example.com,JL SUDIRMAN NO 193,2005,[np.int64(943)],1,C000944,0.9880952380952381,Auto Match
CRM,CR_0002276,Rina Lestari,1993-07-22,843754097,customer001284@example.com,JALAN SUDIRMAN NO. 87,Bogor,RINA LESTARI,843754097,customer001284@example.com,JL SUDIRMAN NO 87,1993,[np.int64(1283)],1,C001284,0.986842105263158,Auto Match
CRM,CR_0002277,RinaSantoso,2014-09-06,8605746830,customer001220@examplecom,Jl. Sudirman No. 113,Tangerang,RINASANTOSO,8605746830,customer001220@examplecom,JL SUDIRMAN NO 113,2014,[np.int64(1219)],1,C001220,0.9832480818414323,Auto Match
CRM,CR_0002278,GITA PERMATA,2012-09-20,8261628433,customer000958@example.com,JL. AHMAD YANI NO. 38,Surabaya,GITA PERMATA,8261628433,customer000958@example.com,JL AHMAD YANI NO 38,2012,[np.int64(957)],1,C000958,1.0,Auto Match
CRM,CR_0002279,Budi Setiawan,1998-03-21,628370641095,customer000023@example.com,Jl. Sudirman No. 16,Medan,BUDI SETIAWAN,08370641095,customer000023@example.com,JL SUDIRMAN NO 16,1998,[np.int64(22)],1,C000023,0.9880952380952381,Auto Match
CRM,CR_0002280,Oscar Lestari,2005-09-16,8865236145,customer000659@example.com,Jl. Sudirman No. 62,Surabaya,OSCAR LESTARI,8865236145,customer000659@example.com,JL SUDIRMAN NO 62,2005,[np.int64(658)],1,C000659,1.0,Auto Match
CRM,CR_0002281,Budi Saputra,2013-08-01,8413860586,customer001263@example.com,Jl. Merdeka No. 35,Jakarta,BUDI SAPUTRA,8413860586,customer001263@example.com,JL MERDEKA NO 35,2013,[np.int64(1262)],1,C001263,1.0,Auto Match
CRM,CR_0002282,Gita Pratama,1991-06-06,8930354950,customer000039@example.com,Jalan Sudirman No. 29,Makassar,GITA PRATAMA,8930354950,customer000039@example.com,JL SUDIRMAN NO 29,1991,[np.int64(38)],1,C000039,1.0,Auto Match
CRM,CR_0002283,Vina Permata,2015-01-02,817043310,customer001797@example.com,Jl. Merdeka No. 22,Medan,VINA PERMATA,817043310,customer001797@example.com,JL MERDEKA NO 22,2015,[np.int64(1796)],1,C001797,0.986842105263158,Auto Match
CRM,CR_0002284,FAJAR SETIAWAN,1989-12-07,8458304875,customer001115@example.com,Jl. Sudirman No. 136,Bogor,FAJAR SETIAWAN,8458304875,customer001115@example.com,JL SUDIRMAN NO 136,1989,[np.int64(1114)],1,C001115,1.0,Auto Match
CRM,CR_0002285,Eko Saputra,1999-12-08,8828158666,customer001798@examplecom,Jl. Gatot Subroto No. 119,Medan,EKO SAPUTRA,8828158666,customer001798@examplecom,JL GATOT SUBROTO NO 119,1999,[np.int64(1797)],1,C001798,0.9941176470588236,Auto Match
CRM,CR_0002286,Fajar Siregar,2009-10-02,8661868132,customer000715@example.com,Jalan Merdeka No. 2,Surabaya,FAJAR SIREGAR,8661868132,customer000715@example.com,JL MERDEKA NO 2,2009,[np.int64(714)],1,C000715,1.0,Auto Match
CRM,CR_0002287,FAJAR KURNIAWAN,1994-08-04,8505584153,customer001056@example.com,JL. SUDIRMAN NO. 135,Jakarta,FAJAR KURNIAWAN,8505584153,customer001056@example.com,JL SUDIRMAN NO 135,1994,[np.int64(1055)],1,C001056,1.0,Auto Match
CRM,CR_0002288,Karin Nugroho,1991-11-06,8868953510,customer000359@examplecom,Jl. Gatot Subroto No. 151,Surabaya,KARIN NUGROHO,8868953510,customer000359@examplecom,JL GATOT SUBROTO NO 151,1991,[np.int64(358)],1,C000359,0.9941176470588236,Auto Match
CRM,CR_0002289,Vina Ramadhan,2013-01-25,8396167382,customer000305@example.com,Jl. Sudirman No. 94,Bekasi,VINA RAMADHAN,8396167382,customer000305@example.com,JL SUDIRMAN NO 94,2013,[np.int64(304)],1,C000305,1.0,Auto Match
CRM,CR_0002290,H4N4 NUGROHO,2008-07-21,875585957,customer000984@example.com,Jalan Gatot Subroto No. 165,Jakarta,H4N4 NUGROHO,875585957,customer000984@example.com,JL GATOT SUBROTO NO 165,2008,[np.int64(983)],1,C000984,0.9451754385964913,Auto Match
CRM,CR_0002291,Rina Hidayat,2002-08-17,8680846213,customer001730@example.com,Jl. Ahmad Yani No. 32,Bekasi,RINA HIDAYAT,8680846213,customer001730@example.com,JL AHMAD YANI NO 32,2002,[np.int64(1729)],1,C001730,1.0,Auto Match
CRM,CR_0002292,Rina Nugroho,2010-01-21,8522599668,customer000306@example.com,JL. DIPONEGORO NO. 176,Bandung,RINA NUGROHO,8522599668,customer000306@example.com,JL DIPONEGORO NO 176,2010,[np.int64(305)],1,C000306,1.0,Auto Match
CRM,CR_0002293,Citra Setiawan,2008-09-13,8387576948,customer000614@example.com,Jalan Diponegoro No. 50,Semarang,CITRA SETIAWAN,8387576948,customer000614@example.com,JL DIPONEGORO NO 50,2008,[np.int64(613)],1,C000614,1.0,Auto Match
CRM,CR_0002294,Tono Santoso,1994-11-05,8775752699,customer000519@example.com,Jl. Diponegoro No. 199,Medan,TONO SANTOSO,8775752699,customer000519@example.com,JL DIPONEGORO NO 199,1994,[np.int64(518)],1,C000519,1.0,Auto Match
CRM,CR_0002295,Karin Santoso,1999-07-14,8585576534,customer000650@example.com,Jalan Sudirman No. 58,Bekasi,KARIN SANTOSO,8585576534,customer000650@example.com,JL SUDIRMAN NO 58,1999,[np.int64(649)],1,C000650,1.0,Auto Match
CRM,CR_0002296,TonoSantoso,1990-06-18,8922042994,customer000422@example.com,Jalan Sudirman No. 15,Tangerang,TONOSANTOSO,8922042994,customer000422@example.com,JL SUDIRMAN NO 15,1990,[np.int64(421)],1,C000422,0.9891304347826088,Auto Match
CRM,CR_0002297,Hana Santoso,1997-03-28,8880305039,customer000797@examplecom,Jl. Merdeka No. 62,Semarang,HANA SANTOSO,8880305039,customer000797@examplecom,JL MERDEKA NO 62,1997,[np.int64(796)],1,C000797,0.9941176470588236,Auto Match
CRM,CR_0002298,VINASAPUTRA,2001-06-16,8718164608,customer000147@example.com,Jalan Diponegoro No. 50,Makassar,VINASAPUTRA,8718164608,customer000147@example.com,JL DIPONEGORO NO 50,2001,[np.int64(146)],1,C000147,0.9891304347826088,Auto Match
CRM,CR_0002299,CITRAWIJAYA,2009-10-20,628740603861,customer000392@example.com,Jl. Gatot Subroto No. 40,Semarang,CITRAWIJAYA,08740603861,customer000392@example.com,JL GATOT SUBROTO NO 40,2009,[np.int64(391)],1,C000392,0.9772256728778469,Auto Match
CRM,CR_0002300,Citra Permata,2006-02-22,628226368893,customer001462@examplecom,Jl. Merdeka No. 194,Bekasi,CITRA PERMATA,08226368893,customer001462@examplecom,JL MERDEKA NO 194,2006,[np.int64(1461)],1,C001462,0.9822128851540616,Auto Match
CRM,CR_0002301,CITRASETIAWAN,1990-08-17,897738730,customer001412@example.com,Jalan Ahmad Yani No. 42,Bandung,CITRASETIAWAN,897738730,customer001412@example.com,JL AHMAD YANI NO 42,1990,[np.int64(1411)],1,C001412,0.9775828460038987,Auto Match
CRM,CR_0002302,Iwan Kurniawan,2000-03-06,8130339938,customer000871@example.com,Jl. Diponegoro No. 40,Bandung,IWAN KURNIAWAN,8130339938,customer000871@example.com,JL DIPONEGORO NO 40,2000,[np.int64(870)],1,C000871,1.0,Auto Match
CRM,CR_0002303,Dewi Siregar,2006-10-19,628961518071,customer000262@example.com,JALAN DIPONEGORO NO. 103,Makassar,DEWI SIREGAR,08961518071,customer000262@example.com,JL DIPONEGORO NO 103,2006,[np.int64(261)],1,C000262,0.9880952380952381,Auto Match
CRM,CR_0002304,KarinSetiawan,1999-08-30,8489092765,customer001372@example.com,JL. AHMAD YANI NO. 30,Semarang,KARINSETIAWAN,8489092765,customer001372@example.com,JL AHMAD YANI NO 30,1999,[np.int64(1371)],1,C001372,0.9907407407407408,Auto Match
CRM,CR_0002305,Hana Santoso,2013-06-27,628386257731,customer001101@example.com,Jalan Sudirman No. 120,Bandung,HANA SANTOSO,08386257731,customer001101@example.com,JL SUDIRMAN NO 120,2013,[np.int64(1100)],1,C001101,0.9880952380952381,Auto Match
CRM,CR_0002306,JokoNugroho,1989-04-09,8834250018,customer001570@example.com,Jl. Ahmad Yani No. 152,Bogor,JOKONUGROHO,8834250018,customer001570@example.com,JL AHMAD YANI NO 152,1989,[np.int64(1569)],1,C001570,0.9891304347826088,Auto Match
CRM,CR_0002307,Citra Nugroho,2005-02-05,876996322,customer001750@example.com,Jl. Gatot Subroto No. 176,Surabaya,CITRA NUGROHO,876996322,customer001750@example.com,JL GATOT SUBROTO NO 176,2005,[np.int64(1749)],1,C001750,0.986842105263158,Auto Match
CRM,CR_0002308,FajarSetiawan,1997-04-15,628294013638,customer000605@example.com,Jalan Diponegoro No. 22,Surabaya,FAJARSETIAWAN,08294013638,customer000605@example.com,JL DIPONEGORO NO 22,1997,[np.int64(604)],1,C000605,0.9788359788359788,Auto Match
CRM,CR_0002309,Hana Pratama,2013-09-07,8398326890,customer000682@example.com,Jl. Diponegoro No. 131,Makassar,HANA PRATAMA,8398326890,customer000682@example.com,JL DIPONEGORO NO 131,2013,[np.int64(681)],1,C000682,1.0,Auto Match
CRM,CR_0002310,Lina Saputra,2009-10-17,8477829504,customer001608@examplecom,Jl. Merdeka No. 40,Medan,LINA SAPUTRA,8477829504,customer001608@examplecom,JL MERDEKA NO 40,2009,[np.int64(1607)],1,C001608,0.9941176470588236,Auto Match
CRM,CR_0002311,F4J4R SET14W4N,2012-09-16,62819134404,customer000132@example.com,JL. DIPONEGORO NO. 6,Bekasi,F4J4R SET14W4N,0819134404,customer000132@example.com,JL DIPONEGORO NO 6,2012,[np.int64(131)],1,C000132,0.8857142857142858,Auto Match
CRM,CR_0002312,Oscar Santoso,2013-06-16,8178120398,customer001491@example.com,JL. DIPONEGORO NO. 95,Makassar,OSCAR SANTOSO,8178120398,customer001491@example.com,JL DIPONEGORO NO 95,2013,[np.int64(1490)],1,C001491,1.0,Auto Match
CRM,CR_0002313,K4R1N S4PUTR4,2005-10-27,8366519718,customer000751@examplecom,Jl. Diponegoro No. 135,Medan,K4R1N S4PUTR4,8366519718,customer000751@examplecom,JL DIPONEGORO NO 135,2005,[np.int64(750)],1,C000751,0.9171945701357466,Auto Match
CRM,CR_0002314,Fajar Kurniawan,2012-01-26,628901013205,customer001603@example.com,Jl. Ahmad Yani No. 180,Tangerang,FAJAR KURNIAWAN,08901013205,customer001603@example.com,JL AHMAD YANI NO 180,2012,[np.int64(1602)],1,C001603,0.9880952380952381,Auto Match
CRM,CR_0002315,Vina Permata,1992-07-28,8378324753,customer001588@example.com,JL. DIPONEGORO NO. 78,Semarang,VINA PERMATA,8378324753,customer001588@example.com,JL DIPONEGORO NO 78,1992,[np.int64(1587)],1,C001588,1.0,Auto Match
CRM,CR_0002316,Joko Nugroho,2006-01-06,62822759760,customer001039@example.com,Jl. Diponegoro No. 199,Depok,JOKO NUGROHO,0822759760,customer001039@example.com,JL DIPONEGORO NO 199,2006,[np.int64(1038)],1,C001039,0.9750000000000001,Auto Match
CRM,CR_0002317,Lina Nugroho,2003-04-04,628736804247,customer000057@example.com,Jl. Diponegoro No. 142,Makassar,LINA NUGROHO,08736804247,customer000057@example.com,JL DIPONEGORO NO 142,2003,[np.int64(56)],1,C000057,0.9880952380952381,Auto Match
CRM,CR_0002318,Andi Permata,2007-12-05,8367406500,customer001132@example.com,Jl. Merdeka No. 44,Depok,ANDI PERMATA,8367406500,customer001132@example.com,JL MERDEKA NO 44,2007,[np.int64(1131)],1,C001132,1.0,Auto Match
CRM,CR_0002319,Sari Santoso,2000-05-13,8602581743,customer000018@example.com,Jl. Ahmad Yani No. 98,Makassar,SARI SANTOSO,8602581743,customer000018@example.com,JL AHMAD YANI NO 98,2000,[np.int64(17)],1,C000018,1.0,Auto Match
CRM,CR_0002320,Fajar Wijaya,2014-05-02,628821214037,customer001040@example.com,JALAN DIPONEGORO NO. 180,Semarang,FAJAR WIJAYA,08821214037,customer001040@example.com,JL DIPONEGORO NO 180,2014,[np.int64(1039)],1,C001040,0.9880952380952381,Auto Match
CRM,CR_0002321,Gita Kurniawan,2002-08-29,889048325,customer001626@examplecom,JL. DIPONEGORO NO. 79,Bogor,GITA KURNIAWAN,889048325,customer001626@examplecom,JL DIPONEGORO NO 79,2002,[np.int64(1625)],1,C001626,0.9809597523219814,Auto Match
CRM,CR_0002322,MAYA SAPUTRA,2011-07-27,628586237522,customer001589@example.com,Jl. Ahmad Yani No. 9,Tangerang,MAYA SAPUTRA,08586237522,customer001589@example.com,JL AHMAD YANI NO 9,2011,[np.int64(1588)],1,C001589,0.9880952380952381,Auto Match
CRM,CR_0002323,Tono Setiawan,1996-06-05,628722933020,customer000724@example.com,Jl. Ahmad Yani No. 157,Depok,TONO SETIAWAN,08722933020,customer000724@example.com,JL AHMAD YANI NO 157,1996,[np.int64(723)],1,C000724,0.9880952380952381,Auto Match
CRM,CR_0002324,RinaSaputra,1992-05-31,8662467732,customer000802@examplecom,Jl. Ahmad Yani No. 132,Bogor,RINASAPUTRA,8662467732,customer000802@examplecom,JL AHMAD YANI NO 132,1992,[np.int64(801)],1,C000802,0.9832480818414323,Auto Match
CRM,CR_0002325,LINA RAMADHAN,2006-05-01,8419683890,customer000896@example.com,Jl. Ahmad Yani No. 135,Tangerang,LINA RAMADHAN,8419683890,customer000896@example.com,JL AHMAD YANI NO 135,2006,[np.int64(895)],1,C000896,1.0,Auto Match
CRM,CR_0002326,DEWI SIREGAR,1994-08-24,8415038899,customer001577@example.com,Jl. Gatot Subroto No. 125,Surabaya,DEWI SIREGAR,8415038899,customer001577@example.com,JL GATOT SUBROTO NO 125,1994,[np.int64(1576)],1,C001577,1.0,Auto Match
CRM,CR_0002327,Oscar Siregar,2007-09-27,8617142289,customer001524@examplecom,Jl. Ahmad Yani No. 106,Bogor,OSCAR SIREGAR,8617142289,customer001524@examplecom,JL AHMAD YANI NO 106,2007,[np.int64(1523)],1,C001524,0.9941176470588236,Auto Match
CRM,CR_0002328,Putri Permata,2007-03-01,8729982918,customer001302@example.com,Jl. Merdeka No. 83,Medan,PUTRI PERMATA,8729982918,customer001302@example.com,JL MERDEKA NO 83,2007,[np.int64(1301)],1,C001302,1.0,Auto Match
CRM,CR_0002329,Putri Pratama,2008-12-04,8562643375,customer000131@example.com,Jl. Gatot Subroto No. 32,Depok,PUTRI PRATAMA,8562643375,customer000131@example.com,JL GATOT SUBROTO NO 32,2008,[np.int64(130)],1,C000131,1.0,Auto Match
CRM,CR_0002330,BudiNugroho,1998-06-13,8348071545,customer000966@examplecom,Jl. Merdeka No. 45,Surabaya,BUDINUGROHO,8348071545,customer000966@examplecom,JL MERDEKA NO 45,1998,[np.int64(965)],1,C000966,0.9832480818414323,Auto Match
CRM,CR_0002331,Oscar Hidayat,2003-01-17,810448646,customer000569@examplecom,Jl. Gatot Subroto No. 145,Tangerang,OSCAR HIDAYAT,810448646,customer000569@examplecom,JL GATOT SUBROTO NO 145,2003,[np.int64(568)],1,C000569,0.9809597523219814,Auto Match
CRM,CR_0002332,GITA SANTOSO,1989-11-22,8465851982,customer001045@example.com,JL. AHMAD YANI NO. 196,Bandung,GITA SANTOSO,8465851982,customer001045@example.com,JL AHMAD YANI NO 196,1989,[np.int64(1044)],1,C001045,1.0,Auto Match
CRM,CR_0002333,Vina Saputra,1998-02-21,863562331,customer000738@example.com,Jl. Diponegoro No. 173,Makassar,VINA SAPUTRA,863562331,customer000738@example.com,JL DIPONEGORO NO 173,1998,[np.int64(737)],1,C000738,0.986842105263158,Auto Match
CRM,CR_0002334,Karin Ramadhan,2012-03-27,8352689605,customer000508@example.com,JL. GATOT SUBROTO NO. 199,Semarang,KARIN RAMADHAN,8352689605,customer000508@example.com,JL GATOT SUBROTO NO 199,2012,[np.int64(507)],1,C000508,1.0,Auto Match
CRM,CR_0002335,BUD1PERM4T4,1990-07-29,8253352357,customer000017@example.com,Jl. Ahmad Yani No. 109,Surabaya,BUD1PERM4T4,8253352357,customer000017@example.com,JL AHMAD YANI NO 109,1990,[np.int64(16)],1,C000017,0.923913043478261,Auto Match
CRM,CR_0002336,Sari Wijaya,2005-04-02,8893846903,customer000908@example.com,Jl. Sudirman No. 56,Surabaya,SARI WIJAYA,8893846903,customer000908@example.com,JL SUDIRMAN NO 56,2005,[np.int64(907)],1,C000908,1.0,Auto Match
CRM,CR_0002337,Nanda Wijaya,2015-04-06,628288484552,customer000240@examplecom,Jalan Merdeka No. 65,Makassar,NANDA WIJAYA,08288484552,customer000240@examplecom,JL MERDEKA NO 65,2015,[np.int64(239)],1,C000240,0.9822128851540616,Auto Match
CRM,CR_0002338,Tono Wijaya,1994-12-18,628632959249,customer001396@example.com,Jl. Merdeka No. 178,Depok,TONO WIJAYA,08632959249,customer001396@example.com,JL MERDEKA NO 178,1994,[np.int64(1395)],1,C001396,0.9880952380952381,Auto Match
CRM,CR_0002339,Maya Hidayat,2007-06-29,62880904382,customer001659@example.com,Jl. Sudirman No. 10,Depok,MAYA HIDAYAT,0880904382,customer001659@example.com,JL SUDIRMAN NO 10,2007,[np.int64(1658)],1,C001659,0.9750000000000001,Auto Match
CRM,CR_0002340,Gita Lestari,1999-06-25,8363104403,customer001064@example.com,Jl. Sudirman No. 138,Makassar,GITA LESTARI,8363104403,customer001064@example.com,JL SUDIRMAN NO 138,1999,[np.int64(1063)],1,C001064,1.0,Auto Match
CRM,CR_0002341,Hana Permata,1997-08-21,8244109040,customer000969@example.com,Jl. Ahmad Yani No. 79,Medan,HANA PERMATA,8244109040,customer000969@example.com,JL AHMAD YANI NO 79,1997,[np.int64(968)],1,C000969,1.0,Auto Match
CRM,CR_0002342,Eko Pratama,2001-02-16,628500925463,customer001484@example.com,Jl. Merdeka No. 175,Surabaya,EKO PRATAMA,08500925463,customer001484@example.com,JL MERDEKA NO 175,2001,[np.int64(1483)],1,C001484,0.9880952380952381,Auto Match
CRM,CR_0002343,LINASANTOSO,1993-10-25,8739422469,customer000683@example.com,Jl. Diponegoro No. 72,Medan,LINASANTOSO,8739422469,customer000683@example.com,JL DIPONEGORO NO 72,1993,[np.int64(682)],1,C000683,0.9891304347826088,Auto Match
CRM,CR_0002344,Iwan Nugroho,1996-02-25,8561297620,customer001778@examplecom,Jl. Sudirman No. 112,Depok,IWAN NUGROHO,8561297620,customer001778@examplecom,JL SUDIRMAN NO 112,1996,[np.int64(1777)],1,C001778,0.9941176470588236,Auto Match
CRM,CR_0002345,RINA PRATAMA,2009-08-11,849677845,customer001526@example.com,Jl. Merdeka No. 72,Jakarta,RINA PRATAMA,849677845,customer001526@example.com,JL MERDEKA NO 72,2009,[np.int64(1525)],1,C001526,0.986842105263158,Auto Match
CRM,CR_0002346,Lina Wijaya,1996-02-27,8459970140,customer001517@examplecom,Jalan Diponegoro No. 57,Semarang,LINA WIJAYA,8459970140,customer001517@examplecom,JL DIPONEGORO NO 57,1996,[np.int64(1516)],1,C001517,0.9941176470588236,Auto Match
CRM,CR_0002347,RINA HIDAYAT,2008-06-12,628171385209,customer000933@examplecom,Jl. Sudirman No. 53,Semarang,RINA HIDAYAT,08171385209,customer000933@examplecom,JL SUDIRMAN NO 53,2008,[np.int64(932)],1,C000933,0.9822128851540616,Auto Match
CRM,CR_0002348,Citra Siregar,2015-10-12,865815243,customer000982@example.com,Jl. Diponegoro No. 172,Semarang,CITRA SIREGAR,865815243,customer000982@example.com,JL DIPONEGORO NO 172,2015,[np.int64(981)],1,C000982,0.986842105263158,Auto Match
CRM,CR_0002349,Oscar Saputra,1993-01-30,8501185253,customer001354@example.com,JALAN SUDIRMAN NO. 66,Bogor,OSCAR SAPUTRA,8501185253,customer001354@example.com,JL SUDIRMAN NO 66,1993,[np.int64(1353)],1,C001354,1.0,Auto Match
CRM,CR_0002350,SARI SANTOSO,1991-09-23,867485782,customer000972@example.com,Jl. Merdeka No. 50,Bogor,SARI SANTOSO,867485782,customer000972@example.com,JL MERDEKA NO 50,1991,[np.int64(971)],1,C000972,0.986842105263158,Auto Match
CRM,CR_0002351,Citra Saputra,2015-08-15,8366711469,customer000910@example.com,Jl. Gatot Subroto No. 154,Bogor,CITRA SAPUTRA,8366711469,customer000910@example.com,JL GATOT SUBROTO NO 154,2015,[np.int64(909)],1,C000910,1.0,Auto Match
CRM,CR_0002352,HANA SETIAWAN,2013-10-05,8185818107,customer000850@example.com,Jl. Merdeka No. 36,Makassar,HANA SETIAWAN,8185818107,customer000850@example.com,JL MERDEKA NO 36,2013,[np.int64(849)],1,C000850,1.0,Auto Match
CRM,CR_0002353,OSCAR KURNIAWAN,2010-01-12,8187216174,customer001029@example.com,Jl. Diponegoro No. 92,Depok,OSCAR KURNIAWAN,8187216174,customer001029@example.com,JL DIPONEGORO NO 92,2010,[np.int64(1028)],1,C001029,1.0,Auto Match
CRM,CR_0002354,NANDA RAMADHAN,1991-11-05,628327743786,customer000714@example.com,Jalan Gatot Subroto No. 149,Jakarta,NANDA RAMADHAN,08327743786,customer000714@example.com,JL GATOT SUBROTO NO 149,1991,[np.int64(713)],1,C000714,0.9880952380952381,Auto Match
CRM,CR_0002355,Budi Santoso,2011-12-20,8674011035,customer000140@example.com,Jl. Ahmad Yani No. 154,Surabaya,BUDI SANTOSO,8674011035,customer000140@example.com,JL AHMAD YANI NO 154,2011,[np.int64(139)],1,C000140,1.0,Auto Match
CRM,CR_0002356,EKO NUGROHO,2010-02-07,878475495,customer000678@example.com,Jl. Merdeka No. 134,Tangerang,EKO NUGROHO,878475495,customer000678@example.com,JL MERDEKA NO 134,2010,[np.int64(677)],1,C000678,0.986842105263158,Auto Match
CRM,CR_0002357,RINA WIJAYA,2007-09-12,8857051783,customer001529@example.com,Jl. Sudirman No. 192,Medan,RINA WIJAYA,8857051783,customer001529@example.com,JL SUDIRMAN NO 192,2007,[np.int64(1528)],1,C001529,1.0,Auto Match
CRM,CR_0002358,Putri Pratama,2009-07-04,8225548962,customer000026@example.com,Jl. Merdeka No. 11,Surabaya,PUTRI PRATAMA,8225548962,customer000026@example.com,JL MERDEKA NO 11,2009,[np.int64(25)],1,C000026,1.0,Auto Match
CRM,CR_0002359,Sari Siregar,1994-01-26,8813182589,customer001791@example.com,Jalan Gatot Subroto No. 13,Bandung,SARI SIREGAR,8813182589,customer001791@example.com,JL GATOT SUBROTO NO 13,1994,[np.int64(1790)],1,C001791,1.0,Auto Match
CRM,CR_0002360,Iwan Siregar,2003-08-22,8251144182,customer000046@example.com,Jl. Ahmad Yani No. 74,Surabaya,IWAN SIREGAR,8251144182,customer000046@example.com,JL AHMAD YANI NO 74,2003,[np.int64(45)],1,C000046,1.0,Auto Match
CRM,CR_0002361,V1N4 S1REG4R,2009-03-28,8930577925,customer000346@examplecom,Jl. Gatot Subroto No. 122,Surabaya,V1N4 S1REG4R,8930577925,customer000346@examplecom,JL GATOT SUBROTO NO 122,2009,[np.int64(345)],1,C000346,0.9107843137254902,Auto Match
CRM,CR_0002362,Andi Siregar,1993-06-06,8837829996,customer000957@example.com,JL. AHMAD YANI NO. 151,Makassar,ANDI SIREGAR,8837829996,customer000957@example.com,JL AHMAD YANI NO 151,1993,[np.int64(956)],1,C000957,1.0,Auto Match
CRM,CR_0002363,TONOHIDAYAT,2009-12-26,8463738169,customer000034@example.com,Jl. Diponegoro No. 45,Depok,TONOHIDAYAT,8463738169,customer000034@example.com,JL DIPONEGORO NO 45,2009,[np.int64(33)],1,C000034,0.9891304347826088,Auto Match
CRM,CR_0002364,Tono Permata,1992-12-27,8892731977,customer000289@example.com,Jl. Ahmad Yani No. 163,Bekasi,TONO PERMATA,8892731977,customer000289@example.com,JL AHMAD YANI NO 163,1992,[np.int64(288)],1,C000289,1.0,Auto Match
CRM,CR_0002365,Gita Permata,2003-08-03,8601838731,customer001213@example.com,Jl. Gatot Subroto No. 54,Tangerang,GITA PERMATA,8601838731,customer001213@example.com,JL GATOT SUBROTO NO 54,2003,[np.int64(1212)],1,C001213,1.0,Auto Match
CRM,CR_0002366,Gita Saputra,1999-04-14,8552695727,customer001076@example.com,Jl. Merdeka No. 26,Depok,GITA SAPUTRA,8552695727,customer001076@example.com,JL MERDEKA NO 26,1999,[np.int64(1075)],1,C001076,1.0,Auto Match
CRM,CR_0002367,JOKO SIREGAR,1992-04-10,8471058498,customer001169@example.com,Jl. Ahmad Yani No. 160,Makassar,JOKO SIREGAR,8471058498,customer001169@example.com,JL AHMAD YANI NO 160,1992,[np.int64(1168)],1,C001169,1.0,Auto Match
CRM,CR_0002368,Eko Nugroho,2006-09-12,892317540,customer001545@example.com,Jalan Merdeka No. 69,Bogor,EKO NUGROHO,892317540,customer001545@example.com,JL MERDEKA NO 69,2006,[np.int64(1544)],1,C001545,0.986842105263158,Auto Match
CRM,CR_0002369,Rina Setiawan,1991-02-12,628893716494,customer000388@example.com,Jalan Merdeka No. 197,Bogor,RINA SETIAWAN,08893716494,customer000388@example.com,JL MERDEKA NO 197,1991,[np.int64(387)],1,C000388,0.9880952380952381,Auto Match
CRM,CR_0002370,MayaSaputra,1989-07-02,853019756,customer000793@example.com,Jl. Gatot Subroto No. 165,Surabaya,MAYASAPUTRA,853019756,customer000793@example.com,JL GATOT SUBROTO NO 165,1989,[np.int64(792)],1,C000793,0.9759725400457667,Auto Match
CRM,CR_0002371,OSCARPRATAMA,2008-03-27,8113899804,customer000893@example.com,Jalan Sudirman No. 198,Bekasi,OSCARPRATAMA,8113899804,customer000893@example.com,JL SUDIRMAN NO 198,2008,[np.int64(892)],1,C000893,0.9900000000000001,Auto Match
CRM,CR_0002372,JOKO LESTARI,2008-07-15,628532548232,customer001095@example.com,Jl. Diponegoro No. 141,Surabaya,JOKO LESTARI,08532548232,customer001095@example.com,JL DIPONEGORO NO 141,2008,[np.int64(1094)],1,C001095,0.9880952380952381,Auto Match
CRM,CR_0002373,MAYA SANTOSO,1998-06-20,8154536796,customer001486@example.com,Jl. Sudirman No. 52,Tangerang,MAYA SANTOSO,8154536796,customer001486@example.com,JL SUDIRMAN NO 52,1998,[np.int64(1485)],1,C001486,1.0,Auto Match
CRM,CR_0002374,Dewi Hidayat,2004-05-20,8911214587,customer001214@examplecom,Jl. Ahmad Yani No. 98,Jakarta,DEWI HIDAYAT,8911214587,customer001214@examplecom,JL AHMAD YANI NO 98,2004,[np.int64(1213)],1,C001214,0.9941176470588236,Auto Match
CRM,CR_0002375,MAYA SAPUTRA,2006-09-01,8480009960,customer001464@example.com,Jl. Sudirman No. 180,Semarang,MAYA SAPUTRA,8480009960,customer001464@example.com,JL SUDIRMAN NO 180,2006,[np.int64(1463)],1,C001464,1.0,Auto Match
CRM,CR_0002376,Vina Santoso,2003-01-19,844966769,customer001482@examplecom,Jl. Ahmad Yani No. 66,Bogor,VINA SANTOSO,844966769,customer001482@examplecom,JL AHMAD YANI NO 66,2003,[np.int64(1481)],1,C001482,0.9809597523219814,Auto Match
CRM,CR_0002377,Oscar Kurniawan,1998-05-10,8340569701,customer000641@examplecom,Jl. Diponegoro No. 58,Jakarta,OSCAR KURNIAWAN,8340569701,customer000641@examplecom,JL DIPONEGORO NO 58,1998,[np.int64(640)],1,C000641,0.9941176470588236,Auto Match
CRM,CR_0002378,BUD1 S4NTOSO,1994-06-14,8902630924,customer001356@example.com,Jl. Gatot Subroto No. 194,Bekasi,BUD1 S4NTOSO,8902630924,customer001356@example.com,JL GATOT SUBROTO NO 194,1994,[np.int64(1355)],1,C001356,0.9583333333333335,Auto Match
CRM,CR_0002379,CITRA HIDAYAT,2003-08-16,8805745392,customer001625@examplecom,Jl. Merdeka No. 25,Depok,CITRA HIDAYAT,8805745392,customer001625@examplecom,JL MERDEKA NO 25,2003,[np.int64(1624)],1,C001625,0.9941176470588236,Auto Match
CRM,CR_0002380,Maya Hidayat,1992-05-09,62886717470,customer000859@example.com,Jl. Ahmad Yani No. 35,Tangerang,MAYA HIDAYAT,0886717470,customer000859@example.com,JL AHMAD YANI NO 35,1992,[np.int64(858)],1,C000859,0.9750000000000001,Auto Match
CRM,CR_0002381,Citra Wijaya,2007-12-06,897281433,customer000437@examplecom,Jl. Merdeka No. 17,Bogor,CITRA WIJAYA,897281433,customer000437@examplecom,JL MERDEKA NO 17,2007,[np.int64(436)],1,C000437,0.9809597523219814,Auto Match
CRM,CR_0002382,Citra Wijaya,2008-06-07,628184806877,customer000968@example.com,JALAN DIPONEGORO NO. 116,Bogor,CITRA WIJAYA,08184806877,customer000968@example.com,JL DIPONEGORO NO 116,2008,[np.int64(967)],1,C000968,0.9880952380952381,Auto Match
CRM,CR_0002383,Vina Setiawan,1996-03-21,8874690924,customer001194@example.com,Jl. Sudirman No. 137,Makassar,VINA SETIAWAN,8874690924,customer001194@example.com,JL SUDIRMAN NO 137,1996,[np.int64(1193)],1,C001194,1.0,Auto Match
CRM,CR_0002384,Hana Saputra,1997-10-29,8885915941,customer000190@example.com,Jalan Diponegoro No. 14,Surabaya,HANA SAPUTRA,8885915941,customer000190@example.com,JL DIPONEGORO NO 14,1997,[np.int64(189)],1,C000190,1.0,Auto Match
CRM,CR_0002385,EKO HIDAYAT,2011-11-03,881060238,customer001262@example.com,Jalan Sudirman No. 44,Makassar,EKO HIDAYAT,881060238,customer001262@example.com,JL SUDIRMAN NO 44,2011,[np.int64(1261)],1,C001262,0.986842105263158,Auto Match
CRM,CR_0002386,IWANWIJAYA,2016-04-28,8893667427,customer001685@example.com,Jalan Ahmad Yani No. 59,Makassar,IWANWIJAYA,8893667427,customer001685@example.com,JL AHMAD YANI NO 59,2016,[np.int64(1684)],1,C001685,0.9880952380952382,Auto Match
CRM,CR_0002387,1wan Siregar,1998-10-12,62817520582,customer000667@example.com,Jl. Diponegoro No. 137,Makassar,1WAN SIREGAR,0817520582,customer000667@example.com,JL DIPONEGORO NO 137,1998,[np.int64(666)],1,C000667,0.9541666666666667,Auto Match
CRM,CR_0002388,Fajar Kurniawan,2004-05-14,8411270575,customer001200@example.com,Jalan Gatot Subroto No. 61,Bogor,FAJAR KURNIAWAN,8411270575,customer001200@example.com,JL GATOT SUBROTO NO 61,2004,[np.int64(1199)],1,C001200,1.0,Auto Match
CRM,CR_0002389,R1N4 SET14W4N,2005-11-18,8591000400,customer000986@examplecom,Jl. Diponegoro No. 135,Medan,R1N4 SET14W4N,8591000400,customer000986@examplecom,JL DIPONEGORO NO 135,2005,[np.int64(985)],1,C000986,0.8979638009049774,Auto Match
CRM,CR_0002390,PUTRI LESTARI,1999-11-26,8273203504,customer001025@example.com,Jalan Diponegoro No. 95,Bandung,PUTRI LESTARI,8273203504,customer001025@example.com,JL DIPONEGORO NO 95,1999,[np.int64(1024)],1,C001025,1.0,Auto Match
CRM,CR_0002391,Lina Siregar,2010-02-27,8233127391,customer000749@example.com,Jl. Ahmad Yani No. 168,Jakarta,LINA SIREGAR,8233127391,customer000749@example.com,JL AHMAD YANI NO 168,2010,[np.int64(748)],1,C000749,1.0,Auto Match
CRM,CR_0002392,Citra Setiawan,2015-02-02,8131023893,customer000361@example.com,Jl. Ahmad Yani No. 127,Jakarta,CITRA SETIAWAN,8131023893,customer000361@example.com,JL AHMAD YANI NO 127,2015,[np.int64(360)],1,C000361,1.0,Auto Match
CRM,CR_0002393,Eko Saputra,1991-12-26,8634686387,customer000507@example.com,Jl. Merdeka No. 180,Semarang,EKO SAPUTRA,8634686387,customer000507@example.com,JL MERDEKA NO 180,1991,[np.int64(506)],1,C000507,1.0,Auto Match
CRM,CR_0002394,Nanda Wijaya,1995-03-28,8972979468,customer001330@example.com,Jl. Diponegoro No. 137,Bandung,NANDA WIJAYA,8972979468,customer001330@example.com,JL DIPONEGORO NO 137,1995,[np.int64(1329)],1,C001330,1.0,Auto Match
CRM,CR_0002395,JOKO SANTOSO,2002-07-03,813638873,customer001230@example.com,Jalan Ahmad Yani No. 162,Tangerang,JOKO SANTOSO,813638873,customer001230@example.com,JL AHMAD YANI NO 162,2002,[np.int64(1229)],1,C001230,0.986842105263158,Auto Match
CRM,CR_0002396,Oscar Lestari,2015-09-21,865136516,customer000349@example.com,JL. DIPONEGORO NO. 112,Tangerang,OSCAR LESTARI,865136516,customer000349@example.com,JL DIPONEGORO NO 112,2015,[np.int64(348)],1,C000349,0.986842105263158,Auto Match
CRM,CR_0002397,Rina Lestari,1995-09-11,62851513914,customer000600@example.com,Jl. Gatot Subroto No. 46,Bogor,RINA LESTARI,0851513914,customer000600@example.com,JL GATOT SUBROTO NO 46,1995,[np.int64(599)],1,C000600,0.9750000000000001,Auto Match
CRM,CR_0002398,Eko Siregar,2002-11-26,628977050802,customer000327@example.com,Jl. Merdeka No. 192,Tangerang,EKO SIREGAR,08977050802,customer000327@example.com,JL MERDEKA NO 192,2002,[np.int64(326)],1,C000327,0.9880952380952381,Auto Match
CRM,CR_0002399,NANDA WIJAYA,2014-08-05,8670918125,customer001251@example.com,Jl. Merdeka No. 22,Bandung,NANDA WIJAYA,8670918125,customer001251@example.com,JL MERDEKA NO 22,2014,[np.int64(1250)],1,C001251,1.0,Auto Match
CRM,CR_0002400,Rina Setiawan,2008-06-15,8192262646,customer000967@example.com,Jl. Merdeka No. 105,Bandung,RINA SETIAWAN,8192262646,customer000967@example.com,JL MERDEKA NO 105,2008,[np.int64(966)],1,C000967,1.0,Auto Match
CRM,CR_0002401,Gita Hidayat,2009-09-23,867845675,customer001546@example.com,Jl. Merdeka No. 107,Bandung,GITA HIDAYAT,867845675,customer001546@example.com,JL MERDEKA NO 107,2009,[np.int64(1545)],1,C001546,0.986842105263158,Auto Match
CRM,CR_0002402,PUTRI SIREGAR,1993-02-10,8441998554,customer001612@examplecom,Jl. Diponegoro No. 88,Bandung,PUTRI SIREGAR,8441998554,customer001612@examplecom,JL DIPONEGORO NO 88,1993,[np.int64(1611)],1,C001612,0.9941176470588236,Auto Match
CRM,CR_0002403,GITA WIJAYA,1991-10-08,8470586724,customer000375@example.com,Jl. Diponegoro No. 143,Semarang,GITA WIJAYA,8470586724,customer000375@example.com,JL DIPONEGORO NO 143,1991,[np.int64(374)],1,C000375,1.0,Auto Match
CRM,CR_0002404,KARINNUGROHO,1996-10-25,8257518958,customer000546@example.com,JL. SUDIRMAN NO. 178,Bandung,KARINNUGROHO,8257518958,customer000546@example.com,JL SUDIRMAN NO 178,1996,[np.int64(545)],1,C000546,0.9900000000000001,Auto Match
CRM,CR_0002405,Sari Ramadhan,2014-07-19,8104203706,customer000695@example.com,Jalan Merdeka No. 187,Bekasi,SARI RAMADHAN,8104203706,customer000695@example.com,JL MERDEKA NO 187,2014,[np.int64(694)],1,C000695,1.0,Auto Match
CRM,CR_0002406,Citra Santoso,2016-06-23,8741915359,customer000903@example.com,Jl. Merdeka No. 69,Semarang,CITRA SANTOSO,8741915359,customer000903@example.com,JL MERDEKA NO 69,2016,[np.int64(902)],1,C000903,1.0,Auto Match
CRM,CR_0002407,Putri Hidayat,1996-06-01,8282410008,customer001141@example.com,Jalan Diponegoro No. 197,Tangerang,PUTRI HIDAYAT,8282410008,customer001141@example.com,JL DIPONEGORO NO 197,1996,[np.int64(1140)],1,C001141,1.0,Auto Match
CRM,CR_0002408,Iwan Wijaya,1989-10-05,870742649,customer000204@example.com,Jl. Diponegoro No. 42,Makassar,IWAN WIJAYA,870742649,customer000204@example.com,JL DIPONEGORO NO 42,1989,[np.int64(203)],1,C000204,0.986842105263158,Auto Match
CRM,CR_0002409,Karin Setiawan,2014-08-03,8389146284,customer000668@example.com,Jl. Sudirman No. 99,Makassar,KARIN SETIAWAN,8389146284,customer000668@example.com,JL SUDIRMAN NO 99,2014,[np.int64(667)],1,C000668,1.0,Auto Match
CRM,CR_0002410,KarinSetiawan,1990-06-03,8350745446,customer000527@example.com,JALAN MERDEKA NO. 78,Surabaya,KARINSETIAWAN,8350745446,customer000527@example.com,JL MERDEKA NO 78,1990,[np.int64(526)],1,C000527,0.9907407407407408,Auto Match
CRM,CR_0002411,Budi Siregar,2009-05-27,8382300204,customer001772@example.com,Jl. Sudirman No. 194,Medan,BUDI SIREGAR,8382300204,customer001772@example.com,JL SUDIRMAN NO 194,2009,[np.int64(1771)],1,C001772,1.0,Auto Match
CRM,CR_0002412,IWAN HIDAYAT,2001-07-21,628177087043,customer000844@examplecom,JL. AHMAD YANI NO. 184,Jakarta,IWAN HIDAYAT,08177087043,customer000844@examplecom,JL AHMAD YANI NO 184,2001,[np.int64(843)],1,C000844,0.9822128851540616,Auto Match
CRM,CR_0002413,Maya Saputra,2010-09-23,8967145495,customer000484@example.com,Jl. Sudirman No. 102,Semarang,MAYA SAPUTRA,8967145495,customer000484@example.com,JL SUDIRMAN NO 102,2010,[np.int64(483)],1,C000484,1.0,Auto Match
CRM,CR_0002414,Rina Ramadhan,1995-11-25,8814616899,customer001728@example.com,Jl. Merdeka No. 95,Bekasi,RINA RAMADHAN,8814616899,customer001728@example.com,JL MERDEKA NO 95,1995,[np.int64(1727)],1,C001728,1.0,Auto Match
CRM,CR_0002415,Tono Permata,1993-07-25,8924766903,customer001357@example.com,JL. DIPONEGORO NO. 105,Bandung,TONO PERMATA,8924766903,customer001357@example.com,JL DIPONEGORO NO 105,1993,[np.int64(1356)],1,C001357,1.0,Auto Match
CRM,CR_0002416,V1N4 W1J4Y4,2001-02-18,628495290960,customer001278@examplecom,Jl. Diponegoro No. 140,Semarang,V1N4 W1J4Y4,08495290960,customer001278@examplecom,JL DIPONEGORO NO 140,2001,[],0,C001278,0.8685765215176979,Auto Match
CRM,CR_0002417,Citra Hidayat,2009-06-09,8438822490,customer000249@examplecom,Jl. Ahmad Yani No. 120,Tangerang,CITRA HIDAYAT,8438822490,customer000249@examplecom,JL AHMAD YANI NO 120,2009,[np.int64(248)],1,C000249,0.9941176470588236,Auto Match
CRM,CR_0002418,Karin Siregar,1998-11-19,868073683,customer001565@examplecom,JALAN DIPONEGORO NO. 169,Depok,KARIN SIREGAR,868073683,customer001565@examplecom,JL DIPONEGORO NO 169,1998,[np.int64(1564)],1,C001565,0.9809597523219814,Auto Match
CRM,CR_0002419,Maya Saputra,2000-10-10,8793355843,customer000171@examplecom,Jl. Sudirman No. 23,Surabaya,MAYA SAPUTRA,8793355843,customer000171@examplecom,JL SUDIRMAN NO 23,2000,[np.int64(170)],1,C000171,0.9941176470588236,Auto Match
CRM,CR_0002420,TonoLestari,2005-05-10,8126706843,customer001338@example.com,Jalan Ahmad Yani No. 162,Semarang,TONOLESTARI,8126706843,customer001338@example.com,JL AHMAD YANI NO 162,2005,[np.int64(1337)],1,C001338,0.9891304347826088,Auto Match
CRM,CR_0002421,GITA RAMADHAN,2014-08-10,8329667860,customer000692@example.com,Jl. Gatot Subroto No. 184,Medan,GITA RAMADHAN,8329667860,customer000692@example.com,JL GATOT SUBROTO NO 184,2014,[np.int64(691)],1,C000692,1.0,Auto Match
CRM,CR_0002422,Iwan Lestari,1995-12-07,8273296397,customer000479@example.com,Jl. Diponegoro No. 100,Semarang,IWAN LESTARI,8273296397,customer000479@example.com,JL DIPONEGORO NO 100,1995,[np.int64(478)],1,C000479,1.0,Auto Match
CRM,CR_0002423,Iwan Siregar,1990-08-01,8332285262,customer000520@example.com,Jalan Diponegoro No. 60,Jakarta,IWAN SIREGAR,8332285262,customer000520@example.com,JL DIPONEGORO NO 60,1990,[np.int64(519)],1,C000520,1.0,Auto Match
CRM,CR_0002424,Citra Siregar,2003-06-15,8712976692,customer000432@example.com,Jl. Ahmad Yani No. 48,Bandung,CITRA SIREGAR,8712976692,customer000432@example.com,JL AHMAD YANI NO 48,2003,[np.int64(431)],1,C000432,1.0,Auto Match
CRM,CR_0002425,Putri Kurniawan,2004-03-24,8358151998,customer001501@example.com,Jl. Ahmad Yani No. 152,Surabaya,PUTRI KURNIAWAN,8358151998,customer001501@example.com,JL AHMAD YANI NO 152,2004,[np.int64(1500)],1,C001501,1.0,Auto Match
CRM,CR_0002426,RINA KURNIAWAN,1990-04-18,865963024,customer001534@examplecom,JL. SUDIRMAN NO. 57,Bogor,RINA KURNIAWAN,865963024,customer001534@examplecom,JL SUDIRMAN NO 57,1990,[np.int64(1533)],1,C001534,0.9809597523219814,Auto Match
CRM,CR_0002427,Oscar Lestari,2008-12-20,8517693696,customer001346@example.com,JL. DIPONEGORO NO. 117,Medan,OSCAR LESTARI,8517693696,customer001346@example.com,JL DIPONEGORO NO 117,2008,[np.int64(1345)],1,C001346,1.0,Auto Match
CRM,CR_0002428,OscarSiregar,1990-02-17,8251780393,customer000403@example.com,Jalan Merdeka No. 176,Bogor,OSCARSIREGAR,8251780393,customer000403@example.com,JL MERDEKA NO 176,1990,[np.int64(402)],1,C000403,0.9900000000000001,Auto Match
CRM,CR_0002429,OSCARRAMADHAN,2009-05-27,8113045670,customer001737@examplecom,Jl. Gatot Subroto No. 124,Medan,OSCARRAMADHAN,8113045670,customer001737@examplecom,JL GATOT SUBROTO NO 124,2009,[np.int64(1736)],1,C001737,0.9848583877995642,Auto Match
CRM,CR_0002430,NandaSiregar,2000-11-18,62896880940,customer001143@example.com,JL. MERDEKA NO. 145,Bekasi,NANDASIREGAR,0896880940,customer001143@example.com,JL MERDEKA NO 145,2000,[np.int64(1142)],1,C001143,0.9650000000000001,Auto Match
CRM,CR_0002431,Karin Siregar,2012-09-06,62852521194,customer001556@example.com,Jalan Sudirman No. 56,Medan,KARIN SIREGAR,0852521194,customer001556@example.com,JL SUDIRMAN NO 56,2012,[np.int64(1555)],1,C001556,0.9750000000000001,Auto Match
CRM,CR_0002432,Oscar Wijaya,2004-01-30,8441212554,customer000341@examplecom,Jalan Diponegoro No. 140,Bogor,OSCAR WIJAYA,8441212554,customer000341@examplecom,JL DIPONEGORO NO 140,2004,[np.int64(340)],1,C000341,0.9941176470588236,Auto Match
CRM,CR_0002433,SARISANTOSO,2003-02-05,8407016026,customer000795@example.com,Jl. Sudirman No. 87,Tangerang,SARISANTOSO,8407016026,customer000795@example.com,JL SUDIRMAN NO 87,2003,[np.int64(794)],1,C000795,0.9891304347826088,Auto Match
CRM,CR_0002434,Iwan Setiawan,2000-07-20,832002825,customer000613@example.com,Jl. Ahmad Yani No. 53,Jakarta,IWAN SETIAWAN,832002825,customer000613@example.com,JL AHMAD YANI NO 53,2000,[np.int64(612)],1,C000613,0.986842105263158,Auto Match
CRM,CR_0002435,Oscar Lestari,2003-11-30,8348337248,customer000923@example.com,Jl. Diponegoro No. 152,Medan,OSCAR LESTARI,8348337248,customer000923@example.com,JL DIPONEGORO NO 152,2003,[np.int64(922)],1,C000923,1.0,Auto Match
CRM,CR_0002436,Iwan Permata,2007-07-20,8811026791,customer001776@example.com,JL. AHMAD YANI NO. 57,Bekasi,IWAN PERMATA,8811026791,customer001776@example.com,JL AHMAD YANI NO 57,2007,[np.int64(1775)],1,C001776,1.0,Auto Match
CRM,CR_0002437,Tono Santoso,1995-05-17,62844018980,customer000555@examplecom,Jalan Diponegoro No. 6,Makassar,TONO SANTOSO,0844018980,customer000555@examplecom,JL DIPONEGORO NO 6,1995,[np.int64(554)],1,C000555,0.9691176470588235,Auto Match
CRM,CR_0002438,Eko Saputra,1998-01-05,8355960935,customer001531@example.com,Jl. Sudirman No. 76,Surabaya,EKO SAPUTRA,8355960935,customer001531@example.com,JL SUDIRMAN NO 76,1998,[np.int64(1530)],1,C001531,1.0,Auto Match
CRM,CR_0002439,Gita Kurniawan,2012-04-12,8649022056,customer001319@example.com,JALAN AHMAD YANI NO. 121,Bekasi,GITA KURNIAWAN,8649022056,customer001319@example.com,JL AHMAD YANI NO 121,2012,[np.int64(1318)],1,C001319,1.0,Auto Match
CRM,CR_0002440,Sari Kurniawan,1997-10-11,8299263875,customer000674@example.com,Jl. Ahmad Yani No. 179,Depok,SARI KURNIAWAN,8299263875,customer000674@example.com,JL AHMAD YANI NO 179,1997,[np.int64(673)],1,C000674,1.0,Auto Match
CRM,CR_0002441,Nanda Lestari,1997-02-26,62830202044,customer001449@example.com,Jl. Merdeka No. 71,Bandung,NANDA LESTARI,0830202044,customer001449@example.com,JL MERDEKA NO 71,1997,[np.int64(1448)],1,C001449,0.9750000000000001,Auto Match
CRM,CR_0002442,Karin Kurniawan,2010-01-13,628887891123,customer001172@example.com,Jl. Sudirman No. 57,Bekasi,KARIN KURNIAWAN,08887891123,customer001172@example.com,JL SUDIRMAN NO 57,2010,[np.int64(1171)],1,C001172,0.9880952380952381,Auto Match
CRM,CR_0002443,Andi Pratama,2015-11-28,8233760637,customer001235@example.com,Jl. Ahmad Yani No. 151,Tangerang,ANDI PRATAMA,8233760637,customer001235@example.com,JL AHMAD YANI NO 151,2015,[np.int64(1234)],1,C001235,1.0,Auto Match
CRM,CR_0002444,Budi Kurniawan,1992-10-01,628782342009,customer000518@example.com,Jl. Diponegoro No. 35,Bekasi,BUDI KURNIAWAN,08782342009,customer000518@example.com,JL DIPONEGORO NO 35,1992,[np.int64(517)],1,C000518,0.9880952380952381,Auto Match
CRM,CR_0002445,Oscar Nugroho,1994-09-19,8650142981,customer000232@example.com,Jl. Sudirman No. 199,Jakarta,OSCAR NUGROHO,8650142981,customer000232@example.com,JL SUDIRMAN NO 199,1994,[np.int64(231)],1,C000232,1.0,Auto Match
CRM,CR_0002446,Vina Pratama,1994-11-30,8719644277,customer000427@example.com,Jl. Ahmad Yani No. 46,Bandung,VINA PRATAMA,8719644277,customer000427@example.com,JL AHMAD YANI NO 46,1994,[np.int64(426)],1,C000427,1.0,Auto Match
CRM,CR_0002447,Iwan Lestari,2002-03-04,62847336680,customer000274@example.com,JALAN DIPONEGORO NO. 98,Makassar,IWAN LESTARI,0847336680,customer000274@example.com,JL DIPONEGORO NO 98,2002,[np.int64(273)],1,C000274,0.9750000000000001,Auto Match
CRM,CR_0002448,VINA SETIAWAN,1992-08-25,8108659912,customer000174@examplecom,Jalan Gatot Subroto No. 150,Bogor,VINA SETIAWAN,8108659912,customer000174@examplecom,JL GATOT SUBROTO NO 150,1992,[np.int64(173)],1,C000174,0.9941176470588236,Auto Match
CRM,CR_0002449,Joko Pratama,1999-11-02,8191649052,customer001233@example.com,Jl. Diponegoro No. 16,Medan,JOKO PRATAMA,8191649052,customer001233@example.com,JL DIPONEGORO NO 16,1999,[np.int64(1232)],1,C001233,1.0,Auto Match
CRM,CR_0002450,RINA RAMADHAN,2005-10-29,8397413412,customer000295@example.com,Jl. Merdeka No. 20,Depok,RINA RAMADHAN,8397413412,customer000295@example.com,JL MERDEKA NO 20,2005,[np.int64(294)],1,C000295,1.0,Auto Match
CRM,CR_0002451,Lina Hidayat,1998-06-08,8768500629,customer001340@example.com,Jl. Merdeka No. 82,Surabaya,LINA HIDAYAT,8768500629,customer001340@example.com,JL MERDEKA NO 82,1998,[np.int64(1339)],1,C001340,1.0,Auto Match
CRM,CR_0002452,PUTRI PRATAMA,1996-05-11,8300732514,customer001050@example.com,JALAN AHMAD YANI NO. 156,Tangerang,PUTRI PRATAMA,8300732514,customer001050@example.com,JL AHMAD YANI NO 156,1996,[np.int64(1049)],1,C001050,1.0,Auto Match
CRM,CR_0002453,Putri Ramadhan,2013-02-21,628433315833,customer001786@example.com,Jl. Gatot Subroto No. 151,Tangerang,PUTRI RAMADHAN,08433315833,customer001786@example.com,JL GATOT SUBROTO NO 151,2013,[np.int64(1785)],1,C001786,0.9880952380952381,Auto Match
CRM,CR_0002454,Vina Hidayat,2000-01-31,62845283821,customer001327@example.com,Jalan Diponegoro No. 171,Jakarta,VINA HIDAYAT,0845283821,customer001327@example.com,JL DIPONEGORO NO 171,2000,[np.int64(1326)],1,C001327,0.9750000000000001,Auto Match
CRM,CR_0002455,Dewi Saputra,2010-03-08,628487185491,customer001582@example.com,Jl. Ahmad Yani No. 7,Medan,DEWI SAPUTRA,08487185491,customer001582@example.com,JL AHMAD YANI NO 7,2010,[np.int64(1581)],1,C001582,0.9880952380952381,Auto Match
CRM,CR_0002456,VINA PERMATA,2002-05-06,8486170594,customer001290@example.com,Jalan Sudirman No. 48,Makassar,VINA PERMATA,8486170594,customer001290@example.com,JL SUDIRMAN NO 48,2002,[np.int64(1289)],1,C001290,1.0,Auto Match
CRM,CR_0002457,MAYA SETIAWAN,1996-02-23,8390087745,customer001459@example.com,Jl. Merdeka No. 141,Semarang,MAYA SETIAWAN,8390087745,customer001459@example.com,JL MERDEKA NO 141,1996,[np.int64(1458)],1,C001459,1.0,Auto Match
CRM,CR_0002458,Tono Santoso,2004-08-03,887466002,customer001444@examplecom,Jl. Merdeka No. 87,Bogor,TONO SANTOSO,887466002,customer001444@examplecom,JL MERDEKA NO 87,2004,[np.int64(1443)],1,C001444,0.9809597523219814,Auto Match
CRM,CR_0002459,LinaSiregar,2007-10-04,628773246810,customer001324@example.com,Jalan Merdeka No. 175,Jakarta,LINASIREGAR,08773246810,customer001324@example.com,JL MERDEKA NO 175,2007,[np.int64(1323)],1,C001324,0.9772256728778469,Auto Match
CRM,CR_0002460,V1N4 H1D4Y4T,2002-05-13,860786658,customer001295@examplecom,Jl. Diponegoro No. 119,Medan,V1N4 H1D4Y4T,860786658,customer001295@examplecom,JL DIPONEGORO NO 119,2002,[],0,C001295,0.8767930856553148,Auto Match
CRM,CR_0002461,Karin Pratama,2009-01-11,8707810022,customer000115@example.com,Jalan Diponegoro No. 168,Surabaya,KARIN PRATAMA,8707810022,customer000115@example.com,JL DIPONEGORO NO 168,2009,[np.int64(114)],1,C000115,1.0,Auto Match
CRM,CR_0002462,Gita Permata,1994-12-20,8199153040,customer001155@examplecom,Jl. Sudirman No. 97,Medan,GITA PERMATA,8199153040,customer001155@examplecom,JL SUDIRMAN NO 97,1994,[np.int64(1154)],1,C001155,0.9941176470588236,Auto Match
CRM,CR_0002463,Vina Saputra,1991-01-11,8712959423,customer000691@examplecom,JL. SUDIRMAN NO. 19,Makassar,VINA SAPUTRA,8712959423,customer000691@examplecom,JL SUDIRMAN NO 19,1991,[np.int64(690)],1,C000691,0.9941176470588236,Auto Match
CRM,CR_0002464,Gita Lestari,2001-08-19,8783948633,customer000824@example.com,Jl. Gatot Subroto No. 74,Medan,GITA LESTARI,8783948633,customer000824@example.com,JL GATOT SUBROTO NO 74,2001,[np.int64(823)],1,C000824,1.0,Auto Match
CRM,CR_0002465,Eko Permata,2013-10-16,810057807,customer001333@example.com,Jalan Ahmad Yani No. 150,Jakarta,EKO PERMATA,810057807,customer001333@example.com,JL AHMAD YANI NO 150,2013,[np.int64(1332)],1,C001333,0.986842105263158,Auto Match
CRM,CR_0002466,BUDI PRATAMA,1992-02-21,8934249931,customer000444@example.com,Jalan Sudirman No. 100,Tangerang,BUDI PRATAMA,8934249931,customer000444@example.com,JL SUDIRMAN NO 100,1992,[np.int64(443)],1,C000444,1.0,Auto Match
CRM,CR_0002467,F4J4R NUGROHO,2009-09-18,628535121785,customer000959@example.com,Jl. Merdeka No. 70,Bekasi,F4J4R NUGROHO,08535121785,customer000959@example.com,JL MERDEKA NO 70,2009,[np.int64(958)],1,C000959,0.9496336996336997,Auto Match
CRM,CR_0002468,RINA HIDAYAT,2000-06-27,8382739398,customer000547@example.com,Jl. Diponegoro No. 65,Jakarta,RINA HIDAYAT,8382739398,customer000547@example.com,JL DIPONEGORO NO 65,2000,[np.int64(546)],1,C000547,1.0,Auto Match
CRM,CR_0002469,Lina Nugroho,2007-01-17,8450141986,customer000581@example.com,Jl. Ahmad Yani No. 142,Bandung,LINA NUGROHO,8450141986,customer000581@example.com,JL AHMAD YANI NO 142,2007,[np.int64(580)],1,C000581,1.0,Auto Match
CRM,CR_0002470,Oscar Nugroho,1998-05-08,8692961532,customer001177@example.com,Jl. Sudirman No. 87,Medan,OSCAR NUGROHO,8692961532,customer001177@example.com,JL SUDIRMAN NO 87,1998,[np.int64(1176)],1,C001177,1.0,Auto Match
CRM,CR_0002471,Lina Permata,1993-05-15,8463294723,customer000328@example.com,Jl. Ahmad Yani No. 10,Semarang,LINA PERMATA,8463294723,customer000328@example.com,JL AHMAD YANI NO 10,1993,[np.int64(327)],1,C000328,1.0,Auto Match
CRM,CR_0002472,Oscar Pratama,1993-09-16,8350559709,customer001576@example.com,Jl. Gatot Subroto No. 59,Surabaya,OSCAR PRATAMA,8350559709,customer001576@example.com,JL GATOT SUBROTO NO 59,1993,[np.int64(1575)],1,C001576,1.0,Auto Match
CRM,CR_0002473,Vina Permata,1992-01-23,8881415214,customer001366@example.com,JL. SUDIRMAN NO. 65,Depok,VINA PERMATA,8881415214,customer001366@example.com,JL SUDIRMAN NO 65,1992,[np.int64(1365)],1,C001366,1.0,Auto Match
CRM,CR_0002474,VINA RAMADHAN,2014-08-13,62815828071,customer000780@example.com,Jl. Merdeka No. 74,Depok,VINA RAMADHAN,0815828071,customer000780@example.com,JL MERDEKA NO 74,2014,[np.int64(779)],1,C000780,0.9750000000000001,Auto Match
CRM,CR_0002475,DEWIWIJAYA,2016-02-29,853466182,customer001052@example.com,Jalan Diponegoro No. 20,Bekasi,DEWIWIJAYA,853466182,customer001052@example.com,JL DIPONEGORO NO 20,2016,[np.int64(1051)],1,C001052,0.974937343358396,Auto Match
CRM,CR_0002476,Rina Saputra,2014-06-02,8238873346,customer000830@examplecom,Jl. Merdeka No. 21,Bogor,RINA SAPUTRA,8238873346,customer000830@examplecom,JL MERDEKA NO 21,2014,[np.int64(829)],1,C000830,0.9941176470588236,Auto Match
CRM,CR_0002477,Lina Lestari,2004-11-12,844053460,customer001377@examplecom,Jl. Merdeka No. 84,Bekasi,LINA LESTARI,844053460,customer001377@examplecom,JL MERDEKA NO 84,2004,[np.int64(1376)],1,C001377,0.9809597523219814,Auto Match
CRM,CR_0002478,ANDI SIREGAR,1999-01-01,628308872414,customer001186@examplecom,Jl. Sudirman No. 69,Makassar,ANDI SIREGAR,08308872414,customer001186@examplecom,JL SUDIRMAN NO 69,1999,[np.int64(1185)],1,C001186,0.9822128851540616,Auto Match
CRM,CR_0002479,K4R1N S1REG4R,2012-04-21,8479604353,customer001411@example.com,Jl. Diponegoro No. 149,Bekasi,K4R1N S1REG4R,8479604353,customer001411@example.com,JL DIPONEGORO NO 149,2012,[np.int64(1410)],1,C001411,0.9230769230769232,Auto Match
CRM,CR_0002480,EKO LESTARI,2010-04-01,628236312543,customer000698@example.com,Jl. Diponegoro No. 179,Depok,EKO LESTARI,08236312543,customer000698@example.com,JL DIPONEGORO NO 179,2010,[np.int64(697)],1,C000698,0.9880952380952381,Auto Match
CRM,CR_0002481,NANDA SAPUTRA,1991-12-15,628972703238,customer001611@example.com,JL. GATOT SUBROTO NO. 43,Bandung,NANDA SAPUTRA,08972703238,customer001611@example.com,JL GATOT SUBROTO NO 43,1991,[np.int64(1610)],1,C001611,0.9880952380952381,Auto Match
CRM,CR_0002482,LINA HIDAYAT,1996-08-03,8614364220,customer001630@example.com,Jl. Sudirman No. 100,Semarang,LINA HIDAYAT,8614364220,customer001630@example.com,JL SUDIRMAN NO 100,1996,[np.int64(1629)],1,C001630,1.0,Auto Match
CRM,CR_0002483,EKO R4M4DH4N,1990-07-18,832023235,customer001352@example.com,Jl. Sudirman No. 186,Makassar,EKO R4M4DH4N,832023235,customer001352@example.com,JL SUDIRMAN NO 186,1990,[np.int64(1351)],1,C001352,0.924342105263158,Auto Match
CRM,CR_0002484,Iwan Nugroho,1992-11-13,628368163219,customer001631@examplecom,Jalan Gatot Subroto No. 179,Depok,IWAN NUGROHO,08368163219,customer001631@examplecom,JL GATOT SUBROTO NO 179,1992,[np.int64(1630)],1,C001631,0.9822128851540616,Auto Match
CRM,CR_0002485,Citra Setiawan,2011-10-27,8224837248,customer001135@examplecom,Jl. Gatot Subroto No. 174,Tangerang,CITRA SETIAWAN,8224837248,customer001135@examplecom,JL GATOT SUBROTO NO 174,2011,[np.int64(1134)],1,C001135,0.9941176470588236,Auto Match
CRM,CR_0002486,NANDA NUGROHO,1998-07-19,8285991517,customer000592@example.com,Jalan Sudirman No. 176,Bandung,NANDA NUGROHO,8285991517,customer000592@example.com,JL SUDIRMAN NO 176,1998,[np.int64(591)],1,C000592,1.0,Auto Match
CRM,CR_0002487,FajarRamadhan,2006-01-29,62865497503,customer001021@examplecom,JALAN AHMAD YANI NO. 113,Tangerang,FAJARRAMADHAN,0865497503,customer001021@examplecom,JL AHMAD YANI NO 113,2006,[],0,C001021,0.9598583877995642,Auto Match
CRM,CR_0002488,HanaSetiawan,2004-02-09,628552860673,customer000032@example.com,Jl. Diponegoro No. 168,Surabaya,HANASETIAWAN,08552860673,customer000032@example.com,JL DIPONEGORO NO 168,2004,[np.int64(31)],1,C000032,0.9780952380952381,Auto Match
CRM,CR_0002489,Budi Siregar,1990-04-01,8433084149,customer000992@examplecom,Jl. Ahmad Yani No. 52,Bandung,BUDI SIREGAR,8433084149,customer000992@examplecom,JL AHMAD YANI NO 52,1990,[np.int64(991)],1,C000992,0.9941176470588236,Auto Match
CRM,CR_0002490,Dewi Nugroho,1997-06-02,628440166192,customer000558@example.com,Jl. Merdeka No. 191,Medan,DEWI NUGROHO,08440166192,customer000558@example.com,JL MERDEKA NO 191,1997,[np.int64(557)],1,C000558,0.9880952380952381,Auto Match
CRM,CR_0002491,Karin Siregar,2014-02-09,8324028628,customer001711@example.com,Jl. Ahmad Yani No. 100,Makassar,KARIN SIREGAR,8324028628,customer001711@example.com,JL AHMAD YANI NO 100,2014,[np.int64(1710)],1,C001711,1.0,Auto Match
CRM,CR_0002492,Joko Lestari,1993-11-25,8882511409,customer001496@examplecom,Jl. Sudirman No. 196,Tangerang,JOKO LESTARI,8882511409,customer001496@examplecom,JL SUDIRMAN NO 196,1993,[np.int64(1495)],1,C001496,0.9941176470588236,Auto Match
CRM,CR_0002493,Oscar Pratama,1996-09-11,8528556810,customer000196@example.com,Jalan Merdeka No. 125,Bogor,OSCAR PRATAMA,8528556810,customer000196@example.com,JL MERDEKA NO 125,1996,[np.int64(195)],1,C000196,1.0,Auto Match
CRM,CR_0002494,TONO SETIAWAN,2003-04-27,8204489376,customer001085@example.com,Jl. Ahmad Yani No. 172,Semarang,TONO SETIAWAN,8204489376,customer001085@example.com,JL AHMAD YANI NO 172,2003,[np.int64(1084)],1,C001085,1.0,Auto Match
CRM,CR_0002495,Dewi Hidayat,2013-11-29,877093973,customer000481@example.com,JL. SUDIRMAN NO. 116,Medan,DEWI HIDAYAT,877093973,customer000481@example.com,JL SUDIRMAN NO 116,2013,[np.int64(480)],1,C000481,0.986842105263158,Auto Match
CRM,CR_0002496,AndiKurniawan,2000-04-21,8900061159,customer001596@example.com,Jalan Ahmad Yani No. 104,Depok,ANDIKURNIAWAN,8900061159,customer001596@example.com,JL AHMAD YANI NO 104,2000,[np.int64(1595)],1,C001596,0.9907407407407408,Auto Match
CRM,CR_0002497,GITA WIJAYA,2013-01-16,8167303380,customer001154@example.com,Jl. Ahmad Yani No. 54,Makassar,GITA WIJAYA,8167303380,customer001154@example.com,JL AHMAD YANI NO 54,2013,[np.int64(1153)],1,C001154,1.0,Auto Match
CRM,CR_0002498,FAJAR WIJAYA,1990-04-12,628766400818,customer001151@example.com,Jl. Sudirman No. 106,Medan,FAJAR WIJAYA,08766400818,customer001151@example.com,JL SUDIRMAN NO 106,1990,[np.int64(1150)],1,C001151,0.9880952380952381,Auto Match
CRM,CR_0002499,KarinHidayat,2010-11-24,8525598463,customer000499@example.com,Jl. Gatot Subroto No. 179,Makassar,KARINHIDAYAT,8525598463,customer000499@example.com,JL GATOT SUBROTO NO 179,2010,[np.int64(498)],1,C000499,0.9900000000000001,Auto Match
CRM,CR_0002500,PutriPermata,2014-08-14,8831482268,customer000836@example.com,Jalan Sudirman No. 110,Bogor,PUTRIPERMATA,8831482268,customer000836@example.com,JL SUDIRMAN NO 110,2014,[np.int64(835)],1,C000836,0.9900000000000001,Auto Match
CRM,CR_0002501,Lina Nugroho,2002-11-01,8551088219,customer001504@example.com,Jl. Gatot Subroto No. 36,Jakarta,LINA NUGROHO,8551088219,customer001504@example.com,JL GATOT SUBROTO NO 36,2002,[np.int64(1503)],1,C001504,1.0,Auto Match
CRM,CR_0002502,C1TR4 SET14W4N,1998-01-06,8991795480,customer000810@example.com,Jl. Ahmad Yani No. 37,Depok,C1TR4 SET14W4N,8991795480,customer000810@example.com,JL AHMAD YANI NO 37,1998,[np.int64(809)],1,C000810,0.9107142857142858,Auto Match
CRM,CR_0002503,FAJARKURNIAWAN,2014-06-02,8849129721,customer001695@example.com,Jl. Sudirman No. 182,Bandung,FAJARKURNIAWAN,8849129721,customer001695@example.com,JL SUDIRMAN NO 182,2014,[np.int64(1694)],1,C001695,0.9913793103448277,Auto Match
CRM,CR_0002504,PUTRI LESTARI,2005-04-02,8534867503,customer001274@example.com,Jl. Diponegoro No. 154,Depok,PUTRI LESTARI,8534867503,customer001274@example.com,JL DIPONEGORO NO 154,2005,[np.int64(1273)],1,C001274,1.0,Auto Match
CRM,CR_0002505,LinaWijaya,2011-05-11,628715683984,customer000268@example.com,Jalan Sudirman No. 69,Bogor,LINAWIJAYA,08715683984,customer000268@example.com,JL SUDIRMAN NO 69,2011,[np.int64(267)],1,C000268,0.9761904761904762,Auto Match
CRM,CR_0002506,Vina Nugroho,2003-05-19,62815916225,customer000622@example.com,Jl. Ahmad Yani No. 155,Bandung,VINA NUGROHO,0815916225,customer000622@example.com,JL AHMAD YANI NO 155,2003,[np.int64(621)],1,C000622,0.9750000000000001,Auto Match
CRM,CR_0002507,Andi Wijaya,1996-02-26,628135951818,customer000193@example.com,Jalan Merdeka No. 198,Bogor,ANDI WIJAYA,08135951818,customer000193@example.com,JL MERDEKA NO 198,1996,[np.int64(192)],1,C000193,0.9880952380952381,Auto Match
CRM,CR_0002508,KARIN SAPUTRA,1994-03-24,848702391,customer001671@example.com,Jl. Diponegoro No. 13,Makassar,KARIN SAPUTRA,848702391,customer001671@example.com,JL DIPONEGORO NO 13,1994,[np.int64(1670)],1,C001671,0.986842105263158,Auto Match
CRM,CR_0002509,OSCAR NUGROHO,2001-02-08,812295140,customer001010@examplecom,Jl. Merdeka No. 28,Bogor,OSCAR NUGROHO,812295140,customer001010@examplecom,JL MERDEKA NO 28,2001,[np.int64(1009)],1,C001010,0.9809597523219814,Auto Match
CRM,CR_0002510,PutriHidayat,2008-09-30,8593557961,customer000307@example.com,Jl. Gatot Subroto No. 60,Depok,PUTRIHIDAYAT,8593557961,customer000307@example.com,JL GATOT SUBROTO NO 60,2008,[np.int64(306)],1,C000307,0.9900000000000001,Auto Match
CRM,CR_0002511,Putri Ramadhan,2007-07-21,8552956633,customer001279@examplecom,Jalan Diponegoro No. 195,Bandung,PUTRI RAMADHAN,8552956633,customer001279@examplecom,JL DIPONEGORO NO 195,2007,[np.int64(1278)],1,C001279,0.9941176470588236,Auto Match
CRM,CR_0002512,Vina Hidayat,1992-11-25,8225104570,customer000874@example.com,Jl. Merdeka No. 136,Bogor,VINA HIDAYAT,8225104570,customer000874@example.com,JL MERDEKA NO 136,1992,[np.int64(873)],1,C000874,1.0,Auto Match
CRM,CR_0002513,LINA SIREGAR,1997-06-24,8245682424,customer000299@example.com,Jl. Diponegoro No. 12,Bogor,LINA SIREGAR,8245682424,customer000299@example.com,JL DIPONEGORO NO 12,1997,[np.int64(298)],1,C000299,1.0,Auto Match
CRM,CR_0002514,TONO LESTARI,2001-12-22,8931860782,customer001207@example.com,Jl. Sudirman No. 120,Bekasi,TONO LESTARI,8931860782,customer001207@example.com,JL SUDIRMAN NO 120,2001,[np.int64(1206)],1,C001207,1.0,Auto Match
CRM,CR_0002515,TonoLestari,2002-12-03,8624044864,customer000534@examplecom,Jl. Sudirman No. 156,Tangerang,TONOLESTARI,8624044864,customer000534@examplecom,JL SUDIRMAN NO 156,2002,[np.int64(533)],1,C000534,0.9832480818414323,Auto Match
CRM,CR_0002516,Maya Lestari,1992-12-10,8165905300,customer001559@example.com,Jl. Ahmad Yani No. 54,Makassar,MAYA LESTARI,8165905300,customer001559@example.com,JL AHMAD YANI NO 54,1992,[np.int64(1558)],1,C001559,1.0,Auto Match
CRM,CR_0002517,Dewi Wijaya,2009-05-16,8296150852,customer000469@example.com,JL. MERDEKA NO. 195,Tangerang,DEWI WIJAYA,8296150852,customer000469@example.com,JL MERDEKA NO 195,2009,[np.int64(468)],1,C000469,1.0,Auto Match
CRM,CR_0002518,AndiSetiawan,2013-10-24,8991779258,customer001250@example.com,Jl. Diponegoro No. 103,Surabaya,ANDISETIAWAN,8991779258,customer001250@example.com,JL DIPONEGORO NO 103,2013,[np.int64(1249)],1,C001250,0.9900000000000001,Auto Match
CRM,CR_0002519,Hana Setiawan,2011-02-04,628355241034,customer000405@example.com,Jl. Diponegoro No. 98,Bogor,HANA SETIAWAN,08355241034,customer000405@example.com,JL DIPONEGORO NO 98,2011,[np.int64(404)],1,C000405,0.9880952380952381,Auto Match
CRM,CR_0002520,JokoPermata,1998-08-15,628908425399,customer000900@examplecom,Jalan Merdeka No. 157,Surabaya,JOKOPERMATA,08908425399,customer000900@examplecom,JL MERDEKA NO 157,1998,[],0,C000900,0.9713433199366702,Auto Match
CRM,CR_0002521,TONO PRATAMA,1994-01-05,8724154881,customer000192@example.com,Jl. Gatot Subroto No. 115,Depok,TONO PRATAMA,8724154881,customer000192@example.com,JL GATOT SUBROTO NO 115,1994,[np.int64(191)],1,C000192,1.0,Auto Match
CRM,CR_0002522,Hana Pratama,1996-06-11,8383152069,customer000587@example.com,Jalan Merdeka No. 77,Bandung,HANA PRATAMA,8383152069,customer000587@example.com,JL MERDEKA NO 77,1996,[np.int64(586)],1,C000587,1.0,Auto Match
CRM,CR_0002523,Dewi Kurniawan,2004-04-26,8804554338,customer000597@example.com,Jl. Merdeka No. 85,Bandung,DEWI KURNIAWAN,8804554338,customer000597@example.com,JL MERDEKA NO 85,2004,[np.int64(596)],1,C000597,1.0,Auto Match
CRM,CR_0002524,CITRALESTARI,2007-10-30,8544844145,customer000229@example.com,Jl. Merdeka No. 82,Bekasi,CITRALESTARI,8544844145,customer000229@example.com,JL MERDEKA NO 82,2007,[np.int64(228)],1,C000229,0.9900000000000001,Auto Match
CRM,CR_0002525,LINA PERMATA,2001-07-02,8819466681,customer000066@examplecom,Jl. Gatot Subroto No. 177,Tangerang,LINA PERMATA,8819466681,customer000066@examplecom,JL GATOT SUBROTO NO 177,2001,[np.int64(65)],1,C000066,0.9941176470588236,Auto Match
CRM,CR_0002526,Eko Setiawan,2011-09-13,8253903134,customer001638@example.com,Jl. Merdeka No. 26,Jakarta,EKO SETIAWAN,8253903134,customer001638@example.com,JL MERDEKA NO 26,2011,[np.int64(1637)],1,C001638,1.0,Auto Match
CRM,CR_0002527,1W4N PR4T4M4,2003-06-20,8711505749,customer001605@example.com,Jl. Merdeka No. 55,Bekasi,1W4N PR4T4M4,8711505749,customer001605@example.com,JL MERDEKA NO 55,2003,[np.int64(1604)],1,C001605,0.8958333333333335,Auto Match
CRM,CR_0002528,Gita Siregar,1989-08-27,810089099,customer000298@example.com,Jl. Ahmad Yani No. 87,Medan,GITA SIREGAR,810089099,customer000298@example.com,JL AHMAD YANI NO 87,1989,[np.int64(297)],1,C000298,0.986842105263158,Auto Match
CRM,CR_0002529,BUDI SETIAWAN,2011-06-14,8750074170,customer001706@example.com,Jl. Gatot Subroto No. 52,Semarang,BUDI SETIAWAN,8750074170,customer001706@example.com,JL GATOT SUBROTO NO 52,2011,[np.int64(1705)],1,C001706,1.0,Auto Match
CRM,CR_0002530,HanaPratama,2002-08-29,8740046517,customer000693@example.com,JALAN SUDIRMAN NO. 4,Bandung,HANAPRATAMA,8740046517,customer000693@example.com,JL SUDIRMAN NO 4,2002,[np.int64(692)],1,C000693,0.9891304347826088,Auto Match
CRM,CR_0002531,EKO RAMADHAN,1993-08-21,628526818322,customer000543@examplecom,Jalan Diponegoro No. 9,Bogor,EKO RAMADHAN,08526818322,customer000543@examplecom,JL DIPONEGORO NO 9,1993,[np.int64(542)],1,C000543,0.9822128851540616,Auto Match
CRM,CR_0002532,IWAN PRATAMA,1992-02-01,822057949,customer001179@example.com,JL. SUDIRMAN NO. 16,Semarang,IWAN PRATAMA,822057949,customer001179@example.com,JL SUDIRMAN NO 16,1992,[np.int64(1178)],1,C001179,0.986842105263158,Auto Match
CRM,CR_0002533,Fajar Nugroho,2003-08-11,8522692093,customer001490@example.com,Jalan Gatot Subroto No. 28,Depok,FAJAR NUGROHO,8522692093,customer001490@example.com,JL GATOT SUBROTO NO 28,2003,[np.int64(1489)],1,C001490,1.0,Auto Match
CRM,CR_0002534,F4J4R S4NTOSO,1999-12-02,8346755316,customer000726@example.com,Jalan Merdeka No. 92,Tangerang,F4J4R S4NTOSO,8346755316,customer000726@example.com,JL MERDEKA NO 92,1999,[np.int64(725)],1,C000726,0.9423076923076924,Auto Match
CRM,CR_0002535,Vina Siregar,2009-08-15,8278004382,customer000602@example.com,Jl. Diponegoro No. 155,Surabaya,VINA SIREGAR,8278004382,customer000602@example.com,JL DIPONEGORO NO 155,2009,[np.int64(601)],1,C000602,1.0,Auto Match
CRM,CR_0002536,LINA PERMATA,2007-05-27,864974209,customer001618@example.com,JALAN SUDIRMAN NO. 60,Bogor,LINA PERMATA,864974209,customer001618@example.com,JL SUDIRMAN NO 60,2007,[np.int64(1617)],1,C001618,0.986842105263158,Auto Match
CRM,CR_0002537,Nanda Lestari,2015-09-24,8397870347,customer000308@example.com,JL. DIPONEGORO NO. 5,Tangerang,NANDA LESTARI,8397870347,customer000308@example.com,JL DIPONEGORO NO 5,2015,[np.int64(307)],1,C000308,1.0,Auto Match
CRM,CR_0002538,HanaSantoso,2011-09-28,8302354694,customer000643@example.com,Jl. Merdeka No. 103,Bekasi,HANASANTOSO,8302354694,customer000643@example.com,JL MERDEKA NO 103,2011,[np.int64(642)],1,C000643,0.9891304347826088,Auto Match
CRM,CR_0002539,GITA WIJAYA,2015-08-28,8163210033,customer000764@example.com,Jl. Gatot Subroto No. 137,Jakarta,GITA WIJAYA,8163210033,customer000764@example.com,JL GATOT SUBROTO NO 137,2015,[np.int64(763)],1,C000764,1.0,Auto Match
CRM,CR_0002540,JokoHidayat,2002-01-29,62874682070,customer001006@example.com,Jl. Gatot Subroto No. 190,Bandung,JOKOHIDAYAT,0874682070,customer001006@example.com,JL GATOT SUBROTO NO 190,2002,[np.int64(1005)],1,C001006,0.9641304347826088,Auto Match
CRM,CR_0002541,Lina Kurniawan,2006-02-18,882670263,customer000040@example.com,Jl. Ahmad Yani No. 160,Makassar,LINA KURNIAWAN,882670263,customer000040@example.com,JL AHMAD YANI NO 160,2006,[np.int64(39)],1,C000040,0.986842105263158,Auto Match
CRM,CR_0002542,OSCAR SANTOSO,2014-03-04,8385889698,customer001592@examplecom,Jl. Merdeka No. 98,Depok,OSCAR SANTOSO,8385889698,customer001592@examplecom,JL MERDEKA NO 98,2014,[np.int64(1591)],1,C001592,0.9941176470588236,Auto Match
CRM,CR_0002543,NANDARAMADHAN,2011-07-27,628949363124,customer000774@example.com,Jl. Merdeka No. 95,Jakarta,NANDARAMADHAN,08949363124,customer000774@example.com,JL MERDEKA NO 95,2011,[np.int64(773)],1,C000774,0.9788359788359788,Auto Match
CRM,CR_0002544,Putri Pratama,2014-02-21,8376096674,customer001450@example.com,Jl. Merdeka No. 19,Semarang,PUTRI PRATAMA,8376096674,customer001450@example.com,JL MERDEKA NO 19,2014,[np.int64(1449)],1,C001450,1.0,Auto Match
CRM,CR_0002545,ANDI SAPUTRA,1990-07-12,628130483393,customer000747@example.com,Jl. Diponegoro No. 10,Medan,ANDI SAPUTRA,08130483393,customer000747@example.com,JL DIPONEGORO NO 10,1990,[np.int64(746)],1,C000747,0.9880952380952381,Auto Match
CRM,CR_0002546,Budi Kurniawan,2006-03-28,8122301019,customer000004@example.com,Jl. Gatot Subroto No. 84,Makassar,BUDI KURNIAWAN,8122301019,customer000004@example.com,JL GATOT SUBROTO NO 84,2006,[np.int64(3)],1,C000004,1.0,Auto Match
CRM,CR_0002547,VinaRamadhan,2000-01-07,628549327394,customer001195@example.com,Jl. Gatot Subroto No. 183,Tangerang,VINARAMADHAN,08549327394,customer001195@example.com,JL GATOT SUBROTO NO 183,2000,[np.int64(1194)],1,C001195,0.9780952380952381,Auto Match
CRM,CR_0002548,DewiNugroho,1997-02-13,8427414744,customer001125@example.com,Jalan Gatot Subroto No. 29,Bandung,DEWINUGROHO,8427414744,customer001125@example.com,JL GATOT SUBROTO NO 29,1997,[np.int64(1124)],1,C001125,0.9891304347826088,Auto Match
CRM,CR_0002549,Putri Hidayat,1991-08-06,628551801499,customer001594@example.com,Jl. Merdeka No. 118,Semarang,PUTRI HIDAYAT,08551801499,customer001594@example.com,JL MERDEKA NO 118,1991,[np.int64(1593)],1,C001594,0.9880952380952381,Auto Match
CRM,CR_0002550,FAJAR SANTOSO,2005-08-26,8168895920,customer001156@examplecom,Jl. Ahmad Yani No. 129,Makassar,FAJAR SANTOSO,8168895920,customer001156@examplecom,JL AHMAD YANI NO 129,2005,[np.int64(1155)],1,C001156,0.9941176470588236,Auto Match
CRM,CR_0002551,K4R1NH1D4Y4T,2002-12-19,628575493895,customer000526@example.com,Jl. Merdeka No. 41,Depok,K4R1NH1D4Y4T,08575493895,customer000526@example.com,JL MERDEKA NO 41,2002,[np.int64(525)],1,C000526,0.8780952380952382,Auto Match
CRM,CR_0002552,HanaWijaya,1993-07-04,628968627904,customer001551@examplecom,Jl. Sudirman No. 117,Surabaya,HANAWIJAYA,08968627904,customer001551@examplecom,JL SUDIRMAN NO 117,1993,[],0,C001551,0.9703081232492997,Auto Match
CRM,CR_0002553,FAJARSIREGAR,2002-09-10,889738052,customer000242@example.com,Jl. Sudirman No. 196,Semarang,FAJARSIREGAR,889738052,customer000242@example.com,JL SUDIRMAN NO 196,2002,[np.int64(241)],1,C000242,0.976842105263158,Auto Match
CRM,CR_0002554,EKO LESTARI,1995-05-17,8967930306,customer000773@example.com,Jl. Ahmad Yani No. 47,Surabaya,EKO LESTARI,8967930306,customer000773@example.com,JL AHMAD YANI NO 47,1995,[np.int64(772)],1,C000773,1.0,Auto Match
CRM,CR_0002555,BUDI SIREGAR,1998-10-11,62875489693,customer001641@example.com,Jl. Sudirman No. 196,Bekasi,BUDI SIREGAR,0875489693,customer001641@example.com,JL SUDIRMAN NO 196,1998,[np.int64(1640)],1,C001641,0.9750000000000001,Auto Match
CRM,CR_0002556,Iwan Ramadhan,1997-06-22,8705689047,customer000577@example.com,Jl. Ahmad Yani No. 171,Tangerang,IWAN RAMADHAN,8705689047,customer000577@example.com,JL AHMAD YANI NO 171,1997,[np.int64(576)],1,C000577,1.0,Auto Match
CRM,CR_0002557,Eko Saputra,1996-06-09,628600596606,customer000909@examplecom,JL. DIPONEGORO NO. 84,Jakarta,EKO SAPUTRA,08600596606,customer000909@examplecom,JL DIPONEGORO NO 84,1996,[np.int64(908)],1,C000909,0.9822128851540616,Auto Match
CRM,CR_0002558,DEWI NUGROHO,2003-08-02,62823953283,customer001467@example.com,JL. AHMAD YANI NO. 9,Bogor,DEWI NUGROHO,0823953283,customer001467@example.com,JL AHMAD YANI NO 9,2003,[np.int64(1466)],1,C001467,0.9750000000000001,Auto Match
CRM,CR_0002559,C1TR4S1REG4R,2006-01-03,8319656500,customer001675@example.com,Jalan Merdeka No. 191,Medan,C1TR4S1REG4R,8319656500,customer001675@example.com,JL MERDEKA NO 191,2006,[np.int64(1674)],1,C001675,0.9100000000000001,Auto Match
CRM,CR_0002560,Andi Kurniawan,1996-12-21,628922850748,customer000394@example.com,JL. GATOT SUBROTO NO. 51,Depok,ANDI KURNIAWAN,08922850748,customer000394@example.com,JL GATOT SUBROTO NO 51,1996,[np.int64(393)],1,C000394,0.9880952380952381,Auto Match
CRM,CR_0002561,Fajar Nugroho,2011-03-24,628754540513,customer001210@example.com,JL. GATOT SUBROTO NO. 51,Depok,FAJAR NUGROHO,08754540513,customer001210@example.com,JL GATOT SUBROTO NO 51,2011,[np.int64(1209)],1,C001210,0.9880952380952381,Auto Match
CRM,CR_0002562,OSCAR LESTARI,2003-07-31,628798685588,customer000770@example.com,Jl. Ahmad Yani No. 92,Bogor,OSCAR LESTARI,08798685588,customer000770@example.com,JL AHMAD YANI NO 92,2003,[np.int64(769)],1,C000770,0.9880952380952381,Auto Match
CRM,CR_0002563,Putri Saputra,2009-08-06,628986146637,customer001215@example.com,JL. SUDIRMAN NO. 132,Tangerang,PUTRI SAPUTRA,08986146637,customer001215@example.com,JL SUDIRMAN NO 132,2009,[np.int64(1214)],1,C001215,0.9880952380952381,Auto Match
CRM,CR_0002564,KarinKurniawan,1995-05-13,8638001405,customer000609@example.com,Jl. Merdeka No. 164,Bogor,KARINKURNIAWAN,8638001405,customer000609@example.com,JL MERDEKA NO 164,1995,[np.int64(608)],1,C000609,0.9913793103448277,Auto Match
CRM,CR_0002565,MAYA PERMATA,1993-08-11,8115156873,customer000285@example.com,Jl. Diponegoro No. 42,Jakarta,MAYA PERMATA,8115156873,customer000285@example.com,JL DIPONEGORO NO 42,1993,[np.int64(284)],1,C000285,1.0,Auto Match
CRM,CR_0002566,Hana Ramadhan,1993-05-10,872858569,customer000101@examplecom,Jl. Diponegoro No. 72,Semarang,HANA RAMADHAN,872858569,customer000101@examplecom,JL DIPONEGORO NO 72,1993,[np.int64(100)],1,C000101,0.9809597523219814,Auto Match
CRM,CR_0002567,Lina Wijaya,2010-06-06,628981991788,customer000266@examplecom,Jalan Diponegoro No. 105,Semarang,LINA WIJAYA,08981991788,customer000266@examplecom,JL DIPONEGORO NO 105,2010,[np.int64(265)],1,C000266,0.9822128851540616,Auto Match
CRM,CR_0002568,Fajar Santoso,2013-12-22,8620548195,customer000150@example.com,JL. MERDEKA NO. 19,Semarang,FAJAR SANTOSO,8620548195,customer000150@example.com,JL MERDEKA NO 19,2013,[np.int64(149)],1,C000150,1.0,Auto Match
CRM,CR_0002569,Gita Santoso,2016-03-09,8393546377,customer000535@example.com,Jalan Gatot Subroto No. 56,Bogor,GITA SANTOSO,8393546377,customer000535@example.com,JL GATOT SUBROTO NO 56,2016,[np.int64(534)],1,C000535,1.0,Auto Match
CRM,CR_0002570,TONO SETIAWAN,2003-05-22,8715095307,customer000711@example.com,Jl. Diponegoro No. 199,Surabaya,TONO SETIAWAN,8715095307,customer000711@example.com,JL DIPONEGORO NO 199,2003,[np.int64(710)],1,C000711,1.0,Auto Match
CRM,CR_0002571,Citra Santoso,2001-10-31,628188484931,customer000723@example.com,Jl. Diponegoro No. 154,Depok,CITRA SANTOSO,08188484931,customer000723@example.com,JL DIPONEGORO NO 154,2001,[np.int64(722)],1,C000723,0.9880952380952381,Auto Match
CRM,CR_0002572,Vina Santoso,2005-10-05,8993397245,customer001314@example.com,JALAN SUDIRMAN NO. 90,Depok,VINA SANTOSO,8993397245,customer001314@example.com,JL SUDIRMAN NO 90,2005,[np.int64(1313)],1,C001314,1.0,Auto Match
CRM,CR_0002573,OSCARRAMADHAN,1994-01-17,8601240348,customer000279@example.com,Jl. Gatot Subroto No. 24,Jakarta,OSCARRAMADHAN,8601240348,customer000279@example.com,JL GATOT SUBROTO NO 24,1994,[np.int64(278)],1,C000279,0.9907407407407408,Auto Match
CRM,CR_0002574,DewiSantoso,1990-08-03,628163444841,customer000741@example.com,Jalan Sudirman No. 146,Depok,DEWISANTOSO,08163444841,customer000741@example.com,JL SUDIRMAN NO 146,1990,[np.int64(740)],1,C000741,0.9772256728778469,Auto Match
CRM,CR_0002575,V1N4W1J4Y4,1989-09-02,628782232589,customer000258@example.com,JL. SUDIRMAN NO. 164,Tangerang,V1N4W1J4Y4,08782232589,customer000258@example.com,JL SUDIRMAN NO 164,1989,[np.int64(257)],1,C000258,0.8571428571428572,Auto Match
CRM,CR_0002576,Citra Wijaya,1993-05-22,8793730489,customer000086@example.com,Jl. Gatot Subroto No. 111,Makassar,CITRA WIJAYA,8793730489,customer000086@example.com,JL GATOT SUBROTO NO 111,1993,[np.int64(85)],1,C000086,1.0,Auto Match
CRM,CR_0002577,Putri Wijaya,2009-01-13,8804055530,customer001252@examplecom,Jl. Merdeka No. 170,Bekasi,PUTRI WIJAYA,8804055530,customer001252@examplecom,JL MERDEKA NO 170,2009,[np.int64(1251)],1,C001252,0.9941176470588236,Auto Match
CRM,CR_0002578,Iwan Siregar,1995-01-24,8804485212,customer000083@example.com,Jalan Merdeka No. 177,Medan,IWAN SIREGAR,8804485212,customer000083@example.com,JL MERDEKA NO 177,1995,[np.int64(82)],1,C000083,1.0,Auto Match
CRM,CR_0002579,CITRA LESTARI,2006-08-27,628369581371,customer000121@example.com,Jl. Merdeka No. 86,Makassar,CITRA LESTARI,08369581371,customer000121@example.com,JL MERDEKA NO 86,2006,[np.int64(120)],1,C000121,0.9880952380952381,Auto Match
CRM,CR_0002580,N4ND4 W1J4Y4,1992-09-10,861365754,customer000545@example.com,JL. MERDEKA NO. 163,Bekasi,N4ND4 W1J4Y4,861365754,customer000545@example.com,JL MERDEKA NO 163,1992,[np.int64(544)],1,C000545,0.8826754385964913,Auto Match
CRM,CR_0002581,Putri Permata,1996-04-20,8151923404,customer000809@example.com,Jl. Gatot Subroto No. 15,Semarang,PUTRI PERMATA,8151923404,customer000809@example.com,JL GATOT SUBROTO NO 15,1996,[np.int64(808)],1,C000809,1.0,Auto Match
CRM,CR_0002582,Citra Kurniawan,1989-11-07,8303200592,customer001514@example.com,Jl. Gatot Subroto No. 79,Surabaya,CITRA KURNIAWAN,8303200592,customer001514@example.com,JL GATOT SUBROTO NO 79,1989,[np.int64(1513)],1,C001514,1.0,Auto Match
CRM,CR_0002583,Vina Wijaya,2000-06-14,8817765482,customer000098@example.com,JL. MERDEKA NO. 31,Jakarta,VINA WIJAYA,8817765482,customer000098@example.com,JL MERDEKA NO 31,2000,[np.int64(97)],1,C000098,1.0,Auto Match
CRM,CR_0002584,OSCARKURNIAWAN,1991-05-16,628301525812,customer000159@examplecom,Jl. Ahmad Yani No. 81,Bandung,OSCARKURNIAWAN,08301525812,customer000159@examplecom,JL AHMAD YANI NO 81,1991,[],0,C000159,0.9735921954988892,Auto Match
CRM,CR_0002585,JOKO SANTOSO,1997-06-21,8228314153,customer000775@example.com,Jalan Ahmad Yani No. 69,Tangerang,JOKO SANTOSO,8228314153,customer000775@example.com,JL AHMAD YANI NO 69,1997,[np.int64(774)],1,C000775,1.0,Auto Match
CRM,CR_0002586,Tono Permata,1993-09-30,628131572597,customer000090@example.com,Jl. Ahmad Yani No. 134,Bogor,TONO PERMATA,08131572597,customer000090@example.com,JL AHMAD YANI NO 134,1993,[np.int64(89)],1,C000090,0.9880952380952381,Auto Match
CRM,CR_0002587,Karin Nugroho,2003-02-14,8771300755,customer001480@example.com,Jl. Diponegoro No. 104,Depok,KARIN NUGROHO,8771300755,customer001480@example.com,JL DIPONEGORO NO 104,2003,[np.int64(1479)],1,C001480,1.0,Auto Match
CRM,CR_0002588,JOKO NUGROHO,2015-09-19,826752487,customer000760@example.com,Jalan Merdeka No. 20,Semarang,JOKO NUGROHO,826752487,customer000760@example.com,JL MERDEKA NO 20,2015,[np.int64(759)],1,C000760,0.986842105263158,Auto Match
CRM,CR_0002589,Hana Hidayat,2012-01-16,860780839,customer001096@examplecom,JALAN DIPONEGORO NO. 59,Bogor,HANA HIDAYAT,860780839,customer001096@examplecom,JL DIPONEGORO NO 59,2012,[np.int64(1095)],1,C001096,0.9809597523219814,Auto Match
CRM,CR_0002590,Karin Siregar,1990-05-24,8810033482,customer001176@example.com,Jl. Sudirman No. 187,Tangerang,KARIN SIREGAR,8810033482,customer001176@example.com,JL SUDIRMAN NO 187,1990,[np.int64(1175)],1,C001176,1.0,Auto Match
CRM,CR_0002591,OSCARSIREGAR,1996-04-16,8367571831,customer000787@example.com,Jl. Ahmad Yani No. 196,Makassar,OSCARSIREGAR,8367571831,customer000787@example.com,JL AHMAD YANI NO 196,1996,[np.int64(786)],1,C000787,0.9900000000000001,Auto Match
CRM,CR_0002592,Budi Pratama,2012-06-13,8749231988,customer000727@example.com,JL. SUDIRMAN NO. 159,Bandung,BUDI PRATAMA,8749231988,customer000727@example.com,JL SUDIRMAN NO 159,2012,[np.int64(726)],1,C000727,1.0,Auto Match
CRM,CR_0002593,Joko Wijaya,2003-12-19,8565200810,customer000037@examplecom,Jl. Sudirman No. 198,Medan,JOKO WIJAYA,8565200810,customer000037@examplecom,JL SUDIRMAN NO 198,2003,[np.int64(36)],1,C000037,0.9941176470588236,Auto Match
CRM,CR_0002594,GITA WIJAYA,1993-02-27,8643768741,customer001434@example.com,Jl. Gatot Subroto No. 152,Semarang,GITA WIJAYA,8643768741,customer001434@example.com,JL GATOT SUBROTO NO 152,1993,[np.int64(1433)],1,C001434,1.0,Auto Match
CRM,CR_0002595,EkoSantoso,2011-02-22,8238175464,customer001376@example.com,Jl. Merdeka No. 71,Bandung,EKOSANTOSO,8238175464,customer001376@example.com,JL MERDEKA NO 71,2011,[np.int64(1375)],1,C001376,0.9880952380952382,Auto Match
CRM,CR_0002596,JokoSantoso,2007-06-30,8456302669,customer000759@example.com,Jalan Gatot Subroto No. 140,Depok,JOKOSANTOSO,8456302669,customer000759@example.com,JL GATOT SUBROTO NO 140,2007,[np.int64(758)],1,C000759,0.9891304347826088,Auto Match
CRM,CR_0002597,TonoSiregar,2004-07-08,898960267,customer000160@example.com,Jl. Diponegoro No. 159,Tangerang,TONOSIREGAR,898960267,customer000160@example.com,JL DIPONEGORO NO 159,2004,[np.int64(159)],1,C000160,0.9759725400457667,Auto Match
CRM,CR_0002598,Oscar Permata,2005-06-30,841754022,customer001202@example.com,Jl. Gatot Subroto No. 153,Jakarta,OSCAR PERMATA,841754022,customer001202@example.com,JL GATOT SUBROTO NO 153,2005,[np.int64(1201)],1,C001202,0.986842105263158,Auto Match
CRM,CR_0002599,Karin Hidayat,1997-07-28,8268909903,customer001067@example.com,JL. SUDIRMAN NO. 118,Surabaya,KARIN HIDAYAT,8268909903,customer001067@example.com,JL SUDIRMAN NO 118,1997,[np.int64(1066)],1,C001067,1.0,Auto Match
CRM,CR_0002600,Citra Setiawan,1994-05-15,628289078411,customer000503@example.com,JL. SUDIRMAN NO. 26,Depok,CITRA SETIAWAN,08289078411,customer000503@example.com,JL SUDIRMAN NO 26,1994,[np.int64(502)],1,C000503,0.9880952380952381,Auto Match
CRM,CR_0002601,EKO PRATAMA,2010-04-29,8389830672,customer001628@example.com,JL. SUDIRMAN NO. 32,Bandung,EKO PRATAMA,8389830672,customer001628@example.com,JL SUDIRMAN NO 32,2010,[np.int64(1627)],1,C001628,1.0,Auto Match
CRM,CR_0002602,Andi Pratama,2007-11-01,628395907037,customer001222@example.com,Jl. Sudirman No. 104,Jakarta,ANDI PRATAMA,08395907037,customer001222@example.com,JL SUDIRMAN NO 104,2007,[np.int64(1221)],1,C001222,0.9880952380952381,Auto Match
CRM,CR_0002603,Putri Permata,2015-10-31,8311205038,customer000537@example.com,Jl. Ahmad Yani No. 89,Surabaya,PUTRI PERMATA,8311205038,customer000537@example.com,JL AHMAD YANI NO 89,2015,[np.int64(536)],1,C000537,1.0,Auto Match
CRM,CR_0002604,EkoSetiawan,2002-07-13,8269282943,customer000873@example.com,Jalan Gatot Subroto No. 90,Jakarta,EKOSETIAWAN,8269282943,customer000873@example.com,JL GATOT SUBROTO NO 90,2002,[np.int64(872)],1,C000873,0.9891304347826088,Auto Match
CRM,CR_0002605,Oscar Pratama,1990-03-01,8721106721,customer000952@example.com,Jl. Sudirman No. 81,Semarang,OSCAR PRATAMA,8721106721,customer000952@example.com,JL SUDIRMAN NO 81,1990,[np.int64(951)],1,C000952,1.0,Auto Match
CRM,CR_0002606,Vina Kurniawan,2001-05-12,8669201610,customer000697@example.com,Jl. Ahmad Yani No. 74,Bekasi,VINA KURNIAWAN,8669201610,customer000697@example.com,JL AHMAD YANI NO 74,2001,[np.int64(696)],1,C000697,1.0,Auto Match
CRM,CR_0002607,MayaSetiawan,1990-02-23,8713235444,customer001345@example.com,JL. DIPONEGORO NO. 159,Surabaya,MAYASETIAWAN,8713235444,customer001345@example.com,JL DIPONEGORO NO 159,1990,[np.int64(1344)],1,C001345,0.9900000000000001,Auto Match
CRM,CR_0002608,Joko Lestari,1989-11-17,8824091404,customer001562@example.com,Jl. Sudirman No. 139,Makassar,JOKO LESTARI,8824091404,customer001562@example.com,JL SUDIRMAN NO 139,1989,[np.int64(1561)],1,C001562,1.0,Auto Match
CRM,CR_0002609,Dewi Saputra,2004-02-04,8778359436,customer001550@example.com,Jl. Diponegoro No. 30,Tangerang,DEWI SAPUTRA,8778359436,customer001550@example.com,JL DIPONEGORO NO 30,2004,[np.int64(1549)],1,C001550,1.0,Auto Match
CRM,CR_0002610,OscarSiregar,2014-05-21,893201177,customer001623@example.com,Jl. Sudirman No. 125,Bandung,OSCARSIREGAR,893201177,customer001623@example.com,JL SUDIRMAN NO 125,2014,[np.int64(1622)],1,C001623,0.976842105263158,Auto Match
CRM,CR_0002611,Rina Ramadhan,2004-07-31,628234885530,customer000563@example.com,Jl. Merdeka No. 136,Depok,RINA RAMADHAN,08234885530,customer000563@example.com,JL MERDEKA NO 136,2004,[np.int64(562)],1,C000563,0.9880952380952381,Auto Match
CRM,CR_0002612,Iwan Pratama,1991-10-27,813158168,customer001248@example.com,Jl. Diponegoro No. 86,Medan,IWAN PRATAMA,813158168,customer001248@example.com,JL DIPONEGORO NO 86,1991,[np.int64(1247)],1,C001248,0.986842105263158,Auto Match
CRM,CR_0002613,Oscar Pratama,2004-11-14,826861230,customer001058@example.com,Jl. Merdeka No. 81,Jakarta,OSCAR PRATAMA,826861230,customer001058@example.com,JL MERDEKA NO 81,2004,[np.int64(1057)],1,C001058,0.986842105263158,Auto Match
CRM,CR_0002614,IWAN HIDAYAT,2014-09-16,8574927523,customer000134@example.com,Jl. Gatot Subroto No. 57,Tangerang,IWAN HIDAYAT,8574927523,customer000134@example.com,JL GATOT SUBROTO NO 57,2014,[np.int64(133)],1,C000134,1.0,Auto Match
CRM,CR_0002615,Karin Ramadhan,1994-09-13,8216275196,customer000662@example.com,Jl. Merdeka No. 55,Tangerang,KARIN RAMADHAN,8216275196,customer000662@example.com,JL MERDEKA NO 55,1994,[np.int64(661)],1,C000662,1.0,Auto Match
CRM,CR_0002616,DEWI WIJAYA,1996-08-22,831289640,customer001765@example.com,Jl. Diponegoro No. 9,Tangerang,DEWI WIJAYA,831289640,customer001765@example.com,JL DIPONEGORO NO 9,1996,[np.int64(1764)],1,C001765,0.986842105263158,Auto Match
CRM,CR_0002617,Tono Santoso,2002-11-25,8593998829,customer000485@example.com,Jl. Gatot Subroto No. 185,Bekasi,TONO SANTOSO,8593998829,customer000485@example.com,JL GATOT SUBROTO NO 185,2002,[np.int64(484)],1,C000485,1.0,Auto Match
CRM,CR_0002618,Fajar Santoso,1994-09-30,8528254808,customer000136@example.com,Jl. Sudirman No. 36,Bekasi,FAJAR SANTOSO,8528254808,customer000136@example.com,JL SUDIRMAN NO 36,1994,[np.int64(135)],1,C000136,1.0,Auto Match
CRM,CR_0002619,Oscar Wijaya,2013-09-25,843454013,customer000231@example.com,JALAN AHMAD YANI NO. 57,Tangerang,OSCAR WIJAYA,843454013,customer000231@example.com,JL AHMAD YANI NO 57,2013,[np.int64(230)],1,C000231,0.986842105263158,Auto Match
CRM,CR_0002620,Budi Hidayat,2004-07-12,849154691,customer001187@example.com,Jl. Merdeka No. 3,Semarang,BUDI HIDAYAT,849154691,customer001187@example.com,JL MERDEKA NO 3,2004,[np.int64(1186)],1,C001187,0.986842105263158,Auto Match
CRM,CR_0002621,EKO LESTARI,1992-01-25,8694002588,customer001718@example.com,Jl. Gatot Subroto No. 62,Bekasi,EKO LESTARI,8694002588,customer001718@example.com,JL GATOT SUBROTO NO 62,1992,[np.int64(1717)],1,C001718,1.0,Auto Match
CRM,CR_0002622,KARIN KURNIAWAN,1998-08-10,8688514886,customer000466@examplecom,Jalan Ahmad Yani No. 84,Depok,KARIN KURNIAWAN,8688514886,customer000466@examplecom,JL AHMAD YANI NO 84,1998,[np.int64(465)],1,C000466,0.9941176470588236,Auto Match
CRM,CR_0002623,Hana Permata,1990-10-03,8938899232,customer001293@example.com,Jl. Sudirman No. 46,Bandung,HANA PERMATA,8938899232,customer001293@example.com,JL SUDIRMAN NO 46,1990,[np.int64(1292)],1,C001293,1.0,Auto Match
CRM,CR_0002624,HANA PERMATA,2006-10-16,628496143682,customer001506@example.com,Jalan Merdeka No. 156,Surabaya,HANA PERMATA,08496143682,customer001506@example.com,JL MERDEKA NO 156,2006,[np.int64(1505)],1,C001506,0.9880952380952381,Auto Match
CRM,CR_0002625,RinaNugroho,2000-09-02,8391444301,customer000962@example.com,Jl. Sudirman No. 4,Tangerang,RINANUGROHO,8391444301,customer000962@example.com,JL SUDIRMAN NO 4,2000,[np.int64(961)],1,C000962,0.9891304347826088,Auto Match
CRM,CR_0002626,HanaPermata,1998-09-19,8931852344,customer000576@example.com,Jl. Gatot Subroto No. 48,Medan,HANAPERMATA,8931852344,customer000576@example.com,JL GATOT SUBROTO NO 48,1998,[np.int64(575)],1,C000576,0.9891304347826088,Auto Match
CRM,CR_0002627,Joko Wijaya,1996-04-02,8458621635,customer000538@example.com,Jl. Gatot Subroto No. 162,Tangerang,JOKO WIJAYA,8458621635,customer000538@example.com,JL GATOT SUBROTO NO 162,1996,[np.int64(537)],1,C000538,1.0,Auto Match
CRM,CR_0002628,Vina Saputra,2001-09-02,8452740710,customer001606@example.com,Jl. Sudirman No. 12,Semarang,VINA SAPUTRA,8452740710,customer001606@example.com,JL SUDIRMAN NO 12,2001,[np.int64(1605)],1,C001606,1.0,Auto Match
CRM,CR_0002629,Fajar Setiawan,1991-03-06,8882182682,customer000631@example.com,Jl. Merdeka No. 99,Jakarta,FAJAR SETIAWAN,8882182682,customer000631@example.com,JL MERDEKA NO 99,1991,[np.int64(630)],1,C000631,1.0,Auto Match
CRM,CR_0002630,Sari Kurniawan,2000-10-29,8134741473,customer000736@examplecom,Jl. Merdeka No. 46,Makassar,SARI KURNIAWAN,8134741473,customer000736@examplecom,JL MERDEKA NO 46,2000,[np.int64(735)],1,C000736,0.9941176470588236,Auto Match
CRM,CR_0002631,Tono Siregar,2011-10-20,8270791323,customer001548@example.com,Jalan Ahmad Yani No. 51,Semarang,TONO SIREGAR,8270791323,customer001548@example.com,JL AHMAD YANI NO 51,2011,[np.int64(1547)],1,C001548,1.0,Auto Match
CRM,CR_0002632,RINA PRATAMA,1998-01-22,62879646478,customer001081@example.com,JALAN SUDIRMAN NO. 161,Jakarta,RINA PRATAMA,0879646478,customer001081@example.com,JL SUDIRMAN NO 161,1998,[np.int64(1080)],1,C001081,0.9750000000000001,Auto Match
CRM,CR_0002633,Tono Siregar,1995-05-07,8913448401,customer001720@examplecom,Jl. Merdeka No. 111,Surabaya,TONO SIREGAR,8913448401,customer001720@examplecom,JL MERDEKA NO 111,1995,[np.int64(1719)],1,C001720,0.9941176470588236,Auto Match
CRM,CR_0002634,Gita Wijaya,1993-12-09,62882729732,customer000161@example.com,Jl. Merdeka No. 72,Tangerang,GITA WIJAYA,0882729732,customer000161@example.com,JL MERDEKA NO 72,1993,[np.int64(160)],1,C000161,0.9750000000000001,Auto Match
CRM,CR_0002635,DEWI SAPUTRA,1992-01-07,8646911702,customer000820@examplecom,Jalan Sudirman No. 3,Bogor,DEWI SAPUTRA,8646911702,customer000820@examplecom,JL SUDIRMAN NO 3,1992,[np.int64(819)],1,C000820,0.9941176470588236,Auto Match
CRM,CR_0002636,Vina Siregar,1992-12-28,840274297,customer000426@example.com,Jalan Ahmad Yani No. 183,Semarang,VINA SIREGAR,840274297,customer000426@example.com,JL AHMAD YANI NO 183,1992,[np.int64(425)],1,C000426,0.986842105263158,Auto Match
CRM,CR_0002637,Vina Lestari,1994-08-20,628435256715,customer000559@example.com,Jl. Merdeka No. 159,Makassar,VINA LESTARI,08435256715,customer000559@example.com,JL MERDEKA NO 159,1994,[np.int64(558)],1,C000559,0.9880952380952381,Auto Match
CRM,CR_0002638,Hana Santoso,2015-06-04,628143850183,customer001382@example.com,Jl. Gatot Subroto No. 97,Bekasi,HANA SANTOSO,08143850183,customer001382@example.com,JL GATOT SUBROTO NO 97,2015,[np.int64(1381)],1,C001382,0.9880952380952381,Auto Match
CRM,CR_0002639,JokoRamadhan,2013-12-25,8342909409,customer000607@example.com,Jl. Gatot Subroto No. 100,Tangerang,JOKORAMADHAN,8342909409,customer000607@example.com,JL GATOT SUBROTO NO 100,2013,[np.int64(606)],1,C000607,0.9900000000000001,Auto Match
CRM,CR_0002640,GitaSetiawan,1994-01-21,8281943492,customer000224@example.com,Jl. Gatot Subroto No. 83,Jakarta,GITASETIAWAN,8281943492,customer000224@example.com,JL GATOT SUBROTO NO 83,1994,[np.int64(223)],1,C000224,0.9900000000000001,Auto Match
CRM,CR_0002641,Sari Permata,1989-08-11,898131891,customer000504@examplecom,JL. AHMAD YANI NO. 156,Bekasi,SARI PERMATA,898131891,customer000504@examplecom,JL AHMAD YANI NO 156,1989,[np.int64(503)],1,C000504,0.9809597523219814,Auto Match
CRM,CR_0002642,Gita Permata,2000-01-09,628527510247,customer001724@examplecom,JL. MERDEKA NO. 93,Depok,GITA PERMATA,08527510247,customer001724@examplecom,JL MERDEKA NO 93,2000,[np.int64(1723)],1,C001724,0.9822128851540616,Auto Match
CRM,CR_0002643,Rina Ramadhan,2014-08-13,857613545,customer000296@example.com,Jl. Merdeka No. 163,Bogor,RINA RAMADHAN,857613545,customer000296@example.com,JL MERDEKA NO 163,2014,[np.int64(295)],1,C000296,0.986842105263158,Auto Match
CRM,CR_0002644,S4R1 NUGROHO,2005-08-29,827137755,customer000710@examplecom,Jl. Sudirman No. 153,Jakarta,S4R1 NUGROHO,827137755,customer000710@examplecom,JL SUDIRMAN NO 153,2005,[],0,C000710,0.9392930856553148,Auto Match
CRM,CR_0002645,Rina Kurniawan,1993-09-06,8748413236,customer000983@example.com,Jalan Diponegoro No. 96,Bogor,RINA KURNIAWAN,8748413236,customer000983@example.com,JL DIPONEGORO NO 96,1993,[np.int64(982)],1,C000983,1.0,Auto Match
CRM,CR_0002646,Iwan Wijaya,2011-02-22,628569861100,customer000218@example.com,JL. MERDEKA NO. 169,Bogor,IWAN WIJAYA,08569861100,customer000218@example.com,JL MERDEKA NO 169,2011,[np.int64(217)],1,C000218,0.9880952380952381,Auto Match
CRM,CR_0002647,Oscar Saputra,2009-11-12,8628730761,customer000108@example.com,Jalan Gatot Subroto No. 18,Bandung,OSCAR SAPUTRA,8628730761,customer000108@example.com,JL GATOT SUBROTO NO 18,2009,[np.int64(107)],1,C000108,1.0,Auto Match
CRM,CR_0002648,IwanPratama,2007-08-23,628765167165,customer000213@example.com,JL. DIPONEGORO NO. 144,Jakarta,IWANPRATAMA,08765167165,customer000213@example.com,JL DIPONEGORO NO 144,2007,[np.int64(212)],1,C000213,0.9772256728778469,Auto Match
CRM,CR_0002649,Andi Lestari,1998-10-31,811892430,customer000411@example.com,JL. DIPONEGORO NO. 47,Surabaya,ANDI LESTARI,811892430,customer000411@example.com,JL DIPONEGORO NO 47,1998,[np.int64(410)],1,C000411,0.986842105263158,Auto Match
CRM,CR_0002650,Putri Ramadhan,2005-05-31,628971544252,customer001336@example.com,Jl. Merdeka No. 5,Depok,PUTRI RAMADHAN,08971544252,customer001336@example.com,JL MERDEKA NO 5,2005,[np.int64(1335)],1,C001336,0.9880952380952381,Auto Match
CRM,CR_0002651,BUDI SAPUTRA,2015-12-11,8580719053,customer000514@example.com,Jalan Merdeka No. 152,Bogor,BUDI SAPUTRA,8580719053,customer000514@example.com,JL MERDEKA NO 152,2015,[np.int64(513)],1,C000514,1.0,Auto Match
CRM,CR_0002652,Iwan Hidayat,2015-01-19,8385709294,customer000522@example.com,Jl. Diponegoro No. 50,Surabaya,IWAN HIDAYAT,8385709294,customer000522@example.com,JL DIPONEGORO NO 50,2015,[np.int64(521)],1,C000522,1.0,Auto Match
CRM,CR_0002653,Sari Siregar,1998-03-18,8211719671,customer001351@example.com,JL. GATOT SUBROTO NO. 36,Bogor,SARI SIREGAR,8211719671,customer001351@example.com,JL GATOT SUBROTO NO 36,1998,[np.int64(1350)],1,C001351,1.0,Auto Match
CRM,CR_0002654,RINA HIDAYAT,1992-08-18,62810400484,customer000932@example.com,Jl. Ahmad Yani No. 93,Medan,RINA HIDAYAT,0810400484,customer000932@example.com,JL AHMAD YANI NO 93,1992,[np.int64(931)],1,C000932,0.9750000000000001,Auto Match
CRM,CR_0002655,OscarSetiawan,2015-03-31,8653145596,customer000599@example.com,Jalan Merdeka No. 145,Tangerang,OSCARSETIAWAN,8653145596,customer000599@example.com,JL MERDEKA NO 145,2015,[np.int64(598)],1,C000599,0.9907407407407408,Auto Match
CRM,CR_0002656,Tono Siregar,2014-10-27,8319877509,customer001416@example.com,Jalan Gatot Subroto No. 22,Surabaya,TONO SIREGAR,8319877509,customer001416@example.com,JL GATOT SUBROTO NO 22,2014,[np.int64(1415)],1,C001416,1.0,Auto Match
CRM,CR_0002657,BUDI RAMADHAN,2002-01-22,62835948671,customer000817@examplecom,Jl. Gatot Subroto No. 173,Semarang,BUDI RAMADHAN,0835948671,customer000817@examplecom,JL GATOT SUBROTO NO 173,2002,[np.int64(816)],1,C000817,0.9691176470588235,Auto Match
CRM,CR_0002658,PUTR1PR4T4M4,1999-07-06,8685731037,customer000456@example.com,Jl. Merdeka No. 112,Tangerang,PUTR1PR4T4M4,8685731037,customer000456@example.com,JL MERDEKA NO 112,1999,[np.int64(455)],1,C000456,0.9100000000000001,Auto Match
CRM,CR_0002659,Budi Pratama,2002-01-01,831417487,customer000885@example.com,Jalan Merdeka No. 88,Bekasi,BUDI PRATAMA,831417487,customer000885@example.com,JL MERDEKA NO 88,2002,[np.int64(884)],1,C000885,0.986842105263158,Auto Match
CRM,CR_0002660,KarinWijaya,2012-06-14,8406055420,customer001297@example.com,Jl. Sudirman No. 80,Semarang,KARINWIJAYA,8406055420,customer001297@example.com,JL SUDIRMAN NO 80,2012,[np.int64(1296)],1,C001297,0.9891304347826088,Auto Match
CRM,CR_0002661,Citra Lestari,1990-03-26,818779023,customer000594@example.com,Jl. Diponegoro No. 17,Makassar,CITRA LESTARI,818779023,customer000594@example.com,JL DIPONEGORO NO 17,1990,[np.int64(593)],1,C000594,0.986842105263158,Auto Match
CRM,CR_0002662,Citra Permata,1992-01-14,628757926884,customer000183@example.com,Jl. Merdeka No. 26,Depok,CITRA PERMATA,08757926884,customer000183@example.com,JL MERDEKA NO 26,1992,[np.int64(182)],1,C000183,0.9880952380952381,Auto Match
CRM,CR_0002663,BUDI SAPUTRA,1994-02-25,8472624823,customer001329@example.com,Jl. Sudirman No. 115,Tangerang,BUDI SAPUTRA,8472624823,customer001329@example.com,JL SUDIRMAN NO 115,1994,[np.int64(1328)],1,C001329,1.0,Auto Match
CRM,CR_0002664,Nanda Saputra,1996-01-19,628212818564,customer000407@example.com,Jalan Gatot Subroto No. 130,Medan,NANDA SAPUTRA,08212818564,customer000407@example.com,JL GATOT SUBROTO NO 130,1996,[np.int64(406)],1,C000407,0.9880952380952381,Auto Match
CRM,CR_0002665,Hana Santoso,1993-05-14,628248570741,customer001766@example.com,Jl. Diponegoro No. 115,Semarang,HANA SANTOSO,08248570741,customer001766@example.com,JL DIPONEGORO NO 115,1993,[np.int64(1765)],1,C001766,0.9880952380952381,Auto Match
CRM,CR_0002666,ANDILESTARI,1999-01-10,628323821342,customer001773@example.com,Jl. Merdeka No. 66,Bekasi,ANDILESTARI,08323821342,customer001773@example.com,JL MERDEKA NO 66,1999,[np.int64(1772)],1,C001773,0.9772256728778469,Auto Match
CRM,CR_0002667,PUTRISAPUTRA,1994-03-27,8858752415,customer000731@example.com,JL. SUDIRMAN NO. 150,Jakarta,PUTRISAPUTRA,8858752415,customer000731@example.com,JL SUDIRMAN NO 150,1994,[np.int64(730)],1,C000731,0.9900000000000001,Auto Match
CRM,CR_0002668,Tono Pratama,1990-10-20,8661182644,customer001657@example.com,Jl. Merdeka No. 101,Surabaya,TONO PRATAMA,8661182644,customer001657@example.com,JL MERDEKA NO 101,1990,[np.int64(1656)],1,C001657,1.0,Auto Match
CRM,CR_0002669,Gita Santoso,2012-08-02,8473415644,customer000548@examplecom,Jl. Merdeka No. 4,Bogor,GITA SANTOSO,8473415644,customer000548@examplecom,JL MERDEKA NO 4,2012,[np.int64(547)],1,C000548,0.9941176470588236,Auto Match
CRM,CR_0002670,TONO NUGROHO,1999-04-18,8350266635,customer001347@example.com,Jalan Merdeka No. 129,Medan,TONO NUGROHO,8350266635,customer001347@example.com,JL MERDEKA NO 129,1999,[np.int64(1346)],1,C001347,1.0,Auto Match
CRM,CR_0002671,Eko Setiawan,1996-03-12,8211408597,customer000758@example.com,Jalan Ahmad Yani No. 84,Medan,EKO SETIAWAN,8211408597,customer000758@example.com,JL AHMAD YANI NO 84,1996,[np.int64(757)],1,C000758,1.0,Auto Match
CRM,CR_0002672,Oscar Ramadhan,1999-06-15,892701874,customer001355@example.com,JL. DIPONEGORO NO. 72,Depok,OSCAR RAMADHAN,892701874,customer001355@example.com,JL DIPONEGORO NO 72,1999,[np.int64(1354)],1,C001355,0.986842105263158,Auto Match
CRM,CR_0002673,JOKO SAPUTRA,2003-10-14,8606669319,customer000902@example.com,Jl. Gatot Subroto No. 187,Medan,JOKO SAPUTRA,8606669319,customer000902@example.com,JL GATOT SUBROTO NO 187,2003,[np.int64(901)],1,C000902,1.0,Auto Match
CRM,CR_0002674,TONO WIJAYA,2003-09-12,8104111156,customer000552@examplecom,Jalan Merdeka No. 129,Depok,TONO WIJAYA,8104111156,customer000552@examplecom,JL MERDEKA NO 129,2003,[np.int64(551)],1,C000552,0.9941176470588236,Auto Match
CRM,CR_0002675,Maya Hidayat,2014-11-13,8983192945,customer000877@example.com,JL. GATOT SUBROTO NO. 82,Bekasi,MAYA HIDAYAT,8983192945,customer000877@example.com,JL GATOT SUBROTO NO 82,2014,[np.int64(876)],1,C000877,1.0,Auto Match
CRM,CR_0002676,Rina Hidayat,2015-01-31,8548537091,customer001311@examplecom,Jl. Sudirman No. 163,Semarang,RINA HIDAYAT,8548537091,customer001311@examplecom,JL SUDIRMAN NO 163,2015,[np.int64(1310)],1,C001311,0.9941176470588236,Auto Match
CRM,CR_0002677,DEWISETIAWAN,2013-09-21,8527064142,customer000965@example.com,Jalan Sudirman No. 110,Medan,DEWISETIAWAN,8527064142,customer000965@example.com,JL SUDIRMAN NO 110,2013,[np.int64(964)],1,C000965,0.9900000000000001,Auto Match
CRM,CR_0002678,Maya Ramadhan,2005-07-24,8997883169,customer001413@example.com,Jalan Ahmad Yani No. 148,Makassar,MAYA RAMADHAN,8997883169,customer001413@example.com,JL AHMAD YANI NO 148,2005,[np.int64(1412)],1,C001413,1.0,Auto Match
CRM,CR_0002679,HANA HIDAYAT,2004-01-16,628218753390,customer000887@example.com,Jl. Diponegoro No. 128,Bandung,HANA HIDAYAT,08218753390,customer000887@example.com,JL DIPONEGORO NO 128,2004,[np.int64(886)],1,C000887,0.9880952380952381,Auto Match
CRM,CR_0002680,Putri Pratama,2002-02-07,8600837480,customer000036@example.com,Jl. Diponegoro No. 62,Jakarta,PUTRI PRATAMA,8600837480,customer000036@example.com,JL DIPONEGORO NO 62,2002,[np.int64(35)],1,C000036,1.0,Auto Match
CRM,CR_0002681,4ND1W1J4Y4,1998-05-02,8599538055,customer000059@examplecom,Jl. Merdeka No. 152,Medan,4ND1W1J4Y4,8599538055,customer000059@examplecom,JL MERDEKA NO 152,1998,[np.int64(58)],1,C000059,0.8631652661064426,Auto Match
CRM,CR_0002682,MAYA RAMADHAN,1990-03-24,8231792556,customer000858@example.com,Jl. Sudirman No. 14,Semarang,MAYA RAMADHAN,8231792556,customer000858@example.com,JL SUDIRMAN NO 14,1990,[np.int64(857)],1,C000858,1.0,Auto Match
CRM,CR_0002683,Hana Setiawan,2000-03-05,8114842132,customer001384@example.com,Jl. Merdeka No. 173,Jakarta,HANA SETIAWAN,8114842132,customer001384@example.com,JL MERDEKA NO 173,2000,[np.int64(1383)],1,C001384,1.0,Auto Match
CRM,CR_0002684,HanaSaputra,2005-07-17,830527146,customer000941@example.com,Jl. Merdeka No. 84,Makassar,HANASAPUTRA,830527146,customer000941@example.com,JL MERDEKA NO 84,2005,[np.int64(940)],1,C000941,0.9759725400457667,Auto Match
CRM,CR_0002685,NANDA PERMATA,2012-10-16,628880838077,customer001688@example.com,Jl. Ahmad Yani No. 93,Medan,NANDA PERMATA,08880838077,customer001688@example.com,JL AHMAD YANI NO 93,2012,[np.int64(1687)],1,C001688,0.9880952380952381,Auto Match
CRM,CR_0002686,Dewi Ramadhan,2008-02-09,8912072883,customer001256@example.com,JL. AHMAD YANI NO. 48,Jakarta,DEWI RAMADHAN,8912072883,customer001256@example.com,JL AHMAD YANI NO 48,2008,[np.int64(1255)],1,C001256,1.0,Auto Match
CRM,CR_0002687,KarinSaputra,2014-06-12,824794085,customer001388@examplecom,Jl. Sudirman No. 60,Bekasi,KARINSAPUTRA,824794085,customer001388@examplecom,JL SUDIRMAN NO 60,2014,[],0,C001388,0.9709597523219814,Auto Match
CRM,CR_0002688,PUTRIPRATAMA,2002-11-03,628635250363,customer001225@example.com,Jl. Merdeka No. 187,Bandung,PUTRIPRATAMA,08635250363,customer001225@example.com,JL MERDEKA NO 187,2002,[np.int64(1224)],1,C001225,0.9780952380952381,Auto Match
CRM,CR_0002689,Rina Pratama,1994-04-15,826909483,customer000419@example.com,Jalan Gatot Subroto No. 134,Bekasi,RINA PRATAMA,826909483,customer000419@example.com,JL GATOT SUBROTO NO 134,1994,[np.int64(418)],1,C000419,0.986842105263158,Auto Match
CRM,CR_0002690,Sari Permata,2007-09-29,8307769264,customer001399@example.com,Jalan Merdeka No. 4,Tangerang,SARI PERMATA,8307769264,customer001399@example.com,JL MERDEKA NO 4,2007,[np.int64(1398)],1,C001399,1.0,Auto Match
CRM,CR_0002691,IWAN NUGROHO,2008-09-20,628121209738,customer000687@example.com,JALAN MERDEKA NO. 119,Tangerang,IWAN NUGROHO,08121209738,customer000687@example.com,JL MERDEKA NO 119,2008,[np.int64(686)],1,C000687,0.9880952380952381,Auto Match
CRM,CR_0002692,Maya Siregar,2001-10-25,8196643962,customer001613@example.com,Jl. Sudirman No. 165,Bekasi,MAYA SIREGAR,8196643962,customer001613@example.com,JL SUDIRMAN NO 165,2001,[np.int64(1612)],1,C001613,1.0,Auto Match
CRM,CR_0002693,Karin Hidayat,2009-09-24,8675916259,customer001245@example.com,Jl. Ahmad Yani No. 65,Medan,KARIN HIDAYAT,8675916259,customer001245@example.com,JL AHMAD YANI NO 65,2009,[np.int64(1244)],1,C001245,1.0,Auto Match
CRM,CR_0002694,Sari Kurniawan,1989-05-16,8534563006,customer000761@example.com,Jalan Sudirman No. 184,Semarang,SARI KURNIAWAN,8534563006,customer000761@example.com,JL SUDIRMAN NO 184,1989,[np.int64(760)],1,C000761,1.0,Auto Match
CRM,CR_0002695,EKO RAMADHAN,1995-05-28,8395901919,customer000182@examplecom,JL. SUDIRMAN NO. 106,Bogor,EKO RAMADHAN,8395901919,customer000182@examplecom,JL SUDIRMAN NO 106,1995,[np.int64(181)],1,C000182,0.9941176470588236,Auto Match
CRM,CR_0002696,Gita Saputra,2000-08-16,8879648195,customer001136@examplecom,Jl. Sudirman No. 13,Tangerang,GITA SAPUTRA,8879648195,customer001136@examplecom,JL SUDIRMAN NO 13,2000,[np.int64(1135)],1,C001136,0.9941176470588236,Auto Match
CRM,CR_0002697,OSCAR HIDAYAT,2012-12-16,8635286252,customer000950@example.com,Jl. Ahmad Yani No. 155,Surabaya,OSCAR HIDAYAT,8635286252,customer000950@example.com,JL AHMAD YANI NO 155,2012,[np.int64(949)],1,C000950,1.0,Auto Match
CRM,CR_0002698,Sari Siregar,2015-03-04,8346820981,customer000868@example.com,Jl. Gatot Subroto No. 39,Bandung,SARI SIREGAR,8346820981,customer000868@example.com,JL GATOT SUBROTO NO 39,2015,[np.int64(867)],1,C000868,1.0,Auto Match
CRM,CR_0002699,FajarPermata,2013-03-30,8614070837,customer000730@examplecom,Jalan Ahmad Yani No. 25,Bekasi,FAJARPERMATA,8614070837,customer000730@examplecom,JL AHMAD YANI NO 25,2013,[np.int64(729)],1,C000730,0.9841176470588235,Auto Match
CRM,CR_0002700,Citra Permata,2003-12-01,8291816872,customer000079@example.com,Jalan Diponegoro No. 134,Depok,CITRA PERMATA,8291816872,customer000079@example.com,JL DIPONEGORO NO 134,2003,[np.int64(78)],1,C000079,1.0,Auto Match
CRM,CR_0002701,RINAKURNIAWAN,1996-07-11,8922618055,customer000433@example.com,Jalan Sudirman No. 14,Depok,RINAKURNIAWAN,8922618055,customer000433@example.com,JL SUDIRMAN NO 14,1996,[np.int64(432)],1,C000433,0.9907407407407408,Auto Match
CRM,CR_0002702,Rina Santoso,2006-11-09,628371637609,customer000075@example.com,Jl. Sudirman No. 89,Medan,RINA SANTOSO,08371637609,customer000075@example.com,JL SUDIRMAN NO 89,2006,[np.int64(74)],1,C000075,0.9880952380952381,Auto Match
CRM,CR_0002703,Gita Hidayat,2004-03-26,8736372330,customer000314@example.com,Jl. Gatot Subroto No. 87,Bogor,GITA HIDAYAT,8736372330,customer000314@example.com,JL GATOT SUBROTO NO 87,2004,[np.int64(313)],1,C000314,1.0,Auto Match
CRM,CR_0002704,Andi Kurniawan,1999-08-23,832063331,customer000215@example.com,Jl. Sudirman No. 2,Jakarta,ANDI KURNIAWAN,832063331,customer000215@example.com,JL SUDIRMAN NO 2,1999,[np.int64(214)],1,C000215,0.986842105263158,Auto Match
CRM,CR_0002705,Gita Permata,2016-05-21,628527741191,customer000696@examplecom,Jl. Diponegoro No. 23,Tangerang,GITA PERMATA,08527741191,customer000696@examplecom,JL DIPONEGORO NO 23,2016,[np.int64(695)],1,C000696,0.9822128851540616,Auto Match
CRM,CR_0002706,IWANKURNIAWAN,2013-01-18,8285312201,customer001009@examplecom,JL. AHMAD YANI NO. 70,Jakarta,IWANKURNIAWAN,8285312201,customer001009@examplecom,JL AHMAD YANI NO 70,2013,[np.int64(1008)],1,C001009,0.9848583877995642,Auto Match
CRM,CR_0002707,Putri Siregar,2000-05-21,824372520,customer000053@example.com,Jl. Ahmad Yani No. 157,Makassar,PUTRI SIREGAR,824372520,customer000053@example.com,JL AHMAD YANI NO 157,2000,[np.int64(52)],1,C000053,0.986842105263158,Auto Match
CRM,CR_0002708,Dewi Hidayat,1992-06-08,8819196702,customer001426@example.com,Jl. Merdeka No. 128,Bekasi,DEWI HIDAYAT,8819196702,customer001426@example.com,JL MERDEKA NO 128,1992,[np.int64(1425)],1,C001426,1.0,Auto Match
CRM,CR_0002709,Lina Siregar,2016-03-30,628496937691,customer001118@example.com,Jalan Sudirman No. 197,Bekasi,LINA SIREGAR,08496937691,customer001118@example.com,JL SUDIRMAN NO 197,2016,[np.int64(1117)],1,C001118,0.9880952380952381,Auto Match
CRM,CR_0002710,Nanda Ramadhan,2000-03-07,8345082579,customer001580@example.com,Jalan Sudirman No. 58,Bandung,NANDA RAMADHAN,8345082579,customer001580@example.com,JL SUDIRMAN NO 58,2000,[np.int64(1579)],1,C001580,1.0,Auto Match
CRM,CR_0002711,Iwan Saputra,1990-03-08,857335362,customer000033@examplecom,Jl. Merdeka No. 175,Depok,IWAN SAPUTRA,857335362,customer000033@examplecom,JL MERDEKA NO 175,1990,[np.int64(32)],1,C000033,0.9809597523219814,Auto Match
CRM,CR_0002712,EKO LESTARI,1996-06-11,853967375,customer000524@example.com,Jalan Gatot Subroto No. 64,Bogor,EKO LESTARI,853967375,customer000524@example.com,JL GATOT SUBROTO NO 64,1996,[np.int64(523)],1,C000524,0.986842105263158,Auto Match
CRM,CR_0002713,Rina Nugroho,2014-05-03,8585251462,customer000149@example.com,Jl. Gatot Subroto No. 20,Semarang,RINA NUGROHO,8585251462,customer000149@example.com,JL GATOT SUBROTO NO 20,2014,[np.int64(148)],1,C000149,1.0,Auto Match
CRM,CR_0002714,IwanSiregar,2015-02-20,8363376776,customer001782@example.com,Jl. Gatot Subroto No. 52,Tangerang,IWANSIREGAR,8363376776,customer001782@example.com,JL GATOT SUBROTO NO 52,2015,[np.int64(1781)],1,C001782,0.9891304347826088,Auto Match
CRM,CR_0002715,PutriKurniawan,1989-05-24,895333291,customer000531@examplecom,Jl. Ahmad Yani No. 6,Medan,PUTRIKURNIAWAN,895333291,customer000531@examplecom,JL AHMAD YANI NO 6,1989,[],0,C000531,0.972339062666809,Auto Match
CRM,CR_0002716,EKO PERMATA,1998-09-07,8751203417,customer000629@example.com,Jl. Sudirman No. 74,Bekasi,EKO PERMATA,8751203417,customer000629@example.com,JL SUDIRMAN NO 74,1998,[np.int64(628)],1,C000629,1.0,Auto Match
CRM,CR_0002717,NandaRamadhan,2004-01-13,8734012458,customer001795@example.com,Jl. Gatot Subroto No. 169,Tangerang,NANDARAMADHAN,8734012458,customer001795@example.com,JL GATOT SUBROTO NO 169,2004,[np.int64(1794)],1,C001795,0.9907407407407408,Auto Match
CRM,CR_0002718,Andi Nugroho,2010-12-12,8627751856,customer001112@example.com,Jl. Sudirman No. 198,Bekasi,ANDI NUGROHO,8627751856,customer001112@example.com,JL SUDIRMAN NO 198,2010,[np.int64(1111)],1,C001112,1.0,Auto Match
CRM,CR_0002719,BUDISANTOSO,2005-02-12,8529068674,customer001768@example.com,Jl. Gatot Subroto No. 142,Tangerang,BUDISANTOSO,8529068674,customer001768@example.com,JL GATOT SUBROTO NO 142,2005,[np.int64(1767)],1,C001768,0.9891304347826088,Auto Match
CRM,CR_0002720,Nanda Ramadhan,1999-09-17,8592132113,customer000652@example.com,Jl. Sudirman No. 161,Surabaya,NANDA RAMADHAN,8592132113,customer000652@example.com,JL SUDIRMAN NO 161,1999,[np.int64(651)],1,C000652,1.0,Auto Match
CRM,CR_0002721,C1TR4 PERM4T4,1997-04-23,8503259989,customer001216@example.com,Jl. Diponegoro No. 64,Bandung,C1TR4 PERM4T4,8503259989,customer001216@example.com,JL DIPONEGORO NO 64,1997,[np.int64(1215)],1,C001216,0.9230769230769232,Auto Match
CRM,CR_0002722,Nanda Lestari,1998-01-20,8639657008,customer001012@example.com,Jl. Diponegoro No. 163,Depok,NANDA LESTARI,8639657008,customer001012@example.com,JL DIPONEGORO NO 163,1998,[np.int64(1011)],1,C001012,1.0,Auto Match
CRM,CR_0002723,VINA RAMADHAN,1997-04-07,861039842,customer001339@examplecom,Jl. Ahmad Yani No. 189,Depok,VINA RAMADHAN,861039842,customer001339@examplecom,JL AHMAD YANI NO 189,1997,[np.int64(1338)],1,C001339,0.9809597523219814,Auto Match
CRM,CR_0002724,Fajar Hidayat,1991-10-09,8617765456,customer000072@example.com,JL. DIPONEGORO NO. 101,Bekasi,FAJAR HIDAYAT,8617765456,customer000072@example.com,JL DIPONEGORO NO 101,1991,[np.int64(71)],1,C000072,1.0,Auto Match
CRM,CR_0002725,NANDA KURNIAWAN,1996-04-01,825639919,customer000807@example.com,Jl. Ahmad Yani No. 15,Bekasi,NANDA KURNIAWAN,825639919,customer000807@example.com,JL AHMAD YANI NO 15,1996,[np.int64(806)],1,C000807,0.986842105263158,Auto Match
CRM,CR_0002726,LinaSetiawan,2015-04-30,8527597522,customer000999@examplecom,Jl. Merdeka No. 150,Jakarta,LINASETIAWAN,8527597522,customer000999@examplecom,JL MERDEKA NO 150,2015,[np.int64(998)],1,C000999,0.9841176470588235,Auto Match
CRM,CR_0002727,FajarRamadhan,2005-02-27,8149264475,customer000776@example.com,Jl. Sudirman No. 31,Bandung,FAJARRAMADHAN,8149264475,customer000776@example.com,JL SUDIRMAN NO 31,2005,[np.int64(775)],1,C000776,0.9907407407407408,Auto Match
CRM,CR_0002728,Gita Hidayat,1991-11-09,8839476660,customer001243@example.com,JL. GATOT SUBROTO NO. 107,Makassar,GITA HIDAYAT,8839476660,customer001243@example.com,JL GATOT SUBROTO NO 107,1991,[np.int64(1242)],1,C001243,1.0,Auto Match
CRM,CR_0002729,Andi Pratama,1998-10-15,62838895603,customer001441@examplecom,JALAN MERDEKA NO. 99,Bogor,ANDI PRATAMA,0838895603,customer001441@examplecom,JL MERDEKA NO 99,1998,[np.int64(1440)],1,C001441,0.9691176470588235,Auto Match
CRM,CR_0002730,JOKO LESTARI,1993-01-02,628177297588,customer000393@example.com,Jl. Ahmad Yani No. 60,Jakarta,JOKO LESTARI,08177297588,customer000393@example.com,JL AHMAD YANI NO 60,1993,[np.int64(392)],1,C000393,0.9880952380952381,Auto Match
CRM,CR_0002731,FAJAR PRATAMA,1991-03-25,871014852,customer001097@example.com,Jalan Diponegoro No. 158,Jakarta,FAJAR PRATAMA,871014852,customer001097@example.com,JL DIPONEGORO NO 158,1991,[np.int64(1096)],1,C001097,0.986842105263158,Auto Match
CRM,CR_0002732,Tono Setiawan,2004-01-16,628217022495,customer001502@example.com,JL. GATOT SUBROTO NO. 66,Medan,TONO SETIAWAN,08217022495,customer001502@example.com,JL GATOT SUBROTO NO 66,2004,[np.int64(1501)],1,C001502,0.9880952380952381,Auto Match
CRM,CR_0002733,GITA SAPUTRA,1998-03-12,874559415,customer000897@example.com,Jalan Merdeka No. 8,Bandung,GITA SAPUTRA,874559415,customer000897@example.com,JL MERDEKA NO 8,1998,[np.int64(896)],1,C000897,0.986842105263158,Auto Match
CRM,CR_0002734,Karin Lestari,1997-10-31,628743431871,customer000777@example.com,Jl. Ahmad Yani No. 172,Surabaya,KARIN LESTARI,08743431871,customer000777@example.com,JL AHMAD YANI NO 172,1997,[np.int64(776)],1,C000777,0.9880952380952381,Auto Match
CRM,CR_0002735,Citra Ramadhan,2012-07-25,8322360828,customer001581@examplecom,Jl. Gatot Subroto No. 83,Tangerang,CITRA RAMADHAN,8322360828,customer001581@examplecom,JL GATOT SUBROTO NO 83,2012,[np.int64(1580)],1,C001581,0.9941176470588236,Auto Match
CRM,CR_0002736,Tono Lestari,2010-03-28,628154636465,customer000483@example.com,JALAN GATOT SUBROTO NO. 87,Depok,TONO LESTARI,08154636465,customer000483@example.com,JL GATOT SUBROTO NO 87,2010,[np.int64(482)],1,C000483,0.9880952380952381,Auto Match
CRM,CR_0002737,JokoLestari,2001-03-10,8945590355,customer000260@example.com,Jl. Sudirman No. 9,Depok,JOKOLESTARI,8945590355,customer000260@example.com,JL SUDIRMAN NO 9,2001,[np.int64(259)],1,C000260,0.9891304347826088,Auto Match
CRM,CR_0002738,Maya Wijaya,2003-07-05,8376543811,customer000337@example.com,Jl. Sudirman No. 173,Bogor,MAYA WIJAYA,8376543811,customer000337@example.com,JL SUDIRMAN NO 173,2003,[np.int64(336)],1,C000337,1.0,Auto Match
CRM,CR_0002739,LINA LESTARI,2003-03-20,8514033735,customer000065@example.com,Jl. Ahmad Yani No. 9,Tangerang,LINA LESTARI,8514033735,customer000065@example.com,JL AHMAD YANI NO 9,2003,[np.int64(64)],1,C000065,1.0,Auto Match
CRM,CR_0002740,EKO SANTOSO,1994-08-02,813344124,customer001244@examplecom,Jl. Gatot Subroto No. 94,Medan,EKO SANTOSO,813344124,customer001244@examplecom,JL GATOT SUBROTO NO 94,1994,[np.int64(1243)],1,C001244,0.9809597523219814,Auto Match
CRM,CR_0002741,Rina Hidayat,2006-09-29,8328931662,customer000047@example.com,Jl. Diponegoro No. 57,Bekasi,RINA HIDAYAT,8328931662,customer000047@example.com,JL DIPONEGORO NO 57,2006,[np.int64(46)],1,C000047,1.0,Auto Match
CRM,CR_0002742,ANDI NUGROHO,2010-04-19,628927243907,customer000904@example.com,Jalan Ahmad Yani No. 68,Jakarta,ANDI NUGROHO,08927243907,customer000904@example.com,JL AHMAD YANI NO 68,2010,[np.int64(903)],1,C000904,0.9880952380952381,Auto Match
CRM,CR_0002743,Citra Pratama,2014-08-09,864404552,customer000488@example.com,Jl. Diponegoro No. 100,Bandung,CITRA PRATAMA,864404552,customer000488@example.com,JL DIPONEGORO NO 100,2014,[np.int64(487)],1,C000488,0.986842105263158,Auto Match
CRM,CR_0002744,VinaRamadhan,2005-03-28,8990850547,customer000073@example.com,Jalan Sudirman No. 187,Surabaya,VINARAMADHAN,8990850547,customer000073@example.com,JL SUDIRMAN NO 187,2005,[np.int64(72)],1,C000073,0.9900000000000001,Auto Match
CRM,CR_0002745,Rina Setiawan,2014-04-23,8142360367,customer001229@examplecom,Jl. Ahmad Yani No. 168,Medan,RINA SETIAWAN,8142360367,customer001229@examplecom,JL AHMAD YANI NO 168,2014,[np.int64(1228)],1,C001229,0.9941176470588236,Auto Match
CRM,CR_0002746,Iwan Pratama,2006-01-16,8838094269,customer001463@example.com,Jl. Sudirman No. 22,Bandung,IWAN PRATAMA,8838094269,customer001463@example.com,JL SUDIRMAN NO 22,2006,[np.int64(1462)],1,C001463,1.0,Auto Match
CRM,CR_0002747,Karin Saputra,2015-03-10,8502115360,customer001406@example.com,Jalan Merdeka No. 25,Tangerang,KARIN SAPUTRA,8502115360,customer001406@example.com,JL MERDEKA NO 25,2015,[np.int64(1405)],1,C001406,1.0,Auto Match
CRM,CR_0002748,Budi Saputra,1989-10-10,8189558678,customer000476@example.com,Jl. Gatot Subroto No. 135,Medan,BUDI SAPUTRA,8189558678,customer000476@example.com,JL GATOT SUBROTO NO 135,1989,[np.int64(475)],1,C000476,1.0,Auto Match
CRM,CR_0002749,HANA SETIAWAN,2012-05-08,628328260200,customer000457@example.com,Jalan Merdeka No. 97,Bekasi,HANA SETIAWAN,08328260200,customer000457@example.com,JL MERDEKA NO 97,2012,[np.int64(456)],1,C000457,0.9880952380952381,Auto Match
CRM,CR_0002750,Joko Permata,1998-03-12,8772756962,customer001218@example.com,Jl. Merdeka No. 191,Tangerang,JOKO PERMATA,8772756962,customer001218@example.com,JL MERDEKA NO 191,1998,[np.int64(1217)],1,C001218,1.0,Auto Match
CRM,CR_0002751,Fajar Santoso,1992-06-20,628172490451,customer000811@example.com,Jl. Gatot Subroto No. 170,Depok,FAJAR SANTOSO,08172490451,customer000811@example.com,JL GATOT SUBROTO NO 170,1992,[np.int64(810)],1,C000811,0.9880952380952381,Auto Match
CRM,CR_0002752,GITA SETIAWAN,2006-12-05,628368356123,customer001391@example.com,Jl. Sudirman No. 128,Jakarta,GITA SETIAWAN,08368356123,customer001391@example.com,JL SUDIRMAN NO 128,2006,[np.int64(1390)],1,C001391,0.9880952380952381,Auto Match
CRM,CR_0002753,V1N4 PR4T4M4,2004-12-05,628173552452,customer000163@examplecom,JL. MERDEKA NO. 164,Medan,V1N4 PR4T4M4,08173552452,customer000163@examplecom,JL MERDEKA NO 164,2004,[],0,C000163,0.878046218487395,Auto Match
CRM,CR_0002754,Rina Wijaya,2005-03-25,862112394,customer000985@examplecom,JL. DIPONEGORO NO. 33,Jakarta,RINA WIJAYA,862112394,customer000985@examplecom,JL DIPONEGORO NO 33,2005,[np.int64(984)],1,C000985,0.9809597523219814,Auto Match
CRM,CR_0002755,NANDASETIAWAN,1992-05-03,8818515730,customer000410@example.com,Jl. Merdeka No. 189,Makassar,NANDASETIAWAN,8818515730,customer000410@example.com,JL MERDEKA NO 189,1992,[np.int64(409)],1,C000410,0.9907407407407408,Auto Match
CRM,CR_0002756,Iwan Wijaya,2008-12-21,8856115133,customer000938@example.com,Jalan Sudirman No. 84,Semarang,IWAN WIJAYA,8856115133,customer000938@example.com,JL SUDIRMAN NO 84,2008,[np.int64(937)],1,C000938,1.0,Auto Match
CRM,CR_0002757,EKOS4PUTR4,2005-02-28,8635154930,customer001647@example.com,Jl. Ahmad Yani No. 184,Jakarta,EKOS4PUTR4,8635154930,customer001647@example.com,JL AHMAD YANI NO 184,2005,[np.int64(1646)],1,C001647,0.9404761904761906,Auto Match
CRM,CR_0002758,Maya Nugroho,2011-02-23,850876110,customer000709@example.com,Jalan Merdeka No. 153,Surabaya,MAYA NUGROHO,850876110,customer000709@example.com,JL MERDEKA NO 153,2011,[np.int64(708)],1,C000709,0.986842105263158,Auto Match
CRM,CR_0002759,IWANRAMADHAN,2012-06-06,628124131858,customer000110@examplecom,Jalan Gatot Subroto No. 84,Bekasi,IWANRAMADHAN,08124131858,customer000110@examplecom,JL GATOT SUBROTO NO 84,2012,[],0,C000110,0.9722128851540616,Auto Match
CRM,CR_0002760,IWANPRATAMA,1992-11-30,628118618719,customer001237@example.com,JALAN SUDIRMAN NO. 171,Bandung,IWANPRATAMA,08118618719,customer001237@example.com,JL SUDIRMAN NO 171,1992,[np.int64(1236)],1,C001237,0.9772256728778469,Auto Match
CRM,CR_0002761,JOKO SIREGAR,2009-09-04,628580580926,customer000168@example.com,Jl. Sudirman No. 148,Bandung,JOKO SIREGAR,08580580926,customer000168@example.com,JL SUDIRMAN NO 148,2009,[np.int64(167)],1,C000168,0.9880952380952381,Auto Match
CRM,CR_0002762,Dewi Setiawan,1993-01-09,628442649744,customer000235@example.com,Jl. Merdeka No. 85,Bandung,DEWI SETIAWAN,08442649744,customer000235@example.com,JL MERDEKA NO 85,1993,[np.int64(234)],1,C000235,0.9880952380952381,Auto Match
CRM,CR_0002763,JokoSantoso,2008-02-08,628885158262,customer001205@example.com,Jl. Merdeka No. 49,Makassar,JOKOSANTOSO,08885158262,customer001205@example.com,JL MERDEKA NO 49,2008,[np.int64(1204)],1,C001205,0.9772256728778469,Auto Match
CRM,CR_0002764,Fajar Pratama,2000-11-01,628720383628,customer001110@example.com,Jl. Sudirman No. 128,Surabaya,FAJAR PRATAMA,08720383628,customer001110@example.com,JL SUDIRMAN NO 128,2000,[np.int64(1109)],1,C001110,0.9880952380952381,Auto Match
CRM,CR_0002765,Oscar Wijaya,2016-02-22,8900371664,customer000523@example.com,Jl. Ahmad Yani No. 38,Semarang,OSCAR WIJAYA,8900371664,customer000523@example.com,JL AHMAD YANI NO 38,2016,[np.int64(522)],1,C000523,1.0,Auto Match
CRM,CR_0002766,Budi Ramadhan,2004-09-13,8207461720,customer000291@example.com,Jl. Merdeka No. 154,Bekasi,BUDI RAMADHAN,8207461720,customer000291@example.com,JL MERDEKA NO 154,2004,[np.int64(290)],1,C000291,1.0,Auto Match
CRM,CR_0002767,KARINNUGROHO,1999-05-22,8648486430,customer001358@example.com,Jl. Merdeka No. 47,Bogor,KARINNUGROHO,8648486430,customer001358@example.com,JL MERDEKA NO 47,1999,[np.int64(1357)],1,C001358,0.9900000000000001,Auto Match
CRM,CR_0002768,DEWI KURNIAWAN,2011-10-14,8398149113,customer001683@example.com,Jl. Merdeka No. 9,Semarang,DEWI KURNIAWAN,8398149113,customer001683@example.com,JL MERDEKA NO 9,2011,[np.int64(1682)],1,C001683,1.0,Auto Match
CRM,CR_0002769,Vina Nugroho,1990-01-11,8290098894,customer001610@example.com,Jalan Diponegoro No. 58,Depok,VINA NUGROHO,8290098894,customer001610@example.com,JL DIPONEGORO NO 58,1990,[np.int64(1609)],1,C001610,1.0,Auto Match
CRM,CR_0002770,NANDASAPUTRA,1995-08-09,8460644891,customer001787@example.com,Jl. Sudirman No. 123,Bogor,NANDASAPUTRA,8460644891,customer001787@example.com,JL SUDIRMAN NO 123,1995,[np.int64(1786)],1,C001787,0.9900000000000001,Auto Match
CRM,CR_0002771,Maya Pratama,2002-12-18,628346204317,customer001197@example.com,Jalan Diponegoro No. 12,Semarang,MAYA PRATAMA,08346204317,customer001197@example.com,JL DIPONEGORO NO 12,2002,[np.int64(1196)],1,C001197,0.9880952380952381,Auto Match
CRM,CR_0002772,MAYA LESTARI,2004-10-28,8514882741,customer000586@example.com,Jl. Ahmad Yani No. 119,Makassar,MAYA LESTARI,8514882741,customer000586@example.com,JL AHMAD YANI NO 119,2004,[np.int64(585)],1,C000586,1.0,Auto Match
CRM,CR_0002773,DewiPratama,2002-10-05,8481226812,customer001664@example.com,Jl. Gatot Subroto No. 1,Semarang,DEWIPRATAMA,8481226812,customer001664@example.com,JL GATOT SUBROTO NO 1,2002,[np.int64(1663)],1,C001664,0.9891304347826088,Auto Match
CRM,CR_0002774,Gita Setiawan,2005-02-03,849114375,customer000202@example.com,Jl. Merdeka No. 119,Bekasi,GITA SETIAWAN,849114375,customer000202@example.com,JL MERDEKA NO 119,2005,[np.int64(201)],1,C000202,0.986842105263158,Auto Match
CRM,CR_0002775,NandaRamadhan,2002-07-24,8887765034,customer000414@example.com,JALAN DIPONEGORO NO. 121,Bekasi,NANDARAMADHAN,8887765034,customer000414@example.com,JL DIPONEGORO NO 121,2002,[np.int64(413)],1,C000414,0.9907407407407408,Auto Match
CRM,CR_0002776,TONONUGROHO,2000-06-26,62863867563,customer000754@example.com,Jl. Ahmad Yani No. 171,Bekasi,TONONUGROHO,0863867563,customer000754@example.com,JL AHMAD YANI NO 171,2000,[np.int64(753)],1,C000754,0.9641304347826088,Auto Match
CRM,CR_0002777,Nanda Setiawan,1989-06-19,8658028387,customer001188@examplecom,Jl. Sudirman No. 4,Tangerang,NANDA SETIAWAN,8658028387,customer001188@examplecom,JL SUDIRMAN NO 4,1989,[np.int64(1187)],1,C001188,0.9941176470588236,Auto Match
CRM,CR_0002778,Karin Kurniawan,2002-10-19,8400520362,customer001060@example.com,Jl. Merdeka No. 164,Bogor,KARIN KURNIAWAN,8400520362,customer001060@example.com,JL MERDEKA NO 164,2002,[np.int64(1059)],1,C001060,1.0,Auto Match
CRM,CR_0002779,4ndi Wijaya,1994-05-11,8584760715,customer000409@example.com,Jl. Merdeka No. 34,Bekasi,4NDI WIJAYA,8584760715,customer000409@example.com,JL MERDEKA NO 34,1994,[np.int64(408)],1,C000409,0.9772727272727274,Auto Match
CRM,CR_0002780,Vina Siregar,2012-04-29,812771475,customer001257@examplecom,Jl. Merdeka No. 74,Surabaya,VINA SIREGAR,812771475,customer001257@examplecom,JL MERDEKA NO 74,2012,[np.int64(1256)],1,C001257,0.9809597523219814,Auto Match
CRM,CR_0002781,JOKOPERM4T4,2001-05-10,8494879456,customer001572@example.com,JL. GATOT SUBROTO NO. 83,Bogor,JOKOPERM4T4,8494879456,customer001572@example.com,JL GATOT SUBROTO NO 83,2001,[np.int64(1571)],1,C001572,0.9456521739130436,Auto Match
CRM,CR_0002782,4ND1 KURN14W4N,1997-08-28,8746257999,customer000387@example.com,JALAN SUDIRMAN NO. 142,Surabaya,4ND1 KURN14W4N,8746257999,customer000387@example.com,JL SUDIRMAN NO 142,1997,[np.int64(386)],1,C000387,0.9107142857142858,Auto Match
CRM,CR_0002783,MayaSaputra,2001-05-07,8922440854,customer000494@example.com,Jl. Gatot Subroto No. 140,Medan,MAYASAPUTRA,8922440854,customer000494@example.com,JL GATOT SUBROTO NO 140,2001,[np.int64(493)],1,C000494,0.9891304347826088,Auto Match
CRM,CR_0002784,Rina Setiawan,1991-01-01,8629487430,customer001701@example.com,Jl. Gatot Subroto No. 152,Bandung,RINA SETIAWAN,8629487430,customer001701@example.com,JL GATOT SUBROTO NO 152,1991,[np.int64(1700)],1,C001701,1.0,Auto Match
CRM,CR_0002785,IWAN SETIAWAN,2014-11-12,628382833354,customer000143@example.com,Jl. Gatot Subroto No. 35,Bekasi,IWAN SETIAWAN,08382833354,customer000143@example.com,JL GATOT SUBROTO NO 35,2014,[np.int64(142)],1,C000143,0.9880952380952381,Auto Match
CRM,CR_0002786,PutriKurniawan,1992-04-15,8378733778,customer000834@example.com,Jl. Ahmad Yani No. 144,Tangerang,PUTRIKURNIAWAN,8378733778,customer000834@example.com,JL AHMAD YANI NO 144,1992,[np.int64(833)],1,C000834,0.9913793103448277,Auto Match
CRM,CR_0002787,Rina Ramadhan,2008-04-14,813357926,customer000922@example.com,Jl. Gatot Subroto No. 196,Medan,RINA RAMADHAN,813357926,customer000922@example.com,JL GATOT SUBROTO NO 196,2008,[np.int64(921)],1,C000922,0.986842105263158,Auto Match
CRM,CR_0002788,IWAN SANTOSO,2004-09-08,8888755274,customer001743@examplecom,Jl. Sudirman No. 43,Surabaya,IWAN SANTOSO,8888755274,customer001743@examplecom,JL SUDIRMAN NO 43,2004,[np.int64(1742)],1,C001743,0.9941176470588236,Auto Match
CRM,CR_0002789,Joko Nugroho,2015-03-06,8550536537,customer001508@example.com,JALAN AHMAD YANI NO. 121,Medan,JOKO NUGROHO,8550536537,customer001508@example.com,JL AHMAD YANI NO 121,2015,[np.int64(1507)],1,C001508,1.0,Auto Match
CRM,CR_0002790,OSCARSANTOSO,1990-06-03,628385950100,customer000271@example.com,Jalan Ahmad Yani No. 88,Bandung,OSCARSANTOSO,08385950100,customer000271@example.com,JL AHMAD YANI NO 88,1990,[np.int64(270)],1,C000271,0.9780952380952381,Auto Match
CRM,CR_0002791,Oscar Hidayat,2008-02-01,628489101879,customer001287@example.com,Jl. Diponegoro No. 196,Makassar,OSCAR HIDAYAT,08489101879,customer001287@example.com,JL DIPONEGORO NO 196,2008,[np.int64(1286)],1,C001287,0.9880952380952381,Auto Match
CRM,CR_0002792,NANDA RAMADHAN,1998-08-01,628236497337,customer000603@example.com,Jl. Sudirman No. 60,Semarang,NANDA RAMADHAN,08236497337,customer000603@example.com,JL SUDIRMAN NO 60,1998,[np.int64(602)],1,C000603,0.9880952380952381,Auto Match
CRM,CR_0002793,Joko Nugroho,1998-03-06,8864786560,customer000551@example.com,Jl. Gatot Subroto No. 188,Jakarta,JOKO NUGROHO,8864786560,customer000551@example.com,JL GATOT SUBROTO NO 188,1998,[np.int64(550)],1,C000551,1.0,Auto Match
CRM,CR_0002794,Rina Santoso,1991-02-18,8222996988,customer000052@examplecom,Jl. Diponegoro No. 85,Medan,RINA SANTOSO,8222996988,customer000052@examplecom,JL DIPONEGORO NO 85,1991,[np.int64(51)],1,C000052,0.9941176470588236,Auto Match
CRM,CR_0002795,IWAN SIREGAR,1999-06-30,8407147161,customer001541@example.com,Jl. Sudirman No. 99,Depok,IWAN SIREGAR,8407147161,customer001541@example.com,JL SUDIRMAN NO 99,1999,[np.int64(1540)],1,C001541,1.0,Auto Match
CRM,CR_0002796,Karin Permata,2014-05-26,628278021887,customer000058@example.com,Jl. Ahmad Yani No. 197,Makassar,KARIN PERMATA,08278021887,customer000058@example.com,JL AHMAD YANI NO 197,2014,[np.int64(57)],1,C000058,0.9880952380952381,Auto Match
CRM,CR_0002797,RINA SIREGAR,2011-11-06,8778924960,customer001691@example.com,Jl. Merdeka No. 74,Jakarta,RINA SIREGAR,8778924960,customer001691@example.com,JL MERDEKA NO 74,2011,[np.int64(1690)],1,C001691,1.0,Auto Match
CRM,CR_0002798,GitaNugroho,1991-12-08,62897533978,customer001035@examplecom,Jalan Gatot Subroto No. 132,Jakarta,GITANUGROHO,0897533978,customer001035@examplecom,JL GATOT SUBROTO NO 132,1991,[],0,C001035,0.9582480818414322,Auto Match
CRM,CR_0002799,Nanda Wijaya,2010-10-05,8728371219,customer000525@examplecom,Jl. Sudirman No. 145,Semarang,NANDA WIJAYA,8728371219,customer000525@examplecom,JL SUDIRMAN NO 145,2010,[np.int64(524)],1,C000525,0.9941176470588236,Auto Match
CRM,CR_0002800,Vina Ramadhan,2008-06-22,628731143725,customer000854@example.com,Jl. Sudirman No. 107,Depok,VINA RAMADHAN,08731143725,customer000854@example.com,JL SUDIRMAN NO 107,2008,[np.int64(853)],1,C000854,0.9880952380952381,Auto Match
Branch System,BR_0002801,NandaHidayat,2002-10-02,8736912818,customer001038@examplecom,Jl. Sudirman No. 144,Jakarta,NANDAHIDAYAT,8736912818,customer001038@examplecom,JL SUDIRMAN NO 144,2002,[np.int64(1037)],1,C001038,0.9841176470588235,Auto Match
Branch System,BR_0002802,OscarLestari,2003-05-23,8823494465,customer001485@example.com,Jl. Gatot Subroto No. 167,Semarang,OSCARLESTARI,8823494465,customer001485@example.com,JL GATOT SUBROTO NO 167,2003,[np.int64(1484)],1,C001485,0.9900000000000001,Auto Match
Branch System,BR_0002803,RinaSetiawan,1997-12-29,8776191397,customer001268@example.com,Jl. Sudirman No. 162,Depok,RINASETIAWAN,8776191397,customer001268@example.com,JL SUDIRMAN NO 162,1997,[np.int64(1267)],1,C001268,0.9900000000000001,Auto Match
Branch System,BR_0002804,OSC4RH1D4Y4T,1995-10-21,628103781934,customer001503@example.com,Jl. Sudirman No. 193,Medan,OSC4RH1D4Y4T,08103781934,customer001503@example.com,JL SUDIRMAN NO 193,1995,[np.int64(1502)],1,C001503,0.8980952380952382,Auto Match
Branch System,BR_0002805,R1N4 W1J4Y4,2012-09-12,8350088595,customer000362@examplecom,Jl. Sudirman No. 1,Depok,R1N4 W1J4Y4,8350088595,customer000362@examplecom,JL SUDIRMAN NO 1,2012,[np.int64(361)],1,C000362,0.8804812834224599,Auto Match
Branch System,BR_0002806,Budi Kurniawan,1989-07-17,8388409396,customer000446@example.com,Jl. Sudirman No. 113,Depok,BUDI KURNIAWAN,8388409396,customer000446@example.com,JL SUDIRMAN NO 113,1989,[np.int64(445)],1,C000446,1.0,Auto Match
Branch System,BR_0002807,1wan Siregar,2014-07-25,811027496,customer000632@example.com,Jl. Sudirman No. 129,Depok,1WAN SIREGAR,811027496,customer000632@example.com,JL SUDIRMAN NO 129,2014,[np.int64(631)],1,C000632,0.9660087719298246,Auto Match
Branch System,BR_0002808,Dewi Kurniawan,2008-07-28,628660764352,customer000331@examplecom,JL. DIPONEGORO NO. 63,Depok,DEWI KURNIAWAN,08660764352,customer000331@examplecom,JL DIPONEGORO NO 63,2008,[np.int64(330)],1,C000331,0.9822128851540616,Auto Match
Branch System,BR_0002809,FajarKurniawan,2014-06-02,8849129721,customer001695@example.com,Jl. Sudirman No. 182,Bandung,FAJARKURNIAWAN,8849129721,customer001695@example.com,JL SUDIRMAN NO 182,2014,[np.int64(1694)],1,C001695,0.9913793103448277,Auto Match
Branch System,BR_0002810,OscarWijaya,2016-02-22,890037166,customer000523@example.com,JL. AHMAD YANI NO. 38,Semarang,OSCARWIJAYA,890037166,customer000523@example.com,JL AHMAD YANI NO 38,2016,[np.int64(522)],1,C000523,0.9759725400457667,Auto Match
Branch System,BR_0002811,Iwan Nugroho,1992-11-13,628368163219,customer001631@examplecom,Jl. Gatot Subroto No. 179,Depok,IWAN NUGROHO,08368163219,customer001631@examplecom,JL GATOT SUBROTO NO 179,1992,[np.int64(1630)],1,C001631,0.9822128851540616,Auto Match
Branch System,BR_0002812,KARIN SIREGAR,2009-03-31,8788330799,customer000080@example.com,Jl. Ahmad Yani No. 87,Bogor,KARIN SIREGAR,8788330799,customer000080@example.com,JL AHMAD YANI NO 87,2009,[np.int64(79)],1,C000080,1.0,Auto Match
Branch System,BR_0002813,PUTRILESTARI,2016-02-25,628575105990,customer001363@example.com,Jl. Diponegoro No. 112,Bekasi,PUTRILESTARI,08575105990,customer001363@example.com,JL DIPONEGORO NO 112,2016,[np.int64(1362)],1,C001363,0.9780952380952381,Auto Match
Branch System,BR_0002814,HanaWijaya,2004-01-20,8694781375,customer000261@example.com,Jl. Gatot Subroto No. 179,Depok,HANAWIJAYA,8694781375,customer000261@example.com,JL GATOT SUBROTO NO 179,2004,[np.int64(260)],1,C000261,0.9880952380952382,Auto Match
Branch System,BR_0002815,HanaNugroho,2010-04-10,628126764607,customer000027@example.com,Jl. Merdeka No. 91,Makassar,HANANUGROHO,08126764607,customer000027@example.com,JL MERDEKA NO 91,2010,[np.int64(26)],1,C000027,0.9772256728778469,Auto Match
Branch System,BR_0002816,CITRA NUGROHO,2005-02-05,628769963221,customer001750@example.com,Jl. Gatot Subroto No. 176,Surabaya,CITRA NUGROHO,08769963221,customer001750@example.com,JL GATOT SUBROTO NO 176,2005,[np.int64(1749)],1,C001750,0.9880952380952381,Auto Match
Branch System,BR_0002817,Putri Saputra,1999-10-22,628667581872,customer001783@example.com,Jalan Sudirman No. 126,Medan,PUTRI SAPUTRA,08667581872,customer001783@example.com,JL SUDIRMAN NO 126,1999,[np.int64(1782)],1,C001783,0.9880952380952381,Auto Match
Branch System,BR_0002818,L1N4 S1REG4R,2011-01-18,8811763044,customer000708@example.com,Jalan Ahmad Yani No. 36,Makassar,L1N4 S1REG4R,8811763044,customer000708@example.com,JL AHMAD YANI NO 36,2011,[np.int64(707)],1,C000708,0.9166666666666667,Auto Match
Branch System,BR_0002819,OSC4R S4NTOSO,1994-06-30,8127188953,customer001568@example.com,Jl. Ahmad Yani No. 150,Medan,OSC4R S4NTOSO,8127188953,customer001568@example.com,JL AHMAD YANI NO 150,1994,[np.int64(1567)],1,C001568,0.9615384615384617,Auto Match
Branch System,BR_0002820,VINA NUGROHO,2011-09-12,8988345205,customer001678@example.com,JL. MERDEKA NO. 4,Bandung,VINA NUGROHO,8988345205,customer001678@example.com,JL MERDEKA NO 4,2011,[np.int64(1677)],1,C001678,1.0,Auto Match
Branch System,BR_0002821,Eko Lestari,2004-02-24,8765847983,customer000158@example.com,JL. SUDIRMAN NO. 58,Bandung,EKO LESTARI,8765847983,customer000158@example.com,JL SUDIRMAN NO 58,2004,[np.int64(157)],1,C000158,1.0,Auto Match
Branch System,BR_0002822,Gita Lestari,2009-06-28,8482903242,customer001775@example.com,JL. MERDEKA NO. 46,Surabaya,GITA LESTARI,8482903242,customer001775@example.com,JL MERDEKA NO 46,2009,[np.int64(1774)],1,C001775,1.0,Auto Match
Branch System,BR_0002823,Rina Nugroho,2005-10-09,62882212599,customer000610@example.com,Jl. Ahmad Yani No. 30,Semarang,RINA NUGROHO,0882212599,customer000610@example.com,JL AHMAD YANI NO 30,2005,[np.int64(609)],1,C000610,0.9750000000000001,Auto Match
Branch System,BR_0002824,Joko Pratama,2002-03-02,839861530,customer000516@example.com,Jalan Gatot Subroto No. 82,Bekasi,JOKO PRATAMA,839861530,customer000516@example.com,JL GATOT SUBROTO NO 82,2002,[np.int64(515)],1,C000516,0.986842105263158,Auto Match
Branch System,BR_0002825,Putri Hidayat,2008-09-30,8593557961,customer000307@example.com,Jl. Gatot Subroto No. 60,Depok,PUTRI HIDAYAT,8593557961,customer000307@example.com,JL GATOT SUBROTO NO 60,2008,[np.int64(306)],1,C000307,1.0,Auto Match
Branch System,BR_0002826,Tono Saputra,1998-03-25,628782469588,customer001325@example.com,Jl. Ahmad Yani No. 148,Bandung,TONO SAPUTRA,08782469588,customer001325@example.com,JL AHMAD YANI NO 148,1998,[np.int64(1324)],1,C001325,0.9880952380952381,Auto Match
Branch System,BR_0002827,LINA LESTARI,2004-11-12,628440534600,customer001377@example.com,Jl. Merdeka No. 84,Bekasi,LINA LESTARI,08440534600,customer001377@example.com,JL MERDEKA NO 84,2004,[np.int64(1376)],1,C001377,0.9880952380952381,Auto Match
Branch System,BR_0002828,Vina Wijaya,1989-09-02,628782232589,customer000258@example.com,JL. SUDIRMAN NO. 164,Tangerang,VINA WIJAYA,08782232589,customer000258@example.com,JL SUDIRMAN NO 164,1989,[np.int64(257)],1,C000258,0.9880952380952381,Auto Match
Branch System,BR_0002829,Oscar Santoso,2014-03-04,8385889698,customer001592@example.com,JL. MERDEKA NO. 98,Depok,OSCAR SANTOSO,8385889698,customer001592@example.com,JL MERDEKA NO 98,2014,[np.int64(1591)],1,C001592,1.0,Auto Match
Branch System,BR_0002830,Joko Nugroho,1989-04-09,628834250018,customer001570@example.com,Jalan Ahmad Yani No. 152,Bogor,JOKO NUGROHO,08834250018,customer001570@example.com,JL AHMAD YANI NO 152,1989,[np.int64(1569)],1,C001570,0.9880952380952381,Auto Match
Branch System,BR_0002831,Citra Hidayat,2003-08-16,8805745392,customer001625@example.com,Jl. Merdeka No. 25,Depok,CITRA HIDAYAT,8805745392,customer001625@example.com,JL MERDEKA NO 25,2003,[np.int64(1624)],1,C001625,1.0,Auto Match
Branch System,BR_0002832,Putri Permata,2015-10-31,8311205038,customer000537@examplecom,Jl. Ahmad Yani No. 89,Surabaya,PUTRI PERMATA,8311205038,customer000537@examplecom,JL AHMAD YANI NO 89,2015,[np.int64(536)],1,C000537,0.9941176470588236,Auto Match
Branch System,BR_0002833,CITRA PRATAMA,2015-06-09,628266024425,customer001644@example.com,Jalan Ahmad Yani No. 6,Semarang,CITRA PRATAMA,08266024425,customer001644@example.com,JL AHMAD YANI NO 6,2015,[np.int64(1643)],1,C001644,0.9880952380952381,Auto Match
Branch System,BR_0002834,Citra Santoso,2014-07-05,8347113218,customer000292@example.com,Jl. Sudirman No. 81,Tangerang,CITRA SANTOSO,8347113218,customer000292@example.com,JL SUDIRMAN NO 81,2014,[np.int64(291)],1,C000292,1.0,Auto Match
Branch System,BR_0002835,Rina Wijaya,2001-07-15,8831264705,customer000217@example.com,Jl. Merdeka No. 134,Bandung,RINA WIJAYA,8831264705,customer000217@example.com,JL MERDEKA NO 134,2001,[np.int64(216)],1,C000217,1.0,Auto Match
Branch System,BR_0002836,Vina Lestari,2012-05-29,628938118994,customer000336@example.com,Jl. Ahmad Yani No. 64,Bogor,VINA LESTARI,08938118994,customer000336@example.com,JL AHMAD YANI NO 64,2012,[np.int64(335)],1,C000336,0.9880952380952381,Auto Match
Branch System,BR_0002837,RinaHidayat,2006-09-29,832893166,customer000047@example.com,Jl. Diponegoro No. 57,Bekasi,RINAHIDAYAT,832893166,customer000047@example.com,JL DIPONEGORO NO 57,2006,[np.int64(46)],1,C000047,0.9759725400457667,Auto Match
Branch System,BR_0002838,1wanRamadhan,2001-03-28,8324703340,customer000024@example.com,Jalan Sudirman No. 101,Depok,1WANRAMADHAN,8324703340,customer000024@example.com,JL SUDIRMAN NO 101,2001,[np.int64(23)],1,C000024,0.9700000000000001,Auto Match
Branch System,BR_0002839,NANDA WIJAYA,1992-09-10,861365754,customer000545@example.com,JL. MERDEKA NO. 163,Bekasi,NANDA WIJAYA,861365754,customer000545@example.com,JL MERDEKA NO 163,1992,[np.int64(544)],1,C000545,0.986842105263158,Auto Match
Branch System,BR_0002840,Lina Permata,1996-09-08,8394087852,customer001033@example.com,Jalan Ahmad Yani No. 173,Semarang,LINA PERMATA,8394087852,customer001033@example.com,JL AHMAD YANI NO 173,1996,[np.int64(1032)],1,C001033,1.0,Auto Match
Branch System,BR_0002841,Oscar Siregar,2015-01-15,8110843765,customer001123@example.com,Jl. Sudirman No. 178,Bandung,OSCAR SIREGAR,8110843765,customer001123@example.com,JL SUDIRMAN NO 178,2015,[np.int64(1122)],1,C001123,1.0,Auto Match
Branch System,BR_0002842,Dewi Santoso,1996-03-18,628844307212,customer000744@example.com,Jl. Ahmad Yani No. 185,Surabaya,DEWI SANTOSO,08844307212,customer000744@example.com,JL AHMAD YANI NO 185,1996,[np.int64(743)],1,C000744,0.9880952380952381,Auto Match
Branch System,BR_0002843,KARIN KURNIAWAN,2009-11-20,8854491231,customer001299@example.com,JL. MERDEKA NO. 22,Medan,KARIN KURNIAWAN,8854491231,customer001299@example.com,JL MERDEKA NO 22,2009,[np.int64(1298)],1,C001299,1.0,Auto Match
Branch System,BR_0002844,BUDI PRATAMA,2002-01-01,8314174870,customer000885@example.com,Jl. Merdeka No. 88,Bekasi,BUDI PRATAMA,8314174870,customer000885@example.com,JL MERDEKA NO 88,2002,[np.int64(884)],1,C000885,1.0,Auto Match
Branch System,BR_0002845,DEW1 NUGROHO,1999-03-15,628930150615,customer001138@example.com,Jl. Ahmad Yani No. 24,Tangerang,DEW1 NUGROHO,08930150615,customer001138@example.com,JL AHMAD YANI NO 24,1999,[np.int64(1137)],1,C001138,0.9672619047619048,Auto Match
Branch System,BR_0002846,Karin Setiawan,1999-08-30,848909276,customer001372@example.com,Jl. Ahmad Yani No. 30,Semarang,KARIN SETIAWAN,848909276,customer001372@example.com,JL AHMAD YANI NO 30,1999,[np.int64(1371)],1,C001372,0.986842105263158,Auto Match
Branch System,BR_0002847,DEW1 R4M4DH4N,2006-05-21,854943070,customer000942@example.com,Jl. Diponegoro No. 38,Tangerang,DEW1 R4M4DH4N,854943070,customer000942@example.com,JL DIPONEGORO NO 38,2006,[np.int64(941)],1,C000942,0.909919028340081,Auto Match
Branch System,BR_0002848,GitaPermata,1996-07-14,8852276673,customer000154@example.com,JL. DIPONEGORO NO. 140,Tangerang,GITAPERMATA,8852276673,customer000154@example.com,JL DIPONEGORO NO 140,1996,[np.int64(153)],1,C000154,0.9891304347826088,Auto Match
Branch System,BR_0002849,Putri Nugroho,1994-08-01,8899915943,customer001401@example.com,Jl. Diponegoro No. 89,Jakarta,PUTRI NUGROHO,8899915943,customer001401@example.com,JL DIPONEGORO NO 89,1994,[np.int64(1400)],1,C001401,1.0,Auto Match
Branch System,BR_0002850,LINA SETIAWAN,2006-04-29,8762718686,customer000219@examplecom,Jl. Diponegoro No. 143,Tangerang,LINA SETIAWAN,8762718686,customer000219@examplecom,JL DIPONEGORO NO 143,2006,[np.int64(218)],1,C000219,0.9941176470588236,Auto Match
Branch System,BR_0002851,LINA PRATAMA,1990-08-01,8246860341,customer001124@example.com,Jl. Merdeka No. 176,Tangerang,LINA PRATAMA,8246860341,customer001124@example.com,JL MERDEKA NO 176,1990,[np.int64(1123)],1,C001124,1.0,Auto Match
Branch System,BR_0002852,PUTR1 PR4T4M4,1989-04-20,628757239185,customer001697@example.com,Jl. Merdeka No. 184,Semarang,PUTR1 PR4T4M4,08757239185,customer001697@example.com,JL MERDEKA NO 184,1989,[np.int64(1696)],1,C001697,0.9111721611721612,Auto Match
Branch System,BR_0002853,Oscar Siregar,1996-04-16,8367571831,customer000787@examplecom,Jl. Ahmad Yani No. 196,Makassar,OSCAR SIREGAR,8367571831,customer000787@examplecom,JL AHMAD YANI NO 196,1996,[np.int64(786)],1,C000787,0.9941176470588236,Auto Match
Branch System,BR_0002854,Fajar Ramadhan,2002-03-07,628700149956,customer000390@example.com,Jl. Diponegoro No. 128,Semarang,FAJAR RAMADHAN,08700149956,customer000390@example.com,JL DIPONEGORO NO 128,2002,[np.int64(389)],1,C000390,0.9880952380952381,Auto Match
Branch System,BR_0002855,FajarLestari,2004-10-24,8255737324,customer001292@examplecom,Jl. Sudirman No. 83,Depok,FAJARLESTARI,8255737324,customer001292@examplecom,JL SUDIRMAN NO 83,2004,[np.int64(1291)],1,C001292,0.9841176470588235,Auto Match
Branch System,BR_0002856,GitaLestari,2004-05-01,8249177651,customer000186@example.com,JL. SUDIRMAN NO. 67,Depok,GITALESTARI,8249177651,customer000186@example.com,JL SUDIRMAN NO 67,2004,[np.int64(185)],1,C000186,0.9891304347826088,Auto Match
Branch System,BR_0002857,SARIPERMATA,2015-09-03,8344840669,customer000063@example.com,Jalan Ahmad Yani No. 103,Jakarta,SARIPERMATA,8344840669,customer000063@example.com,JL AHMAD YANI NO 103,2015,[np.int64(62)],1,C000063,0.9891304347826088,Auto Match
Branch System,BR_0002858,Lina Pratama,2004-04-04,8403034439,customer000753@examplecom,Jl. Sudirman No. 122,Depok,LINA PRATAMA,8403034439,customer000753@examplecom,JL SUDIRMAN NO 122,2004,[np.int64(752)],1,C000753,0.9941176470588236,Auto Match
Branch System,BR_0002859,Tono Hidayat,2016-04-21,815826234,customer001192@examplecom,JL. AHMAD YANI NO. 162,Surabaya,TONO HIDAYAT,815826234,customer001192@examplecom,JL AHMAD YANI NO 162,2016,[np.int64(1191)],1,C001192,0.9809597523219814,Auto Match
Branch System,BR_0002860,EKO RAMADHAN,2013-10-28,628433267464,customer001649@examplecom,Jalan Gatot Subroto No. 129,Makassar,EKO RAMADHAN,08433267464,customer001649@examplecom,JL GATOT SUBROTO NO 129,2013,[np.int64(1648)],1,C001649,0.9822128851540616,Auto Match
Branch System,BR_0002861,Maya Lestari,1990-12-25,628608429944,customer001092@example.com,Jl. Diponegoro No. 106,Surabaya,MAYA LESTARI,08608429944,customer001092@example.com,JL DIPONEGORO NO 106,1990,[np.int64(1091)],1,C001092,0.9880952380952381,Auto Match
Branch System,BR_0002862,Lina Santoso,2000-10-21,855540469,customer000728@example.com,Jalan Diponegoro No. 172,Semarang,LINA SANTOSO,855540469,customer000728@example.com,JL DIPONEGORO NO 172,2000,[np.int64(727)],1,C000728,0.986842105263158,Auto Match
Branch System,BR_0002863,RinaPratama,1998-01-22,8796464784,customer001081@example.com,Jl. Sudirman No. 161,Jakarta,RINAPRATAMA,8796464784,customer001081@example.com,JL SUDIRMAN NO 161,1998,[np.int64(1080)],1,C001081,0.9891304347826088,Auto Match
Branch System,BR_0002864,BUDI SAPUTRA,2010-08-06,8974135183,customer001353@example.com,Jl. Merdeka No. 132,Bogor,BUDI SAPUTRA,8974135183,customer001353@example.com,JL MERDEKA NO 132,2010,[np.int64(1352)],1,C001353,1.0,Auto Match
Branch System,BR_0002865,Rina Ramadhan,1996-10-27,8231833020,customer000434@example.com,Jl. Diponegoro No. 52,Depok,RINA RAMADHAN,8231833020,customer000434@example.com,JL DIPONEGORO NO 52,1996,[np.int64(433)],1,C000434,1.0,Auto Match
Branch System,BR_0002866,IwanSantoso,1996-08-21,628372265328,customer000647@examplecom,Jl. Sudirman No. 109,Bandung,IWANSANTOSO,08372265328,customer000647@examplecom,JL SUDIRMAN NO 109,1996,[],0,C000647,0.9713433199366702,Auto Match
Branch System,BR_0002867,AndiSetiawan,1998-08-16,628135019738,customer001655@example.com,Jl. Diponegoro No. 74,Bogor,ANDISETIAWAN,08135019738,customer001655@example.com,JL DIPONEGORO NO 74,1998,[np.int64(1654)],1,C001655,0.9780952380952381,Auto Match
Branch System,BR_0002868,Putri Pratama,2010-04-27,8897299824,customer001405@example.com,Jl. Ahmad Yani No. 68,Surabaya,PUTRI PRATAMA,8897299824,customer001405@example.com,JL AHMAD YANI NO 68,2010,[np.int64(1404)],1,C001405,1.0,Auto Match
Branch System,BR_0002869,GITA PERMATA,2000-01-09,8527510247,customer001724@example.com,Jl. Merdeka No. 93,Depok,GITA PERMATA,8527510247,customer001724@example.com,JL MERDEKA NO 93,2000,[np.int64(1723)],1,C001724,1.0,Auto Match
Branch System,BR_0002870,DEWI PRATAMA,2012-04-13,8655618059,customer001185@examplecom,Jl. Sudirman No. 43,Medan,DEWI PRATAMA,8655618059,customer001185@examplecom,JL SUDIRMAN NO 43,2012,[np.int64(1184)],1,C001185,0.9941176470588236,Auto Match
Branch System,BR_0002871,4ndi Siregar,1993-06-06,628837829996,customer000957@example.com,Jl. Ahmad Yani No. 151,Makassar,4NDI SIREGAR,08837829996,customer000957@example.com,JL AHMAD YANI NO 151,1993,[np.int64(956)],1,C000957,0.9672619047619048,Auto Match
Branch System,BR_0002872,Karin Hidayat,2000-05-06,8865235573,customer000166@example.com,Jl. Merdeka No. 43,Surabaya,KARIN HIDAYAT,8865235573,customer000166@example.com,JL MERDEKA NO 43,2000,[np.int64(165)],1,C000166,1.0,Auto Match
Branch System,BR_0002873,RINA SAPUTRA,2008-03-10,8469397325,customer000277@example.com,Jl. Gatot Subroto No. 37,Bogor,RINA SAPUTRA,8469397325,customer000277@example.com,JL GATOT SUBROTO NO 37,2008,[np.int64(276)],1,C000277,1.0,Auto Match
Branch System,BR_0002874,Citra Nugroho,1999-01-08,8632171875,customer000111@example.com,Jl. Sudirman No. 102,Bandung,CITRA NUGROHO,8632171875,customer000111@example.com,JL SUDIRMAN NO 102,1999,[np.int64(110)],1,C000111,1.0,Auto Match
Branch System,BR_0002875,EKORAMADHAN,1995-05-28,8395901919,customer000182@example.com,Jl. Sudirman No. 106,Bogor,EKORAMADHAN,8395901919,customer000182@example.com,JL SUDIRMAN NO 106,1995,[np.int64(181)],1,C000182,0.9891304347826088,Auto Match
Branch System,BR_0002876,Budi Siregar,1998-10-11,628754896935,customer001641@examplecom,Jl. Sudirman No. 196,Bekasi,BUDI SIREGAR,08754896935,customer001641@examplecom,JL SUDIRMAN NO 196,1998,[np.int64(1640)],1,C001641,0.9822128851540616,Auto Match
Branch System,BR_0002877,Dewi Pratama,2009-10-28,628410121174,customer000946@example.com,Jl. Merdeka No. 153,Jakarta,DEWI PRATAMA,08410121174,customer000946@example.com,JL MERDEKA NO 153,2009,[np.int64(945)],1,C000946,0.9880952380952381,Auto Match
Branch System,BR_0002878,Vina Saputra,1991-01-11,628712959423,customer000691@examplecom,Jl. Sudirman No. 19,Makassar,VINA SAPUTRA,08712959423,customer000691@examplecom,JL SUDIRMAN NO 19,1991,[np.int64(690)],1,C000691,0.9822128851540616,Auto Match
Branch System,BR_0002879,Gita Wijaya,2009-03-31,8676851104,customer000679@example.com,JL. DIPONEGORO NO. 62,Bekasi,GITA WIJAYA,8676851104,customer000679@example.com,JL DIPONEGORO NO 62,2009,[np.int64(678)],1,C000679,1.0,Auto Match
Branch System,BR_0002880,Joko Santoso,2008-02-08,8885158262,customer001205@example.com,JALAN MERDEKA NO. 49,Makassar,JOKO SANTOSO,8885158262,customer001205@example.com,JL MERDEKA NO 49,2008,[np.int64(1204)],1,C001205,1.0,Auto Match
Branch System,BR_0002881,Budi Ramadhan,2001-07-07,628313136131,customer001578@example.com,Jl. Diponegoro No. 66,Semarang,BUDI RAMADHAN,08313136131,customer001578@example.com,JL DIPONEGORO NO 66,2001,[np.int64(1577)],1,C001578,0.9880952380952381,Auto Match
Branch System,BR_0002882,Karin Permata,1997-08-11,8371614005,customer000690@example.com,Jalan Gatot Subroto No. 179,Semarang,KARIN PERMATA,8371614005,customer000690@example.com,JL GATOT SUBROTO NO 179,1997,[np.int64(689)],1,C000690,1.0,Auto Match
Branch System,BR_0002883,LinaRamadhan,2014-01-16,628496453944,customer001223@examplecom,Jl. Ahmad Yani No. 53,Bekasi,LINARAMADHAN,08496453944,customer001223@examplecom,JL AHMAD YANI NO 53,2014,[],0,C001223,0.9722128851540616,Auto Match
Branch System,BR_0002884,PUTR1 NUGROHO,2001-10-31,8567303493,customer001422@example.com,Jl. Sudirman No. 138,Makassar,PUTR1 NUGROHO,8567303493,customer001422@example.com,JL SUDIRMAN NO 138,2001,[np.int64(1421)],1,C001422,0.980769230769231,Auto Match
Branch System,BR_0002885,MAYA WIJAYA,2001-11-18,8178871735,customer001674@example.com,Jl. Ahmad Yani No. 179,Jakarta,MAYA WIJAYA,8178871735,customer001674@example.com,JL AHMAD YANI NO 179,2001,[np.int64(1673)],1,C001674,1.0,Auto Match
Branch System,BR_0002886,Citra Wijaya,2009-10-20,62874060386,customer000392@example.com,Jl. Gatot Subroto No. 40,Semarang,CITRA WIJAYA,0874060386,customer000392@example.com,JL GATOT SUBROTO NO 40,2009,[np.int64(391)],1,C000392,0.9750000000000001,Auto Match
Branch System,BR_0002887,Eko Hidayat,2002-12-04,8996414178,customer000740@example.com,Jalan Ahmad Yani No. 196,Tangerang,EKO HIDAYAT,8996414178,customer000740@example.com,JL AHMAD YANI NO 196,2002,[np.int64(739)],1,C000740,1.0,Auto Match
Branch System,BR_0002888,M4Y4 S4PUTR4,2000-09-24,865362203,customer001652@example.com,Jl. Sudirman No. 3,Bandung,M4Y4 S4PUTR4,865362203,customer001652@example.com,JL SUDIRMAN NO 3,2000,[np.int64(1651)],1,C001652,0.9035087719298246,Auto Match
Branch System,BR_0002889,Fajar Lestari,1992-10-18,8521665001,customer000421@example.com,Jl. Merdeka No. 136,Medan,FAJAR LESTARI,8521665001,customer000421@example.com,JL MERDEKA NO 136,1992,[np.int64(420)],1,C000421,1.0,Auto Match
Branch System,BR_0002890,OSCAR WIJAYA,2015-08-21,8302767604,customer000089@example.com,Jl. Sudirman No. 33,Depok,OSCAR WIJAYA,8302767604,customer000089@example.com,JL SUDIRMAN NO 33,2015,[np.int64(88)],1,C000089,1.0,Auto Match
Branch System,BR_0002891,1W4N LEST4R1,2015-09-16,628633650606,customer000344@example.com,Jalan Gatot Subroto No. 81,Tangerang,1W4N LEST4R1,08633650606,customer000344@example.com,JL GATOT SUBROTO NO 81,2015,[np.int64(343)],1,C000344,0.9047619047619048,Auto Match
Branch System,BR_0002892,BUDIWIJAYA,2002-08-21,8384188029,customer000109@example.com,Jalan Gatot Subroto No. 166,Jakarta,BUDIWIJAYA,8384188029,customer000109@example.com,JL GATOT SUBROTO NO 166,2002,[np.int64(108)],1,C000109,0.9880952380952382,Auto Match
Branch System,BR_0002893,Joko Nugroho,2006-01-06,8227597605,customer001039@example.com,Jl. Diponegoro No. 199,Depok,JOKO NUGROHO,8227597605,customer001039@example.com,JL DIPONEGORO NO 199,2006,[np.int64(1038)],1,C001039,1.0,Auto Match
Branch System,BR_0002894,Dewi Setiawan,2002-10-13,8302723023,customer001407@example.com,Jl. Gatot Subroto No. 66,Semarang,DEWI SETIAWAN,8302723023,customer001407@example.com,JL GATOT SUBROTO NO 66,2002,[np.int64(1406)],1,C001407,1.0,Auto Match
Branch System,BR_0002895,F4J4R S4NTOSO,2004-04-14,8305467037,customer001394@example.com,Jl. Gatot Subroto No. 188,Depok,F4J4R S4NTOSO,8305467037,customer001394@example.com,JL GATOT SUBROTO NO 188,2004,[np.int64(1393)],1,C001394,0.9423076923076924,Auto Match
Branch System,BR_0002896,RINA PERMATA,1999-01-21,8774563478,customer000582@example.com,Jl. Sudirman No. 151,Depok,RINA PERMATA,8774563478,customer000582@example.com,JL SUDIRMAN NO 151,1999,[np.int64(581)],1,C000582,1.0,Auto Match
Branch System,BR_0002897,Dewi Wijaya,1996-08-22,8312896404,customer001765@example.com,Jalan Diponegoro No. 9,Tangerang,DEWI WIJAYA,8312896404,customer001765@example.com,JL DIPONEGORO NO 9,1996,[np.int64(1764)],1,C001765,1.0,Auto Match
Branch System,BR_0002898,Karin Lestari,1990-04-29,8226197863,customer000492@example.com,Jl. Gatot Subroto No. 94,Medan,KARIN LESTARI,8226197863,customer000492@example.com,JL GATOT SUBROTO NO 94,1990,[np.int64(491)],1,C000492,1.0,Auto Match
Branch System,BR_0002899,SARI SANTOSO,2011-03-25,8270064345,customer001732@example.com,JL. MERDEKA NO. 133,Jakarta,SARI SANTOSO,8270064345,customer001732@example.com,JL MERDEKA NO 133,2011,[np.int64(1731)],1,C001732,1.0,Auto Match
Branch System,BR_0002900,Andi Santoso,1998-01-11,8993259114,customer000451@example.com,Jl. Sudirman No. 149,Makassar,ANDI SANTOSO,8993259114,customer000451@example.com,JL SUDIRMAN NO 149,1998,[np.int64(450)],1,C000451,1.0,Auto Match
Branch System,BR_0002901,OscarSetiawan,2014-01-22,8461528897,customer001471@example.com,JL. GATOT SUBROTO NO. 19,Depok,OSCARSETIAWAN,8461528897,customer001471@example.com,JL GATOT SUBROTO NO 19,2014,[np.int64(1470)],1,C001471,0.9907407407407408,Auto Match
Branch System,BR_0002902,GITA NUGROHO,1991-12-08,8975339780,customer001035@example.com,Jl. Gatot Subroto No. 132,Jakarta,GITA NUGROHO,8975339780,customer001035@example.com,JL GATOT SUBROTO NO 132,1991,[np.int64(1034)],1,C001035,1.0,Auto Match
Branch System,BR_0002903,KARIN SAPUTRA,2003-04-09,8837575173,customer000464@example.com,Jl. Diponegoro No. 92,Tangerang,KARIN SAPUTRA,8837575173,customer000464@example.com,JL DIPONEGORO NO 92,2003,[np.int64(463)],1,C000464,1.0,Auto Match
Branch System,BR_0002904,PUTRI SAPUTRA,2003-12-08,8825995228,customer001288@example.com,Jl. Ahmad Yani No. 9,Jakarta,PUTRI SAPUTRA,8825995228,customer001288@example.com,JL AHMAD YANI NO 9,2003,[np.int64(1287)],1,C001288,1.0,Auto Match
Branch System,BR_0002905,Andi Kurniawan,2000-04-21,890006115,customer001596@example.com,Jl. Ahmad Yani No. 104,Depok,ANDI KURNIAWAN,890006115,customer001596@example.com,JL AHMAD YANI NO 104,2000,[np.int64(1595)],1,C001596,0.986842105263158,Auto Match
Branch System,BR_0002906,Gita Hidayat,2014-11-03,849448467,customer001499@example.com,Jl. Ahmad Yani No. 148,Medan,GITA HIDAYAT,849448467,customer001499@example.com,JL AHMAD YANI NO 148,2014,[np.int64(1498)],1,C001499,0.986842105263158,Auto Match
Branch System,BR_0002907,Sari Saputra,2000-03-16,8183229613,customer001046@example.com,JL. DIPONEGORO NO. 59,Makassar,SARI SAPUTRA,8183229613,customer001046@example.com,JL DIPONEGORO NO 59,2000,[np.int64(1045)],1,C001046,1.0,Auto Match
Branch System,BR_0002908,Fajar Nugroho,1995-04-28,8298478881,customer000141@example.com,Jl. Diponegoro No. 98,Bandung,FAJAR NUGROHO,8298478881,customer000141@example.com,JL DIPONEGORO NO 98,1995,[np.int64(140)],1,C000141,1.0,Auto Match
Branch System,BR_0002909,IWANRAMADHAN,1995-09-14,8152572941,customer001774@examplecom,Jalan Sudirman No. 123,Semarang,IWANRAMADHAN,8152572941,customer001774@examplecom,JL SUDIRMAN NO 123,1995,[np.int64(1773)],1,C001774,0.9841176470588235,Auto Match
Branch System,BR_0002910,Tono Pratama,2011-02-05,8474115067,customer001555@example.com,Jalan Merdeka No. 81,Semarang,TONO PRATAMA,8474115067,customer001555@example.com,JL MERDEKA NO 81,2011,[np.int64(1554)],1,C001555,1.0,Auto Match
Branch System,BR_0002911,1wanNugroho,1994-07-18,628494414520,customer000237@examplecom,Jl. Diponegoro No. 130,Bogor,1WANNUGROHO,08494414520,customer000237@examplecom,JL DIPONEGORO NO 130,1994,[],0,C000237,0.9496041895018876,Auto Match
Branch System,BR_0002912,1W4N R4M4DH4N,1993-05-31,8579466383,customer000003@examplecom,Jl. Gatot Subroto No. 56,Depok,1W4N R4M4DH4N,8579466383,customer000003@examplecom,JL GATOT SUBROTO NO 56,1993,[np.int64(2)],1,C000003,0.8979638009049774,Auto Match
Branch System,BR_0002913,Oscar Siregar,2015-09-21,8997907901,customer001494@example.com,Jl. Gatot Subroto No. 170,Bekasi,OSCAR SIREGAR,8997907901,customer001494@example.com,JL GATOT SUBROTO NO 170,2015,[np.int64(1493)],1,C001494,1.0,Auto Match
Branch System,BR_0002914,VINA PERMATA,1998-05-16,8842194021,customer000500@example.com,Jalan Sudirman No. 117,Makassar,VINA PERMATA,8842194021,customer000500@example.com,JL SUDIRMAN NO 117,1998,[np.int64(499)],1,C000500,1.0,Auto Match
Branch System,BR_0002915,H4N4 PERM4T4,2006-10-16,8496143682,customer001506@example.com,Jalan Merdeka No. 156,Surabaya,H4N4 PERM4T4,8496143682,customer001506@example.com,JL MERDEKA NO 156,2006,[np.int64(1505)],1,C001506,0.9166666666666667,Auto Match
Branch System,BR_0002916,JOKO SETIAWAN,1994-06-08,628123477468,customer001385@example.com,Jl. Diponegoro No. 122,Surabaya,JOKO SETIAWAN,08123477468,customer001385@example.com,JL DIPONEGORO NO 122,1994,[np.int64(1384)],1,C001385,0.9880952380952381,Auto Match
Branch System,BR_0002917,MAYASAPUTRA,2001-05-07,8922440854,customer000494@example.com,Jl. Gatot Subroto No. 140,Medan,MAYASAPUTRA,8922440854,customer000494@example.com,JL GATOT SUBROTO NO 140,2001,[np.int64(493)],1,C000494,0.9891304347826088,Auto Match
Branch System,BR_0002918,Nanda Setiawan,1992-05-03,8818515730,customer000410@example.com,Jl. Merdeka No. 189,Makassar,NANDA SETIAWAN,8818515730,customer000410@example.com,JL MERDEKA NO 189,1992,[np.int64(409)],1,C000410,1.0,Auto Match
Branch System,BR_0002919,Eko Kurniawan,1995-10-13,628244941114,customer000368@example.com,Jl. Merdeka No. 20,Semarang,EKO KURNIAWAN,08244941114,customer000368@example.com,JL MERDEKA NO 20,1995,[np.int64(367)],1,C000368,0.9880952380952381,Auto Match
Branch System,BR_0002920,Sari Kurniawan,1989-05-16,853456300,customer000761@example.com,Jalan Sudirman No. 184,Semarang,SARI KURNIAWAN,853456300,customer000761@example.com,JL SUDIRMAN NO 184,1989,[np.int64(760)],1,C000761,0.986842105263158,Auto Match
Branch System,BR_0002921,Fajar Setiawan,2009-07-31,8409434371,customer001758@examplecom,JL. SUDIRMAN NO. 44,Bekasi,FAJAR SETIAWAN,8409434371,customer001758@examplecom,JL SUDIRMAN NO 44,2009,[np.int64(1757)],1,C001758,0.9941176470588236,Auto Match
Branch System,BR_0002922,Tono Permata,1993-07-25,8924766903,customer001357@example.com,Jalan Diponegoro No. 105,Bandung,TONO PERMATA,8924766903,customer001357@example.com,JL DIPONEGORO NO 105,1993,[np.int64(1356)],1,C001357,1.0,Auto Match
Branch System,BR_0002923,Maya Saputra,2000-10-10,879335584,customer000171@example.com,JALAN SUDIRMAN NO. 23,Surabaya,MAYA SAPUTRA,879335584,customer000171@example.com,JL SUDIRMAN NO 23,2000,[np.int64(170)],1,C000171,0.986842105263158,Auto Match
Branch System,BR_0002924,Rina Setiawan,2001-06-09,8201444022,customer000544@examplecom,Jl. Ahmad Yani No. 136,Bekasi,RINA SETIAWAN,8201444022,customer000544@examplecom,JL AHMAD YANI NO 136,2001,[np.int64(543)],1,C000544,0.9941176470588236,Auto Match
Branch System,BR_0002925,Iwan Permata,1993-06-11,8361741290,customer000818@example.com,Jalan Diponegoro No. 43,Makassar,IWAN PERMATA,8361741290,customer000818@example.com,JL DIPONEGORO NO 43,1993,[np.int64(817)],1,C000818,1.0,Auto Match
Branch System,BR_0002926,Oscar Permata,2002-03-19,628556036052,customer001533@examplecom,Jl. Sudirman No. 194,Depok,OSCAR PERMATA,08556036052,customer001533@examplecom,JL SUDIRMAN NO 194,2002,[np.int64(1532)],1,C001533,0.9822128851540616,Auto Match
Branch System,BR_0002927,Joko Kurniawan,2007-06-22,628565979833,customer000055@example.com,Jl. Diponegoro No. 57,Jakarta,JOKO KURNIAWAN,08565979833,customer000055@example.com,JL DIPONEGORO NO 57,2007,[np.int64(54)],1,C000055,0.9880952380952381,Auto Match
Branch System,BR_0002928,Budi Saputra,2009-06-02,888164104,customer000330@example.com,Jalan Gatot Subroto No. 98,Semarang,BUDI SAPUTRA,888164104,customer000330@example.com,JL GATOT SUBROTO NO 98,2009,[np.int64(329)],1,C000330,0.986842105263158,Auto Match
Branch System,BR_0002929,Nanda Ramadhan,2002-07-24,888776503,customer000414@example.com,Jalan Diponegoro No. 121,Bekasi,NANDA RAMADHAN,888776503,customer000414@example.com,JL DIPONEGORO NO 121,2002,[np.int64(413)],1,C000414,0.986842105263158,Auto Match
Branch System,BR_0002930,EKO RAMADHAN,2015-11-26,8676495941,customer000554@example.com,JL. MERDEKA NO. 175,Bekasi,EKO RAMADHAN,8676495941,customer000554@example.com,JL MERDEKA NO 175,2015,[np.int64(553)],1,C000554,1.0,Auto Match
Branch System,BR_0002931,Hana Saputra,1997-07-12,8891184086,customer001146@example.com,Jalan Diponegoro No. 38,Bandung,HANA SAPUTRA,8891184086,customer001146@example.com,JL DIPONEGORO NO 38,1997,[np.int64(1145)],1,C001146,1.0,Auto Match
Branch System,BR_0002932,LINA NUGROHO,2015-01-12,8648860363,customer001365@example.com,Jl. Gatot Subroto No. 52,Bandung,LINA NUGROHO,8648860363,customer001365@example.com,JL GATOT SUBROTO NO 52,2015,[np.int64(1364)],1,C001365,1.0,Auto Match
Branch System,BR_0002933,Sari Hidayat,2008-03-29,8796330245,customer001554@example.com,JL. SUDIRMAN NO. 89,Semarang,SARI HIDAYAT,8796330245,customer001554@example.com,JL SUDIRMAN NO 89,2008,[np.int64(1553)],1,C001554,1.0,Auto Match
Branch System,BR_0002934,Rina Hidayat,2005-09-08,8211471192,customer000276@example.com,Jalan Gatot Subroto No. 64,Surabaya,RINA HIDAYAT,8211471192,customer000276@example.com,JL GATOT SUBROTO NO 64,2005,[np.int64(275)],1,C000276,1.0,Auto Match
Branch System,BR_0002935,Nanda Saputra,2007-05-10,8814477280,customer001276@examplecom,Jalan Gatot Subroto No. 110,Semarang,NANDA SAPUTRA,8814477280,customer001276@examplecom,JL GATOT SUBROTO NO 110,2007,[np.int64(1275)],1,C001276,0.9941176470588236,Auto Match
Branch System,BR_0002936,Gita Wijaya,2015-08-28,816321003,customer000764@example.com,Jalan Gatot Subroto No. 137,Jakarta,GITA WIJAYA,816321003,customer000764@example.com,JL GATOT SUBROTO NO 137,2015,[np.int64(763)],1,C000764,0.986842105263158,Auto Match
Branch System,BR_0002937,NandaRamadhan,2000-03-07,834508257,customer001580@examplecom,Jl. Sudirman No. 58,Bandung,NANDARAMADHAN,834508257,customer001580@examplecom,JL SUDIRMAN NO 58,2000,[],0,C001580,0.9717004930627221,Auto Match
Branch System,BR_0002938,KARIN RAMADHAN,2012-03-27,8352689605,customer000508@example.com,Jl. Gatot Subroto No. 199,Semarang,KARIN RAMADHAN,8352689605,customer000508@example.com,JL GATOT SUBROTO NO 199,2012,[np.int64(507)],1,C000508,1.0,Auto Match
Branch System,BR_0002939,RinaNugroho,2000-09-02,628391444301,customer000962@example.com,Jl. Sudirman No. 4,Tangerang,RINANUGROHO,08391444301,customer000962@example.com,JL SUDIRMAN NO 4,2000,[np.int64(961)],1,C000962,0.9772256728778469,Auto Match
Branch System,BR_0002940,MayaHidayat,2014-07-18,8190632140,customer001712@example.com,Jalan Sudirman No. 183,Depok,MAYAHIDAYAT,8190632140,customer001712@example.com,JL SUDIRMAN NO 183,2014,[np.int64(1711)],1,C001712,0.9891304347826088,Auto Match
Branch System,BR_0002941,BUDIRAMADHAN,1993-04-16,8916477634,customer001166@example.com,Jl. Diponegoro No. 111,Bogor,BUDIRAMADHAN,8916477634,customer001166@example.com,JL DIPONEGORO NO 111,1993,[np.int64(1165)],1,C001166,0.9900000000000001,Auto Match
Branch System,BR_0002942,EKO PRATAMA,2009-03-27,8785822411,customer001591@example.com,Jl. Sudirman No. 119,Surabaya,EKO PRATAMA,8785822411,customer001591@example.com,JL SUDIRMAN NO 119,2009,[np.int64(1590)],1,C001591,1.0,Auto Match
Branch System,BR_0002943,Tono Kurniawan,2001-11-12,628399569869,customer000031@example.com,Jalan Ahmad Yani No. 187,Makassar,TONO KURNIAWAN,08399569869,customer000031@example.com,JL AHMAD YANI NO 187,2001,[np.int64(30)],1,C000031,0.9880952380952381,Auto Match
Branch System,BR_0002944,BUDI SANTOSO,2002-04-12,8708417063,customer000681@example.com,Jalan Gatot Subroto No. 146,Surabaya,BUDI SANTOSO,8708417063,customer000681@example.com,JL GATOT SUBROTO NO 146,2002,[np.int64(680)],1,C000681,1.0,Auto Match
Branch System,BR_0002945,Gita Pratama,2011-09-22,841847277,customer000756@examplecom,Jl. Diponegoro No. 23,Jakarta,GITA PRATAMA,841847277,customer000756@examplecom,JL DIPONEGORO NO 23,2011,[np.int64(755)],1,C000756,0.9809597523219814,Auto Match
Branch System,BR_0002946,LinaSiregar,2010-02-27,8233127391,customer000749@example.com,Jl. Ahmad Yani No. 168,Jakarta,LINASIREGAR,8233127391,customer000749@example.com,JL AHMAD YANI NO 168,2010,[np.int64(748)],1,C000749,0.9891304347826088,Auto Match
Branch System,BR_0002947,HANA HIDAYAT,1994-01-08,856344574,customer001703@example.com,Jl. Merdeka No. 79,Medan,HANA HIDAYAT,856344574,customer001703@example.com,JL MERDEKA NO 79,1994,[np.int64(1702)],1,C001703,0.986842105263158,Auto Match
Branch System,BR_0002948,Eko Nugroho,2013-01-24,8614328548,customer001322@examplecom,Jl. Diponegoro No. 163,Bogor,EKO NUGROHO,8614328548,customer001322@examplecom,JL DIPONEGORO NO 163,2013,[np.int64(1321)],1,C001322,0.9941176470588236,Auto Match
Branch System,BR_0002949,Tono Santoso,2005-04-03,8945418050,customer000812@example.com,Jl. Sudirman No. 174,Depok,TONO SANTOSO,8945418050,customer000812@example.com,JL SUDIRMAN NO 174,2005,[np.int64(811)],1,C000812,1.0,Auto Match
Branch System,BR_0002950,RINA SAPUTRA,1992-05-31,8662467732,customer000802@example.com,Jl. Ahmad Yani No. 132,Bogor,RINA SAPUTRA,8662467732,customer000802@example.com,JL AHMAD YANI NO 132,1992,[np.int64(801)],1,C000802,1.0,Auto Match
Branch System,BR_0002951,N4ND4SET14W4N,1998-06-20,8606821988,customer000386@examplecom,Jl. Ahmad Yani No. 7,Bekasi,N4ND4SET14W4N,8606821988,customer000386@examplecom,JL AHMAD YANI NO 7,1998,[np.int64(385)],1,C000386,0.8922657952069717,Auto Match
Branch System,BR_0002952,Citra Setiawan,2008-09-13,8387576948,customer000614@example.com,Jl. Diponegoro No. 50,Semarang,CITRA SETIAWAN,8387576948,customer000614@example.com,JL DIPONEGORO NO 50,2008,[np.int64(613)],1,C000614,1.0,Auto Match
Branch System,BR_0002953,CITRA SETIAWAN,2014-01-27,8651167787,customer000914@example.com,Jalan Ahmad Yani No. 159,Medan,CITRA SETIAWAN,8651167787,customer000914@example.com,JL AHMAD YANI NO 159,2014,[np.int64(913)],1,C000914,1.0,Auto Match
Branch System,BR_0002954,PutriLestari,1997-12-01,895615195,customer001498@example.com,Jl. Diponegoro No. 185,Surabaya,PUTRILESTARI,895615195,customer001498@example.com,JL DIPONEGORO NO 185,1997,[np.int64(1497)],1,C001498,0.976842105263158,Auto Match
Branch System,BR_0002955,HANASIREGAR,2001-05-20,8486416094,customer001342@example.com,Jl. Ahmad Yani No. 112,Bandung,HANASIREGAR,8486416094,customer001342@example.com,JL AHMAD YANI NO 112,2001,[np.int64(1341)],1,C001342,0.9891304347826088,Auto Match
Branch System,BR_0002956,HanaWijaya,2000-01-27,8807173643,customer001443@examplecom,Jl. Diponegoro No. 174,Surabaya,HANAWIJAYA,8807173643,customer001443@examplecom,JL DIPONEGORO NO 174,2000,[np.int64(1442)],1,C001443,0.9822128851540616,Auto Match
Branch System,BR_0002957,Putri Pratama,2014-02-21,8376096674,customer001450@example.com,Jl. Merdeka No. 19,Semarang,PUTRI PRATAMA,8376096674,customer001450@example.com,JL MERDEKA NO 19,2014,[np.int64(1449)],1,C001450,1.0,Auto Match
Branch System,BR_0002958,Andi Siregar,2016-02-15,8913177721,customer000185@examplecom,Jl. Sudirman No. 186,Bekasi,ANDI SIREGAR,8913177721,customer000185@examplecom,JL SUDIRMAN NO 186,2016,[np.int64(184)],1,C000185,0.9941176470588236,Auto Match
Branch System,BR_0002959,Eko Setiawan,2003-09-30,858336025,customer000297@examplecom,Jalan Diponegoro No. 88,Semarang,EKO SETIAWAN,858336025,customer000297@examplecom,JL DIPONEGORO NO 88,2003,[np.int64(296)],1,C000297,0.9809597523219814,Auto Match
Branch System,BR_0002960,Gita Setiawan,2006-12-05,8368356123,customer001391@example.com,Jl. Sudirman No. 128,Jakarta,GITA SETIAWAN,8368356123,customer001391@example.com,JL SUDIRMAN NO 128,2006,[np.int64(1390)],1,C001391,1.0,Auto Match
Branch System,BR_0002961,MAYA SIREGAR,1991-02-28,8780664798,customer000993@example.com,JL. SUDIRMAN NO. 129,Makassar,MAYA SIREGAR,8780664798,customer000993@example.com,JL SUDIRMAN NO 129,1991,[np.int64(992)],1,C000993,1.0,Auto Match
Branch System,BR_0002962,JOKO PERMATA,1998-03-12,8772756962,customer001218@example.com,JALAN MERDEKA NO. 191,Tangerang,JOKO PERMATA,8772756962,customer001218@example.com,JL MERDEKA NO 191,1998,[np.int64(1217)],1,C001218,1.0,Auto Match
Branch System,BR_0002963,KARIN KURNIAWAN,2004-07-21,8608784891,customer000930@example.com,Jl. Merdeka No. 15,Tangerang,KARIN KURNIAWAN,8608784891,customer000930@example.com,JL MERDEKA NO 15,2004,[np.int64(929)],1,C000930,1.0,Auto Match
Branch System,BR_0002964,Budi Nugroho,2008-02-18,8951563896,customer000901@example.com,Jl. Gatot Subroto No. 143,Bandung,BUDI NUGROHO,8951563896,customer000901@example.com,JL GATOT SUBROTO NO 143,2008,[np.int64(900)],1,C000901,1.0,Auto Match
Branch System,BR_0002965,Putri Siregar,1993-02-10,8441998554,customer001612@example.com,Jalan Diponegoro No. 88,Bandung,PUTRI SIREGAR,8441998554,customer001612@example.com,JL DIPONEGORO NO 88,1993,[np.int64(1611)],1,C001612,1.0,Auto Match
Branch System,BR_0002966,Nanda Siregar,1991-08-08,628256809318,customer001098@example.com,Jl. Sudirman No. 115,Bogor,NANDA SIREGAR,08256809318,customer001098@example.com,JL SUDIRMAN NO 115,1991,[np.int64(1097)],1,C001098,0.9880952380952381,Auto Match
Branch System,BR_0002967,Tono Wijaya,2000-03-01,8751611026,customer000091@example.com,Jl. Diponegoro No. 28,Jakarta,TONO WIJAYA,8751611026,customer000091@example.com,JL DIPONEGORO NO 28,2000,[np.int64(90)],1,C000091,1.0,Auto Match
Branch System,BR_0002968,Nanda Kurniawan,1998-06-13,8649801124,customer000862@example.com,Jl. Sudirman No. 25,Semarang,NANDA KURNIAWAN,8649801124,customer000862@example.com,JL SUDIRMAN NO 25,1998,[np.int64(861)],1,C000862,1.0,Auto Match
Branch System,BR_0002969,IWAN WIJAYA,1998-06-06,8198690308,customer001368@example.com,Jl. Gatot Subroto No. 155,Medan,IWAN WIJAYA,8198690308,customer001368@example.com,JL GATOT SUBROTO NO 155,1998,[np.int64(1367)],1,C001368,1.0,Auto Match
Branch System,BR_0002970,Lina Santoso,1997-08-03,8314141251,customer000988@examplecom,Jl. Ahmad Yani No. 17,Jakarta,LINA SANTOSO,8314141251,customer000988@examplecom,JL AHMAD YANI NO 17,1997,[np.int64(987)],1,C000988,0.9941176470588236,Auto Match
Branch System,BR_0002971,MAYA SIREGAR,2011-04-05,62855390993,customer000606@example.com,Jl. Gatot Subroto No. 102,Medan,MAYA SIREGAR,0855390993,customer000606@example.com,JL GATOT SUBROTO NO 102,2011,[np.int64(605)],1,C000606,0.9750000000000001,Auto Match
Branch System,BR_0002972,Karin Santoso,2009-10-13,628890624938,customer001206@example.com,Jl. Sudirman No. 40,Semarang,KARIN SANTOSO,08890624938,customer001206@example.com,JL SUDIRMAN NO 40,2009,[np.int64(1205)],1,C001206,0.9880952380952381,Auto Match
Branch System,BR_0002973,GITA PERMATA,2016-05-21,628527741191,customer000696@example.com,Jl. Diponegoro No. 23,Tangerang,GITA PERMATA,08527741191,customer000696@example.com,JL DIPONEGORO NO 23,2016,[np.int64(695)],1,C000696,0.9880952380952381,Auto Match
Branch System,BR_0002974,Lina Setiawan,2015-04-30,8527597522,customer000999@example.com,Jalan Merdeka No. 150,Jakarta,LINA SETIAWAN,8527597522,customer000999@example.com,JL MERDEKA NO 150,2015,[np.int64(998)],1,C000999,1.0,Auto Match
Branch System,BR_0002975,Tono Wijaya,2011-03-29,62893423732,customer001153@example.com,Jl. Ahmad Yani No. 132,Jakarta,TONO WIJAYA,0893423732,customer001153@example.com,JL AHMAD YANI NO 132,2011,[np.int64(1152)],1,C001153,0.9750000000000001,Auto Match
Branch System,BR_0002976,Nanda Permata,2014-12-21,62851062257,customer000356@example.com,Jl. Diponegoro No. 69,Tangerang,NANDA PERMATA,0851062257,customer000356@example.com,JL DIPONEGORO NO 69,2014,[np.int64(355)],1,C000356,0.9750000000000001,Auto Match
Branch System,BR_0002977,FAJARKURNIAWAN,2014-02-23,8784857680,customer000649@example.com,Jl. Merdeka No. 29,Tangerang,FAJARKURNIAWAN,8784857680,customer000649@example.com,JL MERDEKA NO 29,2014,[np.int64(648)],1,C000649,0.9913793103448277,Auto Match
Branch System,BR_0002978,Tono Setiawan,1996-06-05,62872293302,customer000724@example.com,Jl. Ahmad Yani No. 157,Depok,TONO SETIAWAN,0872293302,customer000724@example.com,JL AHMAD YANI NO 157,1996,[np.int64(723)],1,C000724,0.9750000000000001,Auto Match
Branch System,BR_0002979,SariHidayat,2010-02-28,628268022906,customer000686@example.com,Jl. Merdeka No. 173,Bandung,SARIHIDAYAT,08268022906,customer000686@example.com,JL MERDEKA NO 173,2010,[np.int64(685)],1,C000686,0.9772256728778469,Auto Match
Branch System,BR_0002980,Rina Santoso,1993-01-21,8924423628,customer000768@example.com,Jl. Gatot Subroto No. 41,Bandung,RINA SANTOSO,8924423628,customer000768@example.com,JL GATOT SUBROTO NO 41,1993,[np.int64(767)],1,C000768,1.0,Auto Match
Branch System,BR_0002981,Maya Wijaya,2002-01-16,863678922,customer001107@example.com,JL. GATOT SUBROTO NO. 166,Tangerang,MAYA WIJAYA,863678922,customer001107@example.com,JL GATOT SUBROTO NO 166,2002,[np.int64(1106)],1,C001107,0.986842105263158,Auto Match
Branch System,BR_0002982,Maya Hidayat,1998-07-08,8922532113,customer000618@example.com,Jalan Merdeka No. 88,Tangerang,MAYA HIDAYAT,8922532113,customer000618@example.com,JL MERDEKA NO 88,1998,[np.int64(617)],1,C000618,1.0,Auto Match
Branch System,BR_0002983,CITRA SIREGAR,2006-01-03,8319656500,customer001675@example.com,Jl. Merdeka No. 191,Medan,CITRA SIREGAR,8319656500,customer001675@example.com,JL MERDEKA NO 191,2006,[np.int64(1674)],1,C001675,1.0,Auto Match
Branch System,BR_0002984,OSCAR PERMATA,1991-04-19,628777600909,customer000505@example.com,Jalan Merdeka No. 9,Surabaya,OSCAR PERMATA,08777600909,customer000505@example.com,JL MERDEKA NO 9,1991,[np.int64(504)],1,C000505,0.9880952380952381,Auto Match
Branch System,BR_0002985,IWAN SETIAWAN,2000-09-12,8739000846,customer000468@examplecom,Jalan Gatot Subroto No. 62,Makassar,IWAN SETIAWAN,8739000846,customer000468@examplecom,JL GATOT SUBROTO NO 62,2000,[np.int64(467)],1,C000468,0.9941176470588236,Auto Match
Branch System,BR_0002986,NANDA RAMADHAN,1999-09-17,628592132113,customer000652@example.com,Jalan Sudirman No. 161,Surabaya,NANDA RAMADHAN,08592132113,customer000652@example.com,JL SUDIRMAN NO 161,1999,[np.int64(651)],1,C000652,0.9880952380952381,Auto Match
Branch System,BR_0002987,Andi Permata,2001-11-13,628237155978,customer000354@example.com,Jalan Diponegoro No. 29,Surabaya,ANDI PERMATA,08237155978,customer000354@example.com,JL DIPONEGORO NO 29,2001,[np.int64(353)],1,C000354,0.9880952380952381,Auto Match
Branch System,BR_0002988,BUDI SIREGAR,2001-06-20,628162233384,customer000627@example.com,Jalan Diponegoro No. 110,Makassar,BUDI SIREGAR,08162233384,customer000627@example.com,JL DIPONEGORO NO 110,2001,[np.int64(626)],1,C000627,0.9880952380952381,Auto Match
Branch System,BR_0002989,LinaKurniawan,2007-02-05,8851961732,customer001538@example.com,Jl. Merdeka No. 16,Makassar,LINAKURNIAWAN,8851961732,customer001538@example.com,JL MERDEKA NO 16,2007,[np.int64(1537)],1,C001538,0.9907407407407408,Auto Match
Branch System,BR_0002990,SariSiregar,2008-02-29,886633642,customer001160@example.com,Jl. Ahmad Yani No. 105,Semarang,SARISIREGAR,886633642,customer001160@example.com,JL AHMAD YANI NO 105,2008,[np.int64(1159)],1,C001160,0.9759725400457667,Auto Match
Branch System,BR_0002991,TONO PRATAMA,1993-09-17,880443871,customer000767@example.com,Jl. Sudirman No. 141,Medan,TONO PRATAMA,880443871,customer000767@example.com,JL SUDIRMAN NO 141,1993,[np.int64(766)],1,C000767,0.986842105263158,Auto Match
Branch System,BR_0002992,Nanda Wijaya,2010-10-05,8728371219,customer000525@example.com,JALAN SUDIRMAN NO. 145,Semarang,NANDA WIJAYA,8728371219,customer000525@example.com,JL SUDIRMAN NO 145,2010,[np.int64(524)],1,C000525,1.0,Auto Match
Branch System,BR_0002993,Dewi Kurniawan,2004-04-26,880455433,customer000597@example.com,Jl. Merdeka No. 85,Bandung,DEWI KURNIAWAN,880455433,customer000597@example.com,JL MERDEKA NO 85,2004,[np.int64(596)],1,C000597,0.986842105263158,Auto Match
Branch System,BR_0002994,Budi Setiawan,1991-07-13,8236054504,customer001767@examplecom,Jl. Sudirman No. 11,Tangerang,BUDI SETIAWAN,8236054504,customer001767@examplecom,JL SUDIRMAN NO 11,1991,[np.int64(1766)],1,C001767,0.9941176470588236,Auto Match
Branch System,BR_0002995,Karin Santoso,1998-05-12,628243000035,customer000449@example.com,Jl. Merdeka No. 192,Makassar,KARIN SANTOSO,08243000035,customer000449@example.com,JL MERDEKA NO 192,1998,[np.int64(448)],1,C000449,0.9880952380952381,Auto Match
Branch System,BR_0002996,Budi Hidayat,2004-07-12,8491546918,customer001187@example.com,Jl. Merdeka No. 3,Semarang,BUDI HIDAYAT,8491546918,customer001187@example.com,JL MERDEKA NO 3,2004,[np.int64(1186)],1,C001187,1.0,Auto Match
Branch System,BR_0002997,GITA LESTARI,1996-05-12,8245604211,customer000120@examplecom,Jalan Merdeka No. 109,Bandung,GITA LESTARI,8245604211,customer000120@examplecom,JL MERDEKA NO 109,1996,[np.int64(119)],1,C000120,0.9941176470588236,Auto Match
Branch System,BR_0002998,SARI WIJAYA,2011-09-27,8295114730,customer000290@examplecom,JL. GATOT SUBROTO NO. 176,Bogor,SARI WIJAYA,8295114730,customer000290@examplecom,JL GATOT SUBROTO NO 176,2011,[np.int64(289)],1,C000290,0.9941176470588236,Auto Match
Branch System,BR_0002999,Lina Permata,2007-05-27,8649742094,customer001618@examplecom,Jl. Sudirman No. 60,Bogor,LINA PERMATA,8649742094,customer001618@examplecom,JL SUDIRMAN NO 60,2007,[np.int64(1617)],1,C001618,0.9941176470588236,Auto Match
Branch System,BR_0003000,Citra Wijaya,2009-01-27,8546902934,customer001341@example.com,Jl. Diponegoro No. 139,Semarang,CITRA WIJAYA,8546902934,customer001341@example.com,JL DIPONEGORO NO 139,2009,[np.int64(1340)],1,C001341,1.0,Auto Match
Branch System,BR_0003001,EKO KURNIAWAN,2016-07-04,628858638008,customer000049@examplecom,Jl. Sudirman No. 160,Bogor,EKO KURNIAWAN,08858638008,customer000049@examplecom,JL SUDIRMAN NO 160,2016,[np.int64(48)],1,C000049,0.9822128851540616,Auto Match
Branch System,BR_0003002,Andi Nugroho,2006-02-20,8565191558,customer001552@example.com,Jl. Ahmad Yani No. 53,Bekasi,ANDI NUGROHO,8565191558,customer001552@example.com,JL AHMAD YANI NO 53,2006,[np.int64(1551)],1,C001552,1.0,Auto Match
Branch System,BR_0003003,OSCAR KURNIAWAN,2011-11-19,628303757785,customer000030@example.com,JL. GATOT SUBROTO NO. 51,Bogor,OSCAR KURNIAWAN,08303757785,customer000030@example.com,JL GATOT SUBROTO NO 51,2011,[np.int64(29)],1,C000030,0.9880952380952381,Auto Match
Branch System,BR_0003004,ANDIKURNIAWAN,2009-02-03,8905129300,customer001086@examplecom,Jl. Ahmad Yani No. 182,Bandung,ANDIKURNIAWAN,8905129300,customer001086@examplecom,JL AHMAD YANI NO 182,2009,[np.int64(1085)],1,C001086,0.9848583877995642,Auto Match
Branch System,BR_0003005,Putri Siregar,2001-10-28,628745819002,customer000567@example.com,Jalan Gatot Subroto No. 198,Depok,PUTRI SIREGAR,08745819002,customer000567@example.com,JL GATOT SUBROTO NO 198,2001,[np.int64(566)],1,C000567,0.9880952380952381,Auto Match
Branch System,BR_0003006,BUDI KURNIAWAN,1992-10-01,8782342009,customer000518@example.com,JL. DIPONEGORO NO. 35,Bekasi,BUDI KURNIAWAN,8782342009,customer000518@example.com,JL DIPONEGORO NO 35,1992,[np.int64(517)],1,C000518,1.0,Auto Match
Branch System,BR_0003007,Eko Pratama,2005-12-07,897349948,customer000855@example.com,Jl. Sudirman No. 141,Depok,EKO PRATAMA,897349948,customer000855@example.com,JL SUDIRMAN NO 141,2005,[np.int64(854)],1,C000855,0.986842105263158,Auto Match
Branch System,BR_0003008,NANDA PRATAMA,1996-02-07,8416532151,customer000852@example.com,JALAN SUDIRMAN NO. 31,Bandung,NANDA PRATAMA,8416532151,customer000852@example.com,JL SUDIRMAN NO 31,1996,[np.int64(851)],1,C000852,1.0,Auto Match
Branch System,BR_0003009,GITA SAPUTRA,2000-08-16,8879648195,customer001136@example.com,Jalan Sudirman No. 13,Tangerang,GITA SAPUTRA,8879648195,customer001136@example.com,JL SUDIRMAN NO 13,2000,[np.int64(1135)],1,C001136,1.0,Auto Match
Branch System,BR_0003010,Karin Permata,1996-09-11,8490036524,customer000979@example.com,Jl. Gatot Subroto No. 81,Surabaya,KARIN PERMATA,8490036524,customer000979@example.com,JL GATOT SUBROTO NO 81,1996,[np.int64(978)],1,C000979,1.0,Auto Match
Branch System,BR_0003011,Citra Permata,1999-03-30,8534617048,customer001446@example.com,Jl. Diponegoro No. 160,Bekasi,CITRA PERMATA,8534617048,customer001446@example.com,JL DIPONEGORO NO 160,1999,[np.int64(1445)],1,C001446,1.0,Auto Match
Branch System,BR_0003012,Lina Lestari,2008-10-28,628231435222,customer000814@example.com,Jl. Ahmad Yani No. 7,Makassar,LINA LESTARI,08231435222,customer000814@example.com,JL AHMAD YANI NO 7,2008,[np.int64(813)],1,C000814,0.9880952380952381,Auto Match
Branch System,BR_0003013,Vina Siregar,2009-08-15,628278004382,customer000602@example.com,JL. DIPONEGORO NO. 155,Surabaya,VINA SIREGAR,08278004382,customer000602@example.com,JL DIPONEGORO NO 155,2009,[np.int64(601)],1,C000602,0.9880952380952381,Auto Match
Branch System,BR_0003014,VINANUGROHO,2013-10-03,8591448659,customer001020@example.com,Jl. Gatot Subroto No. 112,Jakarta,VINANUGROHO,8591448659,customer001020@example.com,JL GATOT SUBROTO NO 112,2013,[np.int64(1019)],1,C001020,0.9891304347826088,Auto Match
Branch System,BR_0003015,Tono Kurniawan,2000-01-17,8160725888,customer001051@example.com,JL. GATOT SUBROTO NO. 37,Medan,TONO KURNIAWAN,8160725888,customer001051@example.com,JL GATOT SUBROTO NO 37,2000,[np.int64(1050)],1,C001051,1.0,Auto Match
Branch System,BR_0003016,DewiSiregar,2014-07-27,8971116057,customer000343@examplecom,Jl. Ahmad Yani No. 119,Jakarta,DEWISIREGAR,8971116057,customer000343@examplecom,JL AHMAD YANI NO 119,2014,[np.int64(342)],1,C000343,0.9832480818414323,Auto Match
Branch System,BR_0003017,Citra Nugroho,2013-11-03,8536248925,customer001381@example.com,Jl. Sudirman No. 195,Jakarta,CITRA NUGROHO,8536248925,customer001381@example.com,JL SUDIRMAN NO 195,2013,[np.int64(1380)],1,C001381,1.0,Auto Match
Branch System,BR_0003018,Dewi Ramadhan,1990-12-21,853302089,customer001759@example.com,JL. AHMAD YANI NO. 96,Makassar,DEWI RAMADHAN,853302089,customer001759@example.com,JL AHMAD YANI NO 96,1990,[np.int64(1758)],1,C001759,0.986842105263158,Auto Match
Branch System,BR_0003019,S4R1S1REG4R,1994-01-26,8813182589,customer001791@example.com,Jl. Gatot Subroto No. 13,Bandung,S4R1S1REG4R,8813182589,customer001791@example.com,JL GATOT SUBROTO NO 13,1994,[np.int64(1790)],1,C001791,0.9021739130434784,Auto Match
Branch System,BR_0003020,Vina Saputra,2015-03-12,8291407235,customer001600@example.com,Jl. Sudirman No. 117,Bekasi,VINA SAPUTRA,8291407235,customer001600@example.com,JL SUDIRMAN NO 117,2015,[np.int64(1599)],1,C001600,1.0,Auto Match
Branch System,BR_0003021,VinaPratama,1995-11-10,869181175,customer000899@example.com,Jalan Merdeka No. 140,Bogor,VINAPRATAMA,869181175,customer000899@example.com,JL MERDEKA NO 140,1995,[np.int64(898)],1,C000899,0.9759725400457667,Auto Match
Branch System,BR_0003022,Iwan Siregar,1991-03-12,8379946591,customer000014@example.com,Jl. Merdeka No. 165,Surabaya,IWAN SIREGAR,8379946591,customer000014@example.com,JL MERDEKA NO 165,1991,[np.int64(13)],1,C000014,1.0,Auto Match
Branch System,BR_0003023,RinaWijaya,2005-03-25,628621123946,customer000985@example.com,Jl. Diponegoro No. 33,Jakarta,RINAWIJAYA,08621123946,customer000985@example.com,JL DIPONEGORO NO 33,2005,[np.int64(984)],1,C000985,0.9761904761904762,Auto Match
Branch System,BR_0003024,RINA KURNIAWAN,1990-04-18,8659630245,customer001534@example.com,JL. SUDIRMAN NO. 57,Bogor,RINA KURNIAWAN,8659630245,customer001534@example.com,JL SUDIRMAN NO 57,1990,[np.int64(1533)],1,C001534,1.0,Auto Match
Branch System,BR_0003025,Joko Kurniawan,1996-01-09,628834765193,customer000118@example.com,Jalan Sudirman No. 8,Medan,JOKO KURNIAWAN,08834765193,customer000118@example.com,JL SUDIRMAN NO 8,1996,[np.int64(117)],1,C000118,0.9880952380952381,Auto Match
Branch System,BR_0003026,Putri Pratama,1998-06-16,628866961274,customer001693@example.com,Jl. Merdeka No. 121,Jakarta,PUTRI PRATAMA,08866961274,customer001693@example.com,JL MERDEKA NO 121,1998,[np.int64(1692)],1,C001693,0.9880952380952381,Auto Match
Branch System,BR_0003027,Maya Wijaya,2007-03-17,8203000786,customer001415@example.com,Jalan Ahmad Yani No. 24,Makassar,MAYA WIJAYA,8203000786,customer001415@example.com,JL AHMAD YANI NO 24,2007,[np.int64(1414)],1,C001415,1.0,Auto Match
Branch System,BR_0003028,Lina Kurniawan,2012-08-16,8273706782,customer000712@example.com,Jl. Diponegoro No. 173,Surabaya,LINA KURNIAWAN,8273706782,customer000712@example.com,JL DIPONEGORO NO 173,2012,[np.int64(711)],1,C000712,1.0,Auto Match
Branch System,BR_0003029,Joko Kurniawan,2010-02-07,8329787479,customer000453@example.com,JALAN MERDEKA NO. 94,Tangerang,JOKO KURNIAWAN,8329787479,customer000453@example.com,JL MERDEKA NO 94,2010,[np.int64(452)],1,C000453,1.0,Auto Match
Branch System,BR_0003030,Joko Wijaya,2011-11-29,628869647550,customer001122@example.com,JL. DIPONEGORO NO. 126,Depok,JOKO WIJAYA,08869647550,customer001122@example.com,JL DIPONEGORO NO 126,2011,[np.int64(1121)],1,C001122,0.9880952380952381,Auto Match
Branch System,BR_0003031,FAJAR LESTARI,1991-07-17,62897479490,customer000020@example.com,Jl. Diponegoro No. 4,Bogor,FAJAR LESTARI,0897479490,customer000020@example.com,JL DIPONEGORO NO 4,1991,[np.int64(19)],1,C000020,0.9750000000000001,Auto Match
Branch System,BR_0003032,Andi Setiawan,2011-04-18,814109605,customer000233@examplecom,Jalan Merdeka No. 38,Surabaya,ANDI SETIAWAN,814109605,customer000233@examplecom,JL MERDEKA NO 38,2011,[np.int64(232)],1,C000233,0.9809597523219814,Auto Match
Branch System,BR_0003033,AndiPermata,2007-12-05,8367406500,customer001132@example.com,Jalan Merdeka No. 44,Depok,ANDIPERMATA,8367406500,customer001132@example.com,JL MERDEKA NO 44,2007,[np.int64(1131)],1,C001132,0.9891304347826088,Auto Match
Branch System,BR_0003034,RINARAMADHAN,1990-09-16,8675929956,customer000181@example.com,Jl. Sudirman No. 68,Bekasi,RINARAMADHAN,8675929956,customer000181@example.com,JL SUDIRMAN NO 68,1990,[np.int64(180)],1,C000181,0.9900000000000001,Auto Match
Branch System,BR_0003035,Hana Setiawan,2011-12-25,628355101450,customer001665@example.com,Jl. Ahmad Yani No. 57,Tangerang,HANA SETIAWAN,08355101450,customer001665@example.com,JL AHMAD YANI NO 57,2011,[np.int64(1664)],1,C001665,0.9880952380952381,Auto Match
Branch System,BR_0003036,Rina Setiawan,1991-01-01,8629487430,customer001701@example.com,Jalan Gatot Subroto No. 152,Bandung,RINA SETIAWAN,8629487430,customer001701@example.com,JL GATOT SUBROTO NO 152,1991,[np.int64(1700)],1,C001701,1.0,Auto Match
Branch System,BR_0003037,Fajar Pratama,1990-01-05,811382309,customer001520@example.com,Jl. Sudirman No. 166,Makassar,FAJAR PRATAMA,811382309,customer001520@example.com,JL SUDIRMAN NO 166,1990,[np.int64(1519)],1,C001520,0.986842105263158,Auto Match
Branch System,BR_0003038,Karin Nugroho,2009-09-25,830695321,customer000015@example.com,Jl. Merdeka No. 20,Makassar,KARIN NUGROHO,830695321,customer000015@example.com,JL MERDEKA NO 20,2009,[np.int64(14)],1,C000015,0.986842105263158,Auto Match
Branch System,BR_0003039,Nanda Permata,2012-10-16,8880838077,customer001688@example.com,Jalan Ahmad Yani No. 93,Medan,NANDA PERMATA,8880838077,customer001688@example.com,JL AHMAD YANI NO 93,2012,[np.int64(1687)],1,C001688,1.0,Auto Match
Branch System,BR_0003040,Budi Saputra,1997-09-21,891240091,customer001065@example.com,Jalan Diponegoro No. 55,Semarang,BUDI SAPUTRA,891240091,customer001065@example.com,JL DIPONEGORO NO 55,1997,[np.int64(1064)],1,C001065,0.986842105263158,Auto Match
Branch System,BR_0003041,BUDI KURNIAWAN,1997-03-07,8825325170,customer001017@example.com,Jl. Merdeka No. 199,Surabaya,BUDI KURNIAWAN,8825325170,customer001017@example.com,JL MERDEKA NO 199,1997,[np.int64(1016)],1,C001017,1.0,Auto Match
Branch System,BR_0003042,Lina Kurniawan,2008-05-29,628211935313,customer000333@example.com,Jl. Gatot Subroto No. 178,Jakarta,LINA KURNIAWAN,08211935313,customer000333@example.com,JL GATOT SUBROTO NO 178,2008,[np.int64(332)],1,C000333,0.9880952380952381,Auto Match
Branch System,BR_0003043,Karin Ramadhan,1994-09-13,628216275196,customer000662@example.com,Jl. Merdeka No. 55,Tangerang,KARIN RAMADHAN,08216275196,customer000662@example.com,JL MERDEKA NO 55,1994,[np.int64(661)],1,C000662,0.9880952380952381,Auto Match
Branch System,BR_0003044,Putri Siregar,2015-06-03,8485561923,customer000045@example.com,Jl. Merdeka No. 110,Jakarta,PUTRI SIREGAR,8485561923,customer000045@example.com,JL MERDEKA NO 110,2015,[np.int64(44)],1,C000045,1.0,Auto Match
Branch System,BR_0003045,Budi Lestari,2000-11-24,8770962670,customer001672@examplecom,Jl. Merdeka No. 8,Bogor,BUDI LESTARI,8770962670,customer001672@examplecom,JL MERDEKA NO 8,2000,[np.int64(1671)],1,C001672,0.9941176470588236,Auto Match
Branch System,BR_0003046,Iwan Saputra,2009-06-17,8897902121,customer000593@examplecom,Jl. Merdeka No. 81,Medan,IWAN SAPUTRA,8897902121,customer000593@examplecom,JL MERDEKA NO 81,2009,[np.int64(592)],1,C000593,0.9941176470588236,Auto Match
Branch System,BR_0003047,Gita Pratama,2014-02-17,8642175265,customer000553@example.com,JL. GATOT SUBROTO NO. 65,Bekasi,GITA PRATAMA,8642175265,customer000553@example.com,JL GATOT SUBROTO NO 65,2014,[np.int64(552)],1,C000553,1.0,Auto Match
Branch System,BR_0003048,MAYA WIJAYA,2003-07-05,8376543811,customer000337@examplecom,Jl. Sudirman No. 173,Bogor,MAYA WIJAYA,8376543811,customer000337@examplecom,JL SUDIRMAN NO 173,2003,[np.int64(336)],1,C000337,0.9941176470588236,Auto Match
Branch System,BR_0003049,4ndi Pratama,2009-08-29,8830683136,customer000870@example.com,Jl. Sudirman No. 169,Makassar,4NDI PRATAMA,8830683136,customer000870@example.com,JL SUDIRMAN NO 169,2009,[np.int64(869)],1,C000870,0.9791666666666667,Auto Match
Branch System,BR_0003050,Joko Ramadhan,1992-12-09,8825391523,customer001489@example.com,Jalan Gatot Subroto No. 26,Bandung,JOKO RAMADHAN,8825391523,customer001489@example.com,JL GATOT SUBROTO NO 26,1992,[np.int64(1488)],1,C001489,1.0,Auto Match
Branch System,BR_0003051,Nanda Siregar,2000-11-18,8968809409,customer001143@examplecom,Jl. Merdeka No. 145,Bekasi,NANDA SIREGAR,8968809409,customer001143@examplecom,JL MERDEKA NO 145,2000,[np.int64(1142)],1,C001143,0.9941176470588236,Auto Match
Branch System,BR_0003052,RINAPRATAMA,2009-08-11,8496778451,customer001526@examplecom,Jalan Merdeka No. 72,Jakarta,RINAPRATAMA,8496778451,customer001526@examplecom,JL MERDEKA NO 72,2009,[np.int64(1525)],1,C001526,0.9832480818414323,Auto Match
Branch System,BR_0003053,Dewi Setiawan,1994-11-23,8479495477,customer001676@example.com,Jl. Gatot Subroto No. 123,Semarang,DEWI SETIAWAN,8479495477,customer001676@example.com,JL GATOT SUBROTO NO 123,1994,[np.int64(1675)],1,C001676,1.0,Auto Match
Branch System,BR_0003054,Karin Siregar,1995-10-12,628895010742,customer001673@example.com,Jl. Diponegoro No. 103,Bandung,KARIN SIREGAR,08895010742,customer001673@example.com,JL DIPONEGORO NO 103,1995,[np.int64(1672)],1,C001673,0.9880952380952381,Auto Match
Branch System,BR_0003055,BudiKurniawan,2006-03-28,8122301019,customer000004@example.com,Jl. Gatot Subroto No. 84,Makassar,BUDIKURNIAWAN,8122301019,customer000004@example.com,JL GATOT SUBROTO NO 84,2006,[np.int64(3)],1,C000004,0.9907407407407408,Auto Match
Branch System,BR_0003056,Gita Kurniawan,2002-08-29,8890483256,customer001626@example.com,Jl. Diponegoro No. 79,Bogor,GITA KURNIAWAN,8890483256,customer001626@example.com,JL DIPONEGORO NO 79,2002,[np.int64(1625)],1,C001626,1.0,Auto Match
Branch System,BR_0003057,PUTRI HIDAYAT,2002-12-21,8331918381,customer000670@example.com,Jl. Diponegoro No. 147,Depok,PUTRI HIDAYAT,8331918381,customer000670@example.com,JL DIPONEGORO NO 147,2002,[np.int64(669)],1,C000670,1.0,Auto Match
Branch System,BR_0003058,Dewi Siregar,2006-10-19,896151807,customer000262@example.com,Jalan Diponegoro No. 103,Makassar,DEWI SIREGAR,896151807,customer000262@example.com,JL DIPONEGORO NO 103,2006,[np.int64(261)],1,C000262,0.986842105263158,Auto Match
Branch System,BR_0003059,Dewi Ramadhan,2008-02-09,8912072883,customer001256@example.com,Jl. Ahmad Yani No. 48,Jakarta,DEWI RAMADHAN,8912072883,customer001256@example.com,JL AHMAD YANI NO 48,2008,[np.int64(1255)],1,C001256,1.0,Auto Match
Branch System,BR_0003060,FAJAR SIREGAR,2001-07-22,628676175252,customer000506@example.com,Jl. Gatot Subroto No. 186,Bekasi,FAJAR SIREGAR,08676175252,customer000506@example.com,JL GATOT SUBROTO NO 186,2001,[np.int64(505)],1,C000506,0.9880952380952381,Auto Match
Branch System,BR_0003061,1wan Siregar,1999-06-30,8407147161,customer001541@example.com,Jl. Sudirman No. 99,Depok,1WAN SIREGAR,8407147161,customer001541@example.com,JL SUDIRMAN NO 99,1999,[np.int64(1540)],1,C001541,0.9791666666666667,Auto Match
Branch System,BR_0003062,MayaSantoso,2002-10-08,814160621,customer000763@examplecom,Jl. Merdeka No. 83,Jakarta,MAYASANTOSO,814160621,customer000763@examplecom,JL MERDEKA NO 83,2002,[],0,C000763,0.97009018710459,Auto Match
Branch System,BR_0003063,Maya Setiawan,1996-02-23,628390087745,customer001459@example.com,Jalan Merdeka No. 141,Semarang,MAYA SETIAWAN,08390087745,customer001459@example.com,JL MERDEKA NO 141,1996,[np.int64(1458)],1,C001459,0.9880952380952381,Auto Match
Branch System,BR_0003064,Putri Saputra,2000-05-14,8916212175,customer001715@example.com,Jl. Sudirman No. 92,Makassar,PUTRI SAPUTRA,8916212175,customer001715@example.com,JL SUDIRMAN NO 92,2000,[np.int64(1714)],1,C001715,1.0,Auto Match
Branch System,BR_0003065,Maya Saputra,2002-06-22,8929989299,customer001008@examplecom,Jalan Sudirman No. 142,Depok,MAYA SAPUTRA,8929989299,customer001008@examplecom,JL SUDIRMAN NO 142,2002,[np.int64(1007)],1,C001008,0.9941176470588236,Auto Match
Branch System,BR_0003066,Fajar Santoso,1993-08-16,8686119206,customer000620@examplecom,Jalan Merdeka No. 169,Bogor,FAJAR SANTOSO,8686119206,customer000620@examplecom,JL MERDEKA NO 169,1993,[np.int64(619)],1,C000620,0.9941176470588236,Auto Match
Branch System,BR_0003067,JokoLestari,2008-07-15,8532548232,customer001095@example.com,JL. DIPONEGORO NO. 141,Surabaya,JOKOLESTARI,8532548232,customer001095@example.com,JL DIPONEGORO NO 141,2008,[np.int64(1094)],1,C001095,0.9891304347826088,Auto Match
Branch System,BR_0003068,DEWI LESTARI,2006-08-30,628599248900,customer000130@example.com,Jl. Diponegoro No. 138,Surabaya,DEWI LESTARI,08599248900,customer000130@example.com,JL DIPONEGORO NO 138,2006,[np.int64(129)],1,C000130,0.9880952380952381,Auto Match
Branch System,BR_0003069,H4N4 W1J4Y4,1993-07-04,8968627904,customer001551@example.com,Jl. Sudirman No. 117,Surabaya,H4N4 W1J4Y4,8968627904,customer001551@example.com,JL SUDIRMAN NO 117,1993,[np.int64(1550)],1,C001551,0.8863636363636365,Auto Match
Branch System,BR_0003070,Vina Ramadhan,1990-06-04,62834952093,customer000252@example.com,Jalan Diponegoro No. 36,Jakarta,VINA RAMADHAN,0834952093,customer000252@example.com,JL DIPONEGORO NO 36,1990,[np.int64(251)],1,C000252,0.9750000000000001,Auto Match
Branch System,BR_0003071,VinaSantoso,2003-01-19,62844966769,customer001482@examplecom,JL. AHMAD YANI NO. 66,Bogor,VINASANTOSO,0844966769,customer001482@examplecom,JL AHMAD YANI NO 66,2003,[],0,C001482,0.9582480818414322,Auto Match
Branch System,BR_0003072,Eko Permata,1991-11-09,8753186948,customer001127@example.com,JL. DIPONEGORO NO. 68,Jakarta,EKO PERMATA,8753186948,customer001127@example.com,JL DIPONEGORO NO 68,1991,[np.int64(1126)],1,C001127,1.0,Auto Match
Branch System,BR_0003073,Andi Kurniawan,1997-08-28,874625799,customer000387@example.com,Jl. Sudirman No. 142,Surabaya,ANDI KURNIAWAN,874625799,customer000387@example.com,JL SUDIRMAN NO 142,1997,[np.int64(386)],1,C000387,0.986842105263158,Auto Match
Branch System,BR_0003074,Nanda Ramadhan,1991-11-05,628327743786,customer000714@example.com,Jalan Gatot Subroto No. 149,Jakarta,NANDA RAMADHAN,08327743786,customer000714@example.com,JL GATOT SUBROTO NO 149,1991,[np.int64(713)],1,C000714,0.9880952380952381,Auto Match
Branch System,BR_0003075,PUTRI PERMATA,1996-04-20,8151923404,customer000809@example.com,Jl. Gatot Subroto No. 15,Semarang,PUTRI PERMATA,8151923404,customer000809@example.com,JL GATOT SUBROTO NO 15,1996,[np.int64(808)],1,C000809,1.0,Auto Match
Branch System,BR_0003076,Tono Pratama,2015-05-25,8812820917,customer001470@example.com,JL. MERDEKA NO. 139,Bandung,TONO PRATAMA,8812820917,customer001470@example.com,JL MERDEKA NO 139,2015,[np.int64(1469)],1,C001470,1.0,Auto Match
Branch System,BR_0003077,Eko Nugroho,2010-02-07,62878475495,customer000678@example.com,Jl. Merdeka No. 134,Tangerang,EKO NUGROHO,0878475495,customer000678@example.com,JL MERDEKA NO 134,2010,[np.int64(677)],1,C000678,0.9750000000000001,Auto Match
Branch System,BR_0003078,OSCAR SAPUTRA,1993-01-30,8501185253,customer001354@example.com,Jl. Sudirman No. 66,Bogor,OSCAR SAPUTRA,8501185253,customer001354@example.com,JL SUDIRMAN NO 66,1993,[np.int64(1353)],1,C001354,1.0,Auto Match
Branch System,BR_0003079,EKOPRATAMA,1997-04-02,8282834617,customer001590@examplecom,Jl. Gatot Subroto No. 5,Bekasi,EKOPRATAMA,8282834617,customer001590@examplecom,JL GATOT SUBROTO NO 5,1997,[np.int64(1589)],1,C001590,0.9822128851540616,Auto Match
Branch System,BR_0003080,BUD1 S4NTOSO,1999-01-10,8739962417,customer001433@example.com,Jl. Sudirman No. 29,Tangerang,BUD1 S4NTOSO,8739962417,customer001433@example.com,JL SUDIRMAN NO 29,1999,[np.int64(1432)],1,C001433,0.9583333333333335,Auto Match
Branch System,BR_0003081,Vina Wijaya,2008-02-20,8629331712,customer000376@example.com,JL. DIPONEGORO NO. 11,Bekasi,VINA WIJAYA,8629331712,customer000376@example.com,JL DIPONEGORO NO 11,2008,[np.int64(375)],1,C000376,1.0,Auto Match
Branch System,BR_0003082,Tono Siregar,2009-04-07,8840088010,customer000358@examplecom,Jl. Diponegoro No. 16,Medan,TONO SIREGAR,8840088010,customer000358@examplecom,JL DIPONEGORO NO 16,2009,[np.int64(357)],1,C000358,0.9941176470588236,Auto Match
Branch System,BR_0003083,CITRA LESTARI,2015-04-04,8862186781,customer001043@example.com,Jl. Sudirman No. 95,Makassar,CITRA LESTARI,8862186781,customer001043@example.com,JL SUDIRMAN NO 95,2015,[np.int64(1042)],1,C001043,1.0,Auto Match
Branch System,BR_0003084,Karin Permata,1993-02-01,8820641675,customer001475@example.com,Jl. Gatot Subroto No. 89,Makassar,KARIN PERMATA,8820641675,customer001475@example.com,JL GATOT SUBROTO NO 89,1993,[np.int64(1474)],1,C001475,1.0,Auto Match
Branch System,BR_0003085,Sari Wijaya,2012-09-28,8151135910,customer000733@example.com,Jl. Diponegoro No. 171,Surabaya,SARI WIJAYA,8151135910,customer000733@example.com,JL DIPONEGORO NO 171,2012,[np.int64(732)],1,C000733,1.0,Auto Match
Branch System,BR_0003086,Lina Ramadhan,2016-03-16,8219501383,customer000502@example.com,Jl. Merdeka No. 195,Semarang,LINA RAMADHAN,8219501383,customer000502@example.com,JL MERDEKA NO 195,2016,[np.int64(501)],1,C000502,1.0,Auto Match
Branch System,BR_0003087,Sari Siregar,2001-01-29,8821007875,customer000019@example.com,Jl. Ahmad Yani No. 129,Medan,SARI SIREGAR,8821007875,customer000019@example.com,JL AHMAD YANI NO 129,2001,[np.int64(18)],1,C000019,1.0,Auto Match
Branch System,BR_0003088,1wanSantoso,1990-10-14,8524181687,customer001261@example.com,JL. AHMAD YANI NO. 26,Bekasi,1WANSANTOSO,8524181687,customer001261@example.com,JL AHMAD YANI NO 26,1990,[np.int64(1260)],1,C001261,0.9673913043478262,Auto Match
Branch System,BR_0003089,Eko Pratama,2001-02-16,8500925463,customer001484@example.com,Jl. Merdeka No. 175,Surabaya,EKO PRATAMA,8500925463,customer001484@example.com,JL MERDEKA NO 175,2001,[np.int64(1483)],1,C001484,1.0,Auto Match
Branch System,BR_0003090,Tono Santoso,1990-06-18,628922042994,customer000422@example.com,Jl. Sudirman No. 15,Tangerang,TONO SANTOSO,08922042994,customer000422@example.com,JL SUDIRMAN NO 15,1990,[np.int64(421)],1,C000422,0.9880952380952381,Auto Match
Branch System,BR_0003091,Joko Pratama,2001-05-26,841714092,customer000016@example.com,Jl. Diponegoro No. 24,Jakarta,JOKO PRATAMA,841714092,customer000016@example.com,JL DIPONEGORO NO 24,2001,[np.int64(15)],1,C000016,0.986842105263158,Auto Match
Branch System,BR_0003092,Eko Hidayat,2011-11-03,8810602382,customer001262@example.com,Jl. Sudirman No. 44,Makassar,EKO HIDAYAT,8810602382,customer001262@example.com,JL SUDIRMAN NO 44,2011,[np.int64(1261)],1,C001262,1.0,Auto Match
Branch System,BR_0003093,4ndi Siregar,1998-09-28,885700805,customer000117@example.com,Jl. Ahmad Yani No. 148,Tangerang,4NDI SIREGAR,885700805,customer000117@example.com,JL AHMAD YANI NO 148,1998,[np.int64(116)],1,C000117,0.9660087719298246,Auto Match
Branch System,BR_0003094,Vina Saputra,2011-04-13,628711536695,customer000169@example.com,Jl. Merdeka No. 173,Bandung,VINA SAPUTRA,08711536695,customer000169@example.com,JL MERDEKA NO 173,2011,[np.int64(168)],1,C000169,0.9880952380952381,Auto Match
Branch System,BR_0003095,Sari Hidayat,2000-08-28,8363220933,customer001424@examplecom,Jl. Merdeka No. 60,Bogor,SARI HIDAYAT,8363220933,customer001424@examplecom,JL MERDEKA NO 60,2000,[np.int64(1423)],1,C001424,0.9941176470588236,Auto Match
Branch System,BR_0003096,1wanWijaya,1990-10-10,8560677377,customer000918@example.com,Jl. Diponegoro No. 34,Tangerang,1WANWIJAYA,8560677377,customer000918@example.com,JL DIPONEGORO NO 34,1990,[np.int64(917)],1,C000918,0.9642857142857144,Auto Match
Branch System,BR_0003097,R1N4 PR4T4M4,1992-06-14,8377050108,customer000051@example.com,Jl. Ahmad Yani No. 123,Makassar,R1N4 PR4T4M4,8377050108,customer000051@example.com,JL AHMAD YANI NO 123,1992,[np.int64(50)],1,C000051,0.8958333333333335,Auto Match
Branch System,BR_0003098,Tono Pratama,1994-01-05,8724154881,customer000192@example.com,Jalan Gatot Subroto No. 115,Depok,TONO PRATAMA,8724154881,customer000192@example.com,JL GATOT SUBROTO NO 115,1994,[np.int64(191)],1,C000192,1.0,Auto Match
Branch System,BR_0003099,RINA HIDAYAT,2000-06-27,838273939,customer000547@example.com,Jl. Diponegoro No. 65,Jakarta,RINA HIDAYAT,838273939,customer000547@example.com,JL DIPONEGORO NO 65,2000,[np.int64(546)],1,C000547,0.986842105263158,Auto Match
Branch System,BR_0003100,LINASANTOSO,1993-10-25,8739422469,customer000683@example.com,Jl. Diponegoro No. 72,Medan,LINASANTOSO,8739422469,customer000683@example.com,JL DIPONEGORO NO 72,1993,[np.int64(682)],1,C000683,0.9891304347826088,Auto Match
Branch System,BR_0003101,Gita Permata,1989-06-30,8378003040,customer000304@examplecom,Jl. Ahmad Yani No. 22,Makassar,GITA PERMATA,8378003040,customer000304@examplecom,JL AHMAD YANI NO 22,1989,[np.int64(303)],1,C000304,0.9941176470588236,Auto Match
Branch System,BR_0003102,TonoSiregar,2014-10-27,831987750,customer001416@examplecom,Jl. Gatot Subroto No. 22,Surabaya,TONOSIREGAR,831987750,customer001416@examplecom,JL GATOT SUBROTO NO 22,2014,[],0,C001416,0.97009018710459,Auto Match
Branch System,BR_0003103,LINA SIREGAR,2007-10-04,877324681,customer001324@example.com,Jl. Merdeka No. 175,Jakarta,LINA SIREGAR,877324681,customer001324@example.com,JL MERDEKA NO 175,2007,[np.int64(1323)],1,C001324,0.986842105263158,Auto Match
Branch System,BR_0003104,EKO SAPUTRA,1990-10-27,861267500,customer000319@example.com,JL. AHMAD YANI NO. 67,Bogor,EKO SAPUTRA,861267500,customer000319@example.com,JL AHMAD YANI NO 67,1990,[np.int64(318)],1,C000319,0.986842105263158,Auto Match
Branch System,BR_0003105,Citra Permata,2006-02-22,822636889,customer001462@examplecom,Jl. Merdeka No. 194,Bekasi,CITRA PERMATA,822636889,customer001462@examplecom,JL MERDEKA NO 194,2006,[np.int64(1461)],1,C001462,0.9809597523219814,Auto Match
Branch System,BR_0003106,TonoRamadhan,1997-12-06,8827050517,customer000876@examplecom,Jl. Diponegoro No. 158,Medan,TONORAMADHAN,8827050517,customer000876@examplecom,JL DIPONEGORO NO 158,1997,[np.int64(875)],1,C000876,0.9841176470588235,Auto Match
Branch System,BR_0003107,1wanWijaya,2016-04-12,8707294517,customer000921@examplecom,Jl. Ahmad Yani No. 96,Medan,1WANWIJAYA,8707294517,customer000921@examplecom,JL AHMAD YANI NO 96,2016,[np.int64(920)],1,C000921,0.9584033613445379,Auto Match
Branch System,BR_0003108,Karin Setiawan,1990-06-03,628350745446,customer000527@examplecom,Jl. Merdeka No. 78,Surabaya,KARIN SETIAWAN,08350745446,customer000527@examplecom,JL MERDEKA NO 78,1990,[np.int64(526)],1,C000527,0.9822128851540616,Auto Match
Branch System,BR_0003109,Eko Santoso,1992-10-29,8530349071,customer001158@example.com,Jl. Sudirman No. 175,Surabaya,EKO SANTOSO,8530349071,customer001158@example.com,JL SUDIRMAN NO 175,1992,[np.int64(1157)],1,C001158,1.0,Auto Match
Branch System,BR_0003110,RinaSetiawan,1991-02-12,8893716494,customer000388@example.com,Jalan Merdeka No. 197,Bogor,RINASETIAWAN,8893716494,customer000388@example.com,JL MERDEKA NO 197,1991,[np.int64(387)],1,C000388,0.9900000000000001,Auto Match
Branch System,BR_0003111,G1T4SET14W4N,2001-05-30,8786748081,customer001744@examplecom,Jl. Diponegoro No. 90,Jakarta,G1T4SET14W4N,8786748081,customer001744@examplecom,JL DIPONEGORO NO 90,2001,[np.int64(1743)],1,C001744,0.8841176470588236,Auto Match
Branch System,BR_0003112,Citra Ramadhan,1991-09-15,628377873639,customer000928@example.com,JALAN MERDEKA NO. 100,Bekasi,CITRA RAMADHAN,08377873639,customer000928@example.com,JL MERDEKA NO 100,1991,[np.int64(927)],1,C000928,0.9880952380952381,Auto Match
Branch System,BR_0003113,Tono Permata,1992-01-12,8870366256,customer001317@example.com,Jl. Diponegoro No. 3,Depok,TONO PERMATA,8870366256,customer001317@example.com,JL DIPONEGORO NO 3,1992,[np.int64(1316)],1,C001317,1.0,Auto Match
Branch System,BR_0003114,Vina Hidayat,2000-01-31,8452838215,customer001327@example.com,Jl. Diponegoro No. 171,Jakarta,VINA HIDAYAT,8452838215,customer001327@example.com,JL DIPONEGORO NO 171,2000,[np.int64(1326)],1,C001327,1.0,Auto Match
Branch System,BR_0003115,Gita Permata,2014-10-16,8782218973,customer001799@example.com,Jl. Ahmad Yani No. 46,Surabaya,GITA PERMATA,8782218973,customer001799@example.com,JL AHMAD YANI NO 46,2014,[np.int64(1798)],1,C001799,1.0,Auto Match
Branch System,BR_0003116,Eko Santoso,2011-02-22,8238175464,customer001376@example.com,Jl. Merdeka No. 71,Bandung,EKO SANTOSO,8238175464,customer001376@example.com,JL MERDEKA NO 71,2011,[np.int64(1375)],1,C001376,1.0,Auto Match
Branch System,BR_0003117,L1N4 PERM4T4,1993-05-15,846329472,customer000328@example.com,Jl. Ahmad Yani No. 10,Semarang,L1N4 PERM4T4,846329472,customer000328@example.com,JL AHMAD YANI NO 10,1993,[np.int64(327)],1,C000328,0.9035087719298246,Auto Match
Branch System,BR_0003118,Hana Hidayat,2012-01-16,8607808397,customer001096@example.com,Jl. Diponegoro No. 59,Bogor,HANA HIDAYAT,8607808397,customer001096@example.com,JL DIPONEGORO NO 59,2012,[np.int64(1095)],1,C001096,1.0,Auto Match
Branch System,BR_0003119,1wan Hidayat,1994-01-03,628119689936,customer000187@example.com,Jl. Merdeka No. 85,Semarang,1WAN HIDAYAT,08119689936,customer000187@example.com,JL MERDEKA NO 85,1994,[np.int64(186)],1,C000187,0.9672619047619048,Auto Match
Branch System,BR_0003120,SARIRAMADHAN,2002-04-20,8691331773,customer000512@example.com,Jl. Merdeka No. 52,Surabaya,SARIRAMADHAN,8691331773,customer000512@example.com,JL MERDEKA NO 52,2002,[np.int64(511)],1,C000512,0.9900000000000001,Auto Match
Branch System,BR_0003121,NANDA HIDAYAT,2016-06-24,8597099474,customer001282@example.com,Jl. Merdeka No. 145,Medan,NANDA HIDAYAT,8597099474,customer001282@example.com,JL MERDEKA NO 145,2016,[np.int64(1281)],1,C001282,1.0,Auto Match
Branch System,BR_0003122,Karin Permata,1999-10-29,8200592779,customer001739@example.com,Jl. Merdeka No. 89,Depok,KARIN PERMATA,8200592779,customer001739@example.com,JL MERDEKA NO 89,1999,[np.int64(1738)],1,C001739,1.0,Auto Match
Branch System,BR_0003123,DEWI NUGROHO,2003-02-28,8300062037,customer001780@example.com,Jl. Ahmad Yani No. 59,Tangerang,DEWI NUGROHO,8300062037,customer001780@example.com,JL AHMAD YANI NO 59,2003,[np.int64(1779)],1,C001780,1.0,Auto Match
Branch System,BR_0003124,Joko Hidayat,2005-08-24,8692385265,customer001571@examplecom,Jl. Sudirman No. 95,Bekasi,JOKO HIDAYAT,8692385265,customer001571@examplecom,JL SUDIRMAN NO 95,2005,[np.int64(1570)],1,C001571,0.9941176470588236,Auto Match
Branch System,BR_0003125,G1T4 S1REG4R,1997-05-12,8410983292,customer000911@example.com,Jl. Ahmad Yani No. 2,Bogor,G1T4 S1REG4R,8410983292,customer000911@example.com,JL AHMAD YANI NO 2,1997,[np.int64(910)],1,C000911,0.9166666666666667,Auto Match
Branch System,BR_0003126,Andi Wijaya,2007-05-18,839422750,customer001769@example.com,Jl. Ahmad Yani No. 153,Surabaya,ANDI WIJAYA,839422750,customer001769@example.com,JL AHMAD YANI NO 153,2007,[np.int64(1768)],1,C001769,0.986842105263158,Auto Match
Branch System,BR_0003127,Dewi Nugroho,2016-04-11,62864205166,customer000126@example.com,Jl. Sudirman No. 101,Depok,DEWI NUGROHO,0864205166,customer000126@example.com,JL SUDIRMAN NO 101,2016,[np.int64(125)],1,C000126,0.9750000000000001,Auto Match
Branch System,BR_0003128,Budi Saputra,2002-08-19,8469307222,customer000044@example.com,JL. DIPONEGORO NO. 111,Medan,BUDI SAPUTRA,8469307222,customer000044@example.com,JL DIPONEGORO NO 111,2002,[np.int64(43)],1,C000044,1.0,Auto Match
Branch System,BR_0003129,Putri Ramadhan,2013-02-21,8433315833,customer001786@example.com,Jl. Gatot Subroto No. 151,Tangerang,PUTRI RAMADHAN,8433315833,customer001786@example.com,JL GATOT SUBROTO NO 151,2013,[np.int64(1785)],1,C001786,1.0,Auto Match
Branch System,BR_0003130,PutriRamadhan,1992-07-13,8821716149,customer000913@examplecom,Jl. Sudirman No. 85,Bekasi,PUTRIRAMADHAN,8821716149,customer000913@examplecom,JL SUDIRMAN NO 85,1992,[np.int64(912)],1,C000913,0.9848583877995642,Auto Match
Branch System,BR_0003131,Oscar Nugroho,1998-05-08,8692961532,customer001177@example.com,Jl. Sudirman No. 87,Medan,OSCAR NUGROHO,8692961532,customer001177@example.com,JL SUDIRMAN NO 87,1998,[np.int64(1176)],1,C001177,1.0,Auto Match
Branch System,BR_0003132,Vina Hidayat,1994-08-20,8219335599,customer000978@example.com,Jl. Diponegoro No. 126,Jakarta,VINA HIDAYAT,8219335599,customer000978@example.com,JL DIPONEGORO NO 126,1994,[np.int64(977)],1,C000978,1.0,Auto Match
Branch System,BR_0003133,Budi Hidayat,1996-05-29,62869202602,customer000634@example.com,Jl. Ahmad Yani No. 46,Surabaya,BUDI HIDAYAT,0869202602,customer000634@example.com,JL AHMAD YANI NO 46,1996,[np.int64(633)],1,C000634,0.9750000000000001,Auto Match
Branch System,BR_0003134,OscarSiregar,2014-05-21,628932011771,customer001623@examplecom,Jl. Sudirman No. 125,Bandung,OSCARSIREGAR,08932011771,customer001623@examplecom,JL SUDIRMAN NO 125,2014,[],0,C001623,0.9722128851540616,Auto Match
Branch System,BR_0003135,JOKO HIDAYAT,2009-06-08,825572152,customer000739@example.com,JL. SUDIRMAN NO. 123,Semarang,JOKO HIDAYAT,825572152,customer000739@example.com,JL SUDIRMAN NO 123,2009,[np.int64(738)],1,C000739,0.986842105263158,Auto Match
Branch System,BR_0003136,CITRA PRATAMA,2011-04-17,8114400690,customer001445@example.com,Jl. Merdeka No. 86,Medan,CITRA PRATAMA,8114400690,customer001445@example.com,JL MERDEKA NO 86,2011,[np.int64(1444)],1,C001445,1.0,Auto Match
Branch System,BR_0003137,TonoSetiawan,1991-08-03,8634864984,customer000382@examplecom,Jl. Diponegoro No. 128,Bekasi,TONOSETIAWAN,8634864984,customer000382@examplecom,JL DIPONEGORO NO 128,1991,[np.int64(381)],1,C000382,0.9841176470588235,Auto Match
Branch System,BR_0003138,F4J4R NUGROHO,2003-09-29,8636272154,customer000177@example.com,Jl. Diponegoro No. 41,Bekasi,F4J4R NUGROHO,8636272154,customer000177@example.com,JL DIPONEGORO NO 41,2003,[np.int64(176)],1,C000177,0.9615384615384617,Auto Match
Branch System,BR_0003139,Tono Permata,1993-09-30,8131572597,customer000090@example.com,Jl. Ahmad Yani No. 134,Bogor,TONO PERMATA,8131572597,customer000090@example.com,JL AHMAD YANI NO 134,1993,[np.int64(89)],1,C000090,1.0,Auto Match
Branch System,BR_0003140,1wan Wijaya,2008-12-21,8856115133,customer000938@example.com,Jl. Sudirman No. 84,Semarang,1WAN WIJAYA,8856115133,customer000938@example.com,JL SUDIRMAN NO 84,2008,[np.int64(937)],1,C000938,0.9772727272727274,Auto Match
Branch System,BR_0003141,DEWI HIDAYAT,2012-01-24,8711199814,customer001373@examplecom,JALAN MERDEKA NO. 196,Bekasi,DEWI HIDAYAT,8711199814,customer001373@examplecom,JL MERDEKA NO 196,2012,[np.int64(1372)],1,C001373,0.9941176470588236,Auto Match
Branch System,BR_0003142,TONO SET14W4N,2003-04-27,628204489376,customer001085@example.com,Jalan Ahmad Yani No. 172,Semarang,TONO SET14W4N,08204489376,customer001085@example.com,JL AHMAD YANI NO 172,2003,[np.int64(1084)],1,C001085,0.9304029304029304,Auto Match
Branch System,BR_0003143,OscarWijaya,2015-03-25,8383171465,customer000302@example.com,JL. SUDIRMAN NO. 67,Bandung,OSCARWIJAYA,8383171465,customer000302@example.com,JL SUDIRMAN NO 67,2015,[np.int64(301)],1,C000302,0.9891304347826088,Auto Match
Branch System,BR_0003144,AndiWijaya,1998-01-13,628162830895,customer000510@example.com,Jl. Gatot Subroto No. 180,Depok,ANDIWIJAYA,08162830895,customer000510@example.com,JL GATOT SUBROTO NO 180,1998,[np.int64(509)],1,C000510,0.9761904761904762,Auto Match
Branch System,BR_0003145,Dewi Santoso,2013-01-20,859950922,customer000826@example.com,JL. AHMAD YANI NO. 149,Depok,DEWI SANTOSO,859950922,customer000826@example.com,JL AHMAD YANI NO 149,2013,[np.int64(825)],1,C000826,0.986842105263158,Auto Match
Branch System,BR_0003146,GitaHidayat,1991-11-09,883947666,customer001243@example.com,Jl. Gatot Subroto No. 107,Makassar,GITAHIDAYAT,883947666,customer001243@example.com,JL GATOT SUBROTO NO 107,1991,[np.int64(1242)],1,C001243,0.9759725400457667,Auto Match
Branch System,BR_0003147,Fajar Siregar,1994-09-27,628606275307,customer001211@example.com,Jl. Merdeka No. 91,Bandung,FAJAR SIREGAR,08606275307,customer001211@example.com,JL MERDEKA NO 91,1994,[np.int64(1210)],1,C001211,0.9880952380952381,Auto Match
Branch System,BR_0003148,RINA HIDAYAT,1991-01-22,628894262577,customer001080@example.com,JL. MERDEKA NO. 110,Medan,RINA HIDAYAT,08894262577,customer001080@example.com,JL MERDEKA NO 110,1991,[np.int64(1079)],1,C001080,0.9880952380952381,Auto Match
Branch System,BR_0003149,Sari Kurniawan,2002-05-26,837070138,customer000755@example.com,JALAN DIPONEGORO NO. 100,Makassar,SARI KURNIAWAN,837070138,customer000755@example.com,JL DIPONEGORO NO 100,2002,[np.int64(754)],1,C000755,0.986842105263158,Auto Match
Branch System,BR_0003150,MAYA NUGROHO,2014-02-23,875226259,customer001725@example.com,Jl. Ahmad Yani No. 68,Bogor,MAYA NUGROHO,875226259,customer001725@example.com,JL AHMAD YANI NO 68,2014,[np.int64(1724)],1,C001725,0.986842105263158,Auto Match
Branch System,BR_0003151,IWANKURNIAWAN,2004-06-04,8400684473,customer000061@example.com,Jl. Sudirman No. 72,Tangerang,IWANKURNIAWAN,8400684473,customer000061@example.com,JL SUDIRMAN NO 72,2004,[np.int64(60)],1,C000061,0.9907407407407408,Auto Match
Branch System,BR_0003152,Karin Kurniawan,2002-10-19,8400520362,customer001060@example.com,Jl. Merdeka No. 164,Bogor,KARIN KURNIAWAN,8400520362,customer001060@example.com,JL MERDEKA NO 164,2002,[np.int64(1059)],1,C001060,1.0,Auto Match
Branch System,BR_0003153,Andi Ramadhan,2014-07-10,8294980981,customer001560@examplecom,Jl. Gatot Subroto No. 48,Bekasi,ANDI RAMADHAN,8294980981,customer001560@examplecom,JL GATOT SUBROTO NO 48,2014,[np.int64(1559)],1,C001560,0.9941176470588236,Auto Match
Branch System,BR_0003154,Sari Setiawan,2011-03-30,894393488,customer000688@example.com,Jl. Merdeka No. 72,Bekasi,SARI SETIAWAN,894393488,customer000688@example.com,JL MERDEKA NO 72,2011,[np.int64(687)],1,C000688,0.986842105263158,Auto Match
Branch System,BR_0003155,HanaRamadhan,1993-05-10,8728585698,customer000101@example.com,Jalan Diponegoro No. 72,Semarang,HANARAMADHAN,8728585698,customer000101@example.com,JL DIPONEGORO NO 72,1993,[np.int64(100)],1,C000101,0.9900000000000001,Auto Match
Branch System,BR_0003156,Hana Lestari,2016-05-03,8326679637,customer001513@examplecom,Jl. Diponegoro No. 108,Semarang,HANA LESTARI,8326679637,customer001513@examplecom,JL DIPONEGORO NO 108,2016,[np.int64(1512)],1,C001513,0.9941176470588236,Auto Match
Branch System,BR_0003157,Dewi Saputra,2008-07-07,881091538,customer000557@examplecom,Jl. Merdeka No. 52,Makassar,DEWI SAPUTRA,881091538,customer000557@examplecom,JL MERDEKA NO 52,2008,[np.int64(556)],1,C000557,0.9809597523219814,Auto Match
Branch System,BR_0003158,Gita Lestari,1999-06-25,628363104403,customer001064@example.com,Jl. Sudirman No. 138,Makassar,GITA LESTARI,08363104403,customer001064@example.com,JL SUDIRMAN NO 138,1999,[np.int64(1063)],1,C001064,0.9880952380952381,Auto Match
Branch System,BR_0003159,BUD1 SET14W4N,2011-06-14,628750074170,customer001706@example.com,Jl. Gatot Subroto No. 52,Semarang,BUD1 SET14W4N,08750074170,customer001706@example.com,JL GATOT SUBROTO NO 52,2011,[np.int64(1705)],1,C001706,0.9111721611721612,Auto Match
Branch System,BR_0003160,Karin Saputra,2005-10-27,8366519718,customer000751@examplecom,JL. DIPONEGORO NO. 135,Medan,KARIN SAPUTRA,8366519718,customer000751@examplecom,JL DIPONEGORO NO 135,2005,[np.int64(750)],1,C000751,0.9941176470588236,Auto Match
Branch System,BR_0003161,1wan Kurniawan,2016-04-17,8338513358,customer000666@example.com,JL. MERDEKA NO. 181,Makassar,1WAN KURNIAWAN,8338513358,customer000666@example.com,JL MERDEKA NO 181,2016,[np.int64(665)],1,C000666,0.9821428571428573,Auto Match
Branch System,BR_0003162,Iwan Nugroho,2014-01-23,818151420,customer001643@example.com,Jl. Diponegoro No. 153,Bandung,IWAN NUGROHO,818151420,customer001643@example.com,JL DIPONEGORO NO 153,2014,[np.int64(1642)],1,C001643,0.986842105263158,Auto Match
Branch System,BR_0003163,TonoWijaya,1996-12-20,8397286096,customer001111@example.com,JL. GATOT SUBROTO NO. 65,Semarang,TONOWIJAYA,8397286096,customer001111@example.com,JL GATOT SUBROTO NO 65,1996,[np.int64(1110)],1,C001111,0.9880952380952382,Auto Match
Branch System,BR_0003164,Maya Wijaya,2005-12-14,8834187249,customer000628@example.com,Jalan Gatot Subroto No. 95,Makassar,MAYA WIJAYA,8834187249,customer000628@example.com,JL GATOT SUBROTO NO 95,2005,[np.int64(627)],1,C000628,1.0,Auto Match
Branch System,BR_0003165,BudiPratama,2006-06-02,8142645810,customer001668@examplecom,Jl. Gatot Subroto No. 81,Medan,BUDIPRATAMA,8142645810,customer001668@examplecom,JL GATOT SUBROTO NO 81,2006,[np.int64(1667)],1,C001668,0.9832480818414323,Auto Match
Branch System,BR_0003166,Dewi Nugroho,2003-08-02,62823953283,customer001467@example.com,Jl. Ahmad Yani No. 9,Bogor,DEWI NUGROHO,0823953283,customer001467@example.com,JL AHMAD YANI NO 9,2003,[np.int64(1466)],1,C001467,0.9750000000000001,Auto Match
Branch System,BR_0003167,Gita Santoso,2015-11-16,8267995892,customer000085@example.com,Jl. Sudirman No. 44,Semarang,GITA SANTOSO,8267995892,customer000085@example.com,JL SUDIRMAN NO 44,2015,[np.int64(84)],1,C000085,1.0,Auto Match
Branch System,BR_0003168,Citra Nugroho,1998-08-05,62868445335,customer000839@example.com,Jalan Diponegoro No. 111,Bekasi,CITRA NUGROHO,0868445335,customer000839@example.com,JL DIPONEGORO NO 111,1998,[np.int64(838)],1,C000839,0.9750000000000001,Auto Match
Branch System,BR_0003169,KarinKurniawan,1998-08-10,8688514886,customer000466@example.com,Jl. Ahmad Yani No. 84,Depok,KARINKURNIAWAN,8688514886,customer000466@example.com,JL AHMAD YANI NO 84,1998,[np.int64(465)],1,C000466,0.9913793103448277,Auto Match
Branch System,BR_0003170,NANDA NUGROHO,2007-11-05,835585356,customer000119@examplecom,Jl. Diponegoro No. 174,Jakarta,NANDA NUGROHO,835585356,customer000119@examplecom,JL DIPONEGORO NO 174,2007,[np.int64(118)],1,C000119,0.9809597523219814,Auto Match
Branch System,BR_0003171,SariSiregar,1998-03-18,8211719671,customer001351@examplecom,Jl. Gatot Subroto No. 36,Bogor,SARISIREGAR,8211719671,customer001351@examplecom,JL GATOT SUBROTO NO 36,1998,[np.int64(1350)],1,C001351,0.9832480818414323,Auto Match
Branch System,BR_0003172,OSCARWIJAYA,2013-09-25,8434540133,customer000231@example.com,Jl. Ahmad Yani No. 57,Tangerang,OSCARWIJAYA,8434540133,customer000231@example.com,JL AHMAD YANI NO 57,2013,[np.int64(230)],1,C000231,0.9891304347826088,Auto Match
Branch System,BR_0003173,BudiNugroho,2015-06-23,811092681,customer000035@examplecom,JL. MERDEKA NO. 144,Bogor,BUDINUGROHO,811092681,customer000035@examplecom,JL MERDEKA NO 144,2015,[],0,C000035,0.97009018710459,Auto Match
Branch System,BR_0003174,Eko Santoso,2006-08-06,8621698246,customer000164@example.com,Jl. Merdeka No. 65,Makassar,EKO SANTOSO,8621698246,customer000164@example.com,JL MERDEKA NO 65,2006,[np.int64(163)],1,C000164,1.0,Auto Match
Branch System,BR_0003175,Eko Saputra,1996-06-09,8600596606,customer000909@example.com,Jl. Diponegoro No. 84,Jakarta,EKO SAPUTRA,8600596606,customer000909@example.com,JL DIPONEGORO NO 84,1996,[np.int64(908)],1,C000909,1.0,Auto Match
Branch System,BR_0003176,Rina Lestari,2010-07-12,8948561754,customer001585@example.com,Jl. Gatot Subroto No. 96,Jakarta,RINA LESTARI,8948561754,customer001585@example.com,JL GATOT SUBROTO NO 96,2010,[np.int64(1584)],1,C001585,1.0,Auto Match
Branch System,BR_0003177,NandaPermata,1996-05-05,8171007523,customer001259@example.com,Jl. Merdeka No. 112,Jakarta,NANDAPERMATA,8171007523,customer001259@example.com,JL MERDEKA NO 112,1996,[np.int64(1258)],1,C001259,0.9900000000000001,Auto Match
Branch System,BR_0003178,EKO PRATAMA,2001-08-14,8511961667,customer000284@examplecom,Jalan Merdeka No. 90,Semarang,EKO PRATAMA,8511961667,customer000284@examplecom,JL MERDEKA NO 90,2001,[np.int64(283)],1,C000284,0.9941176470588236,Auto Match
Branch System,BR_0003179,Joko Ramadhan,1991-01-11,8735535530,customer000677@example.com,Jl. Sudirman No. 136,Tangerang,JOKO RAMADHAN,8735535530,customer000677@example.com,JL SUDIRMAN NO 136,1991,[np.int64(676)],1,C000677,1.0,Auto Match
Branch System,BR_0003180,Sari Siregar,1993-09-17,8640724399,customer000779@example.com,Jalan Ahmad Yani No. 79,Depok,SARI SIREGAR,8640724399,customer000779@example.com,JL AHMAD YANI NO 79,1993,[np.int64(778)],1,C000779,1.0,Auto Match
Branch System,BR_0003181,Dewi Ramadhan,2015-10-03,886525531,customer001193@example.com,Jl. Merdeka No. 34,Bogor,DEWI RAMADHAN,886525531,customer001193@example.com,JL MERDEKA NO 34,2015,[np.int64(1192)],1,C001193,0.986842105263158,Auto Match
Branch System,BR_0003182,NandaPratama,2014-10-24,8475347594,customer001597@example.com,Jl. Ahmad Yani No. 60,Bekasi,NANDAPRATAMA,8475347594,customer001597@example.com,JL AHMAD YANI NO 60,2014,[np.int64(1596)],1,C001597,0.9900000000000001,Auto Match
Branch System,BR_0003183,Eko Nugroho,2016-06-03,628701599212,customer001540@example.com,Jalan Diponegoro No. 153,Tangerang,EKO NUGROHO,08701599212,customer001540@example.com,JL DIPONEGORO NO 153,2016,[np.int64(1539)],1,C001540,0.9880952380952381,Auto Match
Branch System,BR_0003184,PUTR1 W1J4Y4,1996-02-19,8566473847,customer000888@examplecom,Jalan Gatot Subroto No. 187,Depok,PUTR1 W1J4Y4,8566473847,customer000888@examplecom,JL GATOT SUBROTO NO 187,1996,[np.int64(887)],1,C000888,0.9107843137254902,Auto Match
Branch System,BR_0003185,PUTRI RAMADHAN,2005-05-31,8971544252,customer001336@examplecom,JL. MERDEKA NO. 5,Depok,PUTRI RAMADHAN,8971544252,customer001336@examplecom,JL MERDEKA NO 5,2005,[np.int64(1335)],1,C001336,0.9941176470588236,Auto Match
Branch System,BR_0003186,Citra Wijaya,1993-05-22,8793730489,customer000086@example.com,Jl. Gatot Subroto No. 111,Makassar,CITRA WIJAYA,8793730489,customer000086@example.com,JL GATOT SUBROTO NO 111,1993,[np.int64(85)],1,C000086,1.0,Auto Match
Branch System,BR_0003187,NandaRamadhan,2004-01-13,8734012458,customer001795@examplecom,Jl. Gatot Subroto No. 169,Tangerang,NANDARAMADHAN,8734012458,customer001795@examplecom,JL GATOT SUBROTO NO 169,2004,[np.int64(1794)],1,C001795,0.9848583877995642,Auto Match
Branch System,BR_0003188,G1T4 S1REG4R,2016-03-11,8751011601,customer001174@example.com,Jl. Sudirman No. 175,Depok,G1T4 S1REG4R,8751011601,customer001174@example.com,JL SUDIRMAN NO 175,2016,[np.int64(1173)],1,C001174,0.9166666666666667,Auto Match
Branch System,BR_0003189,IwanSantoso,2000-10-27,8817535972,customer000435@example.com,Jl. Merdeka No. 112,Makassar,IWANSANTOSO,8817535972,customer000435@example.com,JL MERDEKA NO 112,2000,[np.int64(434)],1,C000435,0.9891304347826088,Auto Match
Branch System,BR_0003190,HANA PERMATA,2007-11-11,8475033692,customer000843@example.com,Jl. Gatot Subroto No. 150,Medan,HANA PERMATA,8475033692,customer000843@example.com,JL GATOT SUBROTO NO 150,2007,[np.int64(842)],1,C000843,1.0,Auto Match
Branch System,BR_0003191,LinaPermata,1989-05-27,883474477,customer001168@example.com,Jl. Diponegoro No. 95,Bandung,LINAPERMATA,883474477,customer001168@example.com,JL DIPONEGORO NO 95,1989,[np.int64(1167)],1,C001168,0.9759725400457667,Auto Match
Branch System,BR_0003192,PutriLestari,1991-06-04,8776755456,customer001662@example.com,Jl. Merdeka No. 75,Medan,PUTRILESTARI,8776755456,customer001662@example.com,JL MERDEKA NO 75,1991,[np.int64(1661)],1,C001662,0.9900000000000001,Auto Match
Branch System,BR_0003193,NANDANUGROHO,1997-02-06,8203351206,customer000907@example.com,Jl. Sudirman No. 5,Bandung,NANDANUGROHO,8203351206,customer000907@example.com,JL SUDIRMAN NO 5,1997,[np.int64(906)],1,C000907,0.9900000000000001,Auto Match
Branch System,BR_0003194,Karin Pratama,2012-06-16,8729370842,customer001239@example.com,JALAN DIPONEGORO NO. 98,Medan,KARIN PRATAMA,8729370842,customer001239@example.com,JL DIPONEGORO NO 98,2012,[np.int64(1238)],1,C001239,1.0,Auto Match
Branch System,BR_0003195,Hana Setiawan,2010-11-23,852531615,customer000916@examplecom,JL. SUDIRMAN NO. 77,Bandung,HANA SETIAWAN,852531615,customer000916@examplecom,JL SUDIRMAN NO 77,2010,[np.int64(915)],1,C000916,0.9809597523219814,Auto Match
Branch System,BR_0003196,Putri Kurniawan,1992-04-15,837873377,customer000834@example.com,JL. AHMAD YANI NO. 144,Tangerang,PUTRI KURNIAWAN,837873377,customer000834@example.com,JL AHMAD YANI NO 144,1992,[np.int64(833)],1,C000834,0.986842105263158,Auto Match
Branch System,BR_0003197,Vina Siregar,1992-12-28,8402742978,customer000426@examplecom,Jl. Ahmad Yani No. 183,Semarang,VINA SIREGAR,8402742978,customer000426@examplecom,JL AHMAD YANI NO 183,1992,[np.int64(425)],1,C000426,0.9941176470588236,Auto Match
Branch System,BR_0003198,PUTRI HIDAYAT,1992-07-25,8630810984,customer000373@example.com,Jl. Diponegoro No. 66,Medan,PUTRI HIDAYAT,8630810984,customer000373@example.com,JL DIPONEGORO NO 66,1992,[np.int64(372)],1,C000373,1.0,Auto Match
Branch System,BR_0003199,TONO SAPUTRA,1991-08-16,8260190422,customer000658@example.com,Jl. Gatot Subroto No. 77,Makassar,TONO SAPUTRA,8260190422,customer000658@example.com,JL GATOT SUBROTO NO 77,1991,[np.int64(657)],1,C000658,1.0,Auto Match
Branch System,BR_0003200,Gita Pratama,1991-11-17,873893373,customer000953@example.com,Jl. Gatot Subroto No. 25,Jakarta,GITA PRATAMA,873893373,customer000953@example.com,JL GATOT SUBROTO NO 25,1991,[np.int64(952)],1,C000953,0.986842105263158,Auto Match
Branch System,BR_0003201,Iwan Hidayat,1989-11-09,8451222588,customer000660@example.com,JL. SUDIRMAN NO. 69,Tangerang,IWAN HIDAYAT,8451222588,customer000660@example.com,JL SUDIRMAN NO 69,1989,[np.int64(659)],1,C000660,1.0,Auto Match
Branch System,BR_0003202,Joko Santoso,1995-08-28,8874507198,customer000028@example.com,Jalan Ahmad Yani No. 157,Makassar,JOKO SANTOSO,8874507198,customer000028@example.com,JL AHMAD YANI NO 157,1995,[np.int64(27)],1,C000028,1.0,Auto Match
Branch System,BR_0003203,Budi Pratama,2012-06-13,8749231988,customer000727@example.com,Jl. Sudirman No. 159,Bandung,BUDI PRATAMA,8749231988,customer000727@example.com,JL SUDIRMAN NO 159,2012,[np.int64(726)],1,C000727,1.0,Auto Match
Branch System,BR_0003204,PUTRI LESTARI,2005-04-02,8534867503,customer001274@example.com,JL. DIPONEGORO NO. 154,Depok,PUTRI LESTARI,8534867503,customer001274@example.com,JL DIPONEGORO NO 154,2005,[np.int64(1273)],1,C001274,1.0,Auto Match
Branch System,BR_0003205,Lina Saputra,2009-10-17,847782950,customer001608@example.com,Jl. Merdeka No. 40,Medan,LINA SAPUTRA,847782950,customer001608@example.com,JL MERDEKA NO 40,2009,[np.int64(1607)],1,C001608,0.986842105263158,Auto Match
Branch System,BR_0003206,Fajar Saputra,2007-02-18,628830064157,customer000702@example.com,Jl. Diponegoro No. 176,Bandung,FAJAR SAPUTRA,08830064157,customer000702@example.com,JL DIPONEGORO NO 176,2007,[np.int64(701)],1,C000702,0.9880952380952381,Auto Match
Branch System,BR_0003207,Iwan Lestari,2007-01-21,8630662366,customer001079@example.com,Jl. Ahmad Yani No. 123,Bekasi,IWAN LESTARI,8630662366,customer001079@example.com,JL AHMAD YANI NO 123,2007,[np.int64(1078)],1,C001079,1.0,Auto Match
Branch System,BR_0003208,FAJAR SAPUTRA,2009-02-19,628387256574,customer001000@example.com,Jl. Sudirman No. 154,Bandung,FAJAR SAPUTRA,08387256574,customer001000@example.com,JL SUDIRMAN NO 154,2009,[np.int64(999)],1,C001000,0.9880952380952381,Auto Match
Branch System,BR_0003209,Citra Siregar,2006-06-17,628118398684,customer001258@example.com,Jl. Gatot Subroto No. 153,Bogor,CITRA SIREGAR,08118398684,customer001258@example.com,JL GATOT SUBROTO NO 153,2006,[np.int64(1257)],1,C001258,0.9880952380952381,Auto Match
Branch System,BR_0003210,TonoLestari,2002-12-03,8624044864,customer000534@example.com,Jl. Sudirman No. 156,Tangerang,TONOLESTARI,8624044864,customer000534@example.com,JL SUDIRMAN NO 156,2002,[np.int64(533)],1,C000534,0.9891304347826088,Auto Match
Branch System,BR_0003211,F4J4R LEST4R1,2012-07-21,8712046466,customer000467@example.com,JL. SUDIRMAN NO. 92,Depok,F4J4R LEST4R1,8712046466,customer000467@example.com,JL SUDIRMAN NO 92,2012,[np.int64(466)],1,C000467,0.9230769230769232,Auto Match
Branch System,BR_0003212,Andi Wijaya,1996-02-26,628135951818,customer000193@examplecom,Jalan Merdeka No. 198,Bogor,ANDI WIJAYA,08135951818,customer000193@examplecom,JL MERDEKA NO 198,1996,[np.int64(192)],1,C000193,0.9822128851540616,Auto Match
Branch System,BR_0003213,Karin Wijaya,2015-06-19,8585100938,customer000153@examplecom,Jl. Diponegoro No. 47,Surabaya,KARIN WIJAYA,8585100938,customer000153@examplecom,JL DIPONEGORO NO 47,2015,[np.int64(152)],1,C000153,0.9941176470588236,Auto Match
Branch System,BR_0003214,Dewi Setiawan,2014-09-20,895788339,customer000673@example.com,Jl. Gatot Subroto No. 121,Makassar,DEWI SETIAWAN,895788339,customer000673@example.com,JL GATOT SUBROTO NO 121,2014,[np.int64(672)],1,C000673,0.986842105263158,Auto Match
Branch System,BR_0003215,Iwan Siregar,1992-09-26,8466811968,customer000345@example.com,JL. SUDIRMAN NO. 85,Semarang,IWAN SIREGAR,8466811968,customer000345@example.com,JL SUDIRMAN NO 85,1992,[np.int64(344)],1,C000345,1.0,Auto Match
Branch System,BR_0003216,Putri Pratama,1996-05-11,830073251,customer001050@example.com,Jl. Ahmad Yani No. 156,Tangerang,PUTRI PRATAMA,830073251,customer001050@example.com,JL AHMAD YANI NO 156,1996,[np.int64(1049)],1,C001050,0.986842105263158,Auto Match
Branch System,BR_0003217,TONO PERMATA,1989-11-08,8629441698,customer001313@example.com,Jalan Ahmad Yani No. 167,Jakarta,TONO PERMATA,8629441698,customer001313@example.com,JL AHMAD YANI NO 167,1989,[np.int64(1312)],1,C001313,1.0,Auto Match
Branch System,BR_0003218,AndiSiregar,1999-01-01,62830887241,customer001186@example.com,JL. SUDIRMAN NO. 69,Makassar,ANDISIREGAR,0830887241,customer001186@example.com,JL SUDIRMAN NO 69,1999,[np.int64(1185)],1,C001186,0.9641304347826088,Auto Match
Branch System,BR_0003219,Dewi Nugroho,1997-02-13,8427414744,customer001125@example.com,Jalan Gatot Subroto No. 29,Bandung,DEWI NUGROHO,8427414744,customer001125@example.com,JL GATOT SUBROTO NO 29,1997,[np.int64(1124)],1,C001125,1.0,Auto Match
Branch System,BR_0003220,Tono Santoso,1997-10-15,8250562105,customer001721@example.com,Jl. Sudirman No. 169,Makassar,TONO SANTOSO,8250562105,customer001721@example.com,JL SUDIRMAN NO 169,1997,[np.int64(1720)],1,C001721,1.0,Auto Match
Branch System,BR_0003221,Oscar Permata,2007-08-23,628371466202,customer000570@examplecom,Jl. Diponegoro No. 89,Bogor,OSCAR PERMATA,08371466202,customer000570@examplecom,JL DIPONEGORO NO 89,2007,[np.int64(569)],1,C000570,0.9822128851540616,Auto Match
Branch System,BR_0003222,Eko Ramadhan,2004-01-17,8633343180,customer001667@example.com,Jl. Sudirman No. 49,Medan,EKO RAMADHAN,8633343180,customer001667@example.com,JL SUDIRMAN NO 49,2004,[np.int64(1666)],1,C001667,1.0,Auto Match
Branch System,BR_0003223,Nanda Ramadhan,2010-01-21,628395290727,customer001241@examplecom,Jl. Diponegoro No. 119,Bogor,NANDA RAMADHAN,08395290727,customer001241@examplecom,JL DIPONEGORO NO 119,2010,[np.int64(1240)],1,C001241,0.9822128851540616,Auto Match
Branch System,BR_0003224,DEWI RAMADHAN,2016-02-22,8349757736,customer000179@example.com,Jl. Gatot Subroto No. 133,Depok,DEWI RAMADHAN,8349757736,customer000179@example.com,JL GATOT SUBROTO NO 133,2016,[np.int64(178)],1,C000179,1.0,Auto Match
Branch System,BR_0003225,Fajar Nugroho,1990-11-05,8534344717,customer001137@examplecom,Jl. Gatot Subroto No. 75,Semarang,FAJAR NUGROHO,8534344717,customer001137@examplecom,JL GATOT SUBROTO NO 75,1990,[np.int64(1136)],1,C001137,0.9941176470588236,Auto Match
Branch System,BR_0003226,Putri Pratama,2002-02-07,628600837480,customer000036@example.com,Jl. Diponegoro No. 62,Jakarta,PUTRI PRATAMA,08600837480,customer000036@example.com,JL DIPONEGORO NO 62,2002,[np.int64(35)],1,C000036,0.9880952380952381,Auto Match
Branch System,BR_0003227,Joko Saputra,2003-10-14,62860666931,customer000902@examplecom,Jl. Gatot Subroto No. 187,Medan,JOKO SAPUTRA,0860666931,customer000902@examplecom,JL GATOT SUBROTO NO 187,2003,[np.int64(901)],1,C000902,0.9691176470588235,Auto Match
Branch System,BR_0003228,Budi Setiawan,1989-08-17,8369932414,customer000905@example.com,Jalan Ahmad Yani No. 155,Medan,BUDI SETIAWAN,8369932414,customer000905@example.com,JL AHMAD YANI NO 155,1989,[np.int64(904)],1,C000905,1.0,Auto Match
Branch System,BR_0003229,Oscar Lestari,2003-11-30,628348337248,customer000923@examplecom,Jl. Diponegoro No. 152,Medan,OSCAR LESTARI,08348337248,customer000923@examplecom,JL DIPONEGORO NO 152,2003,[np.int64(922)],1,C000923,0.9822128851540616,Auto Match
Branch System,BR_0003230,Oscar Pratama,1990-03-01,628721106721,customer000952@example.com,Jl. Sudirman No. 81,Semarang,OSCAR PRATAMA,08721106721,customer000952@example.com,JL SUDIRMAN NO 81,1990,[np.int64(951)],1,C000952,0.9880952380952381,Auto Match
Branch System,BR_0003231,Hana Santoso,2003-12-08,8991182909,customer001221@example.com,Jl. Ahmad Yani No. 68,Depok,HANA SANTOSO,8991182909,customer001221@example.com,JL AHMAD YANI NO 68,2003,[np.int64(1220)],1,C001221,1.0,Auto Match
Branch System,BR_0003232,TONOSET14W4N,1989-10-21,628454022048,customer000347@example.com,Jalan Merdeka No. 9,Tangerang,TONOSET14W4N,08454022048,customer000347@example.com,JL MERDEKA NO 9,1989,[np.int64(346)],1,C000347,0.9180952380952382,Auto Match
Branch System,BR_0003233,HANA WIJAYA,1989-09-23,895872659,customer000963@example.com,Jl. Sudirman No. 91,Depok,HANA WIJAYA,895872659,customer000963@example.com,JL SUDIRMAN NO 91,1989,[np.int64(962)],1,C000963,0.986842105263158,Auto Match
Branch System,BR_0003234,Iwan Hidayat,1997-04-03,8326539577,customer001171@examplecom,Jalan Ahmad Yani No. 116,Bekasi,IWAN HIDAYAT,8326539577,customer001171@examplecom,JL AHMAD YANI NO 116,1997,[np.int64(1170)],1,C001171,0.9941176470588236,Auto Match
Branch System,BR_0003235,TonoNugroho,1997-10-28,8801421789,customer001481@example.com,Jl. Merdeka No. 198,Depok,TONONUGROHO,8801421789,customer001481@example.com,JL MERDEKA NO 198,1997,[np.int64(1480)],1,C001481,0.9891304347826088,Auto Match
Branch System,BR_0003236,OSCAR SIREGAR,2008-02-26,8603609602,customer000008@example.com,Jl. Gatot Subroto No. 106,Bogor,OSCAR SIREGAR,8603609602,customer000008@example.com,JL GATOT SUBROTO NO 106,2008,[np.int64(7)],1,C000008,1.0,Auto Match
Branch System,BR_0003237,Rina Hidayat,2015-01-31,854853709,customer001311@example.com,Jl. Sudirman No. 163,Semarang,RINA HIDAYAT,854853709,customer001311@example.com,JL SUDIRMAN NO 163,2015,[np.int64(1310)],1,C001311,0.986842105263158,Auto Match
Branch System,BR_0003238,Sari Permata,2013-06-10,8411265474,customer001622@example.com,Jl. Ahmad Yani No. 52,Medan,SARI PERMATA,8411265474,customer001622@example.com,JL AHMAD YANI NO 52,2013,[np.int64(1621)],1,C001622,1.0,Auto Match
Branch System,BR_0003239,DewiNugroho,1994-07-25,628151572658,customer001191@example.com,Jl. Ahmad Yani No. 115,Medan,DEWINUGROHO,08151572658,customer001191@example.com,JL AHMAD YANI NO 115,1994,[np.int64(1190)],1,C001191,0.9772256728778469,Auto Match
Branch System,BR_0003240,GITAPERMATA,1997-01-07,62874463987,customer001687@example.com,Jl. Gatot Subroto No. 29,Depok,GITAPERMATA,0874463987,customer001687@example.com,JL GATOT SUBROTO NO 29,1997,[np.int64(1686)],1,C001687,0.9641304347826088,Auto Match
Branch System,BR_0003241,FAJAR SIREGAR,2013-01-07,8629039735,customer000241@example.com,Jl. Ahmad Yani No. 179,Jakarta,FAJAR SIREGAR,8629039735,customer000241@example.com,JL AHMAD YANI NO 179,2013,[np.int64(240)],1,C000241,1.0,Auto Match
Branch System,BR_0003242,ANDI SETIAWAN,2014-04-26,8923857242,customer001131@example.com,Jl. Sudirman No. 160,Depok,ANDI SETIAWAN,8923857242,customer001131@example.com,JL SUDIRMAN NO 160,2014,[np.int64(1130)],1,C001131,1.0,Auto Match
Branch System,BR_0003243,Joko Santoso,1999-12-15,8963082078,customer001726@example.com,Jl. Gatot Subroto No. 106,Depok,JOKO SANTOSO,8963082078,customer001726@example.com,JL GATOT SUBROTO NO 106,1999,[np.int64(1725)],1,C001726,1.0,Auto Match
Branch System,BR_0003244,Budi Permata,2013-03-28,844782931,customer001265@example.com,JL. SUDIRMAN NO. 84,Tangerang,BUDI PERMATA,844782931,customer001265@example.com,JL SUDIRMAN NO 84,2013,[np.int64(1264)],1,C001265,0.986842105263158,Auto Match
Branch System,BR_0003245,Vina Setiawan,1996-03-21,628874690924,customer001194@example.com,Jl. Sudirman No. 137,Makassar,VINA SETIAWAN,08874690924,customer001194@example.com,JL SUDIRMAN NO 137,1996,[np.int64(1193)],1,C001194,0.9880952380952381,Auto Match
Branch System,BR_0003246,Joko Setiawan,2010-03-11,8383229921,customer001109@example.com,Jl. Ahmad Yani No. 168,Surabaya,JOKO SETIAWAN,8383229921,customer001109@example.com,JL AHMAD YANI NO 168,2010,[np.int64(1108)],1,C001109,1.0,Auto Match
Branch System,BR_0003247,Joko Permata,2006-12-01,8474755736,customer000960@example.com,Jl. Merdeka No. 59,Bandung,JOKO PERMATA,8474755736,customer000960@example.com,JL MERDEKA NO 59,2006,[np.int64(959)],1,C000960,1.0,Auto Match
Branch System,BR_0003248,IWAN WIJAYA,1989-10-05,628707426496,customer000204@example.com,Jl. Diponegoro No. 42,Makassar,IWAN WIJAYA,08707426496,customer000204@example.com,JL DIPONEGORO NO 42,1989,[np.int64(203)],1,C000204,0.9880952380952381,Auto Match
Branch System,BR_0003249,Putri Permata,2007-03-20,8910994780,customer000721@example.com,Jl. Ahmad Yani No. 89,Bekasi,PUTRI PERMATA,8910994780,customer000721@example.com,JL AHMAD YANI NO 89,2007,[np.int64(720)],1,C000721,1.0,Auto Match
Branch System,BR_0003250,VINARAMADHAN,2005-07-17,8943215884,customer001018@example.com,Jl. Merdeka No. 89,Bekasi,VINARAMADHAN,8943215884,customer001018@example.com,JL MERDEKA NO 89,2005,[np.int64(1017)],1,C001018,0.9900000000000001,Auto Match
Branch System,BR_0003251,Karin Santoso,2009-04-26,8767586219,customer001069@example.com,JL. AHMAD YANI NO. 86,Bogor,KARIN SANTOSO,8767586219,customer001069@example.com,JL AHMAD YANI NO 86,2009,[np.int64(1068)],1,C001069,1.0,Auto Match
Branch System,BR_0003252,Oscar Ramadhan,2002-09-12,8350346055,customer001632@example.com,Jl. Sudirman No. 22,Jakarta,OSCAR RAMADHAN,8350346055,customer001632@example.com,JL SUDIRMAN NO 22,2002,[np.int64(1631)],1,C001632,1.0,Auto Match
Branch System,BR_0003253,IwanSaputra,2000-10-06,8792404249,customer000530@example.com,Jl. Gatot Subroto No. 3,Bandung,IWANSAPUTRA,8792404249,customer000530@example.com,JL GATOT SUBROTO NO 3,2000,[np.int64(529)],1,C000530,0.9891304347826088,Auto Match
Branch System,BR_0003254,VINAWIJAYA,2013-03-10,8538340943,customer001642@example.com,Jalan Sudirman No. 199,Bekasi,VINAWIJAYA,8538340943,customer001642@example.com,JL SUDIRMAN NO 199,2013,[np.int64(1641)],1,C001642,0.9880952380952382,Auto Match
Branch System,BR_0003255,Hana Hidayat,1998-10-22,8177001876,customer001030@example.com,JL. DIPONEGORO NO. 81,Bandung,HANA HIDAYAT,8177001876,customer001030@example.com,JL DIPONEGORO NO 81,1998,[np.int64(1029)],1,C001030,1.0,Auto Match
Branch System,BR_0003256,HANASANTOSO,2013-05-11,8734613350,customer001390@examplecom,Jl. Merdeka No. 176,Jakarta,HANASANTOSO,8734613350,customer001390@examplecom,JL MERDEKA NO 176,2013,[np.int64(1389)],1,C001390,0.9832480818414323,Auto Match
Branch System,BR_0003257,EkoSaputra,1993-09-15,8419802942,customer001792@example.com,Jl. Merdeka No. 162,Jakarta,EKOSAPUTRA,8419802942,customer001792@example.com,JL MERDEKA NO 162,1993,[np.int64(1791)],1,C001792,0.9880952380952382,Auto Match
Branch System,BR_0003258,PutriSetiawan,2013-12-18,8572583909,customer000104@example.com,Jl. Ahmad Yani No. 175,Tangerang,PUTRISETIAWAN,8572583909,customer000104@example.com,JL AHMAD YANI NO 175,2013,[np.int64(103)],1,C000104,0.9907407407407408,Auto Match
Branch System,BR_0003259,KARIN WIJAYA,1991-12-07,8289553941,customer000583@example.com,Jalan Diponegoro No. 186,Depok,KARIN WIJAYA,8289553941,customer000583@example.com,JL DIPONEGORO NO 186,1991,[np.int64(582)],1,C000583,1.0,Auto Match
Branch System,BR_0003260,HANA NUGROHO,2013-08-08,628485151397,customer001208@example.com,Jl. Ahmad Yani No. 111,Depok,HANA NUGROHO,08485151397,customer001208@example.com,JL AHMAD YANI NO 111,2013,[np.int64(1207)],1,C001208,0.9880952380952381,Auto Match
Branch System,BR_0003261,Eko Ramadhan,1996-10-24,8693382775,customer000646@example.com,JL. DIPONEGORO NO. 51,Tangerang,EKO RAMADHAN,8693382775,customer000646@example.com,JL DIPONEGORO NO 51,1996,[np.int64(645)],1,C000646,1.0,Auto Match
Branch System,BR_0003262,Sari Lestari,2014-06-13,8970677245,customer001379@example.com,Jl. Diponegoro No. 62,Jakarta,SARI LESTARI,8970677245,customer001379@example.com,JL DIPONEGORO NO 62,2014,[np.int64(1378)],1,C001379,1.0,Auto Match
Branch System,BR_0003263,EKO SANTOSO,1998-09-29,8698642241,customer001139@example.com,Jl. Ahmad Yani No. 117,Bogor,EKO SANTOSO,8698642241,customer001139@example.com,JL AHMAD YANI NO 117,1998,[np.int64(1138)],1,C001139,1.0,Auto Match
Branch System,BR_0003264,TonoRamadhan,2001-02-09,8922764843,customer001601@example.com,JALAN GATOT SUBROTO NO. 41,Medan,TONORAMADHAN,8922764843,customer001601@example.com,JL GATOT SUBROTO NO 41,2001,[np.int64(1600)],1,C001601,0.9900000000000001,Auto Match
Branch System,BR_0003265,Iwan Lestari,1995-12-07,8273296397,customer000479@example.com,Jl. Diponegoro No. 100,Semarang,IWAN LESTARI,8273296397,customer000479@example.com,JL DIPONEGORO NO 100,1995,[np.int64(478)],1,C000479,1.0,Auto Match
Branch System,BR_0003266,Andi Siregar,1989-12-25,836815552,customer000935@example.com,Jl. Gatot Subroto No. 88,Semarang,ANDI SIREGAR,836815552,customer000935@example.com,JL GATOT SUBROTO NO 88,1989,[np.int64(934)],1,C000935,0.986842105263158,Auto Match
Branch System,BR_0003267,PUTRI LESTARI,2003-04-14,628454111366,customer000054@example.com,Jl. Diponegoro No. 113,Jakarta,PUTRI LESTARI,08454111366,customer000054@example.com,JL DIPONEGORO NO 113,2003,[np.int64(53)],1,C000054,0.9880952380952381,Auto Match
Branch System,BR_0003268,Vina Nugroho,2003-05-19,8159162257,customer000622@examplecom,Jl. Ahmad Yani No. 155,Bandung,VINA NUGROHO,8159162257,customer000622@examplecom,JL AHMAD YANI NO 155,2003,[np.int64(621)],1,C000622,0.9941176470588236,Auto Match
Branch System,BR_0003269,Maya Ramadhan,1998-04-27,628704664372,customer001574@example.com,Jl. Ahmad Yani No. 125,Depok,MAYA RAMADHAN,08704664372,customer001574@example.com,JL AHMAD YANI NO 125,1998,[np.int64(1573)],1,C001574,0.9880952380952381,Auto Match
Branch System,BR_0003270,AndiRamadhan,2007-12-28,8233152221,customer000420@example.com,Jalan Merdeka No. 179,Bogor,ANDIRAMADHAN,8233152221,customer000420@example.com,JL MERDEKA NO 179,2007,[np.int64(419)],1,C000420,0.9900000000000001,Auto Match
Branch System,BR_0003271,NANDA SETIAWAN,2006-04-09,628655691211,customer001310@example.com,JL. GATOT SUBROTO NO. 166,Medan,NANDA SETIAWAN,08655691211,customer001310@example.com,JL GATOT SUBROTO NO 166,2006,[np.int64(1309)],1,C001310,0.9880952380952381,Auto Match
Branch System,BR_0003272,Tono Permata,1992-12-27,8892731977,customer000289@example.com,Jl. Ahmad Yani No. 163,Bekasi,TONO PERMATA,8892731977,customer000289@example.com,JL AHMAD YANI NO 163,1992,[np.int64(288)],1,C000289,1.0,Auto Match
Branch System,BR_0003273,Vina Setiawan,2008-04-05,845343905,customer001083@example.com,Jalan Gatot Subroto No. 57,Jakarta,VINA SETIAWAN,845343905,customer001083@example.com,JL GATOT SUBROTO NO 57,2008,[np.int64(1082)],1,C001083,0.986842105263158,Auto Match
Branch System,BR_0003274,Hana Pratama,2002-08-29,8740046517,customer000693@example.com,Jl. Sudirman No. 4,Bandung,HANA PRATAMA,8740046517,customer000693@example.com,JL SUDIRMAN NO 4,2002,[np.int64(692)],1,C000693,1.0,Auto Match
Branch System,BR_0003275,Dewi Kurniawan,1992-04-29,8725079511,customer001525@example.com,Jl. Sudirman No. 33,Bogor,DEWI KURNIAWAN,8725079511,customer001525@example.com,JL SUDIRMAN NO 33,1992,[np.int64(1524)],1,C001525,1.0,Auto Match
Branch System,BR_0003276,Joko Wijaya,1995-03-27,8572754846,customer000269@examplecom,Jl. Sudirman No. 67,Depok,JOKO WIJAYA,8572754846,customer000269@examplecom,JL SUDIRMAN NO 67,1995,[np.int64(268)],1,C000269,0.9941176470588236,Auto Match
Branch System,BR_0003277,FAJARPRATAMA,1998-06-13,628451562690,customer000654@example.com,Jalan Gatot Subroto No. 20,Makassar,FAJARPRATAMA,08451562690,customer000654@example.com,JL GATOT SUBROTO NO 20,1998,[np.int64(653)],1,C000654,0.9780952380952381,Auto Match
Branch System,BR_0003278,Putri Pratama,2008-12-04,8562643375,customer000131@example.com,Jl. Gatot Subroto No. 32,Depok,PUTRI PRATAMA,8562643375,customer000131@example.com,JL GATOT SUBROTO NO 32,2008,[np.int64(130)],1,C000131,1.0,Auto Match
Branch System,BR_0003279,Fajar Nugroho,2002-12-05,8675544991,customer000746@example.com,Jl. Ahmad Yani No. 7,Makassar,FAJAR NUGROHO,8675544991,customer000746@example.com,JL AHMAD YANI NO 7,2002,[np.int64(745)],1,C000746,1.0,Auto Match
Branch System,BR_0003280,Hana Santoso,1997-03-28,8880305039,customer000797@example.com,Jalan Merdeka No. 62,Semarang,HANA SANTOSO,8880305039,customer000797@example.com,JL MERDEKA NO 62,1997,[np.int64(796)],1,C000797,1.0,Auto Match
Branch System,BR_0003281,VINAPRATAMA,1993-02-09,8183957440,customer000071@example.com,Jl. Sudirman No. 106,Depok,VINAPRATAMA,8183957440,customer000071@example.com,JL SUDIRMAN NO 106,1993,[np.int64(70)],1,C000071,0.9891304347826088,Auto Match
Branch System,BR_0003282,OscarKurniawan,1991-05-16,8301525812,customer000159@example.com,JL. AHMAD YANI NO. 81,Bandung,OSCARKURNIAWAN,8301525812,customer000159@example.com,JL AHMAD YANI NO 81,1991,[np.int64(158)],1,C000159,0.9913793103448277,Auto Match
Branch System,BR_0003283,MayaPermata,1993-08-11,8115156873,customer000285@example.com,Jl. Diponegoro No. 42,Jakarta,MAYAPERMATA,8115156873,customer000285@example.com,JL DIPONEGORO NO 42,1993,[np.int64(284)],1,C000285,0.9891304347826088,Auto Match
Branch System,BR_0003284,Fajar Setiawan,1989-07-03,8202695382,customer001478@example.com,Jl. Ahmad Yani No. 71,Bekasi,FAJAR SETIAWAN,8202695382,customer001478@example.com,JL AHMAD YANI NO 71,1989,[np.int64(1477)],1,C001478,1.0,Auto Match
Branch System,BR_0003285,Putri Santoso,2008-12-08,8742191035,customer001567@example.com,JL. MERDEKA NO. 139,Makassar,PUTRI SANTOSO,8742191035,customer001567@example.com,JL MERDEKA NO 139,2008,[np.int64(1566)],1,C001567,1.0,Auto Match
Branch System,BR_0003286,Budi Ramadhan,2002-01-22,628359486710,customer000817@example.com,Jl. Gatot Subroto No. 173,Semarang,BUDI RAMADHAN,08359486710,customer000817@example.com,JL GATOT SUBROTO NO 173,2002,[np.int64(816)],1,C000817,0.9880952380952381,Auto Match
Branch System,BR_0003287,Dewi Wijaya,2000-12-09,8543216624,customer000175@example.com,JL. AHMAD YANI NO. 23,Surabaya,DEWI WIJAYA,8543216624,customer000175@example.com,JL AHMAD YANI NO 23,2000,[np.int64(174)],1,C000175,1.0,Auto Match
Branch System,BR_0003288,Tono Wijaya,2013-07-06,8434963765,customer001117@example.com,Jl. Diponegoro No. 12,Bandung,TONO WIJAYA,8434963765,customer001117@example.com,JL DIPONEGORO NO 12,2013,[np.int64(1116)],1,C001117,1.0,Auto Match
Branch System,BR_0003289,PUTRI HIDAYAT,1991-08-06,855180149,customer001594@example.com,Jalan Merdeka No. 118,Semarang,PUTRI HIDAYAT,855180149,customer001594@example.com,JL MERDEKA NO 118,1991,[np.int64(1593)],1,C001594,0.986842105263158,Auto Match
Branch System,BR_0003290,Eko Saputra,1994-07-15,829964097,customer000309@example.com,Jl. Ahmad Yani No. 31,Bekasi,EKO SAPUTRA,829964097,customer000309@example.com,JL AHMAD YANI NO 31,1994,[np.int64(308)],1,C000309,0.986842105263158,Auto Match
Branch System,BR_0003291,Oscar Saputra,2015-08-03,882650657,customer000757@example.com,JL. MERDEKA NO. 5,Jakarta,OSCAR SAPUTRA,882650657,customer000757@example.com,JL MERDEKA NO 5,2015,[np.int64(756)],1,C000757,0.986842105263158,Auto Match
Branch System,BR_0003292,Hana Wijaya,1990-04-01,8106391694,customer000636@example.com,Jl. Sudirman No. 188,Bandung,HANA WIJAYA,8106391694,customer000636@example.com,JL SUDIRMAN NO 188,1990,[np.int64(635)],1,C000636,1.0,Auto Match
Branch System,BR_0003293,Andi Nugroho,1999-11-03,834024028,customer000550@example.com,JL. GATOT SUBROTO NO. 46,Medan,ANDI NUGROHO,834024028,customer000550@example.com,JL GATOT SUBROTO NO 46,1999,[np.int64(549)],1,C000550,0.986842105263158,Auto Match
Branch System,BR_0003294,Citra Saputra,2010-01-30,872992995,customer000823@example.com,Jl. Gatot Subroto No. 129,Bandung,CITRA SAPUTRA,872992995,customer000823@example.com,JL GATOT SUBROTO NO 129,2010,[np.int64(822)],1,C000823,0.986842105263158,Auto Match
Branch System,BR_0003295,Karin Hidayat,2004-06-26,8521564787,customer000011@example.com,Jl. Ahmad Yani No. 3,Tangerang,KARIN HIDAYAT,8521564787,customer000011@example.com,JL AHMAD YANI NO 3,2004,[np.int64(10)],1,C000011,1.0,Auto Match
Branch System,BR_0003296,Andi Pratama,2003-01-24,816459938,customer000936@example.com,Jl. Diponegoro No. 13,Makassar,ANDI PRATAMA,816459938,customer000936@example.com,JL DIPONEGORO NO 13,2003,[np.int64(935)],1,C000936,0.986842105263158,Auto Match
Branch System,BR_0003297,HANA SANTOSO,2013-06-27,628386257731,customer001101@example.com,Jl. Sudirman No. 120,Bandung,HANA SANTOSO,08386257731,customer001101@example.com,JL SUDIRMAN NO 120,2013,[np.int64(1100)],1,C001101,0.9880952380952381,Auto Match
Branch System,BR_0003298,Gita Wijaya,2000-07-03,8949552412,customer000718@example.com,Jl. Diponegoro No. 5,Depok,GITA WIJAYA,8949552412,customer000718@example.com,JL DIPONEGORO NO 5,2000,[np.int64(717)],1,C000718,1.0,Auto Match
Branch System,BR_0003299,MAYA KURNIAWAN,2014-08-15,870082403,customer000043@examplecom,JL. AHMAD YANI NO. 22,Makassar,MAYA KURNIAWAN,870082403,customer000043@examplecom,JL AHMAD YANI NO 22,2014,[np.int64(42)],1,C000043,0.9809597523219814,Auto Match
Branch System,BR_0003300,Andi Nugroho,1996-01-03,8306892099,customer001488@example.com,Jl. Sudirman No. 178,Surabaya,ANDI NUGROHO,8306892099,customer001488@example.com,JL SUDIRMAN NO 178,1996,[np.int64(1487)],1,C001488,1.0,Auto Match
Branch System,BR_0003301,Rina Pratama,2014-03-17,8899450778,customer001437@example.com,Jl. Diponegoro No. 49,Depok,RINA PRATAMA,8899450778,customer001437@example.com,JL DIPONEGORO NO 49,2014,[np.int64(1436)],1,C001437,1.0,Auto Match
Branch System,BR_0003302,Hana Permata,2016-01-10,8935251220,customer000490@examplecom,Jl. Ahmad Yani No. 6,Medan,HANA PERMATA,8935251220,customer000490@examplecom,JL AHMAD YANI NO 6,2016,[np.int64(489)],1,C000490,0.9941176470588236,Auto Match
Branch System,BR_0003303,JOKO NUGROHO,2015-09-19,8267524878,customer000760@example.com,Jl. Merdeka No. 20,Semarang,JOKO NUGROHO,8267524878,customer000760@example.com,JL MERDEKA NO 20,2015,[np.int64(759)],1,C000760,1.0,Auto Match
Branch System,BR_0003304,RINA KURNIAWAN,2007-04-26,628133463352,customer000800@example.com,Jl. Diponegoro No. 118,Jakarta,RINA KURNIAWAN,08133463352,customer000800@example.com,JL DIPONEGORO NO 118,2007,[np.int64(799)],1,C000800,0.9880952380952381,Auto Match
Branch System,BR_0003305,Iwan Saputra,1990-03-08,8573353621,customer000033@examplecom,Jl. Merdeka No. 175,Depok,IWAN SAPUTRA,8573353621,customer000033@examplecom,JL MERDEKA NO 175,1990,[np.int64(32)],1,C000033,0.9941176470588236,Auto Match
Branch System,BR_0003306,FAJAR WIJAYA,1991-12-23,8148648880,customer000207@example.com,Jl. Merdeka No. 87,Bandung,FAJAR WIJAYA,8148648880,customer000207@example.com,JL MERDEKA NO 87,1991,[np.int64(206)],1,C000207,1.0,Auto Match
Branch System,BR_0003307,Vina Pratama,2004-11-26,628760775560,customer001686@example.com,Jl. Merdeka No. 64,Depok,VINA PRATAMA,08760775560,customer001686@example.com,JL MERDEKA NO 64,2004,[np.int64(1685)],1,C001686,0.9880952380952381,Auto Match
Branch System,BR_0003308,PutriRamadhan,2007-07-21,855295663,customer001279@example.com,Jl. Diponegoro No. 195,Bandung,PUTRIRAMADHAN,855295663,customer001279@example.com,JL DIPONEGORO NO 195,2007,[np.int64(1278)],1,C001279,0.9775828460038987,Auto Match
Branch System,BR_0003309,Dewi Setiawan,2006-05-05,858968828,customer001403@example.com,Jalan Sudirman No. 118,Tangerang,DEWI SETIAWAN,858968828,customer001403@example.com,JL SUDIRMAN NO 118,2006,[np.int64(1402)],1,C001403,0.986842105263158,Auto Match
Branch System,BR_0003310,NandaKurniawan,1996-04-01,8256399198,customer000807@example.com,Jl. Ahmad Yani No. 15,Bekasi,NANDAKURNIAWAN,8256399198,customer000807@example.com,JL AHMAD YANI NO 15,1996,[np.int64(806)],1,C000807,0.9913793103448277,Auto Match
Branch System,BR_0003311,Citra Setiawan,1994-05-15,828907841,customer000503@example.com,JL. SUDIRMAN NO. 26,Depok,CITRA SETIAWAN,828907841,customer000503@example.com,JL SUDIRMAN NO 26,1994,[np.int64(502)],1,C000503,0.986842105263158,Auto Match
Branch System,BR_0003312,Citra Lestari,2007-10-30,8544844145,customer000229@example.com,Jalan Merdeka No. 82,Bekasi,CITRA LESTARI,8544844145,customer000229@example.com,JL MERDEKA NO 82,2007,[np.int64(228)],1,C000229,1.0,Auto Match
Branch System,BR_0003313,Nanda Nugroho,1995-07-29,8233804842,customer001705@example.com,Jl. Sudirman No. 7,Medan,NANDA NUGROHO,8233804842,customer001705@example.com,JL SUDIRMAN NO 7,1995,[np.int64(1704)],1,C001705,1.0,Auto Match
Branch System,BR_0003314,Lina Pratama,2000-12-20,628940049520,customer001016@example.com,JL. SUDIRMAN NO. 47,Bandung,LINA PRATAMA,08940049520,customer001016@example.com,JL SUDIRMAN NO 47,2000,[np.int64(1015)],1,C001016,0.9880952380952381,Auto Match
Branch System,BR_0003315,EKO SETIAWAN,1992-04-26,8159953674,customer000782@example.com,Jalan Gatot Subroto No. 199,Surabaya,EKO SETIAWAN,8159953674,customer000782@example.com,JL GATOT SUBROTO NO 199,1992,[np.int64(781)],1,C000782,1.0,Auto Match
Branch System,BR_0003316,Oscar Saputra,1989-12-28,62813867761,customer000931@example.com,JL. SUDIRMAN NO. 94,Makassar,OSCAR SAPUTRA,0813867761,customer000931@example.com,JL SUDIRMAN NO 94,1989,[np.int64(930)],1,C000931,0.9750000000000001,Auto Match
Branch System,BR_0003317,IwanWijaya,2016-04-28,8893667427,customer001685@example.com,Jalan Ahmad Yani No. 59,Makassar,IWANWIJAYA,8893667427,customer001685@example.com,JL AHMAD YANI NO 59,2016,[np.int64(1684)],1,C001685,0.9880952380952382,Auto Match
Branch System,BR_0003318,FAJAR PRATAMA,2004-11-26,8181123283,customer001738@examplecom,Jl. Merdeka No. 97,Jakarta,FAJAR PRATAMA,8181123283,customer001738@examplecom,JL MERDEKA NO 97,2004,[np.int64(1737)],1,C001738,0.9941176470588236,Auto Match
Branch System,BR_0003319,EKO RAMADHAN,1990-07-18,8320232354,customer001352@examplecom,JL. SUDIRMAN NO. 186,Makassar,EKO RAMADHAN,8320232354,customer001352@examplecom,JL SUDIRMAN NO 186,1990,[np.int64(1351)],1,C001352,0.9941176470588236,Auto Match
Branch System,BR_0003320,JOKO RAMADHAN,1997-01-07,628149923958,customer000116@example.com,Jl. Gatot Subroto No. 190,Bandung,JOKO RAMADHAN,08149923958,customer000116@example.com,JL GATOT SUBROTO NO 190,1997,[np.int64(115)],1,C000116,0.9880952380952381,Auto Match
Branch System,BR_0003321,Vina Kurniawan,2016-03-09,871261539,customer001788@examplecom,Jl. Ahmad Yani No. 174,Depok,VINA KURNIAWAN,871261539,customer001788@examplecom,JL AHMAD YANI NO 174,2016,[np.int64(1787)],1,C001788,0.9809597523219814,Auto Match
Branch System,BR_0003322,Joko Pratama,1999-10-17,838987254,customer000898@example.com,Jl. Merdeka No. 82,Makassar,JOKO PRATAMA,838987254,customer000898@example.com,JL MERDEKA NO 82,1999,[np.int64(897)],1,C000898,0.986842105263158,Auto Match
Branch System,BR_0003323,Oscar Wijaya,2015-10-03,8138661864,customer000725@example.com,Jl. Diponegoro No. 2,Makassar,OSCAR WIJAYA,8138661864,customer000725@example.com,JL DIPONEGORO NO 2,2015,[np.int64(724)],1,C000725,1.0,Auto Match
Branch System,BR_0003324,Sari Nugroho,2005-08-29,8271377553,customer000710@example.com,JL. SUDIRMAN NO. 153,Jakarta,SARI NUGROHO,8271377553,customer000710@example.com,JL SUDIRMAN NO 153,2005,[np.int64(709)],1,C000710,1.0,Auto Match
Branch System,BR_0003325,Dewi Saputra,2013-01-21,8323111520,customer001217@example.com,Jl. Sudirman No. 183,Surabaya,DEWI SAPUTRA,8323111520,customer001217@example.com,JL SUDIRMAN NO 183,2013,[np.int64(1216)],1,C001217,1.0,Auto Match
Branch System,BR_0003326,Dewi Lestari,2007-03-27,8808247021,customer000234@example.com,Jl. Gatot Subroto No. 110,Bandung,DEWI LESTARI,8808247021,customer000234@example.com,JL GATOT SUBROTO NO 110,2007,[np.int64(233)],1,C000234,1.0,Auto Match
Branch System,BR_0003327,Gita Setiawan,2009-12-18,628557801716,customer000100@example.com,Jl. Merdeka No. 163,Depok,GITA SETIAWAN,08557801716,customer000100@example.com,JL MERDEKA NO 163,2009,[np.int64(99)],1,C000100,0.9880952380952381,Auto Match
Branch System,BR_0003328,Dewi Pratama,2012-05-27,8648708978,customer000206@example.com,Jl. Sudirman No. 44,Bekasi,DEWI PRATAMA,8648708978,customer000206@example.com,JL SUDIRMAN NO 44,2012,[np.int64(205)],1,C000206,1.0,Auto Match
Branch System,BR_0003329,Maya Pratama,1994-05-29,628197477308,customer000313@example.com,Jl. Ahmad Yani No. 115,Bogor,MAYA PRATAMA,08197477308,customer000313@example.com,JL AHMAD YANI NO 115,1994,[np.int64(312)],1,C000313,0.9880952380952381,Auto Match
Branch System,BR_0003330,SARISANTOSO,1991-09-23,8674857820,customer000972@examplecom,Jalan Merdeka No. 50,Bogor,SARISANTOSO,8674857820,customer000972@examplecom,JL MERDEKA NO 50,1991,[np.int64(971)],1,C000972,0.9832480818414323,Auto Match
Branch System,BR_0003331,Maya Hidayat,1997-08-07,8893869937,customer000097@example.com,Jl. Diponegoro No. 42,Tangerang,MAYA HIDAYAT,8893869937,customer000097@example.com,JL DIPONEGORO NO 42,1997,[np.int64(96)],1,C000097,1.0,Auto Match
Branch System,BR_0003332,C1TR4 PERM4T4,2003-12-01,8291816872,customer000079@example.com,Jl. Diponegoro No. 134,Depok,C1TR4 PERM4T4,8291816872,customer000079@example.com,JL DIPONEGORO NO 134,2003,[np.int64(78)],1,C000079,0.9230769230769232,Auto Match
Branch System,BR_0003333,BUD1 KURN14W4N,1991-02-17,8847555438,customer000216@example.com,Jl. Sudirman No. 49,Depok,BUD1 KURN14W4N,8847555438,customer000216@example.com,JL SUDIRMAN NO 49,1991,[np.int64(215)],1,C000216,0.9285714285714287,Auto Match
Branch System,BR_0003334,MayaSiregar,2012-06-02,8560055665,customer001181@example.com,Jl. Ahmad Yani No. 45,Depok,MAYASIREGAR,8560055665,customer001181@example.com,JL AHMAD YANI NO 45,2012,[np.int64(1180)],1,C001181,0.9891304347826088,Auto Match
Branch System,BR_0003335,Iwan Nugroho,2003-08-21,8192990571,customer000138@example.com,Jl. Diponegoro No. 184,Bogor,IWAN NUGROHO,8192990571,customer000138@example.com,JL DIPONEGORO NO 184,2003,[np.int64(137)],1,C000138,1.0,Auto Match
Branch System,BR_0003336,4ndi Hidayat,1994-04-26,8562869014,customer000891@example.com,Jl. Sudirman No. 137,Bekasi,4NDI HIDAYAT,8562869014,customer000891@example.com,JL SUDIRMAN NO 137,1994,[np.int64(890)],1,C000891,0.9791666666666667,Auto Match
Branch System,BR_0003337,OSC4RR4M4DH4N,1990-12-11,8354280960,customer000198@example.com,Jl. Merdeka No. 130,Surabaya,OSC4RR4M4DH4N,8354280960,customer000198@example.com,JL MERDEKA NO 130,1990,[np.int64(197)],1,C000198,0.9166666666666667,Auto Match
Branch System,BR_0003338,RINA SANTOSO,1991-01-06,628710210397,customer000794@example.com,Jalan Merdeka No. 141,Depok,RINA SANTOSO,08710210397,customer000794@example.com,JL MERDEKA NO 141,1991,[np.int64(793)],1,C000794,0.9880952380952381,Auto Match
Branch System,BR_0003339,BudiSaputra,2001-07-25,864725891,customer001710@example.com,Jl. Diponegoro No. 126,Makassar,BUDISAPUTRA,864725891,customer001710@example.com,JL DIPONEGORO NO 126,2001,[np.int64(1709)],1,C001710,0.9759725400457667,Auto Match
Branch System,BR_0003340,4ndi Hidayat,1990-09-15,8260506025,customer001102@example.com,Jalan Merdeka No. 185,Bandung,4NDI HIDAYAT,8260506025,customer001102@example.com,JL MERDEKA NO 185,1990,[np.int64(1101)],1,C001102,0.9791666666666667,Auto Match
Branch System,BR_0003341,Maya Lestari,2004-10-28,628514882741,customer000586@examplecom,JL. AHMAD YANI NO. 119,Makassar,MAYA LESTARI,08514882741,customer000586@examplecom,JL AHMAD YANI NO 119,2004,[np.int64(585)],1,C000586,0.9822128851540616,Auto Match
Branch System,BR_0003342,Tono Lestari,2012-02-08,8127047170,customer001247@example.com,Jl. Ahmad Yani No. 157,Makassar,TONO LESTARI,8127047170,customer001247@example.com,JL AHMAD YANI NO 157,2012,[np.int64(1246)],1,C001247,1.0,Auto Match
Branch System,BR_0003343,Lina Hidayat,1999-07-28,881418655,customer001281@example.com,Jl. Merdeka No. 112,Medan,LINA HIDAYAT,881418655,customer001281@example.com,JL MERDEKA NO 112,1999,[np.int64(1280)],1,C001281,0.986842105263158,Auto Match
Branch System,BR_0003344,Iwan Saputra,2012-04-26,62898796332,customer000398@example.com,Jl. Ahmad Yani No. 111,Semarang,IWAN SAPUTRA,0898796332,customer000398@example.com,JL AHMAD YANI NO 111,2012,[np.int64(397)],1,C000398,0.9750000000000001,Auto Match
Branch System,BR_0003345,EKO LESTARI,2004-10-30,628132675108,customer001121@examplecom,Jl. Ahmad Yani No. 142,Medan,EKO LESTARI,08132675108,customer001121@examplecom,JL AHMAD YANI NO 142,2004,[np.int64(1120)],1,C001121,0.9822128851540616,Auto Match
Branch System,BR_0003346,OSCAR PERMATA,2009-08-11,628830901322,customer001397@examplecom,Jl. Merdeka No. 50,Depok,OSCAR PERMATA,08830901322,customer001397@examplecom,JL MERDEKA NO 50,2009,[np.int64(1396)],1,C001397,0.9822128851540616,Auto Match
Branch System,BR_0003347,C1TR4 NUGROHO,1997-08-19,8176372598,customer001749@example.com,Jl. Merdeka No. 27,Surabaya,C1TR4 NUGROHO,8176372598,customer001749@example.com,JL MERDEKA NO 27,1997,[np.int64(1748)],1,C001749,0.9615384615384617,Auto Match
Branch System,BR_0003348,4ndi Permata,2005-12-01,62823877179,customer001201@example.com,Jl. Gatot Subroto No. 22,Medan,4NDI PERMATA,0823877179,customer001201@example.com,JL GATOT SUBROTO NO 22,2005,[np.int64(1200)],1,C001201,0.9541666666666667,Auto Match
Branch System,BR_0003349,Rina Kurniawan,1993-09-06,8748413236,customer000983@example.com,Jalan Diponegoro No. 96,Bogor,RINA KURNIAWAN,8748413236,customer000983@example.com,JL DIPONEGORO NO 96,1993,[np.int64(982)],1,C000983,1.0,Auto Match
Branch System,BR_0003350,Fajar Ramadhan,2006-01-29,628654975037,customer001021@example.com,Jl. Ahmad Yani No. 113,Tangerang,FAJAR RAMADHAN,08654975037,customer001021@example.com,JL AHMAD YANI NO 113,2006,[np.int64(1020)],1,C001021,0.9880952380952381,Auto Match
Branch System,BR_0003351,CitraLestari,1990-03-26,8187790235,customer000594@example.com,Jl. Diponegoro No. 17,Makassar,CITRALESTARI,8187790235,customer000594@example.com,JL DIPONEGORO NO 17,1990,[np.int64(593)],1,C000594,0.9900000000000001,Auto Match
Branch System,BR_0003352,Lina Nugroho,2003-04-04,8736804247,customer000057@example.com,JL. DIPONEGORO NO. 142,Makassar,LINA NUGROHO,8736804247,customer000057@example.com,JL DIPONEGORO NO 142,2003,[np.int64(56)],1,C000057,1.0,Auto Match
Branch System,BR_0003353,RINA HIDAYAT,2002-08-17,8680846213,customer001730@example.com,Jl. Ahmad Yani No. 32,Bekasi,RINA HIDAYAT,8680846213,customer001730@example.com,JL AHMAD YANI NO 32,2002,[np.int64(1729)],1,C001730,1.0,Auto Match
Branch System,BR_0003354,TONO NUGROHO,2001-06-09,628585812700,customer000722@example.com,Jl. Merdeka No. 134,Surabaya,TONO NUGROHO,08585812700,customer000722@example.com,JL MERDEKA NO 134,2001,[np.int64(721)],1,C000722,0.9880952380952381,Auto Match
Branch System,BR_0003355,Oscar Kurniawan,2015-11-21,628280935817,customer000189@examplecom,JL. MERDEKA NO. 38,Makassar,OSCAR KURNIAWAN,08280935817,customer000189@examplecom,JL MERDEKA NO 38,2015,[np.int64(188)],1,C000189,0.9822128851540616,Auto Match
Branch System,BR_0003356,Maya Saputra,1999-11-03,8839451822,customer001209@example.com,Jl. Merdeka No. 41,Depok,MAYA SAPUTRA,8839451822,customer001209@example.com,JL MERDEKA NO 41,1999,[np.int64(1208)],1,C001209,1.0,Auto Match
Branch System,BR_0003357,Joko Nugroho,1996-07-18,62864936658,customer000487@examplecom,Jl. Diponegoro No. 64,Tangerang,JOKO NUGROHO,0864936658,customer000487@examplecom,JL DIPONEGORO NO 64,1996,[np.int64(486)],1,C000487,0.9691176470588235,Auto Match
Branch System,BR_0003358,Putri Permata,2014-08-14,883148226,customer000836@examplecom,JL. SUDIRMAN NO. 110,Bogor,PUTRI PERMATA,883148226,customer000836@examplecom,JL SUDIRMAN NO 110,2014,[np.int64(835)],1,C000836,0.9809597523219814,Auto Match
Branch System,BR_0003359,FajarSiregar,2002-05-08,628903614494,customer000056@example.com,Jl. Sudirman No. 16,Medan,FAJARSIREGAR,08903614494,customer000056@example.com,JL SUDIRMAN NO 16,2002,[np.int64(55)],1,C000056,0.9780952380952381,Auto Match
Branch System,BR_0003360,ANDI RAMADHAN,2006-10-03,8741198762,customer001395@example.com,Jl. Merdeka No. 148,Surabaya,ANDI RAMADHAN,8741198762,customer001395@example.com,JL MERDEKA NO 148,2006,[np.int64(1394)],1,C001395,1.0,Auto Match
Branch System,BR_0003361,FAJAR HIDAYAT,1991-10-09,861776545,customer000072@example.com,Jl. Diponegoro No. 101,Bekasi,FAJAR HIDAYAT,861776545,customer000072@example.com,JL DIPONEGORO NO 101,1991,[np.int64(71)],1,C000072,0.986842105263158,Auto Match
Branch System,BR_0003362,DEWI PRATAMA,1991-12-24,8571178995,customer000272@example.com,Jl. Gatot Subroto No. 36,Medan,DEWI PRATAMA,8571178995,customer000272@example.com,JL GATOT SUBROTO NO 36,1991,[np.int64(271)],1,C000272,1.0,Auto Match
Branch System,BR_0003363,Maya Setiawan,1991-05-20,8112982053,customer000937@example.com,Jalan Merdeka No. 170,Jakarta,MAYA SETIAWAN,8112982053,customer000937@example.com,JL MERDEKA NO 170,1991,[np.int64(936)],1,C000937,1.0,Auto Match
Branch System,BR_0003364,FAJAR PERMATA,2011-01-13,844317942,customer001696@example.com,Jl. Ahmad Yani No. 12,Surabaya,FAJAR PERMATA,844317942,customer001696@example.com,JL AHMAD YANI NO 12,2011,[np.int64(1695)],1,C001696,0.986842105263158,Auto Match
Branch System,BR_0003365,Iwan Ramadhan,1997-01-24,8183031876,customer001658@example.com,Jl. Gatot Subroto No. 95,Medan,IWAN RAMADHAN,8183031876,customer001658@example.com,JL GATOT SUBROTO NO 95,1997,[np.int64(1657)],1,C001658,1.0,Auto Match
Branch System,BR_0003366,Lina Nugroho,2007-01-17,8450141986,customer000581@example.com,JL. AHMAD YANI NO. 142,Bandung,LINA NUGROHO,8450141986,customer000581@example.com,JL AHMAD YANI NO 142,2007,[np.int64(580)],1,C000581,1.0,Auto Match
Branch System,BR_0003367,Oscar Santoso,2013-06-16,628178120398,customer001491@example.com,Jl. Diponegoro No. 95,Makassar,OSCAR SANTOSO,08178120398,customer001491@example.com,JL DIPONEGORO NO 95,2013,[np.int64(1490)],1,C001491,0.9880952380952381,Auto Match
Branch System,BR_0003368,L1N4 PERM4T4,2001-07-02,881946668,customer000066@example.com,JL. GATOT SUBROTO NO. 177,Tangerang,L1N4 PERM4T4,881946668,customer000066@example.com,JL GATOT SUBROTO NO 177,2001,[np.int64(65)],1,C000066,0.9035087719298246,Auto Match
Branch System,BR_0003369,Hana Permata,2002-07-15,628227874780,customer000961@example.com,JL. AHMAD YANI NO. 118,Bekasi,HANA PERMATA,08227874780,customer000961@example.com,JL AHMAD YANI NO 118,2002,[np.int64(960)],1,C000961,0.9880952380952381,Auto Match
Branch System,BR_0003370,OSCAR RAMADHAN,2006-02-07,8643434947,customer000370@example.com,Jalan Diponegoro No. 16,Bekasi,OSCAR RAMADHAN,8643434947,customer000370@example.com,JL DIPONEGORO NO 16,2006,[np.int64(369)],1,C000370,1.0,Auto Match
Branch System,BR_0003371,OSCAR PERMATA,2005-06-30,841754022,customer001202@example.com,Jl. Gatot Subroto No. 153,Jakarta,OSCAR PERMATA,841754022,customer001202@example.com,JL GATOT SUBROTO NO 153,2005,[np.int64(1201)],1,C001202,0.986842105263158,Auto Match
Branch System,BR_0003372,FAJAR NUGROHO,1992-01-14,62848818645,customer000253@example.com,Jl. Sudirman No. 154,Medan,FAJAR NUGROHO,0848818645,customer000253@example.com,JL SUDIRMAN NO 154,1992,[np.int64(252)],1,C000253,0.9750000000000001,Auto Match
Branch System,BR_0003373,FAJAR SANTOSO,1991-06-12,628929962106,customer000287@example.com,Jl. Ahmad Yani No. 131,Jakarta,FAJAR SANTOSO,08929962106,customer000287@example.com,JL AHMAD YANI NO 131,1991,[np.int64(286)],1,C000287,0.9880952380952381,Auto Match
Branch System,BR_0003374,Nanda Kurniawan,1997-12-13,8167625466,customer000156@example.com,JL. DIPONEGORO NO. 14,Tangerang,NANDA KURNIAWAN,8167625466,customer000156@example.com,JL DIPONEGORO NO 14,1997,[np.int64(155)],1,C000156,1.0,Auto Match
Branch System,BR_0003375,Joko Lestari,1991-01-17,894380873,customer001254@example.com,Jl. Merdeka No. 156,Semarang,JOKO LESTARI,894380873,customer001254@example.com,JL MERDEKA NO 156,1991,[np.int64(1253)],1,C001254,0.986842105263158,Auto Match
Branch System,BR_0003376,PutriRamadhan,1991-09-28,8397540498,customer000866@example.com,Jalan Sudirman No. 114,Bogor,PUTRIRAMADHAN,8397540498,customer000866@example.com,JL SUDIRMAN NO 114,1991,[np.int64(865)],1,C000866,0.9907407407407408,Auto Match
Branch System,BR_0003377,TONO SETIAWAN,2003-05-22,62871509530,customer000711@example.com,Jl. Diponegoro No. 199,Surabaya,TONO SETIAWAN,0871509530,customer000711@example.com,JL DIPONEGORO NO 199,2003,[np.int64(710)],1,C000711,0.9750000000000001,Auto Match
Branch System,BR_0003378,EkoRamadhan,1993-08-21,8526818322,customer000543@example.com,Jl. Diponegoro No. 9,Bogor,EKORAMADHAN,8526818322,customer000543@example.com,JL DIPONEGORO NO 9,1993,[np.int64(542)],1,C000543,0.9891304347826088,Auto Match
Branch System,BR_0003379,ANDI LESTARI,1999-01-10,628323821342,customer001773@example.com,Jl. Merdeka No. 66,Bekasi,ANDI LESTARI,08323821342,customer001773@example.com,JL MERDEKA NO 66,1999,[np.int64(1772)],1,C001773,0.9880952380952381,Auto Match
Branch System,BR_0003380,SARI SANTOSO,1998-10-13,62836662926,customer001620@example.com,Jalan Ahmad Yani No. 20,Semarang,SARI SANTOSO,0836662926,customer001620@example.com,JL AHMAD YANI NO 20,1998,[np.int64(1619)],1,C001620,0.9750000000000001,Auto Match
Branch System,BR_0003381,Oscar Nugroho,1990-01-06,628328501978,customer000560@example.com,Jl. Diponegoro No. 116,Bogor,OSCAR NUGROHO,08328501978,customer000560@example.com,JL DIPONEGORO NO 116,1990,[np.int64(559)],1,C000560,0.9880952380952381,Auto Match
Branch System,BR_0003382,Sari Santoso,2016-03-21,8501454879,customer001001@example.com,Jl. Ahmad Yani No. 110,Bekasi,SARI SANTOSO,8501454879,customer001001@example.com,JL AHMAD YANI NO 110,2016,[np.int64(1000)],1,C001001,1.0,Auto Match
Branch System,BR_0003383,Iwan Setiawan,2014-11-12,838283335,customer000143@example.com,JL. GATOT SUBROTO NO. 35,Bekasi,IWAN SETIAWAN,838283335,customer000143@example.com,JL GATOT SUBROTO NO 35,2014,[np.int64(142)],1,C000143,0.986842105263158,Auto Match
Branch System,BR_0003384,Fajar Permata,2006-04-23,8853481393,customer001448@example.com,Jl. Merdeka No. 11,Depok,FAJAR PERMATA,8853481393,customer001448@example.com,JL MERDEKA NO 11,2006,[np.int64(1447)],1,C001448,1.0,Auto Match
Branch System,BR_0003385,ANDI WIJAYA,1998-05-02,8599538055,customer000059@examplecom,Jl. Merdeka No. 152,Medan,ANDI WIJAYA,8599538055,customer000059@examplecom,JL MERDEKA NO 152,1998,[np.int64(58)],1,C000059,0.9941176470588236,Auto Match
Branch System,BR_0003386,OscarHidayat,2002-06-21,628403287956,customer001779@example.com,Jl. Sudirman No. 69,Bogor,OSCARHIDAYAT,08403287956,customer001779@example.com,JL SUDIRMAN NO 69,2002,[np.int64(1778)],1,C001779,0.9780952380952381,Auto Match
Branch System,BR_0003387,DEWI HIDAYAT,2012-09-25,876407146,customer001636@examplecom,Jl. Ahmad Yani No. 60,Medan,DEWI HIDAYAT,876407146,customer001636@examplecom,JL AHMAD YANI NO 60,2012,[np.int64(1635)],1,C001636,0.9809597523219814,Auto Match
Branch System,BR_0003388,RINA SIREGAR,2002-03-28,8153991750,customer000371@examplecom,JL. DIPONEGORO NO. 197,Medan,RINA SIREGAR,8153991750,customer000371@examplecom,JL DIPONEGORO NO 197,2002,[np.int64(370)],1,C000371,0.9941176470588236,Auto Match
Branch System,BR_0003389,Karin Nugroho,1990-10-29,849541505,customer000884@example.com,Jl. Diponegoro No. 33,Makassar,KARIN NUGROHO,849541505,customer000884@example.com,JL DIPONEGORO NO 33,1990,[np.int64(883)],1,C000884,0.986842105263158,Auto Match
Branch System,BR_0003390,FAJAR SETIAWAN,1995-05-16,8914055714,customer001436@example.com,Jl. Diponegoro No. 115,Bogor,FAJAR SETIAWAN,8914055714,customer001436@example.com,JL DIPONEGORO NO 115,1995,[np.int64(1435)],1,C001436,1.0,Auto Match
Branch System,BR_0003391,Dewi Lestari,1996-12-24,628771520199,customer001307@example.com,JL. DIPONEGORO NO. 104,Bekasi,DEWI LESTARI,08771520199,customer001307@example.com,JL DIPONEGORO NO 104,1996,[np.int64(1306)],1,C001307,0.9880952380952381,Auto Match
Branch System,BR_0003392,Oscar Pratama,2002-03-10,8228780865,customer001547@example.com,Jl. Merdeka No. 184,Tangerang,OSCAR PRATAMA,8228780865,customer001547@example.com,JL MERDEKA NO 184,2002,[np.int64(1546)],1,C001547,1.0,Auto Match
Branch System,BR_0003393,FajarSetiawan,1989-12-07,8458304875,customer001115@example.com,JALAN SUDIRMAN NO. 136,Bogor,FAJARSETIAWAN,8458304875,customer001115@example.com,JL SUDIRMAN NO 136,1989,[np.int64(1114)],1,C001115,0.9907407407407408,Auto Match
Branch System,BR_0003394,Citra Siregar,1991-05-14,8462485207,customer001539@example.com,Jl. Gatot Subroto No. 8,Medan,CITRA SIREGAR,8462485207,customer001539@example.com,JL GATOT SUBROTO NO 8,1991,[np.int64(1538)],1,C001539,1.0,Auto Match
Branch System,BR_0003395,Karin Kurniawan,2005-03-02,8930465185,customer000835@examplecom,Jl. Diponegoro No. 162,Makassar,KARIN KURNIAWAN,8930465185,customer000835@examplecom,JL DIPONEGORO NO 162,2005,[np.int64(834)],1,C000835,0.9941176470588236,Auto Match
Branch System,BR_0003396,Fajar Siregar,2009-05-28,8398125953,customer000707@example.com,Jl. Sudirman No. 66,Semarang,FAJAR SIREGAR,8398125953,customer000707@example.com,JL SUDIRMAN NO 66,2009,[np.int64(706)],1,C000707,1.0,Auto Match
Branch System,BR_0003397,1W4N NUGROHO,1993-04-28,8740545407,customer000748@examplecom,Jl. Ahmad Yani No. 193,Bekasi,1W4N NUGROHO,8740545407,customer000748@examplecom,JL AHMAD YANI NO 193,1993,[np.int64(747)],1,C000748,0.9524509803921569,Auto Match
Branch System,BR_0003398,Gita Pratama,2002-11-18,8505663828,customer001752@example.com,Jl. Sudirman No. 95,Bogor,GITA PRATAMA,8505663828,customer001752@example.com,JL SUDIRMAN NO 95,2002,[np.int64(1751)],1,C001752,1.0,Auto Match
Branch System,BR_0003399,Andi Wijaya,1994-05-11,628584760715,customer000409@examplecom,Jl. Merdeka No. 34,Bekasi,ANDI WIJAYA,08584760715,customer000409@examplecom,JL MERDEKA NO 34,1994,[np.int64(408)],1,C000409,0.9822128851540616,Auto Match
Branch System,BR_0003400,PUTRI SIREGAR,2006-03-07,8279166861,customer001303@example.com,Jl. Diponegoro No. 87,Bogor,PUTRI SIREGAR,8279166861,customer001303@example.com,JL DIPONEGORO NO 87,2006,[np.int64(1302)],1,C001303,1.0,Auto Match
Branch System,BR_0003401,VINA RAMADHAN,2014-08-13,8158280718,customer000780@example.com,Jl. Merdeka No. 74,Depok,VINA RAMADHAN,8158280718,customer000780@example.com,JL MERDEKA NO 74,2014,[np.int64(779)],1,C000780,1.0,Auto Match
Branch System,BR_0003402,FajarSetiawan,2011-10-18,8362704960,customer001023@example.com,Jl. Sudirman No. 87,Jakarta,FAJARSETIAWAN,8362704960,customer001023@example.com,JL SUDIRMAN NO 87,2011,[np.int64(1022)],1,C001023,0.9907407407407408,Auto Match
Branch System,BR_0003403,Eko Wijaya,1996-04-26,628833622542,customer000805@examplecom,JL. GATOT SUBROTO NO. 135,Makassar,EKO WIJAYA,08833622542,customer000805@examplecom,JL GATOT SUBROTO NO 135,1996,[np.int64(804)],1,C000805,0.9822128851540616,Auto Match
Branch System,BR_0003404,Nanda Wijaya,2014-08-05,8670918125,customer001251@example.com,Jl. Merdeka No. 22,Bandung,NANDA WIJAYA,8670918125,customer001251@example.com,JL MERDEKA NO 22,2014,[np.int64(1250)],1,C001251,1.0,Auto Match
Branch System,BR_0003405,SARI KURNIAWAN,2000-10-29,813474147,customer000736@example.com,Jl. Merdeka No. 46,Makassar,SARI KURNIAWAN,813474147,customer000736@example.com,JL MERDEKA NO 46,2000,[np.int64(735)],1,C000736,0.986842105263158,Auto Match
Branch System,BR_0003406,Eko Lestari,2010-04-01,8236312543,customer000698@example.com,Jl. Diponegoro No. 179,Depok,EKO LESTARI,8236312543,customer000698@example.com,JL DIPONEGORO NO 179,2010,[np.int64(697)],1,C000698,1.0,Auto Match
Branch System,BR_0003407,Budi Nugroho,2001-05-20,8787070163,customer000945@example.com,Jl. Ahmad Yani No. 154,Makassar,BUDI NUGROHO,8787070163,customer000945@example.com,JL AHMAD YANI NO 154,2001,[np.int64(944)],1,C000945,1.0,Auto Match
Branch System,BR_0003408,BudiSiregar,1990-04-01,8433084149,customer000992@examplecom,Jl. Ahmad Yani No. 52,Bandung,BUDISIREGAR,8433084149,customer000992@examplecom,JL AHMAD YANI NO 52,1990,[np.int64(991)],1,C000992,0.9832480818414323,Auto Match
Branch System,BR_0003409,Eko Setiawan,1998-04-19,877786939,customer000170@examplecom,Jl. Gatot Subroto No. 171,Jakarta,EKO SETIAWAN,877786939,customer000170@examplecom,JL GATOT SUBROTO NO 171,1998,[np.int64(169)],1,C000170,0.9809597523219814,Auto Match
Branch System,BR_0003410,RinaLestari,1993-07-22,628437540972,customer001284@example.com,Jalan Sudirman No. 87,Bogor,RINALESTARI,08437540972,customer001284@example.com,JL SUDIRMAN NO 87,1993,[np.int64(1283)],1,C001284,0.9772256728778469,Auto Match
Branch System,BR_0003411,Budi Permata,2010-04-02,8685866146,customer000706@example.com,Jalan Gatot Subroto No. 123,Bekasi,BUDI PERMATA,8685866146,customer000706@example.com,JL GATOT SUBROTO NO 123,2010,[np.int64(705)],1,C000706,1.0,Auto Match
Branch System,BR_0003412,EKO SETIAWAN,2011-09-13,8253903134,customer001638@example.com,Jl. Merdeka No. 26,Jakarta,EKO SETIAWAN,8253903134,customer001638@example.com,JL MERDEKA NO 26,2011,[np.int64(1637)],1,C001638,1.0,Auto Match
Branch System,BR_0003413,VINAHIDAYAT,2005-03-09,8913460879,customer001300@example.com,Jl. Sudirman No. 182,Medan,VINAHIDAYAT,8913460879,customer001300@example.com,JL SUDIRMAN NO 182,2005,[np.int64(1299)],1,C001300,0.9891304347826088,Auto Match
Branch System,BR_0003414,VINA SIREGAR,2010-02-03,8353223276,customer000689@example.com,Jl. Ahmad Yani No. 199,Semarang,VINA SIREGAR,8353223276,customer000689@example.com,JL AHMAD YANI NO 199,2010,[np.int64(688)],1,C000689,1.0,Auto Match
Branch System,BR_0003415,VINA RAMADHAN,2013-04-21,628899746175,customer001692@example.com,Jl. Ahmad Yani No. 129,Bogor,VINA RAMADHAN,08899746175,customer001692@example.com,JL AHMAD YANI NO 129,2013,[np.int64(1691)],1,C001692,0.9880952380952381,Auto Match
Branch System,BR_0003416,KARIN PERMATA,2014-05-26,8278021887,customer000058@example.com,Jl. Ahmad Yani No. 197,Makassar,KARIN PERMATA,8278021887,customer000058@example.com,JL AHMAD YANI NO 197,2014,[np.int64(57)],1,C000058,1.0,Auto Match
Branch System,BR_0003417,Iwan Pratama,2011-05-09,8522220092,customer000454@example.com,Jalan Ahmad Yani No. 80,Bekasi,IWAN PRATAMA,8522220092,customer000454@example.com,JL AHMAD YANI NO 80,2011,[np.int64(453)],1,C000454,1.0,Auto Match
Branch System,BR_0003418,Eko Permata,2012-10-28,8650234586,customer001344@example.com,Jl. Diponegoro No. 52,Bandung,EKO PERMATA,8650234586,customer001344@example.com,JL DIPONEGORO NO 52,2012,[np.int64(1343)],1,C001344,1.0,Auto Match
Branch System,BR_0003419,RinaRamadhan,2000-07-31,8636615467,customer001226@example.com,Jalan Merdeka No. 131,Bekasi,RINARAMADHAN,8636615467,customer001226@example.com,JL MERDEKA NO 131,2000,[np.int64(1225)],1,C001226,0.9900000000000001,Auto Match
Branch System,BR_0003420,Hana Permata,2003-09-29,8877313834,customer001418@example.com,JL. DIPONEGORO NO. 54,Surabaya,HANA PERMATA,8877313834,customer001418@example.com,JL DIPONEGORO NO 54,2003,[np.int64(1417)],1,C001418,1.0,Auto Match
Branch System,BR_0003421,Andi Kurniawan,1996-12-21,8922850748,customer000394@example.com,Jl. Gatot Subroto No. 51,Depok,ANDI KURNIAWAN,8922850748,customer000394@example.com,JL GATOT SUBROTO NO 51,1996,[np.int64(393)],1,C000394,1.0,Auto Match
Branch System,BR_0003422,Budi Saputra,1999-04-08,628611030246,customer000348@example.com,Jl. Diponegoro No. 161,Semarang,BUDI SAPUTRA,08611030246,customer000348@example.com,JL DIPONEGORO NO 161,1999,[np.int64(347)],1,C000348,0.9880952380952381,Auto Match
Branch System,BR_0003423,CITRAKURNIAWAN,1995-12-30,8616649954,customer001677@example.com,Jalan Diponegoro No. 36,Surabaya,CITRAKURNIAWAN,8616649954,customer001677@example.com,JL DIPONEGORO NO 36,1995,[np.int64(1676)],1,C001677,0.9913793103448277,Auto Match
Branch System,BR_0003424,Andi Nugroho,2010-12-12,628627751856,customer001112@example.com,Jl. Sudirman No. 198,Bekasi,ANDI NUGROHO,08627751856,customer001112@example.com,JL SUDIRMAN NO 198,2010,[np.int64(1111)],1,C001112,0.9880952380952381,Auto Match
Branch System,BR_0003425,Maya Nugroho,2011-02-23,8508761109,customer000709@examplecom,Jl. Merdeka No. 153,Surabaya,MAYA NUGROHO,8508761109,customer000709@examplecom,JL MERDEKA NO 153,2011,[np.int64(708)],1,C000709,0.9941176470588236,Auto Match
Branch System,BR_0003426,Joko Lestari,1994-08-21,8999451031,customer000365@example.com,JL. SUDIRMAN NO. 102,Bogor,JOKO LESTARI,8999451031,customer000365@example.com,JL SUDIRMAN NO 102,1994,[np.int64(364)],1,C000365,1.0,Auto Match
Branch System,BR_0003427,Tono Santoso,1998-02-05,893541478,customer000841@example.com,JL. DIPONEGORO NO. 57,Bekasi,TONO SANTOSO,893541478,customer000841@example.com,JL DIPONEGORO NO 57,1998,[np.int64(840)],1,C000841,0.986842105263158,Auto Match
Branch System,BR_0003428,Rina Setiawan,2008-06-15,628192262646,customer000967@examplecom,Jl. Merdeka No. 105,Bandung,RINA SETIAWAN,08192262646,customer000967@examplecom,JL MERDEKA NO 105,2008,[np.int64(966)],1,C000967,0.9822128851540616,Auto Match
Branch System,BR_0003429,Rina Hidayat,1992-08-18,8104004849,customer000932@example.com,Jalan Ahmad Yani No. 93,Medan,RINA HIDAYAT,8104004849,customer000932@example.com,JL AHMAD YANI NO 93,1992,[np.int64(931)],1,C000932,1.0,Auto Match
Branch System,BR_0003430,Tono Lestari,2010-03-28,815463646,customer000483@example.com,Jalan Gatot Subroto No. 87,Depok,TONO LESTARI,815463646,customer000483@example.com,JL GATOT SUBROTO NO 87,2010,[np.int64(482)],1,C000483,0.986842105263158,Auto Match
Branch System,BR_0003431,AndiKurniawan,1999-08-23,8320633314,customer000215@example.com,Jl. Sudirman No. 2,Jakarta,ANDIKURNIAWAN,8320633314,customer000215@example.com,JL SUDIRMAN NO 2,1999,[np.int64(214)],1,C000215,0.9907407407407408,Auto Match
Branch System,BR_0003432,SARIWIJAYA,1989-09-29,8140467818,customer000188@example.com,Jl. Diponegoro No. 133,Depok,SARIWIJAYA,8140467818,customer000188@example.com,JL DIPONEGORO NO 133,1989,[np.int64(187)],1,C000188,0.9880952380952382,Auto Match
Branch System,BR_0003433,LINA NUGROHO,2016-03-13,8428666232,customer000378@example.com,Jl. Gatot Subroto No. 8,Depok,LINA NUGROHO,8428666232,customer000378@example.com,JL GATOT SUBROTO NO 8,2016,[np.int64(377)],1,C000378,1.0,Auto Match
Branch System,BR_0003434,Gita Permata,2004-02-21,8880312646,customer000496@example.com,JL. SUDIRMAN NO. 175,Tangerang,GITA PERMATA,8880312646,customer000496@example.com,JL SUDIRMAN NO 175,2004,[np.int64(495)],1,C000496,1.0,Auto Match
Branch System,BR_0003435,Hana Pratama,2008-02-18,8651229545,customer001512@example.com,Jl. Sudirman No. 127,Bekasi,HANA PRATAMA,8651229545,customer001512@example.com,JL SUDIRMAN NO 127,2008,[np.int64(1511)],1,C001512,1.0,Auto Match
Branch System,BR_0003436,EKO LESTARI,1995-01-22,628889630217,customer000360@examplecom,Jalan Ahmad Yani No. 35,Jakarta,EKO LESTARI,08889630217,customer000360@examplecom,JL AHMAD YANI NO 35,1995,[np.int64(359)],1,C000360,0.9822128851540616,Auto Match
Branch System,BR_0003437,BUDI SETIAWAN,2001-11-11,8565842283,customer001518@example.com,Jl. Gatot Subroto No. 129,Medan,BUDI SETIAWAN,8565842283,customer001518@example.com,JL GATOT SUBROTO NO 129,2001,[np.int64(1517)],1,C001518,1.0,Auto Match
Branch System,BR_0003438,LINAKURNIAWAN,2009-05-07,628839692647,customer000491@examplecom,Jl. Ahmad Yani No. 101,Semarang,LINAKURNIAWAN,08839692647,customer000491@examplecom,JL AHMAD YANI NO 101,2009,[],0,C000491,0.9729536258948023,Auto Match
Branch System,BR_0003439,Oscar Santoso,1990-06-03,8385950100,customer000271@example.com,Jalan Ahmad Yani No. 88,Bandung,OSCAR SANTOSO,8385950100,customer000271@example.com,JL AHMAD YANI NO 88,1990,[np.int64(270)],1,C000271,1.0,Auto Match
Branch System,BR_0003440,Citra Lestari,2009-04-03,8442212024,customer000251@example.com,JL. GATOT SUBROTO NO. 78,Makassar,CITRA LESTARI,8442212024,customer000251@example.com,JL GATOT SUBROTO NO 78,2009,[np.int64(250)],1,C000251,1.0,Auto Match
Branch System,BR_0003441,Iwan Wijaya,1989-10-06,8555152228,customer000462@example.com,Jl. Ahmad Yani No. 196,Bekasi,IWAN WIJAYA,8555152228,customer000462@example.com,JL AHMAD YANI NO 196,1989,[np.int64(461)],1,C000462,1.0,Auto Match
Branch System,BR_0003442,IWAN RAMADHAN,1993-10-30,8396471392,customer001082@example.com,Jl. Diponegoro No. 25,Surabaya,IWAN RAMADHAN,8396471392,customer001082@example.com,JL DIPONEGORO NO 25,1993,[np.int64(1081)],1,C001082,1.0,Auto Match
Branch System,BR_0003443,KARIN PERMATA,1990-05-24,8255963239,customer000951@example.com,Jl. Diponegoro No. 33,Jakarta,KARIN PERMATA,8255963239,customer000951@example.com,JL DIPONEGORO NO 33,1990,[np.int64(950)],1,C000951,1.0,Auto Match
Branch System,BR_0003444,Putri Santoso,1994-03-07,628497093953,customer001729@example.com,Jl. Diponegoro No. 174,Bekasi,PUTRI SANTOSO,08497093953,customer001729@example.com,JL DIPONEGORO NO 174,1994,[np.int64(1728)],1,C001729,0.9880952380952381,Auto Match
Branch System,BR_0003445,Maya Hidayat,1992-05-09,628867174700,customer000859@example.com,Jalan Ahmad Yani No. 35,Tangerang,MAYA HIDAYAT,08867174700,customer000859@example.com,JL AHMAD YANI NO 35,1992,[np.int64(858)],1,C000859,0.9880952380952381,Auto Match
Branch System,BR_0003446,Maya Hidayat,2007-06-29,8809043821,customer001659@example.com,Jl. Sudirman No. 10,Depok,MAYA HIDAYAT,8809043821,customer001659@example.com,JL SUDIRMAN NO 10,2007,[np.int64(1658)],1,C001659,1.0,Auto Match
Branch System,BR_0003447,Nanda Saputra,1995-08-09,628460644891,customer001787@examplecom,Jl. Sudirman No. 123,Bogor,NANDA SAPUTRA,08460644891,customer001787@examplecom,JL SUDIRMAN NO 123,1995,[np.int64(1786)],1,C001787,0.9822128851540616,Auto Match
Branch System,BR_0003448,Iwan Lestari,2002-03-04,62847336680,customer000274@example.com,JL. DIPONEGORO NO. 98,Makassar,IWAN LESTARI,0847336680,customer000274@example.com,JL DIPONEGORO NO 98,2002,[np.int64(273)],1,C000274,0.9750000000000001,Auto Match
Branch System,BR_0003449,Maya Siregar,2003-05-11,8184209746,customer000301@example.com,Jl. Diponegoro No. 34,Surabaya,MAYA SIREGAR,8184209746,customer000301@example.com,JL DIPONEGORO NO 34,2003,[np.int64(300)],1,C000301,1.0,Auto Match
Branch System,BR_0003450,Dewi Pratama,2004-06-06,8705195614,customer001544@example.com,Jl. Gatot Subroto No. 70,Depok,DEWI PRATAMA,8705195614,customer001544@example.com,JL GATOT SUBROTO NO 70,2004,[np.int64(1543)],1,C001544,1.0,Auto Match
Branch System,BR_0003451,Iwan Hidayat,1990-12-29,628231892143,customer000317@example.com,Jl. Sudirman No. 43,Depok,IWAN HIDAYAT,08231892143,customer000317@example.com,JL SUDIRMAN NO 43,1990,[np.int64(316)],1,C000317,0.9880952380952381,Auto Match
Branch System,BR_0003452,OSC4R LEST4R1,2008-12-20,62851769369,customer001346@example.com,JL. DIPONEGORO NO. 117,Medan,OSC4R LEST4R1,0851769369,customer001346@example.com,JL DIPONEGORO NO 117,2008,[np.int64(1345)],1,C001346,0.9173076923076924,Auto Match
Branch System,BR_0003453,DEWI RAMADHAN,2006-01-08,876833319,customer001497@example.com,Jl. Ahmad Yani No. 183,Makassar,DEWI RAMADHAN,876833319,customer001497@example.com,JL AHMAD YANI NO 183,2006,[np.int64(1496)],1,C001497,0.986842105263158,Auto Match
Branch System,BR_0003454,LinaKurniawan,2006-02-18,628826702637,customer000040@example.com,Jl. Ahmad Yani No. 160,Makassar,LINAKURNIAWAN,08826702637,customer000040@example.com,JL AHMAD YANI NO 160,2006,[np.int64(39)],1,C000040,0.9788359788359788,Auto Match
Branch System,BR_0003455,RINA PRATAMA,2009-02-09,62896103359,customer000994@example.com,Jl. Merdeka No. 4,Tangerang,RINA PRATAMA,0896103359,customer000994@example.com,JL MERDEKA NO 4,2009,[np.int64(993)],1,C000994,0.9750000000000001,Auto Match
Branch System,BR_0003456,Budi Wijaya,1992-01-26,8366026516,customer001253@example.com,Jl. Gatot Subroto No. 14,Depok,BUDI WIJAYA,8366026516,customer001253@example.com,JL GATOT SUBROTO NO 14,1992,[np.int64(1252)],1,C001253,1.0,Auto Match
Branch System,BR_0003457,OscarLestari,2015-09-21,8651365160,customer000349@example.com,Jl. Diponegoro No. 112,Tangerang,OSCARLESTARI,8651365160,customer000349@example.com,JL DIPONEGORO NO 112,2015,[np.int64(348)],1,C000349,0.9900000000000001,Auto Match
Branch System,BR_0003458,Citra Pratama,2014-08-09,8644045528,customer000488@example.com,JL. DIPONEGORO NO. 100,Bandung,CITRA PRATAMA,8644045528,customer000488@example.com,JL DIPONEGORO NO 100,2014,[np.int64(487)],1,C000488,1.0,Auto Match
Branch System,BR_0003459,HanaLestari,2001-04-25,8346490944,customer000929@examplecom,JL. DIPONEGORO NO. 88,Bogor,HANALESTARI,8346490944,customer000929@examplecom,JL DIPONEGORO NO 88,2001,[np.int64(928)],1,C000929,0.9832480818414323,Auto Match
Branch System,BR_0003460,RinaHidayat,2006-06-13,62863830738,customer001460@example.com,Jl. Diponegoro No. 127,Jakarta,RINAHIDAYAT,0863830738,customer001460@example.com,JL DIPONEGORO NO 127,2006,[np.int64(1459)],1,C001460,0.9641304347826088,Auto Match
Branch System,BR_0003461,Karin Siregar,1992-03-23,826374865,customer000621@example.com,Jalan Ahmad Yani No. 136,Jakarta,KARIN SIREGAR,826374865,customer000621@example.com,JL AHMAD YANI NO 136,1992,[np.int64(620)],1,C000621,0.986842105263158,Auto Match
Branch System,BR_0003462,VINA SANTOSO,2011-01-11,8287780798,customer001309@example.com,Jl. Diponegoro No. 150,Surabaya,VINA SANTOSO,8287780798,customer001309@example.com,JL DIPONEGORO NO 150,2011,[np.int64(1308)],1,C001309,1.0,Auto Match
Branch System,BR_0003463,TonoRamadhan,1996-05-18,8619233557,customer000572@example.com,Jl. Merdeka No. 199,Makassar,TONORAMADHAN,8619233557,customer000572@example.com,JL MERDEKA NO 199,1996,[np.int64(571)],1,C000572,0.9900000000000001,Auto Match
Branch System,BR_0003464,DEWI NUGROHO,2012-11-04,8125509393,customer001149@example.com,JL. DIPONEGORO NO. 64,Surabaya,DEWI NUGROHO,8125509393,customer001149@example.com,JL DIPONEGORO NO 64,2012,[np.int64(1148)],1,C001149,1.0,Auto Match
Branch System,BR_0003465,VinaHidayat,2015-05-14,8657743140,customer001272@examplecom,Jalan Sudirman No. 178,Surabaya,VINAHIDAYAT,8657743140,customer001272@examplecom,JL SUDIRMAN NO 178,2015,[np.int64(1271)],1,C001272,0.9832480818414323,Auto Match
Branch System,BR_0003466,Lina Siregar,2016-03-30,8496937691,customer001118@example.com,Jl. Sudirman No. 197,Bekasi,LINA SIREGAR,8496937691,customer001118@example.com,JL SUDIRMAN NO 197,2016,[np.int64(1117)],1,C001118,1.0,Auto Match
Branch System,BR_0003467,Sari Nugroho,2007-09-28,628655612389,customer000601@examplecom,JALAN MERDEKA NO. 191,Surabaya,SARI NUGROHO,08655612389,customer000601@examplecom,JL MERDEKA NO 191,2007,[np.int64(600)],1,C000601,0.9822128851540616,Auto Match
Branch System,BR_0003468,JOKOPRATAMA,2004-06-26,8309297713,customer000243@example.com,Jl. Merdeka No. 83,Bekasi,JOKOPRATAMA,8309297713,customer000243@example.com,JL MERDEKA NO 83,2004,[np.int64(242)],1,C000243,0.9891304347826088,Auto Match
Branch System,BR_0003469,NANDASIREGAR,1995-08-05,887736230,customer001106@examplecom,Jalan Gatot Subroto No. 26,Semarang,NANDASIREGAR,887736230,customer001106@examplecom,JL GATOT SUBROTO NO 26,1995,[],0,C001106,0.9709597523219814,Auto Match
Branch System,BR_0003470,BudiSaputra,2001-09-18,8191291545,customer000926@example.com,Jalan Merdeka No. 168,Tangerang,BUDISAPUTRA,8191291545,customer000926@example.com,JL MERDEKA NO 168,2001,[np.int64(925)],1,C000926,0.9891304347826088,Auto Match
Branch System,BR_0003471,KarinKurniawan,2010-01-13,8887891123,customer001172@examplecom,Jl. Sudirman No. 57,Bekasi,KARINKURNIAWAN,8887891123,customer001172@examplecom,JL SUDIRMAN NO 57,2010,[np.int64(1171)],1,C001172,0.9854969574036512,Auto Match
Branch System,BR_0003472,Citra Saputra,2008-09-19,628415320942,customer001653@example.com,JALAN DIPONEGORO NO. 162,Tangerang,CITRA SAPUTRA,08415320942,customer001653@example.com,JL DIPONEGORO NO 162,2008,[np.int64(1652)],1,C001653,0.9880952380952381,Auto Match
Branch System,BR_0003473,MayaWijaya,2009-09-20,889868060,customer000123@examplecom,Jl. Gatot Subroto No. 151,Semarang,MAYAWIJAYA,889868060,customer000123@examplecom,JL GATOT SUBROTO NO 151,2009,[],0,C000123,0.9690549904172195,Auto Match
Branch System,BR_0003474,Vina Nugroho,1990-06-27,8784919414,customer000729@examplecom,Jl. Merdeka No. 77,Bekasi,VINA NUGROHO,8784919414,customer000729@examplecom,JL MERDEKA NO 77,1990,[np.int64(728)],1,C000729,0.9941176470588236,Auto Match
Branch System,BR_0003475,EkoWijaya,1999-12-09,8800549866,customer001707@example.com,Jl. Gatot Subroto No. 155,Bandung,EKOWIJAYA,8800549866,customer001707@example.com,JL GATOT SUBROTO NO 155,1999,[np.int64(1706)],1,C001707,0.986842105263158,Auto Match
Branch System,BR_0003476,BUDIHIDAYAT,2010-08-18,8667971893,customer001755@example.com,JL. SUDIRMAN NO. 83,Medan,BUDIHIDAYAT,8667971893,customer001755@example.com,JL SUDIRMAN NO 83,2010,[np.int64(1754)],1,C001755,0.9891304347826088,Auto Match
Branch System,BR_0003477,Sari Nugroho,2003-10-07,8385033733,customer000624@example.com,Jl. Merdeka No. 119,Bekasi,SARI NUGROHO,8385033733,customer000624@example.com,JL MERDEKA NO 119,2003,[np.int64(623)],1,C000624,1.0,Auto Match
Branch System,BR_0003478,Oscar Hidayat,1994-02-11,8191607389,customer001028@example.com,Jl. Diponegoro No. 146,Bandung,OSCAR HIDAYAT,8191607389,customer001028@example.com,JL DIPONEGORO NO 146,1994,[np.int64(1027)],1,C001028,1.0,Auto Match
Branch System,BR_0003479,MAYA WIJAYA,2009-05-11,628806238017,customer000050@examplecom,Jl. Gatot Subroto No. 127,Makassar,MAYA WIJAYA,08806238017,customer000050@examplecom,JL GATOT SUBROTO NO 127,2009,[np.int64(49)],1,C000050,0.9822128851540616,Auto Match
Branch System,BR_0003480,IwanNugroho,1995-07-15,812180641,customer000311@examplecom,Jalan Merdeka No. 95,Bandung,IWANNUGROHO,812180641,customer000311@examplecom,JL MERDEKA NO 95,1995,[],0,C000311,0.97009018710459,Auto Match
Branch System,BR_0003481,Eko Permata,2013-10-16,628100578073,customer001333@example.com,Jl. Ahmad Yani No. 150,Jakarta,EKO PERMATA,08100578073,customer001333@example.com,JL AHMAD YANI NO 150,2013,[np.int64(1332)],1,C001333,0.9880952380952381,Auto Match
Branch System,BR_0003482,CitraSiregar,2015-10-12,8658152439,customer000982@example.com,Jl. Diponegoro No. 172,Semarang,CITRASIREGAR,8658152439,customer000982@example.com,JL DIPONEGORO NO 172,2015,[np.int64(981)],1,C000982,0.9900000000000001,Auto Match
Branch System,BR_0003483,Oscar Ramadhan,1999-06-15,892701874,customer001355@example.com,Jalan Diponegoro No. 72,Depok,OSCAR RAMADHAN,892701874,customer001355@example.com,JL DIPONEGORO NO 72,1999,[np.int64(1354)],1,C001355,0.986842105263158,Auto Match
Branch System,BR_0003484,Sari Permata,2004-05-17,8704698826,customer001077@example.com,Jalan Gatot Subroto No. 104,Bandung,SARI PERMATA,8704698826,customer001077@example.com,JL GATOT SUBROTO NO 104,2004,[np.int64(1076)],1,C001077,1.0,Auto Match
Branch System,BR_0003485,Fajar Siregar,2015-01-09,8493127438,customer000105@example.com,Jalan Diponegoro No. 57,Bandung,FAJAR SIREGAR,8493127438,customer000105@example.com,JL DIPONEGORO NO 57,2015,[np.int64(104)],1,C000105,1.0,Auto Match
Branch System,BR_0003486,Hana Lestari,2000-09-01,628865933287,customer001704@examplecom,Jl. Sudirman No. 186,Makassar,HANA LESTARI,08865933287,customer001704@examplecom,JL SUDIRMAN NO 186,2000,[np.int64(1703)],1,C001704,0.9822128851540616,Auto Match
Branch System,BR_0003487,Dewi Saputra,1999-04-20,8195749814,customer001549@examplecom,Jl. Gatot Subroto No. 154,Medan,DEWI SAPUTRA,8195749814,customer001549@examplecom,JL GATOT SUBROTO NO 154,1999,[np.int64(1548)],1,C001549,0.9941176470588236,Auto Match
Branch System,BR_0003488,Citra Kurniawan,1997-01-13,8380100797,customer001032@example.com,Jalan Diponegoro No. 41,Tangerang,CITRA KURNIAWAN,8380100797,customer001032@example.com,JL DIPONEGORO NO 41,1997,[np.int64(1031)],1,C001032,1.0,Auto Match
Branch System,BR_0003489,Tono Santoso,1995-05-17,8440189805,customer000555@examplecom,JALAN DIPONEGORO NO. 6,Makassar,TONO SANTOSO,8440189805,customer000555@examplecom,JL DIPONEGORO NO 6,1995,[np.int64(554)],1,C000555,0.9941176470588236,Auto Match
Branch System,BR_0003490,NANDA SETIAWAN,1989-06-19,8658028387,customer001188@example.com,Jl. Sudirman No. 4,Tangerang,NANDA SETIAWAN,8658028387,customer001188@example.com,JL SUDIRMAN NO 4,1989,[np.int64(1187)],1,C001188,1.0,Auto Match
Branch System,BR_0003491,IWAN SIREGAR,2005-04-14,8991789358,customer001663@example.com,Jl. Gatot Subroto No. 32,Jakarta,IWAN SIREGAR,8991789358,customer001663@example.com,JL GATOT SUBROTO NO 32,2005,[np.int64(1662)],1,C001663,1.0,Auto Match
Branch System,BR_0003492,JOKO WIJAYA,2003-12-19,8565200810,customer000037@example.com,Jl. Sudirman No. 198,Medan,JOKO WIJAYA,8565200810,customer000037@example.com,JL SUDIRMAN NO 198,2003,[np.int64(36)],1,C000037,1.0,Auto Match
Branch System,BR_0003493,KARIN WIJAYA,2001-05-21,8697549307,customer000404@examplecom,Jl. Ahmad Yani No. 70,Bekasi,KARIN WIJAYA,8697549307,customer000404@examplecom,JL AHMAD YANI NO 70,2001,[np.int64(403)],1,C000404,0.9941176470588236,Auto Match
Branch System,BR_0003494,Rina Kurniawan,1996-07-11,8922618055,customer000433@example.com,Jl. Sudirman No. 14,Depok,RINA KURNIAWAN,8922618055,customer000433@example.com,JL SUDIRMAN NO 14,1996,[np.int64(432)],1,C000433,1.0,Auto Match
Branch System,BR_0003495,Oscar Saputra,1993-05-31,8826100693,customer001063@example.com,Jl. Diponegoro No. 129,Jakarta,OSCAR SAPUTRA,8826100693,customer001063@example.com,JL DIPONEGORO NO 129,1993,[np.int64(1062)],1,C001063,1.0,Auto Match
Branch System,BR_0003496,Fajar Siregar,2004-10-15,8144904198,customer001167@examplecom,Jl. Gatot Subroto No. 10,Semarang,FAJAR SIREGAR,8144904198,customer001167@examplecom,JL GATOT SUBROTO NO 10,2004,[np.int64(1166)],1,C001167,0.9941176470588236,Auto Match
Branch System,BR_0003497,Karin Ramadhan,2005-10-17,8824255974,customer001735@example.com,Jl. Sudirman No. 72,Depok,KARIN RAMADHAN,8824255974,customer001735@example.com,JL SUDIRMAN NO 72,2005,[np.int64(1734)],1,C001735,1.0,Auto Match
Branch System,BR_0003498,VINA KURNIAWAN,2008-08-23,8470503021,customer000256@example.com,Jl. Merdeka No. 13,Medan,VINA KURNIAWAN,8470503021,customer000256@example.com,JL MERDEKA NO 13,2008,[np.int64(255)],1,C000256,1.0,Auto Match
Branch System,BR_0003499,Hana Siregar,1995-03-25,8709806837,customer001203@example.com,Jl. Sudirman No. 130,Jakarta,HANA SIREGAR,8709806837,customer001203@example.com,JL SUDIRMAN NO 130,1995,[np.int64(1202)],1,C001203,1.0,Auto Match
Branch System,BR_0003500,IWAN LESTARI,1997-03-19,8713146461,customer001500@example.com,Jl. Merdeka No. 113,Jakarta,IWAN LESTARI,8713146461,customer001500@example.com,JL MERDEKA NO 113,1997,[np.int64(1499)],1,C001500,1.0,Auto Match
Branch System,EX_0000000,Budi Permata,2012-04-05,8379760788,random0@mailtest.com,Jl. Random No. 225,Depok,BUDI PERMATA,8379760788,random0@mailtest.com,JL RANDOM NO 225,2012,[],0,C000542,0.45405518394648836,Non-Match
Credit Card,EX_0000001,Andi Santoso,2002-04-12,8552427096,random1@mailtest.com,Jl. Random No. 27,Surabaya,ANDI SANTOSO,8552427096,random1@mailtest.com,JL RANDOM NO 27,2002,[],0,C000681,0.6254958047292143,Non-Match
CRM,EX_0000002,Lina Lestari,2008-12-22,8913556892,random2@mailtest.com,Jl. Random No. 46,Medan,LINA LESTARI,8913556892,random2@mailtest.com,JL RANDOM NO 46,2008,[],0,C001346,0.46114906832298136,Non-Match
Credit Card,EX_0000003,Nanda Hidayat,1993-05-18,8891787198,random3@mailtest.com,Jl. Random No. 515,Bandung,NANDA HIDAYAT,8891787198,random3@mailtest.com,JL RANDOM NO 515,1993,[],0,C000350,0.421256038647343,Non-Match
Credit Card,EX_0000004,Oscar Nugroho,2015-04-10,8145117652,random4@mailtest.com,Jl. Random No. 78,Depok,OSCAR NUGROHO,8145117652,random4@mailtest.com,JL RANDOM NO 78,2015,[],0,C000089,0.3566847826086956,Non-Match
Credit Card,EX_0000005,Sari Siregar,1989-10-15,8941663571,random5@mailtest.com,Jl. Random No. 952,Surabaya,SARI SIREGAR,8941663571,random5@mailtest.com,JL RANDOM NO 952,1989,[],0,C001285,0.37472826086956523,Non-Match
CRM,EX_0000006,Maya Santoso,2009-03-12,8463621467,random6@mailtest.com,Jl. Random No. 985,Depok,MAYA SANTOSO,8463621467,random6@mailtest.com,JL RANDOM NO 985,2009,[],0,C001684,0.41544795783926214,Non-Match
CRM,EX_0000007,Karin Kurniawan,2014-10-28,8631342613,random7@mailtest.com,Jl. Random No. 538,Bandung,KARIN KURNIAWAN,8631342613,random7@mailtest.com,JL RANDOM NO 538,2014,[],0,C001695,0.46278772378516625,Non-Match
Mobile Banking,EX_0000008,Sari Kurniawan,2008-10-09,8237067780,random8@mailtest.com,Jl. Random No. 846,Makassar,SARI KURNIAWAN,8237067780,random8@mailtest.com,JL RANDOM NO 846,2008,[],0,C001287,0.3323671497584541,Non-Match
Mobile Banking,EX_0000009,Budi Ramadhan,2006-05-02,8581197304,random9@mailtest.com,Jl. Random No. 908,Bekasi,BUDI RAMADHAN,8581197304,random9@mailtest.com,JL RANDOM NO 908,2006,[],0,C001523,0.444751021924935,Non-Match
Credit Card,EX_0000010,Putri Santoso,2001-01-03,8593611483,random10@mailtest.com,Jl. Random No. 658,Jakarta,PUTRI SANTOSO,8593611483,random10@mailtest.com,JL RANDOM NO 658,2001,[],0,C001159,0.3882033096926714,Non-Match
Credit Card,EX_0000011,Fajar Hidayat,2008-02-08,8170222065,random11@mailtest.com,Jl. Random No. 749,Bandung,FAJAR HIDAYAT,8170222065,random11@mailtest.com,JL RANDOM NO 749,2008,[],0,C000967,0.3626246094331201,Non-Match
Mobile Banking,EX_0000012,Rina Ramadhan,2015-10-11,8488396352,random12@mailtest.com,Jl. Random No. 489,Bogor,RINA RAMADHAN,8488396352,random12@mailtest.com,JL RANDOM NO 489,2015,[],0,C001193,0.4889832242225859,Non-Match
Core Banking,EX_0000013,Tono Wijaya,1991-08-29,8140866044,random13@mailtest.com,Jl. Random No. 230,Bekasi,TONO WIJAYA,8140866044,random13@mailtest.com,JL RANDOM NO 230,1991,[],0,C000382,0.43903664302600476,Non-Match
Credit Card,EX_0000014,Iwan Siregar,2013-04-08,8494899456,random14@mailtest.com,Jl. Random No. 363,Medan,IWAN SIREGAR,8494899456,random14@mailtest.com,JL RANDOM NO 363,2013,[],0,C001128,0.3625765290658908,Non-Match
Mobile Banking,EX_0000015,Gita Kurniawan,2011-04-10,8145030554,random15@mailtest.com,Jl. Random No. 820,Depok,GITA KURNIAWAN,8145030554,random15@mailtest.com,JL RANDOM NO 820,2011,[],0,C001061,0.41945778997940975,Non-Match
Core Banking,EX_0000016,Putri Nugroho,1989-10-08,8173563941,random16@mailtest.com,Jl. Random No. 59,Medan,PUTRI NUGROHO,8173563941,random16@mailtest.com,JL RANDOM NO 59,1989,[],0,C000905,0.3831540799625906,Non-Match
Mobile Banking,EX_0000017,Eko Setiawan,1990-01-08,8975920430,random17@mailtest.com,Jl. Random No. 151,Bandung,EKO SETIAWAN,8975920430,random17@mailtest.com,JL RANDOM NO 151,1990,[],0,C001412,0.46421674070610236,Non-Match
Mobile Banking,EX_0000018,Putri Lestari,2010-11-20,8507729800,random18@mailtest.com,Jl. Random No. 876,Tangerang,PUTRI LESTARI,8507729800,random18@mailtest.com,JL RANDOM NO 876,2010,[],0,C000976,0.4063437849944009,Non-Match
Core Banking,EX_0000019,Karin Setiawan,2009-01-19,8839537747,random19@mailtest.com,Jl. Random No. 719,Depok,KARIN SETIAWAN,8839537747,random19@mailtest.com,JL RANDOM NO 719,2009,[],0,C000100,0.43091374740310906,Non-Match
Credit Card,EX_0000020,Budi Saputra,1995-09-28,8411968269,random20@mailtest.com,Jl. Random No. 354,Bekasi,BUDI SAPUTRA,8411968269,random20@mailtest.com,JL RANDOM NO 354,1995,[],0,C001728,0.40167553191489364,Non-Match
Core Banking,EX_0000021,Putri Hidayat,2014-12-03,8959685154,random21@mailtest.com,Jl. Random No. 422,Tangerang,PUTRI HIDAYAT,8959685154,random21@mailtest.com,JL RANDOM NO 422,2014,[],0,C000134,0.4191097424412094,Non-Match
Branch System,EX_0000022,Maya Ramadhan,2007-11-15,8647212311,random22@mailtest.com,Jl. Random No. 239,Makassar,MAYA RAMADHAN,8647212311,random22@mailtest.com,JL RANDOM NO 239,2007,[],0,C001538,0.3668956855791962,Non-Match
CRM,EX_0000023,Dewi Lestari,2003-12-28,8300599161,random23@mailtest.com,Jl. Random No. 758,Tangerang,DEWI LESTARI,8300599161,random23@mailtest.com,JL RANDOM NO 758,2003,[],0,C000065,0.4166301627033792,Non-Match
Core Banking,EX_0000024,Gita Santoso,2005-08-26,8941191968,random24@mailtest.com,Jl. Random No. 396,Surabaya,GITA SANTOSO,8941191968,random24@mailtest.com,JL RANDOM NO 396,2005,[],0,C001298,0.39943174309501783,Non-Match
Credit Card,EX_0000025,Budi Hidayat,2007-03-29,8116466415,random25@mailtest.com,Jl. Random No. 727,Bekasi,BUDI HIDAYAT,8116466415,random25@mailtest.com,JL RANDOM NO 727,2007,[],0,C001776,0.36456433637284696,Non-Match
Credit Card,EX_0000026,Putri Nugroho,2016-03-23,8550981132,random26@mailtest.com,Jl. Random No. 599,Bekasi,PUTRI NUGROHO,8550981132,random26@mailtest.com,JL RANDOM NO 599,2016,[],0,C001363,0.4250409165302782,Non-Match
Credit Card,EX_0000027,Nanda Ramadhan,1996-08-21,8826063873,random27@mailtest.com,Jl. Random No. 273,Depok,NANDA RAMADHAN,8826063873,random27@mailtest.com,JL RANDOM NO 273,1996,[],0,C000434,0.4349347067432173,Non-Match
Credit Card,EX_0000028,Maya Wijaya,2011-05-03,8220850654,random28@mailtest.com,Jl. Random No. 335,Bekasi,MAYA WIJAYA,8220850654,random28@mailtest.com,JL RANDOM NO 335,2011,[],0,C000643,0.3449191265102458,Non-Match
Core Banking,EX_0000029,Rina Hidayat,1996-04-14,8865357104,random29@mailtest.com,Jl. Random No. 860,Makassar,RINA HIDAYAT,8865357104,random29@mailtest.com,JL RANDOM NO 860,1996,[],0,C001194,0.43483729662077597,Non-Match
Core Banking,EX_0000030,Oscar Kurniawan,2013-04-09,8763368325,random30@mailtest.com,Jl. Random No. 308,Medan,OSCAR KURNIAWAN,8763368325,random30@mailtest.com,JL RANDOM NO 308,2013,[],0,C001128,0.4660665575559193,Non-Match
CRM,EX_0000031,Putri Saputra,1996-04-13,8912623408,random31@mailtest.com,Jl. Random No. 991,Surabaya,PUTRI SAPUTRA,8912623408,random31@mailtest.com,JL RANDOM NO 991,1996,[],0,C000634,0.4161398176291793,Non-Match
Core Banking,EX_0000032,Maya Santoso,1994-05-25,8573921244,random32@mailtest.com,Jl. Random No. 370,Jakarta,MAYA SANTOSO,8573921244,random32@mailtest.com,JL RANDOM NO 370,1994,[],0,C000731,0.3777784730913642,Non-Match
Credit Card,EX_0000033,Nanda Siregar,2009-10-06,8357935730,random33@mailtest.com,Jl. Random No. 662,Semarang,NANDA SIREGAR,8357935730,random33@mailtest.com,JL RANDOM NO 662,2009,[],0,C000707,0.48133090313941373,Non-Match
CRM,EX_0000034,Andi Hidayat,1997-10-24,8700517192,random34@mailtest.com,Jl. Random No. 272,Surabaya,ANDI HIDAYAT,8700517192,random34@mailtest.com,JL RANDOM NO 272,1997,[],0,C000387,0.45162462693751804,Non-Match
Mobile Banking,EX_0000035,Nanda Hidayat,2013-08-04,8982424197,random35@mailtest.com,Jl. Random No. 606,Makassar,NANDA HIDAYAT,8982424197,random35@mailtest.com,JL RANDOM NO 606,2013,[],0,C001640,0.3742844251251938,Non-Match
Mobile Banking,EX_0000036,Budi Hidayat,2011-04-30,8723863231,random36@mailtest.com,Jl. Random No. 54,Bandung,BUDI HIDAYAT,8723863231,random36@mailtest.com,JL RANDOM NO 54,2011,[],0,C001398,0.40855053191489366,Non-Match
Branch System,EX_0000037,Oscar Hidayat,2014-12-13,8155509224,random37@mailtest.com,Jl. Random No. 761,Bogor,OSCAR HIDAYAT,8155509224,random37@mailtest.com,JL RANDOM NO 761,2014,[],0,C001557,0.3766892681786299,Non-Match
Mobile Banking,EX_0000038,Joko Pratama,2012-07-27,8478502189,random38@mailtest.com,Jl. Random No. 235,Medan,JOKO PRATAMA,8478502189,random38@mailtest.com,JL RANDOM NO 235,2012,[],0,C001185,0.46542553191489355,Non-Match
Mobile Banking,EX_0000039,Hana Ramadhan,1999-04-08,8202754815,random39@mailtest.com,Jl. Random No. 792,Tangerang,HANA RAMADHAN,8202754815,random39@mailtest.com,JL RANDOM NO 792,1999,[],0,C000886,0.3362310030395137,Non-Match
Core Banking,EX_0000040,Nanda Nugroho,2007-08-10,8339001413,random40@mailtest.com,Jl. Random No. 178,Makassar,NANDA NUGROHO,8339001413,random40@mailtest.com,JL RANDOM NO 178,2007,[],0,C000167,0.34410974244120945,Non-Match
Core Banking,EX_0000041,Eko Santoso,1998-09-18,8915624937,random41@mailtest.com,Jl. Random No. 533,Tangerang,EKO SANTOSO,8915624937,random41@mailtest.com,JL RANDOM NO 533,1998,[],0,C001486,0.4726719087264878,Non-Match
CRM,EX_0000042,Citra Setiawan,1993-05-22,8318816521,random42@mailtest.com,Jl. Random No. 655,Medan,CITRA SETIAWAN,8318816521,random42@mailtest.com,JL RANDOM NO 655,1993,[],0,C001699,0.4221040189125296,Non-Match
Credit Card,EX_0000043,Gita Hidayat,2005-10-04,8811544769,random43@mailtest.com,Jl. Random No. 366,Semarang,GITA HIDAYAT,8811544769,random43@mailtest.com,JL RANDOM NO 366,2005,[],0,C000610,0.36456433637284696,Non-Match
Core Banking,EX_0000044,Vina Lestari,1996-04-13,8132006834,random44@mailtest.com,Jl. Random No. 948,Jakarta,VINA LESTARI,8132006834,random44@mailtest.com,JL RANDOM NO 948,1996,[],0,C001259,0.39993230174081235,Non-Match
Core Banking,EX_0000045,Sari Hidayat,2012-12-28,8595370062,random45@mailtest.com,Jl. Random No. 562,Bogor,SARI HIDAYAT,8595370062,random45@mailtest.com,JL RANDOM NO 562,2012,[],0,C001587,0.4266097424412094,Non-Match
Core Banking,EX_0000046,Gita Hidayat,2009-03-24,8411640866,random46@mailtest.com,Jl. Random No. 879,Tangerang,GITA HIDAYAT,8411640866,random46@mailtest.com,JL RANDOM NO 879,2009,[],0,C000249,0.4854255319148937,Non-Match
Branch System,EX_0000047,Rina Kurniawan,1998-11-12,8754813133,random47@mailtest.com,Jl. Random No. 421,Semarang,RINA KURNIAWAN,8754813133,random47@mailtest.com,JL RANDOM NO 421,1998,[],0,C000862,0.4928894595255563,Non-Match
Credit Card,EX_0000048,Sari Kurniawan,1990-07-07,8414237543,random48@mailtest.com,Jl. Random No. 580,Tangerang,SARI KURNIAWAN,8414237543,random48@mailtest.com,JL RANDOM NO 580,1990,[],0,C001369,0.354582651391162,Non-Match
Credit Card,EX_0000049,Oscar Saputra,1993-06-11,8178481748,random49@mailtest.com,Jl. Random No. 884,Depok,OSCAR SAPUTRA,8178481748,random49@mailtest.com,JL RANDOM NO 884,1993,[],0,C000071,0.3820713391739674,Non-Match
Branch System,EX_0000050,Karin Permata,1997-02-18,8177692329,random50@mailtest.com,Jl. Random No. 714,Bandung,KARIN PERMATA,8177692329,random50@mailtest.com,JL RANDOM NO 714,1997,[],0,C001216,0.4420738835632453,Non-Match
Branch System,EX_0000051,Budi Setiawan,2001-11-10,8354524344,random51@mailtest.com,Jl. Random No. 265,Depok,BUDI SETIAWAN,8354524344,random51@mailtest.com,JL RANDOM NO 265,2001,[],0,C000180,0.4568607171000788,Non-Match
Branch System,EX_0000052,Joko Nugroho,2013-03-23,8506888175,random52@mailtest.com,Jl. Random No. 331,Bogor,JOKO NUGROHO,8506888175,random52@mailtest.com,JL RANDOM NO 331,2013,[],0,C001322,0.4605946140404975,Non-Match
Branch System,EX_0000053,Lina Santoso,1999-10-09,8985111723,random53@mailtest.com,Jl. Random No. 672,Medan,LINA SANTOSO,8985111723,random53@mailtest.com,JL RANDOM NO 672,1999,[],0,C001783,0.39777847309136416,Non-Match
Branch System,EX_0000054,Lina Santoso,1999-08-17,8391591617,random54@mailtest.com,Jl. Random No. 668,Surabaya,LINA SANTOSO,8391591617,random54@mailtest.com,JL RANDOM NO 668,1999,[],0,C000652,0.3939323192452103,Non-Match
CRM,EX_0000055,Eko Lestari,1997-05-27,8323578807,random55@mailtest.com,Jl. Random No. 704,Bogor,EKO LESTARI,8323578807,random55@mailtest.com,JL RANDOM NO 704,1997,[],0,C000663,0.3199191265102458,Non-Match
CRM,EX_0000056,Karin Ramadhan,2011-10-13,8926072258,random56@mailtest.com,Jl. Random No. 9,Bekasi,KARIN RAMADHAN,8926072258,random56@mailtest.com,JL RANDOM NO 9,2011,[],0,C001487,0.41780294364371234,Non-Match
Mobile Banking,EX_0000057,Nanda Setiawan,2003-05-24,8202764286,random57@mailtest.com,Jl. Random No. 741,Tangerang,NANDA SETIAWAN,8202764286,random57@mailtest.com,JL RANDOM NO 741,2003,[],0,C000431,0.46371621934825935,Non-Match
Core Banking,EX_0000058,Andi Lestari,1999-04-05,8382121584,random58@mailtest.com,Jl. Random No. 237,Makassar,ANDI LESTARI,8382121584,random58@mailtest.com,JL RANDOM NO 237,1999,[],0,C001186,0.4873952288845905,Non-Match
Credit Card,EX_0000059,Budi Santoso,1996-04-10,8655419043,random59@mailtest.com,Jl. Random No. 528,Tangerang,BUDI SANTOSO,8655419043,random59@mailtest.com,JL RANDOM NO 528,1996,[],0,C001765,0.37885264188931816,Non-Match
Mobile Banking,EX_0000060,Fajar Setiawan,2005-03-26,8656939961,random60@mailtest.com,Jl. Random No. 497,Medan,FAJAR SETIAWAN,8656939961,random60@mailtest.com,JL RANDOM NO 497,2005,[],0,C000986,0.45061071710007883,Non-Match
Branch System,EX_0000061,Hana Siregar,1991-06-18,8951434188,random61@mailtest.com,Jl. Random No. 756,Bekasi,HANA SIREGAR,8951434188,random61@mailtest.com,JL RANDOM NO 756,1991,[],0,C001316,0.3559140974034591,Non-Match
Credit Card,EX_0000062,Nanda Siregar,1991-02-11,8684335985,random62@mailtest.com,Jl. Random No. 857,Bekasi,NANDA SIREGAR,8684335985,random62@mailtest.com,JL RANDOM NO 857,1991,[],0,C001316,0.3480081144974762,Non-Match
CRM,EX_0000063,Sari Saputra,2008-01-11,8342445547,random63@mailtest.com,Jl. Random No. 862,Makassar,SARI SAPUTRA,8342445547,random63@mailtest.com,JL RANDOM NO 862,2008,[],0,C000557,0.4214095744680851,Non-Match
Branch System,EX_0000064,Fajar Saputra,2015-09-28,8913797456,random64@mailtest.com,Jl. Random No. 194,Semarang,FAJAR SAPUTRA,8913797456,random64@mailtest.com,JL RANDOM NO 194,2015,[],0,C000717,0.32795369211514386,Non-Match
Core Banking,EX_0000065,Maya Santoso,1989-11-16,8766295884,random65@mailtest.com,Jl. Random No. 695,Makassar,MAYA SANTOSO,8766295884,random65@mailtest.com,JL RANDOM NO 695,1989,[],0,C000511,0.38280648429584596,Non-Match
Core Banking,EX_0000066,Eko Lestari,2014-06-13,8142946836,random66@mailtest.com,Jl. Random No. 379,Bandung,EKO LESTARI,8142946836,random66@mailtest.com,JL RANDOM NO 379,2014,[],0,C000804,0.41996726677577745,Non-Match
Core Banking,EX_0000067,Hana Pratama,1995-11-18,8494390169,random67@mailtest.com,Jl. Random No. 742,Makassar,HANA PRATAMA,8494390169,random67@mailtest.com,JL RANDOM NO 742,1995,[],0,C000114,0.3998817966903073,Non-Match
Mobile Banking,EX_0000068,Maya Pratama,1991-03-04,8125363546,random68@mailtest.com,Jl. Random No. 866,Bekasi,MAYA PRATAMA,8125363546,random68@mailtest.com,JL RANDOM NO 866,1991,[],0,C000928,0.3830828745722363,Non-Match
Credit Card,EX_0000069,Putri Saputra,1997-07-08,8718811118,random69@mailtest.com,Jl. Random No. 926,Depok,PUTRI SAPUTRA,8718811118,random69@mailtest.com,JL RANDOM NO 926,1997,[],0,C001268,0.3881630884759796,Non-Match
Branch System,EX_0000070,Vina Santoso,2000-05-26,8524376594,random70@mailtest.com,Jl. Random No. 183,Surabaya,VINA SANTOSO,8524376594,random70@mailtest.com,JL RANDOM NO 183,2000,[],0,C000133,0.41403664302600474,Non-Match
Branch System,EX_0000071,Dewi Nugroho,2002-05-08,8695373675,random71@mailtest.com,Jl. Random No. 547,Jakarta,DEWI NUGROHO,8695373675,random71@mailtest.com,JL RANDOM NO 547,2002,[],0,C001504,0.40160974244120945,Non-Match
Mobile Banking,EX_0000072,Gita Wijaya,2016-03-12,8586304984,random72@mailtest.com,Jl. Random No. 963,Bogor,GITA WIJAYA,8586304984,random72@mailtest.com,JL RANDOM NO 963,2016,[],0,C000049,0.418345848977889,Non-Match
Branch System,EX_0000073,Eko Siregar,1990-04-09,8550457786,random73@mailtest.com,Jl. Random No. 867,Makassar,EKO SIREGAR,8550457786,random73@mailtest.com,JL RANDOM NO 867,1990,[],0,C001352,0.38115443217064804,Non-Match
Credit Card,EX_0000074,Budi Nugroho,2010-11-19,8927935075,random74@mailtest.com,Jl. Random No. 748,Medan,BUDI NUGROHO,8927935075,random74@mailtest.com,JL RANDOM NO 748,2010,[],0,C001755,0.37375886524822693,Non-Match
CRM,EX_0000075,Putri Hidayat,1996-05-20,8339264073,random75@mailtest.com,Jl. Random No. 745,Bekasi,PUTRI HIDAYAT,8339264073,random75@mailtest.com,JL RANDOM NO 745,1996,[],0,C001510,0.3874298892133685,Non-Match
Core Banking,EX_0000076,Vina Santoso,2000-10-04,8534464819,random76@mailtest.com,Jl. Random No. 56,Tangerang,VINA SANTOSO,8534464819,random76@mailtest.com,JL RANDOM NO 56,2000,[],0,C000962,0.468516929764356,Non-Match
Branch System,EX_0000077,Eko Kurniawan,2015-03-18,8704279837,random77@mailtest.com,Jl. Random No. 451,Bogor,EKO KURNIAWAN,8704279837,random77@mailtest.com,JL RANDOM NO 451,2015,[],0,C001193,0.34929418985270044,Non-Match
Mobile Banking,EX_0000078,Nanda Siregar,2006-01-27,8382775073,random78@mailtest.com,Jl. Random No. 709,Semarang,NANDA SIREGAR,8382775073,random78@mailtest.com,JL RANDOM NO 709,2006,[],0,C001019,0.37765957446808507,Non-Match
Mobile Banking,EX_0000079,Karin Saputra,2010-03-02,8326608925,random79@mailtest.com,Jl. Random No. 161,Tangerang,KARIN SAPUTRA,8326608925,random79@mailtest.com,JL RANDOM NO 161,2010,[],0,C000976,0.3741097424412094,Non-Match
Branch System,EX_0000080,Eko Permata,2014-08-29,8432943938,random80@mailtest.com,Jl. Random No. 403,Depok,EKO PERMATA,8432943938,random80@mailtest.com,JL RANDOM NO 403,2014,[],0,C001437,0.39943174309501783,Non-Match
CRM,EX_0000081,Citra Santoso,1999-02-19,8504045666,random81@mailtest.com,Jl. Random No. 612,Semarang,CITRA SANTOSO,8504045666,random81@mailtest.com,JL RANDOM NO 612,1999,[],0,C000348,0.3509810874704492,Non-Match
Core Banking,EX_0000082,Putri Nugroho,1990-09-07,8462117166,random82@mailtest.com,Jl. Random No. 535,Bekasi,PUTRI NUGROHO,8462117166,random82@mailtest.com,JL RANDOM NO 535,1990,[],0,C000729,0.44855053191489364,Non-Match
Core Banking,EX_0000083,Nanda Wijaya,2010-06-14,8429011297,random83@mailtest.com,Jl. Random No. 762,Jakarta,NANDA WIJAYA,8429011297,random83@mailtest.com,JL RANDOM NO 762,2010,[],0,C001036,0.37817062995410927,Non-Match
CRM,EX_0000084,Fajar Hidayat,1995-07-27,8459453939,random84@mailtest.com,Jl. Random No. 790,Jakarta,FAJAR HIDAYAT,8459453939,random84@mailtest.com,JL RANDOM NO 790,1995,[],0,C000987,0.46508616539905656,Non-Match
CRM,EX_0000085,Dewi Hidayat,2004-06-11,8186924041,random85@mailtest.com,Jl. Random No. 894,Depok,DEWI HIDAYAT,8186924041,random85@mailtest.com,JL RANDOM NO 894,2004,[],0,C001544,0.40994307577454275,Non-Match
CRM,EX_0000086,Tono Hidayat,1993-01-03,8848740817,random86@mailtest.com,Jl. Random No. 634,Medan,TONO HIDAYAT,8848740817,random86@mailtest.com,JL RANDOM NO 634,1993,[],0,C000767,0.4686118064246976,Non-Match
Core Banking,EX_0000087,Fajar Permata,1991-05-11,8593468425,random87@mailtest.com,Jl. Random No. 827,Medan,FAJAR PERMATA,8593468425,random87@mailtest.com,JL RANDOM NO 827,1991,[],0,C000470,0.4757285622179239,Non-Match
CRM,EX_0000088,Eko Permata,1994-03-03,8748603136,random88@mailtest.com,Jl. Random No. 532,Depok,EKO PERMATA,8748603136,random88@mailtest.com,JL RANDOM NO 532,1994,[],0,C001680,0.4423277058279371,Non-Match
Credit Card,EX_0000089,Hana Lestari,2006-01-27,8722525142,random89@mailtest.com,Jl. Random No. 140,Bandung,HANA LESTARI,8722525142,random89@mailtest.com,JL RANDOM NO 140,2006,[],0,C001463,0.33712927143778204,Non-Match
Credit Card,EX_0000090,Hana Permata,2003-05-29,8162234105,random90@mailtest.com,Jl. Random No. 36,Bekasi,HANA PERMATA,8162234105,random90@mailtest.com,JL RANDOM NO 36,2003,[],0,C001605,0.4611244566460764,Non-Match
Mobile Banking,EX_0000091,Andi Ramadhan,1999-05-12,8272885894,random91@mailtest.com,Jl. Random No. 680,Semarang,ANDI RAMADHAN,8272885894,random91@mailtest.com,JL RANDOM NO 680,1999,[],0,C000452,0.43330060010911076,Non-Match
Core Banking,EX_0000092,Eko Siregar,2003-05-30,8483499915,random92@mailtest.com,Jl. Random No. 780,Surabaya,EKO SIREGAR,8483499915,random92@mailtest.com,JL RANDOM NO 780,2003,[],0,C000046,0.4051440465177745,Non-Match
Core Banking,EX_0000093,Budi Wijaya,2014-07-02,8910875636,random93@mailtest.com,Jl. Random No. 403,Medan,BUDI WIJAYA,8910875636,random93@mailtest.com,JL RANDOM NO 403,2014,[],0,C000943,0.37118665844382775,Non-Match
Credit Card,EX_0000094,Karin Pratama,2007-03-22,8555704467,random94@mailtest.com,Jl. Random No. 912,Semarang,KARIN PRATAMA,8555704467,random94@mailtest.com,JL RANDOM NO 912,2007,[],0,C001276,0.3686852154937261,Non-Match
CRM,EX_0000095,Dewi Wijaya,2009-10-11,8899446239,random95@mailtest.com,Jl. Random No. 897,Jakarta,DEWI WIJAYA,8899446239,random95@mailtest.com,JL RANDOM NO 897,2009,[],0,C000946,0.39487217223109916,Non-Match
Credit Card,EX_0000096,Joko Saputra,1997-05-04,8436046680,random96@mailtest.com,Jl. Random No. 25,Bogor,JOKO SAPUTRA,8436046680,random96@mailtest.com,JL RANDOM NO 25,1997,[],0,C000299,0.3531706299541093,Non-Match
Credit Card,EX_0000097,Lina Siregar,1993-09-16,8285525188,random97@mailtest.com,Jl. Random No. 632,Bogor,LINA SIREGAR,8285525188,random97@mailtest.com,JL RANDOM NO 632,1993,[],0,C001354,0.3859929078014184,Non-Match
Mobile Banking,EX_0000098,Tono Santoso,2009-05-05,8972937061,random98@mailtest.com,Jl. Random No. 745,Bandung,TONO SANTOSO,8972937061,random98@mailtest.com,JL RANDOM NO 745,2009,[],0,C000108,0.4141097424412094,Non-Match
Core Banking,EX_0000099,Iwan Permata,2007-03-04,8627421023,random99@mailtest.com,Jl. Random No. 268,Jakarta,IWAN PERMATA,8627421023,random99@mailtest.com,JL RANDOM NO 268,2007,[],0,C000860,0.5049323017408124,Non-Match
Branch System,EX_0000100,Maya Kurniawan,2009-01-28,8820105048,random100@mailtest.com,Jl. Random No. 848,Bekasi,MAYA KURNIAWAN,8820105048,random100@mailtest.com,JL RANDOM NO 848,2009,[],0,C001758,0.40119047619047615,Non-Match
Core Banking,EX_0000101,Fajar Santoso,1992-07-01,8949941935,random101@mailtest.com,Jl. Random No. 423,Depok,FAJAR SANTOSO,8949941935,random101@mailtest.com,JL RANDOM NO 423,1992,[],0,C000811,0.5480769230769231,Non-Match
Mobile Banking,EX_0000102,Joko Wijaya,2009-01-06,8241372216,random102@mailtest.com,Jl. Random No. 321,Bogor,JOKO WIJAYA,8241372216,random102@mailtest.com,JL RANDOM NO 321,2009,[],0,C001178,0.3218366778149387,Non-Match
Branch System,EX_0000103,Nanda Setiawan,2013-03-05,8653373497,random103@mailtest.com,Jl. Random No. 556,Depok,NANDA SETIAWAN,8653373497,random103@mailtest.com,JL RANDOM NO 556,2013,[],0,C001208,0.35769230769230775,Non-Match
Branch System,EX_0000104,Vina Saputra,1997-05-20,8219768449,random104@mailtest.com,Jl. Random No. 11,Semarang,VINA SAPUTRA,8219768449,random104@mailtest.com,JL RANDOM NO 11,1997,[],0,C001065,0.4389705882352941,Non-Match
Credit Card,EX_0000105,Sari Nugroho,2008-04-11,8510617418,random105@mailtest.com,Jl. Random No. 808,Surabaya,SARI NUGROHO,8510617418,random105@mailtest.com,JL RANDOM NO 808,2008,[],0,C001095,0.3708333333333333,Non-Match
Credit Card,EX_0000106,Lina Pratama,2005-05-26,8653183241,random106@mailtest.com,Jl. Random No. 530,Bandung,LINA PRATAMA,8653183241,random106@mailtest.com,JL RANDOM NO 530,2005,[],0,C001742,0.44607142857142856,Non-Match
CRM,EX_0000107,Rina Pratama,1992-03-05,8559890275,random107@mailtest.com,Jl. Random No. 174,Semarang,RINA PRATAMA,8559890275,random107@mailtest.com,JL RANDOM NO 174,1992,[],0,C001179,0.4916666666666667,Non-Match
CRM,EX_0000108,Eko Hidayat,1998-04-11,8743802592,random108@mailtest.com,Jl. Random No. 802,Bekasi,EKO HIDAYAT,8743802592,random108@mailtest.com,JL RANDOM NO 802,1998,[],0,C000629,0.37916666666666665,Non-Match
Core Banking,EX_0000109,Putri Saputra,2013-08-28,8579722564,random109@mailtest.com,Jl. Random No. 920,Medan,PUTRI SAPUTRA,8579722564,random109@mailtest.com,JL RANDOM NO 920,2013,[],0,C000965,0.40350678733031675,Non-Match
Credit Card,EX_0000110,Rina Hidayat,2010-07-02,8146164675,random110@mailtest.com,Jl. Random No. 677,Bogor,RINA HIDAYAT,8146164675,random110@mailtest.com,JL RANDOM NO 677,2010,[],0,C000829,0.40691176470588236,Non-Match
Credit Card,EX_0000111,Vina Santoso,1992-08-08,8382514598,random111@mailtest.com,Jl. Random No. 313,Depok,VINA SANTOSO,8382514598,random111@mailtest.com,JL RANDOM NO 313,1992,[],0,C000811,0.45564102564102565,Non-Match
Branch System,EX_0000112,Citra Kurniawan,2011-09-18,8623384591,random112@mailtest.com,Jl. Random No. 985,Jakarta,CITRA KURNIAWAN,8623384591,random112@mailtest.com,JL RANDOM NO 985,2011,[],0,C001023,0.4117816091954023,Non-Match
CRM,EX_0000113,Iwan Hidayat,2005-08-06,8533498679,random113@mailtest.com,Jl. Random No. 273,Surabaya,IWAN HIDAYAT,8533498679,random113@mailtest.com,JL RANDOM NO 273,2005,[],0,C000276,0.43201754385964913,Non-Match
Branch System,EX_0000114,Iwan Hidayat,2004-08-27,8720904226,random114@mailtest.com,Jl. Random No. 38,Jakarta,IWAN HIDAYAT,8720904226,random114@mailtest.com,JL RANDOM NO 38,2004,[],0,C001214,0.4294117647058823,Non-Match
Mobile Banking,EX_0000115,Maya Nugroho,1997-04-09,8804810059,random115@mailtest.com,Jl. Random No. 102,Depok,MAYA NUGROHO,8804810059,random115@mailtest.com,JL RANDOM NO 102,1997,[],0,C001481,0.49696969696969695,Non-Match
Mobile Banking,EX_0000116,Hana Wijaya,2007-07-04,8266556265,random116@mailtest.com,Jl. Random No. 540,Bekasi,HANA WIJAYA,8266556265,random116@mailtest.com,JL RANDOM NO 540,2007,[],0,C000889,0.3871212121212121,Non-Match
CRM,EX_0000117,Budi Setiawan,2006-04-11,8848126895,random117@mailtest.com,Jl. Random No. 61,Bogor,BUDI SETIAWAN,8848126895,random117@mailtest.com,JL RANDOM NO 61,2006,[],0,C001306,0.43183471933471934,Non-Match
CRM,EX_0000118,Sari Setiawan,2012-03-17,8486576872,random118@mailtest.com,Jl. Random No. 837,Bogor,SARI SETIAWAN,8486576872,random118@mailtest.com,JL RANDOM NO 837,2012,[],0,C000883,0.4811234817813764,Non-Match
Branch System,EX_0000119,Maya Setiawan,2005-06-20,8500151379,random119@mailtest.com,Jl. Random No. 171,Medan,MAYA SETIAWAN,8500151379,random119@mailtest.com,JL RANDOM NO 171,2005,[],0,C000986,0.4575854700854701,Non-Match
Branch System,EX_0000120,Citra Ramadhan,2006-10-06,8218581014,random120@mailtest.com,Jl. Random No. 226,Jakarta,CITRA RAMADHAN,8218581014,random120@mailtest.com,JL RANDOM NO 226,2006,[],0,C001460,0.37393162393162394,Non-Match
CRM,EX_0000121,Hana Pratama,1993-07-13,8554301573,random121@mailtest.com,Jl. Random No. 336,Bogor,HANA PRATAMA,8554301573,random121@mailtest.com,JL RANDOM NO 336,1993,[],0,C001031,0.4522619047619048,Non-Match
Branch System,EX_0000122,Eko Ramadhan,1990-10-26,8496108852,random122@mailtest.com,Jl. Random No. 577,Surabaya,EKO RAMADHAN,8496108852,random122@mailtest.com,JL RANDOM NO 577,1990,[],0,C000198,0.48208041958041953,Non-Match
CRM,EX_0000123,Lina Setiawan,2014-10-31,8835163240,random123@mailtest.com,Jl. Random No. 790,Semarang,LINA SETIAWAN,8835163240,random123@mailtest.com,JL RANDOM NO 790,2014,[],0,C000149,0.41381578947368414,Non-Match
Branch System,EX_0000124,Hana Siregar,2002-06-18,8553288692,random124@mailtest.com,Jl. Random No. 808,Bandung,HANA SIREGAR,8553288692,random124@mailtest.com,JL RANDOM NO 808,2002,[],0,C000617,0.3836538461538461,Non-Match
Branch System,EX_0000125,Rina Nugroho,2006-12-27,8338285034,random125@mailtest.com,Jl. Random No. 772,Bandung,RINA NUGROHO,8338285034,random125@mailtest.com,JL RANDOM NO 772,2006,[],0,C001463,0.3125,Non-Match
CRM,EX_0000126,Nanda Pratama,2011-06-22,8357101597,random126@mailtest.com,Jl. Random No. 542,Bekasi,NANDA PRATAMA,8357101597,random126@mailtest.com,JL RANDOM NO 542,2011,[],0,C000454,0.45071428571428573,Non-Match
Core Banking,EX_0000127,Iwan Lestari,1994-01-12,8562271231,random127@mailtest.com,Jl. Random No. 642,Bekasi,IWAN LESTARI,8562271231,random127@mailtest.com,JL RANDOM NO 642,1994,[],0,C000970,0.3897435897435897,Non-Match
Credit Card,EX_0000128,Rina Lestari,2003-02-14,8631057169,random128@mailtest.com,Jl. Random No. 987,Depok,RINA LESTARI,8631057169,random128@mailtest.com,JL RANDOM NO 987,2003,[],0,C001480,0.5,Non-Match
Mobile Banking,EX_0000129,Vina Kurniawan,1996-10-04,8649673779,random129@mailtest.com,Jl. Random No. 974,Depok,VINA KURNIAWAN,8649673779,random129@mailtest.com,JL RANDOM NO 974,1996,[],0,C000433,0.44047619047619047,Non-Match
CRM,EX_0000130,Nanda Ramadhan,1991-05-24,8910895857,random130@mailtest.com,Jl. Random No. 23,Tangerang,NANDA RAMADHAN,8910895857,random130@mailtest.com,JL RANDOM NO 23,1991,[],0,C000677,0.38749999999999996,Non-Match
Mobile Banking,EX_0000131,Hana Wijaya,1997-11-19,8562578119,random131@mailtest.com,Jl. Random No. 60,Semarang,HANA WIJAYA,8562578119,random131@mailtest.com,JL RANDOM NO 60,1997,[],0,C001563,0.36562500000000003,Non-Match
Core Banking,EX_0000132,Hana Ramadhan,2009-12-01,8925351857,random132@mailtest.com,Jl. Random No. 167,Depok,HANA RAMADHAN,8925351857,random132@mailtest.com,JL RANDOM NO 167,2009,[],0,C001397,0.3685096153846154,Non-Match
Credit Card,EX_0000133,Joko Setiawan,2011-11-06,8727134667,random133@mailtest.com,Jl. Random No. 963,Medan,JOKO SETIAWAN,8727134667,random133@mailtest.com,JL RANDOM NO 963,2011,[],0,C001066,0.45393518518518516,Non-Match
Core Banking,EX_0000134,Tono Wijaya,1996-06-18,8914579210,random134@mailtest.com,Jl. Random No. 886,Jakarta,TONO WIJAYA,8914579210,random134@mailtest.com,JL RANDOM NO 886,1996,[],0,C001770,0.346547619047619,Non-Match
Branch System,EX_0000135,Oscar Wijaya,2004-04-27,8338493187,random135@mailtest.com,Jl. Random No. 521,Bandung,OSCAR WIJAYA,8338493187,random135@mailtest.com,JL RANDOM NO 521,2004,[],0,C000849,0.4572463768115942,Non-Match
Core Banking,EX_0000136,Nanda Kurniawan,1994-05-26,8641809404,random136@mailtest.com,Jl. Random No. 491,Bogor,NANDA KURNIAWAN,8641809404,random136@mailtest.com,JL RANDOM NO 491,1994,[],0,C000791,0.37242063492063493,Non-Match
Mobile Banking,EX_0000137,Joko Santoso,2014-02-23,8695359229,random137@mailtest.com,Jl. Random No. 184,Jakarta,JOKO SANTOSO,8695359229,random137@mailtest.com,JL RANDOM NO 184,2014,[],0,C000735,0.4308333333333333,Non-Match
Credit Card,EX_0000138,Karin Setiawan,2006-02-23,8189442929,random138@mailtest.com,Jl. Random No. 192,Surabaya,KARIN SETIAWAN,8189442929,random138@mailtest.com,JL RANDOM NO 192,2006,[],0,C001395,0.31734006734006737,Non-Match
Core Banking,EX_0000139,Citra Wijaya,2008-08-06,8714973353,random139@mailtest.com,Jl. Random No. 779,Bandung,CITRA WIJAYA,8714973353,random139@mailtest.com,JL RANDOM NO 779,2008,[],0,C000955,0.37279411764705883,Non-Match
Branch System,EX_0000140,Hana Wijaya,1993-06-26,8179080299,random140@mailtest.com,Jl. Random No. 317,Depok,HANA WIJAYA,8179080299,random140@mailtest.com,JL RANDOM NO 317,1993,[],0,C000071,0.3785485933503836,Non-Match
Branch System,EX_0000141,Andi Permata,1995-08-03,8403748312,random141@mailtest.com,Jl. Random No. 643,Surabaya,ANDI PERMATA,8403748312,random141@mailtest.com,JL RANDOM NO 643,1995,[],0,C000773,0.315527950310559,Non-Match
Mobile Banking,EX_0000142,Gita Hidayat,2008-08-30,8363197559,random142@mailtest.com,Jl. Random No. 549,Tangerang,GITA HIDAYAT,8363197559,random142@mailtest.com,JL RANDOM NO 549,2008,[],0,C001145,0.4355769230769231,Non-Match
CRM,EX_0000143,Putri Nugroho,2001-11-23,8123630371,random143@mailtest.com,Jl. Random No. 704,Depok,PUTRI NUGROHO,8123630371,random143@mailtest.com,JL RANDOM NO 704,2001,[],0,C000062,0.4066239316239316,Non-Match
Mobile Banking,EX_0000144,Oscar Lestari,1994-02-06,8301461105,random144@mailtest.com,Jl. Random No. 649,Jakarta,OSCAR LESTARI,8301461105,random144@mailtest.com,JL RANDOM NO 649,1994,[],0,C000232,0.41696832579185517,Non-Match
Branch System,EX_0000145,Gita Lestari,2003-06-16,8701686835,random145@mailtest.com,Jl. Random No. 355,Tangerang,GITA LESTARI,8701686835,random145@mailtest.com,JL RANDOM NO 355,2003,[],0,C000065,0.47230392156862744,Non-Match
Core Banking,EX_0000146,Gita Santoso,1993-05-22,8149883254,random146@mailtest.com,Jl. Random No. 472,Jakarta,GITA SANTOSO,8149883254,random146@mailtest.com,JL RANDOM NO 472,1993,[],0,C000513,0.4489583333333333,Non-Match
Credit Card,EX_0000147,Joko Kurniawan,1989-11-04,8567280576,random147@mailtest.com,Jl. Random No. 9,Jakarta,JOKO KURNIAWAN,8567280576,random147@mailtest.com,JL RANDOM NO 9,1989,[],0,C001313,0.3793552036199095,Non-Match
Branch System,EX_0000148,Iwan Setiawan,2003-04-09,8218745018,random148@mailtest.com,Jl. Random No. 728,Medan,IWAN SETIAWAN,8218745018,random148@mailtest.com,JL RANDOM NO 728,2003,[],0,C000357,0.3524038461538462,Non-Match
Credit Card,EX_0000149,Eko Nugroho,2015-07-23,8296396937,random149@mailtest.com,Jl. Random No. 565,Jakarta,EKO NUGROHO,8296396937,random149@mailtest.com,JL RANDOM NO 565,2015,[],0,C001002,0.4408248081841432,Non-Match
CRM,EX_0000150,Sari Setiawan,2011-05-17,8624415015,random150@mailtest.com,Jl. Random No. 870,Jakarta,SARI SETIAWAN,8624415015,random150@mailtest.com,JL RANDOM NO 870,2011,[],0,C001023,0.5150673400673401,Non-Match
Credit Card,EX_0000151,Andi Pratama,1995-04-10,8497076917,random151@mailtest.com,Jl. Random No. 690,Bekasi,ANDI PRATAMA,8497076917,random151@mailtest.com,JL RANDOM NO 690,1995,[],0,C001728,0.38875,Non-Match
Mobile Banking,EX_0000152,Andi Wijaya,2001-04-01,8651707993,random152@mailtest.com,Jl. Random No. 824,Semarang,ANDI WIJAYA,8651707993,random152@mailtest.com,JL RANDOM NO 824,2001,[],0,C001278,0.4345959595959596,Non-Match
Core Banking,EX_0000153,Citra Lestari,2016-06-30,8162965869,random153@mailtest.com,Jl. Random No. 10,Jakarta,CITRA LESTARI,8162965869,random153@mailtest.com,JL RANDOM NO 10,2016,[],0,,0.0,Non-Match
Mobile Banking,EX_0000154,Gita Siregar,2011-03-23,8552179240,random154@mailtest.com,Jl. Random No. 42,Makassar,GITA SIREGAR,8552179240,random154@mailtest.com,JL RANDOM NO 42,2011,[],0,C000708,0.4598039215686275,Non-Match
Credit Card,EX_0000155,Rina Kurniawan,2015-05-28,8432220217,random155@mailtest.com,Jl. Random No. 323,Medan,RINA KURNIAWAN,8432220217,random155@mailtest.com,JL RANDOM NO 323,2015,[],0,C001797,0.4033653846153846,Non-Match
Branch System,EX_0000156,Karin Hidayat,2014-01-09,8452232137,random156@mailtest.com,Jl. Random No. 875,Depok,KARIN HIDAYAT,8452232137,random156@mailtest.com,JL RANDOM NO 875,2014,[],0,C001712,0.44985294117647057,Non-Match
Core Banking,EX_0000157,Joko Kurniawan,2014-03-21,8588627502,random157@mailtest.com,Jl. Random No. 15,Semarang,JOKO KURNIAWAN,8588627502,random157@mailtest.com,JL RANDOM NO 15,2014,[],0,C000005,0.396875,Non-Match
Branch System,EX_0000158,Joko Hidayat,2013-04-03,8475397619,random158@mailtest.com,Jl. Random No. 772,Jakarta,JOKO HIDAYAT,8475397619,random158@mailtest.com,JL RANDOM NO 772,2013,[],0,C001333,0.346195652173913,Non-Match
Mobile Banking,EX_0000159,Andi Pratama,2004-01-30,8656790988,random159@mailtest.com,Jl. Random No. 119,Medan,ANDI PRATAMA,8656790988,random159@mailtest.com,JL RANDOM NO 119,2004,[],0,C000163,0.4053030303030303,Non-Match
Mobile Banking,EX_0000160,Iwan Siregar,2015-01-03,8167345040,random160@mailtest.com,Jl. Random No. 991,Jakarta,IWAN SIREGAR,8167345040,random160@mailtest.com,JL RANDOM NO 991,2015,[],0,C000045,0.42280303030303024,Non-Match
Branch System,EX_0000161,Maya Kurniawan,1995-10-27,8633147572,random161@mailtest.com,Jl. Random No. 319,Makassar,MAYA KURNIAWAN,8633147572,random161@mailtest.com,JL RANDOM NO 319,1995,[],0,C001007,0.3999269005847953,Non-Match
Branch System,EX_0000162,Citra Nugroho,1998-05-22,8281467056,random162@mailtest.com,Jl. Random No. 478,Bandung,CITRA NUGROHO,8281467056,random162@mailtest.com,JL RANDOM NO 478,1998,[],0,C001569,0.4757142857142857,Non-Match
Core Banking,EX_0000163,Rina Saputra,1998-02-24,8694593823,random163@mailtest.com,Jl. Random No. 765,Bekasi,RINA SAPUTRA,8694593823,random163@mailtest.com,JL RANDOM NO 765,1998,[],0,C000257,0.421078431372549,Non-Match
CRM,EX_0000164,Fajar Saputra,2008-07-12,8865602415,random164@mailtest.com,Jl. Random No. 917,Bekasi,FAJAR SAPUTRA,8865602415,random164@mailtest.com,JL RANDOM NO 917,2008,[],0,C001512,0.4427941176470588,Non-Match
CRM,EX_0000165,Dewi Hidayat,1992-07-01,8495179922,random165@mailtest.com,Jl. Random No. 600,Depok,DEWI HIDAYAT,8495179922,random165@mailtest.com,JL RANDOM NO 600,1992,[],0,C001253,0.37911899313501146,Non-Match
Credit Card,EX_0000166,Nanda Saputra,2008-03-19,8943044521,random166@mailtest.com,Jl. Random No. 289,Bandung,NANDA SAPUTRA,8943044521,random166@mailtest.com,JL RANDOM NO 289,2008,[],0,C001682,0.4427777777777778,Non-Match
Branch System,EX_0000167,Joko Pratama,1997-03-29,8521286458,random167@mailtest.com,Jl. Random No. 348,Bogor,JOKO PRATAMA,8521286458,random167@mailtest.com,JL RANDOM NO 348,1997,[],0,C000663,0.4624999999999999,Non-Match
Credit Card,EX_0000168,Joko Saputra,2008-06-29,8787142367,random168@mailtest.com,Jl. Random No. 564,Bekasi,JOKO SAPUTRA,8787142367,random168@mailtest.com,JL RANDOM NO 564,2008,[],0,C000991,0.34397058823529414,Non-Match
Credit Card,EX_0000169,Karin Kurniawan,2013-10-15,8222985767,random169@mailtest.com,Jl. Random No. 782,Makassar,KARIN KURNIAWAN,8222985767,random169@mailtest.com,JL RANDOM NO 782,2013,[],0,C001640,0.460928809788654,Non-Match
Core Banking,EX_0000170,Rina Nugroho,2006-03-02,8986502950,random170@mailtest.com,Jl. Random No. 430,Makassar,RINA NUGROHO,8986502950,random170@mailtest.com,JL RANDOM NO 430,2006,[],0,C000040,0.3864316239316239,Non-Match
Mobile Banking,EX_0000171,Vina Lestari,1991-11-14,8871340947,random171@mailtest.com,Jl. Random No. 43,Makassar,VINA LESTARI,8871340947,random171@mailtest.com,JL RANDOM NO 43,1991,[],0,C000691,0.4604166666666666,Non-Match
Credit Card,EX_0000172,Joko Ramadhan,1992-02-19,8145458475,random172@mailtest.com,Jl. Random No. 901,Surabaya,JOKO RAMADHAN,8145458475,random172@mailtest.com,JL RANDOM NO 901,1992,[],0,C000782,0.37064102564102563,Non-Match
Mobile Banking,EX_0000173,Vina Kurniawan,2006-09-18,8106387935,random173@mailtest.com,Jl. Random No. 393,Makassar,VINA KURNIAWAN,8106387935,random173@mailtest.com,JL RANDOM NO 393,2006,[],0,C000040,0.5071428571428571,Non-Match
Core Banking,EX_0000174,Maya Siregar,1999-03-27,8932775439,random174@mailtest.com,Jl. Random No. 933,Tangerang,MAYA SIREGAR,8932775439,random174@mailtest.com,JL RANDOM NO 933,1999,[],0,C000726,0.39374999999999993,Non-Match
Credit Card,EX_0000175,Citra Kurniawan,2003-09-23,8462493928,random175@mailtest.com,Jl. Random No. 153,Bogor,CITRA KURNIAWAN,8462493928,random175@mailtest.com,JL RANDOM NO 153,2003,[],0,C001482,0.3808068783068782,Non-Match
Branch System,EX_0000176,Putri Santoso,2011-02-14,8472364646,random176@mailtest.com,Jl. Random No. 502,Jakarta,PUTRI SANTOSO,8472364646,random176@mailtest.com,JL RANDOM NO 502,2011,[],0,C001732,0.5022727272727273,Non-Match
CRM,EX_0000177,Putri Pratama,2006-07-04,8334752573,random177@mailtest.com,Jl. Random No. 142,Jakarta,PUTRI PRATAMA,8334752573,random177@mailtest.com,JL RANDOM NO 142,2006,[],0,C001391,0.3997171945701357,Non-Match
CRM,EX_0000178,Eko Wijaya,2015-07-02,8331233487,random178@mailtest.com,Jl. Random No. 713,Medan,EKO WIJAYA,8331233487,random178@mailtest.com,JL RANDOM NO 713,2015,[],0,C000312,0.36098484848484846,Non-Match
Core Banking,EX_0000179,Fajar Siregar,2008-11-07,8466893420,random179@mailtest.com,Jl. Random No. 985,Makassar,FAJAR SIREGAR,8466893420,random179@mailtest.com,JL RANDOM NO 985,2008,[],0,C001287,0.39893162393162396,Non-Match
Core Banking,EX_0000180,Vina Santoso,2014-05-08,8167571844,random180@mailtest.com,Jl. Random No. 382,Jakarta,VINA SANTOSO,8167571844,random180@mailtest.com,JL RANDOM NO 382,2014,[],0,C000735,0.44780303030303026,Non-Match
CRM,EX_0000181,Gita Permata,1994-05-13,8516239385,random181@mailtest.com,Jl. Random No. 320,Jakarta,GITA PERMATA,8516239385,random181@mailtest.com,JL RANDOM NO 320,1994,[],0,C000978,0.39444444444444443,Non-Match
Mobile Banking,EX_0000182,Oscar Wijaya,2003-02-05,8934012582,random182@mailtest.com,Jl. Random No. 866,Bogor,OSCAR WIJAYA,8934012582,random182@mailtest.com,JL RANDOM NO 866,2003,[],0,C000337,0.4283248081841432,Non-Match
Branch System,EX_0000183,Fajar Wijaya,2005-02-15,8440525969,random183@mailtest.com,Jl. Random No. 233,Bandung,FAJAR WIJAYA,8440525969,random183@mailtest.com,JL RANDOM NO 233,2005,[],0,C000776,0.41217948717948716,Non-Match
Mobile Banking,EX_0000184,Andi Kurniawan,2011-09-11,8846180735,random184@mailtest.com,Jl. Random No. 289,Jakarta,ANDI KURNIAWAN,8846180735,random184@mailtest.com,JL RANDOM NO 289,2011,[],0,C000867,0.43099816849816847,Non-Match
Mobile Banking,EX_0000185,Oscar Ramadhan,1992-06-19,8117897036,random185@mailtest.com,Jl. Random No. 141,Makassar,OSCAR RAMADHAN,8117897036,random185@mailtest.com,JL RANDOM NO 141,1992,[],0,C000051,0.3614316239316239,Non-Match
Core Banking,EX_0000186,Vina Hidayat,2011-04-28,8392793523,random186@mailtest.com,Jl. Random No. 219,Jakarta,VINA HIDAYAT,8392793523,random186@mailtest.com,JL RANDOM NO 219,2011,[],0,C001756,0.4195175438596492,Non-Match
Credit Card,EX_0000187,Putri Siregar,2007-06-13,8171757506,random187@mailtest.com,Jl. Random No. 320,Makassar,PUTRI SIREGAR,8171757506,random187@mailtest.com,JL RANDOM NO 320,2007,[],0,C000194,0.4652777777777778,Non-Match
Branch System,EX_0000188,Eko Pratama,2012-02-22,8521258821,random188@mailtest.com,Jl. Random No. 379,Semarang,EKO PRATAMA,8521258821,random188@mailtest.com,JL RANDOM NO 379,2012,[],0,C000508,0.38314102564102565,Non-Match
Mobile Banking,EX_0000189,Joko Siregar,2008-01-12,8179278911,random189@mailtest.com,Jl. Random No. 133,Depok,JOKO SIREGAR,8179278911,random189@mailtest.com,JL RANDOM NO 133,2008,[],0,C000270,0.36333333333333334,Non-Match
Branch System,EX_0000190,Vina Ramadhan,2006-12-21,8313979012,random190@mailtest.com,Jl. Random No. 82,Tangerang,VINA RAMADHAN,8313979012,random190@mailtest.com,JL RANDOM NO 82,2006,[],0,C000896,0.49398351648351646,Non-Match
Branch System,EX_0000191,Iwan Wijaya,2009-03-13,8431962046,random191@mailtest.com,Jl. Random No. 638,Bandung,IWAN WIJAYA,8431962046,random191@mailtest.com,JL RANDOM NO 638,2009,[],0,C001004,0.5111842105263158,Non-Match
Credit Card,EX_0000192,Oscar Ramadhan,1996-06-01,8762315650,random192@mailtest.com,Jl. Random No. 413,Tangerang,OSCAR RAMADHAN,8762315650,random192@mailtest.com,JL RANDOM NO 413,1996,[],0,C001689,0.55993265993266,Non-Match
Credit Card,EX_0000193,Budi Siregar,1989-05-15,8152503823,random193@mailtest.com,Jl. Random No. 555,Bandung,BUDI SIREGAR,8152503823,random193@mailtest.com,JL RANDOM NO 555,1989,[],0,C001331,0.5111842105263158,Non-Match
Core Banking,EX_0000194,Vina Ramadhan,2001-05-21,8725950891,random194@mailtest.com,Jl. Random No. 377,Bandung,VINA RAMADHAN,8725950891,random194@mailtest.com,JL RANDOM NO 377,2001,[],0,C000579,0.470615468409586,Non-Match
Credit Card,EX_0000195,Maya Setiawan,2007-01-09,8646347464,random195@mailtest.com,Jl. Random No. 784,Jakarta,MAYA SETIAWAN,8646347464,random195@mailtest.com,JL RANDOM NO 784,2007,[],0,C000800,0.3824074074074074,Non-Match
CRM,EX_0000196,Dewi Nugroho,2002-04-27,8756786624,random196@mailtest.com,Jl. Random No. 188,Bogor,DEWI NUGROHO,8756786624,random196@mailtest.com,JL RANDOM NO 188,2002,[],0,C001752,0.35530303030303023,Non-Match
CRM,EX_0000197,Gita Saputra,1991-12-14,8205386044,random197@mailtest.com,Jl. Random No. 786,Tangerang,GITA SAPUTRA,8205386044,random197@mailtest.com,JL RANDOM NO 786,1991,[],0,C001767,0.4303030303030303,Non-Match
Mobile Banking,EX_0000198,Vina Wijaya,2013-03-21,8434705206,random198@mailtest.com,Jl. Random No. 757,Bekasi,VINA WIJAYA,8434705206,random198@mailtest.com,JL RANDOM NO 757,2013,[],0,C001642,0.4919117647058823,Non-Match
Core Banking,EX_0000199,Rina Setiawan,2009-12-20,8231424829,random199@mailtest.com,Jl. Random No. 842,Surabaya,RINA SETIAWAN,8231424829,random199@mailtest.com,JL RANDOM NO 842,2009,[],0,C000026,0.41850961538461545,Non-Match
Core Banking,EX_0000200,Maya Wijaya,2004-09-27,8116773254,random200@mailtest.com,Jl. Random No. 739,Bandung,MAYA WIJAYA,8116773254,random200@mailtest.com,JL RANDOM NO 739,2004,[],0,C000849,0.41742424242424236,Non-Match
CRM,EX_0000201,Rina Wijaya,1990-03-16,8890177166,random201@mailtest.com,Jl. Random No. 465,Makassar,RINA WIJAYA,8890177166,random201@mailtest.com,JL RANDOM NO 465,1990,[],0,C001042,0.37571428571428567,Non-Match
Credit Card,EX_0000202,Joko Siregar,2012-04-09,8822578811,random202@mailtest.com,Jl. Random No. 290,Tangerang,JOKO SIREGAR,8822578811,random202@mailtest.com,JL RANDOM NO 290,2012,[],0,C001722,0.4011363636363636,Non-Match
Mobile Banking,EX_0000203,Hana Saputra,2014-07-04,8255910378,random203@mailtest.com,Jl. Random No. 895,Bogor,HANA SAPUTRA,8255910378,random203@mailtest.com,JL RANDOM NO 895,2014,[],0,C000830,0.4864583333333334,Non-Match
CRM,EX_0000204,Andi Lestari,1992-04-29,8403251083,random204@mailtest.com,Jl. Random No. 76,Tangerang,ANDI LESTARI,8403251083,random204@mailtest.com,JL RANDOM NO 76,1992,[],0,C000127,0.4139705882352941,Non-Match
Mobile Banking,EX_0000205,Tono Kurniawan,1997-10-28,8797557435,random205@mailtest.com,Jl. Random No. 286,Surabaya,TONO KURNIAWAN,8797557435,random205@mailtest.com,JL RANDOM NO 286,1997,[],0,C000387,0.466281512605042,Non-Match
Credit Card,EX_0000206,Oscar Setiawan,2012-07-16,8109483886,random206@mailtest.com,Jl. Random No. 966,Semarang,OSCAR SETIAWAN,8109483886,random206@mailtest.com,JL RANDOM NO 966,2012,[],0,C000402,0.43392857142857144,Non-Match
CRM,EX_0000207,Iwan Saputra,1997-06-20,8627756314,random207@mailtest.com,Jl. Random No. 429,Bandung,IWAN SAPUTRA,8627756314,random207@mailtest.com,JL RANDOM NO 429,1997,[],0,C001146,0.42154761904761906,Non-Match
Credit Card,EX_0000208,Iwan Lestari,2001-04-16,8853142933,random208@mailtest.com,Jl. Random No. 387,Depok,IWAN LESTARI,8853142933,random208@mailtest.com,JL RANDOM NO 387,2001,[],0,C000425,0.4473039215686274,Non-Match
Mobile Banking,EX_0000209,Fajar Ramadhan,2015-07-21,8262352130,random209@mailtest.com,Jl. Random No. 622,Bogor,FAJAR RAMADHAN,8262352130,random209@mailtest.com,JL RANDOM NO 622,2015,[],0,C001193,0.46979166666666666,Non-Match
Mobile Banking,EX_0000210,Karin Setiawan,2006-05-20,8864022535,random210@mailtest.com,Jl. Random No. 105,Makassar,KARIN SETIAWAN,8864022535,random210@mailtest.com,JL RANDOM NO 105,2006,[],0,C000040,0.4609126984126984,Non-Match
Core Banking,EX_0000211,Eko Kurniawan,2012-12-24,8910594303,random211@mailtest.com,Jl. Random No. 764,Makassar,EKO KURNIAWAN,8910594303,random211@mailtest.com,JL RANDOM NO 764,2012,[],0,C001094,0.4210714285714286,Non-Match
Mobile Banking,EX_0000212,Dewi Siregar,2010-12-26,8214758500,random212@mailtest.com,Jl. Random No. 916,Semarang,DEWI SIREGAR,8214758500,random212@mailtest.com,JL RANDOM NO 916,2010,[],0,C000689,0.4152777777777778,Non-Match
CRM,EX_0000213,Citra Pratama,2005-09-27,8471223077,random213@mailtest.com,Jl. Random No. 28,Bogor,CITRA PRATAMA,8471223077,random213@mailtest.com,JL RANDOM NO 28,2005,[],0,C000013,0.38163771712158806,Non-Match
Branch System,EX_0000214,Dewi Lestari,1993-11-03,8745622770,random214@mailtest.com,Jl. Random No. 701,Tangerang,DEWI LESTARI,8745622770,random214@mailtest.com,JL RANDOM NO 701,1993,[],0,C001777,0.42660256410256414,Non-Match
Mobile Banking,EX_0000215,Andi Pratama,2016-04-17,8654867268,random215@mailtest.com,Jl. Random No. 342,Bogor,ANDI PRATAMA,8654867268,random215@mailtest.com,JL RANDOM NO 342,2016,[],0,C000535,0.34868421052631576,Non-Match
Mobile Banking,EX_0000216,Sari Siregar,1989-05-06,8938098084,random216@mailtest.com,Jl. Random No. 876,Bogor,SARI SIREGAR,8938098084,random216@mailtest.com,JL RANDOM NO 876,1989,[],0,C001542,0.3397727272727273,Non-Match
CRM,EX_0000217,Nanda Saputra,1993-04-25,8258773303,random217@mailtest.com,Jl. Random No. 970,Surabaya,NANDA SAPUTRA,8258773303,random217@mailtest.com,JL RANDOM NO 970,1993,[],0,C001152,0.3864316239316239,Non-Match
Core Banking,EX_0000218,Nanda Pratama,2003-02-23,8704122817,random218@mailtest.com,Jl. Random No. 573,Tangerang,NANDA PRATAMA,8704122817,random218@mailtest.com,JL RANDOM NO 573,2003,[],0,C000880,0.39821428571428563,Non-Match
Core Banking,EX_0000219,Fajar Hidayat,2009-05-06,8587790190,random219@mailtest.com,Jl. Random No. 764,Tangerang,FAJAR HIDAYAT,8587790190,random219@mailtest.com,JL RANDOM NO 764,2009,[],0,C000249,0.4480769230769231,Non-Match
Branch System,EX_0000220,Maya Siregar,2007-10-07,8129396303,random220@mailtest.com,Jl. Random No. 281,Bekasi,MAYA SIREGAR,8129396303,random220@mailtest.com,JL RANDOM NO 281,2007,[],0,C000383,0.4781862745098039,Non-Match
Core Banking,EX_0000221,Lina Siregar,2000-12-19,8121990197,random221@mailtest.com,Jl. Random No. 659,Makassar,LINA SIREGAR,8121990197,random221@mailtest.com,JL RANDOM NO 659,2000,[],0,C000053,0.4077777777777778,Non-Match
CRM,EX_0000222,Dewi Nugroho,2004-02-28,8854308927,random222@mailtest.com,Jl. Random No. 189,Depok,DEWI NUGROHO,8854308927,random222@mailtest.com,JL RANDOM NO 189,2004,[],0,C000595,0.3625,Non-Match
CRM,EX_0000223,Lina Wijaya,1992-05-30,8640343738,random223@mailtest.com,Jl. Random No. 622,Depok,LINA WIJAYA,8640343738,random223@mailtest.com,JL RANDOM NO 622,1992,[],0,C001253,0.4305023923444976,Non-Match
CRM,EX_0000224,Hana Saputra,2014-04-11,8723186633,random224@mailtest.com,Jl. Random No. 526,Makassar,HANA SAPUTRA,8723186633,random224@mailtest.com,JL RANDOM NO 526,2014,[],0,C000831,0.3736842105263158,Non-Match
CRM,EX_0000225,Gita Nugroho,1990-05-06,8907660057,random225@mailtest.com,Jl. Random No. 297,Medan,GITA NUGROHO,8907660057,random225@mailtest.com,JL RANDOM NO 297,1990,[],0,C000788,0.3957142857142857,Non-Match
Core Banking,EX_0000226,Vina Hidayat,1993-05-11,8861552011,random226@mailtest.com,Jl. Random No. 111,Makassar,VINA HIDAYAT,8861552011,random226@mailtest.com,JL RANDOM NO 111,1993,[],0,C001473,0.42703804347826085,Non-Match
Mobile Banking,EX_0000227,Citra Saputra,2006-04-15,8990538140,random227@mailtest.com,Jl. Random No. 132,Depok,CITRA SAPUTRA,8990538140,random227@mailtest.com,JL RANDOM NO 132,2006,[],0,C000096,0.37435897435897436,Non-Match
Branch System,EX_0000228,Putri Siregar,2014-04-05,8688883343,random228@mailtest.com,Jl. Random No. 38,Surabaya,PUTRI SIREGAR,8688883343,random228@mailtest.com,JL RANDOM NO 38,2014,[],0,C001416,0.3793243243243243,Non-Match
Mobile Banking,EX_0000229,Vina Pratama,2012-07-10,8670988853,random229@mailtest.com,Jl. Random No. 714,Bandung,VINA PRATAMA,8670988853,random229@mailtest.com,JL RANDOM NO 714,2012,[],0,C000727,0.48235294117647054,Non-Match
Credit Card,EX_0000230,Joko Nugroho,2013-03-10,8404256752,random230@mailtest.com,Jl. Random No. 867,Bekasi,JOKO NUGROHO,8404256752,random230@mailtest.com,JL RANDOM NO 867,2013,[],0,C001642,0.4386508951406649,Non-Match
CRM,EX_0000231,Gita Wijaya,1995-09-10,8646037961,random231@mailtest.com,Jl. Random No. 214,Bogor,GITA WIJAYA,8646037961,random231@mailtest.com,JL RANDOM NO 214,1995,[],0,C001787,0.4031862745098039,Non-Match
Mobile Banking,EX_0000232,Fajar Lestari,1993-06-07,8848483954,random232@mailtest.com,Jl. Random No. 549,Bogor,FAJAR LESTARI,8848483954,random232@mailtest.com,JL RANDOM NO 549,1993,[],0,C001284,0.4728030303030303,Non-Match
Branch System,EX_0000233,Budi Ramadhan,1990-06-16,8813962727,random233@mailtest.com,Jl. Random No. 363,Semarang,BUDI RAMADHAN,8813962727,random233@mailtest.com,JL RANDOM NO 363,1990,[],0,C000858,0.4283799533799534,Non-Match
Branch System,EX_0000234,Fajar Ramadhan,1990-04-09,8251605789,random234@mailtest.com,Jl. Random No. 357,Surabaya,FAJAR RAMADHAN,8251605789,random234@mailtest.com,JL RANDOM NO 357,1990,[],0,C000198,0.45173160173160176,Non-Match
Branch System,EX_0000235,Tono Nugroho,2004-12-06,8404797969,random235@mailtest.com,Jl. Random No. 407,Semarang,TONO NUGROHO,8404797969,random235@mailtest.com,JL RANDOM NO 407,2004,[],0,C001167,0.33631578947368423,Non-Match
Credit Card,EX_0000236,Nanda Wijaya,1997-02-12,8197604437,random236@mailtest.com,Jl. Random No. 451,Depok,NANDA WIJAYA,8197604437,random236@mailtest.com,JL RANDOM NO 451,1997,[],0,C001687,0.3945175438596491,Non-Match
Mobile Banking,EX_0000237,Oscar Permata,1999-03-06,8920759658,random237@mailtest.com,Jl. Random No. 605,Jakarta,OSCAR PERMATA,8920759658,random237@mailtest.com,JL RANDOM NO 605,1999,[],0,C000137,0.362995337995338,Non-Match
Core Banking,EX_0000238,Nanda Santoso,1993-11-19,8189843257,random238@mailtest.com,Jl. Random No. 808,Bandung,NANDA SANTOSO,8189843257,random238@mailtest.com,JL RANDOM NO 808,1993,[],0,C000768,0.4361842105263158,Non-Match
Credit Card,EX_0000239,Vina Wijaya,1995-08-18,8832321624,random239@mailtest.com,Jl. Random No. 134,Surabaya,VINA WIJAYA,8832321624,random239@mailtest.com,JL RANDOM NO 134,1995,[],0,C001677,0.34972527472527476,Non-Match
CRM,EX_0000240,Andi Hidayat,1996-03-10,8285634791,random240@mailtest.com,Jl. Random No. 392,Surabaya,ANDI HIDAYAT,8285634791,random240@mailtest.com,JL RANDOM NO 392,1996,[],0,C000634,0.44654761904761897,Non-Match
CRM,EX_0000241,Citra Hidayat,1991-05-10,8195091253,random241@mailtest.com,Jl. Random No. 679,Medan,CITRA HIDAYAT,8195091253,random241@mailtest.com,JL RANDOM NO 679,1991,[],0,C001080,0.4647727272727273,Non-Match
Mobile Banking,EX_0000242,Fajar Wijaya,2013-03-10,8813200833,random242@mailtest.com,Jl. Random No. 462,Jakarta,FAJAR WIJAYA,8813200833,random242@mailtest.com,JL RANDOM NO 462,2013,[],0,C000241,0.41000000000000003,Non-Match
Branch System,EX_0000243,Iwan Pratama,1992-08-26,8996536077,random243@mailtest.com,Jl. Random No. 28,Semarang,IWAN PRATAMA,8996536077,random243@mailtest.com,JL RANDOM NO 28,1992,[],0,C001179,0.50625,Non-Match
Mobile Banking,EX_0000244,Fajar Wijaya,2006-10-22,8161665680,random244@mailtest.com,Jl. Random No. 973,Medan,FAJAR WIJAYA,8161665680,random244@mailtest.com,JL RANDOM NO 973,2006,[],0,C001675,0.36530303030303035,Non-Match
CRM,EX_0000245,Rina Siregar,2002-06-18,8169259260,random245@mailtest.com,Jl. Random No. 80,Semarang,RINA SIREGAR,8169259260,random245@mailtest.com,JL RANDOM NO 80,2002,[],0,C000242,0.4353030303030303,Non-Match
Credit Card,EX_0000246,Sari Nugroho,2016-06-19,8353040179,random246@mailtest.com,Jl. Random No. 965,Semarang,SARI NUGROHO,8353040179,random246@mailtest.com,JL RANDOM NO 965,2016,[],0,C000903,0.35625,Non-Match
Branch System,EX_0000247,Karin Santoso,2014-12-20,8284975129,random247@mailtest.com,Jl. Random No. 804,Bekasi,KARIN SANTOSO,8284975129,random247@mailtest.com,JL RANDOM NO 804,2014,[],0,C001388,0.43141025641025643,Non-Match
Credit Card,EX_0000248,Lina Siregar,2015-01-27,8455090087,random248@mailtest.com,Jl. Random No. 410,Bekasi,LINA SIREGAR,8455090087,random248@mailtest.com,JL RANDOM NO 410,2015,[],0,C001494,0.4457051282051282,Non-Match
Mobile Banking,EX_0000249,Maya Wijaya,2007-10-03,8425891992,random249@mailtest.com,Jl. Random No. 900,Tangerang,MAYA WIJAYA,8425891992,random249@mailtest.com,JL RANDOM NO 900,2007,[],0,C001761,0.39320652173913045,Non-Match
Mobile Banking,EX_0000250,Lina Ramadhan,2006-02-06,8288500132,random250@mailtest.com,Jl. Random No. 546,Depok,LINA RAMADHAN,8288500132,random250@mailtest.com,JL RANDOM NO 546,2006,[],0,C000325,0.5141025641025642,Non-Match
Core Banking,EX_0000251,Citra Nugroho,2004-11-30,8146130095,random251@mailtest.com,Jl. Random No. 454,Bandung,CITRA NUGROHO,8146130095,random251@mailtest.com,JL RANDOM NO 454,2004,[],0,C000765,0.3901373626373626,Non-Match
CRM,EX_0000252,Joko Wijaya,2000-04-14,8464188198,random252@mailtest.com,Jl. Random No. 137,Bogor,JOKO WIJAYA,8464188198,random252@mailtest.com,JL RANDOM NO 137,2000,[],0,C000742,0.41671607378129116,Non-Match
Mobile Banking,EX_0000253,Maya Setiawan,1990-07-19,8537756283,random253@mailtest.com,Jl. Random No. 68,Tangerang,MAYA SETIAWAN,8537756283,random253@mailtest.com,JL RANDOM NO 68,1990,[],0,C000675,0.37460407239819005,Non-Match
Mobile Banking,EX_0000254,Iwan Saputra,1994-06-01,8922440625,random254@mailtest.com,Jl. Random No. 22,Bandung,IWAN SAPUTRA,8922440625,random254@mailtest.com,JL RANDOM NO 22,1994,[],0,C000427,0.4139705882352941,Non-Match
Credit Card,EX_0000255,Hana Setiawan,1997-09-09,8392342145,random255@mailtest.com,Jl. Random No. 234,Semarang,HANA SETIAWAN,8392342145,random255@mailtest.com,JL RANDOM NO 234,1997,[],0,C001065,0.3932142857142857,Non-Match
Credit Card,EX_0000256,Nanda Siregar,2009-05-05,8823447540,random256@mailtest.com,Jl. Random No. 608,Depok,NANDA SIREGAR,8823447540,random256@mailtest.com,JL RANDOM NO 608,2009,[],0,C001684,0.3628030303030303,Non-Match
Credit Card,EX_0000257,Vina Setiawan,1990-09-29,8417259351,random257@mailtest.com,Jl. Random No. 692,Surabaya,VINA SETIAWAN,8417259351,random257@mailtest.com,JL RANDOM NO 692,1990,[],0,C000585,0.5131410256410256,Non-Match
Mobile Banking,EX_0000258,Rina Ramadhan,2014-10-09,8684470680,random258@mailtest.com,Jl. Random No. 955,Depok,RINA RAMADHAN,8684470680,random258@mailtest.com,JL RANDOM NO 955,2014,[],0,C000780,0.4963942307692308,Non-Match
Mobile Banking,EX_0000259,Eko Ramadhan,1996-03-24,8265339161,random259@mailtest.com,Jl. Random No. 763,Bekasi,EKO RAMADHAN,8265339161,random259@mailtest.com,JL RANDOM NO 763,1996,[],0,C001510,0.3630656108597285,Non-Match
Branch System,EX_0000260,Putri Setiawan,2000-02-04,8195684843,random260@mailtest.com,Jl. Random No. 245,Bandung,PUTRI SETIAWAN,8195684843,random260@mailtest.com,JL RANDOM NO 245,2000,[],0,C000591,0.4306372549019608,Non-Match
CRM,EX_0000261,Iwan Nugroho,2014-05-25,8980753911,random261@mailtest.com,Jl. Random No. 146,Bekasi,IWAN NUGROHO,8980753911,random261@mailtest.com,JL RANDOM NO 146,2014,[],0,C001388,0.39583333333333326,Non-Match
CRM,EX_0000262,Putri Setiawan,1998-04-21,8826513822,random262@mailtest.com,Jl. Random No. 711,Depok,PUTRI SETIAWAN,8826513822,random262@mailtest.com,JL RANDOM NO 711,1998,[],0,C000657,0.4287698412698413,Non-Match
CRM,EX_0000263,Putri Hidayat,2014-07-13,8185125584,random263@mailtest.com,Jl. Random No. 187,Tangerang,PUTRI HIDAYAT,8185125584,random263@mailtest.com,JL RANDOM NO 187,2014,[],0,C000134,0.44381578947368416,Non-Match
Mobile Banking,EX_0000264,Fajar Permata,1992-10-19,8102112671,random264@mailtest.com,Jl. Random No. 43,Bekasi,FAJAR PERMATA,8102112671,random264@mailtest.com,JL RANDOM NO 43,1992,[],0,C000289,0.4010714285714285,Non-Match
Credit Card,EX_0000265,Tono Permata,1997-06-30,8134556646,random265@mailtest.com,Jl. Random No. 108,Makassar,TONO PERMATA,8134556646,random265@mailtest.com,JL RANDOM NO 108,1997,[],0,C001721,0.4156862745098039,Non-Match
CRM,EX_0000266,Sari Pratama,2005-07-15,8176792346,random266@mailtest.com,Jl. Random No. 524,Bandung,SARI PRATAMA,8176792346,random266@mailtest.com,JL RANDOM NO 524,2005,[],0,C001328,0.4761363636363636,Non-Match
Credit Card,EX_0000267,Iwan Nugroho,1992-05-07,8640509534,random267@mailtest.com,Jl. Random No. 400,Bekasi,IWAN NUGROHO,8640509534,random267@mailtest.com,JL RANDOM NO 400,1992,[],0,C000518,0.3526373626373626,Non-Match
CRM,EX_0000268,Sari Santoso,2001-07-16,8265297825,random268@mailtest.com,Jl. Random No. 222,Tangerang,SARI SANTOSO,8265297825,random268@mailtest.com,JL RANDOM NO 222,2001,[],0,C000381,0.40024509803921565,Non-Match
Core Banking,EX_0000269,Vina Setiawan,2015-05-24,8801900405,random269@mailtest.com,Jl. Random No. 994,Bogor,VINA SETIAWAN,8801900405,random269@mailtest.com,JL RANDOM NO 994,2015,[],0,C000514,0.4272727272727273,Non-Match
Credit Card,EX_0000270,Dewi Ramadhan,2001-08-15,8146533674,random270@mailtest.com,Jl. Random No. 446,Jakarta,DEWI RAMADHAN,8146533674,random270@mailtest.com,JL RANDOM NO 446,2001,[],0,C001159,0.3652777777777778,Non-Match
Mobile Banking,EX_0000271,Nanda Santoso,1992-06-12,8914431005,random271@mailtest.com,Jl. Random No. 388,Jakarta,NANDA SANTOSO,8914431005,random271@mailtest.com,JL RANDOM NO 388,1992,[],0,C001242,0.41118421052631576,Non-Match
Core Banking,EX_0000272,Hana Wijaya,1992-11-08,8731859736,random272@mailtest.com,Jl. Random No. 554,Tangerang,HANA WIJAYA,8731859736,random272@mailtest.com,JL RANDOM NO 554,1992,[],0,C000127,0.3376708074534161,Non-Match
Credit Card,EX_0000273,Budi Permata,2015-08-14,8684075844,random273@mailtest.com,Jl. Random No. 244,Jakarta,BUDI PERMATA,8684075844,random273@mailtest.com,JL RANDOM NO 244,2015,[],0,C000063,0.45,Non-Match
Core Banking,EX_0000274,Rina Saputra,1990-09-30,8404901895,random274@mailtest.com,Jl. Random No. 872,Medan,RINA SAPUTRA,8404901895,random274@mailtest.com,JL RANDOM NO 872,1990,[],0,C000747,0.4632142857142857,Non-Match
Branch System,EX_0000275,Karin Ramadhan,1994-09-06,8587956813,random275@mailtest.com,Jl. Random No. 476,Tangerang,KARIN RAMADHAN,8587956813,random275@mailtest.com,JL RANDOM NO 476,1994,[],0,C000662,0.515625,Non-Match
Core Banking,EX_0000276,Dewi Pratama,2014-10-27,8907107251,random276@mailtest.com,Jl. Random No. 24,Medan,DEWI PRATAMA,8907107251,random276@mailtest.com,JL RANDOM NO 24,2014,[],0,C000943,0.47023809523809523,Non-Match
Mobile Banking,EX_0000277,Sari Nugroho,2010-04-20,8817206004,random277@mailtest.com,Jl. Random No. 511,Tangerang,SARI NUGROHO,8817206004,random277@mailtest.com,JL RANDOM NO 511,2010,[],0,C000678,0.4417160737812912,Non-Match
Core Banking,EX_0000278,Gita Ramadhan,1993-08-23,8559237602,random278@mailtest.com,Jl. Random No. 793,Makassar,GITA RAMADHAN,8559237602,random278@mailtest.com,JL RANDOM NO 793,1993,[],0,C001473,0.42291666666666666,Non-Match
Branch System,EX_0000279,Sari Wijaya,2003-08-29,8759598373,random279@mailtest.com,Jl. Random No. 747,Makassar,SARI WIJAYA,8759598373,random279@mailtest.com,JL RANDOM NO 747,2003,[],0,C000209,0.4325324675324675,Non-Match
Mobile Banking,EX_0000280,Gita Hidayat,1989-07-24,8873358818,random280@mailtest.com,Jl. Random No. 723,Surabaya,GITA HIDAYAT,8873358818,random280@mailtest.com,JL RANDOM NO 723,1989,[],0,C001514,0.39344541910331376,Non-Match
Core Banking,EX_0000281,Karin Ramadhan,2016-05-25,8338131638,random281@mailtest.com,Jl. Random No. 438,Makassar,KARIN RAMADHAN,8338131638,random281@mailtest.com,JL RANDOM NO 438,2016,[],0,C000666,0.48030303030303034,Non-Match
Mobile Banking,EX_0000282,Fajar Siregar,2008-05-23,8205435411,random282@mailtest.com,Jl. Random No. 675,Semarang,FAJAR SIREGAR,8205435411,random282@mailtest.com,JL RANDOM NO 675,2008,[],0,C001160,0.4027777777777778,Non-Match
CRM,EX_0000283,Karin Permata,2005-03-12,8621620051,random283@mailtest.com,Jl. Random No. 880,Jakarta,KARIN PERMATA,8621620051,random283@mailtest.com,JL RANDOM NO 880,2005,[],0,C000985,0.41321428571428565,Non-Match
Core Banking,EX_0000284,Andi Nugroho,1995-08-29,8631531091,random284@mailtest.com,Jl. Random No. 38,Bandung,ANDI NUGROHO,8631531091,random284@mailtest.com,JL RANDOM NO 38,1995,[],0,C001646,0.4451576576576576,Non-Match
Credit Card,EX_0000285,Nanda Santoso,2003-07-27,8574611336,random285@mailtest.com,Jl. Random No. 317,Bandung,NANDA SANTOSO,8574611336,random285@mailtest.com,JL RANDOM NO 317,2003,[],0,C000622,0.3402777777777778,Non-Match
CRM,EX_0000286,Iwan Lestari,2010-03-27,8111309852,random286@mailtest.com,Jl. Random No. 771,Jakarta,IWAN LESTARI,8111309852,random286@mailtest.com,JL RANDOM NO 771,2010,[],0,C001585,0.4695175438596491,Non-Match
Mobile Banking,EX_0000287,Budi Santoso,2000-06-25,8379624250,random287@mailtest.com,Jl. Random No. 253,Bandung,BUDI SANTOSO,8379624250,random287@mailtest.com,JL RANDOM NO 253,2000,[],0,C001296,0.4115384615384615,Non-Match
Mobile Banking,EX_0000288,Iwan Ramadhan,2001-01-27,8638981575,random288@mailtest.com,Jl. Random No. 956,Bogor,IWAN RAMADHAN,8638981575,random288@mailtest.com,JL RANDOM NO 956,2001,[],0,C000881,0.36625,Non-Match
Mobile Banking,EX_0000289,Eko Hidayat,1996-07-06,8538240975,random289@mailtest.com,Jl. Random No. 149,Medan,EKO HIDAYAT,8538240975,random289@mailtest.com,JL RANDOM NO 149,1996,[],0,C000758,0.41824534161490684,Non-Match
Core Banking,EX_0000290,Vina Santoso,2013-07-02,8935140834,random290@mailtest.com,Jl. Random No. 958,Medan,VINA SANTOSO,8935140834,random290@mailtest.com,JL RANDOM NO 958,2013,[],0,C000965,0.3669117647058824,Non-Match
CRM,EX_0000291,Tono Ramadhan,2012-10-27,8540812867,random291@mailtest.com,Jl. Random No. 743,Surabaya,TONO RAMADHAN,8540812867,random291@mailtest.com,JL RANDOM NO 743,2012,[],0,C000939,0.5132142857142857,Non-Match
Branch System,EX_0000292,Joko Saputra,1997-04-16,8870738986,random292@mailtest.com,Jl. Random No. 192,Depok,JOKO SAPUTRA,8870738986,random292@mailtest.com,JL RANDOM NO 192,1997,[],0,C001481,0.3875,Non-Match
Credit Card,EX_0000293,Lina Permata,2006-02-07,8915541986,random293@mailtest.com,Jl. Random No. 884,Bogor,LINA PERMATA,8915541986,random293@mailtest.com,JL RANDOM NO 884,2006,[],0,C001258,0.41057692307692306,Non-Match
Mobile Banking,EX_0000294,Dewi Permata,1991-05-18,8735316159,random294@mailtest.com,Jl. Random No. 273,Bandung,DEWI PERMATA,8735316159,random294@mailtest.com,JL RANDOM NO 273,1991,[],0,C001629,0.4356060606060606,Non-Match
Branch System,EX_0000295,Nanda Wijaya,2013-01-26,8342827136,random295@mailtest.com,Jl. Random No. 399,Medan,NANDA WIJAYA,8342827136,random295@mailtest.com,JL RANDOM NO 399,2013,[],0,C001456,0.4569444444444444,Non-Match
Branch System,EX_0000296,Lina Siregar,1990-01-14,8557014964,random296@mailtest.com,Jl. Random No. 85,Semarang,LINA SIREGAR,8557014964,random296@mailtest.com,JL RANDOM NO 85,1990,[],0,C001402,0.3882142857142857,Non-Match
Mobile Banking,EX_0000297,Rina Saputra,1995-11-09,8866191379,random297@mailtest.com,Jl. Random No. 543,Tangerang,RINA SAPUTRA,8866191379,random297@mailtest.com,JL RANDOM NO 543,1995,[],0,C000263,0.4986111111111111,Non-Match
Branch System,EX_0000298,Andi Lestari,1991-03-25,8937077560,random298@mailtest.com,Jl. Random No. 440,Medan,ANDI LESTARI,8937077560,random298@mailtest.com,JL RANDOM NO 440,1991,[],0,C001662,0.47062499999999996,Non-Match
Core Banking,EX_0000299,Maya Permata,2014-11-29,8103201217,random299@mailtest.com,Jl. Random No. 736,Bogor,MAYA PERMATA,8103201217,random299@mailtest.com,JL RANDOM NO 736,2014,[],0,C000836,0.41441176470588237,Non-Match
Branch System,EX_0000300,Maya Siregar,1990-04-23,8728242747,random300@mailtest.com,Jl. Random No. 258,Tangerang,MAYA SIREGAR,8728242747,random300@mailtest.com,JL RANDOM NO 258,1990,[],0,C001176,0.43735294117647056,Non-Match
CRM,EX_0000301,Nanda Ramadhan,1995-02-07,8822078585,random301@mailtest.com,Jl. Random No. 800,Semarang,NANDA RAMADHAN,8822078585,random301@mailtest.com,JL RANDOM NO 800,1995,[],0,C001774,0.45811546840958606,Non-Match
Credit Card,EX_0000302,Maya Ramadhan,2007-04-10,8206452656,random302@mailtest.com,Jl. Random No. 437,Semarang,MAYA RAMADHAN,8206452656,random302@mailtest.com,JL RANDOM NO 437,2007,[],0,C001586,0.39003036437246963,Non-Match
Mobile Banking,EX_0000303,Lina Setiawan,2012-03-19,8590216841,random303@mailtest.com,Jl. Random No. 142,Bandung,LINA SETIAWAN,8590216841,random303@mailtest.com,JL RANDOM NO 142,2012,[],0,C000875,0.4624999999999999,Non-Match
Core Banking,EX_0000304,Karin Wijaya,1993-12-23,8235483536,random304@mailtest.com,Jl. Random No. 687,Surabaya,KARIN WIJAYA,8235483536,random304@mailtest.com,JL RANDOM NO 687,1993,[],0,C001551,0.44050511508951407,Non-Match
Branch System,EX_0000305,Joko Kurniawan,2003-08-19,8889868777,random305@mailtest.com,Jl. Random No. 129,Tangerang,JOKO KURNIAWAN,8889868777,random305@mailtest.com,JL RANDOM NO 129,2003,[],0,C000464,0.3836640211640211,Non-Match
Mobile Banking,EX_0000306,Iwan Kurniawan,2003-11-25,8579303884,random306@mailtest.com,Jl. Random No. 121,Semarang,IWAN KURNIAWAN,8579303884,random306@mailtest.com,JL RANDOM NO 121,2003,[],0,C000458,0.3939479638009049,Non-Match
Branch System,EX_0000307,Budi Pratama,2008-05-19,8142445500,random307@mailtest.com,Jl. Random No. 764,Surabaya,BUDI PRATAMA,8142445500,random307@mailtest.com,JL RANDOM NO 764,2008,[],0,C000919,0.35357142857142854,Non-Match
Credit Card,EX_0000308,Joko Ramadhan,2016-03-10,8376178395,random308@mailtest.com,Jl. Random No. 516,Tangerang,JOKO RAMADHAN,8376178395,random308@mailtest.com,JL RANDOM NO 516,2016,[],0,C000924,0.3948529411764705,Non-Match
Core Banking,EX_0000309,Iwan Wijaya,1995-03-26,8664903621,random309@mailtest.com,Jl. Random No. 27,Bekasi,IWAN WIJAYA,8664903621,random309@mailtest.com,JL RANDOM NO 27,1995,[],0,C001527,0.3397727272727273,Non-Match
Core Banking,EX_0000310,Rina Nugroho,2004-08-07,8460166107,random310@mailtest.com,Jl. Random No. 368,Depok,RINA NUGROHO,8460166107,random310@mailtest.com,JL RANDOM NO 368,2004,[],0,C001686,0.39791666666666664,Non-Match
Credit Card,EX_0000311,Budi Santoso,1996-12-09,8121081661,random311@mailtest.com,Jl. Random No. 100,Bekasi,BUDI SANTOSO,8121081661,random311@mailtest.com,JL RANDOM NO 100,1996,[],0,C000415,0.4282051282051282,Non-Match
Mobile Banking,EX_0000312,Hana Setiawan,2005-02-28,8214427845,random312@mailtest.com,Jl. Random No. 710,Tangerang,HANA SETIAWAN,8214427845,random312@mailtest.com,JL RANDOM NO 710,2005,[],0,C001190,0.43780303030303025,Non-Match
Credit Card,EX_0000313,Nanda Wijaya,2016-04-15,8622244062,random313@mailtest.com,Jl. Random No. 283,Bogor,NANDA WIJAYA,8622244062,random313@mailtest.com,JL RANDOM NO 283,2016,[],0,C001702,0.33374999999999994,Non-Match
Mobile Banking,EX_0000314,Sari Wijaya,1997-08-09,8487564611,random314@mailtest.com,Jl. Random No. 266,Makassar,SARI WIJAYA,8487564611,random314@mailtest.com,JL RANDOM NO 266,1997,[],0,C001099,0.3910714285714285,Non-Match
Credit Card,EX_0000315,Sari Pratama,1994-05-07,8968062182,random315@mailtest.com,Jl. Random No. 712,Jakarta,SARI PRATAMA,8968062182,random315@mailtest.com,JL RANDOM NO 712,1994,[],0,C000731,0.4023529411764706,Non-Match
Branch System,EX_0000316,Dewi Kurniawan,1989-12-09,8333678728,random316@mailtest.com,Jl. Random No. 853,Jakarta,DEWI KURNIAWAN,8333678728,random316@mailtest.com,JL RANDOM NO 853,1989,[],0,C001100,0.3630656108597285,Non-Match
Mobile Banking,EX_0000317,Hana Pratama,1992-05-30,8429827478,random317@mailtest.com,Jl. Random No. 106,Tangerang,HANA PRATAMA,8429827478,random317@mailtest.com,JL RANDOM NO 106,1992,[],0,C000444,0.42696078431372547,Non-Match
Core Banking,EX_0000318,Hana Setiawan,1999-05-03,8726468549,random318@mailtest.com,Jl. Random No. 462,Depok,HANA SETIAWAN,8726468549,random318@mailtest.com,JL RANDOM NO 462,1999,[],0,C000582,0.4119117647058823,Non-Match
CRM,EX_0000319,Joko Lestari,2002-07-30,8382055979,random319@mailtest.com,Jl. Random No. 771,Semarang,JOKO LESTARI,8382055979,random319@mailtest.com,JL RANDOM NO 771,2002,[],0,C001197,0.3660714285714286,Non-Match
Core Banking,EX_0000320,Fajar Kurniawan,2007-04-19,8595452389,random320@mailtest.com,Jl. Random No. 448,Semarang,FAJAR KURNIAWAN,8595452389,random320@mailtest.com,JL RANDOM NO 448,2007,[],0,C001586,0.406672932330827,Non-Match
Core Banking,EX_0000321,Eko Setiawan,2012-10-04,8171328495,random321@mailtest.com,Jl. Random No. 930,Tangerang,EKO SETIAWAN,8171328495,random321@mailtest.com,JL RANDOM NO 930,2012,[],0,C001603,0.4263888888888889,Non-Match
Core Banking,EX_0000322,Iwan Pratama,2008-10-30,8700398460,random322@mailtest.com,Jl. Random No. 218,Tangerang,IWAN PRATAMA,8700398460,random322@mailtest.com,JL RANDOM NO 218,2008,[],0,C000687,0.38030303030303025,Non-Match
Credit Card,EX_0000323,Joko Wijaya,2014-07-17,8885728524,random323@mailtest.com,Jl. Random No. 845,Bandung,JOKO WIJAYA,8885728524,random323@mailtest.com,JL RANDOM NO 845,2014,[],0,C001251,0.39279891304347825,Non-Match
Core Banking,EX_0000324,Citra Ramadhan,1991-07-08,8887878881,random324@mailtest.com,Jl. Random No. 294,Makassar,CITRA RAMADHAN,8887878881,random324@mailtest.com,JL RANDOM NO 294,1991,[],0,C001084,0.43913398692810457,Non-Match
Core Banking,EX_0000325,Tono Lestari,2009-02-17,8325768986,random325@mailtest.com,Jl. Random No. 731,Depok,TONO LESTARI,8325768986,random325@mailtest.com,JL RANDOM NO 731,2009,[],0,C000034,0.41321428571428565,Non-Match
Core Banking,EX_0000326,Lina Wijaya,2007-07-07,8937861201,random326@mailtest.com,Jl. Random No. 860,Medan,LINA WIJAYA,8937861201,random326@mailtest.com,JL RANDOM NO 860,2007,[],0,C001529,0.46918449197860956,Non-Match
Branch System,EX_0000327,Vina Nugroho,1998-01-04,8268888542,random327@mailtest.com,Jl. Random No. 621,Semarang,VINA NUGROHO,8268888542,random327@mailtest.com,JL RANDOM NO 621,1998,[],0,C000783,0.5010416666666667,Non-Match
Mobile Banking,EX_0000328,Tono Santoso,1997-03-08,8566969924,random328@mailtest.com,Jl. Random No. 721,Bogor,TONO SANTOSO,8566969924,random328@mailtest.com,JL RANDOM NO 721,1997,[],0,C000142,0.3948529411764705,Non-Match
Branch System,EX_0000329,Joko Permata,2002-02-08,8838068091,random329@mailtest.com,Jl. Random No. 780,Semarang,JOKO PERMATA,8838068091,random329@mailtest.com,JL RANDOM NO 780,2002,[],0,C001664,0.3993243243243243,Non-Match
Branch System,EX_0000330,Eko Nugroho,1996-01-08,8499612467,random330@mailtest.com,Jl. Random No. 924,Medan,EKO NUGROHO,8499612467,random330@mailtest.com,JL RANDOM NO 924,1996,[],0,C000758,0.3747670807453416,Non-Match
CRM,EX_0000331,Vina Wijaya,2014-08-09,8202356528,random331@mailtest.com,Jl. Random No. 622,Medan,VINA WIJAYA,8202356528,random331@mailtest.com,JL RANDOM NO 622,2014,[],0,C001229,0.3902777777777778,Non-Match
Credit Card,EX_0000332,Maya Ramadhan,1991-01-26,8253836661,random332@mailtest.com,Jl. Random No. 507,Bandung,MAYA RAMADHAN,8253836661,random332@mailtest.com,JL RANDOM NO 507,1991,[],0,C000799,0.3522727272727273,Non-Match
Credit Card,EX_0000333,Iwan Nugroho,2007-12-06,8515721559,random333@mailtest.com,Jl. Random No. 53,Depok,IWAN NUGROHO,8515721559,random333@mailtest.com,JL RANDOM NO 53,2007,[],0,C000759,0.33201754385964916,Non-Match
Credit Card,EX_0000334,Andi Siregar,2000-11-21,8693297431,random334@mailtest.com,Jl. Random No. 654,Jakarta,ANDI SIREGAR,8693297431,random334@mailtest.com,JL RANDOM NO 654,2000,[],0,C000613,0.38607142857142857,Non-Match
Branch System,EX_0000335,Eko Kurniawan,2009-01-07,8210408710,random335@mailtest.com,Jl. Random No. 117,Bekasi,EKO KURNIAWAN,8210408710,random335@mailtest.com,JL RANDOM NO 117,2009,[],0,C000533,0.4054945054945055,Non-Match
Core Banking,EX_0000336,Eko Setiawan,1992-03-13,8652540438,random336@mailtest.com,Jl. Random No. 367,Medan,EKO SETIAWAN,8652540438,random336@mailtest.com,JL RANDOM NO 367,1992,[],0,C000638,0.3763888888888889,Non-Match
Core Banking,EX_0000337,Lina Hidayat,2007-07-07,8811390650,random337@mailtest.com,Jl. Random No. 495,Jakarta,LINA HIDAYAT,8811390650,random337@mailtest.com,JL RANDOM NO 495,2007,[],0,C001324,0.4136363636363636,Non-Match
CRM,EX_0000338,Joko Kurniawan,2010-10-09,8199731581,random338@mailtest.com,Jl. Random No. 423,Bogor,JOKO KURNIAWAN,8199731581,random338@mailtest.com,JL RANDOM NO 423,2010,[],0,C001204,0.43298319327731094,Non-Match
Credit Card,EX_0000339,Iwan Siregar,2011-04-20,8792915811,random339@mailtest.com,Jl. Random No. 938,Bekasi,IWAN SIREGAR,8792915811,random339@mailtest.com,JL RANDOM NO 938,2011,[],0,C000454,0.3744047619047619,Non-Match
Core Banking,EX_0000340,Iwan Siregar,2004-12-01,8230987861,random340@mailtest.com,Jl. Random No. 705,Bandung,IWAN SIREGAR,8230987861,random340@mailtest.com,JL RANDOM NO 705,2004,[],0,C001650,0.43881578947368416,Non-Match
Credit Card,EX_0000341,Vina Setiawan,1989-10-17,8440761423,random341@mailtest.com,Jl. Random No. 318,Makassar,VINA SETIAWAN,8440761423,random341@mailtest.com,JL RANDOM NO 318,1989,[],0,C000931,0.40145687645687644,Non-Match
Branch System,EX_0000342,Rina Wijaya,2009-08-14,8127752160,random342@mailtest.com,Jl. Random No. 501,Makassar,RINA WIJAYA,8127752160,random342@mailtest.com,JL RANDOM NO 501,2009,[],0,C000664,0.45879319955406916,Non-Match
Mobile Banking,EX_0000343,Sari Lestari,2015-11-16,8492141405,random343@mailtest.com,Jl. Random No. 405,Makassar,SARI LESTARI,8492141405,random343@mailtest.com,JL RANDOM NO 405,2015,[],0,C001043,0.4633333333333333,Non-Match
Credit Card,EX_0000344,Putri Saputra,1992-07-01,8727614121,random344@mailtest.com,Jl. Random No. 537,Jakarta,PUTRI SAPUTRA,8727614121,random344@mailtest.com,JL RANDOM NO 537,1992,[],0,C001242,0.41881578947368414,Non-Match
Core Banking,EX_0000345,Oscar Setiawan,1994-11-22,8967819395,random345@mailtest.com,Jl. Random No. 493,Bandung,OSCAR SETIAWAN,8967819395,random345@mailtest.com,JL RANDOM NO 493,1994,[],0,C000892,0.4164351851851852,Non-Match
Credit Card,EX_0000346,Vina Saputra,2012-02-14,8665851745,random346@mailtest.com,Jl. Random No. 806,Medan,VINA SAPUTRA,8665851745,random346@mailtest.com,JL RANDOM NO 806,2012,[],0,C001556,0.3908333333333333,Non-Match
Core Banking,EX_0000347,Joko Setiawan,2016-07-07,8468867726,random347@mailtest.com,Jl. Random No. 122,Surabaya,JOKO SETIAWAN,8468867726,random347@mailtest.com,JL RANDOM NO 122,2016,[],0,C001439,0.4322916666666667,Non-Match
Credit Card,EX_0000348,Vina Permata,2002-09-27,8832335655,random348@mailtest.com,Jl. Random No. 178,Surabaya,VINA PERMATA,8832335655,random348@mailtest.com,JL RANDOM NO 178,2002,[],0,C001593,0.33814102564102566,Non-Match
CRM,EX_0000349,Hana Lestari,2011-08-26,8767016053,random349@mailtest.com,Jl. Random No. 530,Jakarta,HANA LESTARI,8767016053,random349@mailtest.com,JL RANDOM NO 530,2011,[],0,C001691,0.41562499999999997,Non-Match
Branch System,EX_0000350,Budi Santoso,1995-01-24,8358371701,random350@mailtest.com,Jl. Random No. 792,Makassar,BUDI SANTOSO,8358371701,random350@mailtest.com,JL RANDOM NO 792,1995,[],0,C000028,0.43194444444444446,Non-Match
Branch System,EX_0000351,Citra Setiawan,2002-05-10,8638232125,random351@mailtest.com,Jl. Random No. 18,Tangerang,CITRA SETIAWAN,8638232125,random351@mailtest.com,JL RANDOM NO 18,2002,[],0,C001107,0.41381578947368414,Non-Match
Mobile Banking,EX_0000352,Oscar Setiawan,1995-02-20,8953486294,random352@mailtest.com,Jl. Random No. 482,Semarang,OSCAR SETIAWAN,8953486294,random352@mailtest.com,JL RANDOM NO 482,1995,[],0,C000368,0.3983796296296296,Non-Match
CRM,EX_0000353,Andi Kurniawan,2014-02-20,8287734827,random353@mailtest.com,Jl. Random No. 567,Tangerang,ANDI KURNIAWAN,8287734827,random353@mailtest.com,JL RANDOM NO 567,2014,[],0,C000649,0.4677801724137931,Non-Match
Mobile Banking,EX_0000354,Tono Siregar,1996-09-12,8454016658,random354@mailtest.com,Jl. Random No. 670,Medan,TONO SIREGAR,8454016658,random354@mailtest.com,JL RANDOM NO 670,1996,[],0,C000758,0.36738095238095236,Non-Match
Credit Card,EX_0000355,Sari Wijaya,2002-08-16,8441068372,random355@mailtest.com,Jl. Random No. 735,Bogor,SARI WIJAYA,8441068372,random355@mailtest.com,JL RANDOM NO 735,2002,[],0,C001779,0.4011363636363636,Non-Match
Branch System,EX_0000356,Hana Hidayat,1992-07-11,8394658921,random356@mailtest.com,Jl. Random No. 378,Bogor,HANA HIDAYAT,8394658921,random356@mailtest.com,JL RANDOM NO 378,1992,[],0,C000874,0.4386363636363636,Non-Match
Branch System,EX_0000357,Gita Lestari,1995-07-31,8513746560,random357@mailtest.com,Jl. Random No. 720,Makassar,GITA LESTARI,8513746560,random357@mailtest.com,JL RANDOM NO 720,1995,[],0,C000028,0.3194444444444445,Non-Match
Branch System,EX_0000358,Karin Siregar,2001-10-23,8766109694,random358@mailtest.com,Jl. Random No. 822,Bogor,KARIN SIREGAR,8766109694,random358@mailtest.com,JL RANDOM NO 822,2001,[],0,C000929,0.3385714285714286,Non-Match
Credit Card,EX_0000359,Lina Kurniawan,2013-06-20,8191206434,random359@mailtest.com,Jl. Random No. 38,Jakarta,LINA KURNIAWAN,8191206434,random359@mailtest.com,JL RANDOM NO 38,2013,[],0,C001009,0.47825630252100837,Non-Match
Core Banking,EX_0000360,Fajar Saputra,1991-12-27,8951512441,random360@mailtest.com,Jl. Random No. 810,Bandung,FAJAR SAPUTRA,8951512441,random360@mailtest.com,JL RANDOM NO 810,1991,[],0,C000207,0.42874999999999996,Non-Match
Credit Card,EX_0000361,Hana Ramadhan,1990-02-20,8871502241,random361@mailtest.com,Jl. Random No. 79,Makassar,HANA RAMADHAN,8871502241,random361@mailtest.com,JL RANDOM NO 79,1990,[],0,C001352,0.4728030303030303,Non-Match
Mobile Banking,EX_0000362,Eko Wijaya,2000-11-23,8909283163,random362@mailtest.com,Jl. Random No. 565,Bekasi,EKO WIJAYA,8909283163,random362@mailtest.com,JL RANDOM NO 565,2000,[],0,C000920,0.4303571428571428,Non-Match
Credit Card,EX_0000363,Maya Ramadhan,2000-01-06,8985380896,random363@mailtest.com,Jl. Random No. 887,Makassar,MAYA RAMADHAN,8985380896,random363@mailtest.com,JL RANDOM NO 887,2000,[],0,C000803,0.45046296296296295,Non-Match
Mobile Banking,EX_0000364,Dewi Pratama,2013-04-14,8411092811,random364@mailtest.com,Jl. Random No. 922,Semarang,DEWI PRATAMA,8411092811,random364@mailtest.com,JL RANDOM NO 922,2013,[],0,C000974,0.3858333333333333,Non-Match
Credit Card,EX_0000365,Lina Saputra,2000-02-25,8517864519,random365@mailtest.com,Jl. Random No. 817,Bekasi,LINA SAPUTRA,8517864519,random365@mailtest.com,JL RANDOM NO 817,2000,[],0,C001143,0.3878030303030303,Non-Match
CRM,EX_0000366,Tono Saputra,2007-01-30,8461872809,random366@mailtest.com,Jl. Random No. 421,Tangerang,TONO SAPUTRA,8461872809,random366@mailtest.com,JL RANDOM NO 421,2007,[],0,C001761,0.50625,Non-Match
Credit Card,EX_0000367,Eko Nugroho,1991-09-04,8607454954,random367@mailtest.com,Jl. Random No. 710,Bandung,EKO NUGROHO,8607454954,random367@mailtest.com,JL RANDOM NO 710,1991,[],0,C001629,0.3330204216073781,Non-Match
Mobile Banking,EX_0000368,Fajar Wijaya,1992-10-07,8531522492,random368@mailtest.com,Jl. Random No. 547,Makassar,FAJAR WIJAYA,8531522492,random368@mailtest.com,JL RANDOM NO 547,1992,[],0,C000006,0.3614316239316239,Non-Match
Core Banking,EX_0000369,Andi Wijaya,2010-10-29,8679759888,random369@mailtest.com,Jl. Random No. 491,Jakarta,ANDI WIJAYA,8679759888,random369@mailtest.com,JL RANDOM NO 491,2010,[],0,C000904,0.3719099378881987,Non-Match
Core Banking,EX_0000370,Hana Ramadhan,1992-03-14,8626731058,random370@mailtest.com,Jl. Random No. 572,Bogor,HANA RAMADHAN,8626731058,random370@mailtest.com,JL RANDOM NO 572,1992,[],0,C000802,0.41527777777777775,Non-Match
Credit Card,EX_0000371,Fajar Lestari,2000-06-18,8254461747,random371@mailtest.com,Jl. Random No. 662,Bogor,FAJAR LESTARI,8254461747,random371@mailtest.com,JL RANDOM NO 662,2000,[],0,C001746,0.4399886877828054,Non-Match
Branch System,EX_0000372,Citra Siregar,2008-05-05,8678717285,random372@mailtest.com,Jl. Random No. 464,Tangerang,CITRA SIREGAR,8678717285,random372@mailtest.com,JL RANDOM NO 464,2008,[],0,C001653,0.41335470085470083,Non-Match
Mobile Banking,EX_0000373,Budi Wijaya,2008-12-28,8465342441,random373@mailtest.com,Jl. Random No. 578,Bekasi,BUDI WIJAYA,8465342441,random373@mailtest.com,JL RANDOM NO 578,2008,[],0,C000376,0.4575324675324675,Non-Match
Credit Card,EX_0000374,Sari Pratama,2001-06-06,8210585462,random374@mailtest.com,Jl. Random No. 334,Surabaya,SARI PRATAMA,8210585462,random374@mailtest.com,JL RANDOM NO 334,2001,[],0,C000354,0.46738095238095234,Non-Match
CRM,EX_0000375,Budi Lestari,2007-08-02,8753993403,random375@mailtest.com,Jl. Random No. 512,Depok,BUDI LESTARI,8753993403,random375@mailtest.com,JL RANDOM NO 512,2007,[],0,C001132,0.390625,Non-Match
Core Banking,EX_0000376,Lina Kurniawan,1995-12-12,8260210495,random376@mailtest.com,Jl. Random No. 299,Medan,LINA KURNIAWAN,8260210495,random376@mailtest.com,JL RANDOM NO 299,1995,[],0,C001234,0.4841386554621848,Non-Match
Core Banking,EX_0000377,Tono Lestari,2009-12-31,8864033960,random377@mailtest.com,Jl. Random No. 583,Tangerang,TONO LESTARI,8864033960,random377@mailtest.com,JL RANDOM NO 583,2009,[],0,C000994,0.3873655913978495,Non-Match
Mobile Banking,EX_0000378,Putri Santoso,2011-09-27,8484309355,random378@mailtest.com,Jl. Random No. 477,Semarang,PUTRI SANTOSO,8484309355,random378@mailtest.com,JL RANDOM NO 477,2011,[],0,C001706,0.35156882591093114,Non-Match
Mobile Banking,EX_0000379,Joko Hidayat,2015-03-20,8560752062,random379@mailtest.com,Jl. Random No. 785,Bogor,JOKO HIDAYAT,8560752062,random379@mailtest.com,JL RANDOM NO 785,2015,[],0,C000514,0.3428030303030303,Non-Match
CRM,EX_0000380,Gita Kurniawan,1989-06-20,8107946195,random380@mailtest.com,Jl. Random No. 456,Surabaya,GITA KURNIAWAN,8107946195,random380@mailtest.com,JL RANDOM NO 456,1989,[],0,C000222,0.47718253968253965,Non-Match
Branch System,EX_0000381,Maya Lestari,2007-02-05,8764230475,random381@mailtest.com,Jl. Random No. 160,Jakarta,MAYA LESTARI,8764230475,random381@mailtest.com,JL RANDOM NO 160,2007,[],0,C001324,0.37196969696969695,Non-Match
Branch System,EX_0000382,Karin Kurniawan,1999-02-19,8863950582,random382@mailtest.com,Jl. Random No. 56,Medan,KARIN KURNIAWAN,8863950582,random382@mailtest.com,JL RANDOM NO 56,1999,[],0,C001281,0.4267361111111111,Non-Match
CRM,EX_0000383,Joko Setiawan,1989-05-24,8759480156,random383@mailtest.com,Jl. Random No. 880,Jakarta,JOKO SETIAWAN,8759480156,random383@mailtest.com,JL RANDOM NO 880,1989,[],0,C001313,0.395,Non-Match
CRM,EX_0000384,Budi Lestari,1998-08-12,8848585846,random384@mailtest.com,Jl. Random No. 239,Semarang,BUDI LESTARI,8848585846,random384@mailtest.com,JL RANDOM NO 239,1998,[],0,C000441,0.36107142857142854,Non-Match
Core Banking,EX_0000385,Oscar Santoso,2007-07-08,8410631830,random385@mailtest.com,Jl. Random No. 939,Bandung,OSCAR SANTOSO,8410631830,random385@mailtest.com,JL RANDOM NO 939,2007,[],0,C000702,0.3653846153846154,Non-Match
CRM,EX_0000386,Dewi Santoso,2012-12-21,8894286412,random386@mailtest.com,Jl. Random No. 992,Bandung,DEWI SANTOSO,8894286412,random386@mailtest.com,JL RANDOM NO 992,2012,[],0,C000273,0.4507142857142857,Non-Match
Branch System,EX_0000387,Joko Pratama,1999-12-11,8654599864,random387@mailtest.com,Jl. Random No. 578,Bandung,JOKO PRATAMA,8654599864,random387@mailtest.com,JL RANDOM NO 578,1999,[],0,C001714,0.47485294117647053,Non-Match
CRM,EX_0000388,Lina Lestari,1992-11-06,8823376592,random388@mailtest.com,Jl. Random No. 364,Medan,LINA LESTARI,8823376592,random388@mailtest.com,JL RANDOM NO 364,1992,[],0,C000421,0.43833333333333335,Non-Match
Core Banking,EX_0000389,Vina Permata,2010-09-16,8649904656,random389@mailtest.com,Jl. Random No. 51,Depok,VINA PERMATA,8649904656,random389@mailtest.com,JL RANDOM NO 51,2010,[],0,C000483,0.390990990990991,Non-Match
Credit Card,EX_0000390,Lina Permata,2010-08-26,8463015822,random390@mailtest.com,Jl. Random No. 718,Depok,LINA PERMATA,8463015822,random390@mailtest.com,JL RANDOM NO 718,2010,[],0,C000698,0.3772342995169082,Non-Match
Mobile Banking,EX_0000391,Lina Lestari,2012-10-01,8348861981,random391@mailtest.com,Jl. Random No. 262,Bogor,LINA LESTARI,8348861981,random391@mailtest.com,JL RANDOM NO 262,2012,[],0,C000336,0.49523809523809526,Non-Match
Branch System,EX_0000392,Hana Saputra,2009-08-20,8928356175,random392@mailtest.com,Jl. Random No. 947,Surabaya,HANA SAPUTRA,8928356175,random392@mailtest.com,JL RANDOM NO 947,2009,[],0,C000602,0.3875,Non-Match
Credit Card,EX_0000393,Karin Pratama,2014-09-09,8417242967,random393@mailtest.com,Jl. Random No. 277,Bogor,KARIN PRATAMA,8417242967,random393@mailtest.com,JL RANDOM NO 277,2014,[],0,C000836,0.44575791855203617,Non-Match
Branch System,EX_0000394,Tono Permata,2010-11-14,8477815737,random394@mailtest.com,Jl. Random No. 70,Depok,TONO PERMATA,8477815737,random394@mailtest.com,JL RANDOM NO 70,2010,[],0,C000483,0.4311936936936937,Non-Match
Core Banking,EX_0000395,Dewi Saputra,2007-03-16,8799980826,random395@mailtest.com,Jl. Random No. 177,Tangerang,DEWI SAPUTRA,8799980826,random395@mailtest.com,JL RANDOM NO 177,2007,[],0,C001761,0.41875,Non-Match
CRM,EX_0000396,Lina Lestari,2000-02-27,8225873700,random396@mailtest.com,Jl. Random No. 134,Bandung,LINA LESTARI,8225873700,random396@mailtest.com,JL RANDOM NO 134,2000,[],0,C001652,0.40104166666666663,Non-Match
Mobile Banking,EX_0000397,Maya Wijaya,1992-06-28,8725487207,random397@mailtest.com,Jl. Random No. 624,Bogor,MAYA WIJAYA,8725487207,random397@mailtest.com,JL RANDOM NO 624,1992,[],0,C000703,0.3965909090909091,Non-Match
Branch System,EX_0000398,Vina Wijaya,1999-03-02,8526429794,random398@mailtest.com,Jl. Random No. 738,Bogor,VINA WIJAYA,8526429794,random398@mailtest.com,JL RANDOM NO 738,1999,[],0,C001358,0.34375,Non-Match
Branch System,EX_0000399,Tono Santoso,1989-12-26,8469935544,random399@mailtest.com,Jl. Random No. 807,Semarang,TONO SANTOSO,8469935544,random399@mailtest.com,JL RANDOM NO 807,1989,[],0,C000205,0.45625,Non-Match
