Feedback_ID,Text,Topic,Channel,Sentiment
FB01861,Saya sangat puas dengan layanan bank ini,Savings,Mobile App,positive
FB00354,Aplikasi sulit digunakan dan sering logout,Loan,ATM,negative
FB01334,Aplikasi sulit digunakan dan sering logout,Loan,ATM,negative
FB00906,Petugas bank ramah dan profesional,Customer Service,Mobile App,positive
FB01290,Customer service lambat merespons keluhan saya,Transaction,Email,negative
FB01274,Aplikasi sulit digunakan dan sering logout,ATM,ATM,negative
FB00939,Apa syarat pengajuan KPR,Mobile Banking,ATM,neutral
FB01732,Saya kecewa karena biaya administrasi terlalu tinggi,Customer Service,Branch,negative
FB00066,Petugas bank ramah dan profesional,Customer Service,Mobile App,positive
FB01324,Proses transaksi berjalan lancar dan cepat,Mobile Banking,ATM,positive
FB00057,Bagaimana cara mengganti PIN kartu,Mobile Banking,Branch,neutral
FB01293,ATM sering tidak bisa digunakan,Card,Call Center,negative
FB01119,Apa syarat pengajuan KPR,Savings,ATM,neutral
FB00585,Saya suka fitur mobile banking yang lengkap,Loan,Email,positive
FB00375,Saya tidak puas dengan pelayanan bank,Loan,Email,negative
FB00276,Saya ingin informasi tentang produk tabungan,Customer Service,Mobile App,neutral
FB00747,Transfer berhasil tanpa masalah,Card,Branch,positive
FB00129,Transaksi saya gagal dan saldo belum kembali,Customer Service,ATM,negative
FB01647,Transfer berhasil tanpa masalah,Transaction,Branch,positive
FB01853,ATM sering tidak bisa digunakan,Card,Call Center,negative
FB00675,Saya tidak puas dengan pelayanan bank,Customer Service,Email,negative
FB01665,Saya suka fitur mobile banking yang lengkap,Savings,Email,positive
FB01982,Aplikasi mobile banking sangat mudah digunakan,Mobile Banking,Branch,positive
FB01084,Proses transaksi berjalan lancar dan cepat,Savings,ATM,positive
FB01923,Pelayanan customer service sangat cepat dan membantu,Card,Call Center,positive
FB00100,Saya ingin mengetahui jam operasional cabang,Transaction,Email,neutral
FB01180,Saya ingin mengetahui jam operasional cabang,Loan,Email,neutral
FB00965,Saya suka fitur mobile banking yang lengkap,Savings,Email,positive
FB00793,ATM sering tidak bisa digunakan,Transaction,Call Center,negative
FB00030,Customer service lambat merespons keluhan saya,Transaction,Email,negative
FB00629,Transaksi saya gagal dan saldo belum kembali,Savings,ATM,negative
FB00945,Saya suka fitur mobile banking yang lengkap,ATM,Email,positive
FB00573,ATM sering tidak bisa digunakan,Savings,Call Center,negative
FB00908,Aplikasi banking sering error saat saya gunakan,Card,Call Center,negative
FB01081,Saya sangat puas dengan layanan bank ini,Customer Service,Mobile App,positive
FB00451,Proses pengajuan kredit terlalu lama,Customer Service,Mobile App,negative
FB01610,Customer service lambat merespons keluhan saya,ATM,Email,negative
FB01291,Proses pengajuan kredit terlalu lama,Customer Service,Mobile App,negative
FB01079,Apa syarat pengajuan KPR,Mobile Banking,ATM,neutral
FB00255,Saya tidak puas dengan pelayanan bank,Customer Service,Email,negative
FB00125,Saya suka fitur mobile banking yang lengkap,Savings,Email,positive
FB01928,Aplikasi banking sering error saat saya gunakan,Customer Service,Call Center,negative
FB00252,Saya kecewa karena biaya administrasi terlalu tinggi,ATM,Branch,negative
FB00586,Petugas bank ramah dan profesional,Card,Mobile App,positive
FB01569,Transaksi saya gagal dan saldo belum kembali,Mobile Banking,ATM,negative
FB00825,Saya suka fitur mobile banking yang lengkap,Savings,Email,positive
FB00508,Aplikasi banking sering error saat saya gunakan,Loan,Call Center,negative
FB00890,Customer service lambat merespons keluhan saya,Mobile Banking,Email,negative
FB00071,Proses pengajuan kredit terlalu lama,Mobile Banking,Mobile App,negative
FB01609,Transaksi saya gagal dan saldo belum kembali,Savings,ATM,negative
FB01533,ATM sering tidak bisa digunakan,ATM,Call Center,negative
FB00248,Aplikasi banking sering error saat saya gunakan,Customer Service,Call Center,negative
FB01451,Proses pengajuan kredit terlalu lama,Transaction,Mobile App,negative
FB00213,ATM sering tidak bisa digunakan,Customer Service,Call Center,negative
FB00910,Customer service lambat merespons keluhan saya,ATM,Email,negative
FB01742,Aplikasi mobile banking sangat mudah digunakan,Savings,Branch,positive
FB01245,Saya suka fitur mobile banking yang lengkap,Savings,Email,positive
FB01697,Bagaimana cara mengganti PIN kartu,Customer Service,Branch,neutral
FB01183,Pelayanan customer service sangat cepat dan membantu,ATM,Call Center,positive
FB00362,Aplikasi mobile banking sangat mudah digunakan,Card,Branch,positive
FB01474,Aplikasi sulit digunakan dan sering logout,Loan,ATM,negative
FB00679,Apa syarat pengajuan KPR,ATM,ATM,neutral
FB01622,Aplikasi mobile banking sangat mudah digunakan,Card,Branch,positive
FB01090,Customer service lambat merespons keluhan saya,Card,Email,negative
FB01988,Aplikasi banking sering error saat saya gunakan,ATM,Call Center,negative
FB01848,Aplikasi banking sering error saat saya gunakan,ATM,Call Center,negative
FB00988,Aplikasi banking sering error saat saya gunakan,Mobile Banking,Call Center,negative
FB01513,ATM sering tidak bisa digunakan,Mobile Banking,Call Center,negative
FB00112,Saya kecewa karena biaya administrasi terlalu tinggi,ATM,Branch,negative
FB01488,Aplikasi banking sering error saat saya gunakan,Loan,Call Center,negative
FB01454,Aplikasi sulit digunakan dan sering logout,Card,ATM,negative
FB00384,Proses transaksi berjalan lancar dan cepat,Savings,ATM,positive
FB01396,Saya ingin informasi tentang produk tabungan,Customer Service,Mobile App,neutral
FB01055,Saya tidak puas dengan pelayanan bank,Card,Email,negative
FB00756,Saya ingin informasi tentang produk tabungan,ATM,Mobile App,neutral
FB00325,Saya suka fitur mobile banking yang lengkap,Customer Service,Email,positive
FB01624,Proses transaksi berjalan lancar dan cepat,ATM,ATM,positive
FB00788,Aplikasi banking sering error saat saya gunakan,Loan,Call Center,negative
FB00369,Transaksi saya gagal dan saldo belum kembali,Card,ATM,negative
FB01820,Saya ingin mengetahui jam operasional cabang,ATM,Email,neutral
FB00070,Customer service lambat merespons keluhan saya,ATM,Email,negative
FB00858,Saya ingin mengetahui limit kartu kredit,Loan,Call Center,neutral
FB01484,Proses transaksi berjalan lancar dan cepat,ATM,ATM,positive
FB01556,Saya ingin informasi tentang produk tabungan,Transaction,Mobile App,neutral
FB01692,Saya kecewa karena biaya administrasi terlalu tinggi,Card,Branch,negative
FB01475,Saya tidak puas dengan pelayanan bank,Card,Email,negative
FB01799,Apa syarat pengajuan KPR,ATM,ATM,neutral
FB00479,Apa syarat pengajuan KPR,Customer Service,ATM,neutral
FB00282,Aplikasi mobile banking sangat mudah digunakan,Transaction,Branch,positive
FB01648,Aplikasi banking sering error saat saya gunakan,Customer Service,Call Center,negative
FB01557,Bagaimana cara mengganti PIN kartu,Customer Service,Branch,neutral
FB01730,Customer service lambat merespons keluhan saya,Mobile Banking,Email,negative
FB00211,Proses pengajuan kredit terlalu lama,Mobile Banking,Mobile App,negative
FB00298,Saya ingin mengetahui limit kartu kredit,Loan,Call Center,neutral
FB01885,Saya suka fitur mobile banking yang lengkap,Transaction,Email,positive
FB01834,Aplikasi sulit digunakan dan sering logout,ATM,ATM,negative
FB00652,Saya kecewa karena biaya administrasi terlalu tinggi,Mobile Banking,Branch,negative
FB01234,Aplikasi sulit digunakan dan sering logout,Transaction,ATM,negative
FB01503,Pelayanan customer service sangat cepat dan membantu,Card,Call Center,positive
FB01932,Saya kecewa karena biaya administrasi terlalu tinggi,ATM,Branch,negative
FB00917,Bagaimana cara mengganti PIN kartu,ATM,Branch,neutral
FB00994,Aplikasi sulit digunakan dan sering logout,ATM,ATM,negative
FB00430,Customer service lambat merespons keluhan saya,Customer Service,Email,negative
FB01371,Proses pengajuan kredit terlalu lama,Savings,Mobile App,negative
FB00240,Saya ingin mengetahui jam operasional cabang,Transaction,Email,neutral
FB00880,Saya ingin mengetahui jam operasional cabang,Card,Email,neutral
FB00621,Saya sangat puas dengan layanan bank ini,Card,Mobile App,positive
FB00257,Bagaimana cara mengganti PIN kartu,Card,Branch,neutral
FB00612,Saya kecewa karena biaya administrasi terlalu tinggi,Customer Service,Branch,negative
FB00545,Saya suka fitur mobile banking yang lengkap,Savings,Email,positive
FB00772,Saya kecewa karena biaya administrasi terlalu tinggi,Transaction,Branch,negative
FB01420,Saya ingin mengetahui jam operasional cabang,Savings,Email,neutral
FB01042,Aplikasi mobile banking sangat mudah digunakan,Savings,Branch,positive
FB01790,Customer service lambat merespons keluhan saya,Card,Email,negative
FB00760,Saya ingin mengetahui jam operasional cabang,Loan,Email,neutral
FB00383,Pelayanan customer service sangat cepat dan membantu,Card,Call Center,positive
FB01104,Proses transaksi berjalan lancar dan cepat,Card,ATM,positive
FB00974,Aplikasi sulit digunakan dan sering logout,Mobile Banking,ATM,negative
FB00353,ATM sering tidak bisa digunakan,Customer Service,Call Center,negative
FB01606,Petugas bank ramah dan profesional,Customer Service,Mobile App,positive
FB01826,Petugas bank ramah dan profesional,Savings,Mobile App,positive
FB01037,Bagaimana cara mengganti PIN kartu,Mobile Banking,Branch,neutral
FB01108,Aplikasi banking sering error saat saya gunakan,Transaction,Call Center,negative
FB00495,Saya tidak puas dengan pelayanan bank,Card,Email,negative
FB00394,Aplikasi sulit digunakan dan sering logout,Transaction,ATM,negative
FB01547,Transfer berhasil tanpa masalah,ATM,Branch,positive
FB00465,Saya suka fitur mobile banking yang lengkap,Customer Service,Email,positive
FB00887,Transfer berhasil tanpa masalah,Card,Branch,positive
FB01194,Aplikasi sulit digunakan dan sering logout,Loan,ATM,negative
FB00367,Transfer berhasil tanpa masalah,Customer Service,Branch,positive
FB01894,Aplikasi sulit digunakan dan sering logout,Loan,ATM,negative
FB01874,Aplikasi sulit digunakan dan sering logout,Card,ATM,negative
FB00745,Saya suka fitur mobile banking yang lengkap,Customer Service,Email,positive
FB00530,Customer service lambat merespons keluhan saya,Card,Email,negative
FB00803,Pelayanan customer service sangat cepat dan membantu,Card,Call Center,positive
FB01224,Proses transaksi berjalan lancar dan cepat,Savings,ATM,positive
FB01979,Apa syarat pengajuan KPR,Card,ATM,neutral
FB01906,Petugas bank ramah dan profesional,Transaction,Mobile App,positive
FB01700,Saya ingin mengetahui jam operasional cabang,Savings,Email,neutral
FB01545,Saya suka fitur mobile banking yang lengkap,Card,Email,positive
FB01314,Aplikasi sulit digunakan dan sering logout,Card,ATM,negative
FB00307,Transfer berhasil tanpa masalah,Savings,Branch,positive
FB01667,Transfer berhasil tanpa masalah,Mobile Banking,Branch,positive
FB00863,Pelayanan customer service sangat cepat dan membantu,Transaction,Call Center,positive
FB01567,Transfer berhasil tanpa masalah,Savings,Branch,positive
FB00531,Proses pengajuan kredit terlalu lama,Savings,Mobile App,negative
FB00655,Saya tidak puas dengan pelayanan bank,Loan,Email,negative
FB01260,Saya ingin mengetahui jam operasional cabang,ATM,Email,neutral
FB00234,Aplikasi sulit digunakan dan sering logout,Customer Service,ATM,negative
FB00121,Saya sangat puas dengan layanan bank ini,Transaction,Mobile App,positive
FB01698,Saya ingin mengetahui limit kartu kredit,Loan,Call Center,neutral
FB00950,Customer service lambat merespons keluhan saya,Card,Email,negative
FB00618,Saya ingin mengetahui limit kartu kredit,Transaction,Call Center,neutral
FB01179,Apa syarat pengajuan KPR,Customer Service,ATM,neutral
FB00308,Aplikasi banking sering error saat saya gunakan,ATM,Call Center,negative
FB00136,Saya ingin informasi tentang produk tabungan,Customer Service,Mobile App,neutral
FB00555,Saya tidak puas dengan pelayanan bank,Transaction,Email,negative
FB01674,Aplikasi sulit digunakan dan sering logout,Mobile Banking,ATM,negative
FB00584,Proses transaksi berjalan lancar dan cepat,Customer Service,ATM,positive
FB01641,Saya sangat puas dengan layanan bank ini,Customer Service,Mobile App,positive
FB00671,Proses pengajuan kredit terlalu lama,Savings,Mobile App,negative
FB00835,Saya tidak puas dengan pelayanan bank,Transaction,Email,negative
FB00110,Customer service lambat merespons keluhan saya,Card,Email,negative
FB01165,Saya suka fitur mobile banking yang lengkap,Customer Service,Email,positive
FB01960,Saya ingin mengetahui jam operasional cabang,ATM,Email,neutral
FB01465,Saya suka fitur mobile banking yang lengkap,Transaction,Email,positive
FB01729,Transaksi saya gagal dan saldo belum kembali,ATM,ATM,negative
FB01243,Pelayanan customer service sangat cepat dan membantu,Loan,Call Center,positive
FB00212,Saya kecewa karena biaya administrasi terlalu tinggi,Transaction,Branch,negative
FB01768,Aplikasi banking sering error saat saya gunakan,Loan,Call Center,negative
FB01121,Saya sangat puas dengan layanan bank ini,Mobile Banking,Mobile App,positive
FB00680,Saya ingin mengetahui jam operasional cabang,Mobile Banking,Email,neutral
FB01951,Proses pengajuan kredit terlalu lama,Card,Mobile App,negative
FB01839,Apa syarat pengajuan KPR,Card,ATM,neutral
FB00412,Saya kecewa karena biaya administrasi terlalu tinggi,Savings,Branch,negative
FB01325,Saya suka fitur mobile banking yang lengkap,Transaction,Email,positive
FB00783,Pelayanan customer service sangat cepat dan membantu,Savings,Call Center,positive
FB01346,Petugas bank ramah dan profesional,Transaction,Mobile App,positive
FB00875,Saya tidak puas dengan pelayanan bank,ATM,Email,negative
FB01653,ATM sering tidak bisa digunakan,Mobile Banking,Call Center,negative
FB01279,Apa syarat pengajuan KPR,Card,ATM,neutral
FB00786,Petugas bank ramah dan profesional,Transaction,Mobile App,positive
FB01819,Apa syarat pengajuan KPR,Savings,ATM,neutral
FB01199,Apa syarat pengajuan KPR,Transaction,ATM,neutral
FB00808,Aplikasi banking sering error saat saya gunakan,Customer Service,Call Center,negative
FB00713,ATM sering tidak bisa digunakan,Savings,Call Center,negative
FB01991,Proses pengajuan kredit terlalu lama,Customer Service,Mobile App,negative
FB01660,Saya ingin mengetahui jam operasional cabang,Mobile Banking,Email,neutral
FB01191,Proses pengajuan kredit terlalu lama,Mobile Banking,Mobile App,negative
FB01226,Petugas bank ramah dan profesional,Mobile Banking,Mobile App,positive
FB00603,Pelayanan customer service sangat cepat dan membantu,Mobile Banking,Call Center,positive
FB00271,Proses pengajuan kredit terlalu lama,Card,Mobile App,negative
FB01385,Saya suka fitur mobile banking yang lengkap,Savings,Email,positive
FB00232,Saya kecewa karena biaya administrasi terlalu tinggi,Mobile Banking,Branch,negative
FB00050,Customer service lambat merespons keluhan saya,Mobile Banking,Email,negative
FB00463,Pelayanan customer service sangat cepat dan membantu,Mobile Banking,Call Center,positive
FB01106,Petugas bank ramah dan profesional,ATM,Mobile App,positive
FB00856,Saya ingin informasi tentang produk tabungan,Transaction,Mobile App,neutral
FB00694,Aplikasi sulit digunakan dan sering logout,Mobile Banking,ATM,negative
FB01552,Saya kecewa karena biaya administrasi terlalu tinggi,Card,Branch,negative
FB01873,ATM sering tidak bisa digunakan,Loan,Call Center,negative
FB00527,Transfer berhasil tanpa masalah,Transaction,Branch,positive
FB00174,Aplikasi sulit digunakan dan sering logout,Savings,ATM,negative
FB00721,Saya sangat puas dengan layanan bank ini,ATM,Mobile App,positive
FB00415,Saya tidak puas dengan pelayanan bank,Transaction,Email,negative
FB00238,Saya ingin mengetahui limit kartu kredit,ATM,Call Center,neutral
FB01473,ATM sering tidak bisa digunakan,Customer Service,Call Center,negative
FB01336,Saya ingin informasi tentang produk tabungan,Savings,Mobile App,neutral
FB01064,Proses transaksi berjalan lancar dan cepat,ATM,ATM,positive
FB00024,Proses transaksi berjalan lancar dan cepat,Customer Service,ATM,positive
FB01767,Transfer berhasil tanpa masalah,Customer Service,Branch,positive
FB00064,Proses transaksi berjalan lancar dan cepat,Mobile Banking,ATM,positive
FB00290,Customer service lambat merespons keluhan saya,Customer Service,Email,negative
FB00189,Transaksi saya gagal dan saldo belum kembali,ATM,ATM,negative
FB00702,Aplikasi mobile banking sangat mudah digunakan,Transaction,Branch,positive
FB01815,Saya tidak puas dengan pelayanan bank,Transaction,Email,negative
FB01138,Saya ingin mengetahui limit kartu kredit,Loan,Call Center,neutral
FB00355,Saya tidak puas dengan pelayanan bank,Card,Email,negative
FB00417,Bagaimana cara mengganti PIN kartu,Loan,Branch,neutral
FB01246,Petugas bank ramah dan profesional,ATM,Mobile App,positive
FB00931,Proses pengajuan kredit terlalu lama,ATM,Mobile App,negative
FB00197,Bagaimana cara mengganti PIN kartu,Mobile Banking,Branch,neutral
FB00580,Saya ingin mengetahui jam operasional cabang,Savings,Email,neutral
FB01135,Saya tidak puas dengan pelayanan bank,Mobile Banking,Email,negative
FB01814,Aplikasi sulit digunakan dan sering logout,Mobile Banking,ATM,negative
FB01935,Saya tidak puas dengan pelayanan bank,Customer Service,Email,negative
FB00434,Aplikasi sulit digunakan dan sering logout,ATM,ATM,negative
FB00101,Saya sangat puas dengan layanan bank ini,Customer Service,Mobile App,positive
FB01655,Saya tidak puas dengan pelayanan bank,Customer Service,Email,negative
FB00395,Saya tidak puas dengan pelayanan bank,Customer Service,Email,negative
FB01939,Apa syarat pengajuan KPR,ATM,ATM,neutral
FB00221,Saya sangat puas dengan layanan bank ini,Loan,Mobile App,positive
FB01676,Saya ingin informasi tentang produk tabungan,Customer Service,Mobile App,neutral
FB01498,Saya ingin mengetahui limit kartu kredit,ATM,Call Center,neutral
FB01785,Saya suka fitur mobile banking yang lengkap,ATM,Email,positive
FB00345,Saya suka fitur mobile banking yang lengkap,Transaction,Email,positive
FB01028,Aplikasi banking sering error saat saya gunakan,Savings,Call Center,negative
FB00889,Transaksi saya gagal dan saldo belum kembali,ATM,ATM,negative
FB01351,Proses pengajuan kredit terlalu lama,ATM,Mobile App,negative
FB00553,ATM sering tidak bisa digunakan,ATM,Call Center,negative
FB00744,Proses transaksi berjalan lancar dan cepat,Transaction,ATM,positive
FB01542,Aplikasi mobile banking sangat mudah digunakan,Transaction,Branch,positive
FB00539,Apa syarat pengajuan KPR,ATM,ATM,neutral
FB00907,Transfer berhasil tanpa masalah,Loan,Branch,positive
FB01395,Saya tidak puas dengan pelayanan bank,Transaction,Email,negative
FB00116,Saya ingin informasi tentang produk tabungan,Loan,Mobile App,neutral
FB00830,Customer service lambat merespons keluhan saya,Loan,Email,negative
FB01938,Saya ingin mengetahui limit kartu kredit,Savings,Call Center,neutral
FB00809,Transaksi saya gagal dan saldo belum kembali,Loan,ATM,negative
FB01311,Proses pengajuan kredit terlalu lama,Transaction,Mobile App,negative
FB01005,Saya suka fitur mobile banking yang lengkap,Loan,Email,positive
FB00306,Petugas bank ramah dan profesional,Card,Mobile App,positive
FB01101,Saya sangat puas dengan layanan bank ini,Transaction,Mobile App,positive
FB00480,Saya ingin mengetahui jam operasional cabang,Loan,Email,neutral
FB01424,Proses transaksi berjalan lancar dan cepat,Customer Service,ATM,positive
FB01076,Saya ingin informasi tentang produk tabungan,Card,Mobile App,neutral
FB00571,Proses pengajuan kredit terlalu lama,Loan,Mobile App,negative
FB00619,Apa syarat pengajuan KPR,Customer Service,ATM,neutral
FB01898,Saya ingin mengetahui limit kartu kredit,Mobile Banking,Call Center,neutral
FB01266,Petugas bank ramah dan profesional,Savings,Mobile App,positive
FB00079,Apa syarat pengajuan KPR,Transaction,ATM,neutral
FB01912,Saya kecewa karena biaya administrasi terlalu tinggi,Mobile Banking,Branch,negative
FB00033,ATM sering tidak bisa digunakan,Card,Call Center,negative
FB01538,Saya ingin mengetahui limit kartu kredit,Card,Call Center,neutral
FB01034,Aplikasi sulit digunakan dan sering logout,Card,ATM,negative
FB01563,Pelayanan customer service sangat cepat dan membantu,Transaction,Call Center,positive
FB00352,Saya kecewa karena biaya administrasi terlalu tinggi,Transaction,Branch,negative
FB00164,Proses transaksi berjalan lancar dan cepat,Customer Service,ATM,positive
FB00204,Proses transaksi berjalan lancar dan cepat,Mobile Banking,ATM,positive
FB01054,Aplikasi sulit digunakan dan sering logout,Loan,ATM,negative
FB01365,Saya suka fitur mobile banking yang lengkap,ATM,Email,positive
FB01967,Transfer berhasil tanpa masalah,ATM,Branch,positive
FB00496,Saya ingin informasi tentang produk tabungan,Savings,Mobile App,neutral
FB01625,Saya suka fitur mobile banking yang lengkap,Mobile Banking,Email,positive
FB01966,Petugas bank ramah dan profesional,Savings,Mobile App,positive
FB01963,Pelayanan customer service sangat cepat dan membantu,Customer Service,Call Center,positive
FB00611,Proses pengajuan kredit terlalu lama,Transaction,Mobile App,negative
FB00433,ATM sering tidak bisa digunakan,Savings,Call Center,negative
FB01492,Saya kecewa karena biaya administrasi terlalu tinggi,Mobile Banking,Branch,negative
FB00219,Apa syarat pengajuan KPR,Transaction,ATM,neutral
FB01931,Proses pengajuan kredit terlalu lama,Savings,Mobile App,negative
FB01466,Petugas bank ramah dan profesional,Customer Service,Mobile App,positive
FB00631,Proses pengajuan kredit terlalu lama,Mobile Banking,Mobile App,negative
FB01382,Aplikasi mobile banking sangat mudah digunakan,Customer Service,Branch,positive
FB01302,Aplikasi mobile banking sangat mudah digunakan,ATM,Branch,positive
FB00060,Saya ingin mengetahui jam operasional cabang,Loan,Email,neutral
FB00299,Apa syarat pengajuan KPR,Card,ATM,neutral
FB01711,Proses pengajuan kredit terlalu lama,Customer Service,Mobile App,negative
FB00074,Aplikasi sulit digunakan dan sering logout,Loan,ATM,negative
FB00163,Pelayanan customer service sangat cepat dan membantu,Transaction,Call Center,positive
FB01275,Saya tidak puas dengan pelayanan bank,Mobile Banking,Email,negative
FB01594,Aplikasi sulit digunakan dan sering logout,Card,ATM,negative
FB01434,Aplikasi sulit digunakan dan sering logout,Savings,ATM,negative
FB01613,ATM sering tidak bisa digunakan,Customer Service,Call Center,negative
FB00592,Saya kecewa karena biaya administrasi terlalu tinggi,Loan,Branch,negative
FB00317,Bagaimana cara mengganti PIN kartu,Transaction,Branch,neutral
FB00046,Petugas bank ramah dan profesional,Loan,Mobile App,positive
FB01720,Saya ingin mengetahui jam operasional cabang,Card,Email,neutral
FB01832,Saya kecewa karena biaya administrasi terlalu tinggi,Card,Branch,negative
FB00428,Aplikasi banking sering error saat saya gunakan,Mobile Banking,Call Center,negative
FB00582,Aplikasi mobile banking sangat mudah digunakan,Mobile Banking,Branch,positive
FB00077,Bagaimana cara mengganti PIN kartu,ATM,Branch,neutral
FB01917,Bagaimana cara mengganti PIN kartu,Savings,Branch,neutral
FB01415,Saya tidak puas dengan pelayanan bank,Mobile Banking,Email,negative
FB00781,Saya sangat puas dengan layanan bank ini,Loan,Mobile App,positive
FB01920,Saya ingin mengetahui jam operasional cabang,Transaction,Email,neutral
FB01174,Aplikasi sulit digunakan dan sering logout,Card,ATM,negative
FB01320,Saya ingin mengetahui jam operasional cabang,Loan,Email,neutral
FB00938,Saya ingin mengetahui limit kartu kredit,ATM,Call Center,neutral
FB00031,Proses pengajuan kredit terlalu lama,Customer Service,Mobile App,negative
FB01092,Saya kecewa karena biaya administrasi terlalu tinggi,ATM,Branch,negative
FB01616,Saya ingin informasi tentang produk tabungan,Savings,Mobile App,neutral
FB01230,Customer service lambat merespons keluhan saya,Card,Email,negative
FB00975,Saya tidak puas dengan pelayanan bank,Transaction,Email,negative
FB01085,Saya suka fitur mobile banking yang lengkap,ATM,Email,positive
FB00515,Saya tidak puas dengan pelayanan bank,Loan,Email,negative
FB01551,Proses pengajuan kredit terlalu lama,Loan,Mobile App,negative
FB01568,Aplikasi banking sering error saat saya gunakan,ATM,Call Center,negative
FB01811,Proses pengajuan kredit terlalu lama,Card,Mobile App,negative
FB01574,Aplikasi sulit digunakan dan sering logout,Savings,ATM,negative
FB00045,Saya suka fitur mobile banking yang lengkap,Customer Service,Email,positive
FB01687,Transfer berhasil tanpa masalah,ATM,Branch,positive
FB00169,Transaksi saya gagal dan saldo belum kembali,Mobile Banking,ATM,negative
FB00304,Proses transaksi berjalan lancar dan cepat,Customer Service,ATM,positive
FB00991,Proses pengajuan kredit terlalu lama,Loan,Mobile App,negative
FB00556,Saya ingin informasi tentang produk tabungan,Customer Service,Mobile App,neutral
FB01925,Saya suka fitur mobile banking yang lengkap,ATM,Email,positive
FB00608,Aplikasi banking sering error saat saya gunakan,Savings,Call Center,negative
FB01619,Apa syarat pengajuan KPR,Transaction,ATM,neutral
FB00758,Saya ingin mengetahui limit kartu kredit,Transaction,Call Center,neutral
FB00439,Apa syarat pengajuan KPR,Card,ATM,neutral
FB00583,Pelayanan customer service sangat cepat dan membantu,Transaction,Call Center,positive
FB01519,Apa syarat pengajuan KPR,ATM,ATM,neutral
FB00528,Aplikasi banking sering error saat saya gunakan,Customer Service,Call Center,negative
FB00343,Pelayanan customer service sangat cepat dan membantu,ATM,Call Center,positive
FB01737,Bagaimana cara mengganti PIN kartu,Mobile Banking,Branch,neutral
FB00368,Aplikasi banking sering error saat saya gunakan,Loan,Call Center,negative
FB00186,Petugas bank ramah dan profesional,Loan,Mobile App,positive
FB01117,Bagaimana cara mengganti PIN kartu,Loan,Branch,neutral
FB01755,Saya tidak puas dengan pelayanan bank,Card,Email,negative
FB01426,Petugas bank ramah dan profesional,Card,Mobile App,positive
FB00301,Saya sangat puas dengan layanan bank ini,ATM,Mobile App,positive
FB01904,Proses transaksi berjalan lancar dan cepat,ATM,ATM,positive
FB00833,ATM sering tidak bisa digunakan,ATM,Call Center,negative
FB00544,Proses transaksi berjalan lancar dan cepat,Card,ATM,positive
FB01601,Saya sangat puas dengan layanan bank ini,Card,Mobile App,positive
FB00351,Proses pengajuan kredit terlalu lama,Mobile Banking,Mobile App,negative
FB01933,ATM sering tidak bisa digunakan,Mobile Banking,Call Center,negative
FB01511,Proses pengajuan kredit terlalu lama,Savings,Mobile App,negative
FB00979,Apa syarat pengajuan KPR,Savings,ATM,neutral
FB00176,Saya ingin informasi tentang produk tabungan,Mobile Banking,Mobile App,neutral
FB00483,Pelayanan customer service sangat cepat dan membantu,ATM,Call Center,positive
FB01413,ATM sering tidak bisa digunakan,Savings,Call Center,negative
FB01611,Proses pengajuan kredit terlalu lama,Mobile Banking,Mobile App,negative
FB00124,Proses transaksi berjalan lancar dan cepat,Card,ATM,positive
FB00600,Saya ingin mengetahui jam operasional cabang,Card,Email,neutral
FB01795,Saya tidak puas dengan pelayanan bank,Customer Service,Email,negative
FB01746,Petugas bank ramah dan profesional,Customer Service,Mobile App,positive
FB01379,Apa syarat pengajuan KPR,ATM,ATM,neutral
FB01186,Petugas bank ramah dan profesional,Customer Service,Mobile App,positive
FB00486,Petugas bank ramah dan profesional,Customer Service,Mobile App,positive
FB00332,Saya kecewa karena biaya administrasi terlalu tinggi,Customer Service,Branch,negative
FB00789,Transaksi saya gagal dan saldo belum kembali,Card,ATM,negative
FB00195,Saya tidak puas dengan pelayanan bank,Savings,Email,negative
FB00638,Saya ingin mengetahui limit kartu kredit,Mobile Banking,Call Center,neutral
FB00472,Saya kecewa karena biaya administrasi terlalu tinggi,Customer Service,Branch,negative
FB01714,Aplikasi sulit digunakan dan sering logout,Savings,ATM,negative
FB00323,Pelayanan customer service sangat cepat dan membantu,Mobile Banking,Call Center,positive
FB01197,Bagaimana cara mengganti PIN kartu,ATM,Branch,neutral
FB00267,Transfer berhasil tanpa masalah,Mobile Banking,Branch,positive
FB01544,Proses transaksi berjalan lancar dan cepat,Loan,ATM,positive
FB01804,Proses transaksi berjalan lancar dan cepat,Card,ATM,positive
FB00068,Aplikasi banking sering error saat saya gunakan,Card,Call Center,negative
FB01738,Saya ingin mengetahui limit kartu kredit,Transaction,Call Center,neutral
FB01593,ATM sering tidak bisa digunakan,Loan,Call Center,negative
FB01564,Proses transaksi berjalan lancar dan cepat,Customer Service,ATM,positive
FB00481,Saya sangat puas dengan layanan bank ini,Card,Mobile App,positive
FB01757,Bagaimana cara mengganti PIN kartu,ATM,Branch,neutral
FB01913,ATM sering tidak bisa digunakan,Transaction,Call Center,negative
FB01441,Saya sangat puas dengan layanan bank ini,Savings,Mobile App,positive
FB01461,Saya sangat puas dengan layanan bank ini,Card,Mobile App,positive
FB00888,Aplikasi banking sering error saat saya gunakan,Savings,Call Center,negative
FB00423,Pelayanan customer service sangat cepat dan membantu,Customer Service,Call Center,positive
FB01675,Saya tidak puas dengan pelayanan bank,Transaction,Email,negative
FB01450,Customer service lambat merespons keluhan saya,Mobile Banking,Email,negative
FB00765,Saya suka fitur mobile banking yang lengkap,Transaction,Email,positive
FB00520,Saya ingin mengetahui jam operasional cabang,Transaction,Email,neutral
FB01432,Saya kecewa karena biaya administrasi terlalu tinggi,Loan,Branch,negative
FB00614,Aplikasi sulit digunakan dan sering logout,Card,ATM,negative
FB01531,Proses pengajuan kredit terlalu lama,Card,Mobile App,negative
FB01783,Pelayanan customer service sangat cepat dan membantu,Card,Call Center,positive
FB01659,Apa syarat pengajuan KPR,ATM,ATM,neutral
FB00454,Aplikasi sulit digunakan dan sering logout,Savings,ATM,negative
FB00731,Proses pengajuan kredit terlalu lama,Customer Service,Mobile App,negative
FB00535,Saya tidak puas dengan pelayanan bank,Customer Service,Email,negative
FB00966,Petugas bank ramah dan profesional,ATM,Mobile App,positive
FB01285,Saya suka fitur mobile banking yang lengkap,Loan,Email,positive
FB01740,Saya ingin mengetahui jam operasional cabang,Loan,Email,neutral
FB00262,Aplikasi mobile banking sangat mudah digunakan,Customer Service,Branch,positive
FB00536,Saya ingin informasi tentang produk tabungan,Loan,Mobile App,neutral
FB00969,Transaksi saya gagal dan saldo belum kembali,Customer Service,ATM,negative
FB00241,Saya sangat puas dengan layanan bank ini,Customer Service,Mobile App,positive
FB00820,Saya ingin mengetahui jam operasional cabang,Mobile Banking,Email,neutral
FB00693,ATM sering tidak bisa digunakan,ATM,Call Center,negative
FB00421,Saya sangat puas dengan layanan bank ini,Mobile Banking,Mobile App,positive
FB01086,Petugas bank ramah dan profesional,Mobile Banking,Mobile App,positive
FB01999,Apa syarat pengajuan KPR,Loan,ATM,neutral
FB00366,Petugas bank ramah dan profesional,Transaction,Mobile App,positive
FB01023,Pelayanan customer service sangat cepat dan membantu,Mobile Banking,Call Center,positive
FB01241,Saya sangat puas dengan layanan bank ini,Transaction,Mobile App,positive
FB00589,Transaksi saya gagal dan saldo belum kembali,Mobile Banking,ATM,negative
FB00737,Bagaimana cara mengganti PIN kartu,Transaction,Branch,neutral
FB01762,Aplikasi mobile banking sangat mudah digunakan,Card,Branch,positive
FB00942,Aplikasi mobile banking sangat mudah digunakan,Loan,Branch,positive
FB00072,Saya kecewa karena biaya administrasi terlalu tinggi,Transaction,Branch,negative
FB01408,Aplikasi banking sering error saat saya gunakan,Mobile Banking,Call Center,negative
FB00260,Saya ingin mengetahui jam operasional cabang,Mobile Banking,Email,neutral
FB00052,Saya kecewa karena biaya administrasi terlalu tinggi,Customer Service,Branch,negative
FB00199,Apa syarat pengajuan KPR,Customer Service,ATM,neutral
FB01789,Transaksi saya gagal dan saldo belum kembali,Loan,ATM,negative
FB00651,Proses pengajuan kredit terlalu lama,ATM,Mobile App,negative
FB00333,ATM sering tidak bisa digunakan,Loan,Call Center,negative
FB01360,Saya ingin mengetahui jam operasional cabang,Transaction,Email,neutral
FB00594,Aplikasi sulit digunakan dan sering logout,Savings,ATM,negative
FB01392,Saya kecewa karena biaya administrasi terlalu tinggi,Savings,Branch,negative
FB01801,Saya sangat puas dengan layanan bank ini,Transaction,Mobile App,positive
FB01315,Saya tidak puas dengan pelayanan bank,Savings,Email,negative
FB01112,Saya kecewa karena biaya administrasi terlalu tinggi,Savings,Branch,negative
FB01007,Transfer berhasil tanpa masalah,Savings,Branch,positive
FB01327,Transfer berhasil tanpa masalah,Loan,Branch,positive
FB00427,Transfer berhasil tanpa masalah,ATM,Branch,positive
FB01559,Apa syarat pengajuan KPR,Card,ATM,neutral
FB01294,Aplikasi sulit digunakan dan sering logout,Savings,ATM,negative
FB00591,Proses pengajuan kredit terlalu lama,Customer Service,Mobile App,negative
FB01958,Saya ingin mengetahui limit kartu kredit,Card,Call Center,neutral
FB01977,Bagaimana cara mengganti PIN kartu,Customer Service,Branch,neutral
FB01133,ATM sering tidak bisa digunakan,Savings,Call Center,negative
FB00986,Petugas bank ramah dan profesional,Savings,Mobile App,positive
FB00399,Apa syarat pengajuan KPR,ATM,ATM,neutral
FB01512,Saya kecewa karena biaya administrasi terlalu tinggi,ATM,Branch,negative
FB00437,Bagaimana cara mengganti PIN kartu,Customer Service,Branch,neutral
FB00193,ATM sering tidak bisa digunakan,Loan,Call Center,negative
FB01436,Saya ingin informasi tentang produk tabungan,Mobile Banking,Mobile App,neutral
FB00615,Saya tidak puas dengan pelayanan bank,Savings,Email,negative
FB01494,Aplikasi sulit digunakan dan sering logout,Customer Service,ATM,negative
FB00577,Bagaimana cara mengganti PIN kartu,Customer Service,Branch,neutral
FB00987,Transfer berhasil tanpa masalah,ATM,Branch,positive
FB01433,ATM sering tidak bisa digunakan,Card,Call Center,negative
FB00707,Transfer berhasil tanpa masalah,ATM,Branch,positive
FB01259,Apa syarat pengajuan KPR,Savings,ATM,neutral
FB00142,Aplikasi mobile banking sangat mudah digunakan,Transaction,Branch,positive
FB01358,Saya ingin mengetahui limit kartu kredit,ATM,Call Center,neutral
FB00003,Pelayanan customer service sangat cepat dan membantu,Customer Service,Call Center,positive
FB01222,Aplikasi mobile banking sangat mudah digunakan,Loan,Branch,positive
FB01870,Customer service lambat merespons keluhan saya,Mobile Banking,Email,negative
FB01623,Pelayanan customer service sangat cepat dan membantu,Savings,Call Center,positive
FB00340,Saya ingin mengetahui jam operasional cabang,Loan,Email,neutral
FB01770,Customer service lambat merespons keluhan saya,Savings,Email,negative
FB01537,Bagaimana cara mengganti PIN kartu,Loan,Branch,neutral
FB00484,Proses transaksi berjalan lancar dan cepat,Mobile Banking,ATM,positive
FB00266,Petugas bank ramah dan profesional,ATM,Mobile App,positive
FB00377,Bagaimana cara mengganti PIN kartu,Savings,Branch,neutral
FB00742,Aplikasi mobile banking sangat mudah digunakan,ATM,Branch,positive
FB01014,Aplikasi sulit digunakan dan sering logout,Savings,ATM,negative
FB00440,Saya ingin mengetahui jam operasional cabang,Savings,Email,neutral
FB00272,Saya kecewa karena biaya administrasi terlalu tinggi,Savings,Branch,negative
FB00185,Saya suka fitur mobile banking yang lengkap,Customer Service,Email,positive
FB00940,Saya ingin mengetahui jam operasional cabang,Transaction,Email,neutral
FB00245,Saya suka fitur mobile banking yang lengkap,ATM,Email,positive
FB00932,Saya kecewa karena biaya administrasi terlalu tinggi,Mobile Banking,Branch,negative
FB00446,Petugas bank ramah dan profesional,Card,Mobile App,positive
FB00597,Bagaimana cara mengganti PIN kartu,Transaction,Branch,neutral
FB00818,Saya ingin mengetahui limit kartu kredit,Savings,Call Center,neutral
FB01273,ATM sering tidak bisa digunakan,Savings,Call Center,negative
FB01677,Bagaimana cara mengganti PIN kartu,Loan,Branch,neutral
FB00487,Transfer berhasil tanpa masalah,Loan,Branch,positive
FB00681,Saya sangat puas dengan layanan bank ini,Transaction,Mobile App,positive
FB00416,Saya ingin informasi tentang produk tabungan,Customer Service,Mobile App,neutral
FB00274,Aplikasi sulit digunakan dan sering logout,Mobile Banking,ATM,negative
FB01472,Saya kecewa karena biaya administrasi terlalu tinggi,Transaction,Branch,negative
FB01830,Customer service lambat merespons keluhan saya,Customer Service,Email,negative
FB01455,Saya tidak puas dengan pelayanan bank,Savings,Email,negative
FB00251,Proses pengajuan kredit terlalu lama,Savings,Mobile App,negative
FB00414,Aplikasi sulit digunakan dan sering logout,Mobile Banking,ATM,negative
FB01386,Petugas bank ramah dan profesional,ATM,Mobile App,positive
FB01308,Aplikasi banking sering error saat saya gunakan,Savings,Call Center,negative
FB00716,Saya ingin informasi tentang produk tabungan,Transaction,Mobile App,neutral
FB00311,Proses pengajuan kredit terlalu lama,Customer Service,Mobile App,negative
FB00927,Transfer berhasil tanpa masalah,Customer Service,Branch,positive
FB00382,Aplikasi mobile banking sangat mudah digunakan,Loan,Branch,positive
FB01566,Petugas bank ramah dan profesional,Card,Mobile App,positive
FB00426,Petugas bank ramah dan profesional,Savings,Mobile App,positive
FB01875,Saya tidak puas dengan pelayanan bank,Savings,Email,negative
FB00533,ATM sering tidak bisa digunakan,Mobile Banking,Call Center,negative
FB00753,ATM sering tidak bisa digunakan,Loan,Call Center,negative
FB00766,Petugas bank ramah dan profesional,Customer Service,Mobile App,positive
FB01357,Bagaimana cara mengganti PIN kartu,Savings,Branch,neutral
FB00409,Transaksi saya gagal dan saldo belum kembali,Customer Service,ATM,negative
FB01615,Saya tidak puas dengan pelayanan bank,Card,Email,negative
FB00695,Saya tidak puas dengan pelayanan bank,Transaction,Email,negative
FB01739,Apa syarat pengajuan KPR,Customer Service,ATM,neutral
FB00549,Transaksi saya gagal dan saldo belum kembali,Customer Service,ATM,negative
FB00937,Bagaimana cara mengganti PIN kartu,Savings,Branch,neutral
FB01390,Customer service lambat merespons keluhan saya,Loan,Email,negative
FB01608,Aplikasi banking sering error saat saya gunakan,Card,Call Center,negative
FB01940,Saya ingin mengetahui jam operasional cabang,Mobile Banking,Email,neutral
FB01482,Aplikasi mobile banking sangat mudah digunakan,Card,Branch,positive
FB00183,Pelayanan customer service sangat cepat dan membantu,Mobile Banking,Call Center,positive
FB01941,Saya sangat puas dengan layanan bank ini,Transaction,Mobile App,positive
FB01161,Saya sangat puas dengan layanan bank ini,Savings,Mobile App,positive
FB00171,Proses pengajuan kredit terlalu lama,Customer Service,Mobile App,negative
FB00293,ATM sering tidak bisa digunakan,Savings,Call Center,negative
FB00562,Aplikasi mobile banking sangat mudah digunakan,Transaction,Branch,positive
FB01457,Bagaimana cara mengganti PIN kartu,Mobile Banking,Branch,neutral
FB01877,Bagaimana cara mengganti PIN kartu,Mobile Banking,Branch,neutral
FB01652,Saya kecewa karena biaya administrasi terlalu tinggi,ATM,Branch,negative
FB00850,Customer service lambat merespons keluhan saya,Customer Service,Email,negative
FB00273,ATM sering tidak bisa digunakan,ATM,Call Center,negative
FB01550,Customer service lambat merespons keluhan saya,Customer Service,Email,negative
FB01035,Saya tidak puas dengan pelayanan bank,Savings,Email,negative
FB01744,Proses transaksi berjalan lancar dan cepat,Mobile Banking,ATM,positive
FB00372,Saya kecewa karena biaya administrasi terlalu tinggi,Mobile Banking,Branch,negative
FB01670,Customer service lambat merespons keluhan saya,Loan,Email,negative
FB00722,Aplikasi mobile banking sangat mudah digunakan,Mobile Banking,Branch,positive
FB00734,Aplikasi sulit digunakan dan sering logout,Savings,ATM,negative
FB00778,Saya ingin mengetahui limit kartu kredit,Mobile Banking,Call Center,neutral
FB00519,Apa syarat pengajuan KPR,Mobile Banking,ATM,neutral
FB00335,Saya tidak puas dengan pelayanan bank,Savings,Email,negative
FB00846,Petugas bank ramah dan profesional,Savings,Mobile App,positive
FB01252,Saya kecewa karena biaya administrasi terlalu tinggi,Savings,Branch,negative
FB01053,ATM sering tidak bisa digunakan,Customer Service,Call Center,negative
FB01924,Proses transaksi berjalan lancar dan cepat,Savings,ATM,positive
FB00016,Saya ingin informasi tentang produk tabungan,Transaction,Mobile App,neutral
FB00708,Aplikasi banking sering error saat saya gunakan,Mobile Banking,Call Center,negative
FB00901,Saya sangat puas dengan layanan bank ini,Card,Mobile App,positive
FB01980,Saya ingin mengetahui jam operasional cabang,Savings,Email,neutral
FB01573,ATM sering tidak bisa digunakan,Card,Call Center,negative
FB00904,Proses transaksi berjalan lancar dan cepat,Mobile Banking,ATM,positive
FB00466,Petugas bank ramah dan profesional,Loan,Mobile App,positive
FB01978,Saya ingin mengetahui limit kartu kredit,Loan,Call Center,neutral
FB00200,Saya ingin mengetahui jam operasional cabang,Loan,Email,neutral
FB01207,Transfer berhasil tanpa masalah,Customer Service,Branch,positive
FB01056,Saya ingin informasi tentang produk tabungan,Savings,Mobile App,neutral
FB01132,Saya kecewa karena biaya administrasi terlalu tinggi,Card,Branch,negative
FB01380,Saya ingin mengetahui jam operasional cabang,Mobile Banking,Email,neutral
FB00999,Apa syarat pengajuan KPR,Card,ATM,neutral
FB00728,Aplikasi banking sering error saat saya gunakan,ATM,Call Center,negative
FB01772,Saya kecewa karena biaya administrasi terlalu tinggi,Mobile Banking,Branch,negative
FB01910,Customer service lambat merespons keluhan saya,Savings,Email,negative
FB01822,Aplikasi mobile banking sangat mudah digunakan,Transaction,Branch,positive
FB00568,Aplikasi banking sering error saat saya gunakan,Mobile Banking,Call Center,negative
FB00044,Proses transaksi berjalan lancar dan cepat,Transaction,ATM,positive
FB00275,Saya tidak puas dengan pelayanan bank,Transaction,Email,negative
FB01097,Bagaimana cara mengganti PIN kartu,Card,Branch,neutral
FB00102,Aplikasi mobile banking sangat mudah digunakan,Loan,Branch,positive
FB01232,Saya kecewa karena biaya administrasi terlalu tinggi,ATM,Branch,negative
FB01722,Aplikasi mobile banking sangat mudah digunakan,ATM,Branch,positive
FB01833,ATM sering tidak bisa digunakan,Savings,Call Center,negative
FB00108,Aplikasi banking sering error saat saya gunakan,Customer Service,Call Center,negative
FB01618,Saya ingin mengetahui limit kartu kredit,Mobile Banking,Call Center,neutral
FB00498,Saya ingin mengetahui limit kartu kredit,Mobile Banking,Call Center,neutral
FB01981,Saya sangat puas dengan layanan bank ini,ATM,Mobile App,positive
FB00882,Aplikasi mobile banking sangat mudah digunakan,ATM,Branch,positive
FB00757,Bagaimana cara mengganti PIN kartu,Mobile Banking,Branch,neutral
FB00620,Saya ingin mengetahui jam operasional cabang,Loan,Email,neutral
FB01107,Transfer berhasil tanpa masalah,Mobile Banking,Branch,positive
FB01936,Saya ingin informasi tentang produk tabungan,Loan,Mobile App,neutral
FB00810,Customer service lambat merespons keluhan saya,Card,Email,negative
FB01038,Saya ingin mengetahui limit kartu kredit,Transaction,Call Center,neutral
FB00073,ATM sering tidak bisa digunakan,Customer Service,Call Center,negative
FB01284,Proses transaksi berjalan lancar dan cepat,Customer Service,ATM,positive
FB01272,Saya kecewa karena biaya administrasi terlalu tinggi,Card,Branch,negative
FB01335,Saya tidak puas dengan pelayanan bank,Card,Email,negative
FB01459,Apa syarat pengajuan KPR,Customer Service,ATM,neutral
FB00482,Aplikasi mobile banking sangat mudah digunakan,Savings,Branch,positive
FB01069,Transaksi saya gagal dan saldo belum kembali,Card,ATM,negative
FB00507,Transfer berhasil tanpa masalah,Customer Service,Branch,positive
FB01238,Saya ingin mengetahui limit kartu kredit,Savings,Call Center,neutral
FB01862,Aplikasi mobile banking sangat mudah digunakan,ATM,Branch,positive
FB01990,Customer service lambat merespons keluhan saya,Transaction,Email,negative
FB01477,Bagaimana cara mengganti PIN kartu,ATM,Branch,neutral
FB01867,Transfer berhasil tanpa masalah,Card,Branch,positive
FB01456,Saya ingin informasi tentang produk tabungan,ATM,Mobile App,neutral
FB00312,Saya kecewa karena biaya administrasi terlalu tinggi,Loan,Branch,negative
FB00963,Pelayanan customer service sangat cepat dan membantu,Loan,Call Center,positive
FB00406,Petugas bank ramah dan profesional,ATM,Mobile App,positive
FB01331,Proses pengajuan kredit terlalu lama,Mobile Banking,Mobile App,negative
FB01650,Customer service lambat merespons keluhan saya,Card,Email,negative
FB00310,Customer service lambat merespons keluhan saya,Transaction,Email,negative
FB00227,Transfer berhasil tanpa masalah,Customer Service,Branch,positive
FB01858,Saya ingin mengetahui limit kartu kredit,Customer Service,Call Center,neutral
FB00711,Proses pengajuan kredit terlalu lama,Loan,Mobile App,negative
FB01944,Proses transaksi berjalan lancar dan cepat,Card,ATM,positive
FB01384,Proses transaksi berjalan lancar dan cepat,Card,ATM,positive
FB01786,Petugas bank ramah dan profesional,Mobile Banking,Mobile App,positive
FB00149,Transaksi saya gagal dan saldo belum kembali,Transaction,ATM,negative
FB01555,Saya tidak puas dengan pelayanan bank,Mobile Banking,Email,negative
FB01957,Bagaimana cara mengganti PIN kartu,Loan,Branch,neutral
FB00926,Petugas bank ramah dan profesional,Transaction,Mobile App,positive
FB00943,Pelayanan customer service sangat cepat dan membantu,Card,Call Center,positive
FB00837,Bagaimana cara mengganti PIN kartu,Loan,Branch,neutral
FB00576,Saya ingin informasi tentang produk tabungan,Transaction,Mobile App,neutral
FB00558,Saya ingin mengetahui limit kartu kredit,Card,Call Center,neutral
FB01236,Saya ingin informasi tentang produk tabungan,Loan,Mobile App,neutral
FB01361,Saya sangat puas dengan layanan bank ini,Customer Service,Mobile App,positive
FB01348,Aplikasi banking sering error saat saya gunakan,Loan,Call Center,negative
FB01162,Aplikasi mobile banking sangat mudah digunakan,ATM,Branch,positive
FB01443,Pelayanan customer service sangat cepat dan membantu,Mobile Banking,Call Center,positive
FB00287,Transfer berhasil tanpa masalah,ATM,Branch,positive
FB01605,Saya suka fitur mobile banking yang lengkap,Transaction,Email,positive
FB01058,Saya ingin mengetahui limit kartu kredit,Mobile Banking,Call Center,neutral
FB00599,Apa syarat pengajuan KPR,Loan,ATM,neutral
FB00933,ATM sering tidak bisa digunakan,Transaction,Call Center,negative
FB01462,Aplikasi mobile banking sangat mudah digunakan,Savings,Branch,positive
FB01638,Saya ingin mengetahui limit kartu kredit,ATM,Call Center,neutral
FB01588,Aplikasi banking sering error saat saya gunakan,Savings,Call Center,negative
FB01041,Saya sangat puas dengan layanan bank ini,Card,Mobile App,positive
FB01231,Proses pengajuan kredit terlalu lama,Savings,Mobile App,negative
FB00807,Transfer berhasil tanpa masalah,Transaction,Branch,positive
FB00905,Saya suka fitur mobile banking yang lengkap,Transaction,Email,positive
FB01680,Saya ingin mengetahui jam operasional cabang,ATM,Email,neutral
FB01205,Saya suka fitur mobile banking yang lengkap,Mobile Banking,Email,positive
FB00768,Aplikasi banking sering error saat saya gunakan,Card,Call Center,negative
FB00610,Customer service lambat merespons keluhan saya,Mobile Banking,Email,negative
FB01993,ATM sering tidak bisa digunakan,Card,Call Center,negative
FB01565,Saya suka fitur mobile banking yang lengkap,Loan,Email,positive
FB01423,Pelayanan customer service sangat cepat dan membantu,Transaction,Call Center,positive
FB01011,Proses pengajuan kredit terlalu lama,Customer Service,Mobile App,negative
FB00494,Aplikasi sulit digunakan dan sering logout,Loan,ATM,negative
FB01321,Saya sangat puas dengan layanan bank ini,Card,Mobile App,positive
FB00278,Saya ingin mengetahui limit kartu kredit,Card,Call Center,neutral
FB01847,Transfer berhasil tanpa masalah,Savings,Branch,positive
FB00359,Apa syarat pengajuan KPR,Transaction,ATM,neutral
FB01111,Proses pengajuan kredit terlalu lama,Card,Mobile App,negative
FB00237,Bagaimana cara mengganti PIN kartu,Savings,Branch,neutral
FB00552,Saya kecewa karena biaya administrasi terlalu tinggi,Savings,Branch,negative
FB01868,Aplikasi banking sering error saat saya gunakan,Savings,Call Center,negative
FB01813,ATM sering tidak bisa digunakan,ATM,Call Center,negative
FB00209,Transaksi saya gagal dan saldo belum kembali,Savings,ATM,negative
FB01387,Transfer berhasil tanpa masalah,Mobile Banking,Branch,positive
FB01561,Saya sangat puas dengan layanan bank ini,ATM,Mobile App,positive
FB00059,Apa syarat pengajuan KPR,Customer Service,ATM,neutral
FB00632,Saya kecewa karena biaya administrasi terlalu tinggi,Transaction,Branch,negative
FB01962,Aplikasi mobile banking sangat mudah digunakan,Transaction,Branch,positive
FB01860,Saya ingin mengetahui jam operasional cabang,Card,Email,neutral
FB01817,Bagaimana cara mengganti PIN kartu,Loan,Branch,neutral
FB00364,Proses transaksi berjalan lancar dan cepat,ATM,ATM,positive
FB00506,Petugas bank ramah dan profesional,Transaction,Mobile App,positive
FB01166,Petugas bank ramah dan profesional,Loan,Mobile App,positive
FB01122,Aplikasi mobile banking sangat mudah digunakan,Transaction,Branch,positive
FB01630,Customer service lambat merespons keluhan saya,Savings,Email,negative
FB01217,Bagaimana cara mengganti PIN kartu,Savings,Branch,neutral
FB01152,Saya kecewa karena biaya administrasi terlalu tinggi,Loan,Branch,negative
FB01125,Saya suka fitur mobile banking yang lengkap,Card,Email,positive
FB01595,Saya tidak puas dengan pelayanan bank,Savings,Email,negative
FB00119,Apa syarat pengajuan KPR,ATM,ATM,neutral
FB01250,Customer service lambat merespons keluhan saya,Loan,Email,negative
FB01994,Aplikasi sulit digunakan dan sering logout,Savings,ATM,negative
FB00523,Pelayanan customer service sangat cepat dan membantu,Card,Call Center,positive
FB00514,Aplikasi sulit digunakan dan sering logout,Customer Service,ATM,negative
FB00082,Aplikasi mobile banking sangat mudah digunakan,Card,Branch,positive
FB00916,Saya ingin informasi tentang produk tabungan,Savings,Mobile App,neutral
FB01019,Apa syarat pengajuan KPR,Loan,ATM,neutral
FB00381,Saya sangat puas dengan layanan bank ini,Customer Service,Mobile App,positive
FB01030,Customer service lambat merespons keluhan saya,Mobile Banking,Email,negative
FB01689,Transaksi saya gagal dan saldo belum kembali,Transaction,ATM,negative
FB00085,Saya suka fitur mobile banking yang lengkap,Mobile Banking,Email,positive
FB01678,Saya ingin mengetahui limit kartu kredit,Card,Call Center,neutral
FB00330,Customer service lambat merespons keluhan saya,Mobile Banking,Email,negative
FB00007,Transfer berhasil tanpa masalah,ATM,Branch,positive
FB00746,Petugas bank ramah dan profesional,Loan,Mobile App,positive
FB01554,Aplikasi sulit digunakan dan sering logout,ATM,ATM,negative
FB00915,Saya tidak puas dengan pelayanan bank,Card,Email,negative
FB00874,Aplikasi sulit digunakan dan sering logout,Savings,ATM,negative
FB00452,Saya kecewa karena biaya administrasi terlalu tinggi,Loan,Branch,negative
FB00491,Proses pengajuan kredit terlalu lama,Mobile Banking,Mobile App,negative
FB01481,Saya sangat puas dengan layanan bank ini,Loan,Mobile App,positive
FB00288,Aplikasi banking sering error saat saya gunakan,Mobile Banking,Call Center,negative
FB00949,Transaksi saya gagal dan saldo belum kembali,Loan,ATM,negative
FB01986,Petugas bank ramah dan profesional,Card,Mobile App,positive
FB01369,Transaksi saya gagal dan saldo belum kembali,Loan,ATM,negative
FB01147,Transfer berhasil tanpa masalah,Savings,Branch,positive
FB00706,Petugas bank ramah dan profesional,Savings,Mobile App,positive
FB01727,Transfer berhasil tanpa masalah,Card,Branch,positive
FB01702,Aplikasi mobile banking sangat mudah digunakan,Mobile Banking,Branch,positive
FB01629,Transaksi saya gagal dan saldo belum kembali,Card,ATM,negative
FB01600,Saya ingin mengetahui jam operasional cabang,Loan,Email,neutral
FB01539,Apa syarat pengajuan KPR,Savings,ATM,neutral
FB01406,Petugas bank ramah dan profesional,Savings,Mobile App,positive
FB01651,Proses pengajuan kredit terlalu lama,Savings,Mobile App,negative
FB00328,Aplikasi banking sering error saat saya gunakan,Savings,Call Center,negative
FB00443,Pelayanan customer service sangat cepat dan membantu,Transaction,Call Center,positive
FB00775,Saya tidak puas dengan pelayanan bank,Card,Email,negative
FB01088,Aplikasi banking sering error saat saya gunakan,Customer Service,Call Center,negative
FB01221,Saya sangat puas dengan layanan bank ini,Customer Service,Mobile App,positive
FB01636,Saya ingin informasi tentang produk tabungan,Card,Mobile App,neutral
FB00178,Saya ingin mengetahui limit kartu kredit,Customer Service,Call Center,neutral
FB01323,Pelayanan customer service sangat cepat dan membantu,ATM,Call Center,positive
FB00705,Saya suka fitur mobile banking yang lengkap,Card,Email,positive
FB00087,Transfer berhasil tanpa masalah,Customer Service,Branch,positive
FB01884,Proses transaksi berjalan lancar dan cepat,Mobile Banking,ATM,positive
FB01948,Aplikasi banking sering error saat saya gunakan,Transaction,Call Center,negative
FB00458,Saya ingin mengetahui limit kartu kredit,Customer Service,Call Center,neutral
FB01829,Transaksi saya gagal dan saldo belum kembali,Transaction,ATM,negative
FB00055,Saya tidak puas dengan pelayanan bank,Savings,Email,negative
FB01502,Aplikasi mobile banking sangat mudah digunakan,Loan,Branch,positive
FB00644,Proses transaksi berjalan lancar dan cepat,ATM,ATM,positive
FB00678,Saya ingin mengetahui limit kartu kredit,Savings,Call Center,neutral
FB00222,Aplikasi mobile banking sangat mudah digunakan,Card,Branch,positive
FB00114,Aplikasi sulit digunakan dan sering logout,Transaction,ATM,negative
FB00983,Pelayanan customer service sangat cepat dan membantu,Customer Service,Call Center,positive
FB01229,Transaksi saya gagal dan saldo belum kembali,Loan,ATM,negative
FB01000,Saya ingin mengetahui jam operasional cabang,Savings,Email,neutral
FB00175,Saya tidak puas dengan pelayanan bank,ATM,Email,negative
FB00782,Aplikasi mobile banking sangat mudah digunakan,Card,Branch,positive
FB00590,Customer service lambat merespons keluhan saya,Transaction,Email,negative
FB01560,Saya ingin mengetahui jam operasional cabang,Savings,Email,neutral
FB00019,Apa syarat pengajuan KPR,Card,ATM,neutral
FB00424,Proses transaksi berjalan lancar dan cepat,Loan,ATM,positive
FB01344,Proses transaksi berjalan lancar dan cepat,ATM,ATM,positive
FB00286,Petugas bank ramah dan profesional,Savings,Mobile App,positive
FB01584,Proses transaksi berjalan lancar dan cepat,Transaction,ATM,positive
FB00429,Transaksi saya gagal dan saldo belum kembali,Transaction,ATM,negative
FB01510,Customer service lambat merespons keluhan saya,Card,Email,negative
FB01319,Apa syarat pengajuan KPR,Customer Service,ATM,neutral
FB00670,Customer service lambat merespons keluhan saya,Card,Email,negative
FB00032,Saya kecewa karena biaya administrasi terlalu tinggi,Loan,Branch,negative
FB00941,Saya sangat puas dengan layanan bank ini,Customer Service,Mobile App,positive
FB00723,Pelayanan customer service sangat cepat dan membantu,Transaction,Call Center,positive
FB00995,Saya tidak puas dengan pelayanan bank,Mobile Banking,Email,negative
FB00215,Saya tidak puas dengan pelayanan bank,Card,Email,negative
FB00814,Aplikasi sulit digunakan dan sering logout,Transaction,ATM,negative
FB00327,Transfer berhasil tanpa masalah,Card,Branch,positive
FB00561,Saya sangat puas dengan layanan bank ini,Mobile Banking,Mobile App,positive
FB01113,ATM sering tidak bisa digunakan,ATM,Call Center,negative
FB00701,Saya sangat puas dengan layanan bank ini,Mobile Banking,Mobile App,positive
FB01579,Apa syarat pengajuan KPR,Loan,ATM,neutral
FB01190,Customer service lambat merespons keluhan saya,ATM,Email,negative
FB00342,Aplikasi mobile banking sangat mudah digunakan,Savings,Branch,positive
FB00630,Customer service lambat merespons keluhan saya,ATM,Email,negative
FB00148,Aplikasi banking sering error saat saya gunakan,Mobile Banking,Call Center,negative
FB01310,Customer service lambat merespons keluhan saya,Mobile Banking,Email,negative
FB00361,Saya sangat puas dengan layanan bank ini,Loan,Mobile App,positive
FB00084,Proses transaksi berjalan lancar dan cepat,ATM,ATM,positive
FB00049,Transaksi saya gagal dan saldo belum kembali,ATM,ATM,negative
FB00469,Transaksi saya gagal dan saldo belum kembali,ATM,ATM,negative
FB00156,Saya ingin informasi tentang produk tabungan,Transaction,Mobile App,neutral
FB00773,ATM sering tidak bisa digunakan,Customer Service,Call Center,negative
FB01240,Saya ingin mengetahui jam operasional cabang,Mobile Banking,Email,neutral
FB01201,Saya sangat puas dengan layanan bank ini,Loan,Mobile App,positive
FB01403,Pelayanan customer service sangat cepat dan membantu,Customer Service,Call Center,positive
FB01203,Pelayanan customer service sangat cepat dan membantu,Savings,Call Center,positive
FB01631,Proses pengajuan kredit terlalu lama,ATM,Mobile App,negative
FB00501,Saya sangat puas dengan layanan bank ini,Loan,Mobile App,positive
FB01765,Saya suka fitur mobile banking yang lengkap,Mobile Banking,Email,positive
FB00180,Saya ingin mengetahui jam operasional cabang,Card,Email,neutral
FB01048,Aplikasi banking sering error saat saya gunakan,Card,Call Center,negative
FB01756,Saya ingin informasi tentang produk tabungan,Savings,Mobile App,neutral
FB00951,Proses pengajuan kredit terlalu lama,Savings,Mobile App,negative
FB01317,Bagaimana cara mengganti PIN kartu,Mobile Banking,Branch,neutral
FB01620,Saya ingin mengetahui jam operasional cabang,Customer Service,Email,neutral
FB00529,Transaksi saya gagal dan saldo belum kembali,Loan,ATM,negative
FB00347,Transfer berhasil tanpa masalah,Loan,Branch,positive
FB01388,Aplikasi banking sering error saat saya gunakan,Transaction,Call Center,negative
FB01961,Saya sangat puas dengan layanan bank ini,Mobile Banking,Mobile App,positive
FB01051,Proses pengajuan kredit terlalu lama,Mobile Banking,Mobile App,negative
FB01973,ATM sering tidak bisa digunakan,Savings,Call Center,negative
FB01442,Aplikasi mobile banking sangat mudah digunakan,ATM,Branch,positive
FB00602,Aplikasi mobile banking sangat mudah digunakan,ATM,Branch,positive
FB01282,Aplikasi mobile banking sangat mudah digunakan,Mobile Banking,Branch,positive
FB00244,Proses transaksi berjalan lancar dan cepat,Savings,ATM,positive
FB01337,Bagaimana cara mengganti PIN kartu,ATM,Branch,neutral
FB01068,Aplikasi banking sering error saat saya gunakan,Loan,Call Center,negative
FB01476,Saya ingin informasi tentang produk tabungan,Savings,Mobile App,neutral
FB00313,ATM sering tidak bisa digunakan,Card,Call Center,negative
FB00436,Saya ingin informasi tentang produk tabungan,Transaction,Mobile App,neutral
FB01899,Apa syarat pengajuan KPR,Transaction,ATM,neutral
FB01329,Transaksi saya gagal dan saldo belum kembali,Savings,ATM,negative
FB00309,Transaksi saya gagal dan saldo belum kembali,Mobile Banking,ATM,negative
FB00431,Proses pengajuan kredit terlalu lama,Loan,Mobile App,negative
FB00661,Saya sangat puas dengan layanan bank ini,Customer Service,Mobile App,positive
FB00371,Proses pengajuan kredit terlalu lama,ATM,Mobile App,negative
FB00567,Transfer berhasil tanpa masalah,ATM,Branch,positive
FB00980,Saya ingin mengetahui jam operasional cabang,ATM,Email,neutral
FB00182,Aplikasi mobile banking sangat mudah digunakan,ATM,Branch,positive
FB01363,Pelayanan customer service sangat cepat dan membantu,Card,Call Center,positive
FB00622,Aplikasi mobile banking sangat mudah digunakan,Savings,Branch,positive
FB00819,Apa syarat pengajuan KPR,ATM,ATM,neutral
FB01193,ATM sering tidak bisa digunakan,Customer Service,Call Center,negative
FB00953,ATM sering tidak bisa digunakan,Mobile Banking,Call Center,negative
FB01422,Aplikasi mobile banking sangat mudah digunakan,Mobile Banking,Branch,positive
FB01841,Saya sangat puas dengan layanan bank ini,ATM,Mobile App,positive
FB00923,Pelayanan customer service sangat cepat dan membantu,Savings,Call Center,positive
FB01074,Aplikasi sulit digunakan dan sering logout,Customer Service,ATM,negative
FB00297,Bagaimana cara mengganti PIN kartu,Customer Service,Branch,neutral
FB00967,Transfer berhasil tanpa masalah,Mobile Banking,Branch,positive
FB00462,Aplikasi mobile banking sangat mudah digunakan,ATM,Branch,positive
FB01303,Pelayanan customer service sangat cepat dan membantu,Mobile Banking,Call Center,positive
FB01177,Bagaimana cara mengganti PIN kartu,Mobile Banking,Branch,neutral
FB00378,Saya ingin mengetahui limit kartu kredit,ATM,Call Center,neutral
FB00799,Apa syarat pengajuan KPR,Mobile Banking,ATM,neutral
FB01103,Pelayanan customer service sangat cepat dan membantu,Loan,Call Center,positive
FB00106,Petugas bank ramah dan profesional,Mobile Banking,Mobile App,positive
FB00127,Transfer berhasil tanpa masalah,Mobile Banking,Branch,positive
FB01996,Saya ingin informasi tentang produk tabungan,Mobile Banking,Mobile App,neutral
FB00839,Apa syarat pengajuan KPR,Savings,ATM,neutral
FB00356,Saya ingin informasi tentang produk tabungan,Savings,Mobile App,neutral
FB01617,Bagaimana cara mengganti PIN kartu,ATM,Branch,neutral
FB00683,Pelayanan customer service sangat cepat dan membantu,Loan,Call Center,positive
FB00813,ATM sering tidak bisa digunakan,Mobile Banking,Call Center,negative
FB01681,Saya sangat puas dengan layanan bank ini,Mobile Banking,Mobile App,positive
FB00210,Customer service lambat merespons keluhan saya,ATM,Email,negative
FB01493,ATM sering tidak bisa digunakan,Transaction,Call Center,negative
FB00141,Saya sangat puas dengan layanan bank ini,Mobile Banking,Mobile App,positive
FB01975,Saya tidak puas dengan pelayanan bank,Mobile Banking,Email,negative
FB01340,Saya ingin mengetahui jam operasional cabang,Customer Service,Email,neutral
FB01798,Saya ingin mengetahui limit kartu kredit,Savings,Call Center,neutral
FB01575,Saya tidak puas dengan pelayanan bank,ATM,Email,negative
FB01182,Aplikasi mobile banking sangat mudah digunakan,Savings,Branch,positive
FB01394,Aplikasi sulit digunakan dan sering logout,Mobile Banking,ATM,negative
FB01816,Saya ingin informasi tentang produk tabungan,Customer Service,Mobile App,neutral
FB00712,Saya kecewa karena biaya administrasi terlalu tinggi,Card,Branch,negative
FB01794,Aplikasi sulit digunakan dan sering logout,Transaction,ATM,negative
FB00893,ATM sering tidak bisa digunakan,Loan,Call Center,negative
FB00860,Saya ingin mengetahui jam operasional cabang,Savings,Email,neutral
FB00011,Proses pengajuan kredit terlalu lama,Loan,Mobile App,negative
FB01695,Saya tidak puas dengan pelayanan bank,Mobile Banking,Email,negative
FB01428,Aplikasi banking sering error saat saya gunakan,ATM,Call Center,negative
FB00283,Pelayanan customer service sangat cepat dan membantu,Customer Service,Call Center,positive
FB00811,Proses pengajuan kredit terlalu lama,Savings,Mobile App,negative
FB01342,Aplikasi mobile banking sangat mudah digunakan,Card,Branch,positive
FB00292,Saya kecewa karena biaya administrasi terlalu tinggi,Card,Branch,negative
FB00755,Saya tidak puas dengan pelayanan bank,Savings,Email,negative
FB00627,Transfer berhasil tanpa masalah,Loan,Branch,positive
FB00944,Proses transaksi berjalan lancar dan cepat,Savings,ATM,positive
FB00862,Aplikasi mobile banking sangat mudah digunakan,Mobile Banking,Branch,positive
FB00130,Customer service lambat merespons keluhan saya,Loan,Email,negative
FB01176,Saya ingin informasi tentang produk tabungan,ATM,Mobile App,neutral
FB00324,Proses transaksi berjalan lancar dan cepat,Transaction,ATM,positive
FB01091,Proses pengajuan kredit terlalu lama,Savings,Mobile App,negative
FB00844,Proses transaksi berjalan lancar dan cepat,Loan,ATM,positive
FB00964,Proses transaksi berjalan lancar dan cepat,Card,ATM,positive
FB01865,Saya suka fitur mobile banking yang lengkap,Customer Service,Email,positive
FB00866,Petugas bank ramah dan profesional,Card,Mobile App,positive
FB00922,Aplikasi mobile banking sangat mudah digunakan,Card,Branch,positive
FB00696,Saya ingin informasi tentang produk tabungan,Customer Service,Mobile App,neutral
FB00216,Saya ingin informasi tentang produk tabungan,Savings,Mobile App,neutral
FB01781,Saya sangat puas dengan layanan bank ini,Customer Service,Mobile App,positive
FB01262,Aplikasi mobile banking sangat mudah digunakan,Transaction,Branch,positive
FB00159,Apa syarat pengajuan KPR,Card,ATM,neutral
FB01059,Apa syarat pengajuan KPR,Transaction,ATM,neutral
FB00989,Transaksi saya gagal dan saldo belum kembali,Transaction,ATM,negative
FB00842,Aplikasi mobile banking sangat mudah digunakan,Transaction,Branch,positive
FB00635,Saya tidak puas dengan pelayanan bank,Card,Email,negative
FB00517,Bagaimana cara mengganti PIN kartu,Savings,Branch,neutral
FB01429,Transaksi saya gagal dan saldo belum kembali,Mobile Banking,ATM,negative
FB01748,Aplikasi banking sering error saat saya gunakan,Card,Call Center,negative
FB00598,Saya ingin mengetahui limit kartu kredit,Customer Service,Call Center,neutral
FB00196,Saya ingin informasi tentang produk tabungan,ATM,Mobile App,neutral
FB01784,Proses transaksi berjalan lancar dan cepat,Savings,ATM,positive
FB00870,Customer service lambat merespons keluhan saya,Transaction,Email,negative
FB00411,Proses pengajuan kredit terlalu lama,Card,Mobile App,negative
FB00097,Bagaimana cara mengganti PIN kartu,Savings,Branch,neutral
FB01001,Saya sangat puas dengan layanan bank ini,ATM,Mobile App,positive
FB01506,Petugas bank ramah dan profesional,Mobile Banking,Mobile App,positive
FB00157,Bagaimana cara mengganti PIN kartu,Customer Service,Branch,neutral
FB00420,Saya ingin mengetahui jam operasional cabang,ATM,Email,neutral
FB01803,Pelayanan customer service sangat cepat dan membantu,Loan,Call Center,positive
FB00478,Saya ingin mengetahui limit kartu kredit,Transaction,Call Center,neutral
FB01856,Saya ingin informasi tentang produk tabungan,Mobile Banking,Mobile App,neutral
FB00669,Transaksi saya gagal dan saldo belum kembali,Loan,ATM,negative
FB01418,Saya ingin mengetahui limit kartu kredit,Loan,Call Center,neutral
FB01872,Saya kecewa karena biaya administrasi terlalu tinggi,Customer Service,Branch,negative
FB01300,Saya ingin mengetahui jam operasional cabang,Card,Email,neutral
FB00448,Aplikasi banking sering error saat saya gunakan,ATM,Call Center,negative
FB00554,Aplikasi sulit digunakan dan sering logout,Mobile Banking,ATM,negative
FB00179,Apa syarat pengajuan KPR,Loan,ATM,neutral
FB00391,Proses pengajuan kredit terlalu lama,Savings,Mobile App,negative
FB00579,Apa syarat pengajuan KPR,Card,ATM,neutral
FB01478,Saya ingin mengetahui limit kartu kredit,Mobile Banking,Call Center,neutral
FB01707,Transfer berhasil tanpa masalah,Savings,Branch,positive
FB01288,Aplikasi banking sering error saat saya gunakan,ATM,Call Center,negative
FB01645,Saya suka fitur mobile banking yang lengkap,ATM,Email,positive
FB01024,Proses transaksi berjalan lancar dan cepat,Transaction,ATM,positive
FB00821,Saya sangat puas dengan layanan bank ini,Transaction,Mobile App,positive
FB01825,Saya suka fitur mobile banking yang lengkap,Card,Email,positive
FB00985,Saya suka fitur mobile banking yang lengkap,Card,Email,positive
FB01339,Apa syarat pengajuan KPR,Transaction,ATM,neutral
FB00665,Saya suka fitur mobile banking yang lengkap,ATM,Email,positive
FB00143,Pelayanan customer service sangat cepat dan membantu,Customer Service,Call Center,positive
FB01517,Bagaimana cara mengganti PIN kartu,Card,Branch,neutral
FB01430,Customer service lambat merespons keluhan saya,Transaction,Email,negative
FB00865,Saya suka fitur mobile banking yang lengkap,Loan,Email,positive
FB00422,Aplikasi mobile banking sangat mudah digunakan,Transaction,Branch,positive
FB00637,Bagaimana cara mengganti PIN kartu,ATM,Branch,neutral
FB01407,Transfer berhasil tanpa masalah,ATM,Branch,positive
FB00800,Saya ingin mengetahui jam operasional cabang,Transaction,Email,neutral
FB01404,Proses transaksi berjalan lancar dan cepat,Loan,ATM,positive
FB00616,Saya ingin informasi tentang produk tabungan,ATM,Mobile App,neutral
FB00295,Saya tidak puas dengan pelayanan bank,Mobile Banking,Email,negative
FB00924,Proses transaksi berjalan lancar dan cepat,ATM,ATM,positive
FB01269,Transaksi saya gagal dan saldo belum kembali,Transaction,ATM,negative
FB01903,Pelayanan customer service sangat cepat dan membantu,Savings,Call Center,positive
FB00089,Transaksi saya gagal dan saldo belum kembali,Card,ATM,negative
FB00042,Aplikasi mobile banking sangat mudah digunakan,ATM,Branch,positive
FB01802,Aplikasi mobile banking sangat mudah digunakan,Customer Service,Branch,positive
FB01934,Aplikasi sulit digunakan dan sering logout,Transaction,ATM,negative
FB00132,Saya kecewa karena biaya administrasi terlalu tinggi,Savings,Branch,negative
FB01002,Aplikasi mobile banking sangat mudah digunakan,Mobile Banking,Branch,positive
FB01158,Saya ingin mengetahui limit kartu kredit,Customer Service,Call Center,neutral
FB01095,Saya tidak puas dengan pelayanan bank,Customer Service,Email,negative
FB01855,Saya tidak puas dengan pelayanan bank,ATM,Email,negative
FB01345,Saya suka fitur mobile banking yang lengkap,Mobile Banking,Email,positive
FB01499,Apa syarat pengajuan KPR,Mobile Banking,ATM,neutral
FB00165,Saya suka fitur mobile banking yang lengkap,Loan,Email,positive
FB00725,Saya suka fitur mobile banking yang lengkap,Loan,Email,positive
FB00291,Proses pengajuan kredit terlalu lama,Loan,Mobile App,negative
FB01209,Transaksi saya gagal dan saldo belum kembali,Card,ATM,negative
FB01589,Transaksi saya gagal dan saldo belum kembali,ATM,ATM,negative
FB01897,Bagaimana cara mengganti PIN kartu,ATM,Branch,neutral
FB01642,Aplikasi mobile banking sangat mudah digunakan,Loan,Branch,positive
FB01362,Aplikasi mobile banking sangat mudah digunakan,Loan,Branch,positive
FB00779,Apa syarat pengajuan KPR,Transaction,ATM,neutral
FB00840,Saya ingin mengetahui jam operasional cabang,ATM,Email,neutral
FB00349,Transaksi saya gagal dan saldo belum kembali,Savings,ATM,negative
FB01945,Saya suka fitur mobile banking yang lengkap,Savings,Email,positive
FB00572,Saya kecewa karena biaya administrasi terlalu tinggi,Card,Branch,negative
FB00918,Saya ingin mengetahui limit kartu kredit,Mobile Banking,Call Center,neutral
FB00977,Bagaimana cara mengganti PIN kartu,Loan,Branch,neutral
FB01914,Aplikasi sulit digunakan dan sering logout,Customer Service,ATM,negative
FB01469,Transaksi saya gagal dan saldo belum kembali,Savings,ATM,negative
FB01592,Saya kecewa karena biaya administrasi terlalu tinggi,Customer Service,Branch,negative
FB01318,Saya ingin mengetahui limit kartu kredit,Transaction,Call Center,neutral
FB01845,Saya suka fitur mobile banking yang lengkap,Loan,Email,positive
FB00137,Bagaimana cara mengganti PIN kartu,Loan,Branch,neutral
FB00459,Apa syarat pengajuan KPR,Loan,ATM,neutral
FB00376,Saya ingin informasi tentang produk tabungan,Card,Mobile App,neutral
FB01343,Pelayanan customer service sangat cepat dan membantu,Savings,Call Center,positive
FB00334,Aplikasi sulit digunakan dan sering logout,Card,ATM,negative
FB01160,Saya ingin mengetahui jam operasional cabang,Card,Email,neutral
FB01761,Saya sangat puas dengan layanan bank ini,Loan,Mobile App,positive
FB01458,Saya ingin mengetahui limit kartu kredit,Transaction,Call Center,neutral
FB00817,Bagaimana cara mengganti PIN kartu,Card,Branch,neutral
FB01115,Saya tidak puas dengan pelayanan bank,Transaction,Email,negative
FB01006,Petugas bank ramah dan profesional,Card,Mobile App,positive
FB01857,Bagaimana cara mengganti PIN kartu,Transaction,Branch,neutral
FB01955,Saya tidak puas dengan pelayanan bank,Transaction,Email,negative
FB01851,Proses pengajuan kredit terlalu lama,Customer Service,Mobile App,negative
FB00911,Proses pengajuan kredit terlalu lama,Mobile Banking,Mobile App,negative
FB01930,Customer service lambat merespons keluhan saya,Card,Email,negative
FB01126,Petugas bank ramah dan profesional,Savings,Mobile App,positive
FB00329,Transaksi saya gagal dan saldo belum kembali,ATM,ATM,negative
FB01248,Aplikasi banking sering error saat saya gunakan,Transaction,Call Center,negative
FB00319,Apa syarat pengajuan KPR,Loan,ATM,neutral
FB01690,Customer service lambat merespons keluhan saya,Customer Service,Email,negative
FB01359,Apa syarat pengajuan KPR,Mobile Banking,ATM,neutral
FB01733,ATM sering tidak bisa digunakan,Loan,Call Center,negative
FB00168,Aplikasi banking sering error saat saya gunakan,ATM,Call Center,negative
FB00013,ATM sering tidak bisa digunakan,Savings,Call Center,negative
FB01927,Transfer berhasil tanpa masalah,Transaction,Branch,positive
FB00172,Saya kecewa karena biaya administrasi terlalu tinggi,Loan,Branch,negative
FB00650,Customer service lambat merespons keluhan saya,Savings,Email,negative
FB01062,Aplikasi mobile banking sangat mudah digunakan,Card,Branch,positive
FB00261,Saya sangat puas dengan layanan bank ini,Transaction,Mobile App,positive
FB01367,Transfer berhasil tanpa masalah,Transaction,Branch,positive
FB01549,Transaksi saya gagal dan saldo belum kembali,Transaction,ATM,negative
FB00902,Aplikasi mobile banking sangat mudah digunakan,Savings,Branch,positive
FB00673,ATM sering tidak bisa digunakan,Mobile Banking,Call Center,negative
FB00259,Apa syarat pengajuan KPR,ATM,ATM,neutral
FB00845,Saya suka fitur mobile banking yang lengkap,Card,Email,positive
FB00868,Aplikasi banking sering error saat saya gunakan,ATM,Call Center,negative
FB01800,Saya ingin mengetahui jam operasional cabang,Mobile Banking,Email,neutral
FB00139,Apa syarat pengajuan KPR,Savings,ATM,neutral
FB00894,Aplikasi sulit digunakan dan sering logout,Card,ATM,negative
FB01838,Saya ingin mengetahui limit kartu kredit,Loan,Call Center,neutral
FB00550,Customer service lambat merespons keluhan saya,Loan,Email,negative
FB00320,Saya ingin mengetahui jam operasional cabang,Card,Email,neutral
FB01527,Transfer berhasil tanpa masalah,Mobile Banking,Branch,positive
FB01806,Petugas bank ramah dan profesional,ATM,Mobile App,positive
FB01178,Saya ingin mengetahui limit kartu kredit,Transaction,Call Center,neutral
FB00559,Apa syarat pengajuan KPR,Savings,ATM,neutral
FB00140,Saya ingin mengetahui jam operasional cabang,ATM,Email,neutral
FB01735,Saya tidak puas dengan pelayanan bank,Savings,Email,negative
FB00532,Saya kecewa karena biaya administrasi terlalu tinggi,ATM,Branch,negative
FB00225,Saya suka fitur mobile banking yang lengkap,Mobile Banking,Email,positive
FB00724,Proses transaksi berjalan lancar dan cepat,Customer Service,ATM,positive
FB00787,Transfer berhasil tanpa masalah,Customer Service,Branch,positive
FB01718,Saya ingin mengetahui limit kartu kredit,Customer Service,Call Center,neutral
FB01008,Aplikasi banking sering error saat saya gunakan,ATM,Call Center,negative
FB00410,Customer service lambat merespons keluhan saya,Loan,Email,negative
FB00326,Petugas bank ramah dan profesional,Loan,Mobile App,positive
FB01766,Petugas bank ramah dan profesional,Transaction,Mobile App,positive
FB00300,Saya ingin mengetahui jam operasional cabang,Savings,Email,neutral
FB01263,Pelayanan customer service sangat cepat dan membantu,Customer Service,Call Center,positive
FB01946,Petugas bank ramah dan profesional,ATM,Mobile App,positive
FB00026,Petugas bank ramah dan profesional,Card,Mobile App,positive
FB01859,Apa syarat pengajuan KPR,Loan,ATM,neutral
FB00715,Saya tidak puas dengan pelayanan bank,Mobile Banking,Email,negative
FB01010,Customer service lambat merespons keluhan saya,Transaction,Email,negative
FB00194,Aplikasi sulit digunakan dan sering logout,Card,ATM,negative
FB00441,Saya sangat puas dengan layanan bank ini,ATM,Mobile App,positive
FB00574,Aplikasi sulit digunakan dan sering logout,ATM,ATM,negative
FB00947,Transfer berhasil tanpa masalah,Transaction,Branch,positive
FB00998,Saya ingin mengetahui limit kartu kredit,Loan,Call Center,neutral
FB00504,Proses transaksi berjalan lancar dan cepat,ATM,ATM,positive
FB00606,Petugas bank ramah dan profesional,Loan,Mobile App,positive
FB01717,Bagaimana cara mengganti PIN kartu,Transaction,Branch,neutral
FB01164,Proses transaksi berjalan lancar dan cepat,Transaction,ATM,positive
FB01787,Transfer berhasil tanpa masalah,Transaction,Branch,positive
FB00847,Transfer berhasil tanpa masalah,ATM,Branch,positive
FB00004,Proses transaksi berjalan lancar dan cepat,Loan,ATM,positive
FB01287,Transfer berhasil tanpa masalah,Savings,Branch,positive
FB01223,Pelayanan customer service sangat cepat dan membantu,Card,Call Center,positive
FB00468,Aplikasi banking sering error saat saya gunakan,Savings,Call Center,negative
FB00322,Aplikasi mobile banking sangat mudah digunakan,ATM,Branch,positive
FB00006,Petugas bank ramah dan profesional,Savings,Mobile App,positive
FB00223,Pelayanan customer service sangat cepat dan membantu,Savings,Call Center,positive
FB01375,Saya tidak puas dengan pelayanan bank,Customer Service,Email,negative
FB00548,Aplikasi banking sering error saat saya gunakan,Transaction,Call Center,negative
FB00229,Transaksi saya gagal dan saldo belum kembali,Card,ATM,negative
FB00040,Saya ingin mengetahui jam operasional cabang,Card,Email,neutral
FB00543,Pelayanan customer service sangat cepat dan membantu,Loan,Call Center,positive
FB00243,Pelayanan customer service sangat cepat dan membantu,Card,Call Center,positive
FB00899,Apa syarat pengajuan KPR,Customer Service,ATM,neutral
FB01134,Aplikasi sulit digunakan dan sering logout,ATM,ATM,negative
FB01449,Transaksi saya gagal dan saldo belum kembali,ATM,ATM,negative
FB01869,Transaksi saya gagal dan saldo belum kembali,ATM,ATM,negative
FB00843,Pelayanan customer service sangat cepat dan membantu,Customer Service,Call Center,positive
FB01419,Apa syarat pengajuan KPR,Card,ATM,neutral
FB01654,Aplikasi sulit digunakan dan sering logout,Transaction,ATM,negative
FB01970,Customer service lambat merespons keluhan saya,Customer Service,Email,negative
FB00662,Aplikasi mobile banking sangat mudah digunakan,Loan,Branch,positive
FB01211,Proses pengajuan kredit terlalu lama,ATM,Mobile App,negative
FB00315,Saya tidak puas dengan pelayanan bank,ATM,Email,negative
FB00692,Saya kecewa karena biaya administrasi terlalu tinggi,Savings,Branch,negative
FB01504,Proses transaksi berjalan lancar dan cepat,Savings,ATM,positive
FB00425,Saya suka fitur mobile banking yang lengkap,Card,Email,positive
FB00595,Saya tidak puas dengan pelayanan bank,ATM,Email,negative
FB01964,Proses transaksi berjalan lancar dan cepat,Loan,ATM,positive
FB00623,Pelayanan customer service sangat cepat dan membantu,ATM,Call Center,positive
FB01171,Proses pengajuan kredit terlalu lama,Transaction,Mobile App,negative
FB01044,Proses transaksi berjalan lancar dan cepat,Mobile Banking,ATM,positive
FB00228,Aplikasi banking sering error saat saya gunakan,Loan,Call Center,negative
FB01118,Saya ingin mengetahui limit kartu kredit,Card,Call Center,neutral
FB01332,Saya kecewa karena biaya administrasi terlalu tinggi,Transaction,Branch,negative
FB01316,Saya ingin informasi tentang produk tabungan,ATM,Mobile App,neutral
FB00067,Transfer berhasil tanpa masalah,Loan,Branch,positive
FB00025,Saya suka fitur mobile banking yang lengkap,Loan,Email,positive
FB00145,Saya suka fitur mobile banking yang lengkap,Card,Email,positive
FB00537,Bagaimana cara mengganti PIN kartu,Card,Branch,neutral
FB00812,Saya kecewa karena biaya administrasi terlalu tinggi,ATM,Branch,negative
FB01467,Transfer berhasil tanpa masalah,Loan,Branch,positive
FB00086,Petugas bank ramah dan profesional,Transaction,Mobile App,positive
FB01661,Saya sangat puas dengan layanan bank ini,Transaction,Mobile App,positive
FB01646,Petugas bank ramah dan profesional,Mobile Banking,Mobile App,positive
FB01805,Saya suka fitur mobile banking yang lengkap,Savings,Email,positive
FB01818,Saya ingin mengetahui limit kartu kredit,Card,Call Center,neutral
FB01577,Bagaimana cara mengganti PIN kartu,Transaction,Branch,neutral
FB01145,Saya suka fitur mobile banking yang lengkap,Loan,Email,positive
FB00363,Pelayanan customer service sangat cepat dan membantu,Savings,Call Center,positive
FB01612,Saya kecewa karena biaya administrasi terlalu tinggi,Transaction,Branch,negative
FB01866,Petugas bank ramah dan profesional,Loan,Mobile App,positive
FB01027,Transfer berhasil tanpa masalah,Card,Branch,positive
FB01031,Proses pengajuan kredit terlalu lama,Transaction,Mobile App,negative
FB01304,Proses transaksi berjalan lancar dan cepat,Transaction,ATM,positive
FB01356,Saya ingin informasi tentang produk tabungan,Card,Mobile App,neutral
FB01731,Proses pengajuan kredit terlalu lama,Transaction,Mobile App,negative
FB00666,Petugas bank ramah dan profesional,Mobile Banking,Mobile App,positive
FB00365,Saya suka fitur mobile banking yang lengkap,Mobile Banking,Email,positive
FB00078,Saya ingin mengetahui limit kartu kredit,Mobile Banking,Call Center,neutral
FB00028,Aplikasi banking sering error saat saya gunakan,ATM,Call Center,negative
FB01437,Bagaimana cara mengganti PIN kartu,Transaction,Branch,neutral
FB00526,Petugas bank ramah dan profesional,Mobile Banking,Mobile App,positive
FB01835,Saya tidak puas dengan pelayanan bank,Mobile Banking,Email,negative
FB00056,Saya ingin informasi tentang produk tabungan,ATM,Mobile App,neutral
FB00639,Apa syarat pengajuan KPR,Transaction,ATM,neutral
FB00303,Pelayanan customer service sangat cepat dan membantu,Transaction,Call Center,positive
FB00719,Apa syarat pengajuan KPR,Card,ATM,neutral
FB00625,Saya suka fitur mobile banking yang lengkap,Transaction,Email,positive
FB00008,Aplikasi banking sering error saat saya gunakan,Mobile Banking,Call Center,negative
FB00804,Proses transaksi berjalan lancar dan cepat,Savings,ATM,positive
FB01050,Customer service lambat merespons keluhan saya,ATM,Email,negative
FB00337,Bagaimana cara mengganti PIN kartu,Mobile Banking,Branch,neutral
FB00048,Aplikasi banking sering error saat saya gunakan,Savings,Call Center,negative
FB01764,Proses transaksi berjalan lancar dan cepat,ATM,ATM,positive
FB00107,Transfer berhasil tanpa masalah,Transaction,Branch,positive
FB00350,Customer service lambat merespons keluhan saya,ATM,Email,negative
FB01080,Saya ingin mengetahui jam operasional cabang,Transaction,Email,neutral
FB00239,Apa syarat pengajuan KPR,Mobile Banking,ATM,neutral
FB00214,Aplikasi sulit digunakan dan sering logout,Loan,ATM,negative
FB01776,Saya ingin informasi tentang produk tabungan,Card,Mobile App,neutral
FB01139,Apa syarat pengajuan KPR,Card,ATM,neutral
FB00794,Aplikasi sulit digunakan dan sering logout,Customer Service,ATM,negative
FB01587,Transfer berhasil tanpa masalah,Card,Branch,positive
FB01583,Pelayanan customer service sangat cepat dan membantu,Mobile Banking,Call Center,positive
FB01672,Saya kecewa karena biaya administrasi terlalu tinggi,Savings,Branch,negative
FB00524,Proses transaksi berjalan lancar dan cepat,Savings,ATM,positive
FB00233,ATM sering tidak bisa digunakan,Transaction,Call Center,negative
FB00645,Saya suka fitur mobile banking yang lengkap,Mobile Banking,Email,positive
FB01508,Aplikasi banking sering error saat saya gunakan,Customer Service,Call Center,negative
FB00534,Aplikasi sulit digunakan dan sering logout,Transaction,ATM,negative
FB01942,Aplikasi mobile banking sangat mudah digunakan,Customer Service,Branch,positive
FB00604,Proses transaksi berjalan lancar dan cepat,Transaction,ATM,positive
FB01330,Customer service lambat merespons keluhan saya,ATM,Email,negative
FB01075,Saya tidak puas dengan pelayanan bank,Loan,Email,negative
FB01305,Saya suka fitur mobile banking yang lengkap,Customer Service,Email,positive
FB00061,Saya sangat puas dengan layanan bank ini,Card,Mobile App,positive
FB01264,Proses transaksi berjalan lancar dan cepat,Loan,ATM,positive
FB00093,ATM sering tidak bisa digunakan,Transaction,Call Center,negative
FB00667,Transfer berhasil tanpa masalah,Transaction,Branch,positive
FB00281,Saya sangat puas dengan layanan bank ini,Mobile Banking,Mobile App,positive
FB01114,Aplikasi sulit digunakan dan sering logout,Mobile Banking,ATM,negative
FB00360,Saya ingin mengetahui jam operasional cabang,Customer Service,Email,neutral
FB01129,Transaksi saya gagal dan saldo belum kembali,Transaction,ATM,negative
FB01170,Customer service lambat merespons keluhan saya,Mobile Banking,Email,negative
FB00848,Aplikasi banking sering error saat saya gunakan,Mobile Banking,Call Center,negative
FB01522,Aplikasi mobile banking sangat mudah digunakan,Customer Service,Branch,positive
FB00111,Proses pengajuan kredit terlalu lama,Savings,Mobile App,negative
FB00043,Pelayanan customer service sangat cepat dan membantu,Mobile Banking,Call Center,positive
FB00126,Petugas bank ramah dan profesional,ATM,Mobile App,positive
FB00205,Saya suka fitur mobile banking yang lengkap,Transaction,Email,positive
FB00053,ATM sering tidak bisa digunakan,Loan,Call Center,negative
FB00546,Petugas bank ramah dan profesional,ATM,Mobile App,positive
FB00069,Transaksi saya gagal dan saldo belum kembali,Savings,ATM,negative
FB01741,Saya sangat puas dengan layanan bank ini,Card,Mobile App,positive
FB01548,Aplikasi banking sering error saat saya gunakan,Mobile Banking,Call Center,negative
FB00184,Proses transaksi berjalan lancar dan cepat,Transaction,ATM,positive
FB00138,Saya ingin mengetahui limit kartu kredit,Card,Call Center,neutral
FB00900,Saya ingin mengetahui jam operasional cabang,Loan,Email,neutral
FB00797,Bagaimana cara mengganti PIN kartu,Savings,Branch,neutral
FB00133,ATM sering tidak bisa digunakan,ATM,Call Center,negative
FB00081,Saya sangat puas dengan layanan bank ini,Loan,Mobile App,positive
FB01987,Transfer berhasil tanpa masalah,Savings,Branch,positive
FB01541,Saya sangat puas dengan layanan bank ini,Mobile Banking,Mobile App,positive
FB00542,Aplikasi mobile banking sangat mudah digunakan,Customer Service,Branch,positive
FB01669,Transaksi saya gagal dan saldo belum kembali,Customer Service,ATM,negative
FB00984,Proses transaksi berjalan lancar dan cepat,Loan,ATM,positive
FB00166,Petugas bank ramah dan profesional,Card,Mobile App,positive
FB00249,Transaksi saya gagal dan saldo belum kembali,Loan,ATM,negative
FB00447,Transfer berhasil tanpa masalah,Savings,Branch,positive
FB01515,Saya tidak puas dengan pelayanan bank,Customer Service,Email,negative
FB00859,Apa syarat pengajuan KPR,Card,ATM,neutral
FB01212,Saya kecewa karena biaya administrasi terlalu tinggi,Mobile Banking,Branch,negative
FB00098,Saya ingin mengetahui limit kartu kredit,ATM,Call Center,neutral
FB01974,Aplikasi sulit digunakan dan sering logout,ATM,ATM,negative
FB00738,Saya ingin mengetahui limit kartu kredit,Customer Service,Call Center,neutral
FB01256,Saya ingin informasi tentang produk tabungan,Customer Service,Mobile App,neutral
FB00103,Pelayanan customer service sangat cepat dan membantu,Card,Call Center,positive
FB00435,Saya tidak puas dengan pelayanan bank,Mobile Banking,Email,negative
FB00075,Saya tidak puas dengan pelayanan bank,Card,Email,negative
FB01792,Saya kecewa karena biaya administrasi terlalu tinggi,ATM,Branch,negative
FB01235,Saya tidak puas dengan pelayanan bank,Customer Service,Email,negative
FB00919,Apa syarat pengajuan KPR,Transaction,ATM,neutral
FB01712,Saya kecewa karena biaya administrasi terlalu tinggi,Loan,Branch,negative
FB01671,Proses pengajuan kredit terlalu lama,Card,Mobile App,negative
FB01621,Saya sangat puas dengan layanan bank ini,Loan,Mobile App,positive
FB00763,Pelayanan customer service sangat cepat dan membantu,ATM,Call Center,positive
FB00990,Customer service lambat merespons keluhan saya,Customer Service,Email,negative
FB00389,Transaksi saya gagal dan saldo belum kembali,Loan,ATM,negative
FB00236,Saya ingin informasi tentang produk tabungan,Card,Mobile App,neutral
FB01507,Transfer berhasil tanpa masalah,Transaction,Branch,positive
FB00268,Aplikasi banking sering error saat saya gunakan,Transaction,Call Center,negative
FB01188,Aplikasi banking sering error saat saya gunakan,Card,Call Center,negative
FB00118,Saya ingin mengetahui limit kartu kredit,Savings,Call Center,neutral
FB01607,Transfer berhasil tanpa masalah,Loan,Branch,positive
FB00674,Aplikasi sulit digunakan dan sering logout,Transaction,ATM,negative
FB00250,Customer service lambat merespons keluhan saya,Card,Email,negative
FB01453,ATM sering tidak bisa digunakan,Loan,Call Center,negative
FB01995,Saya tidak puas dengan pelayanan bank,ATM,Email,negative
FB00095,Saya tidak puas dengan pelayanan bank,Loan,Email,negative
FB00034,Aplikasi sulit digunakan dan sering logout,Savings,ATM,negative
FB01464,Proses transaksi berjalan lancar dan cepat,Mobile Banking,ATM,positive
FB01668,Aplikasi banking sering error saat saya gunakan,Transaction,Call Center,negative
FB00449,Transaksi saya gagal dan saldo belum kembali,Mobile Banking,ATM,negative
FB00717,Bagaimana cara mengganti PIN kartu,Customer Service,Branch,neutral
FB01810,Customer service lambat merespons keluhan saya,Loan,Email,negative
FB01518,Saya ingin mengetahui limit kartu kredit,Savings,Call Center,neutral
FB00001,Saya sangat puas dengan layanan bank ini,Mobile Banking,Mobile App,positive
FB01376,Saya ingin informasi tentang produk tabungan,Loan,Mobile App,neutral
FB01102,Aplikasi mobile banking sangat mudah digunakan,Customer Service,Branch,positive
FB01109,Transaksi saya gagal dan saldo belum kembali,Customer Service,ATM,negative
FB01227,Transfer berhasil tanpa masalah,Transaction,Branch,positive
FB00083,Pelayanan customer service sangat cepat dan membantu,Savings,Call Center,positive
FB01289,Transaksi saya gagal dan saldo belum kembali,Mobile Banking,ATM,negative
FB00677,Bagaimana cara mengganti PIN kartu,Card,Branch,neutral
FB01921,Saya sangat puas dengan layanan bank ini,Customer Service,Mobile App,positive
FB01047,Transfer berhasil tanpa masalah,Loan,Branch,positive
FB00771,Proses pengajuan kredit terlalu lama,Mobile Banking,Mobile App,negative
FB01947,Transfer berhasil tanpa masalah,Mobile Banking,Branch,positive
FB01281,Saya sangat puas dengan layanan bank ini,ATM,Mobile App,positive
FB01581,Saya sangat puas dengan layanan bank ini,Savings,Mobile App,positive
FB01489,Transaksi saya gagal dan saldo belum kembali,Card,ATM,negative
FB00405,Saya suka fitur mobile banking yang lengkap,Savings,Email,positive
FB01728,Aplikasi banking sering error saat saya gunakan,Savings,Call Center,negative
FB01299,Apa syarat pengajuan KPR,Loan,ATM,neutral
FB01341,Saya sangat puas dengan layanan bank ini,Loan,Mobile App,positive
FB00105,Saya suka fitur mobile banking yang lengkap,ATM,Email,positive
FB00689,Transaksi saya gagal dan saldo belum kembali,Customer Service,ATM,negative
FB01306,Petugas bank ramah dan profesional,Loan,Mobile App,positive
FB00827,Transfer berhasil tanpa masalah,Mobile Banking,Branch,positive
FB00063,Pelayanan customer service sangat cepat dan membantu,ATM,Call Center,positive
FB00853,ATM sering tidak bisa digunakan,Savings,Call Center,negative
FB01354,Aplikasi sulit digunakan dan sering logout,Customer Service,ATM,negative
FB00224,Proses transaksi berjalan lancar dan cepat,ATM,ATM,positive
FB00146,Petugas bank ramah dan profesional,Savings,Mobile App,positive
FB01089,Transaksi saya gagal dan saldo belum kembali,Loan,ATM,negative
FB00374,Aplikasi sulit digunakan dan sering logout,Customer Service,ATM,negative
FB01421,Saya sangat puas dengan layanan bank ini,ATM,Mobile App,positive
FB01143,Pelayanan customer service sangat cepat dan membantu,Transaction,Call Center,positive
FB01827,Transfer berhasil tanpa masalah,ATM,Branch,positive
FB01495,Saya tidak puas dengan pelayanan bank,Loan,Email,negative
FB01602,Aplikasi mobile banking sangat mudah digunakan,Savings,Branch,positive
FB01271,Proses pengajuan kredit terlalu lama,Loan,Mobile App,negative
FB00010,Customer service lambat merespons keluhan saya,Customer Service,Email,negative
FB00450,Customer service lambat merespons keluhan saya,Transaction,Email,negative
FB00709,Transaksi saya gagal dan saldo belum kembali,Transaction,ATM,negative
FB00256,Saya ingin informasi tentang produk tabungan,Loan,Mobile App,neutral
FB00883,Pelayanan customer service sangat cepat dan membantu,Mobile Banking,Call Center,positive
FB00390,Customer service lambat merespons keluhan saya,Card,Email,negative
FB00909,Transaksi saya gagal dan saldo belum kembali,Savings,ATM,negative
FB00925,Saya suka fitur mobile banking yang lengkap,Mobile Banking,Email,positive
FB01704,Proses transaksi berjalan lancar dan cepat,Customer Service,ATM,positive
FB01233,ATM sering tidak bisa digunakan,Mobile Banking,Call Center,negative
FB00461,Saya sangat puas dengan layanan bank ini,Savings,Mobile App,positive
FB01270,Customer service lambat merespons keluhan saya,Customer Service,Email,negative
FB01760,Saya ingin mengetahui jam operasional cabang,Customer Service,Email,neutral
FB01169,Transaksi saya gagal dan saldo belum kembali,ATM,ATM,negative
FB00959,Apa syarat pengajuan KPR,ATM,ATM,neutral
FB00502,Aplikasi mobile banking sangat mudah digunakan,Card,Branch,positive
FB00740,Saya ingin mengetahui jam operasional cabang,Card,Email,neutral
FB01850,Customer service lambat merespons keluhan saya,Transaction,Email,negative
FB00869,Transaksi saya gagal dan saldo belum kembali,Mobile Banking,ATM,negative
FB00732,Saya kecewa karena biaya administrasi terlalu tinggi,Loan,Branch,negative
FB00540,Saya ingin mengetahui jam operasional cabang,Mobile Banking,Email,neutral
FB01202,Aplikasi mobile banking sangat mudah digunakan,Card,Branch,positive
FB00698,Saya ingin mengetahui limit kartu kredit,Card,Call Center,neutral
FB01393,ATM sering tidak bisa digunakan,ATM,Call Center,negative
FB01377,Bagaimana cara mengganti PIN kartu,Card,Branch,neutral
FB01146,Petugas bank ramah dan profesional,Card,Mobile App,positive
FB01032,Saya kecewa karena biaya administrasi terlalu tinggi,Customer Service,Branch,negative
FB00373,ATM sering tidak bisa digunakan,Transaction,Call Center,negative
FB00668,Aplikasi banking sering error saat saya gunakan,Customer Service,Call Center,negative
FB01526,Petugas bank ramah dan profesional,ATM,Mobile App,positive
FB00358,Saya ingin mengetahui limit kartu kredit,Mobile Banking,Call Center,neutral
FB00968,Aplikasi banking sering error saat saya gunakan,Transaction,Call Center,negative
FB00784,Proses transaksi berjalan lancar dan cepat,ATM,ATM,positive
FB00736,Saya ingin informasi tentang produk tabungan,Mobile Banking,Mobile App,neutral
FB01036,Saya ingin informasi tentang produk tabungan,ATM,Mobile App,neutral
FB00971,Proses pengajuan kredit terlalu lama,Card,Mobile App,negative
FB01525,Saya suka fitur mobile banking yang lengkap,Savings,Email,positive
FB01487,Transfer berhasil tanpa masalah,Customer Service,Branch,positive
FB01524,Proses transaksi berjalan lancar dan cepat,Card,ATM,positive
FB01491,Proses pengajuan kredit terlalu lama,ATM,Mobile App,negative
FB01643,Pelayanan customer service sangat cepat dan membantu,Card,Call Center,positive
FB01253,ATM sering tidak bisa digunakan,ATM,Call Center,negative
FB01694,Aplikasi sulit digunakan dan sering logout,ATM,ATM,negative
FB01750,Customer service lambat merespons keluhan saya,ATM,Email,negative
FB01237,Bagaimana cara mengganti PIN kartu,Card,Branch,neutral
FB00886,Petugas bank ramah dan profesional,Loan,Mobile App,positive
FB00080,Saya ingin mengetahui jam operasional cabang,Customer Service,Email,neutral
FB01173,ATM sering tidak bisa digunakan,Loan,Call Center,negative
FB00815,Saya tidak puas dengan pelayanan bank,Customer Service,Email,negative
FB01286,Petugas bank ramah dan profesional,Card,Mobile App,positive
FB00672,Saya kecewa karena biaya administrasi terlalu tinggi,ATM,Branch,negative
FB01532,Saya kecewa karena biaya administrasi terlalu tinggi,Savings,Branch,negative
FB00058,Saya ingin mengetahui limit kartu kredit,Transaction,Call Center,neutral
FB00134,Aplikasi sulit digunakan dan sering logout,Mobile Banking,ATM,negative
FB01141,Saya sangat puas dengan layanan bank ini,ATM,Mobile App,positive
FB00934,Aplikasi sulit digunakan dan sering logout,Customer Service,ATM,negative
FB01685,Saya suka fitur mobile banking yang lengkap,Card,Email,positive
FB00824,Proses transaksi berjalan lancar dan cepat,Card,ATM,positive
FB01215,Saya tidak puas dengan pelayanan bank,Loan,Email,negative
FB00505,Saya suka fitur mobile banking yang lengkap,Mobile Banking,Email,positive
FB01775,Saya tidak puas dengan pelayanan bank,Loan,Email,negative
FB00348,Aplikasi banking sering error saat saya gunakan,Card,Call Center,negative
FB00387,Transfer berhasil tanpa masalah,Transaction,Branch,positive
FB01025,Saya suka fitur mobile banking yang lengkap,Customer Service,Email,positive
FB00895,Saya tidak puas dengan pelayanan bank,Savings,Email,negative
FB00829,Transaksi saya gagal dan saldo belum kembali,Customer Service,ATM,negative
FB01893,ATM sering tidak bisa digunakan,Customer Service,Call Center,negative
FB00476,Saya ingin informasi tentang produk tabungan,ATM,Mobile App,neutral
FB01471,Proses pengajuan kredit terlalu lama,Mobile Banking,Mobile App,negative
FB01448,Aplikasi banking sering error saat saya gunakan,Savings,Call Center,negative
FB01582,Aplikasi mobile banking sangat mudah digunakan,ATM,Branch,positive
FB00653,ATM sering tidak bisa digunakan,Transaction,Call Center,negative
FB00173,ATM sering tidak bisa digunakan,Card,Call Center,negative
FB01150,Customer service lambat merespons keluhan saya,Transaction,Email,negative
FB00039,Apa syarat pengajuan KPR,Loan,ATM,neutral
FB00714,Aplikasi sulit digunakan dan sering logout,ATM,ATM,negative
FB00091,Proses pengajuan kredit terlalu lama,ATM,Mobile App,negative
FB01937,Bagaimana cara mengganti PIN kartu,Card,Branch,neutral
FB01206,Petugas bank ramah dan profesional,Transaction,Mobile App,positive
FB00876,Saya ingin informasi tentang produk tabungan,Mobile Banking,Mobile App,neutral
FB01352,Saya kecewa karena biaya administrasi terlalu tinggi,Mobile Banking,Branch,negative
FB01890,Customer service lambat merespons keluhan saya,ATM,Email,negative
FB01094,Aplikasi sulit digunakan dan sering logout,Transaction,ATM,negative
FB01156,Saya ingin informasi tentang produk tabungan,Mobile Banking,Mobile App,neutral
FB01782,Aplikasi mobile banking sangat mudah digunakan,Loan,Branch,positive
FB01959,Apa syarat pengajuan KPR,Savings,ATM,neutral
FB00500,Saya ingin mengetahui jam operasional cabang,Customer Service,Email,neutral
FB00339,Apa syarat pengajuan KPR,Customer Service,ATM,neutral
FB01189,Transaksi saya gagal dan saldo belum kembali,Savings,ATM,negative
FB00029,Transaksi saya gagal dan saldo belum kembali,Mobile Banking,ATM,negative
FB01218,Saya ingin mengetahui limit kartu kredit,ATM,Call Center,neutral
FB01400,Saya ingin mengetahui jam operasional cabang,ATM,Email,neutral
FB01821,Saya sangat puas dengan layanan bank ini,Mobile Banking,Mobile App,positive
FB00946,Petugas bank ramah dan profesional,Mobile Banking,Mobile App,positive
FB00170,Customer service lambat merespons keluhan saya,Transaction,Email,negative
FB01405,Saya suka fitur mobile banking yang lengkap,Card,Email,positive
FB01198,Saya ingin mengetahui limit kartu kredit,Mobile Banking,Call Center,neutral
FB01254,Aplikasi sulit digunakan dan sering logout,Mobile Banking,ATM,negative
FB01614,Aplikasi sulit digunakan dan sering logout,Loan,ATM,negative
FB00913,ATM sering tidak bisa digunakan,Customer Service,Call Center,negative
FB00492,Saya kecewa karena biaya administrasi terlalu tinggi,Transaction,Branch,negative
FB00954,Aplikasi sulit digunakan dan sering logout,Transaction,ATM,negative
FB01098,Saya ingin mengetahui limit kartu kredit,Savings,Call Center,neutral
FB01033,ATM sering tidak bisa digunakan,Loan,Call Center,negative
FB00588,Aplikasi banking sering error saat saya gunakan,ATM,Call Center,negative
FB00751,Proses pengajuan kredit terlalu lama,Transaction,Mobile App,negative
FB00658,Saya ingin mengetahui limit kartu kredit,ATM,Call Center,neutral
FB00235,Saya tidak puas dengan pelayanan bank,Loan,Email,negative
FB00733,ATM sering tidak bisa digunakan,Card,Call Center,negative
FB01989,Transaksi saya gagal dan saldo belum kembali,Mobile Banking,ATM,negative
FB01633,ATM sering tidak bisa digunakan,Transaction,Call Center,negative
FB01157,Bagaimana cara mengganti PIN kartu,Transaction,Branch,neutral
FB01470,Customer service lambat merespons keluhan saya,ATM,Email,negative
FB01425,Saya suka fitur mobile banking yang lengkap,Loan,Email,positive
FB01628,Aplikasi banking sering error saat saya gunakan,Loan,Call Center,negative
FB00935,Saya tidak puas dengan pelayanan bank,Loan,Email,negative
FB01210,Customer service lambat merespons keluhan saya,Savings,Email,negative
FB01066,Petugas bank ramah dan profesional,Transaction,Mobile App,positive
FB00109,Transaksi saya gagal dan saldo belum kembali,Loan,ATM,negative
FB01543,Pelayanan customer service sangat cepat dan membantu,Customer Service,Call Center,positive
FB00569,Transaksi saya gagal dan saldo belum kembali,Transaction,ATM,negative
FB01168,Aplikasi banking sering error saat saya gunakan,Savings,Call Center,negative
FB01175,Saya tidak puas dengan pelayanan bank,Savings,Email,negative
FB00891,Proses pengajuan kredit terlalu lama,Transaction,Mobile App,negative
FB00948,Aplikasi banking sering error saat saya gunakan,Customer Service,Call Center,negative
FB01049,Transaksi saya gagal dan saldo belum kembali,Savings,ATM,negative
FB01353,ATM sering tidak bisa digunakan,Transaction,Call Center,negative
FB01778,Saya ingin mengetahui limit kartu kredit,ATM,Call Center,neutral
FB01447,Transfer berhasil tanpa masalah,Card,Branch,positive
FB00885,Saya suka fitur mobile banking yang lengkap,Customer Service,Email,positive
FB01673,ATM sering tidak bisa digunakan,ATM,Call Center,negative
FB00851,Proses pengajuan kredit terlalu lama,Loan,Mobile App,negative
FB00735,Saya tidak puas dengan pelayanan bank,ATM,Email,negative
FB00718,Saya ingin mengetahui limit kartu kredit,Loan,Call Center,neutral
FB00455,Saya tidak puas dengan pelayanan bank,ATM,Email,negative
FB00265,Saya suka fitur mobile banking yang lengkap,Savings,Email,positive
FB00076,Saya ingin informasi tentang produk tabungan,Savings,Mobile App,neutral
FB01658,Saya ingin mengetahui limit kartu kredit,Savings,Call Center,neutral
FB00445,Saya suka fitur mobile banking yang lengkap,Loan,Email,positive
FB00396,Saya ingin informasi tentang produk tabungan,Loan,Mobile App,neutral
FB00177,Bagaimana cara mengganti PIN kartu,Transaction,Branch,neutral
FB01043,Pelayanan customer service sangat cepat dan membantu,ATM,Call Center,positive
FB01736,Saya ingin informasi tentang produk tabungan,ATM,Mobile App,neutral
FB01402,Aplikasi mobile banking sangat mudah digunakan,Transaction,Branch,positive
FB01381,Saya sangat puas dengan layanan bank ini,Transaction,Mobile App,positive
FB00596,Saya ingin informasi tentang produk tabungan,Mobile Banking,Mobile App,neutral
FB00062,Aplikasi mobile banking sangat mudah digunakan,Savings,Branch,positive
FB01297,Bagaimana cara mengganti PIN kartu,Transaction,Branch,neutral
FB00873,ATM sering tidak bisa digunakan,Card,Call Center,negative
FB01490,Customer service lambat merespons keluhan saya,Savings,Email,negative
FB01879,Apa syarat pengajuan KPR,Customer Service,ATM,neutral
FB00279,Apa syarat pengajuan KPR,Savings,ATM,neutral
FB00037,Bagaimana cara mengganti PIN kartu,Transaction,Branch,neutral
FB01976,Saya ingin informasi tentang produk tabungan,Transaction,Mobile App,neutral
FB00663,Pelayanan customer service sangat cepat dan membantu,Card,Call Center,positive
FB01954,Aplikasi sulit digunakan dan sering logout,Mobile Banking,ATM,negative
FB01445,Saya suka fitur mobile banking yang lengkap,Customer Service,Email,positive
FB00978,Saya ingin mengetahui limit kartu kredit,Card,Call Center,neutral
FB01572,Saya kecewa karena biaya administrasi terlalu tinggi,Loan,Branch,negative
FB00739,Apa syarat pengajuan KPR,Loan,ATM,neutral
FB00192,Saya kecewa karena biaya administrasi terlalu tinggi,Customer Service,Branch,negative
FB00920,Saya ingin mengetahui jam operasional cabang,Customer Service,Email,neutral
FB00457,Bagaimana cara mengganti PIN kartu,Transaction,Branch,neutral
FB00676,Saya ingin informasi tentang produk tabungan,Loan,Mobile App,neutral
FB00761,Saya sangat puas dengan layanan bank ini,Card,Mobile App,positive
FB01808,Aplikasi banking sering error saat saya gunakan,Transaction,Call Center,negative
FB01603,Pelayanan customer service sangat cepat dan membantu,ATM,Call Center,positive
FB00729,Transaksi saya gagal dan saldo belum kembali,Mobile Banking,ATM,negative
FB00413,ATM sering tidak bisa digunakan,ATM,Call Center,negative
FB01099,Apa syarat pengajuan KPR,ATM,ATM,neutral
FB00826,Petugas bank ramah dan profesional,ATM,Mobile App,positive
FB01640,Saya ingin mengetahui jam operasional cabang,Transaction,Email,neutral
FB00617,Bagaimana cara mengganti PIN kartu,Mobile Banking,Branch,neutral
FB00115,Saya tidak puas dengan pelayanan bank,Customer Service,Email,negative
FB00418,Saya ingin mengetahui limit kartu kredit,Card,Call Center,neutral
FB01911,Proses pengajuan kredit terlalu lama,ATM,Mobile App,negative
FB00970,Customer service lambat merespons keluhan saya,Loan,Email,negative
FB00605,Saya suka fitur mobile banking yang lengkap,Customer Service,Email,positive
FB01919,Apa syarat pengajuan KPR,Mobile Banking,ATM,neutral
FB00090,Customer service lambat merespons keluhan saya,Savings,Email,negative
FB00849,Transaksi saya gagal dan saldo belum kembali,Transaction,ATM,negative
FB01520,Saya ingin mengetahui jam operasional cabang,Mobile Banking,Email,neutral
FB01918,Saya ingin mengetahui limit kartu kredit,ATM,Call Center,neutral
FB00754,Aplikasi sulit digunakan dan sering logout,Card,ATM,negative
FB00499,Apa syarat pengajuan KPR,Transaction,ATM,neutral
FB01277,Bagaimana cara mengganti PIN kartu,Customer Service,Branch,neutral
FB01326,Petugas bank ramah dan profesional,Customer Service,Mobile App,positive
FB00012,Saya kecewa karena biaya administrasi terlalu tinggi,Card,Branch,negative
FB00397,Bagaimana cara mengganti PIN kartu,Card,Branch,neutral
FB00285,Saya suka fitur mobile banking yang lengkap,Card,Email,positive
FB01067,Transfer berhasil tanpa masalah,Customer Service,Branch,positive
FB01192,Saya kecewa karena biaya administrasi terlalu tinggi,Transaction,Branch,negative
FB01745,Saya suka fitur mobile banking yang lengkap,Transaction,Email,positive
FB00691,Proses pengajuan kredit terlalu lama,Card,Mobile App,negative
FB01753,ATM sering tidak bisa digunakan,Customer Service,Call Center,negative
FB01876,Saya ingin informasi tentang produk tabungan,ATM,Mobile App,neutral
FB00690,Customer service lambat merespons keluhan saya,Loan,Email,negative
FB00852,Saya kecewa karena biaya administrasi terlalu tinggi,Card,Branch,negative
FB00160,Saya ingin mengetahui jam operasional cabang,Savings,Email,neutral
FB00896,Saya ingin informasi tentang produk tabungan,ATM,Mobile App,neutral
FB01576,Saya ingin informasi tentang produk tabungan,Mobile Banking,Mobile App,neutral
FB00258,Saya ingin mengetahui limit kartu kredit,Savings,Call Center,neutral
FB00336,Saya ingin informasi tentang produk tabungan,ATM,Mobile App,neutral
FB01880,Saya ingin mengetahui jam operasional cabang,Loan,Email,neutral
FB01040,Saya ingin mengetahui jam operasional cabang,Loan,Email,neutral
FB00516,Saya ingin informasi tentang produk tabungan,Card,Mobile App,neutral
FB01349,Transaksi saya gagal dan saldo belum kembali,Card,ATM,negative
FB01016,Saya ingin informasi tentang produk tabungan,Mobile Banking,Mobile App,neutral
FB00769,Transaksi saya gagal dan saldo belum kembali,Savings,ATM,negative
FB01747,Transfer berhasil tanpa masalah,Loan,Branch,positive
FB00762,Aplikasi mobile banking sangat mudah digunakan,Savings,Branch,positive
FB01247,Transfer berhasil tanpa masalah,Mobile Banking,Branch,positive
FB01204,Proses transaksi berjalan lancar dan cepat,ATM,ATM,positive
FB01468,Aplikasi banking sering error saat saya gunakan,Card,Call Center,negative
FB01984,Proses transaksi berjalan lancar dan cepat,Customer Service,ATM,positive
FB00522,Aplikasi mobile banking sangat mudah digunakan,Loan,Branch,positive
FB00023,Pelayanan customer service sangat cepat dan membantu,Transaction,Call Center,positive
FB00357,Bagaimana cara mengganti PIN kartu,ATM,Branch,neutral
FB01278,Saya ingin mengetahui limit kartu kredit,Loan,Call Center,neutral
FB01313,ATM sering tidak bisa digunakan,Loan,Call Center,negative
FB01683,Pelayanan customer service sangat cepat dan membantu,Customer Service,Call Center,positive
FB00341,Saya sangat puas dengan layanan bank ini,Card,Mobile App,positive
FB00432,Saya kecewa karena biaya administrasi terlalu tinggi,Card,Branch,negative
FB00474,Aplikasi sulit digunakan dan sering logout,Card,ATM,negative
FB00218,Saya ingin mengetahui limit kartu kredit,Mobile Banking,Call Center,neutral
FB00912,Saya kecewa karena biaya administrasi terlalu tinggi,Transaction,Branch,negative
FB01228,Aplikasi banking sering error saat saya gunakan,Customer Service,Call Center,negative
FB01597,Bagaimana cara mengganti PIN kartu,Mobile Banking,Branch,neutral
FB01012,Saya kecewa karena biaya administrasi terlalu tinggi,Loan,Branch,negative
FB01950,Customer service lambat merespons keluhan saya,Loan,Email,negative
FB00094,Aplikasi sulit digunakan dan sering logout,Customer Service,ATM,negative
FB01009,Transaksi saya gagal dan saldo belum kembali,Mobile Banking,ATM,negative
FB01071,Proses pengajuan kredit terlalu lama,ATM,Mobile App,negative
FB01093,ATM sering tidak bisa digunakan,Mobile Banking,Call Center,negative
FB01915,Saya tidak puas dengan pelayanan bank,Loan,Email,negative
FB01309,Transaksi saya gagal dan saldo belum kembali,ATM,ATM,negative
FB00697,Bagaimana cara mengganti PIN kartu,Loan,Branch,neutral
FB01828,Aplikasi banking sering error saat saya gunakan,Mobile Banking,Call Center,negative
FB00997,Bagaimana cara mengganti PIN kartu,Customer Service,Branch,neutral
FB00154,Aplikasi sulit digunakan dan sering logout,ATM,ATM,negative
FB01100,Saya ingin mengetahui jam operasional cabang,Mobile Banking,Email,neutral
FB01719,Apa syarat pengajuan KPR,Loan,ATM,neutral
FB01998,Saya ingin mengetahui limit kartu kredit,Customer Service,Call Center,neutral
FB00790,Customer service lambat merespons keluhan saya,Savings,Email,negative
FB00581,Saya sangat puas dengan layanan bank ini,ATM,Mobile App,positive
FB00704,Proses transaksi berjalan lancar dan cepat,Loan,ATM,positive
FB01213,ATM sering tidak bisa digunakan,Transaction,Call Center,negative
FB01296,Saya ingin informasi tentang produk tabungan,Mobile Banking,Mobile App,neutral
FB01666,Petugas bank ramah dan profesional,ATM,Mobile App,positive
FB01261,Saya sangat puas dengan layanan bank ini,Mobile Banking,Mobile App,positive
FB00488,Aplikasi banking sering error saat saya gunakan,Card,Call Center,negative
FB00560,Saya ingin mengetahui jam operasional cabang,ATM,Email,neutral
FB01142,Aplikasi mobile banking sangat mudah digunakan,Mobile Banking,Branch,positive
FB01120,Saya ingin mengetahui jam operasional cabang,ATM,Email,neutral
FB00802,Aplikasi mobile banking sangat mudah digunakan,Loan,Branch,positive
FB00513,ATM sering tidak bisa digunakan,Transaction,Call Center,negative
FB00634,Aplikasi sulit digunakan dan sering logout,Loan,ATM,negative
FB01922,Aplikasi mobile banking sangat mudah digunakan,Loan,Branch,positive
FB01788,Aplikasi banking sering error saat saya gunakan,Customer Service,Call Center,negative
FB01546,Petugas bank ramah dan profesional,Savings,Mobile App,positive
FB01151,Proses pengajuan kredit terlalu lama,Customer Service,Mobile App,negative
FB00791,Proses pengajuan kredit terlalu lama,ATM,Mobile App,negative
FB00117,Bagaimana cara mengganti PIN kartu,Card,Branch,neutral
FB00741,Saya sangat puas dengan layanan bank ini,Savings,Mobile App,positive
FB01691,Proses pengajuan kredit terlalu lama,Loan,Mobile App,negative
FB01082,Aplikasi mobile banking sangat mudah digunakan,Loan,Branch,positive
FB00831,Proses pengajuan kredit terlalu lama,Card,Mobile App,negative
FB00120,Saya ingin mengetahui jam operasional cabang,Mobile Banking,Email,neutral
FB00657,Bagaimana cara mengganti PIN kartu,Savings,Branch,neutral
FB01908,Aplikasi banking sering error saat saya gunakan,Loan,Call Center,negative
FB00636,Saya ingin informasi tentang produk tabungan,Savings,Mobile App,neutral
FB00370,Customer service lambat merespons keluhan saya,Savings,Email,negative
FB00269,Transaksi saya gagal dan saldo belum kembali,Customer Service,ATM,negative
FB00656,Saya ingin informasi tentang produk tabungan,Card,Mobile App,neutral
FB00936,Saya ingin informasi tentang produk tabungan,Card,Mobile App,neutral
FB00823,Pelayanan customer service sangat cepat dan membantu,Loan,Call Center,positive
FB00867,Transfer berhasil tanpa masalah,Savings,Branch,positive
FB00047,Transfer berhasil tanpa masalah,Card,Branch,positive
FB01374,Aplikasi sulit digunakan dan sering logout,Transaction,ATM,negative
FB01709,Transaksi saya gagal dan saldo belum kembali,Mobile Banking,ATM,negative
FB00992,Saya kecewa karena biaya administrasi terlalu tinggi,Card,Branch,negative
FB00877,Bagaimana cara mengganti PIN kartu,Transaction,Branch,neutral
FB00774,Aplikasi sulit digunakan dan sering logout,Loan,ATM,negative
FB01220,Saya ingin mengetahui jam operasional cabang,Transaction,Email,neutral
FB02000,Saya ingin mengetahui jam operasional cabang,Card,Email,neutral
FB00005,Saya suka fitur mobile banking yang lengkap,Card,Email,positive
FB01004,Proses transaksi berjalan lancar dan cepat,Customer Service,ATM,positive
FB01724,Proses transaksi berjalan lancar dan cepat,Transaction,ATM,positive
FB00264,Proses transaksi berjalan lancar dan cepat,Card,ATM,positive
FB01570,Customer service lambat merespons keluhan saya,Transaction,Email,negative
FB01831,Proses pengajuan kredit terlalu lama,Loan,Mobile App,negative
FB00444,Proses transaksi berjalan lancar dan cepat,Customer Service,ATM,positive
FB01003,Pelayanan customer service sangat cepat dan membantu,Transaction,Call Center,positive
FB01078,Saya ingin mengetahui limit kartu kredit,ATM,Call Center,neutral
FB00838,Saya ingin mengetahui limit kartu kredit,Card,Call Center,neutral
FB01791,Proses pengajuan kredit terlalu lama,Savings,Mobile App,negative
FB00305,Saya suka fitur mobile banking yang lengkap,Loan,Email,positive
FB01366,Petugas bank ramah dan profesional,Mobile Banking,Mobile App,positive
FB01558,Saya ingin mengetahui limit kartu kredit,Loan,Call Center,neutral
FB00314,Aplikasi sulit digunakan dan sering logout,Savings,ATM,negative
FB00150,Customer service lambat merespons keluhan saya,Customer Service,Email,negative
FB01149,Transaksi saya gagal dan saldo belum kembali,Mobile Banking,ATM,negative
FB01214,Aplikasi sulit digunakan dan sering logout,Customer Service,ATM,negative
FB00575,Saya tidak puas dengan pelayanan bank,Mobile Banking,Email,negative
FB00051,Proses pengajuan kredit terlalu lama,Transaction,Mobile App,negative
FB01553,ATM sering tidak bisa digunakan,Savings,Call Center,negative
FB00727,Transfer berhasil tanpa masalah,Savings,Branch,positive
FB00834,Aplikasi sulit digunakan dan sering logout,Mobile Banking,ATM,negative
FB01378,Saya ingin mengetahui limit kartu kredit,Savings,Call Center,neutral
FB01116,Saya ingin informasi tentang produk tabungan,Customer Service,Mobile App,neutral
FB01167,Transfer berhasil tanpa masalah,Card,Branch,positive
FB00471,Proses pengajuan kredit terlalu lama,Transaction,Mobile App,negative
FB00972,Saya kecewa karena biaya administrasi terlalu tinggi,Savings,Branch,negative
FB00654,Aplikasi sulit digunakan dan sering logout,Customer Service,ATM,negative
FB00400,Saya ingin mengetahui jam operasional cabang,Mobile Banking,Email,neutral
FB00512,Saya kecewa karena biaya administrasi terlalu tinggi,Mobile Banking,Branch,negative
FB00321,Saya sangat puas dengan layanan bank ini,Savings,Mobile App,positive
FB00020,Saya ingin mengetahui jam operasional cabang,Savings,Email,neutral
FB00685,Saya suka fitur mobile banking yang lengkap,Savings,Email,positive
FB00036,Saya ingin informasi tentang produk tabungan,Mobile Banking,Mobile App,neutral
FB00903,Pelayanan customer service sangat cepat dan membantu,ATM,Call Center,positive
FB01779,Apa syarat pengajuan KPR,Mobile Banking,ATM,neutral
FB00828,Aplikasi banking sering error saat saya gunakan,Transaction,Call Center,negative
FB01854,Aplikasi sulit digunakan dan sering logout,Savings,ATM,negative
FB00408,Aplikasi banking sering error saat saya gunakan,Transaction,Call Center,negative
FB00921,Saya sangat puas dengan layanan bank ini,Loan,Mobile App,positive
FB00538,Saya ingin mengetahui limit kartu kredit,Savings,Call Center,neutral
FB00759,Apa syarat pengajuan KPR,Customer Service,ATM,neutral
FB01905,Saya suka fitur mobile banking yang lengkap,Mobile Banking,Email,positive
FB01063,Pelayanan customer service sangat cepat dan membantu,Savings,Call Center,positive
FB01200,Saya ingin mengetahui jam operasional cabang,Customer Service,Email,neutral
FB00246,Petugas bank ramah dan profesional,Mobile Banking,Mobile App,positive
FB01417,Bagaimana cara mengganti PIN kartu,Customer Service,Branch,neutral
FB01128,Aplikasi banking sering error saat saya gunakan,Mobile Banking,Call Center,negative
FB00785,Saya suka fitur mobile banking yang lengkap,Mobile Banking,Email,positive
FB01743,Pelayanan customer service sangat cepat dan membantu,ATM,Call Center,positive
FB00490,Customer service lambat merespons keluhan saya,ATM,Email,negative
FB00155,Saya tidak puas dengan pelayanan bank,Mobile Banking,Email,negative
FB00962,Aplikasi mobile banking sangat mudah digunakan,Customer Service,Branch,positive
FB00854,Aplikasi sulit digunakan dan sering logout,ATM,ATM,negative
FB01312,Saya kecewa karena biaya administrasi terlalu tinggi,Customer Service,Branch,negative
FB00626,Petugas bank ramah dan profesional,Customer Service,Mobile App,positive
FB00686,Petugas bank ramah dan profesional,ATM,Mobile App,positive
FB01562,Aplikasi mobile banking sangat mudah digunakan,Mobile Banking,Branch,positive
FB00570,Customer service lambat merespons keluhan saya,Customer Service,Email,negative
FB01909,Transaksi saya gagal dan saldo belum kembali,Card,ATM,negative
FB00018,Saya ingin mengetahui limit kartu kredit,Loan,Call Center,neutral
FB00128,Aplikasi banking sering error saat saya gunakan,Transaction,Call Center,negative
FB01347,Transfer berhasil tanpa masalah,Customer Service,Branch,positive
FB01280,Saya ingin mengetahui jam operasional cabang,Savings,Email,neutral
FB01969,Transaksi saya gagal dan saldo belum kembali,Transaction,ATM,negative
FB00928,Aplikasi banking sering error saat saya gunakan,Loan,Call Center,negative
FB00981,Saya sangat puas dengan layanan bank ini,Mobile Banking,Mobile App,positive
FB01965,Saya suka fitur mobile banking yang lengkap,Card,Email,positive
FB00191,Proses pengajuan kredit terlalu lama,Transaction,Mobile App,negative
FB01140,Saya ingin mengetahui jam operasional cabang,Savings,Email,neutral
FB00993,ATM sering tidak bisa digunakan,Savings,Call Center,negative
FB01956,Saya ingin informasi tentang produk tabungan,Customer Service,Mobile App,neutral
FB01657,Bagaimana cara mengganti PIN kartu,Card,Branch,neutral
FB00607,Transfer berhasil tanpa masalah,Card,Branch,positive
FB00181,Saya sangat puas dengan layanan bank ini,Savings,Mobile App,positive
FB00302,Aplikasi mobile banking sangat mudah digunakan,Mobile Banking,Branch,positive
FB00497,Bagaimana cara mengganti PIN kartu,ATM,Branch,neutral
FB01721,Saya sangat puas dengan layanan bank ini,Savings,Mobile App,positive
FB01710,Customer service lambat merespons keluhan saya,Transaction,Email,negative
FB01888,Aplikasi banking sering error saat saya gunakan,Card,Call Center,negative
FB01992,Saya kecewa karena biaya administrasi terlalu tinggi,Loan,Branch,negative
FB00518,Saya ingin mengetahui limit kartu kredit,ATM,Call Center,neutral
FB01985,Saya suka fitur mobile banking yang lengkap,Loan,Email,positive
FB01070,Customer service lambat merespons keluhan saya,Savings,Email,negative
FB00477,Bagaimana cara mengganti PIN kartu,Mobile Banking,Branch,neutral
FB00158,Saya ingin mengetahui limit kartu kredit,Loan,Call Center,neutral
FB01244,Proses transaksi berjalan lancar dan cepat,Card,ATM,positive
FB01196,Saya ingin informasi tentang produk tabungan,Savings,Mobile App,neutral
FB00017,Bagaimana cara mengganti PIN kartu,Customer Service,Branch,neutral
FB01536,Saya ingin informasi tentang produk tabungan,Customer Service,Mobile App,neutral
FB01073,ATM sering tidak bisa digunakan,Transaction,Call Center,negative
FB01972,Saya kecewa karena biaya administrasi terlalu tinggi,Card,Branch,negative
FB00547,Transfer berhasil tanpa masalah,Mobile Banking,Branch,positive
FB01540,Saya ingin mengetahui jam operasional cabang,ATM,Email,neutral
FB00659,Apa syarat pengajuan KPR,Mobile Banking,ATM,neutral
FB01626,Petugas bank ramah dan profesional,Transaction,Mobile App,positive
FB01020,Saya ingin mengetahui jam operasional cabang,Card,Email,neutral
FB01663,Pelayanan customer service sangat cepat dan membantu,Loan,Call Center,positive
FB01505,Saya suka fitur mobile banking yang lengkap,ATM,Email,positive
FB00960,Saya ingin mengetahui jam operasional cabang,Mobile Banking,Email,neutral
FB01882,Aplikasi mobile banking sangat mudah digunakan,Savings,Branch,positive
FB00284,Proses transaksi berjalan lancar dan cepat,Loan,ATM,positive
FB00798,Saya ingin mengetahui limit kartu kredit,ATM,Call Center,neutral
FB01627,Transfer berhasil tanpa masalah,Customer Service,Branch,positive
FB00226,Petugas bank ramah dan profesional,Transaction,Mobile App,positive
FB00027,Transfer berhasil tanpa masalah,Savings,Branch,positive
FB01771,Proses pengajuan kredit terlalu lama,ATM,Mobile App,negative
FB00438,Saya ingin mengetahui limit kartu kredit,Loan,Call Center,neutral
FB01949,Transaksi saya gagal dan saldo belum kembali,Customer Service,ATM,negative
FB01389,Transaksi saya gagal dan saldo belum kembali,Customer Service,ATM,negative
FB00230,Customer service lambat merespons keluhan saya,Savings,Email,negative
FB00038,Saya ingin mengetahui limit kartu kredit,Customer Service,Call Center,neutral
FB00750,Customer service lambat merespons keluhan saya,Mobile Banking,Email,negative
FB01046,Petugas bank ramah dan profesional,Customer Service,Mobile App,positive
FB01399,Apa syarat pengajuan KPR,Savings,ATM,neutral
FB00470,Customer service lambat merespons keluhan saya,Mobile Banking,Email,negative
FB01693,ATM sering tidak bisa digunakan,Savings,Call Center,negative
FB01968,Aplikasi banking sering error saat saya gunakan,Mobile Banking,Call Center,negative
FB00688,Aplikasi banking sering error saat saya gunakan,Transaction,Call Center,negative
FB01844,Proses transaksi berjalan lancar dan cepat,Customer Service,ATM,positive
FB00640,Saya ingin mengetahui jam operasional cabang,Customer Service,Email,neutral
FB01713,ATM sering tidak bisa digunakan,Card,Call Center,negative
FB01219,Apa syarat pengajuan KPR,Mobile Banking,ATM,neutral
FB01159,Apa syarat pengajuan KPR,Loan,ATM,neutral
FB01416,Saya ingin informasi tentang produk tabungan,Transaction,Mobile App,neutral
FB01528,Aplikasi banking sering error saat saya gunakan,Transaction,Call Center,negative
FB01656,Saya ingin informasi tentang produk tabungan,Loan,Mobile App,neutral
FB01301,Saya sangat puas dengan layanan bank ini,Savings,Mobile App,positive
FB01823,Pelayanan customer service sangat cepat dan membantu,Customer Service,Call Center,positive
FB00801,Saya sangat puas dengan layanan bank ini,Customer Service,Mobile App,positive
FB01604,Proses transaksi berjalan lancar dan cepat,Mobile Banking,ATM,positive
FB00161,Saya sangat puas dengan layanan bank ini,ATM,Mobile App,positive
FB00957,Bagaimana cara mengganti PIN kartu,Card,Branch,neutral
FB01187,Transfer berhasil tanpa masalah,Loan,Branch,positive
FB00822,Aplikasi mobile banking sangat mudah digunakan,Customer Service,Branch,positive
FB01682,Aplikasi mobile banking sangat mudah digunakan,Transaction,Branch,positive
FB00878,Saya ingin mengetahui limit kartu kredit,Customer Service,Call Center,neutral
FB00914,Aplikasi sulit digunakan dan sering logout,Loan,ATM,negative
FB00153,ATM sering tidak bisa digunakan,Savings,Call Center,negative
FB01871,Proses pengajuan kredit terlalu lama,Transaction,Mobile App,negative
FB01777,Bagaimana cara mengganti PIN kartu,Savings,Branch,neutral
FB00510,Customer service lambat merespons keluhan saya,Savings,Email,negative
FB01136,Saya ingin informasi tentang produk tabungan,Transaction,Mobile App,neutral
FB01251,Proses pengajuan kredit terlalu lama,Card,Mobile App,negative
FB01684,Proses transaksi berjalan lancar dan cepat,Loan,ATM,positive
FB00104,Proses transaksi berjalan lancar dan cepat,Savings,ATM,positive
FB01446,Petugas bank ramah dan profesional,Loan,Mobile App,positive
FB01444,Proses transaksi berjalan lancar dan cepat,Transaction,ATM,positive
FB00587,Transfer berhasil tanpa masalah,Savings,Branch,positive
FB01769,Transaksi saya gagal dan saldo belum kembali,Card,ATM,negative
FB01144,Proses transaksi berjalan lancar dan cepat,Customer Service,ATM,positive
FB00054,Aplikasi sulit digunakan dan sering logout,Card,ATM,negative
FB00152,Saya kecewa karena biaya administrasi terlalu tinggi,Card,Branch,negative
FB00404,Proses transaksi berjalan lancar dan cepat,Card,ATM,positive
FB01943,Pelayanan customer service sangat cepat dan membantu,Loan,Call Center,positive
FB00208,Aplikasi banking sering error saat saya gunakan,Card,Call Center,negative
FB01895,Saya tidak puas dengan pelayanan bank,Card,Email,negative
FB01123,Pelayanan customer service sangat cepat dan membantu,Customer Service,Call Center,positive
FB01891,Proses pengajuan kredit terlalu lama,Mobile Banking,Mobile App,negative
FB00009,Transaksi saya gagal dan saldo belum kembali,Transaction,ATM,negative
FB01015,Saya tidak puas dengan pelayanan bank,ATM,Email,negative
FB01907,Transfer berhasil tanpa masalah,Customer Service,Branch,positive
FB01061,Saya sangat puas dengan layanan bank ini,Loan,Mobile App,positive
FB00453,ATM sering tidak bisa digunakan,Card,Call Center,negative
FB00254,Aplikasi sulit digunakan dan sering logout,Transaction,ATM,negative
FB01328,Aplikasi banking sering error saat saya gunakan,Card,Call Center,negative
FB00897,Bagaimana cara mengganti PIN kartu,Mobile Banking,Branch,neutral
FB01734,Aplikasi sulit digunakan dan sering logout,Card,ATM,negative
FB00881,Saya sangat puas dengan layanan bank ini,Savings,Mobile App,positive
FB01596,Saya ingin informasi tentang produk tabungan,ATM,Mobile App,neutral
FB01889,Transaksi saya gagal dan saldo belum kembali,Savings,ATM,negative
FB00624,Proses transaksi berjalan lancar dan cepat,Mobile Banking,ATM,positive
FB00346,Petugas bank ramah dan profesional,Customer Service,Mobile App,positive
FB01703,Pelayanan customer service sangat cepat dan membantu,Transaction,Call Center,positive
FB00263,Pelayanan customer service sangat cepat dan membantu,Loan,Call Center,positive
FB01635,Saya tidak puas dengan pelayanan bank,Loan,Email,negative
FB01322,Aplikasi mobile banking sangat mudah digunakan,Savings,Branch,positive
FB01439,Apa syarat pengajuan KPR,Loan,ATM,neutral
FB00151,Proses pengajuan kredit terlalu lama,Loan,Mobile App,negative
FB00473,ATM sering tidak bisa digunakan,Loan,Call Center,negative
FB00641,Saya sangat puas dengan layanan bank ini,Loan,Mobile App,positive
FB01983,Pelayanan customer service sangat cepat dan membantu,Transaction,Call Center,positive
FB01883,Pelayanan customer service sangat cepat dan membantu,ATM,Call Center,positive
FB00551,Proses pengajuan kredit terlalu lama,Card,Mobile App,negative
FB01780,Saya ingin mengetahui jam operasional cabang,Transaction,Email,neutral
FB00929,Transaksi saya gagal dan saldo belum kembali,Card,ATM,negative
FB00489,Transaksi saya gagal dan saldo belum kembali,Savings,ATM,negative
FB01812,Saya kecewa karena biaya administrasi terlalu tinggi,Savings,Branch,negative
FB01172,Saya kecewa karena biaya administrasi terlalu tinggi,Customer Service,Branch,negative
FB00147,Transfer berhasil tanpa masalah,ATM,Branch,positive
FB01705,Saya suka fitur mobile banking yang lengkap,Loan,Email,positive
FB01929,Transaksi saya gagal dan saldo belum kembali,Loan,ATM,negative
FB00403,Pelayanan customer service sangat cepat dan membantu,Loan,Call Center,positive
FB00955,Saya tidak puas dengan pelayanan bank,Customer Service,Email,negative
FB01878,Saya ingin mengetahui limit kartu kredit,Transaction,Call Center,neutral
FB00660,Saya ingin mengetahui jam operasional cabang,Transaction,Email,neutral
FB01373,ATM sering tidak bisa digunakan,Mobile Banking,Call Center,negative
FB00464,Proses transaksi berjalan lancar dan cepat,Transaction,ATM,positive
FB01350,Customer service lambat merespons keluhan saya,Savings,Email,negative
FB00187,Transfer berhasil tanpa masalah,Card,Branch,positive
FB01148,Aplikasi banking sering error saat saya gunakan,ATM,Call Center,negative
FB01225,Saya suka fitur mobile banking yang lengkap,ATM,Email,positive
FB00609,Transaksi saya gagal dan saldo belum kembali,ATM,ATM,negative
FB00144,Proses transaksi berjalan lancar dan cepat,Loan,ATM,positive
FB00752,Saya kecewa karena biaya administrasi terlalu tinggi,Customer Service,Branch,negative
FB01535,Saya tidak puas dengan pelayanan bank,Transaction,Email,negative
FB00982,Aplikasi mobile banking sangat mudah digunakan,Transaction,Branch,positive
FB00198,Saya ingin mengetahui limit kartu kredit,Transaction,Call Center,neutral
FB01634,Aplikasi sulit digunakan dan sering logout,Customer Service,ATM,negative
FB00884,Proses transaksi berjalan lancar dan cepat,Transaction,ATM,positive
FB00280,Saya ingin mengetahui jam operasional cabang,ATM,Email,neutral
FB00294,Aplikasi sulit digunakan dan sering logout,ATM,ATM,negative
FB01824,Proses transaksi berjalan lancar dan cepat,Loan,ATM,positive
FB00401,Saya sangat puas dengan layanan bank ini,Transaction,Mobile App,positive
FB00123,Pelayanan customer service sangat cepat dan membantu,Loan,Call Center,positive
FB01208,Aplikasi banking sering error saat saya gunakan,Loan,Call Center,negative
FB00203,Pelayanan customer service sangat cepat dan membantu,ATM,Call Center,positive
FB01463,Pelayanan customer service sangat cepat dan membantu,ATM,Call Center,positive
FB00836,Saya ingin informasi tentang produk tabungan,Customer Service,Mobile App,neutral
FB00247,Transfer berhasil tanpa masalah,Transaction,Branch,positive
FB01440,Saya ingin mengetahui jam operasional cabang,Card,Email,neutral
FB01754,Aplikasi sulit digunakan dan sering logout,Loan,ATM,negative
FB01902,Aplikasi mobile banking sangat mudah digunakan,Card,Branch,positive
FB01708,Aplikasi banking sering error saat saya gunakan,ATM,Call Center,negative
FB01881,Saya sangat puas dengan layanan bank ini,Card,Mobile App,positive
FB01154,Aplikasi sulit digunakan dan sering logout,Savings,ATM,negative
FB01662,Aplikasi mobile banking sangat mudah digunakan,Customer Service,Branch,positive
FB01427,Transfer berhasil tanpa masalah,Savings,Branch,positive
FB00385,Saya suka fitur mobile banking yang lengkap,ATM,Email,positive
FB01759,Apa syarat pengajuan KPR,Transaction,ATM,neutral
FB00855,Saya tidak puas dengan pelayanan bank,Mobile Banking,Email,negative
FB01590,Customer service lambat merespons keluhan saya,Mobile Banking,Email,negative
FB00220,Saya ingin mengetahui jam operasional cabang,Customer Service,Email,neutral
FB00642,Aplikasi mobile banking sangat mudah digunakan,Card,Branch,positive
FB00002,Aplikasi mobile banking sangat mudah digunakan,Transaction,Branch,positive
FB00113,ATM sering tidak bisa digunakan,Mobile Banking,Call Center,negative
FB00699,Apa syarat pengajuan KPR,Savings,ATM,neutral
FB01916,Saya ingin informasi tentang produk tabungan,Card,Mobile App,neutral
FB00952,Saya kecewa karena biaya administrasi terlalu tinggi,ATM,Branch,negative
FB01649,Transaksi saya gagal dan saldo belum kembali,Loan,ATM,negative
FB01637,Bagaimana cara mengganti PIN kartu,Savings,Branch,neutral
FB01886,Petugas bank ramah dan profesional,Customer Service,Mobile App,positive
FB01411,Proses pengajuan kredit terlalu lama,Loan,Mobile App,negative
FB01410,Customer service lambat merespons keluhan saya,Customer Service,Email,negative
FB01534,Aplikasi sulit digunakan dan sering logout,Mobile Banking,ATM,negative
FB01292,Saya kecewa karena biaya administrasi terlalu tinggi,Loan,Branch,negative
FB01809,Transaksi saya gagal dan saldo belum kembali,Customer Service,ATM,negative
FB00442,Aplikasi mobile banking sangat mudah digunakan,Mobile Banking,Branch,positive
FB01521,Saya sangat puas dengan layanan bank ini,Transaction,Mobile App,positive
FB01137,Bagaimana cara mengganti PIN kartu,Customer Service,Branch,neutral
FB01716,Saya ingin informasi tentang produk tabungan,Mobile Banking,Mobile App,neutral
FB01257,Bagaimana cara mengganti PIN kartu,Loan,Branch,neutral
FB01864,Proses transaksi berjalan lancar dan cepat,Transaction,ATM,positive
FB01632,Saya kecewa karena biaya administrasi terlalu tinggi,Mobile Banking,Branch,negative
FB01696,Saya ingin informasi tentang produk tabungan,Transaction,Mobile App,neutral
FB01398,Saya ingin mengetahui limit kartu kredit,Card,Call Center,neutral
FB00664,Proses transaksi berjalan lancar dan cepat,Savings,ATM,positive
FB01836,Saya ingin informasi tentang produk tabungan,Transaction,Mobile App,neutral
FB01258,Saya ingin mengetahui limit kartu kredit,Card,Call Center,neutral
FB01774,Aplikasi sulit digunakan dan sering logout,Customer Service,ATM,negative
FB01701,Saya sangat puas dengan layanan bank ini,ATM,Mobile App,positive
FB00318,Saya ingin mengetahui limit kartu kredit,Customer Service,Call Center,neutral
FB00649,Transaksi saya gagal dan saldo belum kembali,Card,ATM,negative
FB01435,Saya tidak puas dengan pelayanan bank,ATM,Email,negative
FB01480,Saya ingin mengetahui jam operasional cabang,Customer Service,Email,neutral
FB00710,Customer service lambat merespons keluhan saya,Customer Service,Email,negative
FB01383,Pelayanan customer service sangat cepat dan membantu,Loan,Call Center,positive
FB01283,Pelayanan customer service sangat cepat dan membantu,Transaction,Call Center,positive
FB00973,ATM sering tidak bisa digunakan,ATM,Call Center,negative
FB00628,Aplikasi banking sering error saat saya gunakan,Card,Call Center,negative
FB00633,ATM sering tidak bisa digunakan,Customer Service,Call Center,negative
FB01307,Transfer berhasil tanpa masalah,Card,Branch,positive
FB01401,Saya sangat puas dengan layanan bank ini,Mobile Banking,Mobile App,positive
FB01409,Transaksi saya gagal dan saldo belum kembali,Transaction,ATM,negative
FB01249,Transaksi saya gagal dan saldo belum kembali,Customer Service,ATM,negative
FB01953,ATM sering tidak bisa digunakan,ATM,Call Center,negative
FB01255,Saya tidak puas dengan pelayanan bank,Transaction,Email,negative
FB01497,Bagaimana cara mengganti PIN kartu,Savings,Branch,neutral
FB01372,Saya kecewa karena biaya administrasi terlalu tinggi,ATM,Branch,negative
FB01530,Customer service lambat merespons keluhan saya,Loan,Email,negative
FB01664,Proses transaksi berjalan lancar dan cepat,Card,ATM,positive
FB01355,Saya tidak puas dengan pelayanan bank,Loan,Email,negative
FB01926,Petugas bank ramah dan profesional,Mobile Banking,Mobile App,positive
FB01901,Saya sangat puas dengan layanan bank ini,Loan,Mobile App,positive
FB01644,Proses transaksi berjalan lancar dan cepat,Savings,ATM,positive
FB01849,Transaksi saya gagal dan saldo belum kembali,Mobile Banking,ATM,negative
FB00796,Saya ingin informasi tentang produk tabungan,Card,Mobile App,neutral
FB00646,Petugas bank ramah dan profesional,Transaction,Mobile App,positive
FB01013,ATM sering tidak bisa digunakan,Card,Call Center,negative
FB01840,Saya ingin mengetahui jam operasional cabang,Savings,Email,neutral
FB00557,Bagaimana cara mengganti PIN kartu,Loan,Branch,neutral
FB00682,Aplikasi mobile banking sangat mudah digunakan,Customer Service,Branch,positive
FB00578,Saya ingin mengetahui limit kartu kredit,Loan,Call Center,neutral
FB01110,Customer service lambat merespons keluhan saya,Loan,Email,negative
FB01267,Transfer berhasil tanpa masalah,ATM,Branch,positive
FB01723,Pelayanan customer service sangat cepat dan membantu,Mobile Banking,Call Center,positive
FB01184,Proses transaksi berjalan lancar dan cepat,Mobile Banking,ATM,positive
FB00525,Saya suka fitur mobile banking yang lengkap,ATM,Email,positive
FB01060,Saya ingin mengetahui jam operasional cabang,Customer Service,Email,neutral
FB00541,Saya sangat puas dengan layanan bank ini,Transaction,Mobile App,positive
FB01195,Saya tidak puas dengan pelayanan bank,Card,Email,negative
FB01679,Apa syarat pengajuan KPR,Savings,ATM,neutral
FB00749,Transaksi saya gagal dan saldo belum kembali,ATM,ATM,negative
FB01852,Saya kecewa karena biaya administrasi terlalu tinggi,Loan,Branch,negative
FB01431,Proses pengajuan kredit terlalu lama,Customer Service,Mobile App,negative
FB00485,Saya suka fitur mobile banking yang lengkap,Transaction,Email,positive
FB01758,Saya ingin mengetahui limit kartu kredit,Mobile Banking,Call Center,neutral
FB00096,Saya ingin informasi tentang produk tabungan,Card,Mobile App,neutral
FB01021,Saya sangat puas dengan layanan bank ini,Savings,Mobile App,positive
FB00564,Proses transaksi berjalan lancar dan cepat,Loan,ATM,positive
FB01265,Saya suka fitur mobile banking yang lengkap,Card,Email,positive
FB00743,Pelayanan customer service sangat cepat dan membantu,Mobile Banking,Call Center,positive
FB00864,Proses transaksi berjalan lancar dan cepat,Customer Service,ATM,positive
FB01599,Apa syarat pengajuan KPR,Customer Service,ATM,neutral
FB01715,Saya tidak puas dengan pelayanan bank,ATM,Email,negative
FB01485,Saya suka fitur mobile banking yang lengkap,Mobile Banking,Email,positive
FB00892,Saya kecewa karena biaya administrasi terlalu tinggi,Customer Service,Branch,negative
FB01578,Saya ingin mengetahui limit kartu kredit,Customer Service,Call Center,neutral
FB01039,Apa syarat pengajuan KPR,Customer Service,ATM,neutral
FB00207,Transfer berhasil tanpa masalah,Loan,Branch,positive
FB00393,ATM sering tidak bisa digunakan,Mobile Banking,Call Center,negative
FB00795,Saya tidak puas dengan pelayanan bank,Loan,Email,negative
FB00871,Proses pengajuan kredit terlalu lama,Customer Service,Mobile App,negative
FB00398,Saya ingin mengetahui limit kartu kredit,Savings,Call Center,neutral
FB00767,Transfer berhasil tanpa masalah,Loan,Branch,positive
FB01842,Aplikasi mobile banking sangat mudah digunakan,Mobile Banking,Branch,positive
FB01242,Aplikasi mobile banking sangat mudah digunakan,Customer Service,Branch,positive
FB01029,Transaksi saya gagal dan saldo belum kembali,ATM,ATM,negative
FB01793,ATM sering tidak bisa digunakan,Mobile Banking,Call Center,negative
FB00643,Pelayanan customer service sangat cepat dan membantu,Savings,Call Center,positive
FB01892,Saya kecewa karena biaya administrasi terlalu tinggi,Transaction,Branch,negative
FB00613,ATM sering tidak bisa digunakan,Loan,Call Center,negative
FB01763,Pelayanan customer service sangat cepat dan membantu,Savings,Call Center,positive
FB00961,Saya sangat puas dengan layanan bank ini,Transaction,Mobile App,positive
FB01571,Proses pengajuan kredit terlalu lama,Customer Service,Mobile App,negative
FB00726,Petugas bank ramah dan profesional,Card,Mobile App,positive
FB00684,Proses transaksi berjalan lancar dan cepat,Card,ATM,positive
FB00099,Apa syarat pengajuan KPR,Mobile Banking,ATM,neutral
FB00805,Saya suka fitur mobile banking yang lengkap,ATM,Email,positive
FB01752,Saya kecewa karena biaya administrasi terlalu tinggi,Transaction,Branch,negative
FB01598,Saya ingin mengetahui limit kartu kredit,Transaction,Call Center,neutral
FB00407,Transfer berhasil tanpa masalah,Mobile Banking,Branch,positive
FB00503,Pelayanan customer service sangat cepat dan membantu,Savings,Call Center,positive
FB01072,Saya kecewa karena biaya administrasi terlalu tinggi,Mobile Banking,Branch,negative
FB01057,Bagaimana cara mengganti PIN kartu,ATM,Branch,neutral
FB00930,Customer service lambat merespons keluhan saya,Savings,Email,negative
FB00780,Saya ingin mengetahui jam operasional cabang,Customer Service,Email,neutral
FB00201,Saya sangat puas dengan layanan bank ini,Card,Mobile App,positive
FB00135,Saya tidak puas dengan pelayanan bank,Transaction,Email,negative
FB01052,Saya kecewa karena biaya administrasi terlalu tinggi,Transaction,Branch,negative
FB00041,Saya sangat puas dengan layanan bank ini,Savings,Mobile App,positive
FB01018,Saya ingin mengetahui limit kartu kredit,Customer Service,Call Center,neutral
FB00231,Proses pengajuan kredit terlalu lama,ATM,Mobile App,negative
FB01514,Aplikasi sulit digunakan dan sering logout,Transaction,ATM,negative
FB01797,Bagaimana cara mengganti PIN kartu,Card,Branch,neutral
FB00379,Apa syarat pengajuan KPR,Mobile Banking,ATM,neutral
FB00289,Transaksi saya gagal dan saldo belum kembali,Transaction,ATM,negative
FB00419,Apa syarat pengajuan KPR,Savings,ATM,neutral
FB01699,Apa syarat pengajuan KPR,Card,ATM,neutral
FB00392,Saya kecewa karena biaya administrasi terlalu tinggi,ATM,Branch,negative
FB00593,ATM sering tidak bisa digunakan,Card,Call Center,negative
FB01523,Pelayanan customer service sangat cepat dan membantu,Loan,Call Center,positive
FB01163,Pelayanan customer service sangat cepat dan membantu,Mobile Banking,Call Center,positive
FB01087,Transfer berhasil tanpa masalah,Transaction,Branch,positive
FB01496,Saya ingin informasi tentang produk tabungan,Card,Mobile App,neutral
FB00648,Aplikasi banking sering error saat saya gunakan,Loan,Call Center,negative
FB01153,ATM sering tidak bisa digunakan,Card,Call Center,negative
FB01368,Aplikasi banking sering error saat saya gunakan,Customer Service,Call Center,negative
FB00521,Saya sangat puas dengan layanan bank ini,Customer Service,Mobile App,positive
FB01863,Pelayanan customer service sangat cepat dan membantu,Mobile Banking,Call Center,positive
FB00065,Saya suka fitur mobile banking yang lengkap,Transaction,Email,positive
FB01837,Bagaimana cara mengganti PIN kartu,Customer Service,Branch,neutral
FB00015,Saya tidak puas dengan pelayanan bank,Mobile Banking,Email,negative
FB01181,Saya sangat puas dengan layanan bank ini,Card,Mobile App,positive
FB01065,Saya suka fitur mobile banking yang lengkap,Mobile Banking,Email,positive
FB00493,ATM sering tidak bisa digunakan,Customer Service,Call Center,negative
FB00380,Saya ingin mengetahui jam operasional cabang,Transaction,Email,neutral
FB00188,Aplikasi banking sering error saat saya gunakan,Savings,Call Center,negative
FB00764,Proses transaksi berjalan lancar dan cepat,Mobile Banking,ATM,positive
FB00217,Bagaimana cara mengganti PIN kartu,ATM,Branch,neutral
FB00792,Saya kecewa karena biaya administrasi terlalu tinggi,Mobile Banking,Branch,negative
FB01077,Bagaimana cara mengganti PIN kartu,Savings,Branch,neutral
FB00879,Apa syarat pengajuan KPR,Loan,ATM,neutral
FB00338,Saya ingin mengetahui limit kartu kredit,Transaction,Call Center,neutral
FB01773,ATM sering tidak bisa digunakan,Transaction,Call Center,negative
FB00720,Saya ingin mengetahui jam operasional cabang,Savings,Email,neutral
FB01749,Transaksi saya gagal dan saldo belum kembali,Savings,ATM,negative
FB00296,Saya ingin informasi tentang produk tabungan,Transaction,Mobile App,neutral
FB01726,Petugas bank ramah dan profesional,Loan,Mobile App,positive
FB01017,Bagaimana cara mengganti PIN kartu,Transaction,Branch,neutral
FB01276,Saya ingin informasi tentang produk tabungan,Transaction,Mobile App,neutral
FB01751,Proses pengajuan kredit terlalu lama,Mobile Banking,Mobile App,negative
FB01486,Petugas bank ramah dan profesional,Transaction,Mobile App,positive
FB00456,Saya ingin informasi tentang produk tabungan,Mobile Banking,Mobile App,neutral
FB01997,Bagaimana cara mengganti PIN kartu,Transaction,Branch,neutral
FB00816,Saya ingin informasi tentang produk tabungan,Loan,Mobile App,neutral
FB01887,Transfer berhasil tanpa masalah,Loan,Branch,positive
FB00270,Customer service lambat merespons keluhan saya,Loan,Email,negative
FB00996,Saya ingin informasi tentang produk tabungan,Transaction,Mobile App,neutral
FB00202,Aplikasi mobile banking sangat mudah digunakan,Savings,Branch,positive
FB00162,Aplikasi mobile banking sangat mudah digunakan,Mobile Banking,Branch,positive
FB01580,Saya ingin mengetahui jam operasional cabang,Card,Email,neutral
FB00730,Customer service lambat merespons keluhan saya,Transaction,Email,negative
FB00402,Aplikasi mobile banking sangat mudah digunakan,Customer Service,Branch,positive
FB00703,Pelayanan customer service sangat cepat dan membantu,Customer Service,Call Center,positive
FB01501,Saya sangat puas dengan layanan bank ini,Customer Service,Mobile App,positive
FB01846,Petugas bank ramah dan profesional,Card,Mobile App,positive
FB01796,Saya ingin informasi tentang produk tabungan,Loan,Mobile App,neutral
FB01130,Customer service lambat merespons keluhan saya,Customer Service,Email,negative
FB00566,Petugas bank ramah dan profesional,Savings,Mobile App,positive
FB01414,Aplikasi sulit digunakan dan sering logout,ATM,ATM,negative
FB01022,Aplikasi mobile banking sangat mudah digunakan,ATM,Branch,positive
FB01026,Petugas bank ramah dan profesional,Loan,Mobile App,positive
FB01412,Saya kecewa karena biaya administrasi terlalu tinggi,Card,Branch,negative
FB01896,Saya ingin informasi tentang produk tabungan,Savings,Mobile App,neutral
FB01586,Petugas bank ramah dan profesional,Loan,Mobile App,positive
FB01105,Saya suka fitur mobile banking yang lengkap,Savings,Email,positive
FB00206,Petugas bank ramah dan profesional,Customer Service,Mobile App,positive
FB00035,Saya tidak puas dengan pelayanan bank,ATM,Email,negative
FB00776,Saya ingin informasi tentang produk tabungan,Savings,Mobile App,neutral
FB00509,Transaksi saya gagal dan saldo belum kembali,Card,ATM,negative
FB01452,Saya kecewa karena biaya administrasi terlalu tinggi,Customer Service,Branch,negative
FB01479,Apa syarat pengajuan KPR,Transaction,ATM,neutral
FB01971,Proses pengajuan kredit terlalu lama,Loan,Mobile App,negative
FB01391,Proses pengajuan kredit terlalu lama,Card,Mobile App,negative
FB00092,Saya kecewa karena biaya administrasi terlalu tinggi,Mobile Banking,Branch,negative
FB01364,Proses transaksi berjalan lancar dan cepat,Savings,ATM,positive
FB00898,Saya ingin mengetahui limit kartu kredit,Transaction,Call Center,neutral
FB00565,Saya suka fitur mobile banking yang lengkap,Card,Email,positive
FB01370,Customer service lambat merespons keluhan saya,Card,Email,negative
FB00777,Bagaimana cara mengganti PIN kartu,ATM,Branch,neutral
FB00242,Aplikasi mobile banking sangat mudah digunakan,Loan,Branch,positive
FB00014,Aplikasi sulit digunakan dan sering logout,ATM,ATM,negative
FB00316,Saya ingin informasi tentang produk tabungan,Mobile Banking,Mobile App,neutral
FB00601,Saya sangat puas dengan layanan bank ini,Savings,Mobile App,positive
FB00388,Aplikasi banking sering error saat saya gunakan,Customer Service,Call Center,negative
FB01298,Saya ingin mengetahui limit kartu kredit,Customer Service,Call Center,neutral
FB00167,Transfer berhasil tanpa masalah,Savings,Branch,positive
FB00841,Saya sangat puas dengan layanan bank ini,Mobile Banking,Mobile App,positive
FB00021,Saya sangat puas dengan layanan bank ini,ATM,Mobile App,positive
FB00647,Transfer berhasil tanpa masalah,Customer Service,Branch,positive
FB01843,Pelayanan customer service sangat cepat dan membantu,Transaction,Call Center,positive
FB01509,Transaksi saya gagal dan saldo belum kembali,Loan,ATM,negative
FB01155,Saya tidak puas dengan pelayanan bank,ATM,Email,negative
FB01529,Transaksi saya gagal dan saldo belum kembali,Customer Service,ATM,negative
FB00832,Saya kecewa karena biaya administrasi terlalu tinggi,Savings,Branch,negative
FB01268,Aplikasi banking sering error saat saya gunakan,Mobile Banking,Call Center,negative
FB01591,Proses pengajuan kredit terlalu lama,Transaction,Mobile App,negative
FB01900,Saya ingin mengetahui jam operasional cabang,Customer Service,Email,neutral
FB00563,Pelayanan customer service sangat cepat dan membantu,Customer Service,Call Center,positive
FB01952,Saya kecewa karena biaya administrasi terlalu tinggi,Savings,Branch,negative
FB00687,Transfer berhasil tanpa masalah,Mobile Banking,Branch,positive
FB00958,Saya ingin mengetahui limit kartu kredit,Savings,Call Center,neutral
FB00190,Customer service lambat merespons keluhan saya,Mobile Banking,Email,negative
FB01807,Transfer berhasil tanpa masalah,Mobile Banking,Branch,positive
FB00976,Saya ingin informasi tentang produk tabungan,Customer Service,Mobile App,neutral
FB00700,Saya ingin mengetahui jam operasional cabang,ATM,Email,neutral
FB01500,Saya ingin mengetahui jam operasional cabang,Transaction,Email,neutral
FB01706,Petugas bank ramah dan profesional,Card,Mobile App,positive
FB00511,Proses pengajuan kredit terlalu lama,ATM,Mobile App,negative
FB01083,Pelayanan customer service sangat cepat dan membantu,Card,Call Center,positive
FB00475,Saya tidak puas dengan pelayanan bank,Savings,Email,negative
FB01585,Saya suka fitur mobile banking yang lengkap,Customer Service,Email,positive
FB00857,Bagaimana cara mengganti PIN kartu,Customer Service,Branch,neutral
FB00748,Aplikasi banking sering error saat saya gunakan,Savings,Call Center,negative
FB00253,ATM sering tidak bisa digunakan,Mobile Banking,Call Center,negative
FB00022,Aplikasi mobile banking sangat mudah digunakan,Mobile Banking,Branch,positive
FB01338,Saya ingin mengetahui limit kartu kredit,Mobile Banking,Call Center,neutral
FB00460,Saya ingin mengetahui jam operasional cabang,Card,Email,neutral
FB01185,Saya suka fitur mobile banking yang lengkap,Transaction,Email,positive
FB00277,Bagaimana cara mengganti PIN kartu,Loan,Branch,neutral
FB00956,Saya ingin informasi tentang produk tabungan,Loan,Mobile App,neutral
FB01216,Saya ingin informasi tentang produk tabungan,Card,Mobile App,neutral
FB00386,Petugas bank ramah dan profesional,Mobile Banking,Mobile App,positive
FB00806,Petugas bank ramah dan profesional,Mobile Banking,Mobile App,positive
FB01438,Saya ingin mengetahui limit kartu kredit,Customer Service,Call Center,neutral
FB01516,Saya ingin informasi tentang produk tabungan,Loan,Mobile App,neutral
FB00344,Proses transaksi berjalan lancar dan cepat,Mobile Banking,ATM,positive
FB00770,Customer service lambat merespons keluhan saya,ATM,Email,negative
FB01333,ATM sering tidak bisa digunakan,Customer Service,Call Center,negative
FB01686,Petugas bank ramah dan profesional,Savings,Mobile App,positive
FB00131,Proses pengajuan kredit terlalu lama,Card,Mobile App,negative
FB01688,Aplikasi banking sering error saat saya gunakan,Mobile Banking,Call Center,negative
FB00872,Saya kecewa karena biaya administrasi terlalu tinggi,Loan,Branch,negative
FB01124,Proses transaksi berjalan lancar dan cepat,Loan,ATM,positive
FB01397,Bagaimana cara mengganti PIN kartu,Loan,Branch,neutral
FB00088,Aplikasi banking sering error saat saya gunakan,Loan,Call Center,negative
FB01483,Pelayanan customer service sangat cepat dan membantu,Savings,Call Center,positive
FB00331,Proses pengajuan kredit terlalu lama,Transaction,Mobile App,negative
FB01239,Apa syarat pengajuan KPR,ATM,ATM,neutral
FB00467,Transfer berhasil tanpa masalah,Card,Branch,positive
FB00122,Aplikasi mobile banking sangat mudah digunakan,Customer Service,Branch,positive
FB01639,Apa syarat pengajuan KPR,Mobile Banking,ATM,neutral
FB01045,Saya suka fitur mobile banking yang lengkap,Transaction,Email,positive
FB01725,Saya suka fitur mobile banking yang lengkap,Customer Service,Email,positive
FB01096,Saya ingin informasi tentang produk tabungan,Loan,Mobile App,neutral
FB01131,Proses pengajuan kredit terlalu lama,Loan,Mobile App,negative
FB01295,Saya tidak puas dengan pelayanan bank,ATM,Email,negative
FB00861,Saya sangat puas dengan layanan bank ini,ATM,Mobile App,positive
FB01460,Saya ingin mengetahui jam operasional cabang,Loan,Email,neutral
FB01127,Transfer berhasil tanpa masalah,ATM,Branch,positive
