Customer_ID,Age,Monthly_Income,Avg_Balance,Monthly_Transactions,Credit_Card_Spend,Loan_Balance,Investment_Balance,Digital_Usage_Score,ATM_Transactions,Branch_Visits,Tenure_Years,Credit_Score,Product_Count
C00001,35.0,13543000.0,31539000.0,20.0,2627000.0,40395000.0,13474000.0,58.0,16.0,10.0,6.0,744.0,3.0
C00002,25.0,14859000.0,18688000.0,22.0,1873000.0,22177000.0,8210000.0,,10.0,4.0,5.0,664.0,4.0
C00003,47.0,20423000.0,33124000.0,32.0,2601000.0,31550000.0,18914000.0,63.0,12.0,4.0,5.0,715.0,3.0
C00004,31.0,15699000.0,15146000.0,19.0,1534000.0,17182000.0,11148000.0,59.0,14.0,8.0,3.0,709.0,3.0
C00005,23.0,8634000.0,37578000.0,36.0,2913000.0,29498000.0,23096000.0,68.0,8.0,3.0,4.0,724.0,4.0
C00006,35.0,12044000.0,31459000.0,33.0,2123000.0,22184000.0,34235000.0,72.0,7.0,7.0,5.0,739.0,3.0
C00007,48.0,12927000.0,56930000.0,30.0,1681000.0,17901000.0,16732000.0,72.0,7.0,7.0,8.0,727.0,1.0
C00008,39.0,12173000.0,17299000.0,27.0,1531000.0,46355000.0,20992000.0,71.0,4.0,4.0,8.0,695.0,1.0
C00009,42.0,12051000.0,39389000.0,29.0,1683000.0,28904000.0,5351000.0,61.0,8.0,4.0,4.0,734.0,3.0
C00010,41.0,17029000.0,28929000.0,26.0,3589000.0,73873000.0,13713000.0,67.0,14.0,7.0,6.0,730.0,4.0
C00011,34.0,12307000.0,22540000.0,6.0,1778000.0,28785000.0,9872000.0,62.0,8.0,5.0,4.0,666.0,1.0
C00012,31.0,7230000.0,40294000.0,44.0,3493000.0,20958000.0,17300000.0,97.0,12.0,0.0,4.0,637.0,3.0
C00013,23.0,12821000.0,9468000.0,34.0,2333000.0,22404000.0,30474000.0,81.0,7.0,4.0,5.0,680.0,3.0
C00014,40.0,11569000.0,22063000.0,29.0,4054000.0,13669000.0,18244000.0,60.0,17.0,6.0,4.0,777.0,2.0
C00015,19.0,7791000.0,12838000.0,26.0,2738000.0,15071000.0,25995000.0,52.0,8.0,6.0,3.0,725.0,1.0
C00016,36.0,8339000.0,32426000.0,34.0,1655000.0,43000000.0,33775000.0,70.0,10.0,4.0,4.0,705.0,2.0
C00017,40.0,6422000.0,37529000.0,20.0,1330000.0,34642000.0,18946000.0,49.0,10.0,6.0,6.0,695.0,2.0
C00018,33.0,10604000.0,29371000.0,28.0,1542000.0,16784000.0,14527000.0,66.0,7.0,6.0,7.0,714.0,3.0
C00019,43.0,11298000.0,41610000.0,7.0,2981000.0,33410000.0,11484000.0,40.0,17.0,7.0,6.0,703.0,2.0
C00020,19.0,7444000.0,10663000.0,15.0,1048000.0,13988000.0,9455000.0,39.0,13.0,3.0,3.0,679.0,1.0
C00021,36.0,22313000.0,20590000.0,15.0,3262000.0,41222000.0,7791000.0,58.0,15.0,9.0,6.0,755.0,4.0
C00022,25.0,10829000.0,17758000.0,15.0,3463000.0,39498000.0,36071000.0,,10.0,7.0,5.0,726.0,2.0
C00023,39.0,11339000.0,26783000.0,21.0,2084000.0,27198000.0,10047000.0,62.0,12.0,7.0,7.0,661.0,3.0
C00024,33.0,16211000.0,30137000.0,26.0,3423000.0,85025000.0,22331000.0,62.0,8.0,3.0,5.0,754.0,3.0
C00025,23.0,13166000.0,16715000.0,30.0,3426000.0,50325000.0,51165000.0,72.0,4.0,4.0,0.0,707.0,3.0
C00026,44.0,15865000.0,23320000.0,17.0,1823000.0,39045000.0,5124000.0,29.0,13.0,7.0,5.0,686.0,2.0
C00027,28.0,5960000.0,26629000.0,8.0,3310000.0,20899000.0,7367000.0,43.0,14.0,7.0,3.0,713.0,1.0
C00028,26.0,21276000.0,,46.0,2808000.0,212205000.0,72802000.0,100.0,4.0,0.0,2.0,791.0,3.0
C00029,38.0,7779000.0,26111000.0,12.0,1330000.0,20135000.0,3330000.0,32.0,14.0,1.0,8.0,687.0,1.0
C00030,23.0,15695000.0,30063000.0,34.0,1651000.0,31813000.0,18539000.0,68.0,12.0,8.0,4.0,693.0,3.0
C00031,32.0,7798000.0,13318000.0,17.0,835000.0,37252000.0,6601000.0,57.0,15.0,6.0,8.0,682.0,1.0
C00032,54.0,14779000.0,84222000.0,34.0,2614000.0,55691000.0,23766000.0,58.0,9.0,9.0,6.0,737.0,5.0
C00033,29.0,6521000.0,26679000.0,45.0,3536000.0,21651000.0,44817000.0,100.0,13.0,6.0,2.0,666.0,5.0
C00034,32.0,12431000.0,17935000.0,28.0,3170000.0,31515000.0,22576000.0,62.0,16.0,6.0,5.0,698.0,4.0
C00035,30.0,11835000.0,17695000.0,18.0,995000.0,5504000.0,10478000.0,45.0,11.0,6.0,4.0,613.0,3.0
C00036,39.0,23358000.0,38484000.0,28.0,3645000.0,66124000.0,10414000.0,69.0,4.0,6.0,6.0,684.0,5.0
C00037,45.0,23466000.0,50652000.0,20.0,1876000.0,58456000.0,21273000.0,75.0,5.0,7.0,7.0,703.0,5.0
C00038,49.0,9922000.0,22047000.0,22.0,2114000.0,47504000.0,2523000.0,76.0,5.0,3.0,7.0,672.0,3.0
C00039,46.0,23630000.0,66843000.0,11.0,2378000.0,29962000.0,45979000.0,50.0,18.0,10.0,7.0,723.0,2.0
C00040,32.0,13097000.0,14113000.0,24.0,1957000.0,27215000.0,6218000.0,48.0,10.0,2.0,4.0,720.0,5.0
C00041,48.0,25213000.0,21265000.0,15.0,3139000.0,31862000.0,16461000.0,35.0,12.0,5.0,6.0,766.0,6.0
C00042,32.0,6557000.0,25485000.0,13.0,1146000.0,27766000.0,3296000.0,59.0,9.0,7.0,7.0,672.0,1.0
C00043,34.0,8769000.0,63682000.0,21.0,3056000.0,36417000.0,8911000.0,,7.0,4.0,6.0,659.0,1.0
C00044,41.0,7435000.0,,33.0,3662000.0,43515000.0,26115000.0,77.0,14.0,10.0,6.0,719.0,5.0
C00045,36.0,7924000.0,30815000.0,31.0,2216000.0,10827000.0,8530000.0,71.0,10.0,8.0,4.0,705.0,4.0
C00046,44.0,21701000.0,69901000.0,31.0,6695000.0,21944000.0,45884000.0,71.0,17.0,9.0,8.0,685.0,8.0
C00047,24.0,9264000.0,23554000.0,17.0,1457000.0,30802000.0,29535000.0,53.0,13.0,8.0,4.0,750.0,3.0
C00048,22.0,6447000.0,22701000.0,26.0,1525000.0,21335000.0,7626000.0,71.0,14.0,4.0,1.0,641.0,1.0
C00049,30.0,11290000.0,5722000.0,16.0,1298000.0,21973000.0,3807000.0,86.0,5.0,0.0,1.0,614.0,2.0
C00050,21.0,13576000.0,53833000.0,35.0,6208000.0,74934000.0,174388000.0,65.0,9.0,10.0,2.0,781.0,2.0
C00051,31.0,8588000.0,56328000.0,44.0,7828000.0,9741000.0,36416000.0,77.0,8.0,2.0,5.0,612.0,5.0
C00052,41.0,11600000.0,26015000.0,24.0,5548000.0,36445000.0,6838000.0,41.0,9.0,10.0,6.0,764.0,1.0
C00053,29.0,7980000.0,16989000.0,33.0,2501000.0,83518000.0,9756000.0,73.0,12.0,6.0,5.0,680.0,2.0
C00054,50.0,12281000.0,53218000.0,31.0,2731000.0,89895000.0,22699000.0,63.0,9.0,5.0,6.0,739.0,4.0
C00055,30.0,19420000.0,15843000.0,43.0,1651000.0,13077000.0,35643000.0,83.0,10.0,4.0,6.0,751.0,4.0
C00056,38.0,,22616000.0,7.0,1689000.0,54915000.0,8159000.0,72.0,10.0,6.0,7.0,709.0,1.0
C00057,32.0,12796000.0,55686000.0,24.0,2441000.0,64655000.0,38823000.0,58.0,11.0,6.0,6.0,759.0,3.0
C00058,29.0,10159000.0,16891000.0,29.0,3425000.0,21656000.0,8881000.0,57.0,7.0,8.0,6.0,655.0,5.0
C00059,33.0,11122000.0,25276000.0,32.0,3140000.0,8016000.0,22733000.0,64.0,11.0,8.0,2.0,615.0,5.0
C00060,41.0,7260000.0,27199000.0,30.0,2624000.0,13588000.0,8940000.0,67.0,9.0,5.0,5.0,652.0,3.0
C00061,43.0,7850000.0,61059000.0,31.0,2586000.0,53395000.0,11199000.0,66.0,13.0,4.0,8.0,716.0,2.0
C00062,23.0,16477000.0,25822000.0,43.0,4061000.0,16392000.0,25342000.0,98.0,4.0,5.0,4.0,685.0,5.0
C00063,46.0,19231000.0,48858000.0,40.0,4413000.0,86964000.0,29173000.0,78.0,10.0,0.0,4.0,729.0,4.0
C00064,34.0,13126000.0,15691000.0,12.0,2916000.0,40241000.0,16785000.0,50.0,17.0,8.0,4.0,706.0,4.0
C00065,46.0,15047000.0,68793000.0,40.0,7805000.0,30865000.0,29842000.0,89.0,7.0,4.0,7.0,758.0,5.0
C00066,37.0,7288000.0,41945000.0,23.0,1114000.0,39538000.0,5447000.0,59.0,13.0,4.0,7.0,684.0,1.0
C00067,51.0,10245000.0,29323000.0,16.0,2853000.0,13477000.0,3825000.0,57.0,12.0,7.0,9.0,687.0,2.0
C00068,25.0,14571000.0,10716000.0,35.0,875000.0,26618000.0,34033000.0,87.0,14.0,4.0,4.0,708.0,3.0
C00069,18.0,22223000.0,9194000.0,37.0,3509000.0,15001000.0,20665000.0,86.0,8.0,1.0,1.0,733.0,3.0
C00070,18.0,8762000.0,14785000.0,42.0,1420000.0,27791000.0,11860000.0,100.0,9.0,5.0,3.0,581.0,4.0
C00071,37.0,19779000.0,27844000.0,21.0,2046000.0,32339000.0,17660000.0,77.0,8.0,1.0,5.0,695.0,3.0
C00072,34.0,12886000.0,25509000.0,18.0,1865000.0,7664000.0,9190000.0,75.0,8.0,7.0,6.0,671.0,5.0
C00073,37.0,7576000.0,36760000.0,31.0,3806000.0,14136000.0,17805000.0,70.0,7.0,1.0,6.0,654.0,5.0
C00074,45.0,11594000.0,61779000.0,38.0,2004000.0,59161000.0,39571000.0,71.0,12.0,4.0,7.0,757.0,4.0
C00075,39.0,15097000.0,36441000.0,40.0,2563000.0,62354000.0,53278000.0,87.0,6.0,4.0,6.0,746.0,6.0
C00076,45.0,13130000.0,19955000.0,6.0,940000.0,318328000.0,9242000.0,50.0,13.0,5.0,10.0,792.0,1.0
C00077,46.0,22816000.0,16083000.0,8.0,1527000.0,37749000.0,3623000.0,37.0,14.0,8.0,6.0,670.0,5.0
C00078,27.0,13213000.0,42964000.0,25.0,5985000.0,30179000.0,5005000.0,50.0,16.0,7.0,6.0,710.0,5.0
C00079,23.0,10981000.0,4776000.0,18.0,2441000.0,12958000.0,24310000.0,69.0,7.0,6.0,5.0,734.0,3.0
C00080,34.0,21296000.0,29128000.0,30.0,2195000.0,86470000.0,29667000.0,66.0,9.0,7.0,6.0,727.0,5.0
C00081,32.0,9266000.0,28389000.0,33.0,3092000.0,20379000.0,14405000.0,87.0,10.0,5.0,4.0,666.0,3.0
C00082,26.0,7278000.0,30666000.0,24.0,5832000.0,9101000.0,5301000.0,52.0,12.0,8.0,5.0,631.0,2.0
C00083,18.0,10472000.0,10832000.0,19.0,1366000.0,22689000.0,8065000.0,51.0,7.0,4.0,3.0,639.0,1.0
C00084,37.0,15728000.0,64817000.0,47.0,4048000.0,16393000.0,33232000.0,86.0,13.0,2.0,6.0,700.0,7.0
C00085,30.0,5046000.0,21801000.0,13.0,1456000.0,13457000.0,6539000.0,55.0,9.0,7.0,7.0,677.0,2.0
C00086,30.0,13105000.0,60769000.0,30.0,5602000.0,14045000.0,28344000.0,77.0,6.0,4.0,2.0,661.0,8.0
C00087,30.0,8801000.0,14347000.0,30.0,2213000.0,16023000.0,7779000.0,81.0,7.0,6.0,6.0,628.0,5.0
C00088,31.0,,11584000.0,9.0,784000.0,16349000.0,11954000.0,65.0,13.0,5.0,7.0,684.0,1.0
C00089,40.0,14200000.0,20618000.0,24.0,2475000.0,25750000.0,33715000.0,60.0,4.0,6.0,6.0,771.0,5.0
C00090,24.0,24907000.0,6064000.0,31.0,4649000.0,14526000.0,28887000.0,78.0,13.0,2.0,4.0,752.0,5.0
C00091,36.0,29662000.0,51380000.0,42.0,5210000.0,73994000.0,26262000.0,71.0,7.0,7.0,4.0,782.0,6.0
C00092,36.0,13480000.0,41013000.0,24.0,2250000.0,36995000.0,6215000.0,70.0,11.0,4.0,5.0,706.0,3.0
C00093,34.0,6392000.0,19379000.0,11.0,1129000.0,10733000.0,2960000.0,41.0,10.0,5.0,7.0,574.0,1.0
C00094,29.0,14997000.0,50951000.0,46.0,10960000.0,32957000.0,90621000.0,54.0,18.0,10.0,5.0,756.0,3.0
C00095,38.0,9045000.0,22903000.0,23.0,2022000.0,42798000.0,36061000.0,81.0,9.0,5.0,7.0,725.0,2.0
C00096,39.0,16770000.0,13211000.0,32.0,3029000.0,55379000.0,8284000.0,94.0,3.0,3.0,5.0,699.0,4.0
C00097,44.0,18021000.0,40283000.0,23.0,3010000.0,27091000.0,14108000.0,62.0,9.0,6.0,7.0,706.0,5.0
C00098,29.0,7968000.0,54372000.0,36.0,2232000.0,21379000.0,5084000.0,70.0,9.0,4.0,6.0,692.0,3.0
C00099,48.0,14447000.0,62044000.0,21.0,2454000.0,76191000.0,23805000.0,48.0,11.0,5.0,5.0,726.0,3.0
C00100,37.0,,44891000.0,24.0,1055000.0,11596000.0,4880000.0,61.0,14.0,9.0,8.0,643.0,1.0
C00101,48.0,11932000.0,36347000.0,2.0,2184000.0,22951000.0,28151000.0,17.0,16.0,12.0,10.0,666.0,5.0
C00102,36.0,17109000.0,24530000.0,37.0,7435000.0,20543000.0,10363000.0,65.0,5.0,4.0,4.0,684.0,6.0
C00103,20.0,9548000.0,9851000.0,33.0,1825000.0,10185000.0,43611000.0,77.0,7.0,8.0,5.0,645.0,2.0
C00104,45.0,16183000.0,13821000.0,28.0,2244000.0,50944000.0,21905000.0,68.0,9.0,2.0,4.0,751.0,4.0
C00105,25.0,9183000.0,17382000.0,44.0,4379000.0,22151000.0,15303000.0,86.0,5.0,0.0,4.0,661.0,5.0
C00106,36.0,,21828000.0,35.0,2841000.0,39307000.0,19564000.0,92.0,9.0,0.0,3.0,685.0,5.0
C00107,28.0,11157000.0,16393000.0,16.0,2423000.0,18142000.0,21120000.0,46.0,13.0,4.0,7.0,733.0,2.0
C00108,46.0,4330000.0,29760000.0,28.0,3547000.0,13570000.0,9718000.0,62.0,11.0,5.0,8.0,601.0,3.0
C00109,23.0,7873000.0,12599000.0,22.0,2119000.0,36553000.0,23945000.0,64.0,14.0,5.0,2.0,691.0,2.0
C00110,32.0,13370000.0,14626000.0,20.0,870000.0,108082000.0,18349000.0,62.0,3.0,5.0,7.0,725.0,3.0
C00111,39.0,16060000.0,21876000.0,18.0,2838000.0,141394000.0,47082000.0,66.0,8.0,5.0,8.0,736.0,3.0
C00112,30.0,11939000.0,13328000.0,18.0,1561000.0,9376000.0,6048000.0,41.0,15.0,8.0,4.0,686.0,1.0
C00113,36.0,11420000.0,22035000.0,24.0,5110000.0,27190000.0,6525000.0,72.0,14.0,4.0,5.0,680.0,4.0
C00114,38.0,13302000.0,22360000.0,20.0,2257000.0,35299000.0,13037000.0,58.0,16.0,5.0,7.0,740.0,2.0
C00115,25.0,8892000.0,19752000.0,31.0,4048000.0,16798000.0,13452000.0,64.0,10.0,4.0,2.0,672.0,4.0
C00116,32.0,15952000.0,10329000.0,40.0,3767000.0,12812000.0,9424000.0,87.0,11.0,7.0,3.0,707.0,5.0
C00117,18.0,5469000.0,3806000.0,18.0,1592000.0,4541000.0,9828000.0,77.0,11.0,1.0,5.0,631.0,1.0
C00118,44.0,8941000.0,45865000.0,27.0,2043000.0,45716000.0,10646000.0,,11.0,3.0,7.0,754.0,2.0
C00119,25.0,7505000.0,28216000.0,34.0,4040000.0,16382000.0,9986000.0,56.0,14.0,7.0,4.0,633.0,4.0
C00120,29.0,10267000.0,31631000.0,22.0,4259000.0,34328000.0,19921000.0,49.0,16.0,9.0,5.0,694.0,3.0
C00121,43.0,4892000.0,40781000.0,37.0,4657000.0,32476000.0,18283000.0,83.0,13.0,6.0,6.0,646.0,2.0
C00122,45.0,8087000.0,27057000.0,27.0,3985000.0,19500000.0,26703000.0,68.0,10.0,4.0,6.0,654.0,5.0
C00123,30.0,19887000.0,,1.0,1337000.0,33900000.0,10315000.0,43.0,9.0,6.0,6.0,735.0,2.0
C00124,26.0,15807000.0,13088000.0,38.0,2331000.0,22191000.0,22645000.0,85.0,6.0,6.0,4.0,674.0,4.0
C00125,31.0,15047000.0,38767000.0,27.0,5224000.0,18280000.0,12849000.0,72.0,7.0,4.0,5.0,645.0,4.0
C00126,25.0,12700000.0,28283000.0,14.0,4853000.0,18048000.0,7539000.0,44.0,11.0,13.0,7.0,683.0,2.0
C00127,58.0,18951000.0,43963000.0,20.0,4530000.0,49443000.0,8881000.0,66.0,6.0,6.0,7.0,649.0,5.0
C00128,34.0,11342000.0,35403000.0,26.0,1322000.0,37807000.0,8011000.0,66.0,8.0,4.0,3.0,664.0,1.0
C00129,29.0,11374000.0,24451000.0,31.0,6858000.0,22593000.0,33925000.0,83.0,10.0,5.0,5.0,709.0,6.0
C00130,35.0,19202000.0,15547000.0,23.0,1546000.0,32554000.0,4307000.0,51.0,11.0,7.0,5.0,680.0,1.0
C00131,49.0,9572000.0,129071000.0,35.0,5365000.0,27459000.0,22391000.0,92.0,10.0,3.0,9.0,734.0,5.0
C00132,35.0,22408000.0,39674000.0,25.0,2793000.0,42452000.0,42303000.0,74.0,11.0,6.0,4.0,776.0,3.0
C00133,24.0,10254000.0,9421000.0,12.0,1319000.0,19022000.0,14133000.0,66.0,9.0,5.0,3.0,657.0,1.0
C00134,18.0,11943000.0,14701000.0,16.0,1212000.0,12340000.0,34299000.0,54.0,12.0,9.0,1.0,668.0,2.0
C00135,44.0,9745000.0,28712000.0,24.0,2072000.0,20044000.0,16279000.0,78.0,11.0,4.0,6.0,726.0,3.0
C00136,45.0,32601000.0,27703000.0,20.0,2911000.0,25748000.0,7463000.0,62.0,10.0,6.0,5.0,744.0,5.0
C00137,40.0,19521000.0,62706000.0,46.0,4306000.0,31528000.0,12086000.0,76.0,10.0,6.0,5.0,700.0,5.0
C00138,27.0,10426000.0,69251000.0,31.0,4642000.0,29665000.0,10152000.0,77.0,10.0,9.0,4.0,749.0,6.0
C00139,36.0,6665000.0,61385000.0,25.0,4087000.0,11859000.0,14358000.0,76.0,9.0,7.0,2.0,629.0,4.0
C00140,26.0,4401000.0,13956000.0,22.0,1905000.0,6267000.0,4991000.0,48.0,9.0,11.0,2.0,671.0,1.0
C00141,48.0,8215000.0,38802000.0,32.0,788000.0,52031000.0,7240000.0,73.0,6.0,4.0,8.0,691.0,2.0
C00142,26.0,10850000.0,14454000.0,38.0,5518000.0,22844000.0,16016000.0,,8.0,6.0,4.0,636.0,2.0
C00143,43.0,13585000.0,15788000.0,11.0,1815000.0,18108000.0,11351000.0,58.0,12.0,4.0,3.0,692.0,1.0
C00144,20.0,7721000.0,25623000.0,26.0,2513000.0,28317000.0,8595000.0,57.0,13.0,9.0,4.0,670.0,2.0
C00145,40.0,13965000.0,18135000.0,1.0,811000.0,7999000.0,1696000.0,39.0,16.0,5.0,4.0,654.0,2.0
C00146,46.0,6593000.0,48191000.0,29.0,5169000.0,46207000.0,14224000.0,48.0,16.0,8.0,8.0,647.0,3.0
C00147,37.0,16239000.0,31287000.0,22.0,3206000.0,30247000.0,32742000.0,78.0,15.0,4.0,5.0,717.0,4.0
C00148,37.0,9979000.0,76399000.0,15.0,4104000.0,5251000.0,12080000.0,46.0,16.0,9.0,5.0,625.0,6.0
C00149,40.0,13199000.0,28393000.0,18.0,1135000.0,20023000.0,3327000.0,59.0,11.0,4.0,6.0,665.0,3.0
C00150,52.0,20544000.0,86197000.0,26.0,4943000.0,26632000.0,5676000.0,72.0,10.0,5.0,10.0,724.0,5.0
C00151,32.0,22682000.0,18938000.0,26.0,2078000.0,51683000.0,31333000.0,76.0,9.0,2.0,4.0,762.0,1.0
C00152,39.0,10419000.0,,41.0,2574000.0,35595000.0,19081000.0,,7.0,7.0,7.0,715.0,1.0
C00153,43.0,9276000.0,51076000.0,36.0,5942000.0,49639000.0,14735000.0,76.0,5.0,5.0,8.0,780.0,7.0
C00154,20.0,9872000.0,12826000.0,33.0,3038000.0,9032000.0,3165000.0,82.0,11.0,0.0,1.0,650.0,2.0
C00155,58.0,22601000.0,95724000.0,21.0,3107000.0,31354000.0,13145000.0,83.0,6.0,7.0,5.0,777.0,4.0
C00156,40.0,7127000.0,21908000.0,30.0,3896000.0,61074000.0,11327000.0,53.0,14.0,5.0,4.0,742.0,1.0
C00157,29.0,,40513000.0,34.0,5110000.0,37484000.0,40874000.0,76.0,7.0,6.0,6.0,733.0,5.0
C00158,36.0,9124000.0,35877000.0,32.0,2372000.0,14360000.0,5122000.0,75.0,14.0,6.0,5.0,650.0,2.0
C00159,22.0,6733000.0,20424000.0,30.0,2323000.0,16560000.0,23757000.0,45.0,17.0,9.0,4.0,677.0,4.0
C00160,40.0,21897000.0,28838000.0,35.0,5019000.0,64472000.0,30585000.0,63.0,12.0,9.0,6.0,731.0,4.0
C00161,26.0,8511000.0,27455000.0,39.0,872000.0,14768000.0,60756000.0,78.0,11.0,1.0,3.0,720.0,1.0
C00162,41.0,9903000.0,39041000.0,2.0,1378000.0,37172000.0,3268000.0,49.0,10.0,6.0,7.0,740.0,2.0
C00163,32.0,8449000.0,21308000.0,23.0,1485000.0,17414000.0,15275000.0,47.0,18.0,8.0,2.0,680.0,3.0
C00164,35.0,15525000.0,33744000.0,27.0,4405000.0,27817000.0,20096000.0,51.0,15.0,5.0,6.0,745.0,3.0
C00165,40.0,11625000.0,8781000.0,12.0,3920000.0,6570000.0,2532000.0,33.0,11.0,6.0,5.0,613.0,4.0
C00166,37.0,15348000.0,17768000.0,5.0,3239000.0,36017000.0,22822000.0,40.0,16.0,8.0,6.0,723.0,3.0
C00167,45.0,14831000.0,21026000.0,12.0,2164000.0,28579000.0,11616000.0,51.0,11.0,7.0,4.0,660.0,3.0
C00168,19.0,17284000.0,27856000.0,21.0,2866000.0,56273000.0,56926000.0,76.0,10.0,3.0,3.0,738.0,3.0
C00169,50.0,16682000.0,77598000.0,40.0,4041000.0,31417000.0,63866000.0,74.0,5.0,6.0,6.0,694.0,3.0
C00170,54.0,27503000.0,30898000.0,26.0,15355000.0,23670000.0,5782000.0,90.0,9.0,1.0,5.0,731.0,7.0
C00171,35.0,12677000.0,20112000.0,38.0,2497000.0,43267000.0,14980000.0,85.0,5.0,7.0,7.0,707.0,2.0
C00172,31.0,10718000.0,34233000.0,37.0,1413000.0,6041000.0,19276000.0,79.0,1.0,5.0,5.0,630.0,4.0
C00173,22.0,6016000.0,7908000.0,19.0,2442000.0,24195000.0,23740000.0,59.0,10.0,10.0,1.0,731.0,1.0
C00174,34.0,6203000.0,22117000.0,25.0,2568000.0,18167000.0,13336000.0,,8.0,6.0,5.0,659.0,1.0
C00175,39.0,8962000.0,19027000.0,20.0,4640000.0,19487000.0,39356000.0,55.0,11.0,7.0,3.0,703.0,2.0
C00176,20.0,9794000.0,11099000.0,25.0,3281000.0,20099000.0,5024000.0,75.0,1.0,3.0,0.0,717.0,3.0
C00177,37.0,9438000.0,9980000.0,6.0,3093000.0,15122000.0,8986000.0,45.0,10.0,7.0,6.0,659.0,3.0
C00178,41.0,6539000.0,24755000.0,17.0,2926000.0,6452000.0,8763000.0,37.0,13.0,7.0,3.0,678.0,4.0
C00179,19.0,7507000.0,26441000.0,12.0,893000.0,47967000.0,9101000.0,57.0,9.0,8.0,4.0,708.0,1.0
C00180,38.0,10360000.0,53248000.0,2.0,1510000.0,74823000.0,44801000.0,37.0,14.0,5.0,7.0,765.0,2.0
C00181,39.0,16104000.0,15038000.0,20.0,3006000.0,23755000.0,26998000.0,54.0,15.0,10.0,5.0,795.0,3.0
C00182,53.0,9420000.0,44858000.0,10.0,1352000.0,24705000.0,2891000.0,46.0,14.0,9.0,8.0,733.0,3.0
C00183,24.0,12084000.0,15316000.0,35.0,3236000.0,26079000.0,18745000.0,83.0,11.0,3.0,2.0,655.0,4.0
C00184,47.0,19706000.0,33363000.0,16.0,3157000.0,59950000.0,21404000.0,54.0,17.0,11.0,8.0,762.0,5.0
C00185,33.0,11449000.0,21711000.0,34.0,1487000.0,46685000.0,23201000.0,67.0,7.0,4.0,3.0,651.0,2.0
C00186,45.0,10594000.0,103605000.0,29.0,5380000.0,59561000.0,21910000.0,63.0,11.0,5.0,7.0,718.0,4.0
C00187,37.0,21490000.0,46494000.0,36.0,8589000.0,67450000.0,33450000.0,75.0,12.0,2.0,4.0,758.0,5.0
C00188,36.0,11215000.0,24609000.0,30.0,1808000.0,30380000.0,42471000.0,71.0,7.0,7.0,7.0,784.0,2.0
C00189,44.0,13093000.0,41789000.0,35.0,4190000.0,65362000.0,45546000.0,71.0,7.0,1.0,6.0,760.0,6.0
C00190,32.0,13669000.0,3483000.0,1.0,597000.0,16904000.0,3032000.0,10.0,19.0,8.0,1.0,767.0,1.0
C00191,22.0,8002000.0,10453000.0,27.0,4242000.0,23523000.0,11474000.0,74.0,7.0,5.0,3.0,579.0,5.0
C00192,47.0,10345000.0,76118000.0,46.0,10058000.0,52151000.0,53258000.0,94.0,6.0,7.0,4.0,690.0,4.0
C00193,44.0,10091000.0,37452000.0,9.0,1013000.0,28477000.0,7663000.0,57.0,8.0,7.0,7.0,712.0,1.0
C00194,23.0,14626000.0,9718000.0,11.0,2050000.0,46159000.0,12558000.0,50.0,11.0,5.0,3.0,749.0,2.0
C00195,31.0,9335000.0,22651000.0,21.0,3214000.0,109726000.0,20962000.0,56.0,13.0,9.0,4.0,715.0,4.0
C00196,30.0,12301000.0,12739000.0,23.0,3361000.0,11766000.0,4454000.0,61.0,12.0,4.0,4.0,598.0,3.0
C00197,37.0,10780000.0,33635000.0,31.0,3321000.0,59530000.0,7045000.0,83.0,6.0,5.0,7.0,727.0,1.0
C00198,38.0,10037000.0,45068000.0,25.0,4097000.0,25084000.0,17649000.0,51.0,8.0,9.0,5.0,669.0,3.0
C00199,44.0,18180000.0,73034000.0,40.0,6836000.0,65854000.0,19712000.0,81.0,12.0,5.0,5.0,724.0,8.0
C00200,41.0,14948000.0,27674000.0,24.0,4023000.0,16250000.0,10093000.0,70.0,6.0,2.0,5.0,760.0,5.0
C00201,37.0,11737000.0,24234000.0,22.0,1818000.0,38080000.0,6408000.0,62.0,8.0,6.0,3.0,713.0,1.0
C00202,37.0,23935000.0,34121000.0,18.0,2039000.0,45175000.0,7242000.0,71.0,4.0,6.0,5.0,736.0,3.0
C00203,30.0,8822000.0,9908000.0,18.0,3226000.0,27937000.0,8303000.0,56.0,13.0,7.0,5.0,621.0,5.0
C00204,26.0,9112000.0,14052000.0,17.0,2871000.0,8279000.0,10546000.0,70.0,13.0,6.0,1.0,667.0,2.0
C00205,38.0,29252000.0,50498000.0,19.0,3439000.0,36313000.0,19667000.0,48.0,11.0,8.0,5.0,706.0,3.0
C00206,21.0,6493000.0,14607000.0,23.0,1080000.0,52055000.0,7883000.0,73.0,11.0,4.0,4.0,687.0,1.0
C00207,49.0,8586000.0,67345000.0,17.0,1831000.0,43436000.0,10224000.0,56.0,11.0,7.0,10.0,743.0,2.0
C00208,36.0,15346000.0,12863000.0,29.0,2182000.0,37995000.0,18677000.0,76.0,3.0,5.0,4.0,764.0,4.0
C00209,33.0,7803000.0,18409000.0,27.0,3140000.0,16226000.0,20739000.0,64.0,9.0,9.0,3.0,713.0,3.0
C00210,25.0,9381000.0,14725000.0,23.0,3030000.0,10359000.0,20678000.0,71.0,6.0,5.0,2.0,623.0,4.0
C00211,23.0,21681000.0,31952000.0,16.0,2873000.0,23474000.0,60083000.0,47.0,12.0,6.0,3.0,792.0,2.0
C00212,51.0,10133000.0,46947000.0,23.0,4310000.0,33180000.0,16583000.0,81.0,10.0,5.0,8.0,738.0,3.0
C00213,41.0,18813000.0,16687000.0,10.0,2219000.0,27688000.0,7191000.0,46.0,17.0,8.0,3.0,722.0,4.0
C00214,32.0,14999000.0,25060000.0,28.0,1874000.0,55880000.0,20911000.0,61.0,6.0,7.0,6.0,754.0,2.0
C00215,32.0,4402000.0,21834000.0,22.0,2974000.0,10186000.0,7378000.0,56.0,10.0,8.0,5.0,656.0,1.0
C00216,40.0,10791000.0,65970000.0,54.0,10096000.0,19756000.0,29331000.0,100.0,4.0,0.0,7.0,684.0,8.0
C00217,36.0,11037000.0,30984000.0,32.0,2892000.0,26070000.0,10991000.0,60.0,6.0,0.0,5.0,718.0,3.0
C00218,26.0,7884000.0,3524000.0,13.0,894000.0,34341000.0,9747000.0,59.0,11.0,8.0,5.0,695.0,1.0
C00219,33.0,11542000.0,25761000.0,26.0,5119000.0,21329000.0,77019000.0,56.0,11.0,7.0,4.0,747.0,4.0
C00220,47.0,15472000.0,51937000.0,29.0,6814000.0,35387000.0,20641000.0,82.0,2.0,3.0,9.0,704.0,5.0
C00221,50.0,16209000.0,73725000.0,22.0,5467000.0,51135000.0,23518000.0,52.0,12.0,8.0,7.0,750.0,4.0
C00222,36.0,10415000.0,41028000.0,17.0,1308000.0,102673000.0,8591000.0,67.0,5.0,8.0,6.0,765.0,1.0
C00223,46.0,12317000.0,30546000.0,13.0,1086000.0,42145000.0,15288000.0,51.0,10.0,8.0,7.0,730.0,1.0
C00224,41.0,17846000.0,30376000.0,18.0,5635000.0,25968000.0,22333000.0,55.0,16.0,8.0,4.0,696.0,5.0
C00225,39.0,12121000.0,16015000.0,18.0,2501000.0,28728000.0,14746000.0,58.0,12.0,4.0,6.0,728.0,1.0
C00226,37.0,12457000.0,27978000.0,29.0,3190000.0,9123000.0,26005000.0,46.0,15.0,7.0,6.0,685.0,3.0
C00227,27.0,16297000.0,10762000.0,13.0,2929000.0,38886000.0,14430000.0,53.0,9.0,0.0,3.0,705.0,2.0
C00228,48.0,11041000.0,29876000.0,25.0,2136000.0,32708000.0,12712000.0,80.0,10.0,6.0,7.0,689.0,3.0
C00229,40.0,,25200000.0,4.0,1030000.0,23264000.0,11848000.0,36.0,12.0,7.0,8.0,710.0,1.0
C00230,42.0,21087000.0,48672000.0,26.0,4048000.0,36792000.0,24734000.0,63.0,9.0,6.0,7.0,706.0,4.0
C00231,39.0,11526000.0,31832000.0,29.0,2569000.0,20440000.0,4593000.0,88.0,8.0,5.0,3.0,728.0,2.0
C00232,38.0,10825000.0,74289000.0,32.0,5526000.0,19006000.0,15494000.0,63.0,13.0,7.0,4.0,642.0,6.0
C00233,24.0,11988000.0,10314000.0,16.0,2711000.0,21063000.0,5901000.0,54.0,8.0,5.0,1.0,675.0,3.0
C00234,41.0,24862000.0,46010000.0,35.0,23726000.0,12900000.0,45778000.0,78.0,9.0,4.0,4.0,716.0,7.0
C00235,20.0,4870000.0,11388000.0,22.0,1142000.0,11655000.0,12309000.0,67.0,12.0,5.0,2.0,639.0,1.0
C00236,19.0,6133000.0,13869000.0,21.0,3621000.0,18198000.0,7636000.0,73.0,12.0,2.0,2.0,667.0,3.0
C00237,26.0,21806000.0,11251000.0,16.0,2261000.0,41637000.0,14937000.0,52.0,10.0,9.0,1.0,635.0,4.0
C00238,19.0,12731000.0,19277000.0,25.0,1731000.0,29225000.0,24345000.0,72.0,15.0,3.0,2.0,691.0,2.0
C00239,47.0,14666000.0,49705000.0,33.0,2783000.0,62214000.0,20839000.0,91.0,8.0,2.0,6.0,793.0,2.0
C00240,45.0,15465000.0,33720000.0,16.0,1271000.0,115980000.0,22167000.0,55.0,11.0,3.0,9.0,761.0,3.0
C00241,26.0,8411000.0,21735000.0,24.0,1808000.0,15354000.0,36940000.0,73.0,8.0,7.0,4.0,671.0,4.0
C00242,27.0,13619000.0,24872000.0,19.0,1642000.0,124866000.0,27599000.0,64.0,14.0,5.0,4.0,756.0,1.0
C00243,39.0,10649000.0,28460000.0,2.0,2872000.0,28123000.0,10871000.0,23.0,18.0,8.0,6.0,698.0,2.0
C00244,22.0,4658000.0,3219000.0,19.0,703000.0,8590000.0,6368000.0,75.0,13.0,1.0,0.0,670.0,1.0
C00245,43.0,18561000.0,33700000.0,20.0,3366000.0,36172000.0,72839000.0,50.0,18.0,6.0,4.0,688.0,6.0
C00246,45.0,20907000.0,23033000.0,28.0,2261000.0,79199000.0,22241000.0,70.0,5.0,3.0,5.0,694.0,1.0
C00247,25.0,9704000.0,12320000.0,25.0,1174000.0,21886000.0,10060000.0,58.0,5.0,4.0,5.0,732.0,1.0
C00248,27.0,18443000.0,25961000.0,36.0,3412000.0,50659000.0,29887000.0,85.0,0.0,7.0,5.0,728.0,3.0
C00249,48.0,11273000.0,68240000.0,37.0,5629000.0,24419000.0,30200000.0,96.0,11.0,4.0,7.0,694.0,4.0
C00250,35.0,10516000.0,12462000.0,4.0,1204000.0,19428000.0,6320000.0,34.0,15.0,8.0,7.0,738.0,1.0
C00251,46.0,10322000.0,28225000.0,18.0,1625000.0,59956000.0,34388000.0,54.0,12.0,5.0,6.0,691.0,2.0
C00252,34.0,15108000.0,31093000.0,21.0,2454000.0,33213000.0,18635000.0,53.0,7.0,4.0,3.0,775.0,3.0
C00253,46.0,13730000.0,52333000.0,28.0,3732000.0,48591000.0,32691000.0,70.0,10.0,5.0,8.0,698.0,3.0
C00254,30.0,7429000.0,19417000.0,35.0,3918000.0,45071000.0,23823000.0,72.0,9.0,9.0,5.0,736.0,3.0
C00255,52.0,16992000.0,28810000.0,22.0,4869000.0,33045000.0,6887000.0,53.0,14.0,5.0,7.0,676.0,5.0
C00256,36.0,12002000.0,46765000.0,34.0,7656000.0,33676000.0,32144000.0,75.0,11.0,6.0,8.0,707.0,6.0
C00257,35.0,11622000.0,14236000.0,3.0,680000.0,42248000.0,6091000.0,63.0,12.0,3.0,8.0,764.0,1.0
C00258,33.0,10699000.0,16065000.0,31.0,2322000.0,84750000.0,39949000.0,73.0,8.0,0.0,5.0,772.0,2.0
C00259,32.0,6240000.0,29358000.0,20.0,1150000.0,34324000.0,6240000.0,50.0,13.0,3.0,4.0,659.0,3.0
C00260,34.0,6485000.0,36871000.0,17.0,1504000.0,19380000.0,4456000.0,58.0,14.0,11.0,8.0,703.0,1.0
C00261,27.0,8910000.0,27913000.0,29.0,1303000.0,53678000.0,53722000.0,70.0,7.0,7.0,5.0,703.0,1.0
C00262,18.0,5459000.0,13969000.0,22.0,3122000.0,5377000.0,17041000.0,70.0,15.0,9.0,1.0,586.0,3.0
C00263,27.0,20513000.0,12397000.0,24.0,6738000.0,26571000.0,28181000.0,63.0,13.0,3.0,4.0,672.0,2.0
C00264,47.0,7150000.0,80450000.0,36.0,3072000.0,24134000.0,11893000.0,76.0,9.0,0.0,9.0,677.0,2.0
C00265,27.0,8113000.0,21770000.0,29.0,1592000.0,8647000.0,8442000.0,81.0,10.0,2.0,5.0,650.0,3.0
C00266,40.0,14114000.0,8900000.0,18.0,1643000.0,42996000.0,9989000.0,62.0,13.0,5.0,8.0,689.0,1.0
C00267,18.0,8713000.0,13415000.0,23.0,2264000.0,18090000.0,18325000.0,65.0,4.0,5.0,3.0,701.0,2.0
C00268,55.0,27110000.0,87110000.0,35.0,2613000.0,89835000.0,55584000.0,70.0,14.0,5.0,9.0,810.0,5.0
C00269,30.0,12607000.0,17634000.0,25.0,6924000.0,33053000.0,13921000.0,65.0,11.0,5.0,3.0,655.0,4.0
C00270,54.0,18703000.0,55405000.0,13.0,2940000.0,81007000.0,7161000.0,59.0,14.0,7.0,11.0,784.0,2.0
C00271,36.0,15448000.0,18461000.0,22.0,1937000.0,28933000.0,10113000.0,71.0,7.0,1.0,3.0,688.0,2.0
C00272,32.0,11146000.0,26562000.0,21.0,1620000.0,55904000.0,8296000.0,51.0,7.0,6.0,6.0,670.0,3.0
C00273,36.0,15045000.0,19492000.0,14.0,1410000.0,15387000.0,8236000.0,40.0,9.0,6.0,2.0,751.0,1.0
C00274,44.0,9676000.0,69963000.0,37.0,5506000.0,102524000.0,50592000.0,98.0,11.0,3.0,5.0,752.0,3.0
C00275,25.0,15019000.0,13977000.0,32.0,4026000.0,6961000.0,19388000.0,67.0,9.0,3.0,2.0,585.0,4.0
C00276,39.0,17034000.0,29243000.0,25.0,1048000.0,41042000.0,11768000.0,72.0,5.0,2.0,6.0,737.0,3.0
C00277,38.0,4405000.0,14323000.0,9.0,2509000.0,28440000.0,10374000.0,44.0,12.0,11.0,7.0,702.0,1.0
C00278,44.0,18226000.0,15906000.0,2.0,2358000.0,22149000.0,7059000.0,,14.0,9.0,4.0,678.0,2.0
C00279,37.0,10423000.0,9516000.0,7.0,3283000.0,58853000.0,9121000.0,35.0,19.0,10.0,4.0,643.0,4.0
C00280,45.0,13406000.0,58585000.0,24.0,3952000.0,152186000.0,12555000.0,39.0,6.0,6.0,10.0,771.0,2.0
C00281,45.0,12880000.0,41808000.0,31.0,2501000.0,29653000.0,10443000.0,,20.0,3.0,5.0,679.0,3.0
C00282,49.0,12379000.0,54770000.0,33.0,4492000.0,42059000.0,26875000.0,84.0,10.0,6.0,5.0,679.0,4.0
C00283,40.0,27080000.0,19501000.0,18.0,2010000.0,46033000.0,13518000.0,71.0,9.0,5.0,6.0,754.0,3.0
C00284,31.0,11739000.0,23918000.0,31.0,4227000.0,84933000.0,19443000.0,77.0,9.0,5.0,4.0,741.0,8.0
C00285,33.0,13286000.0,57740000.0,31.0,3059000.0,17301000.0,55773000.0,72.0,10.0,4.0,5.0,726.0,2.0
C00286,26.0,18055000.0,24841000.0,27.0,7330000.0,37478000.0,45783000.0,84.0,9.0,1.0,5.0,732.0,4.0
C00287,34.0,7961000.0,10324000.0,17.0,1116000.0,10132000.0,3649000.0,58.0,6.0,6.0,3.0,690.0,1.0
C00288,30.0,10924000.0,,17.0,532000.0,5493000.0,4728000.0,53.0,5.0,6.0,4.0,689.0,1.0
C00289,31.0,16143000.0,10000000.0,9.0,2405000.0,37723000.0,15631000.0,60.0,14.0,4.0,3.0,770.0,4.0
C00290,42.0,19487000.0,59584000.0,29.0,6989000.0,71888000.0,24654000.0,80.0,7.0,4.0,5.0,701.0,6.0
C00291,32.0,9099000.0,14940000.0,32.0,2358000.0,17008000.0,14901000.0,73.0,8.0,5.0,7.0,670.0,3.0
C00292,45.0,27939000.0,22086000.0,29.0,4043000.0,88425000.0,28814000.0,69.0,8.0,3.0,2.0,759.0,6.0
C00293,41.0,7934000.0,27032000.0,21.0,1449000.0,83526000.0,15757000.0,76.0,5.0,7.0,5.0,742.0,1.0
C00294,30.0,4240000.0,13518000.0,7.0,606000.0,17014000.0,5420000.0,46.0,19.0,7.0,3.0,619.0,1.0
C00295,36.0,8069000.0,34724000.0,27.0,2728000.0,13258000.0,5710000.0,75.0,8.0,5.0,7.0,603.0,4.0
C00296,34.0,27543000.0,17463000.0,33.0,2555000.0,10445000.0,2466000.0,68.0,3.0,3.0,4.0,648.0,4.0
C00297,37.0,13701000.0,47931000.0,29.0,3258000.0,26778000.0,23073000.0,84.0,8.0,3.0,5.0,724.0,3.0
C00298,31.0,16752000.0,9566000.0,16.0,2696000.0,43977000.0,7526000.0,57.0,7.0,7.0,1.0,701.0,3.0
C00299,33.0,8653000.0,23209000.0,27.0,3689000.0,17267000.0,11494000.0,63.0,11.0,7.0,4.0,637.0,1.0
C00300,25.0,9451000.0,6310000.0,8.0,2905000.0,36367000.0,14593000.0,47.0,13.0,9.0,5.0,729.0,2.0
C00301,33.0,13766000.0,18952000.0,27.0,5004000.0,31764000.0,25691000.0,64.0,11.0,6.0,5.0,677.0,2.0
C00302,31.0,5898000.0,20153000.0,27.0,1377000.0,226079000.0,49366000.0,70.0,9.0,4.0,6.0,760.0,1.0
C00303,36.0,8362000.0,35379000.0,28.0,3299000.0,11067000.0,12359000.0,59.0,11.0,8.0,3.0,651.0,4.0
C00304,31.0,9354000.0,66257000.0,26.0,3556000.0,62203000.0,26311000.0,52.0,16.0,7.0,5.0,715.0,5.0
C00305,20.0,6179000.0,10544000.0,21.0,1405000.0,21663000.0,11795000.0,56.0,11.0,9.0,3.0,654.0,1.0
C00306,54.0,9195000.0,32391000.0,20.0,4202000.0,39023000.0,15272000.0,60.0,7.0,6.0,5.0,647.0,4.0
C00307,35.0,6640000.0,41959000.0,42.0,4974000.0,11724000.0,10863000.0,100.0,10.0,2.0,7.0,648.0,5.0
C00308,29.0,10019000.0,10991000.0,27.0,1471000.0,17842000.0,4314000.0,71.0,7.0,1.0,5.0,648.0,1.0
C00309,39.0,12047000.0,20435000.0,27.0,4466000.0,22135000.0,8665000.0,77.0,11.0,6.0,4.0,696.0,2.0
C00310,23.0,6998000.0,14077000.0,20.0,1806000.0,37798000.0,18226000.0,61.0,13.0,5.0,6.0,730.0,1.0
C00311,22.0,11948000.0,6292000.0,12.0,2249000.0,32280000.0,7593000.0,45.0,17.0,7.0,2.0,672.0,2.0
C00312,31.0,8542000.0,20207000.0,26.0,2805000.0,42827000.0,22274000.0,66.0,12.0,8.0,6.0,726.0,3.0
C00313,33.0,10899000.0,23778000.0,16.0,1395000.0,31647000.0,5369000.0,47.0,12.0,5.0,7.0,627.0,1.0
C00314,28.0,10644000.0,20527000.0,20.0,1477000.0,24515000.0,21493000.0,35.0,13.0,7.0,2.0,726.0,2.0
C00315,40.0,14407000.0,21994000.0,22.0,2137000.0,19903000.0,9317000.0,60.0,12.0,7.0,6.0,714.0,3.0
C00316,31.0,7849000.0,31297000.0,29.0,4158000.0,9097000.0,3577000.0,77.0,3.0,2.0,5.0,621.0,5.0
C00317,44.0,12402000.0,42180000.0,20.0,3597000.0,29906000.0,18886000.0,,12.0,6.0,5.0,675.0,4.0
C00318,18.0,5357000.0,27561000.0,31.0,1236000.0,12293000.0,5645000.0,50.0,12.0,4.0,2.0,664.0,1.0
C00319,18.0,8246000.0,20602000.0,23.0,1374000.0,9810000.0,16470000.0,75.0,12.0,3.0,2.0,621.0,1.0
C00320,43.0,11862000.0,33975000.0,31.0,3245000.0,114981000.0,63238000.0,58.0,12.0,5.0,5.0,751.0,4.0
C00321,34.0,,22472000.0,42.0,4016000.0,13976000.0,14841000.0,73.0,13.0,4.0,4.0,643.0,6.0
C00322,47.0,14399000.0,109914000.0,34.0,3573000.0,78783000.0,29063000.0,68.0,7.0,4.0,7.0,681.0,5.0
C00323,37.0,12727000.0,32112000.0,17.0,2072000.0,33484000.0,14943000.0,63.0,8.0,7.0,7.0,700.0,3.0
C00324,46.0,29686000.0,15226000.0,12.0,1976000.0,53950000.0,16801000.0,43.0,4.0,6.0,3.0,725.0,6.0
C00325,41.0,13156000.0,59146000.0,36.0,3495000.0,73303000.0,25386000.0,72.0,9.0,5.0,4.0,704.0,3.0
C00326,45.0,10369000.0,92829000.0,45.0,3015000.0,30634000.0,10725000.0,88.0,6.0,8.0,8.0,720.0,1.0
C00327,22.0,8664000.0,24043000.0,26.0,1600000.0,26391000.0,15299000.0,73.0,7.0,4.0,4.0,637.0,1.0
C00328,37.0,8588000.0,45419000.0,37.0,2181000.0,103524000.0,54770000.0,80.0,11.0,7.0,5.0,768.0,2.0
C00329,28.0,17744000.0,6193000.0,1.0,1271000.0,30526000.0,8299000.0,27.0,12.0,9.0,4.0,706.0,1.0
C00330,36.0,17334000.0,25463000.0,30.0,2967000.0,44422000.0,18433000.0,76.0,7.0,6.0,7.0,698.0,2.0
C00331,39.0,14217000.0,30321000.0,20.0,2384000.0,32038000.0,19665000.0,69.0,18.0,6.0,4.0,685.0,5.0
C00332,24.0,12859000.0,,17.0,796000.0,31933000.0,14365000.0,55.0,10.0,5.0,1.0,718.0,2.0
C00333,50.0,8663000.0,77900000.0,29.0,1574000.0,122792000.0,25750000.0,95.0,4.0,4.0,10.0,823.0,2.0
C00334,25.0,19683000.0,17375000.0,24.0,1668000.0,37099000.0,61610000.0,68.0,9.0,5.0,7.0,660.0,2.0
C00335,25.0,9696000.0,23061000.0,26.0,1567000.0,51445000.0,14406000.0,75.0,10.0,4.0,4.0,747.0,2.0
C00336,20.0,15099000.0,10133000.0,27.0,6632000.0,7621000.0,22629000.0,59.0,10.0,5.0,3.0,682.0,5.0
C00337,21.0,25250000.0,13901000.0,18.0,963000.0,38132000.0,26495000.0,68.0,15.0,2.0,4.0,719.0,2.0
C00338,34.0,11091000.0,61261000.0,35.0,2186000.0,30346000.0,11248000.0,77.0,8.0,7.0,6.0,702.0,3.0
C00339,30.0,5315000.0,9971000.0,8.0,2048000.0,17444000.0,5408000.0,37.0,18.0,11.0,2.0,596.0,1.0
C00340,37.0,7439000.0,83791000.0,35.0,6636000.0,31710000.0,39546000.0,71.0,8.0,5.0,6.0,614.0,6.0
C00341,24.0,5470000.0,18395000.0,30.0,2056000.0,6187000.0,7616000.0,71.0,11.0,6.0,2.0,615.0,2.0
C00342,46.0,11671000.0,64648000.0,22.0,2344000.0,36216000.0,28580000.0,58.0,13.0,7.0,6.0,794.0,3.0
C00343,25.0,6019000.0,14118000.0,18.0,2126000.0,36912000.0,8490000.0,61.0,16.0,4.0,2.0,706.0,2.0
C00344,32.0,9988000.0,13948000.0,9.0,3166000.0,19398000.0,20297000.0,37.0,17.0,9.0,7.0,721.0,2.0
C00345,36.0,8443000.0,24164000.0,27.0,1123000.0,32080000.0,25192000.0,86.0,7.0,2.0,5.0,831.0,1.0
C00346,37.0,14312000.0,10267000.0,21.0,1227000.0,49851000.0,11747000.0,65.0,10.0,10.0,6.0,729.0,2.0
C00347,35.0,9898000.0,36444000.0,10.0,1405000.0,17833000.0,9849000.0,73.0,4.0,5.0,6.0,638.0,4.0
C00348,38.0,6951000.0,40157000.0,22.0,1707000.0,34409000.0,8425000.0,58.0,9.0,7.0,7.0,740.0,2.0
C00349,38.0,16569000.0,24799000.0,38.0,2708000.0,12911000.0,8855000.0,88.0,12.0,4.0,5.0,621.0,6.0
C00350,27.0,10696000.0,9148000.0,29.0,2086000.0,10162000.0,12887000.0,66.0,11.0,8.0,4.0,634.0,1.0
C00351,28.0,,7406000.0,25.0,1198000.0,10896000.0,7262000.0,74.0,8.0,2.0,4.0,658.0,1.0
C00352,43.0,18140000.0,73309000.0,46.0,13829000.0,20288000.0,86315000.0,80.0,15.0,7.0,5.0,654.0,7.0
C00353,29.0,8446000.0,23541000.0,19.0,1339000.0,7753000.0,12310000.0,44.0,11.0,8.0,2.0,636.0,1.0
C00354,28.0,8874000.0,24635000.0,50.0,2968000.0,23372000.0,9792000.0,100.0,2.0,2.0,5.0,686.0,4.0
C00355,36.0,20051000.0,17544000.0,8.0,865000.0,42079000.0,42116000.0,62.0,6.0,4.0,4.0,752.0,1.0
C00356,33.0,7294000.0,26004000.0,42.0,2034000.0,22632000.0,8970000.0,75.0,4.0,1.0,6.0,665.0,4.0
C00357,44.0,9744000.0,15637000.0,15.0,634000.0,26781000.0,3605000.0,51.0,10.0,0.0,8.0,679.0,1.0
C00358,50.0,24510000.0,37811000.0,31.0,1504000.0,55614000.0,12755000.0,65.0,9.0,6.0,7.0,671.0,2.0
C00359,25.0,10068000.0,11558000.0,14.0,6036000.0,22557000.0,5703000.0,53.0,16.0,7.0,1.0,627.0,4.0
C00360,29.0,11017000.0,16102000.0,13.0,3009000.0,18586000.0,10234000.0,61.0,10.0,8.0,1.0,666.0,3.0
C00361,39.0,13808000.0,36262000.0,23.0,2364000.0,27644000.0,8508000.0,72.0,10.0,6.0,4.0,664.0,4.0
C00362,27.0,11692000.0,10700000.0,28.0,8627000.0,21218000.0,16848000.0,66.0,2.0,6.0,0.0,667.0,3.0
C00363,18.0,5979000.0,16741000.0,31.0,1236000.0,5450000.0,20365000.0,66.0,11.0,6.0,1.0,706.0,1.0
C00364,33.0,14149000.0,22143000.0,36.0,6445000.0,44814000.0,26011000.0,74.0,11.0,0.0,5.0,708.0,4.0
C00365,19.0,14443000.0,24297000.0,29.0,2889000.0,24707000.0,30618000.0,67.0,8.0,8.0,2.0,658.0,5.0
C00366,42.0,8827000.0,64292000.0,34.0,5310000.0,33156000.0,37919000.0,69.0,10.0,5.0,9.0,660.0,6.0
C00367,46.0,11145000.0,27557000.0,23.0,1012000.0,22431000.0,12196000.0,70.0,8.0,6.0,7.0,768.0,1.0
C00368,33.0,17680000.0,24878000.0,17.0,2606000.0,47305000.0,22868000.0,48.0,17.0,8.0,8.0,791.0,4.0
C00369,28.0,12612000.0,21874000.0,23.0,3634000.0,8245000.0,14203000.0,51.0,9.0,8.0,5.0,654.0,3.0
C00370,24.0,12968000.0,6752000.0,26.0,1447000.0,22427000.0,19849000.0,67.0,10.0,3.0,4.0,617.0,1.0
C00371,32.0,7492000.0,14447000.0,32.0,3444000.0,16562000.0,18082000.0,68.0,6.0,2.0,3.0,722.0,2.0
C00372,35.0,14496000.0,36916000.0,31.0,2984000.0,18564000.0,21289000.0,53.0,11.0,6.0,2.0,713.0,5.0
C00373,36.0,9569000.0,51276000.0,35.0,3760000.0,69540000.0,15605000.0,76.0,10.0,1.0,5.0,746.0,3.0
C00374,36.0,11931000.0,20153000.0,20.0,4148000.0,19639000.0,8729000.0,66.0,9.0,3.0,5.0,675.0,5.0
C00375,38.0,8381000.0,16573000.0,15.0,1010000.0,14545000.0,5925000.0,45.0,12.0,4.0,5.0,662.0,3.0
C00376,23.0,17739000.0,11301000.0,26.0,4761000.0,52857000.0,52812000.0,68.0,14.0,5.0,1.0,706.0,6.0
C00377,40.0,16999000.0,36652000.0,11.0,3028000.0,60150000.0,9585000.0,39.0,13.0,8.0,7.0,686.0,4.0
C00378,36.0,6906000.0,,26.0,2588000.0,24642000.0,11325000.0,80.0,12.0,5.0,4.0,684.0,1.0
C00379,42.0,9366000.0,29577000.0,16.0,2145000.0,25010000.0,3182000.0,56.0,10.0,5.0,4.0,662.0,1.0
C00380,26.0,7473000.0,23654000.0,18.0,1885000.0,19298000.0,9946000.0,51.0,12.0,6.0,2.0,668.0,1.0
C00381,33.0,20100000.0,23516000.0,26.0,3723000.0,22382000.0,25538000.0,66.0,10.0,2.0,4.0,696.0,5.0
C00382,23.0,14061000.0,18201000.0,34.0,1970000.0,13450000.0,26967000.0,65.0,10.0,4.0,2.0,676.0,3.0
C00383,32.0,9526000.0,22561000.0,30.0,3975000.0,8357000.0,3982000.0,79.0,10.0,2.0,3.0,645.0,3.0
C00384,18.0,6216000.0,3518000.0,25.0,2911000.0,9473000.0,24053000.0,,14.0,7.0,1.0,665.0,3.0
C00385,31.0,25129000.0,6965000.0,16.0,1361000.0,28871000.0,3618000.0,56.0,12.0,2.0,4.0,744.0,3.0
C00386,30.0,10811000.0,11882000.0,26.0,1392000.0,42501000.0,6149000.0,72.0,8.0,5.0,2.0,713.0,1.0
C00387,24.0,16375000.0,15138000.0,16.0,1941000.0,59209000.0,11917000.0,57.0,9.0,6.0,0.0,709.0,2.0
C00388,43.0,8261000.0,61828000.0,14.0,1279000.0,41699000.0,12374000.0,41.0,7.0,7.0,7.0,735.0,1.0
C00389,23.0,6171000.0,5688000.0,18.0,1196000.0,22366000.0,2726000.0,62.0,6.0,7.0,4.0,621.0,1.0
C00390,20.0,13931000.0,7149000.0,36.0,1675000.0,9481000.0,4884000.0,93.0,11.0,3.0,4.0,622.0,1.0
C00391,36.0,8929000.0,7960000.0,16.0,453000.0,9344000.0,5462000.0,52.0,3.0,6.0,6.0,689.0,1.0
C00392,25.0,19047000.0,17617000.0,4.0,1570000.0,29602000.0,8046000.0,52.0,15.0,2.0,5.0,696.0,5.0
C00393,36.0,10093000.0,34901000.0,17.0,1277000.0,19335000.0,8256000.0,63.0,9.0,5.0,8.0,642.0,2.0
C00394,40.0,10612000.0,34085000.0,32.0,3902000.0,24865000.0,33469000.0,73.0,12.0,6.0,5.0,669.0,3.0
C00395,38.0,14916000.0,24718000.0,16.0,2069000.0,23011000.0,24935000.0,49.0,6.0,8.0,7.0,765.0,2.0
C00396,35.0,7170000.0,61842000.0,37.0,1396000.0,43558000.0,30383000.0,,8.0,8.0,6.0,719.0,1.0
C00397,38.0,9934000.0,41699000.0,21.0,2163000.0,13355000.0,11392000.0,39.0,16.0,10.0,7.0,650.0,2.0
C00398,29.0,8320000.0,25159000.0,13.0,1569000.0,16266000.0,9980000.0,43.0,15.0,8.0,6.0,661.0,3.0
C00399,37.0,14822000.0,37925000.0,33.0,2730000.0,39952000.0,43275000.0,63.0,9.0,4.0,3.0,752.0,4.0
C00400,41.0,14830000.0,25560000.0,35.0,2690000.0,27990000.0,27465000.0,83.0,0.0,0.0,4.0,701.0,2.0
C00401,33.0,11328000.0,31059000.0,22.0,2172000.0,55081000.0,13604000.0,55.0,9.0,6.0,2.0,742.0,2.0
C00402,41.0,10022000.0,37370000.0,25.0,1347000.0,89643000.0,23917000.0,53.0,13.0,3.0,4.0,761.0,2.0
C00403,30.0,23109000.0,16671000.0,30.0,3563000.0,9678000.0,26464000.0,95.0,6.0,1.0,4.0,671.0,6.0
C00404,32.0,13208000.0,18850000.0,21.0,1273000.0,53398000.0,22239000.0,69.0,9.0,2.0,8.0,690.0,2.0
C00405,32.0,8493000.0,39158000.0,23.0,2208000.0,30964000.0,14823000.0,47.0,14.0,8.0,5.0,688.0,2.0
C00406,27.0,17285000.0,9284000.0,5.0,1132000.0,21467000.0,4552000.0,38.0,7.0,9.0,4.0,703.0,3.0
C00407,43.0,9472000.0,43646000.0,38.0,1745000.0,35098000.0,28043000.0,63.0,11.0,7.0,9.0,725.0,4.0
C00408,39.0,6679000.0,45018000.0,26.0,4329000.0,26848000.0,26737000.0,82.0,8.0,4.0,6.0,683.0,5.0
C00409,41.0,19579000.0,83734000.0,23.0,8292000.0,19698000.0,59508000.0,65.0,14.0,9.0,6.0,701.0,4.0
C00410,27.0,14355000.0,22556000.0,27.0,5062000.0,22250000.0,21481000.0,57.0,11.0,7.0,3.0,721.0,4.0
C00411,43.0,14479000.0,44114000.0,39.0,3250000.0,205996000.0,65119000.0,82.0,5.0,4.0,7.0,813.0,2.0
C00412,38.0,8601000.0,33346000.0,6.0,1339000.0,19181000.0,1572000.0,33.0,11.0,6.0,7.0,722.0,1.0
C00413,26.0,26545000.0,16626000.0,27.0,9215000.0,14532000.0,8655000.0,53.0,13.0,5.0,4.0,673.0,6.0
C00414,36.0,14737000.0,27543000.0,28.0,2826000.0,34446000.0,14616000.0,69.0,12.0,7.0,5.0,714.0,4.0
C00415,23.0,5473000.0,19852000.0,7.0,553000.0,14094000.0,3241000.0,55.0,10.0,5.0,4.0,674.0,1.0
C00416,22.0,6811000.0,12204000.0,17.0,1480000.0,3880000.0,10856000.0,51.0,15.0,5.0,1.0,625.0,2.0
C00417,44.0,18952000.0,19441000.0,23.0,3209000.0,29790000.0,4901000.0,71.0,7.0,2.0,7.0,686.0,3.0
C00418,41.0,12882000.0,19416000.0,29.0,3760000.0,58442000.0,7588000.0,76.0,9.0,5.0,4.0,682.0,3.0
C00419,44.0,15270000.0,26910000.0,21.0,2232000.0,42870000.0,16826000.0,75.0,8.0,6.0,6.0,685.0,4.0
C00420,44.0,15187000.0,15947000.0,26.0,1747000.0,19364000.0,10130000.0,73.0,10.0,2.0,7.0,663.0,3.0
C00421,32.0,10829000.0,28397000.0,17.0,1093000.0,15015000.0,10516000.0,46.0,11.0,3.0,4.0,762.0,1.0
C00422,37.0,13802000.0,15941000.0,21.0,3583000.0,23879000.0,8878000.0,50.0,8.0,7.0,3.0,687.0,4.0
C00423,32.0,13508000.0,37209000.0,34.0,2597000.0,37522000.0,26721000.0,76.0,5.0,6.0,9.0,733.0,5.0
C00424,34.0,13758000.0,22303000.0,27.0,1332000.0,21977000.0,26665000.0,85.0,12.0,0.0,4.0,725.0,4.0
C00425,39.0,9976000.0,31564000.0,25.0,3905000.0,38748000.0,16326000.0,53.0,8.0,8.0,4.0,728.0,2.0
C00426,48.0,22504000.0,15256000.0,24.0,3926000.0,40588000.0,13510000.0,69.0,8.0,3.0,6.0,733.0,5.0
C00427,46.0,24651000.0,24585000.0,17.0,4520000.0,20606000.0,6069000.0,48.0,19.0,7.0,4.0,730.0,5.0
C00428,30.0,8871000.0,36661000.0,29.0,3474000.0,36851000.0,21861000.0,83.0,10.0,5.0,2.0,690.0,4.0
C00429,37.0,11308000.0,33074000.0,37.0,7987000.0,62410000.0,57561000.0,78.0,16.0,9.0,6.0,707.0,5.0
C00430,26.0,8231000.0,32265000.0,35.0,1691000.0,19451000.0,23219000.0,65.0,8.0,7.0,3.0,679.0,4.0
C00431,34.0,15351000.0,10054000.0,22.0,1594000.0,12445000.0,4864000.0,69.0,13.0,5.0,5.0,653.0,2.0
C00432,41.0,9289000.0,23685000.0,19.0,2039000.0,41831000.0,23368000.0,49.0,12.0,3.0,5.0,694.0,3.0
C00433,27.0,9656000.0,20747000.0,40.0,1501000.0,52013000.0,33855000.0,100.0,10.0,0.0,5.0,683.0,3.0
C00434,58.0,18816000.0,39759000.0,20.0,2293000.0,16519000.0,3388000.0,36.0,17.0,8.0,7.0,699.0,5.0
C00435,26.0,9361000.0,10238000.0,21.0,1491000.0,19908000.0,6809000.0,78.0,8.0,7.0,0.0,667.0,2.0
C00436,37.0,14922000.0,17155000.0,19.0,3107000.0,27559000.0,61060000.0,74.0,11.0,4.0,6.0,722.0,5.0
C00437,55.0,16645000.0,35453000.0,1.0,1038000.0,38535000.0,6368000.0,26.0,11.0,7.0,8.0,766.0,1.0
C00438,38.0,19727000.0,18503000.0,21.0,1419000.0,50792000.0,41484000.0,65.0,12.0,3.0,7.0,748.0,3.0
C00439,40.0,8638000.0,14430000.0,14.0,702000.0,27493000.0,5758000.0,53.0,8.0,4.0,7.0,723.0,1.0
C00440,24.0,11717000.0,13098000.0,21.0,2528000.0,37063000.0,9921000.0,49.0,15.0,8.0,3.0,697.0,1.0
C00441,32.0,11717000.0,10083000.0,37.0,2233000.0,16505000.0,13734000.0,79.0,3.0,4.0,3.0,740.0,5.0
C00442,32.0,14815000.0,17759000.0,34.0,1642000.0,45360000.0,24804000.0,63.0,13.0,5.0,3.0,733.0,5.0
C00443,48.0,15133000.0,45847000.0,32.0,5473000.0,176936000.0,45820000.0,54.0,10.0,12.0,6.0,801.0,7.0
C00444,35.0,8714000.0,32188000.0,28.0,2174000.0,32712000.0,8952000.0,62.0,15.0,4.0,4.0,679.0,4.0
C00445,34.0,9620000.0,42271000.0,18.0,1817000.0,11487000.0,9843000.0,51.0,12.0,8.0,7.0,715.0,3.0
C00446,42.0,25092000.0,50051000.0,22.0,1539000.0,40178000.0,28128000.0,73.0,8.0,2.0,5.0,812.0,4.0
C00447,41.0,7028000.0,18786000.0,17.0,1449000.0,43807000.0,13370000.0,39.0,11.0,6.0,4.0,741.0,1.0
C00448,27.0,14243000.0,6475000.0,14.0,1551000.0,17429000.0,18324000.0,59.0,8.0,6.0,2.0,661.0,4.0
C00449,41.0,11224000.0,30603000.0,14.0,1197000.0,66590000.0,5229000.0,57.0,12.0,6.0,8.0,713.0,1.0
C00450,30.0,4996000.0,24379000.0,28.0,942000.0,13308000.0,12517000.0,73.0,5.0,3.0,4.0,727.0,1.0
C00451,29.0,3614000.0,30586000.0,34.0,2799000.0,5773000.0,17610000.0,83.0,7.0,3.0,3.0,607.0,3.0
C00452,27.0,10813000.0,18824000.0,29.0,4487000.0,22958000.0,22355000.0,79.0,10.0,4.0,5.0,754.0,4.0
C00453,18.0,9475000.0,5937000.0,22.0,2615000.0,13992000.0,11445000.0,73.0,14.0,2.0,0.0,655.0,1.0
C00454,44.0,9857000.0,27529000.0,21.0,3968000.0,47104000.0,11331000.0,63.0,11.0,7.0,3.0,601.0,3.0
C00455,35.0,12605000.0,73997000.0,35.0,2751000.0,30026000.0,16743000.0,72.0,9.0,5.0,4.0,804.0,2.0
C00456,18.0,6887000.0,7422000.0,28.0,4437000.0,6877000.0,28623000.0,58.0,15.0,9.0,1.0,638.0,3.0
C00457,45.0,9594000.0,42936000.0,31.0,2092000.0,25899000.0,16156000.0,78.0,3.0,4.0,6.0,703.0,2.0
C00458,41.0,15345000.0,90851000.0,27.0,6623000.0,66561000.0,23051000.0,71.0,10.0,7.0,3.0,768.0,6.0
C00459,41.0,14908000.0,40041000.0,35.0,4973000.0,27703000.0,20573000.0,91.0,7.0,6.0,7.0,743.0,6.0
C00460,53.0,22074000.0,19303000.0,20.0,5407000.0,19728000.0,4765000.0,54.0,8.0,8.0,7.0,691.0,6.0
C00461,32.0,7293000.0,13015000.0,9.0,555000.0,18604000.0,3695000.0,46.0,4.0,7.0,5.0,675.0,1.0
C00462,40.0,30769000.0,23641000.0,22.0,4474000.0,29921000.0,41407000.0,67.0,12.0,5.0,5.0,744.0,6.0
C00463,42.0,11128000.0,51224000.0,26.0,5016000.0,43734000.0,71572000.0,82.0,10.0,7.0,4.0,687.0,4.0
C00464,39.0,13431000.0,22747000.0,29.0,4102000.0,307576000.0,41227000.0,65.0,11.0,5.0,6.0,766.0,2.0
C00465,42.0,14380000.0,92141000.0,17.0,5155000.0,44088000.0,41883000.0,42.0,13.0,8.0,7.0,751.0,6.0
C00466,29.0,9293000.0,52317000.0,44.0,3453000.0,34871000.0,37649000.0,94.0,8.0,6.0,7.0,710.0,2.0
C00467,25.0,7827000.0,29763000.0,21.0,1036000.0,16941000.0,13764000.0,67.0,13.0,7.0,5.0,664.0,2.0
C00468,44.0,24338000.0,47552000.0,30.0,3963000.0,23818000.0,12043000.0,94.0,8.0,3.0,6.0,727.0,8.0
C00469,54.0,13943000.0,19750000.0,15.0,471000.0,58118000.0,12562000.0,54.0,10.0,2.0,5.0,742.0,2.0
C00470,31.0,25710000.0,10600000.0,36.0,2388000.0,60294000.0,11000000.0,73.0,6.0,3.0,4.0,689.0,1.0
C00471,44.0,15307000.0,54885000.0,23.0,3642000.0,30267000.0,31558000.0,37.0,13.0,5.0,5.0,723.0,5.0
C00472,19.0,21085000.0,17466000.0,36.0,4044000.0,51674000.0,34657000.0,92.0,10.0,6.0,4.0,771.0,6.0
C00473,45.0,13209000.0,23223000.0,37.0,1335000.0,54401000.0,9297000.0,82.0,9.0,3.0,9.0,791.0,1.0
C00474,47.0,11639000.0,51502000.0,17.0,2325000.0,44940000.0,10809000.0,64.0,12.0,2.0,6.0,706.0,4.0
C00475,20.0,15160000.0,14027000.0,17.0,2156000.0,49964000.0,72268000.0,62.0,12.0,3.0,3.0,772.0,2.0
C00476,18.0,9955000.0,4549000.0,7.0,3554000.0,15178000.0,23956000.0,54.0,10.0,4.0,2.0,698.0,4.0
C00477,35.0,12657000.0,14166000.0,26.0,2985000.0,14133000.0,4860000.0,56.0,7.0,3.0,6.0,675.0,3.0
C00478,19.0,8401000.0,14942000.0,37.0,2884000.0,37493000.0,21031000.0,66.0,5.0,5.0,2.0,753.0,1.0
C00479,20.0,13684000.0,4915000.0,11.0,1724000.0,31675000.0,8325000.0,46.0,8.0,9.0,0.0,726.0,2.0
C00480,24.0,7933000.0,10521000.0,27.0,3320000.0,13457000.0,10149000.0,64.0,8.0,2.0,3.0,628.0,3.0
C00481,34.0,12586000.0,18947000.0,15.0,3268000.0,25293000.0,24296000.0,56.0,11.0,11.0,1.0,683.0,5.0
C00482,21.0,9618000.0,10261000.0,19.0,2035000.0,4478000.0,8069000.0,53.0,15.0,4.0,3.0,601.0,4.0
C00483,31.0,13323000.0,6437000.0,28.0,1793000.0,19874000.0,1806000.0,70.0,12.0,1.0,5.0,639.0,3.0
C00484,49.0,6983000.0,63995000.0,10.0,1144000.0,63014000.0,17613000.0,38.0,13.0,12.0,9.0,742.0,1.0
C00485,21.0,8583000.0,22119000.0,34.0,4075000.0,8676000.0,23652000.0,66.0,12.0,7.0,1.0,663.0,5.0
C00486,49.0,13856000.0,63770000.0,21.0,2273000.0,35371000.0,11718000.0,90.0,5.0,2.0,7.0,724.0,6.0
C00487,26.0,16798000.0,8343000.0,24.0,3079000.0,34034000.0,11136000.0,50.0,13.0,6.0,4.0,709.0,2.0
C00488,24.0,12732000.0,14768000.0,26.0,2642000.0,18735000.0,43827000.0,67.0,13.0,6.0,2.0,732.0,2.0
C00489,35.0,16861000.0,33981000.0,14.0,3225000.0,24026000.0,20463000.0,60.0,12.0,4.0,6.0,722.0,1.0
C00490,52.0,10303000.0,56141000.0,21.0,1071000.0,75561000.0,10981000.0,74.0,7.0,1.0,9.0,745.0,3.0
C00491,33.0,9943000.0,22311000.0,20.0,5461000.0,54765000.0,13910000.0,82.0,14.0,1.0,3.0,651.0,4.0
C00492,37.0,,27102000.0,11.0,1452000.0,10489000.0,4792000.0,38.0,8.0,6.0,5.0,643.0,3.0
C00493,18.0,5249000.0,8713000.0,21.0,1113000.0,17434000.0,3981000.0,52.0,15.0,10.0,3.0,622.0,1.0
C00494,27.0,14577000.0,35959000.0,32.0,3058000.0,36691000.0,32465000.0,74.0,10.0,9.0,5.0,735.0,4.0
C00495,30.0,14677000.0,27947000.0,27.0,4042000.0,25150000.0,53644000.0,46.0,12.0,6.0,4.0,724.0,2.0
C00496,23.0,10500000.0,42677000.0,25.0,1772000.0,44511000.0,9153000.0,73.0,4.0,4.0,5.0,756.0,1.0
C00497,47.0,8216000.0,83424000.0,31.0,2009000.0,37229000.0,16140000.0,68.0,9.0,6.0,7.0,710.0,1.0
C00498,37.0,21211000.0,50361000.0,29.0,2731000.0,42301000.0,34597000.0,64.0,14.0,6.0,3.0,726.0,4.0
C00499,41.0,7759000.0,45386000.0,51.0,1761000.0,11818000.0,18726000.0,77.0,7.0,5.0,6.0,714.0,2.0
C00500,59.0,12418000.0,23204000.0,13.0,1500000.0,41364000.0,2853000.0,62.0,10.0,0.0,7.0,717.0,1.0
C00501,44.0,12263000.0,95516000.0,34.0,5267000.0,65549000.0,13721000.0,94.0,8.0,9.0,7.0,720.0,5.0
C00502,51.0,19536000.0,25125000.0,21.0,6777000.0,55805000.0,12147000.0,56.0,14.0,8.0,7.0,763.0,5.0
C00503,44.0,11602000.0,12486000.0,26.0,4799000.0,61439000.0,42628000.0,76.0,10.0,4.0,3.0,736.0,5.0
C00504,33.0,12331000.0,38681000.0,18.0,1766000.0,43243000.0,21269000.0,55.0,11.0,6.0,4.0,679.0,5.0
C00505,39.0,13862000.0,37186000.0,34.0,2318000.0,13429000.0,5651000.0,79.0,6.0,4.0,4.0,668.0,6.0
C00506,43.0,12932000.0,31890000.0,10.0,2492000.0,40076000.0,53093000.0,52.0,16.0,7.0,4.0,738.0,2.0
C00507,44.0,21883000.0,64779000.0,27.0,2774000.0,33226000.0,12206000.0,77.0,12.0,5.0,6.0,765.0,5.0
C00508,41.0,8073000.0,11282000.0,10.0,866000.0,23882000.0,10638000.0,50.0,8.0,5.0,6.0,704.0,1.0
C00509,38.0,13299000.0,23288000.0,21.0,1655000.0,40557000.0,29117000.0,57.0,17.0,5.0,7.0,743.0,4.0
C00510,31.0,6478000.0,21137000.0,45.0,7230000.0,14274000.0,33715000.0,94.0,12.0,5.0,4.0,627.0,6.0
C00511,19.0,6970000.0,13259000.0,35.0,2400000.0,20189000.0,3057000.0,68.0,12.0,6.0,4.0,552.0,3.0
C00512,24.0,11897000.0,16448000.0,33.0,2466000.0,63077000.0,25316000.0,84.0,8.0,3.0,3.0,761.0,3.0
C00513,39.0,23778000.0,29905000.0,39.0,3446000.0,41740000.0,57153000.0,96.0,10.0,4.0,5.0,716.0,5.0
C00514,28.0,7647000.0,22849000.0,27.0,3334000.0,5597000.0,25457000.0,81.0,11.0,7.0,6.0,615.0,5.0
C00515,49.0,12147000.0,168858000.0,31.0,3312000.0,51384000.0,21207000.0,78.0,4.0,2.0,6.0,768.0,7.0
C00516,31.0,9204000.0,20035000.0,22.0,1325000.0,82181000.0,11831000.0,69.0,8.0,1.0,5.0,737.0,1.0
C00517,27.0,22525000.0,18954000.0,31.0,1270000.0,24024000.0,20038000.0,67.0,9.0,4.0,2.0,674.0,3.0
C00518,41.0,17142000.0,77333000.0,36.0,2591000.0,57085000.0,42981000.0,86.0,7.0,3.0,6.0,746.0,3.0
C00519,36.0,22792000.0,18783000.0,31.0,4623000.0,29592000.0,33420000.0,40.0,13.0,7.0,3.0,706.0,7.0
C00520,33.0,8173000.0,13013000.0,34.0,8774000.0,16257000.0,5721000.0,89.0,3.0,6.0,5.0,611.0,3.0
C00521,38.0,12780000.0,23130000.0,25.0,1829000.0,12788000.0,11872000.0,90.0,2.0,3.0,5.0,731.0,3.0
C00522,27.0,11339000.0,19314000.0,15.0,1167000.0,74424000.0,20428000.0,46.0,16.0,3.0,2.0,686.0,1.0
C00523,27.0,15762000.0,13067000.0,7.0,2604000.0,9690000.0,18739000.0,40.0,15.0,7.0,2.0,650.0,2.0
C00524,31.0,6219000.0,28451000.0,44.0,6725000.0,27656000.0,15449000.0,100.0,0.0,3.0,4.0,684.0,4.0
C00525,28.0,9698000.0,20904000.0,25.0,4184000.0,24012000.0,31904000.0,84.0,9.0,6.0,5.0,666.0,3.0
C00526,41.0,21774000.0,49593000.0,28.0,8059000.0,19644000.0,13053000.0,87.0,13.0,6.0,8.0,713.0,5.0
C00527,36.0,8890000.0,25520000.0,27.0,1698000.0,27257000.0,37206000.0,66.0,7.0,4.0,6.0,696.0,2.0
C00528,45.0,18076000.0,33730000.0,24.0,1768000.0,60134000.0,18567000.0,54.0,15.0,6.0,5.0,763.0,2.0
C00529,43.0,11623000.0,20934000.0,32.0,1708000.0,29796000.0,11891000.0,78.0,10.0,0.0,6.0,697.0,1.0
C00530,32.0,14532000.0,15289000.0,40.0,2436000.0,55023000.0,13380000.0,86.0,1.0,1.0,5.0,704.0,4.0
C00531,20.0,5980000.0,33263000.0,37.0,3353000.0,33452000.0,20911000.0,88.0,10.0,4.0,3.0,643.0,2.0
C00532,30.0,12030000.0,8383000.0,20.0,1042000.0,28464000.0,4337000.0,74.0,8.0,4.0,5.0,684.0,2.0
C00533,28.0,6138000.0,9933000.0,24.0,2494000.0,31014000.0,2655000.0,51.0,7.0,7.0,0.0,653.0,1.0
C00534,39.0,8491000.0,21376000.0,14.0,2058000.0,32118000.0,24653000.0,54.0,7.0,7.0,6.0,676.0,3.0
C00535,40.0,27328000.0,51016000.0,11.0,2758000.0,74200000.0,14998000.0,53.0,8.0,7.0,5.0,697.0,6.0
C00536,47.0,10103000.0,50926000.0,33.0,2550000.0,20037000.0,11240000.0,73.0,7.0,4.0,5.0,681.0,5.0
C00537,41.0,13130000.0,34738000.0,20.0,2500000.0,23541000.0,9875000.0,54.0,14.0,10.0,9.0,676.0,3.0
C00538,27.0,8743000.0,39309000.0,13.0,2227000.0,56931000.0,13450000.0,47.0,17.0,9.0,3.0,756.0,1.0
C00539,21.0,8625000.0,22048000.0,32.0,1751000.0,24207000.0,21817000.0,75.0,9.0,3.0,3.0,663.0,2.0
C00540,43.0,16776000.0,26800000.0,23.0,3306000.0,43859000.0,43872000.0,38.0,14.0,7.0,8.0,724.0,4.0
C00541,34.0,9687000.0,20379000.0,37.0,1944000.0,73434000.0,24252000.0,63.0,9.0,3.0,7.0,790.0,3.0
C00542,37.0,16141000.0,,9.0,871000.0,49935000.0,6436000.0,34.0,12.0,1.0,2.0,706.0,2.0
C00543,39.0,6991000.0,35261000.0,25.0,1791000.0,18556000.0,10701000.0,58.0,10.0,4.0,7.0,650.0,2.0
C00544,39.0,16621000.0,47603000.0,18.0,2843000.0,10611000.0,21855000.0,55.0,11.0,8.0,5.0,731.0,3.0
C00545,39.0,9231000.0,10870000.0,10.0,1963000.0,77954000.0,18473000.0,37.0,17.0,6.0,4.0,696.0,4.0
C00546,29.0,12597000.0,36815000.0,15.0,2084000.0,49216000.0,21107000.0,40.0,6.0,7.0,4.0,742.0,1.0
C00547,22.0,9873000.0,12396000.0,36.0,2626000.0,12332000.0,51621000.0,72.0,4.0,3.0,3.0,654.0,4.0
C00548,34.0,17234000.0,16886000.0,43.0,1594000.0,41336000.0,38603000.0,72.0,8.0,0.0,3.0,822.0,2.0
C00549,22.0,7407000.0,11001000.0,25.0,2544000.0,10066000.0,5494000.0,67.0,7.0,6.0,4.0,643.0,4.0
C00550,45.0,11291000.0,53505000.0,28.0,2499000.0,28308000.0,22743000.0,66.0,4.0,3.0,6.0,703.0,6.0
C00551,37.0,9345000.0,26650000.0,16.0,1072000.0,23954000.0,8709000.0,70.0,5.0,3.0,7.0,734.0,1.0
C00552,24.0,16881000.0,22873000.0,37.0,6520000.0,21345000.0,21576000.0,71.0,5.0,2.0,4.0,669.0,2.0
C00553,24.0,5656000.0,9459000.0,22.0,966000.0,46904000.0,32101000.0,52.0,14.0,8.0,6.0,755.0,1.0
C00554,24.0,8801000.0,45691000.0,45.0,4665000.0,96849000.0,82300000.0,84.0,12.0,6.0,4.0,751.0,5.0
C00555,42.0,14548000.0,42394000.0,22.0,1748000.0,53942000.0,23145000.0,64.0,16.0,4.0,5.0,765.0,2.0
C00556,58.0,,38755000.0,22.0,3001000.0,122411000.0,2051000.0,48.0,7.0,9.0,7.0,781.0,4.0
C00557,47.0,14053000.0,28441000.0,37.0,3318000.0,55424000.0,34012000.0,81.0,5.0,4.0,11.0,771.0,1.0
C00558,35.0,11470000.0,36779000.0,24.0,2050000.0,25699000.0,13288000.0,51.0,7.0,4.0,6.0,714.0,2.0
C00559,45.0,9295000.0,34696000.0,24.0,1160000.0,43721000.0,8639000.0,72.0,12.0,3.0,6.0,688.0,3.0
C00560,42.0,9432000.0,19746000.0,24.0,1302000.0,32126000.0,22148000.0,51.0,13.0,4.0,9.0,720.0,3.0
C00561,36.0,13250000.0,28084000.0,22.0,3644000.0,15343000.0,17959000.0,53.0,12.0,4.0,7.0,660.0,5.0
C00562,36.0,15306000.0,15253000.0,1.0,2151000.0,52825000.0,9800000.0,33.0,13.0,9.0,3.0,746.0,2.0
C00563,30.0,8612000.0,15756000.0,22.0,1323000.0,35668000.0,9007000.0,74.0,10.0,5.0,3.0,650.0,1.0
C00564,25.0,10747000.0,14996000.0,26.0,2451000.0,36680000.0,58650000.0,75.0,5.0,5.0,4.0,694.0,3.0
C00565,27.0,15308000.0,30633000.0,34.0,2106000.0,7433000.0,20922000.0,70.0,12.0,6.0,1.0,647.0,4.0
C00566,41.0,13962000.0,66129000.0,46.0,7883000.0,12918000.0,26123000.0,100.0,4.0,2.0,5.0,658.0,6.0
C00567,34.0,14722000.0,20683000.0,32.0,3152000.0,7795000.0,20971000.0,68.0,5.0,0.0,5.0,634.0,5.0
C00568,33.0,11914000.0,23288000.0,26.0,3064000.0,48933000.0,45115000.0,62.0,12.0,3.0,3.0,757.0,5.0
C00569,36.0,19145000.0,32210000.0,26.0,3480000.0,43801000.0,41939000.0,59.0,10.0,7.0,5.0,757.0,5.0
C00570,21.0,11817000.0,8464000.0,24.0,1116000.0,27633000.0,14118000.0,69.0,9.0,1.0,5.0,742.0,2.0
C00571,36.0,24380000.0,42139000.0,30.0,4908000.0,35896000.0,49611000.0,65.0,11.0,7.0,5.0,715.0,6.0
C00572,51.0,9712000.0,33321000.0,21.0,1867000.0,47830000.0,15379000.0,44.0,14.0,4.0,7.0,709.0,2.0
C00573,30.0,22953000.0,9575000.0,12.0,1352000.0,80341000.0,80224000.0,41.0,13.0,7.0,2.0,828.0,3.0
C00574,23.0,17971000.0,16108000.0,35.0,7649000.0,12329000.0,52863000.0,88.0,6.0,7.0,4.0,684.0,6.0
C00575,18.0,7039000.0,5064000.0,23.0,1211000.0,7812000.0,3486000.0,48.0,11.0,6.0,0.0,630.0,2.0
C00576,18.0,5627000.0,13431000.0,13.0,670000.0,15073000.0,28239000.0,63.0,10.0,1.0,2.0,686.0,2.0
C00577,42.0,34869000.0,38109000.0,29.0,3396000.0,112536000.0,10967000.0,73.0,12.0,7.0,5.0,765.0,4.0
C00578,34.0,9695000.0,32382000.0,22.0,4141000.0,24100000.0,19134000.0,57.0,14.0,9.0,7.0,666.0,4.0
C00579,25.0,11644000.0,8282000.0,23.0,2050000.0,24704000.0,8049000.0,59.0,9.0,12.0,3.0,634.0,4.0
C00580,30.0,14310000.0,12095000.0,22.0,5566000.0,24351000.0,29445000.0,65.0,10.0,5.0,2.0,644.0,4.0
C00581,20.0,8195000.0,32640000.0,28.0,1961000.0,19066000.0,22332000.0,74.0,6.0,3.0,2.0,691.0,2.0
C00582,37.0,12271000.0,27450000.0,27.0,3999000.0,33316000.0,6689000.0,74.0,9.0,5.0,6.0,670.0,5.0
C00583,37.0,,9453000.0,32.0,5758000.0,19827000.0,6002000.0,70.0,8.0,8.0,4.0,670.0,7.0
C00584,57.0,13966000.0,122398000.0,44.0,9027000.0,64692000.0,16745000.0,98.0,13.0,3.0,7.0,704.0,5.0
C00585,29.0,8551000.0,13154000.0,7.0,982000.0,24340000.0,5794000.0,44.0,11.0,8.0,3.0,658.0,3.0
C00586,43.0,19679000.0,64679000.0,23.0,2453000.0,71217000.0,8986000.0,59.0,12.0,4.0,7.0,638.0,5.0
C00587,34.0,17073000.0,21459000.0,34.0,7497000.0,27927000.0,25340000.0,75.0,6.0,7.0,2.0,755.0,6.0
C00588,18.0,8333000.0,5468000.0,25.0,2142000.0,37257000.0,28286000.0,80.0,10.0,1.0,0.0,645.0,2.0
C00589,50.0,14364000.0,37254000.0,24.0,4874000.0,59066000.0,16643000.0,59.0,8.0,3.0,9.0,677.0,5.0
C00590,42.0,18670000.0,21867000.0,34.0,3799000.0,82979000.0,14212000.0,82.0,15.0,3.0,5.0,729.0,5.0
C00591,29.0,8222000.0,17241000.0,10.0,2820000.0,6975000.0,2377000.0,44.0,12.0,7.0,5.0,569.0,3.0
C00592,34.0,9616000.0,6358000.0,49.0,1839000.0,38193000.0,19673000.0,89.0,6.0,0.0,3.0,681.0,2.0
C00593,27.0,10028000.0,13429000.0,25.0,2267000.0,33212000.0,17345000.0,72.0,10.0,4.0,3.0,655.0,2.0
C00594,30.0,22226000.0,15790000.0,22.0,1993000.0,26314000.0,32376000.0,65.0,5.0,6.0,3.0,724.0,6.0
C00595,41.0,14287000.0,39380000.0,22.0,2637000.0,28302000.0,15885000.0,62.0,8.0,5.0,9.0,683.0,3.0
C00596,34.0,6553000.0,37785000.0,38.0,2019000.0,8724000.0,25144000.0,95.0,7.0,2.0,7.0,665.0,2.0
C00597,38.0,16016000.0,12621000.0,21.0,4000000.0,29764000.0,24762000.0,48.0,13.0,8.0,7.0,690.0,5.0
C00598,32.0,10516000.0,20330000.0,40.0,4186000.0,19496000.0,126388000.0,86.0,0.0,2.0,3.0,676.0,4.0
C00599,42.0,39751000.0,54032000.0,22.0,2648000.0,82153000.0,158917000.0,52.0,9.0,8.0,4.0,781.0,5.0
C00600,29.0,8269000.0,41482000.0,35.0,5004000.0,148292000.0,23683000.0,75.0,14.0,4.0,5.0,695.0,4.0
C00601,50.0,12414000.0,90489000.0,32.0,4546000.0,52103000.0,7046000.0,84.0,12.0,9.0,9.0,679.0,6.0
C00602,24.0,8894000.0,19896000.0,41.0,3402000.0,11678000.0,21908000.0,89.0,12.0,6.0,6.0,689.0,1.0
C00603,55.0,10820000.0,64628000.0,24.0,1858000.0,74924000.0,16646000.0,79.0,5.0,3.0,9.0,769.0,3.0
C00604,29.0,7777000.0,18780000.0,10.0,2907000.0,45170000.0,26532000.0,52.0,18.0,7.0,5.0,752.0,4.0
C00605,32.0,10826000.0,25117000.0,36.0,5024000.0,13750000.0,19569000.0,69.0,10.0,6.0,4.0,672.0,6.0
C00606,33.0,15370000.0,40617000.0,13.0,1699000.0,23507000.0,5298000.0,59.0,14.0,6.0,5.0,682.0,3.0
C00607,35.0,10773000.0,18412000.0,21.0,987000.0,38748000.0,6909000.0,71.0,8.0,6.0,5.0,730.0,2.0
C00608,39.0,11792000.0,24099000.0,32.0,1718000.0,12375000.0,8176000.0,67.0,4.0,2.0,6.0,690.0,3.0
C00609,47.0,10970000.0,13297000.0,19.0,2462000.0,20157000.0,7654000.0,50.0,12.0,6.0,6.0,703.0,3.0
C00610,32.0,17471000.0,14073000.0,35.0,3583000.0,42502000.0,39497000.0,81.0,6.0,0.0,3.0,725.0,3.0
C00611,33.0,10544000.0,49155000.0,10.0,765000.0,39234000.0,7626000.0,45.0,10.0,5.0,5.0,687.0,1.0
C00612,21.0,7539000.0,8849000.0,12.0,2094000.0,12105000.0,8289000.0,65.0,6.0,8.0,1.0,680.0,2.0
C00613,45.0,10191000.0,88634000.0,40.0,5807000.0,28986000.0,64402000.0,93.0,15.0,3.0,7.0,723.0,6.0
C00614,36.0,22233000.0,36688000.0,26.0,2336000.0,65893000.0,34171000.0,43.0,10.0,3.0,5.0,809.0,3.0
C00615,48.0,12407000.0,35672000.0,22.0,941000.0,78832000.0,16931000.0,79.0,12.0,4.0,7.0,763.0,2.0
C00616,30.0,4800000.0,8666000.0,16.0,1775000.0,14085000.0,2805000.0,64.0,7.0,6.0,6.0,627.0,1.0
C00617,28.0,9736000.0,19061000.0,24.0,1044000.0,48764000.0,7848000.0,68.0,8.0,6.0,6.0,706.0,1.0
C00618,37.0,,26043000.0,14.0,971000.0,27106000.0,12267000.0,73.0,12.0,0.0,8.0,652.0,2.0
C00619,46.0,9917000.0,48641000.0,43.0,3212000.0,32905000.0,21276000.0,100.0,6.0,0.0,6.0,739.0,2.0
C00620,28.0,34043000.0,9758000.0,24.0,4656000.0,42347000.0,14655000.0,68.0,9.0,4.0,1.0,720.0,4.0
C00621,25.0,12782000.0,24028000.0,40.0,3640000.0,47571000.0,60329000.0,61.0,6.0,3.0,5.0,734.0,1.0
C00622,34.0,14741000.0,28501000.0,22.0,2369000.0,12233000.0,26499000.0,56.0,10.0,6.0,7.0,666.0,4.0
C00623,45.0,19444000.0,103166000.0,33.0,11043000.0,113919000.0,29789000.0,85.0,11.0,5.0,8.0,759.0,6.0
C00624,40.0,13023000.0,38699000.0,17.0,1239000.0,11172000.0,22072000.0,47.0,9.0,6.0,7.0,674.0,3.0
C00625,36.0,10634000.0,55288000.0,29.0,3783000.0,95657000.0,7520000.0,78.0,8.0,8.0,3.0,670.0,4.0
C00626,39.0,10397000.0,25506000.0,32.0,3461000.0,26974000.0,23993000.0,72.0,8.0,6.0,6.0,675.0,5.0
C00627,40.0,10735000.0,41331000.0,23.0,1586000.0,36418000.0,8038000.0,55.0,11.0,8.0,7.0,683.0,2.0
C00628,29.0,17296000.0,16990000.0,36.0,6707000.0,54718000.0,47644000.0,90.0,10.0,4.0,5.0,651.0,4.0
C00629,41.0,35760000.0,24349000.0,13.0,4069000.0,48657000.0,9155000.0,56.0,10.0,5.0,7.0,707.0,7.0
C00630,39.0,18276000.0,36145000.0,27.0,3754000.0,46523000.0,25646000.0,68.0,7.0,4.0,7.0,741.0,4.0
C00631,35.0,15656000.0,33266000.0,32.0,1237000.0,41069000.0,11524000.0,47.0,19.0,5.0,5.0,716.0,1.0
C00632,36.0,30604000.0,37330000.0,20.0,4934000.0,35094000.0,7189000.0,49.0,10.0,7.0,2.0,631.0,5.0
C00633,35.0,16675000.0,48893000.0,30.0,3098000.0,24911000.0,60915000.0,48.0,11.0,5.0,6.0,772.0,4.0
C00634,31.0,9383000.0,35419000.0,20.0,2344000.0,65264000.0,7799000.0,41.0,11.0,10.0,4.0,667.0,3.0
C00635,46.0,19338000.0,74225000.0,37.0,4322000.0,48223000.0,67793000.0,91.0,8.0,2.0,9.0,728.0,6.0
C00636,23.0,12388000.0,22320000.0,24.0,5156000.0,19987000.0,16682000.0,63.0,9.0,5.0,0.0,690.0,4.0
C00637,22.0,6580000.0,7558000.0,24.0,1544000.0,18798000.0,27973000.0,73.0,11.0,4.0,4.0,664.0,1.0
C00638,22.0,12054000.0,16942000.0,19.0,1401000.0,16521000.0,4241000.0,63.0,14.0,6.0,3.0,662.0,1.0
C00639,23.0,8461000.0,9604000.0,28.0,2776000.0,4932000.0,8939000.0,74.0,13.0,10.0,3.0,656.0,2.0
C00640,42.0,9848000.0,,25.0,2195000.0,47852000.0,14966000.0,59.0,14.0,5.0,5.0,767.0,2.0
C00641,36.0,19636000.0,21116000.0,23.0,3490000.0,35450000.0,41500000.0,74.0,10.0,4.0,1.0,723.0,4.0
C00642,33.0,8954000.0,36906000.0,23.0,1436000.0,24207000.0,27172000.0,51.0,12.0,4.0,4.0,694.0,3.0
C00643,33.0,9369000.0,21761000.0,34.0,2313000.0,29235000.0,5064000.0,72.0,11.0,4.0,4.0,681.0,4.0
C00644,32.0,10693000.0,39339000.0,38.0,4734000.0,73850000.0,29331000.0,87.0,5.0,3.0,7.0,796.0,3.0
C00645,45.0,11065000.0,27485000.0,20.0,847000.0,14915000.0,2245000.0,58.0,17.0,2.0,6.0,678.0,1.0
C00646,28.0,13679000.0,17554000.0,6.0,2642000.0,28128000.0,28855000.0,55.0,11.0,6.0,5.0,706.0,3.0
C00647,34.0,23644000.0,18905000.0,15.0,3037000.0,45351000.0,18748000.0,47.0,10.0,7.0,2.0,682.0,4.0
C00648,43.0,20527000.0,137897000.0,24.0,3432000.0,51312000.0,24770000.0,58.0,9.0,9.0,7.0,753.0,6.0
C00649,38.0,6986000.0,52333000.0,22.0,1115000.0,30952000.0,14027000.0,74.0,5.0,4.0,3.0,726.0,4.0
C00650,30.0,13179000.0,14023000.0,20.0,967000.0,49264000.0,15865000.0,56.0,13.0,5.0,9.0,770.0,1.0
C00651,47.0,16527000.0,16289000.0,10.0,2916000.0,57378000.0,6354000.0,49.0,18.0,5.0,7.0,752.0,3.0
C00652,34.0,11900000.0,46268000.0,33.0,3034000.0,13018000.0,29079000.0,68.0,9.0,5.0,1.0,673.0,4.0
C00653,30.0,20729000.0,21196000.0,34.0,1645000.0,50834000.0,36863000.0,64.0,12.0,4.0,4.0,768.0,1.0
C00654,27.0,3736000.0,34699000.0,26.0,873000.0,39034000.0,11515000.0,56.0,12.0,3.0,4.0,680.0,1.0
C00655,44.0,9378000.0,44774000.0,17.0,3284000.0,45004000.0,14806000.0,37.0,17.0,6.0,6.0,687.0,2.0
C00656,33.0,11042000.0,6104000.0,10.0,1256000.0,14831000.0,4671000.0,48.0,17.0,7.0,3.0,654.0,3.0
C00657,50.0,19202000.0,90308000.0,17.0,1947000.0,109650000.0,23632000.0,59.0,16.0,5.0,7.0,749.0,2.0
C00658,38.0,7968000.0,44310000.0,37.0,4484000.0,20106000.0,10825000.0,66.0,11.0,6.0,5.0,695.0,3.0
C00659,37.0,13402000.0,18287000.0,23.0,2693000.0,22065000.0,19817000.0,47.0,13.0,5.0,3.0,765.0,3.0
C00660,36.0,16005000.0,40465000.0,22.0,1975000.0,25897000.0,20894000.0,67.0,12.0,7.0,7.0,720.0,4.0
C00661,51.0,,60795000.0,40.0,3972000.0,107548000.0,37821000.0,100.0,4.0,0.0,8.0,750.0,6.0
C00662,48.0,8707000.0,63093000.0,31.0,5609000.0,24735000.0,19537000.0,66.0,8.0,6.0,5.0,711.0,5.0
C00663,25.0,11197000.0,21761000.0,29.0,2758000.0,24343000.0,13778000.0,70.0,5.0,3.0,4.0,677.0,5.0
C00664,41.0,12920000.0,42124000.0,17.0,1068000.0,126870000.0,25779000.0,78.0,12.0,4.0,5.0,815.0,4.0
C00665,19.0,9390000.0,10188000.0,33.0,1323000.0,23753000.0,21928000.0,83.0,12.0,4.0,3.0,692.0,3.0
C00666,38.0,12156000.0,40061000.0,23.0,2009000.0,75189000.0,6870000.0,70.0,10.0,6.0,6.0,731.0,3.0
C00667,34.0,10626000.0,17888000.0,15.0,755000.0,19912000.0,8419000.0,58.0,11.0,7.0,5.0,736.0,2.0
C00668,34.0,7632000.0,44370000.0,22.0,1396000.0,10951000.0,5657000.0,47.0,17.0,7.0,5.0,614.0,2.0
C00669,34.0,20804000.0,21518000.0,26.0,4045000.0,34599000.0,48549000.0,58.0,8.0,11.0,5.0,759.0,8.0
C00670,31.0,13891000.0,17443000.0,25.0,2075000.0,31009000.0,16194000.0,68.0,10.0,6.0,3.0,708.0,5.0
C00671,36.0,15039000.0,45841000.0,27.0,3286000.0,14751000.0,13112000.0,66.0,17.0,2.0,7.0,659.0,6.0
C00672,18.0,8144000.0,2437000.0,20.0,3138000.0,37278000.0,9036000.0,53.0,11.0,6.0,1.0,637.0,2.0
C00673,24.0,5737000.0,31228000.0,26.0,1411000.0,23931000.0,8377000.0,80.0,6.0,5.0,7.0,641.0,1.0
C00674,20.0,11093000.0,18428000.0,29.0,2121000.0,31004000.0,18969000.0,65.0,10.0,5.0,4.0,704.0,2.0
C00675,34.0,7345000.0,10862000.0,13.0,1127000.0,17688000.0,6471000.0,64.0,13.0,4.0,8.0,652.0,1.0
C00676,30.0,14091000.0,14833000.0,29.0,2406000.0,13122000.0,6931000.0,61.0,3.0,1.0,6.0,662.0,3.0
C00677,37.0,10411000.0,36671000.0,47.0,6612000.0,40564000.0,53963000.0,79.0,11.0,1.0,6.0,713.0,5.0
C00678,37.0,10276000.0,21176000.0,15.0,2244000.0,7769000.0,7713000.0,66.0,10.0,9.0,5.0,662.0,3.0
C00679,23.0,5268000.0,9824000.0,8.0,1233000.0,8521000.0,9963000.0,55.0,4.0,3.0,2.0,638.0,1.0
C00680,42.0,8283000.0,23554000.0,26.0,4733000.0,14651000.0,14138000.0,53.0,11.0,8.0,7.0,658.0,1.0
C00681,42.0,15417000.0,18005000.0,11.0,3178000.0,99207000.0,31672000.0,35.0,13.0,4.0,6.0,708.0,4.0
C00682,23.0,19376000.0,23277000.0,32.0,3989000.0,22185000.0,50534000.0,63.0,10.0,3.0,2.0,678.0,6.0
C00683,18.0,6890000.0,8822000.0,17.0,1808000.0,18490000.0,12057000.0,59.0,11.0,8.0,3.0,644.0,1.0
C00684,35.0,,69052000.0,36.0,2845000.0,32658000.0,11775000.0,83.0,4.0,3.0,5.0,725.0,5.0
C00685,34.0,7326000.0,31722000.0,53.0,4346000.0,38859000.0,19066000.0,100.0,0.0,2.0,6.0,676.0,4.0
C00686,34.0,12794000.0,40124000.0,33.0,2096000.0,31611000.0,63347000.0,81.0,6.0,4.0,4.0,785.0,5.0
C00687,29.0,14895000.0,8806000.0,23.0,2102000.0,30289000.0,15948000.0,51.0,15.0,7.0,4.0,679.0,4.0
C00688,34.0,6854000.0,26692000.0,38.0,2494000.0,27651000.0,2538000.0,86.0,7.0,1.0,7.0,678.0,4.0
C00689,55.0,8034000.0,34355000.0,29.0,3679000.0,67345000.0,20930000.0,73.0,8.0,1.0,10.0,754.0,1.0
C00690,37.0,11451000.0,17521000.0,30.0,3968000.0,14791000.0,30746000.0,73.0,7.0,8.0,6.0,659.0,4.0
C00691,24.0,16277000.0,15865000.0,49.0,8738000.0,27291000.0,39776000.0,100.0,6.0,6.0,3.0,712.0,6.0
C00692,30.0,10838000.0,13096000.0,26.0,2073000.0,21059000.0,14851000.0,66.0,11.0,2.0,3.0,677.0,1.0
C00693,28.0,5968000.0,24073000.0,23.0,1102000.0,10729000.0,7007000.0,55.0,11.0,2.0,8.0,667.0,1.0
C00694,57.0,18765000.0,17439000.0,15.0,1380000.0,46777000.0,7459000.0,53.0,7.0,3.0,8.0,766.0,3.0
C00695,20.0,18556000.0,15101000.0,27.0,4774000.0,19008000.0,56224000.0,59.0,5.0,8.0,4.0,722.0,2.0
C00696,30.0,7181000.0,18865000.0,26.0,1918000.0,58793000.0,10722000.0,60.0,8.0,5.0,5.0,783.0,1.0
C00697,33.0,13633000.0,25611000.0,34.0,4511000.0,30631000.0,35751000.0,83.0,7.0,5.0,1.0,763.0,6.0
C00698,44.0,17872000.0,65037000.0,20.0,3205000.0,34547000.0,16125000.0,63.0,8.0,5.0,5.0,723.0,3.0
C00699,21.0,9352000.0,11226000.0,26.0,3070000.0,9505000.0,9516000.0,77.0,6.0,3.0,4.0,679.0,1.0
C00700,41.0,24626000.0,35205000.0,34.0,4912000.0,22485000.0,26170000.0,83.0,11.0,9.0,6.0,762.0,4.0
C00701,35.0,11818000.0,46580000.0,34.0,4607000.0,29251000.0,25348000.0,76.0,10.0,4.0,5.0,630.0,5.0
C00702,53.0,15633000.0,72059000.0,29.0,3386000.0,80171000.0,41448000.0,,15.0,10.0,9.0,766.0,3.0
C00703,31.0,13472000.0,19369000.0,16.0,1328000.0,50184000.0,23685000.0,70.0,5.0,7.0,6.0,754.0,1.0
C00704,39.0,11804000.0,22566000.0,25.0,2048000.0,31561000.0,6281000.0,84.0,8.0,5.0,3.0,694.0,4.0
C00705,26.0,7567000.0,12093000.0,16.0,2544000.0,8767000.0,3837000.0,46.0,6.0,3.0,5.0,638.0,2.0
C00706,49.0,12051000.0,36910000.0,19.0,1599000.0,54019000.0,5240000.0,42.0,9.0,5.0,8.0,657.0,2.0
C00707,45.0,14087000.0,95510000.0,34.0,7669000.0,143473000.0,30032000.0,81.0,6.0,3.0,6.0,746.0,4.0
C00708,26.0,12453000.0,7554000.0,16.0,3642000.0,32948000.0,13604000.0,59.0,15.0,6.0,4.0,718.0,3.0
C00709,40.0,10629000.0,27274000.0,16.0,2084000.0,134642000.0,41804000.0,65.0,12.0,3.0,5.0,784.0,2.0
C00710,39.0,8291000.0,25862000.0,38.0,7333000.0,13390000.0,19428000.0,89.0,12.0,6.0,3.0,690.0,7.0
C00711,29.0,7621000.0,31098000.0,36.0,3131000.0,6742000.0,17254000.0,67.0,7.0,6.0,4.0,642.0,3.0
C00712,31.0,11836000.0,34451000.0,20.0,4418000.0,24920000.0,36227000.0,67.0,9.0,9.0,7.0,731.0,4.0
C00713,42.0,11498000.0,26294000.0,22.0,1295000.0,30052000.0,8255000.0,74.0,4.0,2.0,8.0,751.0,1.0
C00714,48.0,10275000.0,31519000.0,27.0,1985000.0,176377000.0,38078000.0,55.0,9.0,2.0,8.0,718.0,3.0
C00715,40.0,10953000.0,54557000.0,19.0,3398000.0,30359000.0,10762000.0,66.0,17.0,7.0,6.0,704.0,3.0
C00716,18.0,12816000.0,8367000.0,15.0,2992000.0,15179000.0,14642000.0,52.0,14.0,11.0,0.0,643.0,3.0
C00717,45.0,16766000.0,21637000.0,33.0,3163000.0,21945000.0,9491000.0,72.0,8.0,5.0,9.0,721.0,6.0
C00718,49.0,8286000.0,21894000.0,24.0,2568000.0,64035000.0,27138000.0,67.0,11.0,7.0,10.0,724.0,2.0
C00719,33.0,21079000.0,44807000.0,39.0,8330000.0,58364000.0,58932000.0,78.0,11.0,5.0,6.0,690.0,5.0
C00720,54.0,13817000.0,47142000.0,30.0,2803000.0,21578000.0,4748000.0,67.0,13.0,2.0,5.0,711.0,1.0
C00721,55.0,28412000.0,27316000.0,15.0,2615000.0,26806000.0,8681000.0,54.0,14.0,6.0,7.0,748.0,4.0
C00722,40.0,12102000.0,30130000.0,33.0,2579000.0,28589000.0,76433000.0,65.0,11.0,5.0,6.0,731.0,4.0
C00723,36.0,7408000.0,21755000.0,16.0,2158000.0,69250000.0,11775000.0,43.0,14.0,9.0,7.0,696.0,1.0
C00724,41.0,11322000.0,33981000.0,25.0,1926000.0,60360000.0,25016000.0,66.0,11.0,6.0,6.0,765.0,4.0
C00725,37.0,11351000.0,14835000.0,24.0,2194000.0,51256000.0,14135000.0,48.0,12.0,6.0,5.0,720.0,1.0
C00726,44.0,10154000.0,51828000.0,16.0,2551000.0,206834000.0,19619000.0,60.0,7.0,5.0,9.0,781.0,2.0
C00727,48.0,15852000.0,22704000.0,26.0,4026000.0,91029000.0,12427000.0,52.0,8.0,4.0,5.0,726.0,4.0
C00728,23.0,9647000.0,22072000.0,26.0,4557000.0,23464000.0,21768000.0,56.0,16.0,5.0,2.0,703.0,3.0
C00729,33.0,9934000.0,14812000.0,19.0,3084000.0,15557000.0,10684000.0,64.0,11.0,5.0,3.0,669.0,4.0
C00730,22.0,33812000.0,15643000.0,22.0,3168000.0,26784000.0,11219000.0,59.0,13.0,5.0,5.0,745.0,6.0
C00731,50.0,12732000.0,66232000.0,38.0,4284000.0,49596000.0,36261000.0,84.0,14.0,3.0,8.0,733.0,6.0
C00732,37.0,6386000.0,42989000.0,41.0,4171000.0,10829000.0,37833000.0,88.0,12.0,5.0,7.0,716.0,6.0
C00733,35.0,17579000.0,18448000.0,20.0,3712000.0,16210000.0,22647000.0,67.0,11.0,7.0,5.0,708.0,4.0
C00734,18.0,7337000.0,10430000.0,22.0,1977000.0,4266000.0,6952000.0,50.0,19.0,7.0,5.0,609.0,1.0
C00735,42.0,12696000.0,26562000.0,23.0,2618000.0,26905000.0,9233000.0,63.0,13.0,10.0,3.0,673.0,3.0
C00736,50.0,6794000.0,70699000.0,27.0,4749000.0,17100000.0,33733000.0,81.0,7.0,2.0,11.0,690.0,2.0
C00737,37.0,11127000.0,17231000.0,17.0,3144000.0,56744000.0,21303000.0,64.0,11.0,4.0,7.0,683.0,6.0
C00738,37.0,15498000.0,31589000.0,37.0,1494000.0,63659000.0,91283000.0,84.0,12.0,2.0,6.0,778.0,2.0
C00739,39.0,10738000.0,12309000.0,17.0,843000.0,50428000.0,8154000.0,60.0,4.0,3.0,7.0,727.0,1.0
C00740,24.0,10085000.0,8648000.0,11.0,3307000.0,13416000.0,9016000.0,42.0,10.0,6.0,4.0,709.0,2.0
C00741,28.0,8158000.0,22625000.0,27.0,2817000.0,9905000.0,9926000.0,58.0,12.0,3.0,5.0,669.0,1.0
C00742,37.0,12767000.0,38892000.0,25.0,4322000.0,50817000.0,27502000.0,67.0,10.0,5.0,4.0,705.0,3.0
C00743,38.0,17338000.0,15671000.0,28.0,4421000.0,70245000.0,8130000.0,60.0,11.0,7.0,6.0,710.0,2.0
C00744,35.0,16598000.0,22566000.0,23.0,5542000.0,18451000.0,12233000.0,81.0,13.0,2.0,5.0,694.0,2.0
C00745,39.0,16238000.0,51732000.0,30.0,5256000.0,37018000.0,16414000.0,68.0,8.0,10.0,6.0,736.0,6.0
C00746,48.0,9314000.0,,27.0,3825000.0,30201000.0,20849000.0,73.0,5.0,5.0,10.0,730.0,3.0
C00747,30.0,15527000.0,42006000.0,40.0,11231000.0,20228000.0,40069000.0,88.0,6.0,7.0,4.0,638.0,5.0
C00748,32.0,9510000.0,25240000.0,31.0,5310000.0,21636000.0,11585000.0,67.0,13.0,5.0,2.0,676.0,5.0
C00749,20.0,10032000.0,6923000.0,36.0,806000.0,21788000.0,9347000.0,90.0,5.0,2.0,5.0,697.0,1.0
C00750,26.0,9553000.0,31677000.0,39.0,3052000.0,8243000.0,16623000.0,90.0,5.0,3.0,3.0,677.0,3.0
C00751,33.0,8219000.0,21396000.0,19.0,3312000.0,28314000.0,32600000.0,62.0,7.0,7.0,4.0,720.0,3.0
C00752,30.0,18498000.0,12027000.0,1.0,1331000.0,44150000.0,26607000.0,36.0,13.0,7.0,5.0,697.0,1.0
C00753,31.0,16046000.0,15583000.0,18.0,3058000.0,30626000.0,26556000.0,71.0,13.0,8.0,5.0,736.0,3.0
C00754,49.0,19345000.0,57360000.0,29.0,4449000.0,49449000.0,17906000.0,82.0,6.0,1.0,5.0,763.0,4.0
C00755,27.0,8572000.0,28023000.0,30.0,1684000.0,20997000.0,30317000.0,76.0,6.0,5.0,3.0,747.0,3.0
C00756,26.0,6226000.0,20672000.0,18.0,1511000.0,17007000.0,18079000.0,52.0,10.0,8.0,1.0,696.0,1.0
C00757,31.0,9302000.0,22102000.0,16.0,1611000.0,114448000.0,13953000.0,81.0,5.0,0.0,6.0,748.0,1.0
C00758,21.0,16558000.0,26430000.0,22.0,2000000.0,25531000.0,18539000.0,56.0,12.0,10.0,5.0,760.0,4.0
C00759,41.0,23835000.0,14219000.0,20.0,3190000.0,50972000.0,12937000.0,46.0,19.0,11.0,2.0,669.0,5.0
C00760,33.0,8772000.0,25051000.0,25.0,874000.0,41165000.0,11449000.0,58.0,11.0,1.0,6.0,779.0,1.0
C00761,33.0,6073000.0,15505000.0,19.0,2967000.0,35314000.0,22560000.0,83.0,8.0,4.0,6.0,713.0,3.0
C00762,18.0,6513000.0,11958000.0,24.0,2917000.0,10373000.0,20097000.0,64.0,12.0,6.0,0.0,712.0,1.0
C00763,35.0,17770000.0,36109000.0,23.0,1725000.0,24386000.0,27054000.0,84.0,10.0,4.0,2.0,674.0,4.0
C00764,33.0,11905000.0,17306000.0,26.0,1752000.0,46501000.0,39403000.0,63.0,9.0,8.0,2.0,716.0,3.0
C00765,45.0,22460000.0,67314000.0,17.0,2937000.0,27012000.0,16739000.0,57.0,18.0,8.0,6.0,716.0,6.0
C00766,34.0,12272000.0,28468000.0,29.0,4145000.0,36491000.0,15506000.0,50.0,12.0,7.0,7.0,713.0,3.0
C00767,39.0,17042000.0,11181000.0,31.0,4251000.0,21718000.0,6285000.0,74.0,8.0,7.0,3.0,667.0,4.0
C00768,39.0,15308000.0,23722000.0,23.0,2840000.0,83976000.0,9482000.0,,12.0,7.0,4.0,698.0,5.0
C00769,29.0,13343000.0,22125000.0,35.0,2965000.0,51152000.0,23081000.0,73.0,11.0,4.0,3.0,728.0,2.0
C00770,18.0,20397000.0,31513000.0,40.0,9527000.0,9098000.0,19368000.0,91.0,16.0,5.0,0.0,658.0,6.0
C00771,39.0,9541000.0,14023000.0,18.0,1191000.0,54116000.0,4361000.0,44.0,8.0,7.0,7.0,704.0,1.0
C00772,23.0,9387000.0,10291000.0,23.0,2205000.0,14410000.0,29106000.0,63.0,12.0,3.0,1.0,626.0,2.0
C00773,28.0,18033000.0,10270000.0,1.0,1318000.0,116814000.0,18814000.0,40.0,14.0,7.0,2.0,705.0,4.0
C00774,27.0,16621000.0,22921000.0,36.0,13199000.0,54030000.0,29340000.0,85.0,12.0,4.0,4.0,685.0,6.0
C00775,29.0,11077000.0,48446000.0,26.0,1439000.0,14414000.0,9608000.0,52.0,12.0,8.0,8.0,669.0,1.0
C00776,38.0,6938000.0,36353000.0,32.0,2304000.0,28272000.0,4135000.0,70.0,8.0,4.0,9.0,710.0,3.0
C00777,33.0,32833000.0,21991000.0,25.0,4932000.0,32342000.0,30793000.0,54.0,14.0,3.0,3.0,760.0,6.0
C00778,32.0,7687000.0,33655000.0,14.0,1436000.0,27433000.0,21519000.0,51.0,13.0,8.0,4.0,727.0,1.0
C00779,18.0,8435000.0,5613000.0,16.0,691000.0,20344000.0,3404000.0,37.0,6.0,3.0,4.0,661.0,1.0
C00780,23.0,8590000.0,32426000.0,32.0,3630000.0,27207000.0,11080000.0,75.0,13.0,9.0,4.0,663.0,1.0
C00781,46.0,10400000.0,10929000.0,1.0,1165000.0,50247000.0,5670000.0,40.0,15.0,8.0,3.0,764.0,3.0
C00782,50.0,7045000.0,44442000.0,7.0,1287000.0,37865000.0,12329000.0,47.0,13.0,10.0,9.0,667.0,1.0
C00783,50.0,17369000.0,56160000.0,20.0,2126000.0,85875000.0,8681000.0,44.0,13.0,10.0,6.0,664.0,6.0
C00784,37.0,9322000.0,30896000.0,32.0,3288000.0,25693000.0,5949000.0,68.0,10.0,7.0,2.0,696.0,2.0
C00785,36.0,13670000.0,15000000.0,15.0,1962000.0,19005000.0,37682000.0,41.0,12.0,6.0,3.0,750.0,1.0
C00786,41.0,11715000.0,16603000.0,8.0,2157000.0,10405000.0,2558000.0,40.0,7.0,7.0,5.0,639.0,3.0
C00787,24.0,17347000.0,21437000.0,21.0,1892000.0,74725000.0,22860000.0,82.0,10.0,7.0,4.0,742.0,4.0
C00788,38.0,16118000.0,26026000.0,36.0,3086000.0,31258000.0,11297000.0,98.0,9.0,8.0,7.0,720.0,6.0
C00789,31.0,12340000.0,17876000.0,26.0,2695000.0,44289000.0,7839000.0,83.0,0.0,3.0,6.0,747.0,4.0
C00790,37.0,15029000.0,,15.0,6741000.0,22090000.0,4836000.0,47.0,11.0,7.0,6.0,717.0,1.0
C00791,39.0,20956000.0,14558000.0,29.0,6712000.0,16946000.0,17351000.0,56.0,12.0,5.0,4.0,713.0,3.0
C00792,18.0,7544000.0,7198000.0,27.0,4404000.0,9539000.0,35718000.0,63.0,13.0,7.0,1.0,647.0,3.0
C00793,51.0,30032000.0,34251000.0,30.0,5165000.0,43908000.0,13307000.0,66.0,13.0,5.0,7.0,717.0,5.0
C00794,23.0,5886000.0,12121000.0,9.0,954000.0,18252000.0,4557000.0,55.0,11.0,2.0,5.0,648.0,1.0
C00795,23.0,14876000.0,6994000.0,26.0,4109000.0,49804000.0,38406000.0,60.0,8.0,6.0,4.0,712.0,3.0
C00796,44.0,13074000.0,23553000.0,25.0,1661000.0,51556000.0,22383000.0,72.0,3.0,6.0,5.0,775.0,4.0
C00797,36.0,,15703000.0,21.0,1331000.0,15226000.0,8923000.0,53.0,15.0,5.0,4.0,637.0,1.0
C00798,28.0,8079000.0,39131000.0,25.0,1441000.0,19985000.0,31903000.0,60.0,14.0,8.0,5.0,749.0,3.0
C00799,29.0,9103000.0,54462000.0,26.0,2404000.0,11280000.0,9708000.0,74.0,12.0,4.0,6.0,693.0,2.0
C00800,37.0,14629000.0,11670000.0,21.0,2860000.0,88676000.0,11237000.0,43.0,10.0,6.0,6.0,696.0,4.0
C00801,38.0,24413000.0,33729000.0,26.0,3614000.0,163877000.0,33913000.0,77.0,10.0,5.0,4.0,741.0,5.0
C00802,35.0,12983000.0,18334000.0,29.0,2771000.0,38830000.0,23600000.0,92.0,3.0,5.0,4.0,688.0,4.0
C00803,38.0,23643000.0,33575000.0,29.0,2366000.0,46685000.0,113795000.0,61.0,7.0,6.0,7.0,764.0,4.0
C00804,40.0,14755000.0,62669000.0,25.0,4245000.0,25772000.0,22667000.0,84.0,10.0,7.0,4.0,672.0,6.0
C00805,40.0,10446000.0,14420000.0,9.0,1280000.0,11306000.0,4732000.0,30.0,14.0,7.0,5.0,643.0,2.0
C00806,24.0,6218000.0,18298000.0,29.0,1678000.0,11432000.0,21380000.0,,15.0,1.0,5.0,706.0,4.0
C00807,27.0,12199000.0,12725000.0,32.0,2362000.0,20878000.0,17315000.0,68.0,11.0,5.0,1.0,721.0,4.0
C00808,41.0,15050000.0,39910000.0,25.0,2946000.0,45944000.0,17116000.0,63.0,8.0,2.0,8.0,675.0,4.0
C00809,38.0,8505000.0,8225000.0,25.0,2910000.0,26239000.0,11126000.0,44.0,9.0,8.0,4.0,622.0,3.0
C00810,32.0,7318000.0,16420000.0,23.0,2411000.0,16577000.0,8856000.0,64.0,8.0,7.0,6.0,665.0,1.0
C00811,43.0,11750000.0,42213000.0,28.0,1819000.0,25778000.0,23316000.0,76.0,16.0,6.0,6.0,713.0,4.0
C00812,39.0,10839000.0,30153000.0,30.0,3722000.0,60654000.0,25653000.0,68.0,12.0,6.0,6.0,694.0,6.0
C00813,40.0,14509000.0,30058000.0,25.0,4811000.0,18645000.0,5527000.0,58.0,13.0,7.0,5.0,679.0,3.0
C00814,33.0,7066000.0,44714000.0,19.0,1401000.0,33355000.0,16732000.0,38.0,14.0,5.0,7.0,770.0,1.0
C00815,34.0,12038000.0,13062000.0,17.0,2617000.0,61166000.0,25790000.0,45.0,12.0,7.0,4.0,758.0,3.0
C00816,21.0,7763000.0,30332000.0,11.0,1114000.0,25337000.0,17003000.0,72.0,13.0,3.0,3.0,692.0,1.0
C00817,45.0,16124000.0,25699000.0,22.0,4688000.0,38743000.0,20680000.0,76.0,6.0,3.0,9.0,677.0,6.0
C00818,32.0,12040000.0,21334000.0,15.0,1137000.0,18045000.0,5622000.0,58.0,8.0,7.0,5.0,654.0,2.0
C00819,54.0,14541000.0,56142000.0,11.0,1607000.0,25050000.0,5545000.0,62.0,7.0,6.0,7.0,713.0,3.0
C00820,21.0,12278000.0,12613000.0,39.0,4073000.0,13036000.0,25269000.0,81.0,9.0,7.0,0.0,682.0,5.0
C00821,40.0,25418000.0,21274000.0,21.0,1966000.0,33179000.0,24220000.0,43.0,11.0,5.0,9.0,803.0,4.0
C00822,31.0,5920000.0,54762000.0,31.0,2204000.0,61884000.0,56736000.0,78.0,7.0,3.0,5.0,767.0,2.0
C00823,48.0,18348000.0,27613000.0,11.0,1401000.0,64578000.0,15816000.0,48.0,12.0,7.0,9.0,816.0,2.0
C00824,37.0,12381000.0,19376000.0,33.0,7561000.0,9741000.0,17358000.0,54.0,12.0,8.0,5.0,654.0,5.0
C00825,33.0,12179000.0,12140000.0,16.0,2923000.0,33750000.0,17838000.0,60.0,8.0,5.0,4.0,713.0,2.0
C00826,41.0,17332000.0,16493000.0,13.0,1977000.0,39881000.0,8663000.0,53.0,9.0,3.0,5.0,671.0,4.0
C00827,35.0,12387000.0,29188000.0,18.0,2137000.0,15008000.0,59157000.0,49.0,12.0,7.0,10.0,741.0,3.0
C00828,27.0,17775000.0,15322000.0,29.0,3539000.0,15029000.0,16897000.0,72.0,8.0,1.0,1.0,669.0,3.0
C00829,43.0,28040000.0,17295000.0,37.0,4433000.0,56573000.0,8494000.0,96.0,7.0,4.0,5.0,663.0,7.0
C00830,18.0,12436000.0,18942000.0,36.0,2957000.0,23818000.0,38764000.0,61.0,17.0,6.0,2.0,663.0,6.0
C00831,35.0,16933000.0,27763000.0,29.0,3306000.0,7625000.0,19492000.0,50.0,8.0,4.0,4.0,701.0,6.0
C00832,32.0,17126000.0,32383000.0,37.0,4125000.0,55225000.0,33245000.0,75.0,16.0,6.0,4.0,762.0,5.0
C00833,23.0,7737000.0,33026000.0,33.0,1341000.0,8639000.0,5638000.0,65.0,10.0,6.0,3.0,600.0,2.0
C00834,31.0,9342000.0,9240000.0,17.0,1329000.0,44046000.0,5445000.0,60.0,10.0,5.0,6.0,692.0,1.0
C00835,47.0,15075000.0,48745000.0,11.0,4502000.0,20554000.0,15659000.0,54.0,10.0,11.0,7.0,738.0,3.0
C00836,32.0,6065000.0,22400000.0,20.0,4255000.0,11101000.0,3481000.0,60.0,15.0,7.0,2.0,617.0,4.0
C00837,46.0,18101000.0,34828000.0,11.0,1384000.0,79510000.0,8761000.0,65.0,10.0,4.0,7.0,808.0,2.0
C00838,38.0,8231000.0,33580000.0,30.0,1252000.0,24725000.0,12889000.0,87.0,5.0,3.0,7.0,708.0,3.0
C00839,50.0,13184000.0,45344000.0,31.0,4967000.0,19434000.0,12243000.0,77.0,6.0,3.0,6.0,649.0,4.0
C00840,29.0,13448000.0,10238000.0,13.0,1466000.0,9605000.0,2480000.0,64.0,9.0,7.0,7.0,595.0,1.0
C00841,28.0,9494000.0,16177000.0,39.0,2190000.0,31790000.0,31374000.0,95.0,8.0,3.0,6.0,756.0,3.0
C00842,31.0,15194000.0,37659000.0,38.0,7037000.0,56320000.0,15877000.0,70.0,11.0,6.0,6.0,768.0,5.0
C00843,38.0,15260000.0,15967000.0,20.0,2520000.0,31317000.0,23405000.0,66.0,10.0,2.0,6.0,724.0,4.0
C00844,49.0,13194000.0,72153000.0,20.0,1497000.0,37545000.0,22676000.0,69.0,9.0,6.0,7.0,801.0,4.0
C00845,49.0,9731000.0,161736000.0,40.0,7327000.0,45897000.0,32943000.0,81.0,9.0,6.0,9.0,682.0,7.0
C00846,41.0,12872000.0,50371000.0,47.0,7140000.0,23345000.0,33956000.0,77.0,7.0,2.0,8.0,714.0,6.0
C00847,46.0,8937000.0,27778000.0,23.0,2049000.0,76386000.0,14013000.0,76.0,9.0,3.0,8.0,765.0,3.0
C00848,32.0,9753000.0,33519000.0,26.0,1882000.0,49495000.0,11358000.0,81.0,11.0,5.0,5.0,723.0,4.0
C00849,24.0,11163000.0,27659000.0,22.0,809000.0,26372000.0,2660000.0,69.0,12.0,5.0,5.0,699.0,1.0
C00850,39.0,14535000.0,91264000.0,41.0,2847000.0,41518000.0,18130000.0,81.0,7.0,0.0,6.0,723.0,3.0
C00851,35.0,8496000.0,40213000.0,24.0,1759000.0,11623000.0,10194000.0,61.0,13.0,6.0,6.0,633.0,3.0
C00852,43.0,12719000.0,47165000.0,27.0,3038000.0,117700000.0,32497000.0,71.0,10.0,5.0,6.0,761.0,4.0
C00853,41.0,19583000.0,30182000.0,20.0,2376000.0,48556000.0,9806000.0,54.0,6.0,6.0,5.0,770.0,3.0
C00854,25.0,13906000.0,28776000.0,25.0,1885000.0,54533000.0,26414000.0,66.0,10.0,5.0,7.0,770.0,1.0
C00855,20.0,11790000.0,11718000.0,29.0,1713000.0,55860000.0,43436000.0,,8.0,4.0,1.0,734.0,1.0
C00856,34.0,13976000.0,12424000.0,16.0,3017000.0,43533000.0,12388000.0,53.0,9.0,6.0,3.0,656.0,3.0
C00857,36.0,4996000.0,60933000.0,33.0,1851000.0,50832000.0,41422000.0,72.0,9.0,6.0,5.0,738.0,2.0
C00858,51.0,13447000.0,55985000.0,24.0,1710000.0,34836000.0,15011000.0,73.0,10.0,6.0,6.0,682.0,1.0
C00859,33.0,14917000.0,8610000.0,24.0,1271000.0,32545000.0,15079000.0,54.0,6.0,5.0,6.0,698.0,2.0
C00860,39.0,21466000.0,18892000.0,26.0,1754000.0,64079000.0,29008000.0,56.0,8.0,8.0,8.0,761.0,2.0
C00861,35.0,12805000.0,19433000.0,22.0,1716000.0,14475000.0,9017000.0,56.0,15.0,7.0,4.0,675.0,5.0
C00862,32.0,10718000.0,52756000.0,25.0,4769000.0,20281000.0,44238000.0,49.0,10.0,12.0,6.0,685.0,5.0
C00863,42.0,17425000.0,48261000.0,30.0,2237000.0,12393000.0,31876000.0,54.0,10.0,8.0,5.0,719.0,2.0
C00864,37.0,13512000.0,12323000.0,39.0,4833000.0,9340000.0,5384000.0,97.0,0.0,4.0,3.0,673.0,3.0
C00865,29.0,13641000.0,24447000.0,23.0,879000.0,70918000.0,8064000.0,45.0,10.0,4.0,7.0,681.0,2.0
C00866,36.0,14733000.0,14107000.0,21.0,3386000.0,24281000.0,41028000.0,46.0,13.0,9.0,6.0,764.0,5.0
C00867,44.0,11908000.0,47955000.0,42.0,3540000.0,185076000.0,49796000.0,84.0,6.0,7.0,8.0,774.0,4.0
C00868,29.0,9552000.0,14136000.0,22.0,1934000.0,29983000.0,10194000.0,61.0,12.0,8.0,2.0,716.0,3.0
C00869,18.0,17058000.0,6528000.0,21.0,4665000.0,14480000.0,5201000.0,68.0,15.0,4.0,2.0,616.0,3.0
C00870,38.0,14577000.0,13162000.0,11.0,728000.0,18235000.0,2015000.0,50.0,11.0,6.0,4.0,683.0,1.0
C00871,30.0,10403000.0,22974000.0,22.0,1791000.0,15924000.0,26406000.0,45.0,15.0,7.0,5.0,657.0,1.0
C00872,35.0,16320000.0,14667000.0,35.0,3551000.0,53542000.0,12710000.0,85.0,2.0,6.0,4.0,719.0,3.0
C00873,38.0,8305000.0,19168000.0,17.0,4423000.0,56237000.0,7698000.0,49.0,14.0,6.0,5.0,659.0,3.0
C00874,44.0,13758000.0,42247000.0,29.0,4260000.0,41497000.0,15707000.0,64.0,10.0,2.0,4.0,713.0,3.0
C00875,18.0,24318000.0,7467000.0,19.0,1305000.0,23261000.0,10411000.0,71.0,11.0,0.0,6.0,708.0,1.0
C00876,18.0,6076000.0,13035000.0,16.0,1596000.0,8873000.0,10151000.0,56.0,18.0,7.0,2.0,632.0,1.0
C00877,49.0,11287000.0,66492000.0,25.0,3322000.0,24150000.0,9107000.0,61.0,12.0,8.0,9.0,710.0,3.0
C00878,30.0,11873000.0,18614000.0,46.0,3131000.0,26939000.0,5508000.0,92.0,9.0,3.0,4.0,625.0,4.0
C00879,40.0,16334000.0,10318000.0,9.0,1665000.0,49077000.0,2336000.0,47.0,20.0,7.0,3.0,638.0,4.0
C00880,38.0,18895000.0,22393000.0,20.0,2929000.0,23479000.0,3839000.0,44.0,13.0,8.0,5.0,635.0,1.0
C00881,28.0,11749000.0,12340000.0,21.0,1818000.0,47293000.0,31552000.0,54.0,9.0,5.0,4.0,706.0,1.0
C00882,43.0,8119000.0,30072000.0,20.0,2375000.0,87433000.0,10028000.0,42.0,14.0,8.0,8.0,729.0,3.0
C00883,48.0,13760000.0,74253000.0,29.0,2088000.0,19457000.0,21077000.0,67.0,8.0,6.0,9.0,710.0,2.0
C00884,31.0,12949000.0,10131000.0,30.0,3942000.0,28709000.0,31658000.0,82.0,7.0,1.0,5.0,715.0,6.0
C00885,46.0,12205000.0,41925000.0,5.0,884000.0,38225000.0,6253000.0,38.0,7.0,6.0,8.0,670.0,3.0
C00886,42.0,11908000.0,22544000.0,16.0,1220000.0,21676000.0,6469000.0,34.0,11.0,9.0,9.0,729.0,1.0
C00887,29.0,11002000.0,28925000.0,39.0,1677000.0,25057000.0,23216000.0,100.0,6.0,4.0,6.0,730.0,1.0
C00888,37.0,9788000.0,33939000.0,32.0,3450000.0,14839000.0,10791000.0,51.0,15.0,9.0,8.0,664.0,1.0
C00889,31.0,6527000.0,37462000.0,32.0,2773000.0,44024000.0,18844000.0,54.0,13.0,6.0,6.0,665.0,1.0
C00890,31.0,15525000.0,15481000.0,23.0,3422000.0,104490000.0,63127000.0,74.0,7.0,6.0,1.0,717.0,6.0
C00891,25.0,16445000.0,8692000.0,21.0,2279000.0,30842000.0,19496000.0,60.0,15.0,6.0,4.0,707.0,3.0
C00892,52.0,25337000.0,74160000.0,24.0,2410000.0,38632000.0,3707000.0,63.0,10.0,3.0,7.0,757.0,2.0
C00893,34.0,12595000.0,24092000.0,32.0,5648000.0,19104000.0,15838000.0,85.0,9.0,2.0,6.0,713.0,3.0
C00894,42.0,18984000.0,16097000.0,18.0,4209000.0,90682000.0,30500000.0,54.0,7.0,6.0,5.0,787.0,3.0
C00895,35.0,8436000.0,36084000.0,37.0,3277000.0,34998000.0,57599000.0,67.0,9.0,3.0,6.0,749.0,4.0
C00896,37.0,12509000.0,29697000.0,21.0,1641000.0,43996000.0,6536000.0,,12.0,5.0,7.0,707.0,3.0
C00897,37.0,11732000.0,31998000.0,27.0,3715000.0,42670000.0,8253000.0,62.0,10.0,7.0,7.0,730.0,4.0
C00898,31.0,17317000.0,18726000.0,15.0,2505000.0,24763000.0,20872000.0,51.0,11.0,4.0,6.0,685.0,4.0
C00899,43.0,8008000.0,,32.0,1606000.0,28742000.0,5802000.0,47.0,10.0,5.0,5.0,710.0,2.0
C00900,18.0,17341000.0,7759000.0,1.0,860000.0,21357000.0,2944000.0,50.0,7.0,4.0,1.0,762.0,1.0
C00901,23.0,24818000.0,7781000.0,15.0,1578000.0,24268000.0,6339000.0,45.0,11.0,4.0,7.0,691.0,2.0
C00902,54.0,11793000.0,25964000.0,20.0,3553000.0,24879000.0,8404000.0,69.0,13.0,8.0,9.0,765.0,2.0
C00903,30.0,7432000.0,39684000.0,31.0,2713000.0,30485000.0,13562000.0,80.0,13.0,3.0,5.0,682.0,2.0
C00904,46.0,19483000.0,35498000.0,14.0,3651000.0,13998000.0,14238000.0,47.0,13.0,5.0,6.0,685.0,3.0
C00905,25.0,13010000.0,11883000.0,33.0,3078000.0,52156000.0,8872000.0,76.0,13.0,4.0,3.0,667.0,2.0
C00906,27.0,6472000.0,15884000.0,37.0,1462000.0,18002000.0,5336000.0,86.0,3.0,3.0,0.0,717.0,3.0
C00907,40.0,11772000.0,67383000.0,38.0,4120000.0,28045000.0,40570000.0,73.0,7.0,6.0,5.0,673.0,5.0
C00908,35.0,10110000.0,31037000.0,36.0,1779000.0,30347000.0,14227000.0,67.0,14.0,8.0,5.0,653.0,2.0
C00909,44.0,5885000.0,18211000.0,21.0,1554000.0,18633000.0,3932000.0,56.0,11.0,3.0,6.0,677.0,2.0
C00910,34.0,5103000.0,24697000.0,34.0,1843000.0,20166000.0,21210000.0,60.0,11.0,5.0,4.0,716.0,2.0
C00911,43.0,10511000.0,31558000.0,26.0,1555000.0,26500000.0,25949000.0,91.0,6.0,6.0,10.0,727.0,1.0
C00912,47.0,18191000.0,46080000.0,24.0,1976000.0,54607000.0,32750000.0,56.0,10.0,9.0,7.0,761.0,6.0
C00913,40.0,8428000.0,26130000.0,32.0,5335000.0,45643000.0,28365000.0,69.0,10.0,6.0,6.0,746.0,3.0
C00914,33.0,5074000.0,25800000.0,24.0,1277000.0,29836000.0,15202000.0,70.0,10.0,3.0,6.0,696.0,1.0
C00915,34.0,23477000.0,34419000.0,25.0,5084000.0,47209000.0,20629000.0,81.0,8.0,6.0,6.0,730.0,5.0
C00916,33.0,7826000.0,13378000.0,2.0,623000.0,8306000.0,5181000.0,54.0,5.0,5.0,5.0,687.0,1.0
C00917,34.0,21170000.0,18655000.0,25.0,2580000.0,37916000.0,19121000.0,65.0,11.0,6.0,6.0,727.0,4.0
C00918,39.0,7586000.0,42730000.0,35.0,10103000.0,30539000.0,15467000.0,72.0,9.0,5.0,6.0,674.0,4.0
C00919,45.0,11949000.0,49763000.0,25.0,2071000.0,30288000.0,11266000.0,66.0,6.0,4.0,4.0,666.0,6.0
C00920,37.0,16384000.0,17931000.0,42.0,2875000.0,39489000.0,32118000.0,75.0,10.0,5.0,6.0,695.0,4.0
C00921,45.0,14288000.0,45295000.0,25.0,1619000.0,32505000.0,9190000.0,61.0,17.0,3.0,6.0,736.0,4.0
C00922,29.0,9448000.0,22249000.0,39.0,2798000.0,4386000.0,24014000.0,74.0,17.0,4.0,5.0,659.0,5.0
C00923,41.0,15327000.0,13728000.0,21.0,2778000.0,14201000.0,11474000.0,52.0,13.0,5.0,6.0,644.0,7.0
C00924,43.0,7962000.0,31014000.0,16.0,587000.0,229765000.0,22446000.0,73.0,8.0,3.0,8.0,778.0,1.0
C00925,26.0,19432000.0,33259000.0,37.0,2573000.0,23852000.0,26031000.0,87.0,6.0,2.0,4.0,761.0,3.0
C00926,34.0,6319000.0,70548000.0,29.0,1218000.0,19821000.0,13949000.0,68.0,13.0,8.0,6.0,693.0,3.0
C00927,18.0,8975000.0,10596000.0,18.0,1058000.0,3759000.0,4746000.0,70.0,8.0,5.0,2.0,633.0,1.0
C00928,18.0,6988000.0,11457000.0,7.0,727000.0,8143000.0,10433000.0,57.0,15.0,6.0,0.0,720.0,1.0
C00929,43.0,12719000.0,35135000.0,31.0,1896000.0,78926000.0,29705000.0,63.0,4.0,6.0,8.0,748.0,4.0
C00930,29.0,10266000.0,13874000.0,13.0,3081000.0,35481000.0,8755000.0,56.0,10.0,7.0,4.0,738.0,2.0
C00931,26.0,11566000.0,15658000.0,34.0,3086000.0,10351000.0,11551000.0,79.0,12.0,1.0,2.0,641.0,3.0
C00932,34.0,8197000.0,18541000.0,19.0,1905000.0,16719000.0,11369000.0,56.0,9.0,9.0,5.0,647.0,2.0
C00933,21.0,7004000.0,15506000.0,50.0,2331000.0,14925000.0,11520000.0,100.0,4.0,0.0,4.0,667.0,4.0
C00934,47.0,18248000.0,41716000.0,16.0,4627000.0,43194000.0,87968000.0,52.0,13.0,5.0,8.0,788.0,4.0
C00935,18.0,12960000.0,13016000.0,31.0,4419000.0,6169000.0,23820000.0,86.0,14.0,5.0,2.0,698.0,3.0
C00936,45.0,13113000.0,30427000.0,32.0,8997000.0,26470000.0,15580000.0,53.0,8.0,6.0,7.0,646.0,5.0
C00937,46.0,8465000.0,42664000.0,13.0,2594000.0,46641000.0,5719000.0,38.0,7.0,7.0,9.0,720.0,3.0
C00938,24.0,9955000.0,7901000.0,11.0,1457000.0,31246000.0,10320000.0,43.0,8.0,6.0,3.0,707.0,1.0
C00939,44.0,12654000.0,39118000.0,24.0,5454000.0,45529000.0,9598000.0,49.0,6.0,5.0,7.0,714.0,3.0
C00940,40.0,25423000.0,31661000.0,21.0,3142000.0,23250000.0,15137000.0,57.0,6.0,8.0,5.0,733.0,4.0
C00941,37.0,12846000.0,12810000.0,17.0,1856000.0,41918000.0,10725000.0,77.0,6.0,5.0,8.0,734.0,1.0
C00942,35.0,15028000.0,30364000.0,19.0,3189000.0,21936000.0,11734000.0,66.0,13.0,5.0,3.0,661.0,4.0
C00943,35.0,10025000.0,41461000.0,29.0,3562000.0,22445000.0,5189000.0,57.0,10.0,7.0,7.0,668.0,4.0
C00944,52.0,20061000.0,36553000.0,26.0,3043000.0,45575000.0,13048000.0,64.0,10.0,3.0,7.0,709.0,5.0
C00945,18.0,6503000.0,6055000.0,25.0,1032000.0,9411000.0,13779000.0,61.0,7.0,9.0,2.0,627.0,1.0
C00946,47.0,11388000.0,27191000.0,11.0,1674000.0,10020000.0,8811000.0,59.0,13.0,3.0,6.0,722.0,2.0
C00947,39.0,7381000.0,39038000.0,44.0,3319000.0,21048000.0,20345000.0,72.0,16.0,6.0,5.0,607.0,6.0
C00948,35.0,10752000.0,34283000.0,35.0,1669000.0,48939000.0,12095000.0,74.0,7.0,4.0,5.0,709.0,3.0
C00949,37.0,12856000.0,19357000.0,18.0,2494000.0,12936000.0,3380000.0,54.0,16.0,5.0,5.0,661.0,1.0
C00950,42.0,14051000.0,14701000.0,1.0,1249000.0,26592000.0,3666000.0,52.0,15.0,7.0,4.0,716.0,2.0
C00951,48.0,10894000.0,76864000.0,33.0,3249000.0,16816000.0,13147000.0,94.0,6.0,1.0,7.0,650.0,3.0
C00952,36.0,10025000.0,29644000.0,31.0,3852000.0,14079000.0,3110000.0,64.0,12.0,8.0,1.0,665.0,6.0
C00953,48.0,27235000.0,26336000.0,35.0,6142000.0,40623000.0,19767000.0,80.0,9.0,1.0,4.0,715.0,7.0
C00954,37.0,9414000.0,44990000.0,44.0,2174000.0,23628000.0,5470000.0,89.0,12.0,5.0,3.0,687.0,2.0
C00955,28.0,7595000.0,16951000.0,20.0,1540000.0,27464000.0,14331000.0,54.0,12.0,7.0,7.0,730.0,1.0
C00956,38.0,7425000.0,18740000.0,11.0,1162000.0,20145000.0,21635000.0,49.0,12.0,4.0,7.0,697.0,1.0
C00957,35.0,16439000.0,14190000.0,24.0,2822000.0,54885000.0,10242000.0,71.0,9.0,6.0,5.0,695.0,4.0
C00958,20.0,7972000.0,8054000.0,25.0,1188000.0,41061000.0,28591000.0,68.0,11.0,4.0,5.0,768.0,1.0
C00959,18.0,5467000.0,17022000.0,37.0,1447000.0,17419000.0,30688000.0,70.0,5.0,1.0,2.0,597.0,1.0
C00960,28.0,11500000.0,18949000.0,21.0,5620000.0,28453000.0,18970000.0,58.0,11.0,3.0,5.0,651.0,4.0
C00961,30.0,14186000.0,22216000.0,20.0,3998000.0,31923000.0,18822000.0,66.0,20.0,7.0,5.0,731.0,5.0
C00962,35.0,26390000.0,9120000.0,25.0,2434000.0,13567000.0,14885000.0,58.0,3.0,6.0,3.0,657.0,6.0
C00963,34.0,8101000.0,72146000.0,22.0,1862000.0,34986000.0,18583000.0,66.0,10.0,5.0,7.0,762.0,1.0
C00964,23.0,25438000.0,6518000.0,21.0,2669000.0,9712000.0,19872000.0,55.0,14.0,6.0,5.0,677.0,4.0
C00965,34.0,15769000.0,16400000.0,27.0,3023000.0,23563000.0,22087000.0,80.0,8.0,3.0,4.0,697.0,6.0
C00966,29.0,17675000.0,9779000.0,11.0,1240000.0,29203000.0,17705000.0,45.0,13.0,7.0,5.0,780.0,3.0
C00967,23.0,6322000.0,12329000.0,8.0,948000.0,23936000.0,10948000.0,32.0,14.0,4.0,4.0,669.0,1.0
C00968,19.0,6779000.0,20085000.0,29.0,1255000.0,53046000.0,12205000.0,66.0,8.0,5.0,4.0,714.0,1.0
C00969,41.0,5412000.0,12516000.0,8.0,800000.0,24525000.0,9335000.0,49.0,11.0,6.0,6.0,631.0,1.0
C00970,48.0,11880000.0,72089000.0,33.0,3906000.0,12425000.0,9117000.0,69.0,8.0,5.0,6.0,706.0,4.0
C00971,32.0,6999000.0,57215000.0,43.0,4971000.0,12992000.0,41469000.0,84.0,17.0,9.0,0.0,675.0,5.0
C00972,45.0,6317000.0,32218000.0,16.0,1938000.0,18245000.0,11813000.0,62.0,10.0,3.0,9.0,713.0,1.0
C00973,21.0,14065000.0,14052000.0,23.0,3057000.0,24219000.0,14903000.0,59.0,13.0,5.0,2.0,725.0,4.0
C00974,32.0,13765000.0,24648000.0,24.0,1429000.0,22796000.0,35396000.0,60.0,8.0,5.0,5.0,841.0,3.0
C00975,30.0,11421000.0,12410000.0,3.0,1133000.0,6387000.0,3877000.0,53.0,15.0,7.0,3.0,661.0,3.0
C00976,29.0,12229000.0,28802000.0,21.0,2675000.0,59969000.0,23762000.0,61.0,14.0,3.0,3.0,684.0,4.0
C00977,33.0,10301000.0,12410000.0,29.0,2505000.0,28192000.0,8041000.0,63.0,10.0,6.0,5.0,683.0,1.0
C00978,34.0,11829000.0,35107000.0,45.0,4771000.0,21506000.0,27063000.0,87.0,5.0,4.0,4.0,723.0,6.0
C00979,41.0,6815000.0,43741000.0,12.0,1136000.0,15693000.0,10925000.0,53.0,9.0,2.0,5.0,673.0,2.0
C00980,31.0,23410000.0,40669000.0,32.0,7524000.0,19293000.0,38091000.0,71.0,16.0,5.0,5.0,747.0,5.0
C00981,23.0,13377000.0,13399000.0,39.0,4098000.0,21198000.0,9216000.0,89.0,3.0,0.0,2.0,673.0,4.0
C00982,46.0,8895000.0,37689000.0,22.0,1164000.0,28060000.0,4766000.0,57.0,12.0,4.0,8.0,709.0,2.0
C00983,29.0,12412000.0,21989000.0,31.0,4100000.0,34652000.0,13779000.0,85.0,5.0,1.0,2.0,642.0,4.0
C00984,27.0,9390000.0,26709000.0,37.0,1720000.0,31402000.0,19201000.0,76.0,11.0,4.0,4.0,715.0,1.0
C00985,32.0,11290000.0,31393000.0,26.0,2820000.0,16780000.0,7351000.0,58.0,11.0,11.0,6.0,654.0,4.0
C00986,49.0,15639000.0,59655000.0,36.0,4302000.0,36085000.0,64878000.0,89.0,5.0,4.0,6.0,729.0,5.0
C00987,34.0,16332000.0,68366000.0,31.0,2175000.0,36829000.0,59243000.0,78.0,9.0,1.0,5.0,718.0,5.0
C00988,33.0,11107000.0,8089000.0,3.0,2280000.0,36690000.0,6607000.0,50.0,10.0,7.0,3.0,684.0,3.0
C00989,34.0,10842000.0,30816000.0,21.0,2364000.0,20180000.0,7121000.0,61.0,12.0,5.0,5.0,669.0,2.0
C00990,51.0,17754000.0,64697000.0,32.0,3009000.0,37360000.0,15562000.0,83.0,9.0,2.0,8.0,708.0,3.0
C00991,40.0,8164000.0,36320000.0,21.0,1605000.0,22609000.0,6486000.0,85.0,4.0,4.0,6.0,678.0,2.0
C00992,53.0,20931000.0,76858000.0,8.0,601000.0,136786000.0,13370000.0,44.0,12.0,8.0,7.0,778.0,1.0
C00993,31.0,14792000.0,11832000.0,30.0,2900000.0,22479000.0,23197000.0,66.0,8.0,5.0,5.0,687.0,4.0
C00994,35.0,8873000.0,25097000.0,22.0,1223000.0,48025000.0,8248000.0,65.0,11.0,1.0,7.0,659.0,1.0
C00995,31.0,6787000.0,24118000.0,26.0,1640000.0,13091000.0,12597000.0,81.0,13.0,2.0,2.0,599.0,4.0
C00996,34.0,13027000.0,24102000.0,21.0,4262000.0,69341000.0,43235000.0,57.0,11.0,5.0,2.0,696.0,4.0
C00997,39.0,18483000.0,43939000.0,7.0,2070000.0,54773000.0,13904000.0,33.0,14.0,7.0,7.0,772.0,1.0
C00998,36.0,8759000.0,23743000.0,30.0,3048000.0,24650000.0,17467000.0,76.0,14.0,3.0,8.0,705.0,3.0
C00999,23.0,8071000.0,7893000.0,25.0,1764000.0,13996000.0,12359000.0,63.0,9.0,3.0,0.0,678.0,1.0
C01000,44.0,11256000.0,53030000.0,29.0,3651000.0,52647000.0,27676000.0,47.0,9.0,7.0,8.0,730.0,4.0
C01001,28.0,13186000.0,12967000.0,27.0,1743000.0,49616000.0,8629000.0,72.0,11.0,6.0,7.0,743.0,2.0
C01002,18.0,4480000.0,19320000.0,24.0,1342000.0,15486000.0,9727000.0,65.0,6.0,5.0,1.0,654.0,1.0
C01003,35.0,13368000.0,17978000.0,18.0,823000.0,110449000.0,12362000.0,59.0,9.0,6.0,9.0,764.0,1.0
C01004,28.0,6248000.0,,24.0,1455000.0,12661000.0,5520000.0,62.0,6.0,2.0,4.0,674.0,1.0
C01005,30.0,18001000.0,9621000.0,20.0,3053000.0,25339000.0,4162000.0,61.0,9.0,3.0,4.0,674.0,3.0
C01006,18.0,12369000.0,3842000.0,19.0,2273000.0,35980000.0,26001000.0,36.0,13.0,7.0,0.0,676.0,2.0
C01007,42.0,11019000.0,60327000.0,44.0,5451000.0,55110000.0,30760000.0,79.0,11.0,2.0,8.0,725.0,6.0
C01008,21.0,10858000.0,5686000.0,21.0,1287000.0,11472000.0,3045000.0,47.0,16.0,3.0,4.0,613.0,3.0
C01009,32.0,5609000.0,48637000.0,19.0,2985000.0,20821000.0,8364000.0,38.0,17.0,7.0,8.0,587.0,2.0
C01010,48.0,20647000.0,18798000.0,22.0,2062000.0,27007000.0,8522000.0,65.0,9.0,6.0,9.0,731.0,2.0
C01011,34.0,10920000.0,30804000.0,32.0,9824000.0,27464000.0,20824000.0,75.0,9.0,7.0,6.0,648.0,4.0
C01012,32.0,10934000.0,25008000.0,14.0,1745000.0,35735000.0,7517000.0,68.0,3.0,6.0,10.0,710.0,3.0
C01013,28.0,16347000.0,9026000.0,23.0,2315000.0,10881000.0,4551000.0,48.0,12.0,6.0,5.0,638.0,3.0
C01014,30.0,4865000.0,23580000.0,36.0,5658000.0,31729000.0,22917000.0,80.0,1.0,6.0,6.0,664.0,1.0
C01015,31.0,8170000.0,80440000.0,47.0,5683000.0,12760000.0,14957000.0,95.0,2.0,1.0,3.0,672.0,6.0
C01016,35.0,17175000.0,18363000.0,25.0,2786000.0,34334000.0,18540000.0,61.0,11.0,4.0,3.0,760.0,5.0
C01017,30.0,7468000.0,15522000.0,23.0,1570000.0,21906000.0,12337000.0,85.0,9.0,6.0,1.0,664.0,3.0
C01018,44.0,5515000.0,32327000.0,25.0,2493000.0,16241000.0,6132000.0,76.0,5.0,2.0,6.0,642.0,1.0
C01019,36.0,16674000.0,23000000.0,26.0,1099000.0,33723000.0,9308000.0,58.0,14.0,3.0,8.0,714.0,3.0
C01020,36.0,15099000.0,58915000.0,38.0,9578000.0,19935000.0,67775000.0,79.0,13.0,8.0,5.0,658.0,7.0
C01021,33.0,12789000.0,18162000.0,30.0,4802000.0,15142000.0,10277000.0,88.0,9.0,4.0,3.0,702.0,6.0
C01022,35.0,12254000.0,13523000.0,25.0,2511000.0,29283000.0,17892000.0,62.0,13.0,2.0,4.0,653.0,3.0
C01023,31.0,10417000.0,21297000.0,39.0,1438000.0,26850000.0,5670000.0,80.0,11.0,1.0,4.0,730.0,1.0
C01024,44.0,20134000.0,39430000.0,32.0,4514000.0,82141000.0,21483000.0,74.0,10.0,5.0,7.0,746.0,4.0
C01025,32.0,10390000.0,15994000.0,13.0,1394000.0,28677000.0,4527000.0,52.0,9.0,6.0,4.0,694.0,1.0
C01026,53.0,12770000.0,159590000.0,43.0,3191000.0,26879000.0,103170000.0,72.0,8.0,8.0,8.0,736.0,5.0
C01027,31.0,10868000.0,12632000.0,27.0,3908000.0,8398000.0,7695000.0,60.0,7.0,5.0,4.0,597.0,4.0
C01028,34.0,,25325000.0,30.0,2795000.0,38925000.0,28714000.0,85.0,9.0,4.0,3.0,653.0,3.0
C01029,24.0,6011000.0,12953000.0,7.0,1130000.0,35970000.0,30255000.0,32.0,10.0,10.0,7.0,747.0,1.0
C01030,42.0,18317000.0,12795000.0,18.0,3680000.0,15617000.0,8570000.0,54.0,12.0,9.0,5.0,694.0,3.0
C01031,47.0,16792000.0,38916000.0,31.0,2945000.0,118698000.0,20556000.0,69.0,9.0,4.0,6.0,787.0,1.0
C01032,31.0,8903000.0,14273000.0,11.0,1202000.0,15254000.0,9912000.0,46.0,8.0,5.0,5.0,676.0,3.0
C01033,30.0,9104000.0,37175000.0,31.0,4204000.0,44049000.0,48957000.0,78.0,8.0,5.0,5.0,672.0,2.0
C01034,23.0,9162000.0,8820000.0,44.0,969000.0,60392000.0,10562000.0,85.0,4.0,0.0,5.0,750.0,1.0
C01035,39.0,9477000.0,38016000.0,32.0,1832000.0,28147000.0,5867000.0,84.0,6.0,2.0,4.0,646.0,3.0
C01036,36.0,13824000.0,28435000.0,28.0,7131000.0,47259000.0,19975000.0,73.0,10.0,5.0,6.0,617.0,6.0
C01037,31.0,18132000.0,13248000.0,14.0,1362000.0,35519000.0,26602000.0,50.0,11.0,10.0,7.0,801.0,2.0
C01038,36.0,15133000.0,24139000.0,29.0,3118000.0,22055000.0,13216000.0,56.0,10.0,3.0,3.0,746.0,4.0
C01039,41.0,16745000.0,41635000.0,39.0,2009000.0,34053000.0,22390000.0,83.0,3.0,1.0,6.0,696.0,5.0
C01040,39.0,11523000.0,27265000.0,23.0,1441000.0,92390000.0,5205000.0,59.0,9.0,6.0,5.0,697.0,1.0
C01041,36.0,6403000.0,,11.0,1611000.0,48813000.0,5080000.0,28.0,13.0,9.0,9.0,666.0,2.0
C01042,32.0,6031000.0,,18.0,1690000.0,46028000.0,17947000.0,34.0,12.0,2.0,7.0,699.0,1.0
C01043,34.0,14747000.0,16404000.0,20.0,1813000.0,18620000.0,9077000.0,57.0,9.0,1.0,6.0,720.0,3.0
C01044,33.0,16715000.0,17618000.0,37.0,5514000.0,25473000.0,29257000.0,81.0,10.0,4.0,2.0,710.0,5.0
C01045,35.0,8160000.0,96222000.0,41.0,3651000.0,29229000.0,28990000.0,77.0,10.0,6.0,5.0,753.0,5.0
C01046,39.0,11708000.0,32539000.0,28.0,1951000.0,25871000.0,18914000.0,54.0,9.0,9.0,7.0,752.0,2.0
C01047,39.0,12335000.0,22608000.0,20.0,918000.0,178118000.0,14341000.0,45.0,7.0,5.0,4.0,829.0,1.0
C01048,33.0,6344000.0,20728000.0,23.0,1384000.0,18637000.0,16695000.0,76.0,14.0,5.0,3.0,683.0,2.0
C01049,41.0,16207000.0,36163000.0,36.0,3165000.0,48743000.0,32415000.0,77.0,9.0,2.0,6.0,745.0,3.0
C01050,49.0,29975000.0,28252000.0,20.0,6622000.0,52116000.0,11045000.0,54.0,9.0,8.0,5.0,702.0,7.0
C01051,40.0,18920000.0,51144000.0,29.0,10767000.0,23023000.0,133204000.0,90.0,9.0,7.0,5.0,714.0,6.0
C01052,32.0,9947000.0,8320000.0,22.0,1355000.0,12411000.0,10583000.0,70.0,13.0,7.0,2.0,622.0,2.0
C01053,43.0,14508000.0,78001000.0,22.0,2789000.0,24439000.0,15143000.0,56.0,17.0,6.0,7.0,729.0,5.0
C01054,36.0,,18322000.0,6.0,835000.0,33920000.0,4502000.0,40.0,12.0,4.0,4.0,722.0,1.0
C01055,48.0,16738000.0,47137000.0,22.0,2025000.0,35242000.0,15643000.0,61.0,15.0,6.0,7.0,749.0,3.0
C01056,18.0,11886000.0,11686000.0,39.0,2142000.0,11527000.0,5100000.0,91.0,2.0,5.0,3.0,621.0,2.0
C01057,32.0,17949000.0,7661000.0,22.0,2610000.0,32978000.0,26060000.0,64.0,9.0,4.0,4.0,704.0,2.0
C01058,33.0,9304000.0,27962000.0,38.0,1514000.0,53386000.0,11633000.0,76.0,5.0,0.0,7.0,788.0,1.0
C01059,41.0,15579000.0,30925000.0,30.0,2387000.0,80026000.0,91936000.0,72.0,11.0,4.0,5.0,817.0,2.0
C01060,45.0,11941000.0,84147000.0,28.0,2195000.0,66675000.0,12107000.0,60.0,14.0,4.0,6.0,759.0,3.0
C01061,30.0,8236000.0,28829000.0,41.0,1676000.0,25840000.0,33573000.0,87.0,8.0,0.0,1.0,740.0,3.0
C01062,48.0,16859000.0,55343000.0,20.0,2619000.0,113678000.0,39428000.0,81.0,6.0,4.0,5.0,765.0,1.0
C01063,26.0,8874000.0,19954000.0,33.0,2486000.0,19719000.0,14966000.0,78.0,6.0,6.0,3.0,635.0,3.0
C01064,45.0,10585000.0,118637000.0,23.0,7032000.0,14223000.0,15903000.0,82.0,14.0,8.0,6.0,660.0,6.0
C01065,41.0,7106000.0,16452000.0,18.0,1624000.0,17138000.0,14375000.0,47.0,11.0,2.0,4.0,620.0,1.0
C01066,55.0,23339000.0,74426000.0,22.0,2789000.0,49308000.0,9468000.0,57.0,10.0,6.0,6.0,735.0,4.0
C01067,42.0,25097000.0,31015000.0,29.0,4477000.0,165414000.0,16519000.0,76.0,7.0,5.0,8.0,765.0,3.0
C01068,22.0,11538000.0,12962000.0,35.0,3934000.0,25292000.0,12067000.0,85.0,9.0,4.0,5.0,684.0,6.0
C01069,37.0,8054000.0,21817000.0,35.0,3008000.0,7915000.0,10464000.0,56.0,7.0,3.0,3.0,686.0,3.0
C01070,27.0,11539000.0,17155000.0,40.0,2958000.0,49167000.0,41439000.0,74.0,11.0,3.0,3.0,753.0,3.0
C01071,32.0,12558000.0,34484000.0,28.0,4705000.0,14780000.0,29832000.0,85.0,6.0,5.0,5.0,688.0,4.0
C01072,39.0,7679000.0,25178000.0,22.0,1320000.0,36175000.0,10967000.0,66.0,9.0,5.0,5.0,675.0,1.0
C01073,30.0,23322000.0,41490000.0,34.0,9942000.0,17174000.0,15564000.0,85.0,7.0,3.0,3.0,729.0,7.0
C01074,49.0,12206000.0,172194000.0,50.0,9122000.0,93916000.0,10487000.0,94.0,0.0,5.0,7.0,746.0,5.0
C01075,45.0,15365000.0,27066000.0,24.0,3570000.0,20984000.0,49111000.0,54.0,9.0,4.0,8.0,666.0,3.0
C01076,35.0,10588000.0,30509000.0,18.0,3765000.0,68317000.0,15506000.0,66.0,5.0,0.0,8.0,706.0,3.0
C01077,45.0,8484000.0,21759000.0,28.0,945000.0,28067000.0,13577000.0,66.0,6.0,2.0,6.0,756.0,2.0
C01078,39.0,6861000.0,33322000.0,24.0,1000000.0,23784000.0,11054000.0,60.0,11.0,6.0,7.0,670.0,1.0
C01079,41.0,8655000.0,71892000.0,20.0,819000.0,64772000.0,2648000.0,58.0,15.0,5.0,7.0,699.0,1.0
C01080,42.0,10790000.0,65496000.0,39.0,4528000.0,18826000.0,9231000.0,82.0,9.0,4.0,4.0,656.0,8.0
C01081,38.0,15950000.0,12461000.0,15.0,1649000.0,86564000.0,19804000.0,58.0,11.0,8.0,4.0,668.0,2.0
C01082,43.0,6294000.0,34317000.0,38.0,958000.0,22680000.0,14458000.0,82.0,10.0,2.0,5.0,673.0,1.0
C01083,45.0,17817000.0,28975000.0,28.0,4167000.0,60034000.0,11134000.0,91.0,10.0,2.0,8.0,718.0,3.0
C01084,26.0,12762000.0,17469000.0,29.0,9086000.0,46501000.0,11421000.0,64.0,14.0,10.0,5.0,688.0,3.0
C01085,42.0,10580000.0,31004000.0,25.0,2700000.0,17530000.0,10548000.0,71.0,9.0,0.0,6.0,690.0,3.0
C01086,28.0,14956000.0,23501000.0,41.0,3205000.0,16915000.0,19050000.0,98.0,8.0,1.0,3.0,733.0,2.0
C01087,22.0,12129000.0,6212000.0,5.0,1896000.0,20782000.0,36608000.0,55.0,5.0,9.0,4.0,678.0,3.0
C01088,26.0,13281000.0,12848000.0,25.0,1558000.0,43315000.0,14772000.0,56.0,15.0,7.0,6.0,673.0,3.0
C01089,33.0,7244000.0,36619000.0,30.0,2460000.0,13114000.0,11271000.0,95.0,12.0,5.0,3.0,669.0,1.0
C01090,24.0,11414000.0,11935000.0,23.0,3452000.0,56893000.0,22579000.0,63.0,10.0,6.0,4.0,728.0,1.0
C01091,28.0,7645000.0,54565000.0,40.0,3592000.0,24601000.0,26334000.0,67.0,7.0,4.0,5.0,665.0,6.0
C01092,29.0,12487000.0,50224000.0,35.0,2232000.0,121581000.0,17458000.0,84.0,12.0,6.0,5.0,740.0,2.0
C01093,41.0,10124000.0,,16.0,2312000.0,55006000.0,10823000.0,47.0,10.0,4.0,6.0,659.0,1.0
C01094,40.0,16415000.0,54209000.0,48.0,8327000.0,47156000.0,60776000.0,80.0,10.0,1.0,5.0,716.0,5.0
C01095,32.0,11558000.0,14313000.0,30.0,1993000.0,47082000.0,17379000.0,70.0,6.0,5.0,4.0,663.0,3.0
C01096,28.0,9076000.0,24690000.0,29.0,2360000.0,42950000.0,18280000.0,62.0,19.0,5.0,3.0,728.0,4.0
C01097,35.0,13311000.0,31168000.0,32.0,1848000.0,49680000.0,19048000.0,76.0,4.0,4.0,4.0,753.0,3.0
C01098,47.0,15150000.0,53439000.0,17.0,3115000.0,13923000.0,3376000.0,53.0,12.0,7.0,3.0,675.0,5.0
C01099,25.0,5311000.0,30166000.0,31.0,1879000.0,17031000.0,10561000.0,70.0,2.0,7.0,6.0,658.0,2.0
C01100,37.0,10538000.0,24846000.0,34.0,2056000.0,42887000.0,29431000.0,65.0,11.0,7.0,4.0,774.0,4.0
C01101,28.0,7948000.0,6740000.0,15.0,1357000.0,21509000.0,4523000.0,65.0,9.0,4.0,7.0,635.0,1.0
C01102,22.0,9372000.0,8169000.0,14.0,1396000.0,8721000.0,24201000.0,67.0,13.0,6.0,7.0,682.0,4.0
C01103,40.0,12404000.0,11394000.0,7.0,3056000.0,23197000.0,8969000.0,51.0,10.0,4.0,5.0,687.0,1.0
C01104,35.0,15310000.0,65062000.0,35.0,5037000.0,38073000.0,15447000.0,71.0,15.0,8.0,8.0,716.0,6.0
C01105,42.0,11571000.0,25493000.0,24.0,2054000.0,65635000.0,5791000.0,63.0,7.0,5.0,7.0,721.0,2.0
C01106,25.0,14695000.0,19827000.0,24.0,3736000.0,43425000.0,9337000.0,85.0,9.0,6.0,2.0,626.0,5.0
C01107,32.0,10115000.0,16124000.0,16.0,2543000.0,29395000.0,34238000.0,77.0,8.0,1.0,0.0,678.0,3.0
C01108,24.0,12429000.0,6443000.0,1.0,441000.0,17880000.0,10556000.0,32.0,14.0,2.0,4.0,678.0,1.0
C01109,39.0,9338000.0,32393000.0,32.0,3208000.0,7719000.0,29066000.0,63.0,11.0,2.0,5.0,702.0,7.0
C01110,55.0,19616000.0,110317000.0,27.0,5207000.0,73499000.0,26458000.0,59.0,14.0,10.0,8.0,793.0,7.0
C01111,37.0,7448000.0,46876000.0,29.0,1722000.0,18050000.0,13930000.0,65.0,11.0,3.0,6.0,687.0,4.0
C01112,40.0,11856000.0,22098000.0,19.0,3158000.0,38244000.0,8197000.0,56.0,15.0,8.0,4.0,647.0,3.0
C01113,59.0,22212000.0,107180000.0,29.0,2702000.0,53330000.0,13747000.0,54.0,9.0,5.0,7.0,696.0,7.0
C01114,44.0,13411000.0,18559000.0,19.0,1905000.0,14980000.0,7543000.0,66.0,11.0,4.0,7.0,679.0,2.0
C01115,36.0,10581000.0,18195000.0,23.0,1337000.0,62977000.0,8202000.0,56.0,13.0,3.0,6.0,721.0,2.0
C01116,35.0,12777000.0,7578000.0,28.0,2367000.0,39987000.0,20237000.0,62.0,3.0,7.0,4.0,653.0,4.0
C01117,40.0,12648000.0,62867000.0,35.0,4463000.0,36077000.0,19137000.0,69.0,13.0,7.0,3.0,656.0,5.0
C01118,31.0,5482000.0,36576000.0,28.0,2882000.0,10151000.0,38875000.0,53.0,14.0,7.0,5.0,687.0,5.0
C01119,35.0,22245000.0,,29.0,2882000.0,23291000.0,11849000.0,69.0,13.0,7.0,3.0,682.0,6.0
C01120,33.0,13763000.0,19518000.0,20.0,1798000.0,19235000.0,46104000.0,51.0,13.0,4.0,7.0,697.0,2.0
C01121,54.0,21387000.0,54569000.0,33.0,4597000.0,69184000.0,18890000.0,64.0,10.0,7.0,6.0,764.0,6.0
C01122,25.0,11430000.0,12904000.0,34.0,1800000.0,29499000.0,24230000.0,72.0,10.0,6.0,3.0,688.0,2.0
C01123,35.0,8242000.0,35040000.0,26.0,1757000.0,17513000.0,28264000.0,64.0,6.0,6.0,10.0,768.0,1.0
C01124,33.0,13908000.0,25299000.0,22.0,2560000.0,23706000.0,11293000.0,66.0,8.0,4.0,4.0,639.0,2.0
C01125,56.0,8065000.0,90983000.0,23.0,3224000.0,42979000.0,16869000.0,64.0,7.0,5.0,8.0,703.0,4.0
C01126,48.0,17164000.0,13037000.0,2.0,1115000.0,57512000.0,4073000.0,60.0,11.0,0.0,8.0,725.0,1.0
C01127,22.0,19666000.0,3754000.0,7.0,1148000.0,28519000.0,4189000.0,53.0,11.0,3.0,0.0,731.0,1.0
C01128,18.0,15202000.0,10888000.0,35.0,4017000.0,16067000.0,20139000.0,82.0,6.0,2.0,3.0,681.0,5.0
C01129,24.0,8506000.0,28367000.0,30.0,1786000.0,32095000.0,38647000.0,86.0,9.0,4.0,6.0,741.0,3.0
C01130,18.0,7656000.0,4723000.0,14.0,869000.0,9569000.0,5540000.0,57.0,13.0,4.0,3.0,572.0,1.0
C01131,34.0,6948000.0,42494000.0,17.0,3033000.0,43209000.0,52705000.0,68.0,14.0,7.0,1.0,781.0,1.0
C01132,28.0,12938000.0,12003000.0,8.0,1057000.0,39199000.0,18402000.0,67.0,7.0,6.0,4.0,718.0,1.0
C01133,38.0,23499000.0,18862000.0,28.0,1960000.0,52386000.0,14212000.0,84.0,0.0,1.0,4.0,737.0,2.0
C01134,34.0,17393000.0,11070000.0,38.0,2081000.0,23607000.0,14894000.0,57.0,10.0,2.0,7.0,721.0,3.0
C01135,31.0,17212000.0,18497000.0,33.0,1973000.0,39976000.0,4909000.0,60.0,8.0,5.0,6.0,687.0,5.0
C01136,34.0,8117000.0,39949000.0,27.0,1046000.0,24030000.0,14207000.0,81.0,10.0,2.0,5.0,734.0,1.0
C01137,34.0,22040000.0,16541000.0,18.0,2934000.0,8991000.0,10749000.0,50.0,15.0,5.0,2.0,649.0,4.0
C01138,24.0,19147000.0,23190000.0,23.0,8615000.0,31392000.0,59918000.0,59.0,15.0,10.0,5.0,713.0,7.0
C01139,58.0,9653000.0,117108000.0,20.0,2203000.0,89309000.0,24286000.0,62.0,14.0,1.0,7.0,762.0,2.0
C01140,55.0,16656000.0,67480000.0,7.0,3919000.0,52207000.0,20997000.0,45.0,17.0,12.0,11.0,699.0,2.0
C01141,32.0,21262000.0,20807000.0,23.0,5500000.0,14991000.0,30527000.0,53.0,17.0,7.0,5.0,699.0,7.0
C01142,42.0,15804000.0,25844000.0,23.0,4596000.0,83097000.0,15121000.0,47.0,16.0,8.0,6.0,678.0,5.0
C01143,30.0,6413000.0,42239000.0,21.0,2574000.0,148617000.0,40851000.0,56.0,17.0,9.0,6.0,811.0,1.0
C01144,36.0,12465000.0,15285000.0,27.0,2004000.0,37018000.0,21474000.0,70.0,9.0,6.0,7.0,725.0,3.0
C01145,38.0,16466000.0,22152000.0,24.0,3141000.0,69651000.0,36753000.0,66.0,6.0,8.0,6.0,764.0,4.0
C01146,30.0,12184000.0,31861000.0,15.0,1306000.0,85417000.0,37740000.0,38.0,20.0,5.0,7.0,732.0,2.0
C01147,23.0,8164000.0,21909000.0,27.0,7486000.0,10256000.0,16206000.0,71.0,11.0,5.0,2.0,660.0,7.0
C01148,23.0,10475000.0,7672000.0,29.0,3650000.0,28633000.0,12681000.0,92.0,11.0,2.0,2.0,631.0,3.0
C01149,47.0,14508000.0,32502000.0,24.0,3340000.0,34726000.0,35415000.0,,7.0,1.0,7.0,741.0,5.0
C01150,38.0,4670000.0,18577000.0,17.0,1069000.0,65639000.0,5044000.0,40.0,13.0,4.0,8.0,723.0,1.0
C01151,38.0,16986000.0,54283000.0,27.0,3186000.0,47722000.0,28313000.0,59.0,4.0,10.0,7.0,759.0,4.0
C01152,36.0,9463000.0,38878000.0,1.0,2261000.0,79833000.0,14849000.0,22.0,16.0,10.0,6.0,701.0,3.0
C01153,60.0,24119000.0,154644000.0,19.0,2623000.0,82066000.0,33803000.0,53.0,10.0,9.0,6.0,802.0,3.0
C01154,35.0,7594000.0,40194000.0,31.0,4011000.0,30017000.0,23683000.0,85.0,11.0,9.0,6.0,690.0,6.0
C01155,52.0,14038000.0,,46.0,3452000.0,94507000.0,12651000.0,100.0,8.0,7.0,5.0,769.0,5.0
C01156,40.0,8611000.0,37616000.0,20.0,1637000.0,76383000.0,45548000.0,61.0,8.0,10.0,6.0,752.0,5.0
C01157,29.0,4311000.0,11479000.0,20.0,1122000.0,39444000.0,8969000.0,59.0,12.0,10.0,4.0,662.0,1.0
C01158,52.0,18867000.0,38336000.0,31.0,1688000.0,27345000.0,12766000.0,76.0,11.0,4.0,6.0,701.0,2.0
C01159,45.0,24912000.0,30744000.0,12.0,5744000.0,65055000.0,26637000.0,50.0,19.0,7.0,7.0,768.0,2.0
C01160,41.0,18852000.0,12802000.0,29.0,5059000.0,45293000.0,37298000.0,63.0,11.0,5.0,9.0,654.0,7.0
C01161,27.0,8429000.0,27001000.0,31.0,1895000.0,29318000.0,53104000.0,60.0,9.0,5.0,4.0,740.0,1.0
C01162,30.0,7914000.0,18780000.0,19.0,1143000.0,29027000.0,8018000.0,42.0,8.0,7.0,6.0,635.0,1.0
C01163,50.0,19667000.0,111678000.0,35.0,5578000.0,61437000.0,33447000.0,78.0,14.0,5.0,11.0,787.0,3.0
C01164,34.0,12224000.0,18930000.0,18.0,2126000.0,35739000.0,11725000.0,69.0,12.0,4.0,6.0,722.0,6.0
C01165,28.0,8804000.0,14278000.0,19.0,1441000.0,26209000.0,11885000.0,33.0,14.0,5.0,3.0,728.0,1.0
C01166,44.0,14191000.0,69541000.0,38.0,9842000.0,19639000.0,20139000.0,79.0,6.0,7.0,6.0,666.0,8.0
C01167,29.0,9477000.0,7835000.0,27.0,3585000.0,14425000.0,10720000.0,58.0,8.0,4.0,4.0,683.0,2.0
C01168,22.0,13180000.0,5129000.0,17.0,2891000.0,19397000.0,13758000.0,34.0,15.0,6.0,4.0,693.0,4.0
C01169,25.0,13127000.0,23934000.0,35.0,2337000.0,29849000.0,17079000.0,78.0,8.0,3.0,6.0,703.0,1.0
C01170,49.0,13247000.0,52887000.0,37.0,5995000.0,99348000.0,20257000.0,68.0,4.0,4.0,2.0,722.0,5.0
C01171,46.0,13521000.0,68228000.0,29.0,4596000.0,35752000.0,5637000.0,64.0,14.0,8.0,5.0,637.0,4.0
C01172,35.0,15904000.0,11016000.0,35.0,3389000.0,51020000.0,63578000.0,79.0,3.0,3.0,4.0,702.0,4.0
C01173,47.0,18265000.0,27404000.0,22.0,2590000.0,33531000.0,13104000.0,55.0,15.0,8.0,5.0,716.0,2.0
C01174,19.0,17149000.0,16023000.0,44.0,5797000.0,15819000.0,21187000.0,97.0,7.0,2.0,0.0,660.0,6.0
C01175,48.0,21303000.0,40258000.0,21.0,5048000.0,84894000.0,20629000.0,48.0,11.0,7.0,4.0,743.0,7.0
C01176,47.0,16776000.0,41580000.0,31.0,1279000.0,39900000.0,52452000.0,87.0,11.0,4.0,7.0,724.0,1.0
C01177,44.0,6928000.0,51175000.0,26.0,2127000.0,41149000.0,19578000.0,63.0,9.0,1.0,6.0,719.0,4.0
C01178,48.0,13747000.0,172205000.0,31.0,7863000.0,75864000.0,12394000.0,87.0,14.0,6.0,6.0,766.0,5.0
C01179,49.0,22919000.0,64223000.0,42.0,4558000.0,50778000.0,210364000.0,93.0,10.0,7.0,6.0,763.0,7.0
C01180,35.0,24236000.0,65009000.0,38.0,3024000.0,20480000.0,14710000.0,89.0,10.0,6.0,5.0,723.0,7.0
C01181,34.0,6940000.0,16773000.0,26.0,2977000.0,21667000.0,13190000.0,82.0,6.0,0.0,4.0,729.0,1.0
C01182,34.0,13504000.0,11357000.0,28.0,3051000.0,28636000.0,7409000.0,84.0,8.0,0.0,7.0,710.0,3.0
C01183,47.0,17677000.0,82631000.0,39.0,2126000.0,29700000.0,12715000.0,74.0,14.0,3.0,8.0,721.0,3.0
C01184,38.0,10854000.0,17845000.0,16.0,2776000.0,75514000.0,21551000.0,58.0,9.0,8.0,4.0,713.0,3.0
C01185,39.0,14038000.0,70733000.0,43.0,9850000.0,17362000.0,11831000.0,69.0,14.0,7.0,3.0,687.0,10.0
C01186,29.0,14132000.0,23038000.0,19.0,3182000.0,23023000.0,26390000.0,70.0,7.0,3.0,3.0,759.0,3.0
C01187,35.0,10532000.0,42377000.0,13.0,2122000.0,35833000.0,23685000.0,37.0,7.0,4.0,7.0,677.0,3.0
C01188,24.0,,18971000.0,43.0,1631000.0,34570000.0,15122000.0,86.0,9.0,3.0,2.0,640.0,3.0
C01189,18.0,5618000.0,14052000.0,34.0,1527000.0,5246000.0,3815000.0,80.0,9.0,2.0,3.0,589.0,2.0
C01190,21.0,24940000.0,9637000.0,35.0,1947000.0,45419000.0,13540000.0,96.0,3.0,2.0,2.0,736.0,3.0
C01191,18.0,14091000.0,3785000.0,15.0,1372000.0,10676000.0,6518000.0,38.0,6.0,7.0,5.0,730.0,1.0
C01192,30.0,6117000.0,27202000.0,28.0,1834000.0,31185000.0,9533000.0,86.0,8.0,1.0,6.0,670.0,4.0
C01193,31.0,7891000.0,42905000.0,46.0,4393000.0,26245000.0,16577000.0,93.0,7.0,4.0,3.0,726.0,4.0
C01194,39.0,7519000.0,41616000.0,32.0,1710000.0,41719000.0,19526000.0,74.0,4.0,4.0,8.0,764.0,1.0
C01195,37.0,14024000.0,24612000.0,39.0,2081000.0,23193000.0,18139000.0,78.0,3.0,1.0,7.0,741.0,2.0
C01196,38.0,8935000.0,19965000.0,8.0,1995000.0,13023000.0,5626000.0,51.0,12.0,7.0,4.0,703.0,1.0
C01197,32.0,16749000.0,28991000.0,9.0,3200000.0,14325000.0,11001000.0,37.0,17.0,9.0,2.0,681.0,6.0
C01198,38.0,13488000.0,23361000.0,15.0,2655000.0,25388000.0,13777000.0,59.0,12.0,6.0,7.0,715.0,3.0
C01199,18.0,10730000.0,8873000.0,17.0,2503000.0,20874000.0,9254000.0,54.0,9.0,3.0,2.0,665.0,5.0
C01200,26.0,15960000.0,12485000.0,35.0,3091000.0,13934000.0,36399000.0,59.0,13.0,7.0,1.0,683.0,4.0
