Customer_ID,Action_ID,Action,Reward
C00001,4,Investment Offer,0.45729790299879186
C00002,2,Credit Card Offer,0.710248151510444
C00003,3,Personal Loan Offer,0.5253975140666381
C00004,3,Personal Loan Offer,0.48144079568922094
C00005,1,Savings Offer,0.2632100009634118
C00006,2,Credit Card Offer,0.16590898466864568
C00007,4,Investment Offer,1.0736075681363697
C00008,3,Personal Loan Offer,0.7518637406582594
C00009,0,No Offer,0.2439204102538618
C00010,2,Credit Card Offer,0.4628434437221072
C00011,4,Investment Offer,0.6801530209889455
C00012,1,Savings Offer,0.05252517430148029
C00013,2,Credit Card Offer,0.5117126871156779
C00014,1,Savings Offer,0.6915485605996237
C00015,4,Investment Offer,0.6219887962980315
C00016,4,Investment Offer,0.7110258928911537
C00017,3,Personal Loan Offer,0.5135664044669788
C00018,3,Personal Loan Offer,0.626581599445875
C00019,3,Personal Loan Offer,1.0482886774960787
C00020,2,Credit Card Offer,0.7689124339685476
C00021,2,Credit Card Offer,0.41657736172941834
C00022,3,Personal Loan Offer,0.48088531676195906
C00023,3,Personal Loan Offer,0.5913646606405529
C00024,0,No Offer,-0.057037056607167416
C00025,0,No Offer,-0.030824425149720752
C00026,3,Personal Loan Offer,0.06231094236198256
C00027,2,Credit Card Offer,0.620812271982363
C00028,4,Investment Offer,0.37413305496151683
C00029,2,Credit Card Offer,0.26828724627226574
C00030,3,Personal Loan Offer,0.2947606304981524
C00031,4,Investment Offer,0.21519251039264603
C00032,3,Personal Loan Offer,0.8969475449683739
C00033,4,Investment Offer,0.5709828227446023
C00034,4,Investment Offer,0.410125697534561
C00035,2,Credit Card Offer,0.5066440387873116
C00036,3,Personal Loan Offer,0.5234374605172317
C00037,0,No Offer,0.22176270760806005
C00038,0,No Offer,0.04008934657860391
C00039,2,Credit Card Offer,0.2957918665042957
C00040,4,Investment Offer,0.11420530244505422
C00041,3,Personal Loan Offer,0.45079022573528027
C00042,3,Personal Loan Offer,0.76953211642312
C00043,2,Credit Card Offer,0.13799774910528384
C00044,0,No Offer,-0.07313452890342084
C00045,1,Savings Offer,0.8299982589534916
C00046,2,Credit Card Offer,0.3881946921815165
C00047,0,No Offer,0.5377462350752635
C00048,1,Savings Offer,0.3175580133762481
C00049,3,Personal Loan Offer,0.20515223622458773
C00050,0,No Offer,0.10380505713509669
C00051,1,Savings Offer,0.7695913172142332
C00052,3,Personal Loan Offer,0.41624081228483606
C00053,1,Savings Offer,0.12654920234401418
C00054,0,No Offer,-0.12080916732324838
C00055,2,Credit Card Offer,0.4516466458966713
C00056,4,Investment Offer,1.1979721984125002
C00057,3,Personal Loan Offer,0.4030545453424331
C00058,0,No Offer,-0.14740993807184327
C00059,4,Investment Offer,0.4124669868015941
C00060,2,Credit Card Offer,-0.03392526956576358
C00061,1,Savings Offer,0.5685662344148507
C00062,0,No Offer,-0.02436354825417074
C00063,3,Personal Loan Offer,0.6614677666864843
C00064,1,Savings Offer,0.659375668256092
C00065,0,No Offer,-0.12677305423712537
C00066,4,Investment Offer,0.7972222972882417
C00067,3,Personal Loan Offer,0.29112251412551904
C00068,3,Personal Loan Offer,0.45887745345672876
C00069,1,Savings Offer,0.7459438987264543
C00070,3,Personal Loan Offer,0.39490427435901543
C00071,2,Credit Card Offer,0.15962213620204133
C00072,1,Savings Offer,0.7783051376710148
C00073,3,Personal Loan Offer,0.5862064279854216
C00074,1,Savings Offer,0.24710270914674243
C00075,3,Personal Loan Offer,0.7455464867416957
C00076,2,Credit Card Offer,0.3353814751577149
C00077,1,Savings Offer,0.9388258958301968
C00078,3,Personal Loan Offer,0.5458107204995162
C00079,2,Credit Card Offer,0.9362005029778825
C00080,0,No Offer,0.2616718246441232
C00081,1,Savings Offer,0.3458224061144024
C00082,0,No Offer,0.0158168958843753
C00083,4,Investment Offer,0.5630998162283141
C00084,1,Savings Offer,0.6073834078091227
C00085,0,No Offer,-0.2513035292396839
C00086,2,Credit Card Offer,0.6365886908772016
C00087,3,Personal Loan Offer,0.7974157870662013
C00088,2,Credit Card Offer,0.3102386592464602
C00089,4,Investment Offer,0.4182889378011592
C00090,1,Savings Offer,0.08635196915543525
C00091,3,Personal Loan Offer,0.004311596619508223
C00092,1,Savings Offer,0.8309707152890788
C00093,1,Savings Offer,0.3937495871281365
C00094,4,Investment Offer,0.8247650400777171
C00095,1,Savings Offer,0.2727962446733933
C00096,2,Credit Card Offer,0.5077418463182036
C00097,2,Credit Card Offer,0.5077684496036303
C00098,4,Investment Offer,0.38216829525063006
C00099,1,Savings Offer,0.42022252423753903
C00100,1,Savings Offer,0.6961025025566884
C00101,2,Credit Card Offer,0.7909480486089524
C00102,1,Savings Offer,0.8561698024783945
C00103,2,Credit Card Offer,0.31252942417350377
C00104,4,Investment Offer,1.064247770836914
C00105,2,Credit Card Offer,0.3547473606046778
C00106,1,Savings Offer,1.0125597794952854
C00107,3,Personal Loan Offer,0.6947895714505296
C00108,3,Personal Loan Offer,-0.21979777707306836
C00109,4,Investment Offer,0.3376816786434739
C00110,2,Credit Card Offer,0.06366830251582334
C00111,3,Personal Loan Offer,0.5073329817965946
C00112,2,Credit Card Offer,0.34206102729959925
C00113,4,Investment Offer,0.32185449860470755
C00114,2,Credit Card Offer,0.6323162205485616
C00115,3,Personal Loan Offer,0.37633680040725137
C00116,0,No Offer,0.1450557838793769
C00117,3,Personal Loan Offer,0.7481404357486625
C00118,1,Savings Offer,0.39943059749095977
C00119,1,Savings Offer,0.8213231326368827
C00120,2,Credit Card Offer,0.6057286686225563
C00121,4,Investment Offer,1.0667697860919971
C00122,2,Credit Card Offer,0.3973611147723109
C00123,4,Investment Offer,0.2504846636904729
C00124,2,Credit Card Offer,0.13695838073591438
C00125,2,Credit Card Offer,0.29429914258401546
C00126,4,Investment Offer,0.6179027565093284
C00127,0,No Offer,0.2008303451373218
C00128,3,Personal Loan Offer,0.25700768102542404
C00129,2,Credit Card Offer,-0.33266904517033036
C00130,0,No Offer,0.02088308590835127
C00131,1,Savings Offer,0.4626237302295191
C00132,0,No Offer,-0.09752007306433184
C00133,0,No Offer,0.3538414925797546
C00134,1,Savings Offer,0.5364085777766342
C00135,3,Personal Loan Offer,0.3373166237788192
C00136,3,Personal Loan Offer,0.19430794628281575
C00137,4,Investment Offer,1.3706216034394973
C00138,1,Savings Offer,0.74692632782734
C00139,0,No Offer,-0.05503188872557979
C00140,3,Personal Loan Offer,0.7118947939637654
C00141,2,Credit Card Offer,0.6591638986363992
C00142,1,Savings Offer,0.39807225552273745
C00143,3,Personal Loan Offer,0.37271989050232496
C00144,3,Personal Loan Offer,0.6442741001762572
C00145,4,Investment Offer,0.6024792451071432
C00146,2,Credit Card Offer,0.524703009281676
C00147,1,Savings Offer,0.03751248760227888
C00148,0,No Offer,-0.42459659570927427
C00149,2,Credit Card Offer,0.8776996988396031
C00150,2,Credit Card Offer,0.2072134907824582
C00151,3,Personal Loan Offer,0.7483766779577499
C00152,1,Savings Offer,-0.1516733834185915
C00153,1,Savings Offer,0.6744872873428531
C00154,4,Investment Offer,0.45039201020875863
C00155,2,Credit Card Offer,-0.045131191674546545
C00156,4,Investment Offer,0.643623699540945
C00157,0,No Offer,0.014246369235689511
C00158,0,No Offer,-0.04565180716174813
C00159,3,Personal Loan Offer,0.3436614560700936
C00160,2,Credit Card Offer,0.5160452569595539
C00161,3,Personal Loan Offer,0.5414968772267799
C00162,2,Credit Card Offer,0.21088037192781983
C00163,0,No Offer,0.30424126359696596
C00164,1,Savings Offer,0.4911187397727522
C00165,1,Savings Offer,0.15197509002930576
C00166,3,Personal Loan Offer,0.2416219194770569
C00167,1,Savings Offer,0.33661810306632123
C00168,1,Savings Offer,0.6663327780698828
C00169,3,Personal Loan Offer,0.6161267821267286
C00170,4,Investment Offer,0.8159795006387878
C00171,1,Savings Offer,0.5062142032079892
C00172,3,Personal Loan Offer,0.6157114976954825
C00173,0,No Offer,-0.47713932513147356
C00174,2,Credit Card Offer,0.6785559482315742
C00175,4,Investment Offer,0.40819024689519334
C00176,4,Investment Offer,0.7558015668521034
C00177,0,No Offer,0.2176817032168334
C00178,3,Personal Loan Offer,1.2761939855392874
C00179,4,Investment Offer,1.1173792284942434
C00180,1,Savings Offer,0.6765820811314839
C00181,4,Investment Offer,1.2726956434477943
C00182,1,Savings Offer,1.069050669304668
C00183,0,No Offer,-0.113449164975936
C00184,0,No Offer,-0.09587673380330249
C00185,4,Investment Offer,-0.03633065399242141
C00186,0,No Offer,-0.06874745918015691
C00187,4,Investment Offer,0.7219474388547167
C00188,1,Savings Offer,0.9644545551003625
C00189,2,Credit Card Offer,-0.008464771781591385
C00190,1,Savings Offer,0.3515230875307597
C00191,3,Personal Loan Offer,0.5732486899196744
C00192,2,Credit Card Offer,0.673113880578146
C00193,0,No Offer,0.28252886844442915
C00194,2,Credit Card Offer,0.5907167269618724
C00195,2,Credit Card Offer,0.15161921845067716
C00196,4,Investment Offer,0.7360735773234339
C00197,3,Personal Loan Offer,0.02800164850986847
C00198,2,Credit Card Offer,0.8749091751537185
C00199,4,Investment Offer,0.19434953217100936
C00200,1,Savings Offer,0.9596904375608653
C00201,4,Investment Offer,0.07680169080590954
C00202,1,Savings Offer,0.5083184895619656
C00203,0,No Offer,-0.11678334651480603
C00204,1,Savings Offer,0.5564194297045558
C00205,3,Personal Loan Offer,0.24025633404931646
C00206,3,Personal Loan Offer,0.3096062675875928
C00207,3,Personal Loan Offer,0.11349545967025668
C00208,4,Investment Offer,0.5266152384101027
C00209,4,Investment Offer,0.700925543668426
C00210,2,Credit Card Offer,0.9417486102105033
C00211,0,No Offer,0.13292902046532912
C00212,1,Savings Offer,0.32561788931600827
C00213,1,Savings Offer,0.8332553151168323
C00214,4,Investment Offer,-0.004371691755853613
C00215,3,Personal Loan Offer,0.5735289799360667
C00216,2,Credit Card Offer,0.15282990445387407
C00217,4,Investment Offer,0.5762473176914223
C00218,0,No Offer,-0.313583107565623
C00219,0,No Offer,0.1540246689708833
C00220,0,No Offer,0.2174471714728159
C00221,1,Savings Offer,0.3161480810607741
C00222,0,No Offer,0.12221781810564311
C00223,2,Credit Card Offer,0.44951205403419414
C00224,1,Savings Offer,0.39987918831949865
C00225,2,Credit Card Offer,0.46480953899536004
C00226,3,Personal Loan Offer,0.9101003375299676
C00227,4,Investment Offer,0.11150563379991275
C00228,3,Personal Loan Offer,0.3427481619472875
C00229,3,Personal Loan Offer,0.179440898040449
C00230,2,Credit Card Offer,-0.11869578021150196
C00231,0,No Offer,-0.29878503273095697
C00232,2,Credit Card Offer,0.2022718587474852
C00233,1,Savings Offer,0.18094309931558333
C00234,1,Savings Offer,0.6394130894490168
C00235,0,No Offer,-0.1496171697930499
C00236,3,Personal Loan Offer,1.0729082524357698
C00237,0,No Offer,-0.3027458593934748
C00238,4,Investment Offer,0.6610666611650082
C00239,3,Personal Loan Offer,-0.04535944820004195
C00240,1,Savings Offer,1.0073786653281274
C00241,2,Credit Card Offer,0.5324153778715133
C00242,3,Personal Loan Offer,0.5112378063239051
C00243,1,Savings Offer,0.4995988810116391
C00244,4,Investment Offer,0.7552875076397496
C00245,2,Credit Card Offer,0.03130267737740772
C00246,4,Investment Offer,1.1056929602273229
C00247,2,Credit Card Offer,0.43235829785614766
C00248,0,No Offer,-0.3497082182918348
C00249,2,Credit Card Offer,0.8356167146512383
C00250,2,Credit Card Offer,0.7363144684586802
C00251,4,Investment Offer,0.5717529291153987
C00252,1,Savings Offer,0.010235960449584247
C00253,3,Personal Loan Offer,0.8588293725448369
C00254,2,Credit Card Offer,0.04912157872534381
C00255,3,Personal Loan Offer,-0.04283691151465882
C00256,4,Investment Offer,1.2885613226453851
C00257,2,Credit Card Offer,0.6672230759031912
C00258,0,No Offer,0.07091115055565683
C00259,3,Personal Loan Offer,-0.18811664115810228
C00260,2,Credit Card Offer,0.7702652085565385
C00261,2,Credit Card Offer,0.5626300644444309
C00262,0,No Offer,-0.3788248962761867
C00263,0,No Offer,0.45635930542572345
C00264,0,No Offer,0.22431402706141373
C00265,2,Credit Card Offer,0.3192962145939568
C00266,4,Investment Offer,-0.009700311042089377
C00267,4,Investment Offer,0.5600848728142452
C00268,2,Credit Card Offer,0.536962311750141
C00269,3,Personal Loan Offer,0.17956712899662863
C00270,1,Savings Offer,0.7116654076188579
C00271,1,Savings Offer,0.3555099997279891
C00272,0,No Offer,-0.30350176413535035
C00273,2,Credit Card Offer,0.43160657790984597
C00274,0,No Offer,-0.10156551228696327
C00275,4,Investment Offer,0.6869531247666563
C00276,0,No Offer,0.11584970977376922
C00277,1,Savings Offer,0.5561766550763247
C00278,1,Savings Offer,0.7214186197827113
C00279,3,Personal Loan Offer,1.0459160385586324
C00280,2,Credit Card Offer,0.48494979478399636
C00281,2,Credit Card Offer,0.26763520840691823
C00282,3,Personal Loan Offer,0.34367840686579276
C00283,3,Personal Loan Offer,0.07210539325780206
C00284,0,No Offer,0.20045908553341607
C00285,2,Credit Card Offer,0.31667462643042066
C00286,2,Credit Card Offer,0.695524749679802
C00287,3,Personal Loan Offer,0.1313625171220829
C00288,1,Savings Offer,1.03089844430952
C00289,1,Savings Offer,0.5127664342787169
C00290,0,No Offer,-0.057305958639028876
C00291,3,Personal Loan Offer,0.7100791611167168
C00292,1,Savings Offer,0.706620779240261
C00293,2,Credit Card Offer,0.40298771314670684
C00294,2,Credit Card Offer,0.7730293978640757
C00295,3,Personal Loan Offer,0.3877464784858098
C00296,2,Credit Card Offer,0.8302247841671722
C00297,0,No Offer,0.4229542065826598
C00298,4,Investment Offer,1.2094384691315916
C00299,0,No Offer,-0.18711612561934288
C00300,2,Credit Card Offer,0.08707783112124662
C00301,0,No Offer,-0.2817285427480645
C00302,0,No Offer,0.1755222576739871
C00303,0,No Offer,-0.06884103505302354
C00304,2,Credit Card Offer,0.5359364917153984
C00305,2,Credit Card Offer,0.9146507180113638
C00306,0,No Offer,-0.10844458405765466
C00307,2,Credit Card Offer,0.27076821686714736
C00308,2,Credit Card Offer,0.5273468688866986
C00309,3,Personal Loan Offer,0.14397581737487058
C00310,2,Credit Card Offer,0.21024987255723437
C00311,4,Investment Offer,0.3967387418086446
C00312,3,Personal Loan Offer,0.70657540144218
C00313,0,No Offer,-0.09493816670236684
C00314,3,Personal Loan Offer,0.4378207243143683
C00315,3,Personal Loan Offer,0.7222894539448383
C00316,0,No Offer,-0.021366296991210357
C00317,3,Personal Loan Offer,0.5450060012363154
C00318,3,Personal Loan Offer,0.8003863710963849
C00319,1,Savings Offer,0.6543047382674431
C00320,4,Investment Offer,0.6649072950348862
C00321,0,No Offer,-0.017551380103130426
C00322,0,No Offer,-0.3313700364816125
C00323,4,Investment Offer,0.4658724485920535
C00324,2,Credit Card Offer,0.38817357558682863
C00325,3,Personal Loan Offer,0.8221292908377245
C00326,0,No Offer,0.036023026431045185
C00327,3,Personal Loan Offer,0.3221105347038221
C00328,4,Investment Offer,0.914450614796391
C00329,4,Investment Offer,1.0830528084881157
C00330,4,Investment Offer,0.2759590666344638
C00331,0,No Offer,-0.21414441374646892
C00332,0,No Offer,-0.08106896990944733
C00333,3,Personal Loan Offer,0.043919716062571446
C00334,4,Investment Offer,0.6340656432397294
C00335,1,Savings Offer,0.592214111945734
C00336,4,Investment Offer,0.5706802192078754
C00337,4,Investment Offer,-0.21949784004783543
C00338,4,Investment Offer,0.7447649108032582
C00339,4,Investment Offer,0.4456745961560786
C00340,2,Credit Card Offer,0.3066283788789918
C00341,0,No Offer,0.14851564334618267
C00342,3,Personal Loan Offer,0.5817142108058416
C00343,0,No Offer,0.28124267985107193
C00344,2,Credit Card Offer,0.5320845165510628
C00345,3,Personal Loan Offer,0.21693409278971995
C00346,2,Credit Card Offer,0.37959441841358343
C00347,4,Investment Offer,0.9897053179662312
C00348,3,Personal Loan Offer,0.10286052025880749
C00349,0,No Offer,0.2511495155152878
C00350,4,Investment Offer,0.422030926581583
C00351,4,Investment Offer,0.9202065837171312
C00352,0,No Offer,-0.14174242983504143
C00353,3,Personal Loan Offer,0.36455161072820674
C00354,4,Investment Offer,0.9981368066417338
C00355,0,No Offer,0.4095616517327226
C00356,2,Credit Card Offer,0.1100039939081105
C00357,3,Personal Loan Offer,0.15204155915397538
C00358,1,Savings Offer,0.5741466801138482
C00359,0,No Offer,0.22875559591663708
C00360,4,Investment Offer,0.6638687332185831
C00361,2,Credit Card Offer,-0.028407539328105358
C00362,4,Investment Offer,0.8728958240482233
C00363,2,Credit Card Offer,-0.47068251948326423
C00364,3,Personal Loan Offer,0.31565215161622673
C00365,1,Savings Offer,0.36822980412150047
C00366,2,Credit Card Offer,0.21891136552409865
C00367,2,Credit Card Offer,0.6708485576905436
C00368,0,No Offer,0.07499002995575667
C00369,0,No Offer,0.33280479313256034
C00370,2,Credit Card Offer,0.5560038064341225
C00371,1,Savings Offer,0.32333229030091165
C00372,0,No Offer,0.18162060009875508
C00373,1,Savings Offer,0.4546062079228237
C00374,3,Personal Loan Offer,0.60585499403743
C00375,2,Credit Card Offer,0.22336786148691862
C00376,1,Savings Offer,0.491970868748003
C00377,1,Savings Offer,0.16353010983224708
C00378,4,Investment Offer,0.8558218667228651
C00379,2,Credit Card Offer,0.08735250097888997
C00380,2,Credit Card Offer,0.7290750229614789
C00381,2,Credit Card Offer,0.1347884612727841
C00382,1,Savings Offer,0.5470904286045477
C00383,4,Investment Offer,0.3568885508725368
C00384,0,No Offer,-0.031238681304924826
C00385,3,Personal Loan Offer,0.3619697449001432
C00386,3,Personal Loan Offer,0.624171616337342
C00387,2,Credit Card Offer,0.3941525110277277
C00388,3,Personal Loan Offer,0.3701161200173659
C00389,2,Credit Card Offer,0.35161740617585485
C00390,1,Savings Offer,0.6720953549956278
C00391,4,Investment Offer,0.6662447248854393
C00392,4,Investment Offer,0.6773825676007829
C00393,4,Investment Offer,0.5216217202016505
C00394,1,Savings Offer,0.27565730481054046
C00395,2,Credit Card Offer,0.2894323792870244
C00396,3,Personal Loan Offer,0.7098472703111824
C00397,2,Credit Card Offer,0.6713704741888247
C00398,2,Credit Card Offer,0.09545454898914202
C00399,4,Investment Offer,1.0840649562813574
C00400,0,No Offer,-0.05589655959918012
C00401,0,No Offer,0.3398936703780581
C00402,1,Savings Offer,0.2844053769422952
C00403,2,Credit Card Offer,0.6795907713023628
C00404,0,No Offer,0.05080459388444447
C00405,3,Personal Loan Offer,1.2109965883715916
C00406,0,No Offer,0.14762199915168162
C00407,0,No Offer,0.24663305699996424
C00408,4,Investment Offer,0.5830015045011329
C00409,0,No Offer,-0.2814628879835772
C00410,3,Personal Loan Offer,0.5603951350888636
C00411,3,Personal Loan Offer,0.7932103627230791
C00412,1,Savings Offer,0.2910837763099522
C00413,4,Investment Offer,0.8807141820574542
C00414,1,Savings Offer,0.72416853745459
C00415,3,Personal Loan Offer,0.6480749874946159
C00416,3,Personal Loan Offer,0.3948212482417937
C00417,1,Savings Offer,0.8351371558639562
C00418,1,Savings Offer,0.972905686551422
C00419,1,Savings Offer,0.6940233103303047
C00420,0,No Offer,0.22995766098994797
C00421,3,Personal Loan Offer,0.6006594272075728
C00422,2,Credit Card Offer,-0.3660532664969187
C00423,2,Credit Card Offer,0.4062518828333857
C00424,1,Savings Offer,0.43419619662796544
C00425,3,Personal Loan Offer,0.9065307096365747
C00426,2,Credit Card Offer,0.5584887940570158
C00427,4,Investment Offer,0.2527090900714113
C00428,2,Credit Card Offer,0.8624910519634492
C00429,1,Savings Offer,0.34377596380334186
C00430,4,Investment Offer,1.0643492565953732
C00431,3,Personal Loan Offer,0.5134979515183775
C00432,1,Savings Offer,0.5006106158600148
C00433,2,Credit Card Offer,0.5122405329798837
C00434,1,Savings Offer,0.37666301056729595
C00435,1,Savings Offer,0.5435094339716993
C00436,1,Savings Offer,-0.10847917476902158
C00437,1,Savings Offer,0.3473264669760622
C00438,3,Personal Loan Offer,0.8421120500964847
C00439,0,No Offer,-0.20851864941159598
C00440,1,Savings Offer,0.5594423548329449
C00441,3,Personal Loan Offer,0.5823906618088025
C00442,2,Credit Card Offer,0.15872786877969586
C00443,0,No Offer,0.5181771217208264
C00444,0,No Offer,-0.05404606335848608
C00445,1,Savings Offer,-0.06225753343229179
C00446,4,Investment Offer,0.559892095849964
C00447,0,No Offer,-0.21300750727515555
C00448,1,Savings Offer,0.38002831247789515
C00449,2,Credit Card Offer,0.25206517360311176
C00450,1,Savings Offer,0.8845923976298057
C00451,2,Credit Card Offer,0.2602446251092862
C00452,2,Credit Card Offer,0.5971897338563077
C00453,3,Personal Loan Offer,0.3325649669652476
C00454,1,Savings Offer,1.003893678262054
C00455,4,Investment Offer,0.8560288218460806
C00456,1,Savings Offer,0.23988059141067497
C00457,0,No Offer,0.20098460767015375
C00458,1,Savings Offer,-0.19490260066823162
C00459,2,Credit Card Offer,0.5580069816038743
C00460,2,Credit Card Offer,0.39687506958354757
C00461,2,Credit Card Offer,0.8061372986138655
C00462,2,Credit Card Offer,0.20025517789516886
C00463,2,Credit Card Offer,0.38604255299576107
C00464,2,Credit Card Offer,0.7167423144699319
C00465,4,Investment Offer,0.2475820370373989
C00466,4,Investment Offer,0.47330869483432847
C00467,4,Investment Offer,0.82276225243938
C00468,2,Credit Card Offer,0.7888241238117777
C00469,1,Savings Offer,0.4643304882289824
C00470,4,Investment Offer,0.4077091444387654
C00471,1,Savings Offer,0.4655092846315128
C00472,4,Investment Offer,-0.3032618405708053
C00473,4,Investment Offer,0.3912252001902278
C00474,4,Investment Offer,0.09945001196264154
C00475,3,Personal Loan Offer,-0.026176978268684203
C00476,0,No Offer,0.06866339371966226
C00477,4,Investment Offer,1.0450160473657675
C00478,1,Savings Offer,0.5652671872416448
C00479,0,No Offer,-0.19937398731148603
C00480,0,No Offer,-0.1063804080945835
C00481,1,Savings Offer,0.5458670898179622
C00482,1,Savings Offer,0.5598641704110021
C00483,0,No Offer,0.12382155340028801
C00484,4,Investment Offer,0.9049144909249671
C00485,2,Credit Card Offer,0.44362648274042504
C00486,3,Personal Loan Offer,0.45019372328525425
C00487,1,Savings Offer,1.0753772160072177
C00488,3,Personal Loan Offer,0.2799188020190245
C00489,3,Personal Loan Offer,0.38851411849171014
C00490,4,Investment Offer,0.45732086347827294
C00491,1,Savings Offer,0.33290805266055756
C00492,1,Savings Offer,0.8613235592143876
C00493,4,Investment Offer,0.42149280631897934
C00494,4,Investment Offer,0.658943147656459
C00495,2,Credit Card Offer,0.7355957746627941
C00496,0,No Offer,-0.27769521763538746
C00497,1,Savings Offer,0.8830093814561573
C00498,4,Investment Offer,1.1396805174674713
C00499,2,Credit Card Offer,0.4714187956003763
C00500,4,Investment Offer,1.0610865665378841
C00501,2,Credit Card Offer,0.18590602355242025
C00502,1,Savings Offer,0.4426991905434597
C00503,2,Credit Card Offer,0.5083230556169083
C00504,2,Credit Card Offer,0.71522161966259
C00505,2,Credit Card Offer,0.5357103666493357
C00506,4,Investment Offer,0.8757601301519609
C00507,4,Investment Offer,0.6481398204636803
C00508,4,Investment Offer,1.2660740591533128
C00509,0,No Offer,0.305764161730976
C00510,0,No Offer,0.36588081057431676
C00511,0,No Offer,0.49073645513390546
C00512,4,Investment Offer,0.7548351332824212
C00513,3,Personal Loan Offer,0.2593904312039719
C00514,2,Credit Card Offer,0.25730603847235595
C00515,1,Savings Offer,0.049859166994111054
C00516,0,No Offer,0.18095700266199438
C00517,0,No Offer,-0.27735558033109786
C00518,0,No Offer,-0.20875117211225896
C00519,4,Investment Offer,0.09285236242449546
C00520,1,Savings Offer,0.5862748271080898
C00521,2,Credit Card Offer,0.9938603891841555
C00522,1,Savings Offer,0.34219638014565923
C00523,1,Savings Offer,0.7101913575740173
C00524,1,Savings Offer,0.8457887329390805
C00525,1,Savings Offer,0.716091742854786
C00526,4,Investment Offer,0.8540400272311588
C00527,0,No Offer,0.34575642119252836
C00528,1,Savings Offer,0.49038178698142193
C00529,4,Investment Offer,0.8386463731145669
C00530,3,Personal Loan Offer,0.7316187909713233
C00531,2,Credit Card Offer,0.35915805274956486
C00532,4,Investment Offer,0.7677847045812991
C00533,1,Savings Offer,0.30371123955777946
C00534,3,Personal Loan Offer,0.6682845587800914
C00535,0,No Offer,-0.4875827064022323
C00536,4,Investment Offer,0.5929840881923033
C00537,1,Savings Offer,0.5569457802555381
C00538,2,Credit Card Offer,0.24545050706095167
C00539,0,No Offer,0.05559991825418882
C00540,2,Credit Card Offer,0.7716746372160814
C00541,0,No Offer,0.024411760791370432
C00542,2,Credit Card Offer,0.625669317885381
C00543,3,Personal Loan Offer,0.4952293946913412
C00544,4,Investment Offer,0.8388228952544027
C00545,4,Investment Offer,0.7390115062638823
C00546,4,Investment Offer,0.3329128796641888
C00547,2,Credit Card Offer,0.36140591963018265
C00548,3,Personal Loan Offer,0.4146304403371859
C00549,1,Savings Offer,0.027900778388969982
C00550,1,Savings Offer,0.6357505303254564
C00551,2,Credit Card Offer,0.7296305702747088
C00552,3,Personal Loan Offer,0.4463858343152472
C00553,2,Credit Card Offer,0.6752761694743117
C00554,0,No Offer,-0.2635107160819821
C00555,1,Savings Offer,0.6443708076660042
C00556,0,No Offer,0.061569867001847085
C00557,2,Credit Card Offer,0.4032208640125503
C00558,4,Investment Offer,0.7645718163786952
C00559,0,No Offer,0.09741138041580576
C00560,3,Personal Loan Offer,0.8939682802697533
C00561,0,No Offer,0.3900982303891643
C00562,0,No Offer,-0.057422085354678784
C00563,4,Investment Offer,0.5937114508933571
C00564,3,Personal Loan Offer,0.5216475892674473
C00565,0,No Offer,0.2089753112112166
C00566,1,Savings Offer,0.1899484898944265
C00567,2,Credit Card Offer,0.47682302947499533
C00568,3,Personal Loan Offer,0.5892976225186409
C00569,2,Credit Card Offer,1.054653062152786
C00570,4,Investment Offer,1.0108268678054881
C00571,1,Savings Offer,0.7328232201674798
C00572,4,Investment Offer,1.1800426889447908
C00573,1,Savings Offer,0.06278044172280761
C00574,2,Credit Card Offer,0.7095454719025177
C00575,0,No Offer,0.001491246027768102
C00576,2,Credit Card Offer,0.09196771113564484
C00577,3,Personal Loan Offer,0.5488831949717252
C00578,1,Savings Offer,-0.022147877108686098
C00579,2,Credit Card Offer,0.7365853131904891
C00580,3,Personal Loan Offer,0.5347609191359608
C00581,3,Personal Loan Offer,0.21251201043023316
C00582,0,No Offer,0.12469182124270789
C00583,2,Credit Card Offer,0.042066435746464514
C00584,3,Personal Loan Offer,0.3020284258505029
C00585,4,Investment Offer,0.7533036992044629
C00586,4,Investment Offer,1.0190016401370452
C00587,3,Personal Loan Offer,0.21792961546467018
C00588,3,Personal Loan Offer,0.5607088588581477
C00589,4,Investment Offer,0.4181056265466144
C00590,2,Credit Card Offer,0.19690079903239618
C00591,3,Personal Loan Offer,0.6825662755000671
C00592,1,Savings Offer,0.8821705562623297
C00593,3,Personal Loan Offer,0.4624163280285947
C00594,4,Investment Offer,1.1164816220707874
C00595,3,Personal Loan Offer,-0.06279614793653368
C00596,1,Savings Offer,1.0339119572854178
C00597,3,Personal Loan Offer,0.9253363074116006
C00598,1,Savings Offer,0.5616505548065374
C00599,0,No Offer,0.0007103318392787383
C00600,4,Investment Offer,1.1880673393320635
C00601,0,No Offer,0.03509364810072387
C00602,1,Savings Offer,0.493749290966921
C00603,4,Investment Offer,0.7473167060542658
C00604,0,No Offer,-0.18616862748288737
C00605,1,Savings Offer,0.25534718018811714
C00606,3,Personal Loan Offer,0.4323666649408721
C00607,4,Investment Offer,0.6205872200203846
C00608,3,Personal Loan Offer,0.02653430112754418
C00609,0,No Offer,0.18062922958915462
C00610,1,Savings Offer,0.25503017285096147
C00611,3,Personal Loan Offer,0.4867445806972748
C00612,0,No Offer,-0.16812384498894523
C00613,2,Credit Card Offer,0.5009946754439287
C00614,4,Investment Offer,0.887546917871549
C00615,4,Investment Offer,-0.05062333251509529
C00616,0,No Offer,-0.15636327189940286
C00617,4,Investment Offer,0.45791426880735747
C00618,2,Credit Card Offer,0.5396544148654108
C00619,3,Personal Loan Offer,-0.12235915041272669
C00620,1,Savings Offer,0.3822427553027429
C00621,1,Savings Offer,0.3684773866220283
C00622,0,No Offer,0.14995397159892232
C00623,4,Investment Offer,1.5504250689882788
C00624,2,Credit Card Offer,0.6596610503401814
C00625,4,Investment Offer,1.1059418787503312
C00626,3,Personal Loan Offer,0.42333967688800844
C00627,0,No Offer,-0.18339651767542786
C00628,3,Personal Loan Offer,0.017186958950415387
C00629,4,Investment Offer,0.551433569127123
C00630,2,Credit Card Offer,0.4533586131869806
C00631,4,Investment Offer,0.5133718157700609
C00632,4,Investment Offer,1.3495064348502233
C00633,4,Investment Offer,0.3637925568213874
C00634,1,Savings Offer,0.6894932347918571
C00635,4,Investment Offer,0.48756393150665817
C00636,4,Investment Offer,0.9415270932891568
C00637,1,Savings Offer,0.23883870816133307
C00638,3,Personal Loan Offer,0.31393266810110587
C00639,0,No Offer,0.023293191018850103
C00640,4,Investment Offer,0.9346174118515819
C00641,3,Personal Loan Offer,0.6327511259335239
C00642,0,No Offer,0.09264456766821208
C00643,1,Savings Offer,0.14148582259209289
C00644,4,Investment Offer,0.2571803157881077
C00645,2,Credit Card Offer,0.6543957376380267
C00646,4,Investment Offer,1.1292808803525871
C00647,2,Credit Card Offer,0.4826973682295831
C00648,2,Credit Card Offer,-0.005170662489100142
C00649,4,Investment Offer,0.5041536674919964
C00650,2,Credit Card Offer,0.2876126965385442
C00651,3,Personal Loan Offer,0.5796493814962058
C00652,1,Savings Offer,0.19154091823850966
C00653,3,Personal Loan Offer,0.47176790560169546
C00654,0,No Offer,0.1777112534423727
C00655,4,Investment Offer,0.9281481597412442
C00656,1,Savings Offer,0.4251816300764839
C00657,4,Investment Offer,0.9430395445582423
C00658,1,Savings Offer,0.37512836447955117
C00659,3,Personal Loan Offer,0.7701643319778171
C00660,1,Savings Offer,0.35753250717508434
C00661,1,Savings Offer,0.5868981763860435
C00662,3,Personal Loan Offer,1.2756033098052444
C00663,0,No Offer,0.035208246566576146
C00664,4,Investment Offer,0.05159675716550596
C00665,3,Personal Loan Offer,0.5699982304088076
C00666,2,Credit Card Offer,0.14874935691958163
C00667,3,Personal Loan Offer,1.1894047280848528
C00668,0,No Offer,0.08759809825591358
C00669,1,Savings Offer,0.8964619631681525
C00670,2,Credit Card Offer,0.9470120744864774
C00671,1,Savings Offer,1.0709388528347716
C00672,2,Credit Card Offer,0.5008550797164235
C00673,2,Credit Card Offer,0.546915048704812
C00674,4,Investment Offer,0.36314624251126143
C00675,1,Savings Offer,-0.023634516655825943
C00676,3,Personal Loan Offer,0.5743895327644769
C00677,1,Savings Offer,0.6500013960473796
C00678,4,Investment Offer,0.7015789334520383
C00679,3,Personal Loan Offer,0.3646029333475816
C00680,4,Investment Offer,0.7539671203351963
C00681,3,Personal Loan Offer,0.12290971354377606
C00682,0,No Offer,-0.2802774857348438
C00683,2,Credit Card Offer,0.48072478732559154
C00684,4,Investment Offer,0.3982266903260388
C00685,1,Savings Offer,0.2980964517875389
C00686,4,Investment Offer,1.1949966120118842
C00687,1,Savings Offer,0.6622661461432238
C00688,0,No Offer,-0.2880375334252875
C00689,4,Investment Offer,0.9513443588523594
C00690,1,Savings Offer,0.6837343268088395
C00691,3,Personal Loan Offer,0.5152510898837038
C00692,0,No Offer,-0.2842451376036175
C00693,1,Savings Offer,0.44681524952074164
C00694,4,Investment Offer,0.7799744281168242
C00695,0,No Offer,0.29677443534601183
C00696,0,No Offer,0.1027897993067513
C00697,1,Savings Offer,0.5666661386390699
C00698,4,Investment Offer,0.1953140777059872
C00699,2,Credit Card Offer,0.5164162152123859
C00700,4,Investment Offer,0.16657721837671507
C00701,2,Credit Card Offer,0.5916672844411772
C00702,2,Credit Card Offer,0.7590912274394813
C00703,2,Credit Card Offer,0.4015434680450298
C00704,4,Investment Offer,0.9419268841123283
C00705,4,Investment Offer,0.11086203544316348
C00706,3,Personal Loan Offer,-0.021775941637052765
C00707,1,Savings Offer,0.23326975067239997
C00708,2,Credit Card Offer,0.7752839954889386
C00709,0,No Offer,0.08201467869109144
C00710,2,Credit Card Offer,0.4568080174639002
C00711,1,Savings Offer,0.8253605899841072
C00712,1,Savings Offer,0.7477771485863444
C00713,2,Credit Card Offer,0.8069722763330098
C00714,2,Credit Card Offer,0.32875625714618467
C00715,4,Investment Offer,0.5165874671219319
C00716,1,Savings Offer,0.6076224804508066
C00717,0,No Offer,0.15112942205869018
C00718,3,Personal Loan Offer,0.046081547065575046
C00719,1,Savings Offer,0.7967574216030539
C00720,4,Investment Offer,1.1062836963794942
C00721,1,Savings Offer,-0.01125765065288481
C00722,2,Credit Card Offer,0.7810221081150621
C00723,0,No Offer,0.14300606030059168
C00724,4,Investment Offer,1.246351767110629
C00725,2,Credit Card Offer,0.32684728745501107
C00726,1,Savings Offer,0.5807608618766932
C00727,1,Savings Offer,0.33657209874147576
C00728,1,Savings Offer,0.33340219469773236
C00729,2,Credit Card Offer,0.8070827736509005
C00730,4,Investment Offer,0.7073042448898166
C00731,4,Investment Offer,0.6740286539798963
C00732,4,Investment Offer,-0.12332389541511879
C00733,3,Personal Loan Offer,0.4190216017901987
C00734,1,Savings Offer,0.8574569608810954
C00735,0,No Offer,-0.1856321394868185
C00736,3,Personal Loan Offer,0.4319195088687438
C00737,2,Credit Card Offer,0.17806815377331492
C00738,1,Savings Offer,0.7213469436394937
C00739,2,Credit Card Offer,0.44628136413200625
C00740,4,Investment Offer,0.8793180413199408
C00741,3,Personal Loan Offer,0.21217003620236363
C00742,1,Savings Offer,0.7204413517600347
C00743,2,Credit Card Offer,1.01264961352768
C00744,3,Personal Loan Offer,0.3639252669570372
C00745,0,No Offer,0.07126230554917352
C00746,1,Savings Offer,0.4621633683888136
C00747,2,Credit Card Offer,0.7044876325326482
C00748,3,Personal Loan Offer,0.7927004739516514
C00749,4,Investment Offer,1.0385503048163511
C00750,0,No Offer,0.3144308198706403
C00751,4,Investment Offer,0.05715656788916862
C00752,0,No Offer,0.07139056607424572
C00753,3,Personal Loan Offer,0.0461842174669474
C00754,4,Investment Offer,0.9006156618656381
C00755,3,Personal Loan Offer,0.8155316479578001
C00756,0,No Offer,-0.04695288694582428
C00757,2,Credit Card Offer,0.4911083829182138
C00758,3,Personal Loan Offer,0.42265406288617763
C00759,0,No Offer,-0.13584675475940067
C00760,3,Personal Loan Offer,0.031123661964472416
C00761,1,Savings Offer,0.7477576655343882
C00762,2,Credit Card Offer,0.8074469463542968
C00763,3,Personal Loan Offer,0.5100912304231131
C00764,3,Personal Loan Offer,0.4323839083550894
C00765,3,Personal Loan Offer,0.8680266454762742
C00766,2,Credit Card Offer,0.22109187890647453
C00767,2,Credit Card Offer,0.3015435457697314
C00768,3,Personal Loan Offer,0.46287307283784845
C00769,3,Personal Loan Offer,-0.15412916270002486
C00770,0,No Offer,0.1978272906782056
C00771,0,No Offer,0.17137376128986626
C00772,2,Credit Card Offer,0.8168643579698612
C00773,3,Personal Loan Offer,0.3419386053303881
C00774,0,No Offer,0.37073345213215125
C00775,3,Personal Loan Offer,0.05670696354739451
C00776,4,Investment Offer,0.8146042965253921
C00777,2,Credit Card Offer,0.3756040749354239
C00778,3,Personal Loan Offer,-0.16780117368001493
C00779,0,No Offer,0.2226857549677938
C00780,1,Savings Offer,-0.18026649142418122
C00781,2,Credit Card Offer,0.655720884722428
C00782,2,Credit Card Offer,0.34509041170661503
C00783,4,Investment Offer,0.6145044214664853
C00784,0,No Offer,0.4651029835927207
C00785,2,Credit Card Offer,0.5051959633718923
C00786,2,Credit Card Offer,0.6237296308396315
C00787,2,Credit Card Offer,0.38982302521471535
C00788,1,Savings Offer,0.7642115540851669
C00789,1,Savings Offer,0.17648636257018568
C00790,2,Credit Card Offer,0.9598007712481864
C00791,2,Credit Card Offer,-0.013058782281048564
C00792,3,Personal Loan Offer,0.45875449027092774
C00793,2,Credit Card Offer,0.30145646856143665
C00794,4,Investment Offer,0.26554984721677566
C00795,1,Savings Offer,0.1717664894800865
C00796,1,Savings Offer,0.33507444560144395
C00797,4,Investment Offer,0.6256030400008785
C00798,1,Savings Offer,0.19030399505809037
C00799,4,Investment Offer,0.2830159375635596
C00800,4,Investment Offer,0.5279625427001485
C00801,1,Savings Offer,0.4476292462010819
C00802,2,Credit Card Offer,0.5546109627990394
C00803,1,Savings Offer,0.5043404885891196
C00804,2,Credit Card Offer,0.5426236363361471
C00805,0,No Offer,-0.0340655605260277
C00806,2,Credit Card Offer,0.2664828782591268
C00807,4,Investment Offer,0.4497940755527014
C00808,0,No Offer,-0.06411512339810495
C00809,0,No Offer,0.2343653828373265
C00810,3,Personal Loan Offer,0.8239199611718324
C00811,4,Investment Offer,0.5786562535172977
C00812,3,Personal Loan Offer,-0.08920762761550621
C00813,1,Savings Offer,-0.013782014783068952
C00814,0,No Offer,0.3894645779689156
C00815,2,Credit Card Offer,-0.27636568837498177
C00816,4,Investment Offer,0.8883159094626527
C00817,0,No Offer,0.10220219739753306
C00818,2,Credit Card Offer,0.34021391969674797
C00819,0,No Offer,0.15261932539464013
C00820,0,No Offer,0.3085304384909582
C00821,4,Investment Offer,-0.061795701164482464
C00822,4,Investment Offer,0.7407263823955049
C00823,2,Credit Card Offer,0.5840499014584682
C00824,2,Credit Card Offer,-0.024055328594208225
C00825,4,Investment Offer,0.9960195380867333
C00826,2,Credit Card Offer,0.20970583954195937
C00827,0,No Offer,0.14905893400034897
C00828,4,Investment Offer,0.579934400578674
C00829,4,Investment Offer,1.1091185998320592
C00830,2,Credit Card Offer,0.8775760904266146
C00831,3,Personal Loan Offer,0.2220029460846597
C00832,4,Investment Offer,0.6297815769645054
C00833,0,No Offer,0.14082465346514444
C00834,2,Credit Card Offer,0.21661554246428757
C00835,1,Savings Offer,-0.21184156135359405
C00836,0,No Offer,-0.0496650321932941
C00837,2,Credit Card Offer,0.42277474496263345
C00838,0,No Offer,0.02595951463008361
C00839,3,Personal Loan Offer,0.3294406418012182
C00840,3,Personal Loan Offer,0.4963215531610593
C00841,4,Investment Offer,0.37464079165299535
C00842,3,Personal Loan Offer,0.7345411828154272
C00843,2,Credit Card Offer,0.6456474404094518
C00844,4,Investment Offer,0.48965824395498536
C00845,2,Credit Card Offer,0.8386722132416589
C00846,2,Credit Card Offer,0.6779421283321244
C00847,0,No Offer,-0.1649898350934888
C00848,0,No Offer,0.027134711096169488
C00849,2,Credit Card Offer,0.32291142762411673
C00850,2,Credit Card Offer,0.5511554412873382
C00851,3,Personal Loan Offer,0.6379563295040244
C00852,3,Personal Loan Offer,0.5969452031660593
C00853,1,Savings Offer,0.8642205347371659
C00854,0,No Offer,-0.2457574898088059
C00855,0,No Offer,0.31700186930753094
C00856,0,No Offer,-0.015230385305061267
C00857,1,Savings Offer,0.638306679630307
C00858,1,Savings Offer,0.5519182106391765
C00859,3,Personal Loan Offer,0.7216463903043734
C00860,1,Savings Offer,-0.04817040335515982
C00861,0,No Offer,0.2282537152693801
C00862,0,No Offer,0.1240748815614884
C00863,1,Savings Offer,0.4607252937009636
C00864,1,Savings Offer,0.4481361817487355
C00865,0,No Offer,-0.01824162509322451
C00866,3,Personal Loan Offer,0.9692187367049905
C00867,3,Personal Loan Offer,0.3802036045859948
C00868,3,Personal Loan Offer,0.7838312815816582
C00869,3,Personal Loan Offer,0.019712964676334353
C00870,1,Savings Offer,0.23679590458561506
C00871,1,Savings Offer,0.4945186793854612
C00872,2,Credit Card Offer,0.36809213884245984
C00873,4,Investment Offer,0.7214631182516867
C00874,1,Savings Offer,0.42283009034143837
C00875,1,Savings Offer,1.074284811684344
C00876,2,Credit Card Offer,0.7388850659572396
C00877,3,Personal Loan Offer,0.09160588752544524
C00878,2,Credit Card Offer,0.6295196497393438
C00879,1,Savings Offer,0.39096878448189587
C00880,3,Personal Loan Offer,0.5744206681852679
C00881,4,Investment Offer,0.4439020245020071
C00882,3,Personal Loan Offer,0.44711594005218214
C00883,3,Personal Loan Offer,0.8156097186290292
C00884,4,Investment Offer,0.5268937102051434
C00885,4,Investment Offer,0.4088469921716657
C00886,0,No Offer,0.18873896495980325
C00887,4,Investment Offer,0.3182687624959001
C00888,0,No Offer,0.17843199844875257
C00889,1,Savings Offer,0.5004405438249268
C00890,2,Credit Card Offer,0.6873617463149448
C00891,3,Personal Loan Offer,0.8605807003625555
C00892,2,Credit Card Offer,0.29349542828214614
C00893,3,Personal Loan Offer,0.23142929229670622
C00894,4,Investment Offer,0.5826069385094736
C00895,0,No Offer,0.04584924951747915
C00896,4,Investment Offer,0.9953852364366891
C00897,3,Personal Loan Offer,-0.008646348032727846
C00898,3,Personal Loan Offer,0.07896001615943685
C00899,2,Credit Card Offer,0.5748928764438663
C00900,1,Savings Offer,0.4043798316061857
C00901,3,Personal Loan Offer,1.0515444575599897
C00902,3,Personal Loan Offer,-0.09907757066968689
C00903,3,Personal Loan Offer,0.3195222185727284
C00904,2,Credit Card Offer,0.6658107977831901
C00905,3,Personal Loan Offer,1.2022418921913336
C00906,4,Investment Offer,1.0393639837179973
C00907,1,Savings Offer,0.36624892186183977
C00908,0,No Offer,-0.09274590602437736
C00909,3,Personal Loan Offer,0.49115601605375675
C00910,4,Investment Offer,0.14257730588484746
C00911,4,Investment Offer,0.9228419421996866
C00912,1,Savings Offer,0.41088446772479315
C00913,0,No Offer,0.39804426028413015
C00914,2,Credit Card Offer,0.018322021056261684
C00915,4,Investment Offer,0.8153524087812583
C00916,2,Credit Card Offer,0.6174217423219913
C00917,0,No Offer,0.07578863413945588
C00918,4,Investment Offer,0.47399018257202047
C00919,2,Credit Card Offer,0.6519823168447777
C00920,0,No Offer,-0.10892668138453777
C00921,0,No Offer,0.08059967293037483
C00922,1,Savings Offer,0.6067296447578718
C00923,3,Personal Loan Offer,0.5079368582669718
C00924,1,Savings Offer,0.879819185021749
C00925,4,Investment Offer,-0.12056021401643724
C00926,1,Savings Offer,0.628450890600888
C00927,1,Savings Offer,1.1632585408242304
C00928,4,Investment Offer,1.0184610075664209
C00929,2,Credit Card Offer,0.6519206845236489
C00930,1,Savings Offer,0.6181309801643994
C00931,3,Personal Loan Offer,0.21094880295549262
C00932,2,Credit Card Offer,0.9926691744767727
C00933,4,Investment Offer,0.6086375484408405
C00934,0,No Offer,0.053429304221234555
C00935,1,Savings Offer,0.15452409959021335
C00936,2,Credit Card Offer,-0.15805944092239654
C00937,2,Credit Card Offer,0.6629187624835047
C00938,3,Personal Loan Offer,-0.1297047333656881
C00939,2,Credit Card Offer,0.8549406758746042
C00940,2,Credit Card Offer,0.14402458278637198
C00941,1,Savings Offer,0.6728529291710618
C00942,3,Personal Loan Offer,0.6597573190735139
C00943,0,No Offer,-0.17628029802840467
C00944,2,Credit Card Offer,0.3060366409528476
C00945,4,Investment Offer,1.3027421244942836
C00946,3,Personal Loan Offer,0.20861898456684574
C00947,3,Personal Loan Offer,0.4364160605513738
C00948,4,Investment Offer,1.104598034262582
C00949,0,No Offer,0.2628959635860644
C00950,2,Credit Card Offer,0.8407949226401638
C00951,2,Credit Card Offer,0.3883010361459573
C00952,3,Personal Loan Offer,0.5427562493288223
C00953,4,Investment Offer,0.909470334486524
C00954,0,No Offer,0.1102123853586347
C00955,0,No Offer,-0.04050221475377849
C00956,4,Investment Offer,0.7368536333128729
C00957,4,Investment Offer,0.6917915814337456
C00958,2,Credit Card Offer,0.23918915752206055
C00959,4,Investment Offer,0.9723331359614977
C00960,1,Savings Offer,0.12214308903874543
C00961,2,Credit Card Offer,0.7732681557165457
C00962,3,Personal Loan Offer,0.18196765164057865
C00963,3,Personal Loan Offer,-0.04194824414191803
C00964,3,Personal Loan Offer,0.11086459647889985
C00965,1,Savings Offer,1.000364767095234
C00966,3,Personal Loan Offer,0.329998200896921
C00967,2,Credit Card Offer,0.2705159881302187
C00968,1,Savings Offer,0.7619870475681277
C00969,0,No Offer,0.3469911438702916
C00970,4,Investment Offer,0.5494477052751514
C00971,4,Investment Offer,0.5063260614898644
C00972,0,No Offer,-0.1502300839741928
C00973,3,Personal Loan Offer,0.03173175081573637
C00974,1,Savings Offer,0.6782227324135162
C00975,2,Credit Card Offer,0.6245201587309239
C00976,4,Investment Offer,0.10331242443484706
C00977,3,Personal Loan Offer,0.48654199146004745
C00978,4,Investment Offer,1.4013369952303374
C00979,3,Personal Loan Offer,0.18461755073994868
C00980,3,Personal Loan Offer,0.13886109705653074
C00981,2,Credit Card Offer,0.5773035196362354
C00982,4,Investment Offer,1.0527716661022168
C00983,3,Personal Loan Offer,0.8158502374317136
C00984,3,Personal Loan Offer,0.26251409004872395
C00985,0,No Offer,0.10097565881404232
C00986,3,Personal Loan Offer,0.6586732923934373
C00987,2,Credit Card Offer,0.7304571037971916
C00988,0,No Offer,0.185712012709135
C00989,3,Personal Loan Offer,0.7627278251631402
C00990,0,No Offer,-0.014404359629619792
C00991,4,Investment Offer,0.7563847517751148
C00992,4,Investment Offer,0.6032584250748558
C00993,4,Investment Offer,0.5210459209404766
C00994,4,Investment Offer,0.8928104816695099
C00995,0,No Offer,-0.11512962704540379
C00996,4,Investment Offer,1.091709380072605
C00997,4,Investment Offer,0.3471176132004526
C00998,1,Savings Offer,0.4685154647951104
C00999,3,Personal Loan Offer,0.7924277804952532
C01000,1,Savings Offer,0.007002993452072115
C01001,0,No Offer,0.1484175234630868
C01002,1,Savings Offer,0.7127076126510701
C01003,2,Credit Card Offer,0.4914156456136103
C01004,2,Credit Card Offer,0.5035223392611139
C01005,0,No Offer,0.23343307185880563
C01006,2,Credit Card Offer,0.4036605463608433
C01007,1,Savings Offer,0.5169291891334866
C01008,2,Credit Card Offer,0.3867962134884544
C01009,0,No Offer,0.17546129380377667
C01010,0,No Offer,0.2547291499736475
C01011,4,Investment Offer,0.9240107629040065
C01012,1,Savings Offer,0.7921574349091418
C01013,1,Savings Offer,0.6152678759564784
C01014,3,Personal Loan Offer,1.1031745285400039
C01015,4,Investment Offer,1.169560448279043
C01016,0,No Offer,-0.14365985843745516
C01017,1,Savings Offer,0.7516501100561226
C01018,1,Savings Offer,0.32026690002138986
C01019,1,Savings Offer,0.7388750237301629
C01020,4,Investment Offer,0.11191045372358194
C01021,0,No Offer,0.339925754601644
C01022,4,Investment Offer,1.0534013989482698
C01023,0,No Offer,0.3007773059138089
C01024,0,No Offer,0.24913158834941962
C01025,1,Savings Offer,0.6109542204010561
C01026,0,No Offer,0.009094454930859024
C01027,1,Savings Offer,0.42555752916433537
C01028,1,Savings Offer,0.1732425924622319
C01029,0,No Offer,0.18780130289335284
C01030,2,Credit Card Offer,0.3147857810155202
C01031,4,Investment Offer,1.0963289179580182
C01032,3,Personal Loan Offer,0.5897919999400334
C01033,4,Investment Offer,0.41210025299991604
C01034,1,Savings Offer,0.5358545425010582
C01035,2,Credit Card Offer,0.2321257083556165
C01036,3,Personal Loan Offer,0.0009435188933487049
C01037,4,Investment Offer,0.45181432837524255
C01038,2,Credit Card Offer,-0.09889077919477318
C01039,4,Investment Offer,0.6135992433160737
C01040,4,Investment Offer,0.051476078198985226
C01041,3,Personal Loan Offer,0.12303826061032423
C01042,1,Savings Offer,0.19784861788111244
C01043,0,No Offer,-0.20820746637794257
C01044,3,Personal Loan Offer,0.5638765184542439
C01045,3,Personal Loan Offer,0.227119596122101
C01046,1,Savings Offer,0.9927878985042963
C01047,3,Personal Loan Offer,0.2761110305647566
C01048,2,Credit Card Offer,0.3970017290378379
C01049,3,Personal Loan Offer,0.6712991399480166
C01050,4,Investment Offer,0.44141401017708926
C01051,0,No Offer,-0.07505846006173321
C01052,4,Investment Offer,0.43848864099790197
C01053,1,Savings Offer,0.398570089148255
C01054,2,Credit Card Offer,0.3325088076434037
C01055,1,Savings Offer,0.9354890908946436
C01056,2,Credit Card Offer,1.1545906777985415
C01057,4,Investment Offer,0.8835007145511736
C01058,3,Personal Loan Offer,0.4095018940138093
C01059,4,Investment Offer,0.23340221517356685
C01060,0,No Offer,0.4845433278661895
C01061,0,No Offer,0.12967261324326446
C01062,0,No Offer,0.4126306000327345
C01063,4,Investment Offer,0.7040162410098508
C01064,3,Personal Loan Offer,0.05584228356161913
C01065,0,No Offer,0.3512058013346285
C01066,0,No Offer,0.22052141370248723
C01067,4,Investment Offer,1.4156407986238615
C01068,4,Investment Offer,0.6066946784022971
C01069,3,Personal Loan Offer,0.3850097618216836
C01070,1,Savings Offer,1.1012382593556875
C01071,1,Savings Offer,0.5415398703032654
C01072,1,Savings Offer,0.64529963030829
C01073,1,Savings Offer,0.5846506822144146
C01074,4,Investment Offer,0.4963242156153459
C01075,4,Investment Offer,0.9406203716589061
C01076,2,Credit Card Offer,0.3501561955886532
C01077,4,Investment Offer,0.4290558595993171
C01078,1,Savings Offer,0.40084400289622646
C01079,2,Credit Card Offer,0.7295948669778506
C01080,4,Investment Offer,0.8669538945825729
C01081,2,Credit Card Offer,0.39453016078206127
C01082,2,Credit Card Offer,0.6487468648425361
C01083,1,Savings Offer,1.0893856566015923
C01084,2,Credit Card Offer,0.4931629326511708
C01085,2,Credit Card Offer,0.3708126727087864
C01086,1,Savings Offer,0.09591908456315723
C01087,1,Savings Offer,0.1403335447874949
C01088,4,Investment Offer,0.6948204412128877
C01089,1,Savings Offer,0.8019880565202829
C01090,3,Personal Loan Offer,-0.06894231585197896
C01091,1,Savings Offer,0.4149612972530884
C01092,3,Personal Loan Offer,0.5963375899753232
C01093,3,Personal Loan Offer,0.6367182303151906
C01094,0,No Offer,-0.04036332299450651
C01095,4,Investment Offer,0.5571977462632955
C01096,0,No Offer,0.3073004698819513
C01097,2,Credit Card Offer,0.37805355336689844
C01098,1,Savings Offer,0.6621656255669499
C01099,1,Savings Offer,0.6124825411204843
C01100,1,Savings Offer,1.044733611119802
C01101,2,Credit Card Offer,0.34267745964614477
C01102,1,Savings Offer,0.1827360335117062
C01103,0,No Offer,-0.48043631727423813
C01104,3,Personal Loan Offer,0.806234574216416
C01105,4,Investment Offer,0.3104423015344451
C01106,4,Investment Offer,0.6926761574534619
C01107,4,Investment Offer,0.3228999687446858
C01108,4,Investment Offer,0.05819334467822623
C01109,0,No Offer,-0.012750812855620866
C01110,4,Investment Offer,0.045043522946919046
C01111,4,Investment Offer,0.1123559944295585
C01112,0,No Offer,0.34151788320782495
C01113,2,Credit Card Offer,0.47012515445579084
C01114,1,Savings Offer,0.3983146218187967
C01115,3,Personal Loan Offer,0.6767013146445011
C01116,3,Personal Loan Offer,-0.36281835583953004
C01117,4,Investment Offer,0.406311406781186
C01118,0,No Offer,0.26602743822821406
C01119,0,No Offer,0.11021112774832872
C01120,2,Credit Card Offer,0.7058910321014392
C01121,0,No Offer,0.33757402677392273
C01122,4,Investment Offer,0.6088330005652903
C01123,2,Credit Card Offer,0.3667509188607516
C01124,1,Savings Offer,0.2826392229766931
C01125,1,Savings Offer,0.22654753446850398
C01126,4,Investment Offer,-0.2603353273670241
C01127,2,Credit Card Offer,0.5196962884511933
C01128,2,Credit Card Offer,0.3466930635611623
C01129,1,Savings Offer,0.6345813798890182
C01130,2,Credit Card Offer,0.7717681198107843
C01131,2,Credit Card Offer,0.43542483861785164
C01132,0,No Offer,0.26846419762911417
C01133,4,Investment Offer,0.11215577020008069
C01134,4,Investment Offer,1.1207483004001777
C01135,0,No Offer,-0.11469182815770139
C01136,1,Savings Offer,0.14872223485142033
C01137,4,Investment Offer,0.4925907895071924
C01138,3,Personal Loan Offer,0.7566355732107374
C01139,2,Credit Card Offer,0.24762753769483348
C01140,2,Credit Card Offer,0.2731065284700068
C01141,1,Savings Offer,-0.11150894968023783
C01142,2,Credit Card Offer,0.5399399062211347
C01143,1,Savings Offer,0.3748881001671134
C01144,3,Personal Loan Offer,0.6603627459711509
C01145,2,Credit Card Offer,0.5203022219206349
C01146,0,No Offer,0.3984026709981064
C01147,3,Personal Loan Offer,0.4028324429874708
C01148,2,Credit Card Offer,0.6132644579880975
C01149,3,Personal Loan Offer,0.041464667668480615
C01150,4,Investment Offer,1.2039936517786378
C01151,2,Credit Card Offer,0.6835736181544929
C01152,2,Credit Card Offer,0.6138571966538204
C01153,0,No Offer,0.21427652244024076
C01154,2,Credit Card Offer,0.5858412694785684
C01155,2,Credit Card Offer,0.04300087310408662
C01156,1,Savings Offer,-0.13256634797356875
C01157,4,Investment Offer,0.5610473469681054
C01158,0,No Offer,-0.2752096665145033
C01159,1,Savings Offer,0.47088761194201484
C01160,3,Personal Loan Offer,0.9701330168062126
C01161,3,Personal Loan Offer,0.2461131720706497
C01162,1,Savings Offer,0.6005000917303708
C01163,2,Credit Card Offer,0.3051196075910811
C01164,2,Credit Card Offer,0.4764307538589664
C01165,0,No Offer,0.007116042755845889
C01166,1,Savings Offer,0.8109342612707828
C01167,0,No Offer,0.3256241102650931
C01168,2,Credit Card Offer,0.8852158604971414
C01169,2,Credit Card Offer,0.10777560927984264
C01170,3,Personal Loan Offer,0.6305231137077791
C01171,1,Savings Offer,0.47014865407576506
C01172,1,Savings Offer,0.5440540042342827
C01173,1,Savings Offer,0.8646022278379643
C01174,0,No Offer,-0.02604599564801459
C01175,1,Savings Offer,0.23838171297819483
C01176,1,Savings Offer,0.6338877752078986
C01177,1,Savings Offer,0.33114022534406673
C01178,0,No Offer,-0.1357468215522481
C01179,2,Credit Card Offer,0.21982856180643828
C01180,1,Savings Offer,0.5914898166638842
C01181,4,Investment Offer,0.39244592717952514
C01182,2,Credit Card Offer,0.47507248384078893
C01183,1,Savings Offer,0.2814371129706562
C01184,0,No Offer,0.18420432353464566
C01185,0,No Offer,0.4851672958337063
C01186,0,No Offer,0.1572813193042711
C01187,0,No Offer,0.13557238848716097
C01188,0,No Offer,-0.18121360972740508
C01189,2,Credit Card Offer,0.3209755525833724
C01190,4,Investment Offer,0.7252822079016356
C01191,3,Personal Loan Offer,1.0087335645407711
C01192,3,Personal Loan Offer,0.412848070425422
C01193,4,Investment Offer,0.496770350064538
C01194,3,Personal Loan Offer,0.7577915257256461
C01195,3,Personal Loan Offer,0.46634550827656296
C01196,0,No Offer,0.04189640077394138
C01197,1,Savings Offer,0.17974125544339276
C01198,1,Savings Offer,0.32317693014008586
C01199,1,Savings Offer,0.19259065892116767
C01200,0,No Offer,-0.10209104393322511
C01201,3,Personal Loan Offer,0.9465569957435589
C01202,0,No Offer,0.3829412925843413
C01203,2,Credit Card Offer,0.5234771727414897
C01204,2,Credit Card Offer,0.7636720593677977
C01205,0,No Offer,0.29659087292994063
C01206,4,Investment Offer,0.6484259895120388
C01207,1,Savings Offer,0.48587440465151116
C01208,3,Personal Loan Offer,0.4212326384046189
C01209,3,Personal Loan Offer,0.19896894222171793
C01210,4,Investment Offer,0.8961010466445699
C01211,4,Investment Offer,0.7753677427494491
C01212,0,No Offer,-0.13785595678623724
C01213,3,Personal Loan Offer,0.3759143472022653
C01214,0,No Offer,-0.0008633086507769464
C01215,2,Credit Card Offer,0.5431155886657903
C01216,0,No Offer,0.13636714571142045
C01217,0,No Offer,0.5626961656228944
C01218,2,Credit Card Offer,0.5156497923793657
C01219,1,Savings Offer,0.5912332068902745
C01220,4,Investment Offer,0.16570907799707713
C01221,4,Investment Offer,0.7963475319994454
C01222,2,Credit Card Offer,-0.35447238448912677
C01223,4,Investment Offer,0.9408495982487158
C01224,3,Personal Loan Offer,0.5256081050382306
C01225,1,Savings Offer,0.3002076204852268
C01226,0,No Offer,0.3964009050176814
C01227,4,Investment Offer,0.7449768133991582
C01228,0,No Offer,0.1861652663083725
C01229,1,Savings Offer,0.21541630386810223
C01230,3,Personal Loan Offer,0.12399165861813988
C01231,3,Personal Loan Offer,0.5664539926338414
C01232,0,No Offer,0.16738660262163588
C01233,4,Investment Offer,0.62710846893031
C01234,0,No Offer,0.05688297278206047
C01235,2,Credit Card Offer,0.3545819329966675
C01236,2,Credit Card Offer,0.4540451045034614
C01237,4,Investment Offer,0.26116428410935605
C01238,2,Credit Card Offer,0.7109120376036994
C01239,1,Savings Offer,0.35602972906007574
C01240,1,Savings Offer,0.5498229185366423
C01241,1,Savings Offer,0.5918446730001906
C01242,0,No Offer,0.11166143370709583
C01243,3,Personal Loan Offer,0.31464162867237255
C01244,0,No Offer,0.4343230842437825
C01245,1,Savings Offer,0.6773993647625159
C01246,2,Credit Card Offer,0.40707082984454857
C01247,3,Personal Loan Offer,0.4925512130264147
C01248,0,No Offer,0.33332492810328523
C01249,3,Personal Loan Offer,0.6097540067305262
C01250,4,Investment Offer,0.7194535105691228
C01251,2,Credit Card Offer,0.5885287274406028
C01252,3,Personal Loan Offer,0.595729845348335
C01253,1,Savings Offer,0.8345331141636863
C01254,1,Savings Offer,0.29308556974067884
C01255,1,Savings Offer,0.2884353823278196
C01256,4,Investment Offer,0.6859371770998981
C01257,4,Investment Offer,0.33273958419464716
C01258,3,Personal Loan Offer,0.45305677114599296
C01259,2,Credit Card Offer,0.7704053097753537
C01260,2,Credit Card Offer,0.38452026252277455
C01261,0,No Offer,-0.10879111317831079
C01262,3,Personal Loan Offer,0.3600148042292284
C01263,3,Personal Loan Offer,0.31706102366163924
C01264,4,Investment Offer,1.163590803112759
C01265,1,Savings Offer,0.5267744102290143
C01266,1,Savings Offer,0.8768161932612037
C01267,2,Credit Card Offer,0.06622912011621132
C01268,2,Credit Card Offer,0.7556426079819355
C01269,3,Personal Loan Offer,0.5706554712888627
C01270,2,Credit Card Offer,0.4404019194608041
C01271,3,Personal Loan Offer,0.922850231493847
C01272,0,No Offer,0.11009866238405991
C01273,3,Personal Loan Offer,0.16752440920122708
C01274,2,Credit Card Offer,0.8121653281484822
C01275,1,Savings Offer,0.6261827667712033
C01276,0,No Offer,0.3877266086842665
C01277,1,Savings Offer,0.349589398082479
C01278,0,No Offer,-0.20392352379592882
C01279,4,Investment Offer,0.8077088520160032
C01280,2,Credit Card Offer,0.33868269152469
C01281,4,Investment Offer,0.5612803877308786
C01282,4,Investment Offer,0.5454513012239053
C01283,0,No Offer,-0.002599845976599721
C01284,4,Investment Offer,0.637422186835638
C01285,4,Investment Offer,0.7488866809239934
C01286,3,Personal Loan Offer,0.29457248885054166
C01287,4,Investment Offer,0.26988433859398875
C01288,3,Personal Loan Offer,0.7210676489909769
C01289,0,No Offer,-0.12420289405549183
C01290,3,Personal Loan Offer,0.4163746481534766
C01291,4,Investment Offer,0.5815172330805646
C01292,0,No Offer,0.17369476755124533
C01293,4,Investment Offer,0.5639179404390158
C01294,0,No Offer,0.18438642936559352
C01295,4,Investment Offer,0.7849618992487222
C01296,3,Personal Loan Offer,0.861308592790877
C01297,4,Investment Offer,0.6145537926224967
C01298,2,Credit Card Offer,0.3886316437229899
C01299,1,Savings Offer,0.04509382486024732
C01300,2,Credit Card Offer,0.7417186273277765
C01301,3,Personal Loan Offer,0.22170726406225705
C01302,4,Investment Offer,0.33432259830862743
C01303,4,Investment Offer,0.30284651887382574
C01304,1,Savings Offer,0.15553982179533185
C01305,0,No Offer,0.4427979041798099
C01306,1,Savings Offer,0.2192380934975513
C01307,4,Investment Offer,1.0946273296494682
C01308,2,Credit Card Offer,0.6234594340812185
C01309,4,Investment Offer,0.4276381603303018
C01310,3,Personal Loan Offer,0.4218257016629869
C01311,4,Investment Offer,1.17600508861387
C01312,1,Savings Offer,1.0756995524752415
C01313,0,No Offer,-0.28134537564319195
C01314,1,Savings Offer,0.7231123556082816
C01315,3,Personal Loan Offer,0.5614756255993761
C01316,1,Savings Offer,0.5271999434387691
C01317,2,Credit Card Offer,-0.11239632477468364
C01318,4,Investment Offer,0.4197124213976295
C01319,3,Personal Loan Offer,0.4230481198621824
C01320,4,Investment Offer,1.064891583087636
C01321,0,No Offer,-0.19441053175885553
C01322,4,Investment Offer,1.0033769495570413
C01323,1,Savings Offer,0.47296298530791
C01324,3,Personal Loan Offer,0.48023047357095827
C01325,3,Personal Loan Offer,0.28704241470090547
C01326,4,Investment Offer,1.3685170053750684
C01327,0,No Offer,0.009525707685896126
C01328,3,Personal Loan Offer,1.0007746464149552
C01329,0,No Offer,0.23022617811016882
C01330,0,No Offer,0.30115271701488744
C01331,2,Credit Card Offer,0.5706172944537066
C01332,4,Investment Offer,1.2334260087705418
C01333,2,Credit Card Offer,0.6438193750082006
C01334,1,Savings Offer,0.48586830653061786
C01335,2,Credit Card Offer,0.8134294946766136
C01336,4,Investment Offer,0.6151736647722057
C01337,1,Savings Offer,0.7063925457042051
C01338,2,Credit Card Offer,0.2218163897227966
C01339,4,Investment Offer,0.6516688170683241
C01340,1,Savings Offer,0.802777275827879
C01341,0,No Offer,-0.0838053009585817
C01342,1,Savings Offer,0.2839909935016623
C01343,0,No Offer,0.32785505217884453
C01344,2,Credit Card Offer,0.05564427097216712
C01345,2,Credit Card Offer,0.7510996196684144
C01346,2,Credit Card Offer,0.3984831669142867
C01347,2,Credit Card Offer,0.6272333220825808
C01348,1,Savings Offer,0.3938930221054948
C01349,2,Credit Card Offer,0.6711958321292518
C01350,0,No Offer,-0.18617067495525425
C01351,4,Investment Offer,0.0334187259381844
C01352,0,No Offer,-0.43239997497501537
C01353,0,No Offer,-0.05445730796105015
C01354,0,No Offer,-0.1633595431233797
C01355,4,Investment Offer,0.8490120862814435
C01356,1,Savings Offer,0.11884805054675482
C01357,2,Credit Card Offer,-0.05463936768339145
C01358,3,Personal Loan Offer,0.8646980963149637
C01359,3,Personal Loan Offer,0.5423873284837295
C01360,0,No Offer,-0.05816254115076533
C01361,1,Savings Offer,0.35564888969136754
C01362,1,Savings Offer,0.6311116822147741
C01363,0,No Offer,-0.061426689207869645
C01364,0,No Offer,-0.257405378219867
C01365,4,Investment Offer,0.876386698048014
C01366,1,Savings Offer,0.8788038524935058
C01367,3,Personal Loan Offer,-0.13329268949266793
C01368,1,Savings Offer,0.4584293880411681
C01369,3,Personal Loan Offer,0.13688475896842373
C01370,3,Personal Loan Offer,0.150517885435674
C01371,2,Credit Card Offer,0.3790855766268494
C01372,3,Personal Loan Offer,-0.1326022752241356
C01373,3,Personal Loan Offer,0.36328890372398165
C01374,0,No Offer,-0.18618690210276628
C01375,0,No Offer,0.3119087192762865
C01376,2,Credit Card Offer,0.5408114400619835
C01377,3,Personal Loan Offer,0.21621399700914723
C01378,4,Investment Offer,0.7103519207833454
C01379,3,Personal Loan Offer,-0.02146611876029758
C01380,3,Personal Loan Offer,0.8383873723660091
C01381,1,Savings Offer,0.6450434181107336
C01382,2,Credit Card Offer,-0.12015652843421021
C01383,4,Investment Offer,0.12558021358590526
C01384,2,Credit Card Offer,0.815697373450288
C01385,2,Credit Card Offer,0.7230262383590591
C01386,1,Savings Offer,0.3788534205825189
C01387,3,Personal Loan Offer,0.3056395348978683
C01388,2,Credit Card Offer,0.4093136026315234
C01389,0,No Offer,0.15140791373180706
C01390,3,Personal Loan Offer,0.3380296053045069
C01391,4,Investment Offer,1.2104005318449018
C01392,4,Investment Offer,0.3913103035275907
C01393,4,Investment Offer,0.3165260399336257
C01394,3,Personal Loan Offer,0.37003262020249994
C01395,2,Credit Card Offer,0.8066722193616663
C01396,2,Credit Card Offer,-0.20866540757002988
C01397,3,Personal Loan Offer,0.9130732947756152
C01398,3,Personal Loan Offer,0.7425610995520617
C01399,2,Credit Card Offer,0.6013177178056346
C01400,2,Credit Card Offer,0.13993526163687126
C01401,2,Credit Card Offer,0.08324551518899626
C01402,0,No Offer,-0.1471803044483576
C01403,2,Credit Card Offer,0.7715748285841779
C01404,2,Credit Card Offer,0.5846115019207899
C01405,2,Credit Card Offer,0.36015633715900497
C01406,0,No Offer,0.25571227459239637
C01407,2,Credit Card Offer,0.44142351375458205
C01408,4,Investment Offer,0.8638977678642199
C01409,1,Savings Offer,0.5495385379092924
C01410,4,Investment Offer,0.38496618052135123
C01411,3,Personal Loan Offer,0.9763882331697182
C01412,1,Savings Offer,0.32645855985906314
C01413,2,Credit Card Offer,0.5451257747780898
C01414,3,Personal Loan Offer,0.6057599633580104
C01415,3,Personal Loan Offer,0.5601243691936145
C01416,4,Investment Offer,0.21623145424050555
C01417,2,Credit Card Offer,0.1378472281862238
C01418,2,Credit Card Offer,0.43679463088069
C01419,0,No Offer,0.2472804543597319
C01420,4,Investment Offer,1.012282823639858
C01421,4,Investment Offer,0.29049949005356557
C01422,0,No Offer,-0.10658150914806437
C01423,3,Personal Loan Offer,0.34535597038433885
C01424,2,Credit Card Offer,0.008308531382739459
C01425,3,Personal Loan Offer,0.2556837512463983
C01426,0,No Offer,0.31565924840671955
C01427,1,Savings Offer,0.5086951392747306
C01428,2,Credit Card Offer,0.6857977227808418
C01429,1,Savings Offer,0.9095552949077723
C01430,4,Investment Offer,0.4461610011135194
C01431,4,Investment Offer,0.8969550488563951
C01432,1,Savings Offer,0.22922004410937608
C01433,0,No Offer,-0.04245554724128485
C01434,3,Personal Loan Offer,0.17635932905180018
C01435,1,Savings Offer,0.5777172573281948
C01436,2,Credit Card Offer,0.9797368136074857
C01437,4,Investment Offer,0.2507324347392157
C01438,3,Personal Loan Offer,0.44608024148342973
C01439,0,No Offer,0.19304244181354152
C01440,3,Personal Loan Offer,0.9551171151491371
C01441,2,Credit Card Offer,-0.10237782906252663
C01442,3,Personal Loan Offer,0.4272470559529431
C01443,4,Investment Offer,0.24092128840671292
C01444,0,No Offer,-0.008744503623354237
C01445,4,Investment Offer,0.15300831469149062
C01446,0,No Offer,0.13766937198353077
C01447,4,Investment Offer,1.3382529368199387
C01448,0,No Offer,0.08249501162933659
C01449,2,Credit Card Offer,0.16532858113798932
C01450,1,Savings Offer,0.6390238295113451
C01451,4,Investment Offer,0.7314346710070213
C01452,4,Investment Offer,0.8028921358650949
C01453,2,Credit Card Offer,0.781376116430643
C01454,2,Credit Card Offer,0.38356948770355725
C01455,2,Credit Card Offer,0.7442818734661766
C01456,4,Investment Offer,0.5538638645550322
C01457,3,Personal Loan Offer,0.36866045596482633
C01458,4,Investment Offer,0.4654144107983278
C01459,3,Personal Loan Offer,0.43861149037035235
C01460,4,Investment Offer,0.5676295663314016
C01461,1,Savings Offer,0.7617282458088459
C01462,1,Savings Offer,0.5724619375775051
C01463,0,No Offer,0.7738031408657206
C01464,1,Savings Offer,0.5827013354824851
C01465,4,Investment Offer,0.4371360836018009
C01466,1,Savings Offer,0.7387195274823444
C01467,4,Investment Offer,0.709396217115095
C01468,2,Credit Card Offer,0.5098194142087726
C01469,1,Savings Offer,0.371862089468478
C01470,4,Investment Offer,0.19724451903555146
C01471,3,Personal Loan Offer,0.7480708591967251
C01472,1,Savings Offer,0.1776628727846553
C01473,3,Personal Loan Offer,0.2202571234690572
C01474,0,No Offer,0.09422874532722575
C01475,4,Investment Offer,0.6124128397708386
C01476,2,Credit Card Offer,0.24115672637285168
C01477,1,Savings Offer,0.5069471733219568
C01478,2,Credit Card Offer,0.603403783239238
C01479,4,Investment Offer,0.23993272993595538
C01480,0,No Offer,0.04282988247469105
C01481,4,Investment Offer,0.1341266953882645
C01482,0,No Offer,-0.21756259539827788
C01483,2,Credit Card Offer,0.5366880592584358
C01484,3,Personal Loan Offer,-0.22808781836167907
C01485,2,Credit Card Offer,0.7614655387363873
C01486,4,Investment Offer,0.5629554122798378
C01487,1,Savings Offer,0.3806170966939176
C01488,3,Personal Loan Offer,0.8492433251244516
C01489,4,Investment Offer,0.03826569176650785
C01490,0,No Offer,0.33693319803641436
C01491,2,Credit Card Offer,0.3115309087477261
C01492,0,No Offer,-0.4450929620589968
C01493,0,No Offer,-0.168869307514179
C01494,2,Credit Card Offer,0.17713018425888172
C01495,0,No Offer,-0.08399172137440893
C01496,0,No Offer,-0.06752470066124147
C01497,1,Savings Offer,0.7268930350298373
C01498,4,Investment Offer,0.6221212942208884
C01499,0,No Offer,-0.06371464261491312
C01500,4,Investment Offer,0.6841389424747482
C01501,1,Savings Offer,0.43735996759337536
C01502,2,Credit Card Offer,0.9742098043764
C01503,3,Personal Loan Offer,-0.1044819977184912
C01504,1,Savings Offer,0.3213373086071358
C01505,0,No Offer,0.1471764770402002
C01506,1,Savings Offer,0.5079147600704594
C01507,1,Savings Offer,0.4405799870427545
C01508,3,Personal Loan Offer,0.682397063655829
C01509,2,Credit Card Offer,0.06174541169086295
C01510,4,Investment Offer,0.7616445320168697
C01511,1,Savings Offer,0.9579755342195198
C01512,3,Personal Loan Offer,0.9863982594460625
C01513,0,No Offer,-0.24932028534016776
C01514,0,No Offer,-0.016382677694983486
C01515,1,Savings Offer,1.0497239679440717
C01516,1,Savings Offer,1.2869943712892118
C01517,0,No Offer,0.172014128888122
C01518,0,No Offer,-0.12794241273863677
C01519,1,Savings Offer,0.4910868255878939
C01520,1,Savings Offer,0.44556143656507285
C01521,4,Investment Offer,-0.2203483301347905
C01522,4,Investment Offer,0.6671667773206158
C01523,3,Personal Loan Offer,0.9330905418532809
C01524,1,Savings Offer,0.5611401881309831
C01525,2,Credit Card Offer,0.896965908952279
C01526,2,Credit Card Offer,0.18291812673351984
C01527,4,Investment Offer,1.0845503621975452
C01528,4,Investment Offer,0.9590244064894151
C01529,0,No Offer,0.03731961171835015
C01530,3,Personal Loan Offer,0.068750152960659
C01531,2,Credit Card Offer,0.8248306430991488
C01532,2,Credit Card Offer,0.47474403578758695
C01533,1,Savings Offer,0.29450098191113716
C01534,0,No Offer,-0.13952759965336886
C01535,3,Personal Loan Offer,0.5582924718268146
C01536,0,No Offer,-0.1650202923559324
C01537,1,Savings Offer,0.8312391870803242
C01538,0,No Offer,0.08571048563299377
C01539,1,Savings Offer,0.8278396794849473
C01540,4,Investment Offer,0.1088705268571104
C01541,4,Investment Offer,0.6146208753311513
C01542,2,Credit Card Offer,0.45019320575779626
C01543,2,Credit Card Offer,0.433866881465601
C01544,2,Credit Card Offer,0.79792407468121
C01545,0,No Offer,-0.08439466356985954
C01546,3,Personal Loan Offer,0.40357937386825976
C01547,1,Savings Offer,0.7388511204870102
C01548,0,No Offer,-0.6424577279189903
C01549,4,Investment Offer,1.1790518200496243
C01550,0,No Offer,-0.028079620267299113
C01551,4,Investment Offer,0.7474210362490363
C01552,4,Investment Offer,0.6160961617589394
C01553,0,No Offer,0.6547843809228172
C01554,2,Credit Card Offer,0.5991226768026173
C01555,3,Personal Loan Offer,0.47561632935626547
C01556,1,Savings Offer,0.9700541883430709
C01557,2,Credit Card Offer,0.4772390853598102
C01558,1,Savings Offer,1.1673488295740828
C01559,0,No Offer,0.34843219262056446
C01560,0,No Offer,0.11571681830070961
C01561,2,Credit Card Offer,0.38953851933614103
C01562,1,Savings Offer,0.49725489949184876
C01563,2,Credit Card Offer,0.387615173355674
C01564,2,Credit Card Offer,0.7791571156223972
C01565,3,Personal Loan Offer,-0.0562080347334003
C01566,0,No Offer,0.1505348196521428
C01567,2,Credit Card Offer,0.25752308373662924
C01568,1,Savings Offer,0.3382267924085465
C01569,4,Investment Offer,0.46437005338148574
C01570,3,Personal Loan Offer,0.40728955625411045
C01571,4,Investment Offer,0.22568486938412982
C01572,0,No Offer,0.1665368487404227
C01573,3,Personal Loan Offer,0.6619552197111258
C01574,1,Savings Offer,0.9069163926109407
C01575,0,No Offer,-0.09666007557954685
C01576,3,Personal Loan Offer,0.11871462599779843
C01577,4,Investment Offer,0.5954590397059758
C01578,1,Savings Offer,0.6539402171797137
C01579,4,Investment Offer,0.8210758188997193
C01580,4,Investment Offer,0.22503047921469504
C01581,2,Credit Card Offer,0.2631167489317676
C01582,1,Savings Offer,0.6844661915929816
C01583,2,Credit Card Offer,0.28975172311612096
C01584,4,Investment Offer,0.531626212810733
C01585,0,No Offer,0.07771315051828259
C01586,1,Savings Offer,0.28034594825777004
C01587,2,Credit Card Offer,0.680136230565649
C01588,0,No Offer,0.25890886422282494
C01589,1,Savings Offer,0.8742617421514556
C01590,2,Credit Card Offer,0.1285121592199458
C01591,4,Investment Offer,0.3740498160469753
C01592,2,Credit Card Offer,0.5977001130521975
C01593,2,Credit Card Offer,0.8042710360346634
C01594,1,Savings Offer,0.34831322629550565
C01595,2,Credit Card Offer,0.8486515915869817
C01596,0,No Offer,-0.15066770717198652
C01597,0,No Offer,0.005839552864429193
C01598,4,Investment Offer,0.5334604260577603
C01599,2,Credit Card Offer,0.6127824196450784
C01600,2,Credit Card Offer,0.5408172196043441
C01601,4,Investment Offer,0.5733507399572592
C01602,4,Investment Offer,0.5551834446056481
C01603,3,Personal Loan Offer,0.6824241395652274
C01604,4,Investment Offer,1.0570080269832227
C01605,4,Investment Offer,0.6187549133519812
C01606,3,Personal Loan Offer,-0.38579600669746916
C01607,3,Personal Loan Offer,0.4305837502390999
C01608,2,Credit Card Offer,0.4054062518410413
C01609,3,Personal Loan Offer,0.6918319047674624
C01610,1,Savings Offer,0.26448982890374073
C01611,4,Investment Offer,0.4434052733509068
C01612,0,No Offer,0.25655960931108485
C01613,2,Credit Card Offer,0.30372975749799896
C01614,4,Investment Offer,0.8085116634498918
C01615,3,Personal Loan Offer,0.5142379525631068
C01616,4,Investment Offer,0.7944553790175232
C01617,0,No Offer,-0.21180648704461852
C01618,2,Credit Card Offer,0.3802357291452943
C01619,1,Savings Offer,0.20869986899198678
C01620,1,Savings Offer,0.7447107440139572
C01621,3,Personal Loan Offer,0.27097879517151896
C01622,0,No Offer,0.23076975075178613
C01623,2,Credit Card Offer,0.9477538539947639
C01624,2,Credit Card Offer,0.39450349606008783
C01625,3,Personal Loan Offer,0.600777484962833
C01626,0,No Offer,0.32519172260985146
C01627,2,Credit Card Offer,-0.007015091585823141
C01628,1,Savings Offer,0.35998233581006445
C01629,3,Personal Loan Offer,0.028194237654277983
C01630,4,Investment Offer,0.7634346898114663
C01631,4,Investment Offer,0.9381771761373551
C01632,4,Investment Offer,0.8923854226304213
C01633,1,Savings Offer,0.4023127232164063
C01634,3,Personal Loan Offer,0.23915580995501617
C01635,4,Investment Offer,0.612887681047372
C01636,2,Credit Card Offer,0.4630739758761631
C01637,4,Investment Offer,0.6124226621555422
C01638,4,Investment Offer,0.8245176813905742
C01639,2,Credit Card Offer,0.18823354276769974
C01640,3,Personal Loan Offer,0.5248347671827168
C01641,3,Personal Loan Offer,0.17221386972516967
C01642,4,Investment Offer,0.7825146411138966
C01643,4,Investment Offer,0.18574380460923695
C01644,0,No Offer,0.08046293350624562
C01645,4,Investment Offer,0.03852578070712101
C01646,1,Savings Offer,0.4783010438989345
C01647,1,Savings Offer,0.07373038717009273
C01648,3,Personal Loan Offer,0.42899178313957975
C01649,1,Savings Offer,0.5300409925019132
C01650,2,Credit Card Offer,0.41889928901103013
C01651,3,Personal Loan Offer,-0.11330283794309953
C01652,4,Investment Offer,0.38106112963238303
C01653,1,Savings Offer,0.7294466606019743
C01654,1,Savings Offer,0.3517839392763119
C01655,3,Personal Loan Offer,0.6402783480255974
C01656,0,No Offer,0.04878565584834204
C01657,1,Savings Offer,1.0326887032185004
C01658,3,Personal Loan Offer,0.4464730220712717
C01659,0,No Offer,-0.12133095106281262
C01660,3,Personal Loan Offer,0.4247070198441468
C01661,3,Personal Loan Offer,0.4536381615380062
C01662,3,Personal Loan Offer,0.8595294486639607
C01663,4,Investment Offer,1.4610506443833569
C01664,2,Credit Card Offer,0.3680565334127681
C01665,4,Investment Offer,0.9733850982115549
C01666,1,Savings Offer,0.6837084066923232
C01667,4,Investment Offer,0.9680070244041946
C01668,0,No Offer,0.2916205384803428
C01669,0,No Offer,-0.16189154155902458
C01670,0,No Offer,0.5770135260018096
C01671,3,Personal Loan Offer,0.6802412238099675
C01672,4,Investment Offer,0.6136741793876551
C01673,1,Savings Offer,0.31205890130133923
C01674,0,No Offer,0.0014039437596269563
C01675,1,Savings Offer,1.0835658632282283
C01676,1,Savings Offer,1.0153634104072058
C01677,3,Personal Loan Offer,0.7124969787173611
C01678,0,No Offer,0.048071348029517395
C01679,2,Credit Card Offer,0.7400103771410191
C01680,3,Personal Loan Offer,-0.1356967973342792
C01681,4,Investment Offer,0.6538702941995918
C01682,2,Credit Card Offer,0.620112241141546
C01683,4,Investment Offer,0.8537289910939175
C01684,4,Investment Offer,0.9569537490155215
C01685,2,Credit Card Offer,0.33690302220543134
C01686,0,No Offer,0.7222601507298376
C01687,0,No Offer,0.2433628251176883
C01688,4,Investment Offer,0.7408184264201727
C01689,4,Investment Offer,0.7106874539786773
C01690,3,Personal Loan Offer,0.6402888112487657
C01691,3,Personal Loan Offer,0.3154193677855658
C01692,0,No Offer,-0.16722011334346754
C01693,2,Credit Card Offer,0.5879457043698008
C01694,1,Savings Offer,0.5042741846728209
C01695,2,Credit Card Offer,0.9250499502788334
C01696,2,Credit Card Offer,-0.06900744020302652
C01697,0,No Offer,-0.5741499487657626
C01698,1,Savings Offer,0.6300776262275161
C01699,2,Credit Card Offer,0.9261729446731979
C01700,2,Credit Card Offer,0.48208541674190614
C01701,2,Credit Card Offer,0.6133119209564832
C01702,2,Credit Card Offer,0.7924778562744714
C01703,3,Personal Loan Offer,0.5744268224719917
C01704,3,Personal Loan Offer,0.91118430505196
C01705,3,Personal Loan Offer,0.37290416103181934
C01706,1,Savings Offer,0.6804968035445074
C01707,2,Credit Card Offer,0.2251286948616527
C01708,0,No Offer,-0.08367907110255256
C01709,3,Personal Loan Offer,0.6223197278622584
C01710,3,Personal Loan Offer,0.9394866334743435
C01711,1,Savings Offer,0.6575861085560787
C01712,2,Credit Card Offer,0.5929697101161586
C01713,2,Credit Card Offer,1.0638998167348475
C01714,2,Credit Card Offer,0.3386694201523797
C01715,2,Credit Card Offer,0.5816452526208328
C01716,1,Savings Offer,0.7499239745152351
C01717,2,Credit Card Offer,0.6889187947422727
C01718,4,Investment Offer,1.059359215680063
C01719,3,Personal Loan Offer,0.6503099259516293
C01720,2,Credit Card Offer,0.9111951658928577
C01721,4,Investment Offer,0.38851045126129624
C01722,2,Credit Card Offer,0.18893572047628784
C01723,4,Investment Offer,0.8809075706995132
C01724,1,Savings Offer,0.06291347970568151
C01725,0,No Offer,-0.18305188915752962
C01726,1,Savings Offer,0.9089317740846876
C01727,3,Personal Loan Offer,0.44171319584265095
C01728,4,Investment Offer,1.0658998005728253
C01729,2,Credit Card Offer,0.34885707364411117
C01730,4,Investment Offer,0.3637099332087543
C01731,1,Savings Offer,0.5112832321520449
C01732,2,Credit Card Offer,0.7091932052694349
C01733,4,Investment Offer,0.7909391079114105
C01734,1,Savings Offer,0.5232583377203118
C01735,2,Credit Card Offer,1.1832064108221094
C01736,2,Credit Card Offer,0.40827241743781095
C01737,1,Savings Offer,0.29370233657590716
C01738,3,Personal Loan Offer,-0.029885500387723335
C01739,4,Investment Offer,0.6567056324741376
C01740,4,Investment Offer,0.7848052618187853
C01741,1,Savings Offer,0.09602479064812083
C01742,2,Credit Card Offer,0.3559108625585471
C01743,1,Savings Offer,0.46189289442444986
C01744,1,Savings Offer,-0.11508107498662512
C01745,4,Investment Offer,0.6123174303033738
C01746,1,Savings Offer,0.5542410222306224
C01747,3,Personal Loan Offer,0.5636789184838753
C01748,2,Credit Card Offer,0.34291427685160647
C01749,0,No Offer,-0.417518565269303
C01750,0,No Offer,-0.2606833190584838
C01751,1,Savings Offer,0.6728750346275357
C01752,0,No Offer,0.1818178371075237
C01753,3,Personal Loan Offer,0.5089229585128497
C01754,3,Personal Loan Offer,0.4634337626003154
C01755,0,No Offer,0.22517232454685654
C01756,4,Investment Offer,0.4202435253667519
C01757,0,No Offer,-0.12061543080904778
C01758,3,Personal Loan Offer,0.8848424851937369
C01759,3,Personal Loan Offer,0.8827613801668079
C01760,0,No Offer,0.41734330333882413
C01761,4,Investment Offer,1.0825328854905147
C01762,4,Investment Offer,0.550259936591375
C01763,3,Personal Loan Offer,0.3567349235195034
C01764,2,Credit Card Offer,0.6733079362021523
C01765,1,Savings Offer,0.5566787493779084
C01766,2,Credit Card Offer,-0.024087339854501788
C01767,1,Savings Offer,0.7363094351299162
C01768,0,No Offer,-0.28155301649019804
C01769,2,Credit Card Offer,0.4474004505495419
C01770,4,Investment Offer,1.0423220239207565
C01771,3,Personal Loan Offer,0.37768173262636207
C01772,4,Investment Offer,0.6101138916355685
C01773,2,Credit Card Offer,0.5249705329836285
C01774,0,No Offer,0.25073309312903824
C01775,1,Savings Offer,0.4322478348977544
C01776,4,Investment Offer,0.6738592631350677
C01777,3,Personal Loan Offer,0.596308472910048
C01778,4,Investment Offer,0.4989242943530825
C01779,2,Credit Card Offer,0.0766802650687286
C01780,0,No Offer,0.11032731859530892
C01781,2,Credit Card Offer,0.6661859003244823
C01782,3,Personal Loan Offer,0.6449966716761166
C01783,3,Personal Loan Offer,0.18102892363189865
C01784,1,Savings Offer,0.4901818200542405
C01785,2,Credit Card Offer,0.5601249455976474
C01786,2,Credit Card Offer,0.4638950771631275
C01787,1,Savings Offer,0.5727804857735973
C01788,1,Savings Offer,0.9766447721778554
C01789,0,No Offer,-0.08701936571785339
C01790,0,No Offer,-0.4726486363636612
C01791,2,Credit Card Offer,0.568771235848151
C01792,1,Savings Offer,0.8729689353978344
C01793,4,Investment Offer,0.28908602509172854
C01794,2,Credit Card Offer,0.8171677670161659
C01795,2,Credit Card Offer,0.793243147529626
C01796,4,Investment Offer,0.915819971823673
C01797,3,Personal Loan Offer,0.8536428874761792
C01798,3,Personal Loan Offer,0.26451803489816195
C01799,1,Savings Offer,0.9853724457845594
C01800,4,Investment Offer,0.10692649551458713
C01801,4,Investment Offer,0.3705913289346295
C01802,2,Credit Card Offer,0.5437509155586842
C01803,3,Personal Loan Offer,-0.12827735588998473
C01804,3,Personal Loan Offer,0.42441530154166474
C01805,3,Personal Loan Offer,0.7456029535061479
C01806,4,Investment Offer,0.6136620503794126
C01807,1,Savings Offer,0.809882544823484
C01808,0,No Offer,-0.0016932724415962067
C01809,4,Investment Offer,0.5850369712957347
C01810,4,Investment Offer,0.38439993171946285
C01811,0,No Offer,0.18016459810044838
C01812,0,No Offer,-0.26532584450647506
C01813,2,Credit Card Offer,0.5567221396682241
C01814,3,Personal Loan Offer,-0.10009229600995004
C01815,1,Savings Offer,0.4288298592326187
C01816,1,Savings Offer,0.7287368753487729
C01817,2,Credit Card Offer,0.31570295346921484
C01818,0,No Offer,0.1979022835250892
C01819,0,No Offer,-0.21864772850206482
C01820,0,No Offer,0.2186584260828584
C01821,0,No Offer,0.2015495249869413
C01822,4,Investment Offer,0.44220128463438996
C01823,2,Credit Card Offer,0.8474225427217441
C01824,4,Investment Offer,0.11722563980284145
C01825,2,Credit Card Offer,1.062759212784781
C01826,3,Personal Loan Offer,0.18736661198577614
C01827,0,No Offer,0.14483023740337517
C01828,3,Personal Loan Offer,0.34954183491499624
C01829,0,No Offer,-0.16079121318214573
C01830,3,Personal Loan Offer,0.33781833834672503
C01831,3,Personal Loan Offer,0.9252078981453772
C01832,4,Investment Offer,0.49178084775535824
C01833,1,Savings Offer,0.7697521353121621
C01834,4,Investment Offer,0.7127459049812781
C01835,0,No Offer,0.4044965923110313
C01836,2,Credit Card Offer,0.37465792742298165
C01837,0,No Offer,0.08680472264012357
C01838,4,Investment Offer,0.6452366347176417
C01839,3,Personal Loan Offer,0.4468358367621792
C01840,3,Personal Loan Offer,0.5107852511199101
C01841,3,Personal Loan Offer,0.17320459828035312
C01842,3,Personal Loan Offer,0.31822403614218076
C01843,4,Investment Offer,0.9274382588411656
C01844,0,No Offer,0.4042496180733314
C01845,4,Investment Offer,0.3954237678024923
C01846,2,Credit Card Offer,0.2679034643744035
C01847,0,No Offer,0.12568449400549508
C01848,3,Personal Loan Offer,0.539446528346774
C01849,3,Personal Loan Offer,0.4462224234158796
C01850,3,Personal Loan Offer,0.8393093578280066
C01851,1,Savings Offer,0.34038370458723555
C01852,3,Personal Loan Offer,0.3807232228422833
C01853,2,Credit Card Offer,0.7796416023494893
C01854,3,Personal Loan Offer,0.3280615242126956
C01855,0,No Offer,0.21606071410630917
C01856,3,Personal Loan Offer,0.46617091049214304
C01857,4,Investment Offer,0.8066889379580097
C01858,1,Savings Offer,0.3382976715084844
C01859,4,Investment Offer,0.5186464032691858
C01860,3,Personal Loan Offer,0.4605480064143213
C01861,1,Savings Offer,0.802871757608332
C01862,0,No Offer,0.17136428898861505
C01863,3,Personal Loan Offer,0.7240119170304188
C01864,1,Savings Offer,0.4915587954257643
C01865,0,No Offer,0.14573883586553993
C01866,3,Personal Loan Offer,0.8373721241535366
C01867,0,No Offer,0.32204251194365663
C01868,4,Investment Offer,0.2207990987313902
C01869,3,Personal Loan Offer,0.8673288182640482
C01870,3,Personal Loan Offer,0.8918478566995804
C01871,3,Personal Loan Offer,1.0822058783627457
C01872,4,Investment Offer,0.3179816244234557
C01873,3,Personal Loan Offer,0.9431849220861086
C01874,1,Savings Offer,0.2043716111391511
C01875,3,Personal Loan Offer,0.8956875662656478
C01876,2,Credit Card Offer,0.33658558352538714
C01877,2,Credit Card Offer,0.04827516701508161
C01878,4,Investment Offer,0.6606200060655176
C01879,3,Personal Loan Offer,0.7196579019896296
C01880,1,Savings Offer,0.2681609407549464
C01881,2,Credit Card Offer,0.15827192775831397
C01882,1,Savings Offer,1.037191320429609
C01883,3,Personal Loan Offer,0.041512829998828216
C01884,1,Savings Offer,0.6887758190298109
C01885,1,Savings Offer,0.711697128157149
C01886,0,No Offer,0.340742817290961
C01887,1,Savings Offer,0.504933027761083
C01888,0,No Offer,0.24160422377131824
C01889,2,Credit Card Offer,0.4981671699484125
C01890,3,Personal Loan Offer,0.43483852185981353
C01891,4,Investment Offer,0.8199981288297181
C01892,1,Savings Offer,0.5722806518118805
C01893,4,Investment Offer,0.44134033990477295
C01894,0,No Offer,0.5242121174106261
C01895,0,No Offer,0.37420955811125134
C01896,0,No Offer,-0.20784687504037513
C01897,0,No Offer,0.11562734965761708
C01898,4,Investment Offer,1.0063421145638305
C01899,1,Savings Offer,0.5324725109358118
C01900,4,Investment Offer,0.35973101764177706
C01901,1,Savings Offer,0.3637631370824599
C01902,0,No Offer,-0.5169309437185972
C01903,1,Savings Offer,0.1652346627216082
C01904,3,Personal Loan Offer,0.3889238862999862
C01905,1,Savings Offer,0.0810098320620013
C01906,4,Investment Offer,0.4683612792088613
C01907,4,Investment Offer,1.1103767414176382
C01908,0,No Offer,-0.1469843797880675
C01909,0,No Offer,-0.012522312103342523
C01910,2,Credit Card Offer,1.318990408228816
C01911,4,Investment Offer,0.2629221932863318
C01912,1,Savings Offer,0.5220642398161662
C01913,0,No Offer,0.28746760222551465
C01914,4,Investment Offer,0.6382431116848029
C01915,0,No Offer,0.01245134386911826
C01916,3,Personal Loan Offer,0.4438909301656202
C01917,2,Credit Card Offer,0.5038226360807911
C01918,4,Investment Offer,0.39282591965081803
C01919,2,Credit Card Offer,0.6039774081510951
C01920,2,Credit Card Offer,0.6559320797795525
C01921,1,Savings Offer,0.09060618417623717
C01922,3,Personal Loan Offer,0.1427766690553493
C01923,4,Investment Offer,0.7304337026813565
C01924,2,Credit Card Offer,0.6186946677353176
C01925,0,No Offer,0.23634458907285677
C01926,3,Personal Loan Offer,0.5051978818533933
C01927,1,Savings Offer,0.35941597665294434
C01928,2,Credit Card Offer,0.38903646741646847
C01929,2,Credit Card Offer,0.42879108073958194
C01930,1,Savings Offer,1.1618160722634663
C01931,1,Savings Offer,0.724296108440545
C01932,0,No Offer,-0.0634357165627674
C01933,1,Savings Offer,0.6533838602390107
C01934,1,Savings Offer,0.9229363284936918
C01935,2,Credit Card Offer,-0.1373592973164255
C01936,3,Personal Loan Offer,0.9415970731483542
C01937,0,No Offer,0.27723259104094816
C01938,1,Savings Offer,0.11501397265110952
C01939,3,Personal Loan Offer,0.35571197922430214
C01940,0,No Offer,-0.2436869396796159
C01941,1,Savings Offer,0.5578763380758119
C01942,1,Savings Offer,0.6985543342092959
C01943,3,Personal Loan Offer,0.4500203810288461
C01944,4,Investment Offer,0.12432030172937623
C01945,1,Savings Offer,0.8173801088991204
C01946,2,Credit Card Offer,0.44621289183513924
C01947,2,Credit Card Offer,0.12396654326759607
C01948,2,Credit Card Offer,0.6341304009316447
C01949,3,Personal Loan Offer,0.4412840859694999
C01950,3,Personal Loan Offer,0.8095787266011811
C01951,4,Investment Offer,0.6824363226911871
C01952,2,Credit Card Offer,0.1696110029438869
C01953,4,Investment Offer,1.0604243603494359
C01954,3,Personal Loan Offer,0.7105082518450093
C01955,0,No Offer,0.12727546086792157
C01956,0,No Offer,-0.19852279423847968
C01957,4,Investment Offer,0.6855766146055373
C01958,3,Personal Loan Offer,0.14118362291418024
C01959,1,Savings Offer,0.0718626339074987
C01960,4,Investment Offer,0.9910119789928333
C01961,2,Credit Card Offer,0.7822082267176202
C01962,1,Savings Offer,0.3103393107037348
C01963,0,No Offer,-0.04779312779562528
C01964,1,Savings Offer,-0.2585251786437755
C01965,1,Savings Offer,0.7491893137783596
C01966,2,Credit Card Offer,0.4643093759221269
C01967,0,No Offer,-0.07661355059139176
C01968,0,No Offer,-0.03093189393625606
C01969,1,Savings Offer,0.050848583622711774
C01970,0,No Offer,0.02338524915502708
C01971,0,No Offer,0.3199588947499199
C01972,1,Savings Offer,-0.24649592158671502
C01973,1,Savings Offer,0.8463718162184868
C01974,3,Personal Loan Offer,0.25428839212062354
C01975,1,Savings Offer,0.6385866924928727
C01976,0,No Offer,0.17612986430143185
C01977,1,Savings Offer,0.29092594748796036
C01978,4,Investment Offer,1.1051801993876322
C01979,3,Personal Loan Offer,0.5080570800126023
C01980,4,Investment Offer,0.3700503689829532
C01981,3,Personal Loan Offer,0.7985980321879071
C01982,4,Investment Offer,0.963720655880406
C01983,1,Savings Offer,0.6885655033469632
C01984,2,Credit Card Offer,0.3175242760895637
C01985,2,Credit Card Offer,1.0942350441334447
C01986,2,Credit Card Offer,0.41712791075509115
C01987,3,Personal Loan Offer,0.38202632177248913
C01988,3,Personal Loan Offer,0.874952938103019
C01989,2,Credit Card Offer,0.6290407500917045
C01990,1,Savings Offer,0.9310069071550949
C01991,3,Personal Loan Offer,0.4287390076515778
C01992,1,Savings Offer,1.0670548659548071
C01993,0,No Offer,-0.0560962454129037
C01994,3,Personal Loan Offer,0.07904703393772522
C01995,1,Savings Offer,0.12545789776349575
C01996,0,No Offer,-0.0374512410701649
C01997,3,Personal Loan Offer,0.17708477960471602
C01998,2,Credit Card Offer,0.3921610573552723
C01999,0,No Offer,-0.2276938557297153
C02000,1,Savings Offer,0.29322790976892554
C02001,1,Savings Offer,0.5538631613883749
C02002,3,Personal Loan Offer,0.3595941778267154
C02003,3,Personal Loan Offer,0.852653131135431
C02004,2,Credit Card Offer,0.6573248778571338
C02005,2,Credit Card Offer,0.11059415716250148
C02006,4,Investment Offer,1.0207216807385964
C02007,4,Investment Offer,0.9222332383886302
C02008,1,Savings Offer,-0.10400440712959663
C02009,3,Personal Loan Offer,0.07590501589140691
C02010,3,Personal Loan Offer,0.4316409469971505
C02011,4,Investment Offer,0.5292694455043205
C02012,0,No Offer,0.021336509706704365
C02013,0,No Offer,0.47280231954304114
C02014,1,Savings Offer,0.4535258116501631
C02015,3,Personal Loan Offer,0.4994985688267761
C02016,1,Savings Offer,0.8953319954273248
C02017,1,Savings Offer,0.7737162213116967
C02018,3,Personal Loan Offer,-0.24586457865278322
C02019,3,Personal Loan Offer,0.11492407387449638
C02020,1,Savings Offer,0.5159947410080796
C02021,1,Savings Offer,0.7517582936920008
C02022,1,Savings Offer,0.6407988976053907
C02023,0,No Offer,-0.10798821573294239
C02024,0,No Offer,-0.002592062555905425
C02025,1,Savings Offer,0.33784790003460485
C02026,1,Savings Offer,0.5053575267364033
C02027,0,No Offer,0.3051067748845167
C02028,0,No Offer,0.06945769379006322
C02029,0,No Offer,0.051781314632938454
C02030,0,No Offer,-0.010257970370370469
C02031,1,Savings Offer,0.4968281233734914
C02032,4,Investment Offer,0.25231277790479406
C02033,0,No Offer,0.4965218583413223
C02034,0,No Offer,0.3492327223865627
C02035,3,Personal Loan Offer,0.362817963918724
C02036,2,Credit Card Offer,0.567129205658804
C02037,3,Personal Loan Offer,1.0252404642947097
C02038,4,Investment Offer,0.17397474808676683
C02039,1,Savings Offer,0.8439500841272329
C02040,4,Investment Offer,0.2111084794324764
C02041,4,Investment Offer,0.678502168086336
C02042,2,Credit Card Offer,0.2557547452297182
C02043,4,Investment Offer,0.6986178273537079
C02044,3,Personal Loan Offer,0.9608759049261623
C02045,3,Personal Loan Offer,0.3367467207412546
C02046,4,Investment Offer,0.049024761132443306
C02047,4,Investment Offer,0.7462740769425162
C02048,3,Personal Loan Offer,0.0694020916780691
C02049,1,Savings Offer,0.23644031542762098
C02050,2,Credit Card Offer,0.2947460874706255
C02051,2,Credit Card Offer,0.014600788636700335
C02052,4,Investment Offer,0.3606255067917381
C02053,3,Personal Loan Offer,0.2853037557873108
C02054,2,Credit Card Offer,0.39584891977099446
C02055,0,No Offer,0.5407308859927566
C02056,4,Investment Offer,0.6241814667211141
C02057,1,Savings Offer,0.32316701883311283
C02058,4,Investment Offer,0.34297898338512184
C02059,0,No Offer,0.2512146590264181
C02060,0,No Offer,-0.41368752652922813
C02061,1,Savings Offer,0.3301512267467815
C02062,1,Savings Offer,0.48814089059675536
C02063,0,No Offer,-0.14379019337608623
C02064,2,Credit Card Offer,0.35575279942269816
C02065,3,Personal Loan Offer,0.2933937968460886
C02066,3,Personal Loan Offer,0.42380268682732086
C02067,3,Personal Loan Offer,0.2798776852856608
C02068,1,Savings Offer,0.8035937550171437
C02069,1,Savings Offer,0.2873143120543768
C02070,4,Investment Offer,1.1920310922486514
C02071,1,Savings Offer,0.3069614790920178
C02072,0,No Offer,-0.09593383677152077
C02073,2,Credit Card Offer,0.3561290286363027
C02074,3,Personal Loan Offer,0.8169033855941589
C02075,0,No Offer,-0.2909958817446073
C02076,2,Credit Card Offer,0.24837430268328406
C02077,4,Investment Offer,0.6688143715064847
C02078,1,Savings Offer,0.5125380107267212
C02079,2,Credit Card Offer,0.5923435803460403
C02080,3,Personal Loan Offer,-0.09622806939197985
C02081,2,Credit Card Offer,0.14277160379116327
C02082,1,Savings Offer,0.42715492682312906
C02083,4,Investment Offer,0.16836625288870416
C02084,0,No Offer,0.011235156198811241
C02085,1,Savings Offer,0.8102529758050303
C02086,3,Personal Loan Offer,0.41952962664278776
C02087,0,No Offer,0.2409111644831785
C02088,3,Personal Loan Offer,0.5307639197098143
C02089,1,Savings Offer,0.2773257387464072
C02090,2,Credit Card Offer,0.309562088676439
C02091,0,No Offer,0.10200162801854507
C02092,4,Investment Offer,0.8978899807689553
C02093,0,No Offer,-0.2223353544190566
C02094,4,Investment Offer,0.6487010650950649
C02095,0,No Offer,-0.5489850865250161
C02096,1,Savings Offer,0.4239007128369332
C02097,1,Savings Offer,0.5977044739936758
C02098,3,Personal Loan Offer,0.08226137275523585
C02099,4,Investment Offer,0.433227916253252
C02100,1,Savings Offer,0.17854774917850957
C02101,3,Personal Loan Offer,0.8729078650139257
C02102,2,Credit Card Offer,0.32385736282473654
C02103,1,Savings Offer,0.7247635719312946
C02104,4,Investment Offer,0.7659340371954411
C02105,3,Personal Loan Offer,0.012045417735759234
C02106,4,Investment Offer,1.3389167606310204
C02107,2,Credit Card Offer,0.13414471725510618
C02108,1,Savings Offer,0.7264901319451424
C02109,2,Credit Card Offer,0.1672689391050097
C02110,4,Investment Offer,0.4143235931433851
C02111,3,Personal Loan Offer,0.7040002695883835
C02112,3,Personal Loan Offer,0.45940256634583676
C02113,2,Credit Card Offer,0.6109273041505677
C02114,3,Personal Loan Offer,0.7454658227082491
C02115,2,Credit Card Offer,0.286745766584974
C02116,0,No Offer,-0.15751212639729772
C02117,3,Personal Loan Offer,0.48649299819048075
C02118,4,Investment Offer,-0.21467122928243842
C02119,4,Investment Offer,0.10263849455723406
C02120,1,Savings Offer,0.5587267392315047
C02121,2,Credit Card Offer,0.022164737361810016
C02122,1,Savings Offer,0.8318798201777371
C02123,4,Investment Offer,0.7670234594749816
C02124,0,No Offer,0.15792128174625067
C02125,2,Credit Card Offer,0.27095179185620455
C02126,4,Investment Offer,0.5149213490831981
C02127,3,Personal Loan Offer,0.660377223832282
C02128,3,Personal Loan Offer,0.5629662176006344
C02129,3,Personal Loan Offer,0.43772410796704997
C02130,2,Credit Card Offer,0.8106135499446823
C02131,3,Personal Loan Offer,0.17263819383032894
C02132,1,Savings Offer,1.185749629497574
C02133,2,Credit Card Offer,0.8854062516245045
C02134,0,No Offer,-0.07517168855437349
C02135,1,Savings Offer,0.05546138665829847
C02136,2,Credit Card Offer,0.7296292219635622
C02137,3,Personal Loan Offer,0.03977803074211844
C02138,0,No Offer,0.35046190051969345
C02139,0,No Offer,-0.09962091366567528
C02140,0,No Offer,-0.03433773855905836
C02141,0,No Offer,-0.32824232425026745
C02142,3,Personal Loan Offer,0.5130496101516056
C02143,2,Credit Card Offer,0.33480311173600197
C02144,0,No Offer,-0.05455948347133037
C02145,2,Credit Card Offer,0.09635806600865471
C02146,1,Savings Offer,0.3706407519508225
C02147,4,Investment Offer,0.14039001583421662
C02148,3,Personal Loan Offer,0.46794827086179785
C02149,3,Personal Loan Offer,0.5412979312352226
C02150,4,Investment Offer,0.6410344942735695
C02151,0,No Offer,-0.1230383490967155
C02152,3,Personal Loan Offer,0.1868322240536317
C02153,1,Savings Offer,0.5885540882888474
C02154,1,Savings Offer,0.6564643413966378
C02155,4,Investment Offer,1.141385556939718
C02156,4,Investment Offer,0.676373487516209
C02157,2,Credit Card Offer,0.08828790572908735
C02158,1,Savings Offer,0.11072413888231938
C02159,4,Investment Offer,0.4883314633946519
C02160,1,Savings Offer,0.3142014860017547
C02161,2,Credit Card Offer,0.28749931002363693
C02162,3,Personal Loan Offer,0.36888943269199376
C02163,2,Credit Card Offer,0.5848569644158556
C02164,4,Investment Offer,0.7268294124856731
C02165,2,Credit Card Offer,0.6348515024464505
C02166,0,No Offer,0.20874744154009367
C02167,4,Investment Offer,1.236152250014352
C02168,3,Personal Loan Offer,0.6803956100949037
C02169,3,Personal Loan Offer,0.438690598400897
C02170,3,Personal Loan Offer,0.685648899505417
C02171,4,Investment Offer,-0.07024492894431267
C02172,3,Personal Loan Offer,0.13354112007828228
C02173,1,Savings Offer,0.6717171608132134
C02174,4,Investment Offer,0.7689862299324572
C02175,2,Credit Card Offer,0.20841604859381532
C02176,4,Investment Offer,1.1785814759368842
C02177,4,Investment Offer,0.8021015899082082
C02178,4,Investment Offer,0.8633965300666782
C02179,0,No Offer,0.1857348863405366
C02180,4,Investment Offer,0.9454471851448704
C02181,2,Credit Card Offer,0.44231066596490254
C02182,4,Investment Offer,0.6891416661832674
C02183,4,Investment Offer,1.0951580769049214
C02184,2,Credit Card Offer,0.056338093061796185
C02185,3,Personal Loan Offer,0.47987832779706235
C02186,3,Personal Loan Offer,0.24061580683403427
C02187,2,Credit Card Offer,0.6113934235407177
C02188,0,No Offer,0.09540201920013508
C02189,4,Investment Offer,-0.011165190086561194
C02190,0,No Offer,-0.13378583822886125
C02191,1,Savings Offer,0.34054021620972796
C02192,2,Credit Card Offer,0.5209640090752363
C02193,1,Savings Offer,0.5666221749335141
C02194,1,Savings Offer,-0.02031761391797887
C02195,1,Savings Offer,0.40973721269762725
C02196,3,Personal Loan Offer,0.29609837135950867
C02197,0,No Offer,0.3882747174416948
C02198,4,Investment Offer,0.5480239468168652
C02199,2,Credit Card Offer,0.13275982808219858
C02200,1,Savings Offer,0.1735930371807942
C02201,2,Credit Card Offer,0.0975736257221137
C02202,2,Credit Card Offer,0.4230998868775057
C02203,0,No Offer,0.06614705693466148
C02204,1,Savings Offer,0.5527523487381756
C02205,1,Savings Offer,0.6869983326871524
C02206,4,Investment Offer,0.3073711363176067
C02207,0,No Offer,-0.22565815462803468
C02208,1,Savings Offer,0.9243146614319737
C02209,4,Investment Offer,0.6305953757780287
C02210,4,Investment Offer,0.8734529042359351
C02211,1,Savings Offer,0.6674422336216552
C02212,1,Savings Offer,0.34907907620655976
C02213,3,Personal Loan Offer,0.9074184551095225
C02214,2,Credit Card Offer,0.4847087656580987
C02215,4,Investment Offer,0.4173210598234087
C02216,0,No Offer,0.13629264799584315
C02217,2,Credit Card Offer,0.023449248707782533
C02218,0,No Offer,-0.42432151149327674
C02219,0,No Offer,-0.2955671841791155
C02220,2,Credit Card Offer,0.2735075028676497
C02221,0,No Offer,0.013475206777366959
C02222,2,Credit Card Offer,0.30029854202143574
C02223,2,Credit Card Offer,0.15452424160050843
C02224,2,Credit Card Offer,0.6023031144851003
C02225,1,Savings Offer,0.32361840216485177
C02226,1,Savings Offer,0.8478940025978179
C02227,1,Savings Offer,0.13425882839014097
C02228,1,Savings Offer,0.7944524755621517
C02229,3,Personal Loan Offer,0.08878154362690088
C02230,3,Personal Loan Offer,0.637517905123531
C02231,3,Personal Loan Offer,0.2903922755386291
C02232,2,Credit Card Offer,1.1110538110837505
C02233,1,Savings Offer,0.0761767973113825
C02234,4,Investment Offer,0.23857931775810926
C02235,1,Savings Offer,0.08803343566076793
C02236,2,Credit Card Offer,0.7009583111604274
C02237,2,Credit Card Offer,0.02439339903032728
C02238,4,Investment Offer,0.23685265651387127
C02239,0,No Offer,-0.45573838597695143
C02240,4,Investment Offer,0.851318706291391
C02241,0,No Offer,-0.03285170094863904
C02242,1,Savings Offer,0.1528893392898466
C02243,3,Personal Loan Offer,0.27841017070593993
C02244,2,Credit Card Offer,-0.14057942018426747
C02245,3,Personal Loan Offer,0.2788966760194706
C02246,3,Personal Loan Offer,-0.12803772168252006
C02247,1,Savings Offer,0.4970381409290838
C02248,2,Credit Card Offer,0.8161470923108445
C02249,0,No Offer,-0.04248907917542155
C02250,0,No Offer,0.13380705804904058
C02251,0,No Offer,0.1075094287259995
C02252,2,Credit Card Offer,0.5089878742836021
C02253,3,Personal Loan Offer,0.19587925859454508
C02254,1,Savings Offer,0.5971693991922251
C02255,0,No Offer,0.25108757440061447
C02256,1,Savings Offer,0.8969405220696384
C02257,4,Investment Offer,1.5431208546672772
C02258,2,Credit Card Offer,0.2352467737061039
C02259,0,No Offer,0.1849977078734531
C02260,2,Credit Card Offer,0.5225906010986853
C02261,4,Investment Offer,1.0605627719942967
C02262,0,No Offer,0.11315751062582391
C02263,2,Credit Card Offer,0.4294936455317364
C02264,0,No Offer,-0.16362340539655712
C02265,2,Credit Card Offer,0.5588310954323806
C02266,2,Credit Card Offer,0.531887921663857
C02267,2,Credit Card Offer,0.22502410698228517
C02268,2,Credit Card Offer,0.7109620299860122
C02269,1,Savings Offer,0.479306330473822
C02270,1,Savings Offer,0.7986512357860318
C02271,2,Credit Card Offer,1.0112717936616669
C02272,1,Savings Offer,0.6371610226421363
C02273,3,Personal Loan Offer,0.7006003082449084
C02274,1,Savings Offer,0.41860375016518175
C02275,0,No Offer,0.3826791116549764
C02276,0,No Offer,0.2548776139297107
C02277,3,Personal Loan Offer,0.4401038985245576
C02278,4,Investment Offer,0.6074191953254465
C02279,3,Personal Loan Offer,0.8375160957821329
C02280,1,Savings Offer,0.7508595263549055
C02281,2,Credit Card Offer,0.38871178404848106
C02282,3,Personal Loan Offer,0.3552916911933779
C02283,2,Credit Card Offer,0.6212840560037097
C02284,1,Savings Offer,0.21319582091223255
C02285,2,Credit Card Offer,0.005830333903435403
C02286,0,No Offer,-0.2978571699012069
C02287,0,No Offer,0.38953909117557006
C02288,4,Investment Offer,0.7169510001762033
C02289,1,Savings Offer,0.29997400720678435
C02290,4,Investment Offer,0.745804302036724
C02291,2,Credit Card Offer,0.49818900416572787
C02292,1,Savings Offer,0.0745154415951475
C02293,1,Savings Offer,0.10876717902794009
C02294,2,Credit Card Offer,0.4689187724915119
C02295,0,No Offer,-0.07496820434053524
C02296,4,Investment Offer,0.5444676424311655
C02297,2,Credit Card Offer,0.5224590146881094
C02298,3,Personal Loan Offer,0.26201885899476157
C02299,2,Credit Card Offer,0.4939417624383345
C02300,1,Savings Offer,0.5459544324518545
C02301,3,Personal Loan Offer,0.619410311689886
C02302,4,Investment Offer,1.1333658069808294
C02303,4,Investment Offer,0.6092795324189345
C02304,3,Personal Loan Offer,0.6309231919493159
C02305,1,Savings Offer,0.3924482376697416
C02306,4,Investment Offer,0.8363207113171506
C02307,0,No Offer,0.29900006504914034
C02308,3,Personal Loan Offer,-0.0975874225981766
C02309,2,Credit Card Offer,0.339211753374683
C02310,0,No Offer,-0.4263031159576841
C02311,4,Investment Offer,0.5629884776755327
C02312,0,No Offer,0.07536980729259776
C02313,2,Credit Card Offer,0.6772045586362366
C02314,0,No Offer,-0.33667874080680527
C02315,2,Credit Card Offer,0.6519359933556931
C02316,2,Credit Card Offer,0.24613065523301586
C02317,3,Personal Loan Offer,-0.4331302016182661
C02318,1,Savings Offer,0.12244625264604886
C02319,3,Personal Loan Offer,0.5100729194646405
C02320,2,Credit Card Offer,1.2967759786839586
C02321,1,Savings Offer,1.0329430602831278
C02322,1,Savings Offer,0.582323596753839
C02323,4,Investment Offer,0.5161543961270483
C02324,3,Personal Loan Offer,0.3589195369763194
C02325,0,No Offer,-0.10333831535996753
C02326,2,Credit Card Offer,0.7948765987186981
C02327,1,Savings Offer,0.7895124834284217
C02328,2,Credit Card Offer,-0.3924928487521954
C02329,1,Savings Offer,0.8378854970879108
C02330,0,No Offer,0.22366929677967534
C02331,3,Personal Loan Offer,0.5033294194653553
C02332,3,Personal Loan Offer,0.8990686257227678
C02333,0,No Offer,-0.11502502055209417
C02334,0,No Offer,0.2637852187769027
C02335,3,Personal Loan Offer,0.8373978061918629
C02336,1,Savings Offer,0.2562665281341649
C02337,2,Credit Card Offer,1.0947312152499322
C02338,1,Savings Offer,0.6473874986240594
C02339,4,Investment Offer,0.6828090718826217
C02340,2,Credit Card Offer,0.1779836649351936
C02341,4,Investment Offer,-0.031821075561263124
C02342,4,Investment Offer,0.7706443819461154
C02343,3,Personal Loan Offer,0.2790129226142468
C02344,1,Savings Offer,0.04857288623487954
C02345,1,Savings Offer,0.2922837867776763
C02346,0,No Offer,-0.037728401270724674
C02347,2,Credit Card Offer,0.866351098066739
C02348,3,Personal Loan Offer,0.6199946223312278
C02349,1,Savings Offer,0.19011601475499323
C02350,2,Credit Card Offer,-0.02866786918392017
C02351,2,Credit Card Offer,0.5109047601332871
C02352,2,Credit Card Offer,1.1164514074675376
C02353,1,Savings Offer,0.6970675230631467
C02354,0,No Offer,-0.1037677980511054
C02355,3,Personal Loan Offer,0.6458885326628093
C02356,1,Savings Offer,0.7744738530336224
C02357,3,Personal Loan Offer,0.5854720491187986
C02358,3,Personal Loan Offer,0.47935425732402004
C02359,0,No Offer,-0.15002627173941174
C02360,4,Investment Offer,0.6123939145155005
C02361,0,No Offer,-0.03920196018076351
C02362,1,Savings Offer,0.3214127975042598
C02363,1,Savings Offer,0.4591729170983791
C02364,1,Savings Offer,0.9793168702541297
C02365,4,Investment Offer,0.7466096850642239
C02366,1,Savings Offer,0.6188516532487747
C02367,3,Personal Loan Offer,0.5505630655036882
C02368,0,No Offer,-0.2275153155381499
C02369,2,Credit Card Offer,0.9827120200918199
C02370,2,Credit Card Offer,0.15614861922712803
C02371,2,Credit Card Offer,0.566432651426931
C02372,4,Investment Offer,0.9766746388312053
C02373,1,Savings Offer,0.9324195422104737
C02374,2,Credit Card Offer,0.4103160800697923
C02375,3,Personal Loan Offer,0.06783113388404524
C02376,3,Personal Loan Offer,0.200615191320177
C02377,4,Investment Offer,1.2734611423144717
C02378,4,Investment Offer,1.4257326052928494
C02379,3,Personal Loan Offer,0.04680939787280058
C02380,1,Savings Offer,0.5830186566308482
C02381,1,Savings Offer,0.5915106654272926
C02382,0,No Offer,0.5097897707344434
C02383,4,Investment Offer,0.7044964491576005
C02384,1,Savings Offer,0.4430490207765465
C02385,0,No Offer,-0.37453954359117936
C02386,3,Personal Loan Offer,0.7546184050097624
C02387,2,Credit Card Offer,0.720797307528336
C02388,3,Personal Loan Offer,-0.005316476253652946
C02389,0,No Offer,0.08811797061221541
C02390,2,Credit Card Offer,-0.09394389387071947
C02391,0,No Offer,0.21936810011597518
C02392,4,Investment Offer,0.8328124349350697
C02393,2,Credit Card Offer,0.6400562903325736
C02394,0,No Offer,0.21690158563441914
C02395,3,Personal Loan Offer,0.3146647197639071
C02396,0,No Offer,0.2903389872918237
C02397,2,Credit Card Offer,0.5301200100123398
C02398,4,Investment Offer,0.2555670308055062
C02399,1,Savings Offer,0.5471309776014431
C02400,2,Credit Card Offer,0.7123927816536142
C02401,3,Personal Loan Offer,0.5360954585249857
C02402,1,Savings Offer,0.24738645547163637
C02403,3,Personal Loan Offer,0.5757832925008208
C02404,0,No Offer,0.04815400217707694
C02405,0,No Offer,-0.06992859908028129
C02406,2,Credit Card Offer,0.2878376808439185
C02407,1,Savings Offer,0.9268055590967199
C02408,0,No Offer,-0.17069511029102247
C02409,3,Personal Loan Offer,0.20728561027386788
C02410,4,Investment Offer,0.781529563357772
C02411,1,Savings Offer,0.2579391255450382
C02412,1,Savings Offer,0.5346020943130059
C02413,2,Credit Card Offer,0.4184183295714812
C02414,2,Credit Card Offer,0.6672818385963423
C02415,0,No Offer,0.14355565598506198
C02416,0,No Offer,0.06974170961955826
C02417,1,Savings Offer,0.6947525521727668
C02418,2,Credit Card Offer,0.4836138421215713
C02419,1,Savings Offer,0.2747894678926444
C02420,3,Personal Loan Offer,0.8299198138064405
C02421,3,Personal Loan Offer,0.48973953015801797
C02422,2,Credit Card Offer,0.832163609745598
C02423,3,Personal Loan Offer,0.7020435992059681
C02424,1,Savings Offer,0.5687378421272975
C02425,1,Savings Offer,0.5290225211954513
C02426,3,Personal Loan Offer,1.003541922178187
C02427,0,No Offer,0.08344047155624805
C02428,4,Investment Offer,0.9251867942782641
C02429,4,Investment Offer,0.7071919147196134
C02430,3,Personal Loan Offer,0.46790068097647636
C02431,0,No Offer,0.34781148679907287
C02432,3,Personal Loan Offer,0.5305818395358874
C02433,1,Savings Offer,0.17321303861967302
C02434,0,No Offer,0.40575063028615077
C02435,2,Credit Card Offer,0.41081873538591235
C02436,1,Savings Offer,0.5688999506548906
C02437,3,Personal Loan Offer,0.6409604876028732
C02438,4,Investment Offer,0.5208525339913688
C02439,0,No Offer,0.12761068211755822
C02440,3,Personal Loan Offer,0.20930681335589735
C02441,3,Personal Loan Offer,1.2010117624825862
C02442,1,Savings Offer,0.18133998690200245
C02443,2,Credit Card Offer,0.09929392815523241
C02444,4,Investment Offer,0.6623451492265131
C02445,4,Investment Offer,0.520789998594516
C02446,0,No Offer,-0.494240644964929
C02447,1,Savings Offer,0.5224774863533327
C02448,2,Credit Card Offer,0.48314558811901126
C02449,3,Personal Loan Offer,0.27488586094031614
C02450,3,Personal Loan Offer,0.562132102089427
C02451,4,Investment Offer,0.5209287370555155
C02452,3,Personal Loan Offer,0.36849873825529367
C02453,3,Personal Loan Offer,0.7730204618692021
C02454,1,Savings Offer,0.8162098753416074
C02455,2,Credit Card Offer,0.255406791331771
C02456,4,Investment Offer,0.45498251624588104
C02457,1,Savings Offer,0.6905987324376074
C02458,0,No Offer,-0.15626221453537859
C02459,0,No Offer,0.2092257893643671
C02460,3,Personal Loan Offer,0.7894317453834379
C02461,4,Investment Offer,0.9996638955703124
C02462,0,No Offer,-0.31717029584169626
C02463,4,Investment Offer,0.3228683480080896
C02464,1,Savings Offer,0.6756865653066012
C02465,1,Savings Offer,0.36016608262256816
C02466,4,Investment Offer,0.33963777076256474
C02467,3,Personal Loan Offer,0.6387268274305489
C02468,1,Savings Offer,0.3731266948443268
C02469,1,Savings Offer,0.1499559946469145
C02470,2,Credit Card Offer,0.20280266485433385
C02471,3,Personal Loan Offer,0.3252319236620058
C02472,3,Personal Loan Offer,0.2655402810245432
C02473,1,Savings Offer,0.5715121769589269
C02474,1,Savings Offer,0.39993327053094263
C02475,4,Investment Offer,0.7398861865396663
C02476,0,No Offer,0.42740527885571034
C02477,3,Personal Loan Offer,0.4917391203391275
C02478,0,No Offer,-0.08685680802178668
C02479,0,No Offer,-0.1832420006551141
C02480,3,Personal Loan Offer,0.43645022318715154
C02481,4,Investment Offer,0.1638664863590948
C02482,0,No Offer,0.08983999293471648
C02483,1,Savings Offer,0.7896449827792369
C02484,2,Credit Card Offer,0.09290225386862222
C02485,2,Credit Card Offer,1.0316034163678482
C02486,2,Credit Card Offer,0.773033274813983
C02487,4,Investment Offer,0.8766077486457848
C02488,4,Investment Offer,1.07991803666585
C02489,1,Savings Offer,0.2714450577093509
C02490,0,No Offer,-0.385109287277077
C02491,4,Investment Offer,0.5613995301060888
C02492,1,Savings Offer,-0.08983819393621256
C02493,0,No Offer,-0.0029150381250901483
C02494,4,Investment Offer,0.6929581295593086
C02495,2,Credit Card Offer,1.0400549362736307
C02496,3,Personal Loan Offer,0.2578648777168997
C02497,2,Credit Card Offer,0.22665903935573273
C02498,0,No Offer,0.3640420628108386
C02499,4,Investment Offer,0.7420425406214013
C02500,0,No Offer,0.31242384134034457
C02501,4,Investment Offer,0.786155884470112
C02502,1,Savings Offer,0.10622172608539954
C02503,3,Personal Loan Offer,0.6175292361679237
C02504,2,Credit Card Offer,0.5019934636133213
C02505,1,Savings Offer,0.6784434847395919
C02506,1,Savings Offer,0.5636473067611542
C02507,0,No Offer,0.10172854962061445
C02508,4,Investment Offer,1.6636476946040981
C02509,1,Savings Offer,-0.06099035423110549
C02510,0,No Offer,-0.01631100371339947
C02511,1,Savings Offer,0.8227960244294639
C02512,0,No Offer,-0.07774451587903404
C02513,2,Credit Card Offer,0.0188889314052319
C02514,2,Credit Card Offer,0.6099544757326743
C02515,2,Credit Card Offer,0.2346609821231163
C02516,1,Savings Offer,0.9109131060224899
C02517,1,Savings Offer,0.31603953036428606
C02518,0,No Offer,0.0226520563359938
C02519,1,Savings Offer,0.8217041966353075
C02520,2,Credit Card Offer,0.5109407825710492
C02521,1,Savings Offer,0.7100375679950146
C02522,1,Savings Offer,0.28220370930793165
C02523,4,Investment Offer,0.23133287861127022
C02524,4,Investment Offer,0.9842073865574251
C02525,2,Credit Card Offer,0.6105799228626371
C02526,0,No Offer,0.20554915902698873
C02527,4,Investment Offer,1.7051045085198928
C02528,0,No Offer,-0.20680536680301004
C02529,3,Personal Loan Offer,0.996283441982156
C02530,2,Credit Card Offer,0.7237852841556426
C02531,2,Credit Card Offer,0.12033269564472432
C02532,2,Credit Card Offer,0.2860052728280553
C02533,3,Personal Loan Offer,0.6570449075496695
C02534,1,Savings Offer,0.2585034699792047
C02535,3,Personal Loan Offer,0.9312173569018547
C02536,2,Credit Card Offer,0.7172780720817504
C02537,4,Investment Offer,0.7314488152813942
C02538,4,Investment Offer,0.6350735170918893
C02539,1,Savings Offer,0.5762380035898893
C02540,3,Personal Loan Offer,0.3120717647434426
C02541,3,Personal Loan Offer,0.18540668028480461
C02542,0,No Offer,-0.060096164848816594
C02543,0,No Offer,-0.23282873975570534
C02544,0,No Offer,0.31256076141482736
C02545,3,Personal Loan Offer,-0.006306468574791169
C02546,4,Investment Offer,0.31253443499347744
C02547,3,Personal Loan Offer,1.0123989376107319
C02548,3,Personal Loan Offer,0.47314852597226864
C02549,1,Savings Offer,0.9006746462305649
C02550,4,Investment Offer,0.18605413703554505
C02551,3,Personal Loan Offer,0.496948080379884
C02552,1,Savings Offer,0.7833271099936006
C02553,4,Investment Offer,1.0194998348472768
C02554,1,Savings Offer,0.03691563292768535
C02555,2,Credit Card Offer,0.37544818305602917
C02556,0,No Offer,-0.0010474362092440306
C02557,1,Savings Offer,0.17156745318964225
C02558,0,No Offer,0.16151952538884928
C02559,0,No Offer,0.2838278705841599
C02560,3,Personal Loan Offer,0.8275975991655314
C02561,0,No Offer,-0.1546795915096147
C02562,3,Personal Loan Offer,0.11552521816981981
C02563,0,No Offer,0.4425932476586304
C02564,2,Credit Card Offer,0.5956429026207859
C02565,4,Investment Offer,0.9157913900746172
C02566,3,Personal Loan Offer,0.9161163452649133
C02567,4,Investment Offer,0.47144882556132417
C02568,4,Investment Offer,0.3774411157689721
C02569,3,Personal Loan Offer,0.7760683866256128
C02570,4,Investment Offer,0.9436369471061024
C02571,1,Savings Offer,-0.20830827916532668
C02572,2,Credit Card Offer,0.37305184114068357
C02573,2,Credit Card Offer,0.45542164507954486
C02574,3,Personal Loan Offer,0.8481931453220777
C02575,4,Investment Offer,0.24057981022675076
C02576,2,Credit Card Offer,0.5945172625472003
C02577,2,Credit Card Offer,0.19799933308719586
C02578,3,Personal Loan Offer,1.1015844155050019
C02579,0,No Offer,-0.5135523031779222
C02580,3,Personal Loan Offer,1.0958164650214968
C02581,3,Personal Loan Offer,0.46497708728600934
C02582,3,Personal Loan Offer,0.469778392748211
C02583,1,Savings Offer,0.379963160001199
C02584,1,Savings Offer,1.0050827093284198
C02585,3,Personal Loan Offer,0.166170023107078
C02586,2,Credit Card Offer,0.5916549629740536
C02587,1,Savings Offer,0.04370678665029076
C02588,0,No Offer,-0.10037518241087899
C02589,4,Investment Offer,-0.011343223135114322
C02590,0,No Offer,0.11026245575523305
C02591,4,Investment Offer,1.06710497379531
C02592,1,Savings Offer,0.1062404214435907
C02593,2,Credit Card Offer,0.6125494209650326
C02594,3,Personal Loan Offer,0.10517633258880002
C02595,4,Investment Offer,0.7844509582715824
C02596,2,Credit Card Offer,0.5022259390344171
C02597,1,Savings Offer,0.6136780866386259
C02598,1,Savings Offer,0.8027373958182389
C02599,2,Credit Card Offer,0.6315740457082304
C02600,3,Personal Loan Offer,0.8799700998955153
C02601,4,Investment Offer,0.9003216912009077
C02602,0,No Offer,0.254867226468533
C02603,4,Investment Offer,0.4267360080913226
C02604,0,No Offer,0.5066012584863474
C02605,1,Savings Offer,0.6311182099907549
C02606,4,Investment Offer,-0.08230394897408508
C02607,3,Personal Loan Offer,0.21176402710864756
C02608,4,Investment Offer,0.8267244324554386
C02609,1,Savings Offer,0.6230523875246557
C02610,1,Savings Offer,0.4218722303166206
C02611,0,No Offer,0.2671325022710158
C02612,1,Savings Offer,0.20596293805951357
C02613,0,No Offer,-0.011309250519754267
C02614,1,Savings Offer,0.701612688655985
C02615,1,Savings Offer,0.4668084912188458
C02616,2,Credit Card Offer,0.295350121276501
C02617,4,Investment Offer,1.274455243283389
C02618,3,Personal Loan Offer,0.6957802950888017
C02619,2,Credit Card Offer,0.5285580823515379
C02620,2,Credit Card Offer,0.708152915417231
C02621,3,Personal Loan Offer,1.1552710765545464
C02622,0,No Offer,0.2952967385760045
C02623,0,No Offer,0.05788680753017461
C02624,2,Credit Card Offer,0.5290629500420573
C02625,2,Credit Card Offer,0.47673771587209035
C02626,3,Personal Loan Offer,0.5371583889962301
C02627,2,Credit Card Offer,0.34341412349860173
C02628,2,Credit Card Offer,0.7041144782250444
C02629,3,Personal Loan Offer,-0.610873633712286
C02630,1,Savings Offer,0.5183424037045009
C02631,3,Personal Loan Offer,0.5522194156954036
C02632,3,Personal Loan Offer,0.2439635485140527
C02633,1,Savings Offer,0.6749648424982413
C02634,0,No Offer,-0.3890629444775348
C02635,2,Credit Card Offer,0.5459867188324364
C02636,0,No Offer,0.44862164345272393
C02637,2,Credit Card Offer,0.8555543431493917
C02638,3,Personal Loan Offer,-0.038580898833400545
C02639,3,Personal Loan Offer,0.9259527100624804
C02640,3,Personal Loan Offer,0.2750997357526901
C02641,1,Savings Offer,0.5732762180183337
C02642,2,Credit Card Offer,0.41633751360702265
C02643,4,Investment Offer,0.3228279056674436
C02644,3,Personal Loan Offer,0.6148996495822604
C02645,4,Investment Offer,0.05524131068522736
C02646,2,Credit Card Offer,0.36842301326682636
C02647,3,Personal Loan Offer,-0.17021674516941654
C02648,3,Personal Loan Offer,-0.11195995575483841
C02649,4,Investment Offer,0.6559172709237467
C02650,1,Savings Offer,0.5196611624922114
C02651,3,Personal Loan Offer,1.1280988058184818
C02652,4,Investment Offer,0.508942333030499
C02653,2,Credit Card Offer,0.4129580038001197
C02654,2,Credit Card Offer,0.9031577157623774
C02655,4,Investment Offer,0.5916892197128676
C02656,3,Personal Loan Offer,0.5940860260163154
C02657,1,Savings Offer,0.20936142469394892
C02658,1,Savings Offer,0.627184850536565
C02659,0,No Offer,0.1799097954866834
C02660,3,Personal Loan Offer,0.45143062787166316
C02661,3,Personal Loan Offer,0.12682212020279104
C02662,1,Savings Offer,0.42329369038928516
C02663,3,Personal Loan Offer,0.5096586714733427
C02664,3,Personal Loan Offer,0.2658570332800031
C02665,4,Investment Offer,0.058109429872635676
C02666,3,Personal Loan Offer,1.2266972947580572
C02667,1,Savings Offer,1.2553377159454608
C02668,3,Personal Loan Offer,0.25873240236412726
C02669,2,Credit Card Offer,0.528203048595091
C02670,1,Savings Offer,0.4653929324625438
C02671,1,Savings Offer,0.8460565826863609
C02672,1,Savings Offer,-0.09165192803900557
C02673,0,No Offer,0.17428485464741594
C02674,4,Investment Offer,0.41697304981346395
C02675,4,Investment Offer,0.8681917045897338
C02676,4,Investment Offer,0.8701490674722826
C02677,1,Savings Offer,0.008879217260266914
C02678,2,Credit Card Offer,0.816200033041701
C02679,4,Investment Offer,-0.07316444038664338
C02680,4,Investment Offer,0.9755736825999666
C02681,0,No Offer,-0.40225070860360684
C02682,1,Savings Offer,0.7373490388074923
C02683,1,Savings Offer,0.3121628356331409
C02684,3,Personal Loan Offer,0.21566134209921506
C02685,0,No Offer,-0.11715924657847544
C02686,4,Investment Offer,0.7718680793545918
C02687,0,No Offer,0.15400126191343833
C02688,1,Savings Offer,0.5028767894146232
C02689,2,Credit Card Offer,0.6786458483085192
C02690,1,Savings Offer,0.08959257209114976
C02691,0,No Offer,-0.29164184620212513
C02692,2,Credit Card Offer,0.14332126238184417
C02693,3,Personal Loan Offer,0.742331818151549
C02694,3,Personal Loan Offer,1.1592169550362659
C02695,4,Investment Offer,0.5192771677311029
C02696,0,No Offer,0.12638361464820744
C02697,3,Personal Loan Offer,0.8313456721189066
C02698,4,Investment Offer,0.4276358141067965
C02699,1,Savings Offer,0.48145476957612793
C02700,0,No Offer,-0.0020934865439510703
C02701,0,No Offer,0.020085377497077003
C02702,0,No Offer,-0.0514535203937147
C02703,4,Investment Offer,0.9056450707619219
C02704,2,Credit Card Offer,0.8682644334779344
C02705,1,Savings Offer,0.5503795050673252
C02706,1,Savings Offer,0.45675996282351483
C02707,0,No Offer,0.06184151683738244
C02708,4,Investment Offer,0.3482187908438989
C02709,2,Credit Card Offer,-0.06816436713432822
C02710,3,Personal Loan Offer,0.3052474218604715
C02711,2,Credit Card Offer,0.9188709149548585
C02712,2,Credit Card Offer,-0.053455940427922455
C02713,4,Investment Offer,0.251279882564422
C02714,3,Personal Loan Offer,0.2171058761765033
C02715,4,Investment Offer,0.6739190646555118
C02716,2,Credit Card Offer,0.41800157584133296
C02717,4,Investment Offer,0.9054461223727424
C02718,4,Investment Offer,0.3410049131953811
C02719,3,Personal Loan Offer,-0.31837745057948774
C02720,1,Savings Offer,0.5652960777552928
C02721,2,Credit Card Offer,0.809740296388497
C02722,4,Investment Offer,0.3993856531688772
C02723,4,Investment Offer,0.648034200468907
C02724,0,No Offer,-0.354597091618656
C02725,4,Investment Offer,0.6937506362676165
C02726,4,Investment Offer,0.3536780690117353
C02727,3,Personal Loan Offer,0.27694726624623694
C02728,4,Investment Offer,0.5038564672345759
C02729,1,Savings Offer,0.18598399275824182
C02730,1,Savings Offer,0.26046465492500315
C02731,4,Investment Offer,0.875483875525604
C02732,3,Personal Loan Offer,0.1371240226995353
C02733,2,Credit Card Offer,0.2979648248229525
C02734,3,Personal Loan Offer,0.7788731427630367
C02735,4,Investment Offer,0.7493983057000564
C02736,4,Investment Offer,0.2777004778882185
C02737,1,Savings Offer,0.6258413375707055
C02738,3,Personal Loan Offer,0.5399002203705366
C02739,1,Savings Offer,0.7735957841469199
C02740,1,Savings Offer,0.7807492606985262
C02741,2,Credit Card Offer,0.5394667413835097
C02742,0,No Offer,-0.039123465058279974
C02743,3,Personal Loan Offer,0.4312877243377353
C02744,4,Investment Offer,0.17949145801292204
C02745,2,Credit Card Offer,0.5552812947380757
C02746,4,Investment Offer,0.6974929651372798
C02747,3,Personal Loan Offer,0.11210298082922229
C02748,1,Savings Offer,0.2174116719738271
C02749,3,Personal Loan Offer,0.03868690376023054
C02750,2,Credit Card Offer,0.21824530712782667
C02751,0,No Offer,0.19525695040661117
C02752,0,No Offer,-0.3081472693750676
C02753,4,Investment Offer,1.1564062152298262
C02754,2,Credit Card Offer,0.41342212007655277
C02755,0,No Offer,-0.25935795594105737
C02756,3,Personal Loan Offer,0.2859142740563959
C02757,1,Savings Offer,0.7587116216582993
C02758,3,Personal Loan Offer,0.26883062986460765
C02759,0,No Offer,0.025296115026619416
C02760,4,Investment Offer,0.9624275683505041
C02761,2,Credit Card Offer,0.8064269995911364
C02762,2,Credit Card Offer,0.7315617231377685
C02763,3,Personal Loan Offer,-0.23791370582799592
C02764,3,Personal Loan Offer,0.7535075566545666
C02765,3,Personal Loan Offer,0.39373334938479976
C02766,3,Personal Loan Offer,0.8392573394225382
C02767,0,No Offer,0.004476779563217313
C02768,3,Personal Loan Offer,1.0497494860777141
C02769,1,Savings Offer,0.2024387891441467
C02770,4,Investment Offer,0.47468595852203493
C02771,3,Personal Loan Offer,0.6449617091181465
C02772,1,Savings Offer,0.4120019003459016
C02773,3,Personal Loan Offer,0.6976307910597159
C02774,0,No Offer,0.36707321365869994
C02775,4,Investment Offer,0.7667543376538875
C02776,3,Personal Loan Offer,0.38644822519695576
C02777,3,Personal Loan Offer,0.7038891320430487
C02778,2,Credit Card Offer,0.13640976686964634
C02779,2,Credit Card Offer,0.48586589864533253
C02780,0,No Offer,0.1026417064934711
C02781,0,No Offer,-0.163093109503618
C02782,3,Personal Loan Offer,0.6611959510269425
C02783,0,No Offer,0.04221990462108801
C02784,4,Investment Offer,0.9918369791980193
C02785,3,Personal Loan Offer,-0.07418304245744764
C02786,4,Investment Offer,0.2937463621537957
C02787,2,Credit Card Offer,0.37851652097944055
C02788,2,Credit Card Offer,0.10664528136958623
C02789,3,Personal Loan Offer,0.3247164312951907
C02790,1,Savings Offer,0.5770085434818226
C02791,0,No Offer,0.18307764088462747
C02792,4,Investment Offer,0.7165768127141577
C02793,0,No Offer,0.0699139543462325
C02794,3,Personal Loan Offer,0.020270829417028513
C02795,4,Investment Offer,0.39067042703933164
C02796,3,Personal Loan Offer,0.11728077946389959
C02797,3,Personal Loan Offer,1.0211444830214917
C02798,4,Investment Offer,0.7901369215860786
C02799,0,No Offer,-0.12085410811210139
C02800,2,Credit Card Offer,0.4528187560519169
C02801,2,Credit Card Offer,0.8036230844830372
C02802,2,Credit Card Offer,0.1872483897430375
C02803,1,Savings Offer,0.42220304759392613
C02804,2,Credit Card Offer,0.7465287551785416
C02805,0,No Offer,-0.13983352445550262
C02806,0,No Offer,0.22223853156425044
C02807,3,Personal Loan Offer,0.2812835751243725
C02808,2,Credit Card Offer,0.5941230135554596
C02809,4,Investment Offer,0.7144555496023768
C02810,4,Investment Offer,0.3475346330390442
C02811,2,Credit Card Offer,-0.22043246068261707
C02812,3,Personal Loan Offer,0.6966616487116764
C02813,4,Investment Offer,0.7047992354636806
C02814,4,Investment Offer,0.04128139943618436
C02815,2,Credit Card Offer,0.09418743549278186
C02816,0,No Offer,0.22143070288606298
C02817,3,Personal Loan Offer,0.1668006047606871
C02818,2,Credit Card Offer,0.5992210081205287
C02819,2,Credit Card Offer,0.5453958949633505
C02820,2,Credit Card Offer,0.542461276163744
C02821,1,Savings Offer,0.48776444554572607
C02822,1,Savings Offer,0.898616430039431
C02823,3,Personal Loan Offer,0.43762872965257327
C02824,2,Credit Card Offer,0.7555657257055834
C02825,1,Savings Offer,0.1880081794348046
C02826,0,No Offer,0.0707953611174096
C02827,4,Investment Offer,0.7411673989468164
C02828,2,Credit Card Offer,1.0510690248751426
C02829,3,Personal Loan Offer,0.6647248149619371
C02830,3,Personal Loan Offer,0.3810892283247162
C02831,2,Credit Card Offer,0.12747013891516557
C02832,0,No Offer,-0.6752706080797057
C02833,0,No Offer,0.22918517533453536
C02834,3,Personal Loan Offer,0.5688499347970327
C02835,1,Savings Offer,-0.11048816268468198
C02836,1,Savings Offer,0.9086024948963246
C02837,4,Investment Offer,0.6047670888491364
C02838,0,No Offer,-0.5006298030951142
C02839,0,No Offer,0.15842959625608594
C02840,4,Investment Offer,0.4928581556747988
C02841,3,Personal Loan Offer,0.6613615403920511
C02842,3,Personal Loan Offer,0.718684743838723
C02843,0,No Offer,-0.16088727257133317
C02844,2,Credit Card Offer,-0.04409293910075629
C02845,3,Personal Loan Offer,0.500602115384541
C02846,3,Personal Loan Offer,0.8097434489569018
C02847,3,Personal Loan Offer,0.15898976549167543
C02848,0,No Offer,0.10274650180464737
C02849,1,Savings Offer,0.630824361905588
C02850,0,No Offer,0.701784889157168
C02851,4,Investment Offer,1.292498281036981
C02852,1,Savings Offer,0.1867947270429276
C02853,1,Savings Offer,0.27328935476799204
C02854,3,Personal Loan Offer,0.47656094434933216
C02855,4,Investment Offer,0.6341456699607558
C02856,3,Personal Loan Offer,0.893270107241303
C02857,4,Investment Offer,0.09753396475281217
C02858,4,Investment Offer,0.8206772831348134
C02859,3,Personal Loan Offer,0.28009650952999804
C02860,3,Personal Loan Offer,0.477359616889524
C02861,4,Investment Offer,0.7863667757055133
C02862,0,No Offer,0.14381120239043993
C02863,1,Savings Offer,0.8820175361532638
C02864,1,Savings Offer,0.9361316344405658
C02865,2,Credit Card Offer,0.44541627497619235
C02866,1,Savings Offer,0.27793786821371425
C02867,0,No Offer,0.2680079496151137
C02868,3,Personal Loan Offer,0.32312248541893196
C02869,3,Personal Loan Offer,0.5893726231485459
C02870,1,Savings Offer,1.02057816232638
C02871,1,Savings Offer,0.6939947926662402
C02872,1,Savings Offer,0.12504420568139235
C02873,3,Personal Loan Offer,0.3820079453394672
C02874,0,No Offer,-0.10650187867138085
C02875,2,Credit Card Offer,0.11201486581465225
C02876,0,No Offer,0.26417717024956744
C02877,3,Personal Loan Offer,0.13937472925842048
C02878,1,Savings Offer,0.18107032470025944
C02879,3,Personal Loan Offer,0.8189801362981844
C02880,4,Investment Offer,0.21480011513205755
C02881,1,Savings Offer,0.7283582666369972
C02882,3,Personal Loan Offer,0.7782508079616343
C02883,2,Credit Card Offer,0.2696191479340495
C02884,2,Credit Card Offer,0.4607816664713086
C02885,4,Investment Offer,0.6270205694872086
C02886,2,Credit Card Offer,0.5046614596810994
C02887,2,Credit Card Offer,0.42163428147267057
C02888,2,Credit Card Offer,0.629849143596591
C02889,2,Credit Card Offer,0.12755358776523537
C02890,1,Savings Offer,0.2508859522672737
C02891,0,No Offer,0.10663923203291109
C02892,0,No Offer,0.0011177848148899439
C02893,3,Personal Loan Offer,0.39879419486265094
C02894,3,Personal Loan Offer,0.3790402166492484
C02895,0,No Offer,0.48085605340179366
C02896,2,Credit Card Offer,-0.019920152734679453
C02897,1,Savings Offer,0.37900201100001685
C02898,0,No Offer,-0.10910661164501671
C02899,3,Personal Loan Offer,0.48587864047227125
C02900,4,Investment Offer,1.0259962256575863
C02901,1,Savings Offer,0.6132386517756708
C02902,0,No Offer,-0.27270593380587216
C02903,2,Credit Card Offer,-0.24765220897351792
C02904,2,Credit Card Offer,0.35940975459253915
C02905,2,Credit Card Offer,0.8266218839271072
C02906,0,No Offer,0.6373540313204593
C02907,3,Personal Loan Offer,0.5237188424449728
C02908,3,Personal Loan Offer,0.3705708877150471
C02909,3,Personal Loan Offer,1.1231861981902267
C02910,4,Investment Offer,0.18923019868952973
C02911,3,Personal Loan Offer,0.612591820786356
C02912,4,Investment Offer,0.4899277881090903
C02913,3,Personal Loan Offer,0.2778128539977197
C02914,2,Credit Card Offer,0.6701413044768321
C02915,3,Personal Loan Offer,0.06699498108736623
C02916,3,Personal Loan Offer,0.6725589747776382
C02917,2,Credit Card Offer,0.2375096251170778
C02918,2,Credit Card Offer,0.9110274570898618
C02919,2,Credit Card Offer,0.4113881631934255
C02920,0,No Offer,0.4439932636101701
C02921,4,Investment Offer,0.7708803289557269
C02922,0,No Offer,-0.6096820637900459
C02923,1,Savings Offer,0.7668966043975471
C02924,2,Credit Card Offer,0.7812085761961816
C02925,0,No Offer,0.2905113464487789
C02926,0,No Offer,0.3046873241094888
C02927,2,Credit Card Offer,0.8207911067410139
C02928,2,Credit Card Offer,0.6095601777582421
C02929,3,Personal Loan Offer,0.6361202051174755
C02930,3,Personal Loan Offer,0.20819828414291727
C02931,2,Credit Card Offer,0.48703831889166055
C02932,1,Savings Offer,0.5526673242256347
C02933,3,Personal Loan Offer,0.43542978026012197
C02934,4,Investment Offer,1.024629831684255
C02935,2,Credit Card Offer,0.7754393386731986
C02936,1,Savings Offer,0.5173981637399387
C02937,4,Investment Offer,0.40481602423195073
C02938,1,Savings Offer,0.9204208459596926
C02939,3,Personal Loan Offer,0.1864905335035419
C02940,1,Savings Offer,0.48551661502037113
C02941,1,Savings Offer,-0.039587779552820945
C02942,2,Credit Card Offer,0.5409411767163333
C02943,1,Savings Offer,0.8297092881255967
C02944,3,Personal Loan Offer,0.7327520628244989
C02945,3,Personal Loan Offer,0.24603092843442428
C02946,3,Personal Loan Offer,0.2733176103955278
C02947,1,Savings Offer,0.9054204800470236
C02948,1,Savings Offer,0.3668751060900694
C02949,2,Credit Card Offer,0.3877443334983886
C02950,2,Credit Card Offer,0.6085517213452432
C02951,1,Savings Offer,0.38211432763562103
C02952,4,Investment Offer,0.2380648822807846
C02953,4,Investment Offer,0.824511677292797
C02954,3,Personal Loan Offer,0.6597370150656099
C02955,1,Savings Offer,0.8078466880540681
C02956,2,Credit Card Offer,0.5771464287868026
C02957,0,No Offer,-0.037349529720812
C02958,1,Savings Offer,0.47962276858999725
C02959,1,Savings Offer,0.6710575504143625
C02960,4,Investment Offer,1.0016134034582116
C02961,3,Personal Loan Offer,0.9539464539057472
C02962,3,Personal Loan Offer,0.6828621857568966
C02963,3,Personal Loan Offer,-0.1043811500810917
C02964,1,Savings Offer,0.4193458162517685
C02965,1,Savings Offer,0.2249033577824451
C02966,4,Investment Offer,1.0894280900935256
C02967,1,Savings Offer,0.06052462462101449
C02968,3,Personal Loan Offer,0.18974260582171043
C02969,0,No Offer,0.12976030408533484
C02970,4,Investment Offer,0.543429740642968
C02971,1,Savings Offer,0.41107471147612407
C02972,1,Savings Offer,0.35401501904823135
C02973,3,Personal Loan Offer,0.19257899655243216
C02974,0,No Offer,-0.4496071518251329
C02975,3,Personal Loan Offer,0.8632457132331284
C02976,3,Personal Loan Offer,1.010280613889618
C02977,0,No Offer,0.24338363690693954
C02978,0,No Offer,0.17849302944213497
C02979,0,No Offer,-0.171748786670471
C02980,3,Personal Loan Offer,0.42200764221378734
C02981,2,Credit Card Offer,0.7675110443382539
C02982,3,Personal Loan Offer,-0.025274783046110805
C02983,2,Credit Card Offer,0.4247243256788711
C02984,2,Credit Card Offer,0.552466284360479
C02985,1,Savings Offer,0.3816764365280455
C02986,4,Investment Offer,0.4206116340629942
C02987,2,Credit Card Offer,0.6748196157338033
C02988,3,Personal Loan Offer,0.20342673102147357
C02989,2,Credit Card Offer,0.37872785232296513
C02990,3,Personal Loan Offer,0.07209086713946372
C02991,0,No Offer,0.4588194819905679
C02992,2,Credit Card Offer,0.34104037429618406
C02993,2,Credit Card Offer,0.15143842055904927
C02994,0,No Offer,-0.2502832416337866
C02995,4,Investment Offer,0.8608834048249526
C02996,1,Savings Offer,0.5094400640240124
C02997,3,Personal Loan Offer,0.3254314788243866
C02998,1,Savings Offer,0.9645708211252579
C02999,3,Personal Loan Offer,0.8176948696883374
C03000,1,Savings Offer,0.6933804252280259
C03001,0,No Offer,-0.22710911621795288
C03002,4,Investment Offer,0.28012189689351374
C03003,2,Credit Card Offer,0.03642924862161376
C03004,3,Personal Loan Offer,0.7548967929061586
C03005,4,Investment Offer,0.06815427814731706
C03006,1,Savings Offer,0.4567664592891314
C03007,3,Personal Loan Offer,0.26840838723239474
C03008,0,No Offer,-0.10199350166638778
C03009,1,Savings Offer,0.34018731850954653
C03010,3,Personal Loan Offer,0.5312212004084285
C03011,1,Savings Offer,0.4597203327974996
C03012,4,Investment Offer,1.0755437368252436
C03013,0,No Offer,-0.2503407094029049
C03014,3,Personal Loan Offer,0.32381149139702037
C03015,0,No Offer,0.26511667578618936
C03016,1,Savings Offer,0.638058396405635
C03017,4,Investment Offer,0.8382565014584575
C03018,3,Personal Loan Offer,0.6721948418453649
C03019,1,Savings Offer,0.46846475015227007
C03020,4,Investment Offer,1.4247283026332387
C03021,4,Investment Offer,1.0896750771740928
C03022,1,Savings Offer,0.7864227110814317
C03023,3,Personal Loan Offer,0.2282933928545842
C03024,1,Savings Offer,0.20892553013048837
C03025,2,Credit Card Offer,0.41715848377243075
C03026,3,Personal Loan Offer,0.35384712228260495
C03027,3,Personal Loan Offer,0.02339851812859156
C03028,0,No Offer,0.2712441092885055
C03029,3,Personal Loan Offer,0.20808831518217183
C03030,3,Personal Loan Offer,0.25113193000297174
C03031,3,Personal Loan Offer,0.5404646407049358
C03032,2,Credit Card Offer,0.563155740150705
C03033,3,Personal Loan Offer,0.0006979954247678943
C03034,2,Credit Card Offer,-0.08506107323565754
C03035,3,Personal Loan Offer,0.6579730171582369
C03036,0,No Offer,0.24176939178814144
C03037,2,Credit Card Offer,0.6434379549811308
C03038,4,Investment Offer,0.18083999773199658
C03039,0,No Offer,0.06687192377293673
C03040,2,Credit Card Offer,0.5359865761243919
C03041,4,Investment Offer,0.5767173388569751
C03042,2,Credit Card Offer,0.6611547497142847
C03043,0,No Offer,0.20100811873872476
C03044,1,Savings Offer,0.8048394578256495
C03045,1,Savings Offer,0.3930628755049968
C03046,1,Savings Offer,0.9136651711405591
C03047,3,Personal Loan Offer,0.9357165831061978
C03048,3,Personal Loan Offer,0.2333544806504696
C03049,0,No Offer,0.3913591023736753
C03050,3,Personal Loan Offer,0.15246639469934392
C03051,2,Credit Card Offer,0.24809798826893054
C03052,1,Savings Offer,0.9909008518351137
C03053,4,Investment Offer,1.2566384828060904
C03054,0,No Offer,0.07208943431858733
C03055,4,Investment Offer,0.6187369840853272
C03056,4,Investment Offer,1.1245503365983645
C03057,2,Credit Card Offer,0.7339761039342291
C03058,3,Personal Loan Offer,0.024781921687735464
C03059,0,No Offer,-0.06663224367296357
C03060,0,No Offer,0.09811309117917055
C03061,4,Investment Offer,0.5078138923017401
C03062,4,Investment Offer,0.5137532541496621
C03063,4,Investment Offer,1.087591754527141
C03064,2,Credit Card Offer,0.7693867859487614
C03065,2,Credit Card Offer,0.7810823357179251
C03066,4,Investment Offer,1.2385591279437254
C03067,4,Investment Offer,0.04863519992918286
C03068,3,Personal Loan Offer,0.1634656939348202
C03069,3,Personal Loan Offer,0.1517436378094891
C03070,2,Credit Card Offer,-0.028176161574748226
C03071,3,Personal Loan Offer,-0.2250047904411028
C03072,4,Investment Offer,1.0482198209600773
C03073,0,No Offer,-0.14458331808858932
C03074,4,Investment Offer,0.7048926227835085
C03075,0,No Offer,0.25676898669369447
C03076,0,No Offer,-0.24860269662628337
C03077,3,Personal Loan Offer,0.7702950659329786
C03078,1,Savings Offer,0.4777823675430339
C03079,1,Savings Offer,0.7054133542626648
C03080,2,Credit Card Offer,0.030006022408411326
C03081,1,Savings Offer,0.6176610742147521
C03082,4,Investment Offer,0.5639625795587894
C03083,2,Credit Card Offer,0.5464533527679861
C03084,1,Savings Offer,0.4184124698132466
C03085,3,Personal Loan Offer,0.5424861571518392
C03086,3,Personal Loan Offer,0.41109235315131776
C03087,0,No Offer,-0.058521743853027414
C03088,3,Personal Loan Offer,0.6432254159074765
C03089,0,No Offer,-0.42404906445607815
C03090,0,No Offer,0.3350501526906757
C03091,4,Investment Offer,0.5853467593331988
C03092,2,Credit Card Offer,0.4782944008718009
C03093,1,Savings Offer,0.31825271568277397
C03094,0,No Offer,0.2870742394683752
C03095,1,Savings Offer,0.6904836411414017
C03096,0,No Offer,-0.0841644325245658
C03097,3,Personal Loan Offer,0.4288577960429566
C03098,2,Credit Card Offer,0.3312607327101761
C03099,1,Savings Offer,0.40331585537605286
C03100,1,Savings Offer,0.6184685772165788
C03101,0,No Offer,-0.2951801501511579
C03102,1,Savings Offer,0.6031357931919481
C03103,2,Credit Card Offer,0.6639646436740945
C03104,0,No Offer,0.08663282661918142
C03105,4,Investment Offer,0.39396372900418086
C03106,3,Personal Loan Offer,0.4481794568762527
C03107,3,Personal Loan Offer,0.33344562852420373
C03108,2,Credit Card Offer,0.6286008139090308
C03109,2,Credit Card Offer,0.09476475075509003
C03110,4,Investment Offer,0.38807805721577204
C03111,0,No Offer,0.011353986139868884
C03112,3,Personal Loan Offer,0.4378751797565582
C03113,2,Credit Card Offer,0.2501565702781111
C03114,0,No Offer,-0.33730569904616864
C03115,1,Savings Offer,0.6335514876279672
C03116,3,Personal Loan Offer,0.6203636902959682
C03117,0,No Offer,0.3527536307061537
C03118,0,No Offer,-0.18747934976978858
C03119,2,Credit Card Offer,0.10068118535271492
C03120,1,Savings Offer,0.4414636050548331
C03121,3,Personal Loan Offer,0.27341478170023814
C03122,4,Investment Offer,0.21239180268557883
C03123,0,No Offer,0.5114818941569717
C03124,3,Personal Loan Offer,0.42756481947466096
C03125,2,Credit Card Offer,0.476464353671103
C03126,2,Credit Card Offer,0.6932661591793945
C03127,3,Personal Loan Offer,-0.10575158836565107
C03128,0,No Offer,0.2386704538431036
C03129,3,Personal Loan Offer,0.35134241914019293
C03130,1,Savings Offer,0.8572044614873242
C03131,1,Savings Offer,0.7237396481414831
C03132,2,Credit Card Offer,0.3796309624715314
C03133,4,Investment Offer,0.5322263120654138
C03134,2,Credit Card Offer,0.45071674462223627
C03135,2,Credit Card Offer,0.08919556709268223
C03136,4,Investment Offer,0.07774970957187038
C03137,2,Credit Card Offer,0.5724693062676373
C03138,2,Credit Card Offer,0.5670158065381378
C03139,4,Investment Offer,0.7227976481956796
C03140,4,Investment Offer,0.6560322049788144
C03141,4,Investment Offer,0.18881316783444418
C03142,2,Credit Card Offer,1.1124495640547367
C03143,2,Credit Card Offer,0.21449572861587052
C03144,2,Credit Card Offer,0.4019499731350605
C03145,0,No Offer,0.298480893645491
C03146,4,Investment Offer,0.6757862252647219
C03147,2,Credit Card Offer,0.06328007784099743
C03148,0,No Offer,0.16534075795097852
C03149,1,Savings Offer,0.6518111507963951
C03150,3,Personal Loan Offer,-0.13318949137875458
C03151,2,Credit Card Offer,0.05435779703903451
C03152,1,Savings Offer,0.42699108446919376
C03153,0,No Offer,0.22902038174017542
C03154,1,Savings Offer,0.19966325482010824
C03155,4,Investment Offer,0.14320241031797748
C03156,0,No Offer,-0.007854563126338775
C03157,2,Credit Card Offer,0.4038554014787501
C03158,1,Savings Offer,0.3469489163617207
C03159,3,Personal Loan Offer,0.5821651985143164
C03160,0,No Offer,0.18597518432637716
C03161,1,Savings Offer,0.5446134751062244
C03162,1,Savings Offer,0.4631645630049627
C03163,1,Savings Offer,0.9127145586097297
C03164,2,Credit Card Offer,0.2989665410501864
C03165,0,No Offer,0.06691417555292824
C03166,2,Credit Card Offer,0.22059218055129215
C03167,3,Personal Loan Offer,-0.019826134995897776
C03168,3,Personal Loan Offer,0.49822969509541054
C03169,2,Credit Card Offer,0.27933917599917407
C03170,0,No Offer,0.12251842585007562
C03171,4,Investment Offer,0.8751005126711795
C03172,0,No Offer,0.1799579107059155
C03173,1,Savings Offer,0.3170385049551133
C03174,2,Credit Card Offer,0.32811004882438066
C03175,0,No Offer,0.43783508717854996
C03176,4,Investment Offer,0.8225026097333592
C03177,4,Investment Offer,0.9665079622184962
C03178,2,Credit Card Offer,0.27770222691406155
C03179,3,Personal Loan Offer,0.4848924613784316
C03180,1,Savings Offer,0.07551411953243381
C03181,0,No Offer,-0.1469086673850788
C03182,3,Personal Loan Offer,0.8208474920890145
C03183,3,Personal Loan Offer,0.7706427055640886
C03184,2,Credit Card Offer,1.0030615995665606
C03185,2,Credit Card Offer,0.15686674422385694
C03186,3,Personal Loan Offer,0.06629020023148521
C03187,2,Credit Card Offer,0.4167439196911853
C03188,2,Credit Card Offer,0.5242897844103487
C03189,2,Credit Card Offer,0.33557972295550736
C03190,4,Investment Offer,0.9124466423579358
C03191,3,Personal Loan Offer,0.38938754881834786
C03192,2,Credit Card Offer,0.5880261186413023
C03193,1,Savings Offer,0.8659168134841522
C03194,3,Personal Loan Offer,0.3114941067572497
C03195,2,Credit Card Offer,0.8453907914241312
C03196,4,Investment Offer,0.7780850535973755
C03197,4,Investment Offer,0.48037362055625704
C03198,4,Investment Offer,0.20829718180738563
C03199,4,Investment Offer,1.1243141358661137
C03200,4,Investment Offer,1.0062136234793164
C03201,4,Investment Offer,0.41706069316719546
C03202,0,No Offer,-0.23908597422729239
C03203,1,Savings Offer,0.30681391423872517
C03204,2,Credit Card Offer,0.3492735854107906
C03205,0,No Offer,0.03162818175682908
C03206,1,Savings Offer,0.859317541658369
C03207,4,Investment Offer,0.9243588019383515
C03208,1,Savings Offer,-0.3040908468824871
C03209,0,No Offer,-0.42759766364403085
C03210,2,Credit Card Offer,0.6612509305690797
C03211,2,Credit Card Offer,0.20821668246725683
C03212,2,Credit Card Offer,0.482719287800656
C03213,1,Savings Offer,0.8882979223914367
C03214,0,No Offer,-0.05144766524330442
C03215,4,Investment Offer,0.1813650083842706
C03216,4,Investment Offer,0.5655361487310607
C03217,1,Savings Offer,0.48041874960713254
C03218,2,Credit Card Offer,0.16869455357187188
C03219,3,Personal Loan Offer,0.33143316366765696
C03220,1,Savings Offer,0.193057998526168
C03221,2,Credit Card Offer,0.507981911670671
C03222,4,Investment Offer,0.6364064539191298
C03223,4,Investment Offer,0.004748158250948875
C03224,4,Investment Offer,0.021456464369235817
C03225,1,Savings Offer,0.6934516527136858
C03226,0,No Offer,0.13348720521791946
C03227,2,Credit Card Offer,1.0359284531377941
C03228,0,No Offer,-0.13463919828324022
C03229,4,Investment Offer,0.4403361892486833
C03230,0,No Offer,0.3198470860265851
C03231,4,Investment Offer,0.5940861202008298
C03232,2,Credit Card Offer,0.7204364580508662
C03233,3,Personal Loan Offer,0.8374794710534068
C03234,0,No Offer,0.4136306402501136
C03235,2,Credit Card Offer,0.35560807280022605
C03236,0,No Offer,-0.6312615103138461
C03237,2,Credit Card Offer,0.40739854482373306
C03238,0,No Offer,0.19186740349912046
C03239,4,Investment Offer,0.8720346198890718
C03240,1,Savings Offer,0.7435538375169193
C03241,0,No Offer,-0.04511912778911249
C03242,1,Savings Offer,0.5464026674993512
C03243,4,Investment Offer,0.5410780126301786
C03244,2,Credit Card Offer,0.15292608792756257
C03245,4,Investment Offer,-0.0052983045229646475
C03246,0,No Offer,-0.26923402940106217
C03247,0,No Offer,0.25602633795789453
C03248,1,Savings Offer,0.6370302020267873
C03249,3,Personal Loan Offer,0.06935844050590245
C03250,2,Credit Card Offer,0.5169786949594872
C03251,0,No Offer,-0.24418894042936773
C03252,3,Personal Loan Offer,0.3721986981046542
C03253,2,Credit Card Offer,0.0864527348174611
C03254,2,Credit Card Offer,0.50751276893793
C03255,1,Savings Offer,0.3364481733938084
C03256,1,Savings Offer,0.7490677513978128
C03257,2,Credit Card Offer,0.29702226541113586
C03258,2,Credit Card Offer,1.0156101179793746
C03259,2,Credit Card Offer,-0.03154022142195867
C03260,2,Credit Card Offer,0.18951064888344007
C03261,4,Investment Offer,0.0004546309147618055
C03262,4,Investment Offer,0.7145834482078948
C03263,4,Investment Offer,0.4010803969262824
C03264,2,Credit Card Offer,0.6623173364301963
C03265,2,Credit Card Offer,0.4323481816640643
C03266,3,Personal Loan Offer,0.03192140181575609
C03267,3,Personal Loan Offer,0.12930584322693917
C03268,2,Credit Card Offer,0.29846219978502253
C03269,2,Credit Card Offer,0.42315100210578926
C03270,4,Investment Offer,0.9445326006016574
C03271,1,Savings Offer,0.36621306713149593
C03272,3,Personal Loan Offer,-0.1543904309772396
C03273,2,Credit Card Offer,0.5247076111863904
C03274,0,No Offer,-0.5176949486260244
C03275,1,Savings Offer,0.3824520469907248
C03276,4,Investment Offer,0.4191686369750572
C03277,2,Credit Card Offer,-0.19438309925878827
C03278,0,No Offer,-0.12852379858155238
C03279,1,Savings Offer,0.7170469867776968
C03280,0,No Offer,0.6100628861828766
C03281,1,Savings Offer,0.6169860487004297
C03282,0,No Offer,0.737097073698288
C03283,1,Savings Offer,0.494049764005822
C03284,0,No Offer,-0.2593378743763841
C03285,4,Investment Offer,0.5577559137785876
C03286,1,Savings Offer,0.7131428237950138
C03287,4,Investment Offer,0.7313345805037835
C03288,0,No Offer,-0.05857841947585514
C03289,0,No Offer,0.4893368688025747
C03290,4,Investment Offer,1.0102334939782458
C03291,3,Personal Loan Offer,0.47763417774718364
C03292,0,No Offer,-0.1521911068568506
C03293,2,Credit Card Offer,0.4900087245742051
C03294,1,Savings Offer,0.9137606423926303
C03295,3,Personal Loan Offer,0.8521004246706769
C03296,2,Credit Card Offer,0.4876749304793911
C03297,0,No Offer,0.5148629379217631
C03298,3,Personal Loan Offer,0.5258266111603661
C03299,3,Personal Loan Offer,0.9737981566034843
C03300,0,No Offer,0.17833262138706646
C03301,0,No Offer,0.1116479738772515
C03302,2,Credit Card Offer,0.7768872061754709
C03303,2,Credit Card Offer,0.3092790662424432
C03304,3,Personal Loan Offer,0.5886523891656268
C03305,4,Investment Offer,0.7583717738290833
C03306,4,Investment Offer,0.38404939840037283
C03307,0,No Offer,0.15047539166816343
C03308,3,Personal Loan Offer,0.2812885333932551
C03309,1,Savings Offer,0.15146039438867376
C03310,1,Savings Offer,0.6015059080390687
C03311,3,Personal Loan Offer,0.710032663424483
C03312,4,Investment Offer,0.6035471924697134
C03313,3,Personal Loan Offer,0.12137771939663439
C03314,0,No Offer,-0.46266819961221567
C03315,4,Investment Offer,0.2081426566635801
C03316,3,Personal Loan Offer,0.5917644654209249
C03317,0,No Offer,0.47452910607706256
C03318,0,No Offer,-0.23792446585456278
C03319,0,No Offer,-0.22307235491188498
C03320,0,No Offer,0.7001857971569639
C03321,2,Credit Card Offer,0.5125131382389421
C03322,3,Personal Loan Offer,0.41264435657971027
C03323,0,No Offer,0.17942996614575568
C03324,3,Personal Loan Offer,1.0797932346663133
C03325,3,Personal Loan Offer,0.43061371831973216
C03326,4,Investment Offer,0.9398307344945874
C03327,2,Credit Card Offer,0.4705974067302442
C03328,3,Personal Loan Offer,0.36652827383795245
C03329,2,Credit Card Offer,0.2754691230569409
C03330,2,Credit Card Offer,0.12168009090667037
C03331,0,No Offer,0.0441001062127429
C03332,3,Personal Loan Offer,0.11185448222344946
C03333,3,Personal Loan Offer,-0.13256947838129707
C03334,2,Credit Card Offer,0.6114750169487013
C03335,3,Personal Loan Offer,0.6953271593643693
C03336,2,Credit Card Offer,0.676090260111679
C03337,4,Investment Offer,0.678372075908124
C03338,3,Personal Loan Offer,0.8083965215782137
C03339,1,Savings Offer,0.6211074336743341
C03340,1,Savings Offer,0.5369200416800648
C03341,4,Investment Offer,0.5571563419864505
C03342,3,Personal Loan Offer,0.43676342793961775
C03343,4,Investment Offer,0.004548611808246034
C03344,1,Savings Offer,0.7047914141165965
C03345,3,Personal Loan Offer,0.5889974971120764
C03346,1,Savings Offer,0.6510967262529406
C03347,0,No Offer,0.00503145217677891
C03348,4,Investment Offer,0.16624838410538711
C03349,2,Credit Card Offer,0.041513843756313173
C03350,3,Personal Loan Offer,0.7436853395403711
C03351,3,Personal Loan Offer,0.42848524348284844
C03352,3,Personal Loan Offer,0.3154618436874703
C03353,4,Investment Offer,0.40371699361878266
C03354,4,Investment Offer,0.8129598119184279
C03355,3,Personal Loan Offer,0.7622027502037503
C03356,2,Credit Card Offer,0.8279920169228165
C03357,3,Personal Loan Offer,0.29874441206497127
C03358,3,Personal Loan Offer,1.1013280120257745
C03359,0,No Offer,-0.1445778613887992
C03360,4,Investment Offer,0.714000063353688
C03361,0,No Offer,0.004591086568352311
C03362,2,Credit Card Offer,0.4274585150633386
C03363,3,Personal Loan Offer,0.1641193559762976
C03364,4,Investment Offer,0.22715651019239086
C03365,0,No Offer,0.2622881727899
C03366,2,Credit Card Offer,0.6960793054369259
C03367,2,Credit Card Offer,-0.002596672706976555
C03368,0,No Offer,0.07115492870814669
C03369,4,Investment Offer,0.5365767663986841
C03370,0,No Offer,0.21335073344510241
C03371,0,No Offer,0.026902975049773226
C03372,1,Savings Offer,0.5850224110964785
C03373,4,Investment Offer,1.2856578643669334
C03374,4,Investment Offer,0.4606444840199794
C03375,0,No Offer,0.18259066089417297
C03376,0,No Offer,0.3224303025151488
C03377,4,Investment Offer,-0.009628157222648037
C03378,1,Savings Offer,0.6394389512664763
C03379,3,Personal Loan Offer,0.18249513734605752
C03380,1,Savings Offer,0.28608901529299474
C03381,0,No Offer,0.2558294879437535
C03382,0,No Offer,0.5874393369358075
C03383,3,Personal Loan Offer,0.5277295747559874
C03384,1,Savings Offer,1.2439458845812557
C03385,1,Savings Offer,0.19368221958288778
C03386,2,Credit Card Offer,0.26802749693286143
C03387,4,Investment Offer,0.9415245480403642
C03388,4,Investment Offer,0.5771362588955239
C03389,1,Savings Offer,0.774262213863868
C03390,2,Credit Card Offer,-0.39772810387727836
C03391,0,No Offer,0.26673586297296864
C03392,3,Personal Loan Offer,0.08833686586292935
C03393,0,No Offer,-0.16557338895613155
C03394,4,Investment Offer,-0.22402447106218293
C03395,1,Savings Offer,0.5928990639382421
C03396,2,Credit Card Offer,0.2573658006767224
C03397,2,Credit Card Offer,0.3436417951638409
C03398,1,Savings Offer,0.5730044370383627
C03399,1,Savings Offer,0.5017609870055982
C03400,2,Credit Card Offer,0.7396401714639711
C03401,1,Savings Offer,0.5342579427237392
C03402,2,Credit Card Offer,0.7714068644570176
C03403,0,No Offer,0.46926354852662805
C03404,3,Personal Loan Offer,0.5583775818248387
C03405,0,No Offer,0.28820772272832834
C03406,4,Investment Offer,0.5037601559093744
C03407,3,Personal Loan Offer,0.511878433812618
C03408,4,Investment Offer,-0.015937284736713103
C03409,2,Credit Card Offer,0.8369764535151882
C03410,3,Personal Loan Offer,0.25782677343460497
C03411,1,Savings Offer,1.087879362587238
C03412,4,Investment Offer,0.5876826344366133
C03413,3,Personal Loan Offer,0.5162502523988932
C03414,0,No Offer,-0.15007943217522735
C03415,3,Personal Loan Offer,0.5094300106094514
C03416,4,Investment Offer,0.6141099098664589
C03417,1,Savings Offer,0.6003413942892074
C03418,0,No Offer,-0.21422174525037302
C03419,3,Personal Loan Offer,0.39850823189048845
C03420,2,Credit Card Offer,0.6502619189749165
C03421,2,Credit Card Offer,0.1193770728279166
C03422,3,Personal Loan Offer,0.276705099486596
C03423,1,Savings Offer,0.5311715549478294
C03424,2,Credit Card Offer,0.6016780511084329
C03425,1,Savings Offer,0.6856472883339904
C03426,0,No Offer,-0.32433805355058737
C03427,0,No Offer,0.15358699986983304
C03428,4,Investment Offer,1.20798416431212
C03429,4,Investment Offer,1.3451324669948261
C03430,4,Investment Offer,1.2758055306212701
C03431,4,Investment Offer,0.02473215036007581
C03432,1,Savings Offer,0.6069313113471264
C03433,1,Savings Offer,0.4320394209079986
C03434,1,Savings Offer,0.9458111570202756
C03435,3,Personal Loan Offer,0.766135588514122
C03436,2,Credit Card Offer,0.7141793036333841
C03437,3,Personal Loan Offer,0.630106846000105
C03438,4,Investment Offer,1.072721318282941
C03439,0,No Offer,0.03104124582904243
C03440,4,Investment Offer,0.747019933185657
C03441,1,Savings Offer,-0.04217977746329371
C03442,4,Investment Offer,0.7455583450743714
C03443,4,Investment Offer,0.30846786501183526
C03444,3,Personal Loan Offer,0.8372143835833861
C03445,2,Credit Card Offer,1.1355759120614752
C03446,0,No Offer,-0.09327495788479832
C03447,4,Investment Offer,0.5355909064123532
C03448,2,Credit Card Offer,0.654687764424408
C03449,0,No Offer,-0.09859872406468016
C03450,4,Investment Offer,0.34200432446827655
C03451,4,Investment Offer,0.2313995299211179
C03452,4,Investment Offer,1.1545550444666732
C03453,3,Personal Loan Offer,0.4292738392775469
C03454,4,Investment Offer,0.6632304305801562
C03455,0,No Offer,-0.02381401569725701
C03456,2,Credit Card Offer,0.84462431530353
C03457,1,Savings Offer,1.6116273764955527
C03458,2,Credit Card Offer,0.22771133316868186
C03459,4,Investment Offer,0.6485651419834312
C03460,1,Savings Offer,0.6680622084836241
C03461,1,Savings Offer,0.09840477753097643
C03462,0,No Offer,0.06353318730349437
C03463,2,Credit Card Offer,0.18927228907124172
C03464,2,Credit Card Offer,0.32135742646081544
C03465,0,No Offer,0.14870571453707943
C03466,3,Personal Loan Offer,0.7513620060926351
C03467,0,No Offer,-0.2744883360044608
C03468,4,Investment Offer,1.2654802659260407
C03469,4,Investment Offer,0.8741502446187728
C03470,0,No Offer,0.0638371214866084
C03471,2,Credit Card Offer,0.9108312070014974
C03472,4,Investment Offer,1.2300369521042565
C03473,3,Personal Loan Offer,0.05183337036405433
C03474,1,Savings Offer,0.6790634291002622
C03475,2,Credit Card Offer,0.5338545126925229
C03476,1,Savings Offer,0.36983351710737983
C03477,3,Personal Loan Offer,0.5866894855126965
C03478,1,Savings Offer,0.07830704098675095
C03479,3,Personal Loan Offer,0.921433053749555
C03480,4,Investment Offer,0.8327439512345816
C03481,3,Personal Loan Offer,0.9108022121582451
C03482,1,Savings Offer,0.0950664840376163
C03483,2,Credit Card Offer,0.8346173108804283
C03484,3,Personal Loan Offer,0.32438317079823376
C03485,4,Investment Offer,0.3575826517752934
C03486,1,Savings Offer,0.41997415394691473
C03487,0,No Offer,0.011125478338032672
C03488,2,Credit Card Offer,-0.011085561908881825
C03489,1,Savings Offer,0.4109261270602266
C03490,2,Credit Card Offer,0.6280609325390603
C03491,1,Savings Offer,0.4932057882408199
C03492,1,Savings Offer,0.3777752978333968
C03493,3,Personal Loan Offer,0.8858026413618075
C03494,0,No Offer,0.14248684154915675
C03495,0,No Offer,0.05319510875743403
C03496,1,Savings Offer,0.33205870557332223
C03497,3,Personal Loan Offer,0.7603218861354202
C03498,2,Credit Card Offer,0.39441579203578747
C03499,3,Personal Loan Offer,0.7865927338701294
C03500,3,Personal Loan Offer,0.9698012775918996
C03501,1,Savings Offer,0.5859979416863742
C03502,2,Credit Card Offer,0.3600119849619736
C03503,4,Investment Offer,0.17859646893268466
C03504,2,Credit Card Offer,0.8047440981569518
C03505,4,Investment Offer,0.5724289601994813
C03506,0,No Offer,0.03058436511378205
C03507,3,Personal Loan Offer,0.1715895789854534
C03508,1,Savings Offer,0.5609312584197401
C03509,4,Investment Offer,-0.09511287784902378
C03510,4,Investment Offer,0.384803560596923
C03511,3,Personal Loan Offer,0.9174492860244986
C03512,4,Investment Offer,0.9266853088226943
C03513,1,Savings Offer,0.707903152565017
C03514,1,Savings Offer,0.03327482728605491
C03515,0,No Offer,-0.2766232342246492
C03516,4,Investment Offer,0.691499514294612
C03517,0,No Offer,0.23895271520256334
C03518,3,Personal Loan Offer,0.43829545769627887
C03519,4,Investment Offer,0.7565748041181868
C03520,4,Investment Offer,0.38892116081608774
C03521,0,No Offer,-0.10370533187026539
C03522,0,No Offer,0.2355929420111207
C03523,4,Investment Offer,1.007489134869008
C03524,2,Credit Card Offer,0.5013461121443237
C03525,3,Personal Loan Offer,0.28228288256642897
C03526,3,Personal Loan Offer,0.8813149263357224
C03527,4,Investment Offer,-0.18538405211441183
C03528,1,Savings Offer,0.8963329635948953
C03529,2,Credit Card Offer,0.5196002553685402
C03530,0,No Offer,-0.011687276273048323
C03531,1,Savings Offer,0.7456424247790292
C03532,0,No Offer,0.06414986249179408
C03533,0,No Offer,0.047614043194446946
C03534,1,Savings Offer,0.3837439069082068
C03535,3,Personal Loan Offer,0.8134244333021023
C03536,1,Savings Offer,0.7374301640182257
C03537,4,Investment Offer,0.7214440569844948
C03538,4,Investment Offer,0.6785974026521081
C03539,0,No Offer,0.41934653238383635
C03540,0,No Offer,-0.07272051646232404
C03541,3,Personal Loan Offer,1.1787792226264624
C03542,2,Credit Card Offer,0.5085397005952319
C03543,4,Investment Offer,0.8630278845217871
C03544,1,Savings Offer,0.25587477603054937
C03545,1,Savings Offer,0.7050687988317541
C03546,1,Savings Offer,0.4611189251685903
C03547,4,Investment Offer,0.9046495765481919
C03548,0,No Offer,-0.2913148641927358
C03549,3,Personal Loan Offer,0.09291548989230272
C03550,2,Credit Card Offer,0.8845108275235976
C03551,0,No Offer,-0.05164879388104067
C03552,0,No Offer,-0.17616067871188196
C03553,4,Investment Offer,0.9851695580514214
C03554,1,Savings Offer,0.7164416838083746
C03555,4,Investment Offer,0.6714794238886399
C03556,3,Personal Loan Offer,0.6040543160301879
C03557,2,Credit Card Offer,0.21693091425859518
C03558,1,Savings Offer,0.48169936721142853
C03559,4,Investment Offer,1.0687110961351642
C03560,3,Personal Loan Offer,0.5239097612516045
C03561,2,Credit Card Offer,0.2783031874435823
C03562,4,Investment Offer,0.8803677937368826
C03563,0,No Offer,-0.10196776517864477
C03564,4,Investment Offer,0.16214971354190502
C03565,3,Personal Loan Offer,0.47178722554390223
C03566,1,Savings Offer,0.4944648631057498
C03567,0,No Offer,0.29101403258901426
C03568,4,Investment Offer,0.6184965483785988
C03569,2,Credit Card Offer,0.43428426549795973
C03570,3,Personal Loan Offer,0.362525898191584
C03571,1,Savings Offer,0.6987774300306859
C03572,2,Credit Card Offer,0.4286246078991883
C03573,0,No Offer,-0.1693310487835603
C03574,3,Personal Loan Offer,0.49653211888196214
C03575,4,Investment Offer,1.1664954135590337
C03576,2,Credit Card Offer,0.4330314090184228
C03577,1,Savings Offer,1.0016792474724663
C03578,1,Savings Offer,0.4409643463657687
C03579,4,Investment Offer,0.5513328248104045
C03580,3,Personal Loan Offer,0.011755908215662553
C03581,4,Investment Offer,0.6713669233653695
C03582,0,No Offer,0.14290962237172988
C03583,0,No Offer,-0.14692583923656716
C03584,0,No Offer,-0.44636636647888006
C03585,1,Savings Offer,0.5613616107617279
C03586,1,Savings Offer,0.9053397515647758
C03587,2,Credit Card Offer,-0.08465693519369827
C03588,0,No Offer,-0.13777529375502012
C03589,1,Savings Offer,0.4206634118729931
C03590,4,Investment Offer,0.06861951126607041
C03591,3,Personal Loan Offer,0.8422857371493515
C03592,2,Credit Card Offer,0.5475497453799753
C03593,4,Investment Offer,1.3877949252232455
C03594,4,Investment Offer,0.6854403800244988
C03595,1,Savings Offer,0.8990816280154219
C03596,3,Personal Loan Offer,0.3545158930170247
C03597,2,Credit Card Offer,0.4005191474338262
C03598,0,No Offer,0.2530468619745757
C03599,1,Savings Offer,0.11491907361585141
C03600,4,Investment Offer,0.43222636615127896
C03601,0,No Offer,-0.26037710247431095
C03602,0,No Offer,0.43776444368782097
C03603,3,Personal Loan Offer,0.8423955220797286
C03604,0,No Offer,-0.17250359462386522
C03605,0,No Offer,0.10677066507914021
C03606,0,No Offer,0.2699203932497466
C03607,3,Personal Loan Offer,0.576270848318118
C03608,0,No Offer,0.18854940312744878
C03609,3,Personal Loan Offer,0.4231786911068477
C03610,2,Credit Card Offer,0.2880252423144149
C03611,0,No Offer,0.22349444417520276
C03612,4,Investment Offer,0.9443896369518057
C03613,3,Personal Loan Offer,0.30235877042416187
C03614,3,Personal Loan Offer,0.39321992467050076
C03615,3,Personal Loan Offer,0.4294229257397434
C03616,4,Investment Offer,0.9400136205368868
C03617,0,No Offer,0.4069484159700394
C03618,4,Investment Offer,0.4067315020420423
C03619,0,No Offer,-0.02227292763428783
C03620,3,Personal Loan Offer,1.0753981434494215
C03621,3,Personal Loan Offer,0.46775995816860294
C03622,4,Investment Offer,0.2791570118033977
C03623,1,Savings Offer,0.5097885861195831
C03624,1,Savings Offer,0.2646691773044809
C03625,0,No Offer,0.04730644995003408
C03626,3,Personal Loan Offer,0.6187514362455844
C03627,1,Savings Offer,0.9089397500523653
C03628,1,Savings Offer,0.2524037578117413
C03629,1,Savings Offer,0.5642596469441219
C03630,1,Savings Offer,0.46099928953522096
C03631,3,Personal Loan Offer,0.8144786013842009
C03632,0,No Offer,-0.19473816567497854
C03633,4,Investment Offer,0.34094834292237935
C03634,1,Savings Offer,1.015419665252688
C03635,4,Investment Offer,0.8340819148288781
C03636,2,Credit Card Offer,0.23525921320971988
C03637,3,Personal Loan Offer,0.5694981049896075
C03638,3,Personal Loan Offer,0.4315690103741191
C03639,1,Savings Offer,0.49975456327802215
C03640,0,No Offer,-0.30266377538449274
C03641,0,No Offer,0.36566324639943765
C03642,3,Personal Loan Offer,0.4660121336708509
C03643,3,Personal Loan Offer,1.4706045255562459
C03644,2,Credit Card Offer,0.23666167376983543
C03645,4,Investment Offer,-0.17262874924253624
C03646,0,No Offer,-0.05090882790231904
C03647,1,Savings Offer,0.2156297044451186
C03648,0,No Offer,-0.3319577982890065
C03649,3,Personal Loan Offer,0.2373025605521949
C03650,1,Savings Offer,0.7036615165063291
C03651,0,No Offer,-0.20178096615058866
C03652,0,No Offer,0.004094174224444566
C03653,4,Investment Offer,0.4399182649808221
C03654,2,Credit Card Offer,0.2847887933205413
C03655,4,Investment Offer,0.5502741322327507
C03656,4,Investment Offer,0.27724651550993384
C03657,0,No Offer,0.08498753877254422
C03658,4,Investment Offer,0.8433269635138125
C03659,3,Personal Loan Offer,0.9482892278080693
C03660,0,No Offer,0.17538444788801016
C03661,1,Savings Offer,0.08880731155932656
C03662,0,No Offer,-0.10914421661006903
C03663,1,Savings Offer,0.231288256251255
C03664,3,Personal Loan Offer,0.7313121185168752
C03665,3,Personal Loan Offer,0.14403716756584262
C03666,2,Credit Card Offer,0.5799484149979117
C03667,1,Savings Offer,0.3757852972490358
C03668,4,Investment Offer,1.0830561756512582
C03669,2,Credit Card Offer,0.5069898843158553
C03670,4,Investment Offer,0.39128497441614946
C03671,3,Personal Loan Offer,0.049808743778123776
C03672,4,Investment Offer,0.3695357122171917
C03673,1,Savings Offer,0.625378955189518
C03674,0,No Offer,-0.017467822601645575
C03675,0,No Offer,0.49318565626468597
C03676,3,Personal Loan Offer,0.5457049628007176
C03677,4,Investment Offer,0.4346443518566414
C03678,4,Investment Offer,0.7300262913387526
C03679,2,Credit Card Offer,0.47024690347136705
C03680,4,Investment Offer,0.770159579092447
C03681,2,Credit Card Offer,0.4013197200232989
C03682,2,Credit Card Offer,0.6951651737380761
C03683,3,Personal Loan Offer,0.5956897556110368
C03684,2,Credit Card Offer,0.5875017361234856
C03685,4,Investment Offer,-0.26114154296381153
C03686,3,Personal Loan Offer,0.13496559039266087
C03687,1,Savings Offer,0.24143090810593232
C03688,1,Savings Offer,0.47586857684339406
C03689,4,Investment Offer,0.6814923970827753
C03690,1,Savings Offer,0.36503179809644
C03691,2,Credit Card Offer,0.3699703254170059
C03692,2,Credit Card Offer,0.5459434447806295
C03693,0,No Offer,0.0014423901626870253
C03694,0,No Offer,0.3192435956062517
C03695,0,No Offer,0.21412762924225875
C03696,2,Credit Card Offer,0.7138183181971209
C03697,4,Investment Offer,-0.06225532808112419
C03698,2,Credit Card Offer,0.28334725014032885
C03699,0,No Offer,0.16076311010034822
C03700,0,No Offer,0.07896898734197352
C03701,0,No Offer,-0.27391150266752257
C03702,0,No Offer,-0.010062708495792307
C03703,1,Savings Offer,0.7223122025509737
C03704,1,Savings Offer,0.488654861860071
C03705,1,Savings Offer,0.3594227665692144
C03706,2,Credit Card Offer,1.1857508414290647
C03707,2,Credit Card Offer,0.48544128528833874
C03708,0,No Offer,0.11372376891845917
C03709,4,Investment Offer,0.9246219234911279
C03710,2,Credit Card Offer,0.4248622403984699
C03711,1,Savings Offer,0.5512283976267497
C03712,2,Credit Card Offer,0.40985239209368535
C03713,4,Investment Offer,0.6350820600493788
C03714,1,Savings Offer,0.09661366154261891
C03715,1,Savings Offer,0.35258701797032616
C03716,1,Savings Offer,0.31334984421916157
C03717,1,Savings Offer,0.6889951252976634
C03718,4,Investment Offer,0.6792020319414963
C03719,3,Personal Loan Offer,1.0130383057977748
C03720,3,Personal Loan Offer,0.3213714151885354
C03721,1,Savings Offer,0.6113012417353721
C03722,3,Personal Loan Offer,0.3326494289693913
C03723,3,Personal Loan Offer,0.6122166252282637
C03724,1,Savings Offer,0.31252574193104077
C03725,3,Personal Loan Offer,0.49501630285316633
C03726,2,Credit Card Offer,0.14054342841274237
C03727,1,Savings Offer,0.10037263592480905
C03728,2,Credit Card Offer,0.14999856091619296
C03729,1,Savings Offer,0.3570569613619353
C03730,4,Investment Offer,0.8418716407024083
C03731,0,No Offer,-0.04265376353099801
C03732,0,No Offer,-0.17148634686019876
C03733,2,Credit Card Offer,0.1769054680728256
C03734,4,Investment Offer,1.4394142200545983
C03735,2,Credit Card Offer,0.6307452859696854
C03736,2,Credit Card Offer,0.770969271401062
C03737,2,Credit Card Offer,0.3280083133779977
C03738,0,No Offer,0.5137396676641438
C03739,4,Investment Offer,0.6461833279318046
C03740,3,Personal Loan Offer,0.5194423434460361
C03741,3,Personal Loan Offer,-0.1423218494811725
C03742,0,No Offer,0.16577818856614368
C03743,4,Investment Offer,0.447444678403739
C03744,0,No Offer,0.16400049629741575
C03745,2,Credit Card Offer,0.14068882811460195
C03746,0,No Offer,-0.1166306652197074
C03747,0,No Offer,0.4522204137951613
C03748,2,Credit Card Offer,0.6959989074138507
C03749,1,Savings Offer,0.12295090159003533
C03750,1,Savings Offer,0.464431902605956
C03751,3,Personal Loan Offer,-0.18958622116226626
C03752,4,Investment Offer,0.7218004245758773
C03753,4,Investment Offer,0.4823664750096062
C03754,1,Savings Offer,0.3518430081095669
C03755,1,Savings Offer,0.3664595993180424
C03756,1,Savings Offer,0.0014733084386183704
C03757,3,Personal Loan Offer,0.3761265008484005
C03758,2,Credit Card Offer,0.6592951827317814
C03759,2,Credit Card Offer,0.5348738903424242
C03760,3,Personal Loan Offer,0.030071902640755044
C03761,4,Investment Offer,1.0179373557755476
C03762,2,Credit Card Offer,0.669370348841601
C03763,1,Savings Offer,0.4135381198701659
C03764,4,Investment Offer,0.40679508672852704
C03765,3,Personal Loan Offer,0.05756339513073898
C03766,0,No Offer,-0.20650231226321508
C03767,1,Savings Offer,1.0369699467187652
C03768,3,Personal Loan Offer,0.5572617761296572
C03769,1,Savings Offer,0.41659756389043523
C03770,1,Savings Offer,0.4056834228375397
C03771,0,No Offer,0.054627571473316205
C03772,2,Credit Card Offer,0.9154520069166954
C03773,2,Credit Card Offer,-0.2301025086488908
C03774,2,Credit Card Offer,0.6764202681905606
C03775,2,Credit Card Offer,0.31093254130388415
C03776,4,Investment Offer,0.4421745991588365
C03777,4,Investment Offer,0.3660235219183884
C03778,1,Savings Offer,0.6516114081051024
C03779,0,No Offer,-0.017658001218581118
C03780,1,Savings Offer,0.1897835062475574
C03781,1,Savings Offer,0.35565170454945144
C03782,1,Savings Offer,0.16187157715684303
C03783,3,Personal Loan Offer,1.008583936852651
C03784,4,Investment Offer,0.07612873961801994
C03785,4,Investment Offer,0.9528920344827884
C03786,0,No Offer,-0.09699420500883975
C03787,2,Credit Card Offer,0.11483237893007947
C03788,1,Savings Offer,0.5789383395282369
C03789,4,Investment Offer,0.5779311810215415
C03790,0,No Offer,-0.00905192026869825
C03791,1,Savings Offer,1.0682943446197646
C03792,1,Savings Offer,0.3312464531882423
C03793,2,Credit Card Offer,-0.12523263033091342
C03794,1,Savings Offer,0.44722221070824264
C03795,2,Credit Card Offer,0.7206240736520821
C03796,4,Investment Offer,0.8179735423413053
C03797,0,No Offer,0.41642426411252376
C03798,1,Savings Offer,0.5617355331731266
C03799,2,Credit Card Offer,0.8045217003842857
C03800,0,No Offer,0.09730439484427517
C03801,0,No Offer,0.30824439286743777
C03802,2,Credit Card Offer,0.5223286634160091
C03803,2,Credit Card Offer,0.8584903712944982
C03804,1,Savings Offer,0.7049364228529709
C03805,1,Savings Offer,0.5638103739120425
C03806,3,Personal Loan Offer,0.40513791726852505
C03807,4,Investment Offer,0.05328591548010625
C03808,3,Personal Loan Offer,0.6637311968550375
C03809,2,Credit Card Offer,0.33518933475423895
C03810,4,Investment Offer,0.7322324836201011
C03811,4,Investment Offer,0.6083748172886758
C03812,2,Credit Card Offer,-0.3365657818201965
C03813,3,Personal Loan Offer,0.7456262181408811
C03814,0,No Offer,0.179202833715909
C03815,3,Personal Loan Offer,0.43465270696350655
C03816,3,Personal Loan Offer,0.2873827140581026
C03817,0,No Offer,-0.12434916892169896
C03818,4,Investment Offer,0.37837116498545964
C03819,3,Personal Loan Offer,0.6874561372717459
C03820,3,Personal Loan Offer,0.37839218615746983
C03821,3,Personal Loan Offer,0.48507372189630343
C03822,4,Investment Offer,0.20501308863866513
C03823,0,No Offer,-0.2774691543849748
C03824,4,Investment Offer,1.0310580356475159
C03825,0,No Offer,0.44816856032487296
C03826,0,No Offer,0.1810754626279656
C03827,4,Investment Offer,0.9816862538384554
C03828,2,Credit Card Offer,0.6285630786543783
C03829,3,Personal Loan Offer,0.8236969869067282
C03830,3,Personal Loan Offer,0.7066383304842366
C03831,0,No Offer,-0.16624348796627503
C03832,1,Savings Offer,0.6976121373674289
C03833,3,Personal Loan Offer,0.7256851161634907
C03834,3,Personal Loan Offer,0.7299223192659936
C03835,3,Personal Loan Offer,0.09241926109437643
C03836,2,Credit Card Offer,0.3992020223784407
C03837,1,Savings Offer,0.4251502910951088
C03838,1,Savings Offer,0.4180057264715066
C03839,3,Personal Loan Offer,0.6394359767443709
C03840,0,No Offer,0.050983542056922834
C03841,2,Credit Card Offer,0.3179595201719321
C03842,1,Savings Offer,0.44721563959677346
C03843,0,No Offer,0.028399888135789184
C03844,4,Investment Offer,0.7574921227664988
C03845,1,Savings Offer,0.40429859863907597
C03846,0,No Offer,0.012771518602549374
C03847,0,No Offer,-0.026845612990401668
C03848,3,Personal Loan Offer,0.4899703107941669
C03849,4,Investment Offer,0.5317978719758562
C03850,3,Personal Loan Offer,0.15679547033824753
C03851,4,Investment Offer,0.37347526456669583
C03852,3,Personal Loan Offer,0.4045048360909694
C03853,0,No Offer,-0.31633852174876026
C03854,3,Personal Loan Offer,0.8306960818741429
C03855,1,Savings Offer,0.7722066670639032
C03856,0,No Offer,-0.13438381930220789
C03857,3,Personal Loan Offer,0.5017634574788647
C03858,1,Savings Offer,0.6222608125737338
C03859,1,Savings Offer,0.330798114244229
C03860,2,Credit Card Offer,0.26384134233534023
C03861,4,Investment Offer,0.9524964552652893
C03862,1,Savings Offer,0.5889461675734763
C03863,2,Credit Card Offer,0.4533903733334893
C03864,3,Personal Loan Offer,0.21603872178344205
C03865,3,Personal Loan Offer,0.923522237471311
C03866,2,Credit Card Offer,0.6140458645702245
C03867,3,Personal Loan Offer,0.7605577406644716
C03868,4,Investment Offer,1.091311803068907
C03869,2,Credit Card Offer,0.33412635952753456
C03870,4,Investment Offer,1.051300710786559
C03871,2,Credit Card Offer,0.6226904170274234
C03872,3,Personal Loan Offer,0.3460140690567265
C03873,0,No Offer,0.4183242238885511
C03874,3,Personal Loan Offer,-0.01968512449334381
C03875,3,Personal Loan Offer,0.16151241639904335
C03876,3,Personal Loan Offer,-0.1444367016618503
C03877,0,No Offer,-0.2480959265729179
C03878,2,Credit Card Offer,0.9052964329073004
C03879,1,Savings Offer,0.45212639160859064
C03880,3,Personal Loan Offer,0.39792188991440425
C03881,3,Personal Loan Offer,0.9186518230804063
C03882,2,Credit Card Offer,0.41545052300986596
C03883,2,Credit Card Offer,0.3975272132350608
C03884,3,Personal Loan Offer,0.5077979263432185
C03885,2,Credit Card Offer,0.732853541040497
C03886,2,Credit Card Offer,0.752774659694589
C03887,0,No Offer,-0.061418970015640964
C03888,3,Personal Loan Offer,0.39325202112635144
C03889,1,Savings Offer,0.32333087696688656
C03890,4,Investment Offer,0.018197208809782955
C03891,4,Investment Offer,0.30173907078098167
C03892,3,Personal Loan Offer,0.6547547701579417
C03893,4,Investment Offer,0.6723480031977345
C03894,2,Credit Card Offer,0.35272736309997554
C03895,1,Savings Offer,0.8087523278017685
C03896,3,Personal Loan Offer,-0.0808726713896416
C03897,1,Savings Offer,0.5418173591048313
C03898,3,Personal Loan Offer,0.4052855899752945
C03899,4,Investment Offer,0.18433207380334943
C03900,0,No Offer,0.11947100827959271
C03901,2,Credit Card Offer,0.09161712060979671
C03902,0,No Offer,0.15220965448519652
C03903,0,No Offer,-0.07342250988820084
C03904,2,Credit Card Offer,0.5366282787641045
C03905,2,Credit Card Offer,0.16574148608987163
C03906,1,Savings Offer,0.5266300542995346
C03907,3,Personal Loan Offer,0.59018055230601
C03908,2,Credit Card Offer,1.3651465179391926
C03909,0,No Offer,-0.2683392189385409
C03910,4,Investment Offer,0.9777956778110088
C03911,0,No Offer,0.1321067563494673
C03912,1,Savings Offer,0.12568973432627933
C03913,4,Investment Offer,1.3225380473859318
C03914,4,Investment Offer,0.5710557591384852
C03915,2,Credit Card Offer,0.3419166029968883
C03916,4,Investment Offer,0.28808982458981236
C03917,1,Savings Offer,1.2336271999332449
C03918,2,Credit Card Offer,0.7166789018417642
C03919,3,Personal Loan Offer,0.7367348025389779
C03920,4,Investment Offer,0.8647891395845658
C03921,0,No Offer,0.16452135597996176
C03922,3,Personal Loan Offer,0.7310790708963248
C03923,3,Personal Loan Offer,0.08168919408823844
C03924,2,Credit Card Offer,0.4113632702104509
C03925,4,Investment Offer,0.5138320546083652
C03926,1,Savings Offer,0.17148674681545972
C03927,3,Personal Loan Offer,0.44778761990847504
C03928,0,No Offer,-0.3435964519064224
C03929,2,Credit Card Offer,0.5387630295432586
C03930,1,Savings Offer,0.2661825885771288
C03931,3,Personal Loan Offer,0.5070113463581193
C03932,2,Credit Card Offer,0.6235016628328517
C03933,1,Savings Offer,0.29491950673160716
C03934,3,Personal Loan Offer,0.08757578740607899
C03935,3,Personal Loan Offer,0.32708619888048013
C03936,2,Credit Card Offer,0.3783872683523632
C03937,3,Personal Loan Offer,0.5028574782509136
C03938,0,No Offer,0.18152014949897605
C03939,2,Credit Card Offer,0.46982713412524624
C03940,4,Investment Offer,0.3495830180274138
C03941,3,Personal Loan Offer,-0.09847306262809317
C03942,2,Credit Card Offer,1.0568293905448294
C03943,0,No Offer,0.3980260109142505
C03944,3,Personal Loan Offer,0.6321041346309234
C03945,3,Personal Loan Offer,0.3638479041835855
C03946,3,Personal Loan Offer,0.570107157834371
C03947,2,Credit Card Offer,0.6026744531062087
C03948,1,Savings Offer,0.5218554305024441
C03949,0,No Offer,0.09565003990716556
C03950,3,Personal Loan Offer,0.6630201629576334
C03951,0,No Offer,0.579423107502205
C03952,2,Credit Card Offer,0.6330018555985383
C03953,1,Savings Offer,0.2122174539676303
C03954,3,Personal Loan Offer,0.1880022417323596
C03955,1,Savings Offer,0.49782019840470454
C03956,3,Personal Loan Offer,0.1615104160717004
C03957,0,No Offer,0.07768071860108211
C03958,3,Personal Loan Offer,0.7475374197144237
C03959,4,Investment Offer,-0.019715231639638398
C03960,3,Personal Loan Offer,0.008653292709013327
C03961,2,Credit Card Offer,-0.12909183626966986
C03962,2,Credit Card Offer,0.8508512851193653
C03963,2,Credit Card Offer,0.06592406423353758
C03964,4,Investment Offer,0.6492933480180113
C03965,1,Savings Offer,0.7561841968650201
C03966,0,No Offer,0.1350671188480133
C03967,3,Personal Loan Offer,0.6049688291859102
C03968,2,Credit Card Offer,0.03171631399554342
C03969,3,Personal Loan Offer,0.7855859691608216
C03970,4,Investment Offer,0.7328883368634467
C03971,0,No Offer,-0.13233547439641802
C03972,4,Investment Offer,0.3380222211785461
C03973,4,Investment Offer,-0.21821062572644118
C03974,2,Credit Card Offer,0.32173264468421725
C03975,1,Savings Offer,0.35176704476460763
C03976,0,No Offer,0.18703378181361313
C03977,2,Credit Card Offer,0.25942383939900754
C03978,1,Savings Offer,0.7139907891742713
C03979,4,Investment Offer,0.4409373559015926
C03980,1,Savings Offer,0.877261203072748
C03981,0,No Offer,-0.14869505316630582
C03982,2,Credit Card Offer,0.7729793286816122
C03983,3,Personal Loan Offer,0.23960218806398836
C03984,1,Savings Offer,1.0603367763818272
C03985,1,Savings Offer,0.2467070092656348
C03986,0,No Offer,-0.09145631250672966
C03987,4,Investment Offer,1.0079860577597854
C03988,2,Credit Card Offer,0.22118821425190455
C03989,1,Savings Offer,0.5603382642198569
C03990,2,Credit Card Offer,0.3009157581805751
C03991,2,Credit Card Offer,0.48632775460609656
C03992,0,No Offer,0.04154494700543292
C03993,3,Personal Loan Offer,0.31843509978349505
C03994,3,Personal Loan Offer,0.6184412569831614
C03995,4,Investment Offer,0.8891893278416126
C03996,3,Personal Loan Offer,0.2349015170869328
C03997,2,Credit Card Offer,0.7807951365707098
C03998,4,Investment Offer,0.8471689036832458
C03999,0,No Offer,-0.07169530579985753
C04000,3,Personal Loan Offer,0.39603827488443494
C04001,1,Savings Offer,0.47678592136407444
C04002,2,Credit Card Offer,0.4640055894955227
C04003,4,Investment Offer,1.071953647112827
C04004,0,No Offer,-0.2644483190309805
C04005,2,Credit Card Offer,0.49216626730775603
C04006,0,No Offer,0.018841429518191278
C04007,0,No Offer,-0.32598699854247914
C04008,1,Savings Offer,0.4539793108887405
C04009,4,Investment Offer,0.512805870116647
C04010,2,Credit Card Offer,0.24867746353963122
C04011,4,Investment Offer,0.11544718100500428
C04012,4,Investment Offer,1.1215679493685065
C04013,1,Savings Offer,0.6769465050364756
C04014,2,Credit Card Offer,0.02612410814174737
C04015,4,Investment Offer,0.7675564950940348
C04016,3,Personal Loan Offer,0.707477292141554
C04017,4,Investment Offer,0.5639645368021465
C04018,4,Investment Offer,0.6171225277737121
C04019,3,Personal Loan Offer,0.6832477133152007
C04020,3,Personal Loan Offer,0.45943089230952955
C04021,2,Credit Card Offer,0.23334300312268452
C04022,3,Personal Loan Offer,0.28792092846127665
C04023,0,No Offer,0.07871386319427287
C04024,2,Credit Card Offer,0.6934466863044112
C04025,3,Personal Loan Offer,0.9822090920918438
C04026,3,Personal Loan Offer,0.7040765154798783
C04027,3,Personal Loan Offer,-0.19473429516220808
C04028,1,Savings Offer,0.47619584978246926
C04029,0,No Offer,-0.40650110259325717
C04030,3,Personal Loan Offer,0.9874028575527904
C04031,2,Credit Card Offer,1.048692219427495
C04032,0,No Offer,0.40361038492226486
C04033,1,Savings Offer,0.7533284130677348
C04034,1,Savings Offer,0.9826355486198086
C04035,4,Investment Offer,-0.03416502736269325
C04036,0,No Offer,-0.48883866975710616
C04037,0,No Offer,-0.19333146812331786
C04038,0,No Offer,0.15262323188078136
C04039,0,No Offer,-0.1449328977638225
C04040,2,Credit Card Offer,0.4248271905753276
C04041,4,Investment Offer,0.7815116799056016
C04042,0,No Offer,-0.13415316722603327
C04043,3,Personal Loan Offer,0.17606452154633503
C04044,1,Savings Offer,0.5412062280652798
C04045,1,Savings Offer,0.5751078415521096
C04046,3,Personal Loan Offer,0.5256098374893332
C04047,2,Credit Card Offer,0.4582760097134653
C04048,3,Personal Loan Offer,0.017255474868415846
C04049,4,Investment Offer,0.44439168779042054
C04050,1,Savings Offer,0.7226164272807462
C04051,0,No Offer,-0.13171321704503425
C04052,3,Personal Loan Offer,0.7433658945844803
C04053,4,Investment Offer,0.7465279770647107
C04054,4,Investment Offer,0.3277002050763749
C04055,0,No Offer,-0.09597054257475261
C04056,2,Credit Card Offer,0.4310707347452333
C04057,2,Credit Card Offer,0.25527567856210887
C04058,1,Savings Offer,0.5395454115055239
C04059,3,Personal Loan Offer,0.5042385223733862
C04060,0,No Offer,0.09228064447182198
C04061,3,Personal Loan Offer,0.7672245734084344
C04062,0,No Offer,-0.011830619550214368
C04063,1,Savings Offer,0.387402680179477
C04064,4,Investment Offer,0.46988111718401215
C04065,1,Savings Offer,0.5690187079846303
C04066,3,Personal Loan Offer,0.35018477749993154
C04067,4,Investment Offer,0.17730009161107363
C04068,3,Personal Loan Offer,0.18551963835092855
C04069,3,Personal Loan Offer,1.1146569236850268
C04070,2,Credit Card Offer,0.16856928578853392
C04071,4,Investment Offer,1.0113665716388371
C04072,0,No Offer,-0.2285641356406583
C04073,4,Investment Offer,0.26273081029323364
C04074,4,Investment Offer,0.5874979956015123
C04075,3,Personal Loan Offer,0.584432377692098
C04076,4,Investment Offer,0.1464057374150864
C04077,4,Investment Offer,-0.06388248506641003
C04078,1,Savings Offer,0.9918052406303475
C04079,1,Savings Offer,0.8094532461818202
C04080,0,No Offer,-0.08306864140845145
C04081,2,Credit Card Offer,0.41759019401916525
C04082,0,No Offer,-0.03166604716085876
C04083,0,No Offer,0.25359597864531247
C04084,3,Personal Loan Offer,0.34246474526643045
C04085,3,Personal Loan Offer,0.20070898746213883
C04086,0,No Offer,-0.5206144908244126
C04087,4,Investment Offer,0.661049912877325
C04088,3,Personal Loan Offer,0.014293020413971458
C04089,2,Credit Card Offer,0.3163790304011088
C04090,0,No Offer,-0.10798866213159787
C04091,0,No Offer,-0.041806212244786034
C04092,3,Personal Loan Offer,0.4521825601790886
C04093,2,Credit Card Offer,0.44339512307183615
C04094,1,Savings Offer,0.3386802456923276
C04095,2,Credit Card Offer,-0.17764969595690727
C04096,2,Credit Card Offer,0.4302168589851473
C04097,1,Savings Offer,0.48857513760561905
C04098,1,Savings Offer,0.9689585101271272
C04099,0,No Offer,0.010880724685753677
C04100,2,Credit Card Offer,0.7721862422149761
C04101,3,Personal Loan Offer,0.4031807609856437
C04102,1,Savings Offer,-0.2068708376889944
C04103,4,Investment Offer,0.17219114340501754
C04104,2,Credit Card Offer,-0.05401879645178809
C04105,4,Investment Offer,0.9963616250820966
C04106,2,Credit Card Offer,0.13190561977246953
C04107,0,No Offer,0.0900418029782705
C04108,2,Credit Card Offer,0.29590528955171047
C04109,4,Investment Offer,0.3677044943414908
C04110,3,Personal Loan Offer,0.2898994214718475
C04111,3,Personal Loan Offer,0.5067245818635877
C04112,2,Credit Card Offer,0.8427472598999559
C04113,1,Savings Offer,0.2859393740314801
C04114,3,Personal Loan Offer,0.5572892546586834
C04115,3,Personal Loan Offer,1.0223909622083516
C04116,2,Credit Card Offer,-0.12329071409428177
C04117,3,Personal Loan Offer,0.2714494087245357
C04118,2,Credit Card Offer,0.35029687658058073
C04119,2,Credit Card Offer,1.0355000931289498
C04120,1,Savings Offer,0.30003251564305095
C04121,0,No Offer,-0.06779656562673565
C04122,4,Investment Offer,0.28842628935887965
C04123,1,Savings Offer,0.24993445223838817
C04124,1,Savings Offer,0.9610374929806896
C04125,1,Savings Offer,0.6476462317228562
C04126,1,Savings Offer,0.13937044516107822
C04127,3,Personal Loan Offer,0.014051457037716042
C04128,3,Personal Loan Offer,0.4865653593804886
C04129,3,Personal Loan Offer,0.7132210296806305
C04130,3,Personal Loan Offer,0.2370254090680009
C04131,1,Savings Offer,-0.051897317870576054
C04132,2,Credit Card Offer,0.23049691700052954
C04133,2,Credit Card Offer,0.8282450942647773
C04134,1,Savings Offer,0.2725005401325612
C04135,4,Investment Offer,0.7489770309112452
C04136,0,No Offer,-0.06072578072010408
C04137,1,Savings Offer,0.43024914418450766
C04138,1,Savings Offer,0.6874279456424455
C04139,4,Investment Offer,0.687071498938965
C04140,2,Credit Card Offer,0.5399430831603387
C04141,1,Savings Offer,0.5755052019866725
C04142,2,Credit Card Offer,0.45663104776384694
C04143,1,Savings Offer,0.27410911088265405
C04144,3,Personal Loan Offer,0.9559236993017155
C04145,3,Personal Loan Offer,0.0028406618646645843
C04146,3,Personal Loan Offer,0.034907602498902846
C04147,3,Personal Loan Offer,0.5205203415112325
C04148,1,Savings Offer,0.30655432438145436
C04149,4,Investment Offer,0.16940819347621408
C04150,1,Savings Offer,0.7151090034340366
C04151,4,Investment Offer,0.7159580379619441
C04152,4,Investment Offer,0.8756052799861924
C04153,2,Credit Card Offer,0.40647099336382814
C04154,2,Credit Card Offer,0.5517283643195237
C04155,2,Credit Card Offer,-0.013953931727335556
C04156,1,Savings Offer,0.2583423634369782
C04157,0,No Offer,-0.24786534533483584
C04158,1,Savings Offer,0.4708901745994001
C04159,2,Credit Card Offer,0.3989545805671644
C04160,4,Investment Offer,0.7140346332955907
C04161,3,Personal Loan Offer,0.4989032297629969
C04162,0,No Offer,-0.1064136649889895
C04163,1,Savings Offer,0.19614956416309356
C04164,1,Savings Offer,0.5798359560587991
C04165,4,Investment Offer,0.7709861493134729
C04166,0,No Offer,-0.12024171258404566
C04167,3,Personal Loan Offer,0.36826188427024203
C04168,2,Credit Card Offer,0.3229710213483108
C04169,3,Personal Loan Offer,0.6919075588286705
C04170,3,Personal Loan Offer,0.24670306660694188
C04171,1,Savings Offer,0.885416870087117
C04172,1,Savings Offer,0.7355962504281871
C04173,1,Savings Offer,0.7547242997429113
C04174,4,Investment Offer,1.0541300047105655
C04175,4,Investment Offer,0.15701604167621716
C04176,4,Investment Offer,0.5863038628522937
C04177,3,Personal Loan Offer,0.2823163380606417
C04178,4,Investment Offer,1.189201122807404
C04179,4,Investment Offer,0.7741661015766163
C04180,0,No Offer,0.28087470122871827
C04181,0,No Offer,0.6759365374009637
C04182,3,Personal Loan Offer,0.3914249078239191
C04183,4,Investment Offer,0.7568764709347727
C04184,3,Personal Loan Offer,0.6862202361184233
C04185,0,No Offer,-0.42133516678734384
C04186,0,No Offer,-0.3507584432055703
C04187,0,No Offer,0.16242223149572982
C04188,4,Investment Offer,0.00359285498507228
C04189,1,Savings Offer,0.29550460072199186
C04190,4,Investment Offer,0.7623172398771179
C04191,3,Personal Loan Offer,0.07673700605440525
C04192,4,Investment Offer,0.8566333166532137
C04193,1,Savings Offer,0.5469605659428637
C04194,2,Credit Card Offer,0.8194389068541789
C04195,4,Investment Offer,0.4696324078124183
C04196,1,Savings Offer,0.44192787655919374
C04197,1,Savings Offer,0.3681682696661352
C04198,1,Savings Offer,0.556530823155684
C04199,1,Savings Offer,0.7033723467962092
C04200,4,Investment Offer,1.0447170095773426
C04201,0,No Offer,0.04938339207463021
C04202,4,Investment Offer,0.5654682089331031
C04203,3,Personal Loan Offer,-0.04168220311923346
C04204,0,No Offer,0.059634110062941836
C04205,3,Personal Loan Offer,0.6228849577987097
C04206,4,Investment Offer,0.7001974792305826
C04207,0,No Offer,0.2572654052533439
C04208,2,Credit Card Offer,0.002147868434107303
C04209,4,Investment Offer,0.7605135403949537
C04210,4,Investment Offer,-0.008497085802054494
C04211,1,Savings Offer,0.27368441863604065
C04212,3,Personal Loan Offer,0.19475058924617894
C04213,0,No Offer,0.18060803540138604
C04214,1,Savings Offer,0.7384700817715577
C04215,0,No Offer,0.04434388901090452
C04216,0,No Offer,0.0885896995921033
C04217,2,Credit Card Offer,0.43766706616828993
C04218,3,Personal Loan Offer,0.33959185208120185
C04219,1,Savings Offer,0.7645520629010909
C04220,1,Savings Offer,0.8208408182114868
C04221,1,Savings Offer,0.3516892649097139
C04222,2,Credit Card Offer,0.23170807517560515
C04223,3,Personal Loan Offer,0.37354128826444
C04224,3,Personal Loan Offer,-0.04090877025822803
C04225,4,Investment Offer,-0.03295940710045647
C04226,2,Credit Card Offer,0.670990065408742
C04227,4,Investment Offer,0.15777124330190906
C04228,3,Personal Loan Offer,0.16647946418942755
C04229,1,Savings Offer,0.7694450019523762
C04230,1,Savings Offer,0.5485841257612988
C04231,4,Investment Offer,1.2078206385098083
C04232,0,No Offer,0.04637252040298568
C04233,4,Investment Offer,0.8105526287316518
C04234,0,No Offer,-0.06781335468463713
C04235,3,Personal Loan Offer,0.09910818355078771
C04236,1,Savings Offer,0.7351328042315861
C04237,1,Savings Offer,0.6757704658843188
C04238,0,No Offer,-0.35141321040579737
C04239,4,Investment Offer,1.156119860380091
C04240,1,Savings Offer,0.8588488998752629
C04241,3,Personal Loan Offer,0.6465306245001687
C04242,2,Credit Card Offer,0.6699964602865272
C04243,3,Personal Loan Offer,0.27136834676278176
C04244,4,Investment Offer,0.5125139402568918
C04245,0,No Offer,-0.06575239657043964
C04246,4,Investment Offer,0.925501020727741
C04247,0,No Offer,-0.10756384215711388
C04248,3,Personal Loan Offer,0.4237763372712494
C04249,3,Personal Loan Offer,0.08201391581584028
C04250,2,Credit Card Offer,0.5004834613010258
C04251,2,Credit Card Offer,0.13754986281711357
C04252,1,Savings Offer,0.21055764553810877
C04253,3,Personal Loan Offer,0.3329632669150459
C04254,0,No Offer,0.3221546151655565
C04255,0,No Offer,-0.07787449202666298
C04256,3,Personal Loan Offer,0.15335078905458802
C04257,3,Personal Loan Offer,0.9299042808887168
C04258,2,Credit Card Offer,0.5354155741273325
C04259,2,Credit Card Offer,0.08121759352298752
C04260,0,No Offer,-0.24523464609842183
C04261,4,Investment Offer,0.8214594826080328
C04262,0,No Offer,0.08326452005491547
C04263,2,Credit Card Offer,0.39731306175509207
C04264,2,Credit Card Offer,0.11410958963179335
C04265,1,Savings Offer,0.7800969180138431
C04266,3,Personal Loan Offer,0.22814919792082852
C04267,1,Savings Offer,0.5562568553358404
C04268,3,Personal Loan Offer,0.5537667407121296
C04269,2,Credit Card Offer,0.5955961328361928
C04270,3,Personal Loan Offer,0.406269767024495
C04271,0,No Offer,-0.49323534591977897
C04272,3,Personal Loan Offer,0.34349126182247164
C04273,1,Savings Offer,0.19891173175736976
C04274,1,Savings Offer,0.21098523508878314
C04275,3,Personal Loan Offer,0.1356702423058537
C04276,3,Personal Loan Offer,-0.08367423239310552
C04277,2,Credit Card Offer,0.4454226884507229
C04278,3,Personal Loan Offer,0.41427927972123724
C04279,4,Investment Offer,0.6213941355006171
C04280,0,No Offer,-0.18164468561889124
C04281,0,No Offer,0.1569857010595987
C04282,2,Credit Card Offer,0.5971929928431225
C04283,3,Personal Loan Offer,0.7703923589766997
C04284,3,Personal Loan Offer,-0.2688371736099988
C04285,2,Credit Card Offer,0.9005345017538666
C04286,2,Credit Card Offer,0.7927449779594995
C04287,1,Savings Offer,0.07734220848944601
C04288,4,Investment Offer,0.19588044675424401
C04289,2,Credit Card Offer,0.7580455942945218
C04290,4,Investment Offer,0.4630927310138749
C04291,0,No Offer,-0.04375253477103132
C04292,4,Investment Offer,0.4495247422527094
C04293,2,Credit Card Offer,-0.15388460672342164
C04294,3,Personal Loan Offer,0.6261841333311966
C04295,0,No Offer,-0.14866114017362003
C04296,4,Investment Offer,0.6655070979674265
C04297,0,No Offer,-0.07179806661006656
C04298,3,Personal Loan Offer,0.5132914714016928
C04299,3,Personal Loan Offer,0.5686928094843857
C04300,1,Savings Offer,0.6314822550056911
C04301,1,Savings Offer,1.2265261090281983
C04302,3,Personal Loan Offer,0.8774879894571921
C04303,3,Personal Loan Offer,0.8616496966480525
C04304,2,Credit Card Offer,-0.05425333231176099
C04305,2,Credit Card Offer,0.6080236906414654
C04306,1,Savings Offer,1.3253261175920645
C04307,3,Personal Loan Offer,0.48372059625825153
C04308,2,Credit Card Offer,0.6301280072248447
C04309,0,No Offer,-0.19574358449938628
C04310,3,Personal Loan Offer,1.2538782621798397
C04311,3,Personal Loan Offer,0.38746151526986605
C04312,0,No Offer,-0.028815300980620226
C04313,1,Savings Offer,0.864813922906282
C04314,4,Investment Offer,0.7649014655915174
C04315,4,Investment Offer,0.6939922348382774
C04316,1,Savings Offer,0.9477084981273904
C04317,2,Credit Card Offer,0.9061186197495854
C04318,2,Credit Card Offer,0.33158308182294294
C04319,0,No Offer,-0.5073067486152746
C04320,3,Personal Loan Offer,0.5515030102868577
C04321,3,Personal Loan Offer,0.7693081356502741
C04322,0,No Offer,-0.34351929285808086
C04323,1,Savings Offer,0.46530987478562896
C04324,2,Credit Card Offer,0.20353122591891343
C04325,4,Investment Offer,0.3637931413504098
C04326,0,No Offer,0.0748317401496436
C04327,4,Investment Offer,0.7242061104600211
C04328,0,No Offer,0.3348085465787003
C04329,1,Savings Offer,1.0336473083005615
C04330,2,Credit Card Offer,0.4893805505667401
C04331,1,Savings Offer,0.03624983135315771
C04332,4,Investment Offer,0.7992560620657227
C04333,2,Credit Card Offer,0.04166547066204712
C04334,4,Investment Offer,0.6733492588736093
C04335,3,Personal Loan Offer,0.43642460743797046
C04336,0,No Offer,0.15046649677949278
C04337,1,Savings Offer,0.5284292613578807
C04338,0,No Offer,-0.382782596885214
C04339,2,Credit Card Offer,0.46550407046710485
C04340,3,Personal Loan Offer,1.0059614181756782
C04341,0,No Offer,0.06611730789923165
C04342,0,No Offer,0.14313525815934258
C04343,4,Investment Offer,1.0215265568171696
C04344,4,Investment Offer,0.38414641430387375
C04345,0,No Offer,0.3730740793129846
C04346,2,Credit Card Offer,0.7740355488766825
C04347,1,Savings Offer,0.5684550233883258
C04348,0,No Offer,0.20649601965665398
C04349,2,Credit Card Offer,0.68718252125369
C04350,3,Personal Loan Offer,0.2323614075848049
C04351,0,No Offer,0.25006742103908974
C04352,1,Savings Offer,0.47544877623770426
C04353,2,Credit Card Offer,0.3565518611157051
C04354,3,Personal Loan Offer,0.03649077186865457
C04355,1,Savings Offer,0.29333152450084476
C04356,2,Credit Card Offer,0.89007596313495
C04357,4,Investment Offer,0.7956606960163015
C04358,0,No Offer,0.05198515051367413
C04359,0,No Offer,0.3444819219070382
C04360,1,Savings Offer,0.8544710674926994
C04361,0,No Offer,0.12094189781645343
C04362,4,Investment Offer,0.8551234347379054
C04363,4,Investment Offer,1.0579541644177888
C04364,4,Investment Offer,0.4174693454523063
C04365,3,Personal Loan Offer,0.5466978842837356
C04366,4,Investment Offer,0.4610373806530348
C04367,3,Personal Loan Offer,0.5425408535133048
C04368,1,Savings Offer,0.14457519768464444
C04369,0,No Offer,-0.014337549867020322
C04370,2,Credit Card Offer,-0.11067601329656124
C04371,1,Savings Offer,0.5968495966218164
C04372,0,No Offer,0.09401951850369832
C04373,0,No Offer,-0.1195620462104817
C04374,2,Credit Card Offer,0.2720881888149086
C04375,3,Personal Loan Offer,0.08510846463678595
C04376,1,Savings Offer,0.4591005630874245
C04377,1,Savings Offer,0.7612612114705901
C04378,1,Savings Offer,0.5507764622249027
C04379,3,Personal Loan Offer,0.46083902172789104
C04380,4,Investment Offer,0.3902499662165624
C04381,3,Personal Loan Offer,0.5542119358580277
C04382,3,Personal Loan Offer,0.7057631789603469
C04383,4,Investment Offer,0.8544663882093345
C04384,0,No Offer,0.06509101641288068
C04385,4,Investment Offer,0.24970464129006692
C04386,4,Investment Offer,1.286946718745516
C04387,2,Credit Card Offer,0.5166130828660743
C04388,1,Savings Offer,0.5212528615440525
C04389,2,Credit Card Offer,0.5600972257794032
C04390,0,No Offer,-0.04314710463928048
C04391,4,Investment Offer,0.3067836888526567
C04392,4,Investment Offer,0.26817822041889555
C04393,1,Savings Offer,0.4895688227534779
C04394,3,Personal Loan Offer,0.7168756403506661
C04395,2,Credit Card Offer,0.1689630312540546
C04396,0,No Offer,0.12120702224247713
C04397,4,Investment Offer,0.5190855534892892
C04398,3,Personal Loan Offer,0.31723305093151016
C04399,4,Investment Offer,0.7846494413533129
C04400,0,No Offer,-0.26772369871863305
C04401,4,Investment Offer,0.16518216410828473
C04402,4,Investment Offer,0.35987385347972045
C04403,0,No Offer,0.25455819095308607
C04404,2,Credit Card Offer,0.3341731780410106
C04405,1,Savings Offer,-0.2105591290477727
C04406,0,No Offer,-0.11645382993146143
C04407,3,Personal Loan Offer,0.31451476709035786
C04408,3,Personal Loan Offer,0.9106405294806266
C04409,0,No Offer,0.09842995499489916
C04410,2,Credit Card Offer,0.17441521113048164
C04411,4,Investment Offer,1.1100740136870781
C04412,3,Personal Loan Offer,0.19049682418704753
C04413,0,No Offer,-0.5440373181710255
C04414,3,Personal Loan Offer,0.5556716933257981
C04415,1,Savings Offer,0.9596423468887691
C04416,4,Investment Offer,1.0010481017489972
C04417,3,Personal Loan Offer,0.3489637961742976
C04418,2,Credit Card Offer,-0.07191390297526307
C04419,1,Savings Offer,0.6905496859164294
C04420,4,Investment Offer,0.5734084042698925
C04421,2,Credit Card Offer,0.49583264876444755
C04422,3,Personal Loan Offer,0.3097346185336627
C04423,2,Credit Card Offer,0.8426041154990551
C04424,1,Savings Offer,0.5618423310004503
C04425,3,Personal Loan Offer,0.6320633301164399
C04426,0,No Offer,0.22157449813872254
C04427,2,Credit Card Offer,0.5655923057803471
C04428,1,Savings Offer,0.7756963884072112
C04429,3,Personal Loan Offer,0.2906493364392664
C04430,4,Investment Offer,0.9499622110782084
C04431,4,Investment Offer,1.1084973874590132
C04432,4,Investment Offer,0.37954315389945603
C04433,2,Credit Card Offer,0.6359105203521713
C04434,0,No Offer,-0.11022292333179655
C04435,3,Personal Loan Offer,0.21863109855387913
C04436,4,Investment Offer,1.2419830496293276
C04437,3,Personal Loan Offer,0.512182994186976
C04438,4,Investment Offer,0.42257909059253307
C04439,2,Credit Card Offer,0.46663602651620706
C04440,3,Personal Loan Offer,0.6215017263602951
C04441,2,Credit Card Offer,0.0751829886436903
C04442,0,No Offer,0.21468036563173842
C04443,4,Investment Offer,0.667018530251643
C04444,4,Investment Offer,0.8491702732281807
C04445,4,Investment Offer,0.6617521408755824
C04446,0,No Offer,0.013689000470433366
C04447,3,Personal Loan Offer,0.30678812127139066
C04448,0,No Offer,0.07557630801651453
C04449,2,Credit Card Offer,-0.04217323762688019
C04450,3,Personal Loan Offer,0.3541997654506803
C04451,0,No Offer,0.2127849880462963
C04452,0,No Offer,-0.21709684013333802
C04453,1,Savings Offer,0.5574072696830834
C04454,1,Savings Offer,0.7811986108569339
C04455,0,No Offer,-0.4053780839534639
C04456,3,Personal Loan Offer,0.3657604733778246
C04457,2,Credit Card Offer,0.29016682733867555
C04458,0,No Offer,0.03429354566867451
C04459,2,Credit Card Offer,0.6655270156573373
C04460,3,Personal Loan Offer,0.5788414250251993
C04461,4,Investment Offer,1.3887037806378713
C04462,1,Savings Offer,0.00024414000005951175
C04463,0,No Offer,-0.16044857581622973
C04464,4,Investment Offer,0.39859972984998016
C04465,2,Credit Card Offer,0.22260195977023167
C04466,0,No Offer,0.2960083130335423
C04467,2,Credit Card Offer,0.6548018956386106
C04468,1,Savings Offer,0.6220995166757441
C04469,3,Personal Loan Offer,0.7715426193925704
C04470,2,Credit Card Offer,0.3433597979558839
C04471,1,Savings Offer,0.11055381638016348
C04472,1,Savings Offer,0.6148224224588033
C04473,4,Investment Offer,1.2004368805390104
C04474,2,Credit Card Offer,0.08479991374005089
C04475,1,Savings Offer,0.02487866623475038
C04476,3,Personal Loan Offer,-0.03314335536481339
C04477,3,Personal Loan Offer,0.6588825065644688
C04478,4,Investment Offer,0.6020711052925632
C04479,3,Personal Loan Offer,0.7650484533772557
C04480,0,No Offer,-0.04924410390186468
C04481,3,Personal Loan Offer,0.34508175664177065
C04482,4,Investment Offer,0.35349626976152076
C04483,1,Savings Offer,0.32161807260815656
C04484,0,No Offer,0.03348736373383747
C04485,2,Credit Card Offer,0.37568375462281783
C04486,0,No Offer,0.014849572583156577
C04487,1,Savings Offer,0.04903392761416642
C04488,0,No Offer,0.1543641026032867
C04489,4,Investment Offer,0.6935509436310375
C04490,4,Investment Offer,0.49767568999958434
C04491,3,Personal Loan Offer,0.9064587303553151
C04492,1,Savings Offer,0.6616238508338366
C04493,4,Investment Offer,0.7996528069290614
C04494,3,Personal Loan Offer,0.2812497924753639
C04495,1,Savings Offer,0.032955321964651674
C04496,1,Savings Offer,0.42776141016047686
C04497,3,Personal Loan Offer,0.0632053811602673
C04498,1,Savings Offer,0.36862176437697114
C04499,3,Personal Loan Offer,1.0268710736977027
C04500,2,Credit Card Offer,0.3092925603044369
C04501,0,No Offer,-0.13708105967998113
C04502,1,Savings Offer,0.7801283751772166
C04503,3,Personal Loan Offer,0.03809998608767318
C04504,2,Credit Card Offer,0.048101909829373124
C04505,3,Personal Loan Offer,0.3314662816242958
C04506,2,Credit Card Offer,0.8323386393629009
C04507,0,No Offer,-0.007803036022799852
C04508,2,Credit Card Offer,1.0010248519098717
C04509,1,Savings Offer,0.41314784176569047
C04510,1,Savings Offer,0.48774756988073315
C04511,2,Credit Card Offer,0.6125083052506777
C04512,1,Savings Offer,0.11939219440703056
C04513,0,No Offer,-0.024115014542012037
C04514,2,Credit Card Offer,0.06827833905729322
C04515,3,Personal Loan Offer,0.6019878796583691
C04516,0,No Offer,-0.05173115355642374
C04517,4,Investment Offer,0.9042283490543446
C04518,3,Personal Loan Offer,0.22987249991434366
C04519,1,Savings Offer,0.4117020490854005
C04520,1,Savings Offer,0.608838382345376
C04521,2,Credit Card Offer,0.24807534734394554
C04522,3,Personal Loan Offer,0.23344134412589249
C04523,3,Personal Loan Offer,0.4394894530646609
C04524,3,Personal Loan Offer,0.4193121874114975
C04525,0,No Offer,-0.13158211210330334
C04526,3,Personal Loan Offer,0.6171251939583187
C04527,1,Savings Offer,0.6538343721898084
C04528,0,No Offer,0.33999215018401174
C04529,4,Investment Offer,0.41153382191002885
C04530,3,Personal Loan Offer,0.2645173158206823
C04531,2,Credit Card Offer,0.47853806674765176
C04532,3,Personal Loan Offer,0.5508335162671699
C04533,0,No Offer,0.3761474091889941
C04534,2,Credit Card Offer,0.6389983362825687
C04535,3,Personal Loan Offer,0.16271103450746913
C04536,1,Savings Offer,0.6121927284021995
C04537,0,No Offer,-0.26739634059528455
C04538,3,Personal Loan Offer,0.6083665438355411
C04539,1,Savings Offer,0.19874782567180072
C04540,4,Investment Offer,0.6362074533532455
C04541,3,Personal Loan Offer,-0.1435571967827745
C04542,2,Credit Card Offer,0.7515967161326108
C04543,4,Investment Offer,1.4133312034413879
C04544,4,Investment Offer,-0.07556905546972498
C04545,1,Savings Offer,0.04759379173976119
C04546,4,Investment Offer,0.228386320601252
C04547,2,Credit Card Offer,0.5888580969841617
C04548,4,Investment Offer,0.15186280073285224
C04549,0,No Offer,-0.038936729008457474
C04550,0,No Offer,0.08767829188120517
C04551,3,Personal Loan Offer,0.11369589198432009
C04552,4,Investment Offer,0.2650797995467459
C04553,3,Personal Loan Offer,0.08329256190857443
C04554,4,Investment Offer,0.38993493911062077
C04555,3,Personal Loan Offer,0.44986988016717255
C04556,3,Personal Loan Offer,0.5434006995103317
C04557,2,Credit Card Offer,0.5140071222899774
C04558,3,Personal Loan Offer,0.7854196585308403
C04559,0,No Offer,0.2715557155152163
C04560,3,Personal Loan Offer,0.5841109070513086
C04561,4,Investment Offer,0.28689442354038325
C04562,4,Investment Offer,0.48115035851555327
C04563,2,Credit Card Offer,0.4418516554897701
C04564,2,Credit Card Offer,0.425112021871532
C04565,2,Credit Card Offer,0.13824472089637405
C04566,0,No Offer,0.04425100597373564
C04567,4,Investment Offer,0.4269679269794775
C04568,4,Investment Offer,0.5217589590179578
C04569,3,Personal Loan Offer,0.21182633441444645
C04570,2,Credit Card Offer,0.2550487624953547
C04571,0,No Offer,0.4023286920353
C04572,2,Credit Card Offer,0.27650139260274553
C04573,2,Credit Card Offer,-0.13206797639945067
C04574,3,Personal Loan Offer,0.2873944474146443
C04575,0,No Offer,-0.34509377002323727
C04576,1,Savings Offer,0.5777976133001412
C04577,0,No Offer,0.08278452283535842
C04578,0,No Offer,0.13473956680526866
C04579,1,Savings Offer,0.5125269259420745
C04580,4,Investment Offer,0.2699979433648731
C04581,0,No Offer,-0.527662834918511
C04582,4,Investment Offer,0.8255976554019681
C04583,1,Savings Offer,0.6733580126408159
C04584,0,No Offer,0.07169925968156386
C04585,3,Personal Loan Offer,0.6838725571207167
C04586,2,Credit Card Offer,0.8298718001371659
C04587,1,Savings Offer,0.2132247514055824
C04588,0,No Offer,-0.34863681903111826
C04589,2,Credit Card Offer,0.46920174856140745
C04590,3,Personal Loan Offer,0.7659143827232596
C04591,2,Credit Card Offer,0.38120817625940445
C04592,2,Credit Card Offer,0.6506308066836012
C04593,1,Savings Offer,0.09383326739124365
C04594,4,Investment Offer,0.058923608405992034
C04595,3,Personal Loan Offer,-0.007782214832287915
C04596,1,Savings Offer,0.15526851637360461
C04597,4,Investment Offer,0.12324950663521339
C04598,2,Credit Card Offer,0.5548261774512848
C04599,1,Savings Offer,1.0088661585224385
C04600,0,No Offer,0.11930800432716987
C04601,3,Personal Loan Offer,0.9258499327302956
C04602,1,Savings Offer,0.4604422377268538
C04603,4,Investment Offer,1.2289485205886626
C04604,4,Investment Offer,0.480510178267882
C04605,1,Savings Offer,0.30254460680517453
C04606,2,Credit Card Offer,0.6990444940718872
C04607,3,Personal Loan Offer,1.0991567448660486
C04608,0,No Offer,0.1834491410876703
C04609,2,Credit Card Offer,-0.23622853777821468
C04610,3,Personal Loan Offer,0.4699652265751585
C04611,2,Credit Card Offer,0.6168485323955282
C04612,1,Savings Offer,0.10498402180804023
C04613,1,Savings Offer,0.6217895259717233
C04614,0,No Offer,0.18287309502644766
C04615,0,No Offer,0.3338908983908452
C04616,3,Personal Loan Offer,-0.1255029964675019
C04617,3,Personal Loan Offer,0.2737544108665097
C04618,0,No Offer,0.01672841363758113
C04619,0,No Offer,-0.03589809834374941
C04620,1,Savings Offer,0.359063354058358
C04621,1,Savings Offer,0.7012674779693284
C04622,0,No Offer,-0.0839963290609886
C04623,0,No Offer,-0.09516712962368738
C04624,3,Personal Loan Offer,0.9800201952609022
C04625,4,Investment Offer,0.7014655413348198
C04626,2,Credit Card Offer,0.4127899950590702
C04627,4,Investment Offer,0.5267321375892644
C04628,4,Investment Offer,0.7449458990323992
C04629,2,Credit Card Offer,0.5885710439976808
C04630,4,Investment Offer,0.5763525515628362
C04631,0,No Offer,-0.3661826517909723
C04632,3,Personal Loan Offer,0.5508819659289149
C04633,4,Investment Offer,0.7182704739983045
C04634,4,Investment Offer,1.038359067400676
C04635,2,Credit Card Offer,0.5473789874920255
C04636,0,No Offer,0.20251719071510826
C04637,3,Personal Loan Offer,0.119509571964036
C04638,4,Investment Offer,0.38905232206077545
C04639,0,No Offer,0.3675432527382005
C04640,0,No Offer,-0.14573988934805415
C04641,0,No Offer,0.05166431664746537
C04642,3,Personal Loan Offer,0.019080138219784493
C04643,4,Investment Offer,0.42340244932267224
C04644,3,Personal Loan Offer,-0.24437241923100134
C04645,0,No Offer,-0.26040905819177973
C04646,3,Personal Loan Offer,0.8747782759092579
C04647,2,Credit Card Offer,1.0294175331404083
C04648,2,Credit Card Offer,0.4104791627132738
C04649,0,No Offer,-0.1991405387385809
C04650,0,No Offer,0.28228656207479785
C04651,1,Savings Offer,0.9341619756388944
C04652,1,Savings Offer,0.8651000919802989
C04653,1,Savings Offer,0.7653553932127664
C04654,2,Credit Card Offer,0.5519344943394231
C04655,1,Savings Offer,0.9114674900898772
C04656,2,Credit Card Offer,0.5067061754348959
C04657,4,Investment Offer,0.5985403452304535
C04658,0,No Offer,-0.2348873649297562
C04659,1,Savings Offer,0.7970838423726021
C04660,4,Investment Offer,1.087876372214465
C04661,1,Savings Offer,0.6745997184529942
C04662,2,Credit Card Offer,0.3997518160917886
C04663,0,No Offer,-0.20163213659035345
C04664,2,Credit Card Offer,-0.13490464189844992
C04665,1,Savings Offer,0.2275132559061459
C04666,4,Investment Offer,0.439675920685574
C04667,4,Investment Offer,0.6635908431228252
C04668,2,Credit Card Offer,0.6936369846043556
C04669,0,No Offer,0.052511175160142955
C04670,4,Investment Offer,0.17450443947171995
C04671,4,Investment Offer,0.5452086563589645
C04672,1,Savings Offer,0.9227062539918484
C04673,4,Investment Offer,0.2156060428037709
C04674,2,Credit Card Offer,0.4226834311722148
C04675,2,Credit Card Offer,0.7684242504008376
C04676,2,Credit Card Offer,-0.05615614602780944
C04677,4,Investment Offer,0.8409257295199866
C04678,1,Savings Offer,0.9287257530839204
C04679,4,Investment Offer,0.20349122435484895
C04680,4,Investment Offer,1.2443574391831789
C04681,3,Personal Loan Offer,0.6400300644720542
C04682,2,Credit Card Offer,0.2282294034063836
C04683,0,No Offer,-0.33424785708268523
C04684,2,Credit Card Offer,0.5339275543893842
C04685,0,No Offer,0.0471657488212758
C04686,1,Savings Offer,0.5147821782272828
C04687,4,Investment Offer,0.17273996146032541
C04688,0,No Offer,0.4101086105724032
C04689,4,Investment Offer,0.3991693256388503
C04690,1,Savings Offer,0.6363244415405278
C04691,4,Investment Offer,0.7484708365820989
C04692,3,Personal Loan Offer,0.2620522630193116
C04693,0,No Offer,-0.2948595680012949
C04694,4,Investment Offer,0.8502353667116296
C04695,4,Investment Offer,0.9764296428933301
C04696,3,Personal Loan Offer,0.2889192964462965
C04697,2,Credit Card Offer,0.5249911182393698
C04698,0,No Offer,0.357818539903301
C04699,2,Credit Card Offer,-0.02201634974213268
C04700,2,Credit Card Offer,0.8226087017924206
C04701,2,Credit Card Offer,0.8192356306583868
C04702,1,Savings Offer,0.6661743092511678
C04703,2,Credit Card Offer,0.3315341329137426
C04704,2,Credit Card Offer,0.2553662109075999
C04705,2,Credit Card Offer,0.020074641048233755
C04706,2,Credit Card Offer,0.4601377729420916
C04707,1,Savings Offer,0.32077478445473384
C04708,1,Savings Offer,0.32860538988845506
C04709,1,Savings Offer,0.3649960402085799
C04710,2,Credit Card Offer,0.24299510228547921
C04711,2,Credit Card Offer,0.2720706377848948
C04712,3,Personal Loan Offer,0.5998429307245359
C04713,3,Personal Loan Offer,0.4257825268951416
C04714,3,Personal Loan Offer,1.3202232688997027
C04715,3,Personal Loan Offer,0.13747368205719473
C04716,4,Investment Offer,0.08036300960086715
C04717,0,No Offer,0.7105174451127261
C04718,3,Personal Loan Offer,0.16798466950115182
C04719,3,Personal Loan Offer,0.266041275216259
C04720,1,Savings Offer,0.611033261503503
C04721,4,Investment Offer,0.5052282271554753
C04722,2,Credit Card Offer,0.4696590358700326
C04723,4,Investment Offer,0.5147921204651991
C04724,3,Personal Loan Offer,0.48024750581316755
C04725,1,Savings Offer,0.20249357128778958
C04726,3,Personal Loan Offer,0.10914782035568596
C04727,1,Savings Offer,0.21702237059798285
C04728,2,Credit Card Offer,-0.09045327808623121
C04729,4,Investment Offer,0.9622353255628148
C04730,3,Personal Loan Offer,0.5335353625420096
C04731,4,Investment Offer,0.6765272100124874
C04732,2,Credit Card Offer,0.22956200764292656
C04733,2,Credit Card Offer,0.7342280196829339
C04734,2,Credit Card Offer,-0.12987536617514506
C04735,0,No Offer,-0.258949075726214
C04736,2,Credit Card Offer,0.22484047047777306
C04737,4,Investment Offer,0.7936746976958252
C04738,0,No Offer,0.24441782614893287
C04739,4,Investment Offer,0.6560742464107516
C04740,2,Credit Card Offer,0.4963403233715037
C04741,1,Savings Offer,0.533564759231163
C04742,1,Savings Offer,0.361114164901505
C04743,4,Investment Offer,0.5091955209592605
C04744,0,No Offer,-0.4130510813257134
C04745,2,Credit Card Offer,0.506389376747146
C04746,3,Personal Loan Offer,-0.42667003734565656
C04747,0,No Offer,0.03674304786088076
C04748,4,Investment Offer,0.48779447090965433
C04749,4,Investment Offer,0.6659444578130874
C04750,2,Credit Card Offer,0.09231866650544901
C04751,4,Investment Offer,0.6711585540891138
C04752,4,Investment Offer,0.45478149859567324
C04753,3,Personal Loan Offer,0.5464346539050502
C04754,4,Investment Offer,0.49681643002095777
C04755,1,Savings Offer,0.35499290438857395
C04756,3,Personal Loan Offer,0.6595799572154334
C04757,4,Investment Offer,0.6456291048119533
C04758,2,Credit Card Offer,0.6350318729330279
C04759,0,No Offer,-0.025714418130056538
C04760,1,Savings Offer,0.4265772338938954
C04761,0,No Offer,0.32057592225717896
C04762,4,Investment Offer,0.570392097170397
C04763,1,Savings Offer,0.4598612163361656
C04764,1,Savings Offer,0.6156543482193304
C04765,4,Investment Offer,0.767742461399189
C04766,2,Credit Card Offer,0.1290723750730371
C04767,4,Investment Offer,0.5853633621614482
C04768,3,Personal Loan Offer,-0.06959027711862492
C04769,4,Investment Offer,0.2800454549145994
C04770,4,Investment Offer,0.30019471064581155
C04771,0,No Offer,0.20206363081669493
C04772,4,Investment Offer,0.5063777706245342
C04773,0,No Offer,-0.02858171713318404
C04774,2,Credit Card Offer,0.6684579890991322
C04775,3,Personal Loan Offer,0.4739336561295156
C04776,3,Personal Loan Offer,0.27121458288488387
C04777,2,Credit Card Offer,0.18998087385521722
C04778,2,Credit Card Offer,0.3011461281127286
C04779,4,Investment Offer,0.8211220852632409
C04780,4,Investment Offer,0.4081968645600055
C04781,4,Investment Offer,0.631270777255929
C04782,0,No Offer,0.3464479880021908
C04783,3,Personal Loan Offer,1.1046711691117637
C04784,1,Savings Offer,0.2509459750157102
C04785,3,Personal Loan Offer,1.2429394668146494
C04786,0,No Offer,0.47256717846859275
C04787,4,Investment Offer,0.9026516344184135
C04788,0,No Offer,0.2646331635857495
C04789,0,No Offer,0.040086972509494945
C04790,0,No Offer,0.4241935722536781
C04791,2,Credit Card Offer,0.4587025848580925
C04792,2,Credit Card Offer,0.7527894500577041
C04793,0,No Offer,0.23889490957266118
C04794,1,Savings Offer,0.5746328614430051
C04795,1,Savings Offer,0.6551672917253657
C04796,1,Savings Offer,0.8999185192332799
C04797,0,No Offer,-0.06277277975390858
C04798,2,Credit Card Offer,0.6888777714871069
C04799,0,No Offer,0.017110149496785514
C04800,2,Credit Card Offer,0.18037595844709536
C04801,1,Savings Offer,0.13510524029518584
C04802,1,Savings Offer,0.42845524907955096
C04803,1,Savings Offer,0.965276520805509
C04804,3,Personal Loan Offer,0.4207939790899043
C04805,2,Credit Card Offer,0.3468266628567575
C04806,3,Personal Loan Offer,0.4016693056028865
C04807,0,No Offer,0.2526654000738986
C04808,1,Savings Offer,1.0569066913015281
C04809,1,Savings Offer,0.8153546271021522
C04810,3,Personal Loan Offer,0.06952679400086409
C04811,2,Credit Card Offer,0.17773374188229224
C04812,3,Personal Loan Offer,0.6916609851281903
C04813,4,Investment Offer,0.5638075848521834
C04814,2,Credit Card Offer,0.3348055223627134
C04815,1,Savings Offer,0.7392332803090189
C04816,2,Credit Card Offer,0.4408737285330912
C04817,2,Credit Card Offer,-0.11300181305897306
C04818,1,Savings Offer,0.7965122152634844
C04819,3,Personal Loan Offer,0.4409349626985835
C04820,1,Savings Offer,0.804144484187831
C04821,3,Personal Loan Offer,0.9451107008561865
C04822,1,Savings Offer,0.6236385459091482
C04823,1,Savings Offer,0.48838002837072
C04824,0,No Offer,0.04722253050577205
C04825,3,Personal Loan Offer,0.04853515722919827
C04826,2,Credit Card Offer,0.5993078990038632
C04827,1,Savings Offer,0.4995604708208281
C04828,0,No Offer,0.3050931909423418
C04829,1,Savings Offer,0.30674942219211887
C04830,4,Investment Offer,0.9324190482940007
C04831,0,No Offer,0.2668385732904447
C04832,1,Savings Offer,0.9385890633180578
C04833,3,Personal Loan Offer,0.3202610098122138
C04834,4,Investment Offer,0.2888579187822039
C04835,3,Personal Loan Offer,0.059636222987179965
C04836,1,Savings Offer,0.7381593065152464
C04837,4,Investment Offer,0.31555647305869616
C04838,2,Credit Card Offer,0.40103631074595836
C04839,0,No Offer,-0.07001312129288442
C04840,4,Investment Offer,0.3306328890283663
C04841,0,No Offer,-0.31494075448424996
C04842,3,Personal Loan Offer,0.44805220391898326
C04843,2,Credit Card Offer,0.5261713504418546
C04844,1,Savings Offer,0.7614675721226504
C04845,1,Savings Offer,0.6093922157860681
C04846,1,Savings Offer,0.47224722334376007
C04847,2,Credit Card Offer,0.3024972957470625
C04848,0,No Offer,-0.1061813708998487
C04849,4,Investment Offer,0.5145207063407297
C04850,4,Investment Offer,0.6690468141580947
C04851,3,Personal Loan Offer,0.05671077461066715
C04852,4,Investment Offer,0.18656562915042457
C04853,0,No Offer,0.0673246669122213
C04854,1,Savings Offer,0.19323829463613046
C04855,1,Savings Offer,0.12214733973894029
C04856,3,Personal Loan Offer,0.6242635332439901
C04857,3,Personal Loan Offer,0.7629765916062775
C04858,3,Personal Loan Offer,0.18685804355118663
C04859,2,Credit Card Offer,0.9833723221882444
C04860,4,Investment Offer,0.8193653248630918
C04861,0,No Offer,0.026768070021632402
C04862,3,Personal Loan Offer,0.9972536182094961
C04863,2,Credit Card Offer,0.01791138053321456
C04864,4,Investment Offer,0.5912117683162078
C04865,1,Savings Offer,0.6683392151185902
C04866,3,Personal Loan Offer,0.7066552503508434
C04867,2,Credit Card Offer,0.31785934795540466
C04868,3,Personal Loan Offer,0.361133045166117
C04869,4,Investment Offer,0.32248740899360273
C04870,0,No Offer,0.4659911745277425
C04871,4,Investment Offer,0.3439933140123351
C04872,3,Personal Loan Offer,-0.3499065530843874
C04873,4,Investment Offer,0.10415011051897688
C04874,4,Investment Offer,0.6913061368213411
C04875,1,Savings Offer,0.5003811854216121
C04876,2,Credit Card Offer,0.6248735387495346
C04877,0,No Offer,0.18084121398057407
C04878,3,Personal Loan Offer,0.7591418006941533
C04879,3,Personal Loan Offer,0.22364031694208775
C04880,3,Personal Loan Offer,0.47963209392739437
C04881,2,Credit Card Offer,0.5346753304239207
C04882,1,Savings Offer,0.6202487595116445
C04883,0,No Offer,-0.6042266433487903
C04884,4,Investment Offer,0.19056657394651932
C04885,4,Investment Offer,1.0964195593576478
C04886,3,Personal Loan Offer,0.414297265782546
C04887,3,Personal Loan Offer,0.07417184349556748
C04888,1,Savings Offer,0.2580011237585039
C04889,2,Credit Card Offer,0.2026631349816865
C04890,1,Savings Offer,0.25691462852678565
C04891,3,Personal Loan Offer,0.27831015283767824
C04892,2,Credit Card Offer,0.5286361070511298
C04893,1,Savings Offer,0.6826679972469215
C04894,3,Personal Loan Offer,-0.21685176752411822
C04895,4,Investment Offer,0.11634531916523344
C04896,4,Investment Offer,0.5284903294239414
C04897,2,Credit Card Offer,0.295604948290224
C04898,3,Personal Loan Offer,0.1322042123206677
C04899,2,Credit Card Offer,0.5889728367967355
C04900,2,Credit Card Offer,0.2535283223908492
C04901,0,No Offer,0.3743714416115419
C04902,3,Personal Loan Offer,-0.040096495701006846
C04903,0,No Offer,0.4456793711253882
C04904,2,Credit Card Offer,0.5574455236959157
C04905,0,No Offer,0.0136514474242369
C04906,1,Savings Offer,0.7480552400700544
C04907,0,No Offer,0.36771754578988525
C04908,4,Investment Offer,0.0873133678993642
C04909,2,Credit Card Offer,0.639739116773925
C04910,3,Personal Loan Offer,0.26513593087049475
C04911,3,Personal Loan Offer,-0.23733286939687306
C04912,0,No Offer,-0.03835333188911949
C04913,1,Savings Offer,0.4740725044664945
C04914,0,No Offer,0.22516701640995168
C04915,1,Savings Offer,0.5000712231213597
C04916,4,Investment Offer,1.5094386657339176
C04917,1,Savings Offer,0.6304632413641948
C04918,3,Personal Loan Offer,0.24721590391264447
C04919,2,Credit Card Offer,0.7281393921786941
C04920,1,Savings Offer,0.0038612014234902237
C04921,1,Savings Offer,0.38102451692595724
C04922,0,No Offer,0.18850864495033381
C04923,1,Savings Offer,0.3860848997114612
C04924,2,Credit Card Offer,0.3226323571861234
C04925,0,No Offer,0.13804170909711933
C04926,1,Savings Offer,0.5909023323480647
C04927,3,Personal Loan Offer,0.12247328223685719
C04928,0,No Offer,-0.33324271328057103
C04929,4,Investment Offer,0.8280094446754462
C04930,0,No Offer,0.020853766020220762
C04931,4,Investment Offer,-0.02714582892954398
C04932,2,Credit Card Offer,0.5398503317957587
C04933,2,Credit Card Offer,0.6107166809072152
C04934,3,Personal Loan Offer,0.2016910317058564
C04935,0,No Offer,0.3072975985763961
C04936,1,Savings Offer,0.5357247409525605
C04937,4,Investment Offer,0.6800271675963152
C04938,1,Savings Offer,0.7311397408846614
C04939,3,Personal Loan Offer,0.6379496870461872
C04940,1,Savings Offer,0.4059342282535041
C04941,1,Savings Offer,1.2019564100411437
C04942,2,Credit Card Offer,0.05973202790410814
C04943,3,Personal Loan Offer,0.015498292771131184
C04944,0,No Offer,-0.16146578036288572
C04945,0,No Offer,-0.1175726765071677
C04946,4,Investment Offer,0.6709709448484029
C04947,4,Investment Offer,0.4702976186835495
C04948,0,No Offer,-0.14741663682393658
C04949,4,Investment Offer,1.3263232671941232
C04950,4,Investment Offer,0.9659792146450945
C04951,2,Credit Card Offer,0.548151785597504
C04952,4,Investment Offer,1.3874222141285841
C04953,0,No Offer,0.32067513920927576
C04954,3,Personal Loan Offer,0.7963041537673864
C04955,3,Personal Loan Offer,0.17654571193729882
C04956,2,Credit Card Offer,0.4564151424009798
C04957,3,Personal Loan Offer,0.8265036323636465
C04958,1,Savings Offer,0.15726817027420592
C04959,0,No Offer,0.07339138022705409
C04960,0,No Offer,0.44305468423111743
C04961,1,Savings Offer,0.6192911484440508
C04962,4,Investment Offer,0.08802733160322357
C04963,1,Savings Offer,0.6374337738606881
C04964,3,Personal Loan Offer,0.09702860176426126
C04965,4,Investment Offer,0.6023902374418062
C04966,4,Investment Offer,0.9869648721151731
C04967,1,Savings Offer,0.4162343438678675
C04968,1,Savings Offer,0.7739259529534377
C04969,4,Investment Offer,0.6820000799330302
C04970,3,Personal Loan Offer,0.22504729525962966
C04971,3,Personal Loan Offer,0.7024843053839447
C04972,0,No Offer,0.04186683031102902
C04973,4,Investment Offer,0.15356751876828278
C04974,4,Investment Offer,-0.004046771929296256
C04975,4,Investment Offer,0.8445751272938462
C04976,2,Credit Card Offer,0.4176043629884299
C04977,3,Personal Loan Offer,0.8293979366966345
C04978,3,Personal Loan Offer,0.3144495419857336
C04979,2,Credit Card Offer,0.6008070646783638
C04980,4,Investment Offer,1.3038762775246613
C04981,1,Savings Offer,0.5975204464085367
C04982,1,Savings Offer,0.5148818891323361
C04983,1,Savings Offer,0.20072849094262019
C04984,3,Personal Loan Offer,0.3026138663027402
C04985,4,Investment Offer,1.0117725287954873
C04986,0,No Offer,0.2477441282909666
C04987,0,No Offer,0.26725323182033695
C04988,0,No Offer,0.052143352960088485
C04989,2,Credit Card Offer,0.6112059553630851
C04990,0,No Offer,-0.4775642438677517
C04991,1,Savings Offer,0.4306553552021063
C04992,2,Credit Card Offer,0.38078468304075375
C04993,2,Credit Card Offer,0.3854976694581347
C04994,4,Investment Offer,1.1231606321736487
C04995,0,No Offer,0.24294030070497863
C04996,1,Savings Offer,0.7832738894247409
C04997,2,Credit Card Offer,0.5175362104852815
C04998,3,Personal Loan Offer,0.6364349163304284
C04999,2,Credit Card Offer,0.47911004714465666
C05000,0,No Offer,0.24811646417113065
