Transaction_ID,Source_Account,Target_Account,Amount,Hour,Channel,Fraud_Label
T0000001,A01055,A00528,280000.0,18,Internet Banking,0
T0000002,A00574,A00355,934000.0,7,Mobile,0
T0000003,A01182,A00153,525000.0,16,Branch,0
T0000004,A00914,A00791,869000.0,6,Mobile,0
T0000005,A00782,A00108,299000.0,22,Mobile,0
T0000006,A01084,A00755,1519000.0,17,Mobile,0
T0000007,A00619,A00566,1018000.0,10,Mobile,0
T0000008,A00865,A00368,2196000.0,10,Mobile,0
T0000009,A00342,A00377,1496000.0,0,Internet Banking,0
T0000010,A01156,A01089,1506000.0,7,Mobile,0
T0000011,A00749,A00811,244000.0,18,Mobile,0
T0000012,A00939,A01100,2063000.0,19,Mobile,0
T0000013,A00553,A01155,834000.0,23,Mobile,0
T0000014,A01041,A00866,999000.0,2,Branch,0
T0000015,A00090,A00734,3802000.0,6,Mobile,0
T0000016,A00137,A00242,544000.0,18,ATM,0
T0000017,A00609,A00708,5305000.0,8,Mobile,0
T0000018,A00879,A01099,5878000.0,5,Mobile,0
T0000019,A00972,A00588,2747000.0,6,ATM,0
T0000020,A00529,A01042,408000.0,22,Mobile,0
T0000021,A00780,A00378,108000.0,20,ATM,0
T0000022,A00664,A00386,3932000.0,0,Mobile,0
T0000023,A01154,A00742,1356000.0,20,Mobile,0
T0000024,A00785,A00994,529000.0,13,Branch,0
T0000025,A00501,A01069,4363000.0,20,Mobile,0
T0000026,A01164,A00925,465000.0,14,Branch,0
T0000027,A00129,A00712,753000.0,16,Branch,0
T0000028,A01182,A01169,2138000.0,13,Mobile,0
T0000029,A00185,A00405,353000.0,17,Mobile,0
T0000030,A00346,A00799,1064000.0,19,ATM,0
T0000031,A00986,A00658,3976000.0,12,Mobile,0
T0000032,A00881,A00322,1514000.0,2,Internet Banking,0
T0000033,A01165,A01042,4733000.0,2,Mobile,0
T0000034,A00900,A00708,4176000.0,9,Mobile,0
T0000035,A00765,A00630,1210000.0,11,Internet Banking,0
T0000036,A00416,A00086,92000.0,20,Internet Banking,0
T0000037,A00006,A01156,356000.0,0,Internet Banking,0
T0000038,A00149,A00382,2779000.0,21,Internet Banking,0
T0000039,A00358,A00626,218000.0,1,Mobile,0
T0000040,A00050,A00581,838000.0,11,Mobile,0
T0000041,A00610,A00842,1741000.0,10,Mobile,0
T0000042,A00933,A01142,6043000.0,13,Mobile,0
T0000043,A01156,A00659,638000.0,1,Mobile,0
T0000044,A00588,A00532,591000.0,18,Internet Banking,1
T0000045,A01051,A00180,1133000.0,3,Mobile,0
T0000046,A01183,A01065,1765000.0,18,Mobile,0
T0000047,A01032,A00486,1013000.0,13,Internet Banking,0
T0000048,A00558,A00943,3806000.0,21,Mobile,0
T0000049,A00391,A00859,498000.0,23,Branch,0
T0000050,A01174,A01196,1370000.0,20,Mobile,0
T0000051,A00291,A00734,1958000.0,10,Mobile,0
T0000052,A00494,A00184,773000.0,9,ATM,0
T0000053,A00089,A00050,3022000.0,15,Internet Banking,0
T0000054,A00953,A00623,1414000.0,15,ATM,0
T0000055,A00780,A01093,2858000.0,18,Mobile,0
T0000056,A00102,A00576,1486000.0,11,Mobile,0
T0000057,A00267,A00673,1816000.0,11,Internet Banking,0
T0000058,A00667,A00597,599000.0,2,Mobile,0
T0000059,A00649,A00620,600000.0,4,Internet Banking,0
T0000060,A00963,A01037,4614000.0,19,Mobile,0
T0000061,A00320,A00766,2414000.0,23,Mobile,0
T0000062,A01110,A00878,389000.0,14,Mobile,0
T0000063,A00534,A01060,1464000.0,8,ATM,0
T0000064,A00988,A00753,88000.0,1,Mobile,0
T0000065,A00287,A00536,638000.0,1,Branch,0
T0000066,A00045,A00513,3454000.0,16,Mobile,0
T0000067,A00067,A00170,1046000.0,15,Mobile,0
T0000068,A00448,A01117,1366000.0,6,Mobile,1
T0000069,A01144,A00172,50000.0,4,Internet Banking,0
T0000070,A00059,A00612,779000.0,1,ATM,0
T0000071,A00443,A00873,1741000.0,16,Mobile,0
T0000072,A00132,A00025,2002000.0,14,Mobile,0
T0000073,A01118,A00446,3459000.0,7,Internet Banking,0
T0000074,A00811,A00584,952000.0,17,Mobile,0
T0000075,A00916,A00082,1000000.0,20,Internet Banking,0
T0000076,A00856,A00558,277000.0,12,Internet Banking,0
T0000077,A00789,A00456,958000.0,6,Mobile,0
T0000078,A00929,A00275,300000.0,0,Internet Banking,0
T0000079,A00010,A00207,157000.0,19,Internet Banking,0
T0000080,A01039,A00298,364000.0,13,Mobile,0
T0000081,A00888,A00762,6308000.0,8,Mobile,0
T0000082,A00888,A00469,891000.0,0,Mobile,0
T0000083,A00473,A00054,1528000.0,19,ATM,0
T0000084,A00962,A00635,682000.0,22,Internet Banking,0
T0000085,A00459,A00590,167000.0,11,Mobile,0
T0000086,A00059,A00212,3360000.0,6,Mobile,0
T0000087,A01090,A00064,110000.0,14,Mobile,0
T0000088,A00282,A00214,652000.0,20,Mobile,0
T0000089,A00123,A00920,1130000.0,14,Mobile,0
T0000090,A00747,A00570,1546000.0,0,Mobile,0
T0000091,A00281,A01060,540000.0,4,Mobile,0
T0000092,A01030,A00307,159000.0,2,Internet Banking,0
T0000093,A00533,A00198,497000.0,9,Internet Banking,0
T0000094,A00006,A00740,527000.0,10,Mobile,0
T0000095,A01143,A01082,513000.0,12,Internet Banking,0
T0000096,A00618,A00638,3488000.0,18,Mobile,0
T0000097,A00316,A00944,316000.0,2,Mobile,0
T0000098,A00813,A00523,1671000.0,22,Branch,0
T0000099,A00637,A00093,1428000.0,6,Internet Banking,0
T0000100,A00036,A00127,3452000.0,12,Mobile,0
T0000101,A00912,A01183,1037000.0,5,Mobile,0
T0000102,A00482,A00300,2865000.0,8,Internet Banking,0
T0000103,A00840,A00590,993000.0,19,Mobile,0
T0000104,A01075,A00929,1935000.0,1,Branch,0
T0000105,A00733,A00081,230000.0,11,Mobile,0
T0000106,A00806,A00654,66000.0,14,Mobile,0
T0000107,A00306,A00533,1818000.0,13,Internet Banking,0
T0000108,A00286,A00669,1928000.0,9,Internet Banking,0
T0000109,A00499,A00862,2025000.0,9,Mobile,0
T0000110,A01024,A00358,674000.0,21,Branch,1
T0000111,A00630,A00065,6178000.0,5,Branch,0
T0000112,A00418,A00008,724000.0,11,Mobile,0
T0000113,A00936,A01067,1907000.0,8,Mobile,0
T0000114,A01025,A00089,2308000.0,18,Mobile,0
T0000115,A01084,A01147,7948000.0,19,Internet Banking,0
T0000116,A00359,A00086,847000.0,20,Internet Banking,0
T0000117,A00852,A00042,585000.0,2,Mobile,0
T0000118,A00709,A00542,231000.0,2,Branch,0
T0000119,A00539,A00277,6619000.0,9,Mobile,0
T0000120,A00477,A00249,1908000.0,10,ATM,0
T0000121,A00138,A00799,1975000.0,1,ATM,0
T0000122,A00330,A00629,36992000.0,21,Mobile,0
T0000123,A00660,A00766,1716000.0,21,Mobile,0
T0000124,A01064,A00360,286000.0,10,Mobile,0
T0000125,A01040,A00553,967000.0,18,Branch,0
T0000126,A00226,A00525,411000.0,13,Mobile,0
T0000127,A00816,A00375,776000.0,15,ATM,0
T0000128,A00102,A00363,771000.0,20,Mobile,0
T0000129,A00811,A00197,629000.0,2,Mobile,0
T0000130,A00411,A00653,259000.0,5,Branch,0
T0000131,A00540,A00040,6918000.0,10,Mobile,0
T0000132,A00862,A00046,1667000.0,21,Internet Banking,0
T0000133,A00510,A00856,936000.0,14,Mobile,0
T0000134,A00969,A00024,2761000.0,9,Mobile,0
T0000135,A00641,A01187,2015000.0,0,Mobile,0
T0000136,A01199,A00485,1625000.0,14,Mobile,0
T0000137,A00766,A00105,2549000.0,6,Internet Banking,0
T0000138,A00356,A00644,1390000.0,7,Mobile,0
T0000139,A00931,A00768,2508000.0,23,Mobile,0
T0000140,A00490,A00552,2748000.0,12,Mobile,0
T0000141,A00642,A01062,1435000.0,3,Internet Banking,0
T0000142,A00165,A00407,942000.0,1,ATM,0
T0000143,A00144,A00241,6461000.0,9,Internet Banking,0
T0000144,A00690,A00849,709000.0,1,Branch,0
T0000145,A00225,A00362,1846000.0,10,Mobile,0
T0000146,A01198,A01195,1892000.0,9,Mobile,0
T0000147,A01027,A00304,614000.0,21,Internet Banking,0
T0000148,A00842,A00040,493000.0,8,Mobile,0
T0000149,A00882,A00858,813000.0,6,Internet Banking,0
T0000150,A00715,A00947,698000.0,14,ATM,0
T0000151,A00073,A00155,241000.0,15,Mobile,0
T0000152,A00471,A00075,586000.0,0,Branch,0
T0000153,A00595,A00415,1608000.0,2,Mobile,0
T0000154,A01099,A00056,4830000.0,4,Internet Banking,0
T0000155,A00264,A00669,2208000.0,18,Mobile,0
T0000156,A00597,A01000,69000.0,5,Internet Banking,0
T0000157,A00413,A00167,2430000.0,23,Mobile,0
T0000158,A00162,A00785,649000.0,10,Branch,0
T0000159,A00124,A00183,1975000.0,22,Branch,0
T0000160,A00439,A01019,1181000.0,5,Internet Banking,0
T0000161,A00099,A00600,971000.0,10,Internet Banking,0
T0000162,A00081,A00530,1072000.0,3,Internet Banking,0
T0000163,A00422,A00774,1171000.0,20,Internet Banking,0
T0000164,A00243,A00724,5265000.0,14,Internet Banking,0
T0000165,A00666,A01058,1174000.0,1,Internet Banking,0
T0000166,A00022,A00840,3961000.0,17,ATM,0
T0000167,A00363,A00417,3374000.0,21,Internet Banking,0
T0000168,A00544,A00523,2499000.0,16,Mobile,0
T0000169,A01156,A01089,168000.0,19,Branch,0
T0000170,A00762,A00296,4098000.0,6,Mobile,0
T0000171,A01057,A01164,725000.0,10,Mobile,0
T0000172,A00412,A00262,2637000.0,20,Branch,0
T0000173,A00540,A00699,412000.0,14,Mobile,0
T0000174,A00505,A00125,326000.0,14,Mobile,0
T0000175,A01065,A01098,10552000.0,18,Internet Banking,0
T0000176,A01152,A01051,419000.0,14,ATM,0
T0000177,A01155,A00201,4234000.0,3,Mobile,0
T0000178,A00903,A00084,1367000.0,5,Mobile,0
T0000179,A00604,A00977,756000.0,18,Mobile,0
T0000180,A00650,A00592,1142000.0,5,Mobile,0
T0000181,A01177,A00855,287000.0,15,Mobile,0
T0000182,A00342,A00039,1182000.0,11,Mobile,0
T0000183,A00417,A00853,365000.0,14,Branch,0
T0000184,A01077,A00177,777000.0,5,Internet Banking,0
T0000185,A00464,A01039,3321000.0,7,ATM,0
T0000186,A00283,A00098,1587000.0,16,Branch,0
T0000187,A00673,A00729,235000.0,4,Branch,0
T0000188,A00391,A01004,3062000.0,7,Internet Banking,0
T0000189,A01070,A00170,1191000.0,23,Mobile,0
T0000190,A01091,A00336,661000.0,3,ATM,0
T0000191,A00368,A01191,2728000.0,13,Internet Banking,0
T0000192,A00636,A00662,998000.0,3,Mobile,0
T0000193,A01181,A01117,333000.0,16,Mobile,0
T0000194,A00891,A00604,9161000.0,3,Mobile,0
T0000195,A00259,A00117,1177000.0,13,Mobile,0
T0000196,A00709,A00285,1097000.0,10,ATM,0
T0000197,A00744,A00495,769000.0,16,Mobile,0
T0000198,A00785,A00211,4394000.0,0,Mobile,0
T0000199,A00031,A01074,674000.0,12,Mobile,0
T0000200,A00360,A00859,219000.0,13,ATM,0
T0000201,A01026,A00819,569000.0,5,Mobile,0
T0000202,A00290,A00247,5164000.0,7,Mobile,0
T0000203,A00360,A00788,2997000.0,16,ATM,0
T0000204,A00387,A00887,906000.0,13,ATM,0
T0000205,A00213,A00173,5435000.0,13,Internet Banking,0
T0000206,A00187,A00127,2732000.0,22,Internet Banking,0
T0000207,A00417,A00683,895000.0,9,Mobile,0
T0000208,A01050,A00172,1000000.0,20,Branch,0
T0000209,A00002,A00207,1724000.0,23,Internet Banking,0
T0000210,A00340,A01170,481000.0,13,Internet Banking,0
T0000211,A00073,A00047,1206000.0,5,Mobile,0
T0000212,A00674,A00528,1685000.0,10,Internet Banking,0
T0000213,A00301,A00627,188000.0,1,Mobile,0
T0000214,A00951,A00273,974000.0,16,Mobile,0
T0000215,A00703,A00072,860000.0,6,Internet Banking,0
T0000216,A00941,A00122,3718000.0,22,ATM,0
T0000217,A00762,A00930,158000.0,15,Mobile,0
T0000218,A00527,A00539,789000.0,11,ATM,0
T0000219,A01034,A00618,706000.0,4,Mobile,0
T0000220,A00572,A00738,3450000.0,2,Internet Banking,0
T0000221,A01140,A00915,1144000.0,16,Mobile,0
T0000222,A01194,A00840,8654000.0,18,Mobile,0
T0000223,A00707,A00287,2486000.0,6,ATM,0
T0000224,A00810,A00429,764000.0,0,Mobile,0
T0000225,A00307,A00211,1562000.0,7,Branch,0
T0000226,A00978,A00679,813000.0,18,Mobile,0
T0000227,A00806,A00112,3088000.0,13,Internet Banking,0
T0000228,A01084,A00420,277000.0,2,Mobile,0
T0000229,A00321,A00672,485000.0,2,Internet Banking,0
T0000230,A00946,A00682,1981000.0,2,Branch,0
T0000231,A00565,A00104,4621000.0,18,Internet Banking,0
T0000232,A00223,A00043,106000.0,18,Mobile,0
T0000233,A00206,A00100,5443000.0,9,ATM,0
T0000234,A00675,A01172,1029000.0,16,Internet Banking,0
T0000235,A00384,A00406,151000.0,0,Mobile,0
T0000236,A00123,A00616,50000.0,13,Internet Banking,0
T0000237,A00513,A00035,223000.0,6,Internet Banking,1
T0000238,A00784,A00695,1174000.0,19,ATM,0
T0000239,A00383,A00307,1116000.0,11,Mobile,0
T0000240,A01147,A00822,2408000.0,20,Mobile,0
T0000241,A00936,A00319,656000.0,13,Branch,0
T0000242,A00616,A00219,355000.0,10,Internet Banking,0
T0000243,A01122,A00001,762000.0,22,Internet Banking,0
T0000244,A00520,A00017,1245000.0,23,Branch,0
T0000245,A00168,A00832,1547000.0,10,Mobile,0
T0000246,A00044,A00907,504000.0,8,Mobile,0
T0000247,A01126,A00358,3235000.0,15,ATM,0
T0000248,A01152,A00184,606000.0,4,Internet Banking,0
T0000249,A00888,A00990,461000.0,9,Branch,0
T0000250,A00124,A00883,661000.0,20,Internet Banking,0
T0000251,A00353,A00239,3914000.0,21,Mobile,0
T0000252,A00050,A00545,1037000.0,9,Mobile,0
T0000253,A00062,A00856,559000.0,9,Mobile,0
T0000254,A00296,A00701,3324000.0,20,Branch,0
T0000255,A00687,A01066,12671000.0,4,Mobile,0
T0000256,A00079,A00129,1511000.0,1,Internet Banking,0
T0000257,A01182,A00804,4662000.0,1,Mobile,0
T0000258,A00547,A00668,3751000.0,2,Mobile,0
T0000259,A00317,A00492,616000.0,21,Mobile,0
T0000260,A00620,A00538,1236000.0,0,Internet Banking,0
T0000261,A00949,A00894,293000.0,7,Mobile,0
T0000262,A00376,A00480,958000.0,14,Branch,0
T0000263,A00058,A00823,603000.0,14,Branch,0
T0000264,A00062,A00906,770000.0,19,Mobile,0
T0000265,A01023,A00563,526000.0,23,ATM,0
T0000266,A00134,A00879,875000.0,9,Mobile,0
T0000267,A00763,A00594,2155000.0,5,Mobile,0
T0000268,A00462,A00910,1052000.0,2,Mobile,0
T0000269,A00934,A00108,154000.0,21,ATM,0
T0000270,A00073,A00718,528000.0,8,Internet Banking,0
T0000271,A01078,A00670,226000.0,21,Mobile,0
T0000272,A00838,A00349,1570000.0,8,Internet Banking,0
T0000273,A00540,A00584,2088000.0,18,Internet Banking,0
T0000274,A00249,A00605,1591000.0,15,Internet Banking,0
T0000275,A01173,A00809,505000.0,17,Internet Banking,0
T0000276,A00363,A00989,1574000.0,15,ATM,0
T0000277,A00589,A00554,715000.0,7,Internet Banking,0
T0000278,A00473,A00633,343000.0,2,Mobile,0
T0000279,A00277,A00752,2714000.0,0,ATM,0
T0000280,A00500,A00005,2951000.0,10,Mobile,0
T0000281,A00182,A00763,3408000.0,21,Internet Banking,0
T0000282,A00002,A01134,615000.0,15,Internet Banking,0
T0000283,A00348,A00640,4391000.0,16,Mobile,0
T0000284,A00135,A00994,697000.0,6,Mobile,0
T0000285,A00498,A00144,2462000.0,11,Internet Banking,0
T0000286,A01036,A00122,684000.0,9,ATM,0
T0000287,A00196,A00554,938000.0,3,ATM,0
T0000288,A00002,A00611,84000.0,14,Internet Banking,0
T0000289,A00134,A00635,861000.0,8,Mobile,0
T0000290,A00610,A00035,1326000.0,9,Mobile,0
T0000291,A00330,A00295,764000.0,14,ATM,0
T0000292,A00588,A00313,8282000.0,0,Mobile,0
T0000293,A00036,A01136,334000.0,22,Internet Banking,0
T0000294,A00400,A00968,646000.0,5,Mobile,0
T0000295,A00493,A00002,444000.0,16,Mobile,0
T0000296,A00518,A00429,645000.0,18,Internet Banking,0
T0000297,A00662,A00377,3732000.0,3,Internet Banking,0
T0000298,A00937,A00516,6099000.0,5,Internet Banking,0
T0000299,A00561,A00159,555000.0,9,Mobile,0
T0000300,A01010,A00331,542000.0,19,ATM,0
T0000301,A00636,A00713,336000.0,15,Mobile,0
T0000302,A00313,A00409,5049000.0,11,ATM,0
T0000303,A00275,A00563,4118000.0,20,Internet Banking,0
T0000304,A00387,A01027,1068000.0,11,Mobile,0
T0000305,A00717,A00184,258000.0,21,Internet Banking,0
T0000306,A00291,A01061,285000.0,18,Internet Banking,0
T0000307,A01098,A00402,1448000.0,4,Internet Banking,0
T0000308,A00576,A00637,2196000.0,9,Internet Banking,0
T0000309,A01036,A00020,124000.0,0,Mobile,0
T0000310,A00820,A01016,843000.0,5,Branch,0
T0000311,A00401,A00812,7117000.0,0,Mobile,0
T0000312,A00274,A00085,945000.0,2,Mobile,0
T0000313,A00893,A01000,6178000.0,0,ATM,0
T0000314,A00397,A01026,2450000.0,16,Mobile,0
T0000315,A00297,A00504,364000.0,9,Branch,0
T0000316,A01117,A00530,870000.0,11,Mobile,0
T0000317,A00580,A00603,1042000.0,18,Mobile,0
T0000318,A00059,A00739,421000.0,19,Mobile,0
T0000319,A00594,A01113,413000.0,12,Mobile,0
T0000320,A00553,A01058,6295000.0,10,Mobile,0
T0000321,A01037,A01004,410000.0,15,Mobile,0
T0000322,A00854,A01152,3930000.0,9,Mobile,0
T0000323,A00230,A01013,742000.0,10,Mobile,0
T0000324,A00181,A00936,1167000.0,7,Mobile,0
T0000325,A00725,A00112,2226000.0,4,Mobile,0
T0000326,A00057,A00289,621000.0,4,Mobile,0
T0000327,A00383,A01067,2241000.0,15,Mobile,0
T0000328,A00166,A00981,126000.0,19,Mobile,0
T0000329,A00025,A01115,1946000.0,10,Mobile,0
T0000330,A01103,A00824,79000.0,2,Mobile,0
T0000331,A00108,A00848,935000.0,14,Mobile,0
T0000332,A00012,A00615,3071000.0,21,Branch,0
T0000333,A01120,A00473,2379000.0,12,Mobile,0
T0000334,A00226,A00508,288000.0,0,Mobile,0
T0000335,A00980,A00598,331000.0,1,Internet Banking,0
T0000336,A00038,A00128,563000.0,12,Mobile,0
T0000337,A00185,A00275,1473000.0,20,Mobile,0
T0000338,A00133,A00952,128000.0,1,ATM,0
T0000339,A00848,A00033,1183000.0,18,Internet Banking,0
T0000340,A00745,A00909,1690000.0,18,Branch,0
T0000341,A00571,A00609,879000.0,1,Branch,0
T0000342,A00290,A01198,2139000.0,5,Internet Banking,0
T0000343,A00107,A00514,1535000.0,0,Internet Banking,0
T0000344,A00684,A00575,661000.0,13,Mobile,0
T0000345,A00277,A00153,143000.0,4,ATM,0
T0000346,A00709,A00969,1390000.0,21,Internet Banking,0
T0000347,A00825,A00842,421000.0,2,Mobile,0
T0000348,A01020,A00623,635000.0,15,Mobile,0
T0000349,A00593,A00112,2033000.0,18,Internet Banking,0
T0000350,A00006,A00254,5705000.0,4,Internet Banking,0
T0000351,A00337,A00325,1151000.0,6,ATM,0
T0000352,A01025,A00051,2207000.0,19,Mobile,0
T0000353,A00640,A00610,245000.0,2,ATM,0
T0000354,A00743,A00341,1572000.0,10,Mobile,0
T0000355,A00550,A00461,1123000.0,6,Internet Banking,0
T0000356,A00196,A01029,4639000.0,0,Mobile,0
T0000357,A01077,A00215,662000.0,10,Mobile,0
T0000358,A00928,A01186,920000.0,11,Mobile,0
T0000359,A01195,A00706,3846000.0,8,Mobile,0
T0000360,A01027,A00045,1084000.0,19,Mobile,0
T0000361,A00350,A01161,354000.0,2,ATM,0
T0000362,A00306,A00863,19868000.0,10,Mobile,0
T0000363,A00299,A01173,366000.0,4,Internet Banking,0
T0000364,A01103,A00409,1118000.0,18,Internet Banking,0
T0000365,A00669,A00154,1757000.0,13,Mobile,0
T0000366,A00546,A00739,1611000.0,16,ATM,0
T0000367,A01162,A00938,974000.0,2,ATM,0
T0000368,A00725,A00596,979000.0,10,ATM,0
T0000369,A01092,A00277,927000.0,1,ATM,0
T0000370,A01182,A01109,352000.0,7,Internet Banking,0
T0000371,A00096,A01179,12776000.0,22,Branch,0
T0000372,A00434,A00418,942000.0,17,Mobile,0
T0000373,A00881,A01085,2314000.0,1,Mobile,0
T0000374,A00976,A00032,830000.0,8,Internet Banking,0
T0000375,A00179,A00297,812000.0,20,Mobile,0
T0000376,A00383,A00820,727000.0,4,Internet Banking,0
T0000377,A00658,A00695,218000.0,18,Mobile,0
T0000378,A00960,A01194,1006000.0,7,Mobile,0
T0000379,A00136,A00971,767000.0,11,ATM,0
T0000380,A00721,A00726,4354000.0,21,Mobile,0
T0000381,A00356,A00064,322000.0,16,Mobile,0
T0000382,A00260,A00102,636000.0,6,Internet Banking,0
T0000383,A00619,A00312,447000.0,0,ATM,0
T0000384,A00497,A00007,5866000.0,5,ATM,0
T0000385,A00763,A00594,461000.0,10,Mobile,0
T0000386,A00382,A00090,2227000.0,3,ATM,0
T0000387,A00988,A00915,3489000.0,21,Internet Banking,0
T0000388,A00094,A01044,1022000.0,1,ATM,0
T0000389,A01035,A00901,264000.0,12,Mobile,1
T0000390,A00036,A00045,268000.0,23,Mobile,0
T0000391,A00884,A00493,3090000.0,8,Internet Banking,0
T0000392,A00416,A01194,300000.0,12,Internet Banking,0
T0000393,A00461,A00249,1847000.0,1,Mobile,0
T0000394,A00023,A00534,1361000.0,17,Internet Banking,0
T0000395,A00843,A00210,1817000.0,23,Internet Banking,0
T0000396,A00199,A00708,2016000.0,18,Mobile,0
T0000397,A00791,A00350,430000.0,3,Internet Banking,0
T0000398,A00871,A00640,410000.0,8,Mobile,0
T0000399,A01015,A00359,2635000.0,17,ATM,0
T0000400,A00850,A00826,601000.0,19,Internet Banking,0
T0000401,A00362,A00361,58000.0,9,Internet Banking,0
T0000402,A00887,A00454,2450000.0,23,Branch,0
T0000403,A00992,A00301,384000.0,4,Internet Banking,0
T0000404,A00381,A00901,2006000.0,17,Mobile,0
T0000405,A00150,A00225,5553000.0,11,Internet Banking,0
T0000406,A01069,A00374,1222000.0,17,Branch,0
T0000407,A00178,A00750,3588000.0,14,Mobile,0
T0000408,A00713,A00421,1421000.0,10,Internet Banking,1
T0000409,A00284,A00873,6879000.0,19,Mobile,0
T0000410,A00152,A00015,373000.0,20,ATM,0
T0000411,A00932,A00236,1189000.0,19,Internet Banking,0
T0000412,A00173,A00090,2516000.0,2,Branch,0
T0000413,A00805,A00098,973000.0,10,Internet Banking,0
T0000414,A00832,A00665,4262000.0,17,Mobile,0
T0000415,A00073,A00464,746000.0,20,Internet Banking,0
T0000416,A00208,A00012,11689000.0,8,Branch,0
T0000417,A00954,A00633,12388000.0,17,Mobile,0
T0000418,A00609,A01128,1637000.0,13,Mobile,0
T0000419,A00146,A00018,2204000.0,5,Internet Banking,0
T0000420,A01191,A01017,4451000.0,21,Internet Banking,0
T0000421,A00318,A00031,325000.0,10,Mobile,0
T0000422,A00005,A00633,283000.0,14,Mobile,0
T0000423,A01109,A01056,4780000.0,6,Mobile,0
T0000424,A00020,A00474,1622000.0,0,Internet Banking,0
T0000425,A00665,A00280,935000.0,10,Mobile,0
T0000426,A01192,A00226,1215000.0,17,Mobile,0
T0000427,A00694,A00286,87000.0,7,ATM,0
T0000428,A00702,A00984,973000.0,22,Mobile,0
T0000429,A00466,A00338,524000.0,18,Internet Banking,0
T0000430,A00153,A00004,3294000.0,15,Mobile,0
T0000431,A00688,A00534,3585000.0,19,Mobile,0
T0000432,A01077,A00744,2263000.0,20,Internet Banking,0
T0000433,A00110,A00098,1854000.0,17,Internet Banking,0
T0000434,A01057,A01122,231000.0,19,Branch,0
T0000435,A00499,A00153,2298000.0,17,Mobile,0
T0000436,A00644,A00633,2398000.0,20,Mobile,0
T0000437,A00199,A00025,4721000.0,2,Mobile,0
T0000438,A00747,A00344,12334000.0,8,Internet Banking,0
T0000439,A00219,A00777,186000.0,21,Mobile,0
T0000440,A00328,A00454,783000.0,11,ATM,0
T0000441,A00866,A00708,530000.0,0,ATM,0
T0000442,A00061,A00990,1451000.0,20,Mobile,0
T0000443,A00537,A00282,1218000.0,15,Mobile,0
T0000444,A00714,A00484,928000.0,21,Mobile,0
T0000445,A00159,A00050,3716000.0,0,Internet Banking,0
T0000446,A00354,A00743,357000.0,3,Internet Banking,0
T0000447,A00413,A00368,382000.0,12,ATM,0
T0000448,A00797,A00181,389000.0,4,Internet Banking,0
T0000449,A01173,A00981,807000.0,12,Mobile,0
T0000450,A01004,A00035,311000.0,8,Mobile,0
T0000451,A00228,A01069,1138000.0,5,Mobile,0
T0000452,A00022,A01176,1000000.0,18,Branch,0
T0000453,A00063,A00387,505000.0,0,ATM,0
T0000454,A00715,A00071,3138000.0,20,ATM,0
T0000455,A00188,A00022,1124000.0,3,ATM,0
T0000456,A00278,A00890,3862000.0,13,Mobile,0
T0000457,A01017,A00139,968000.0,23,Internet Banking,0
T0000458,A01049,A01009,1168000.0,2,Internet Banking,0
T0000459,A01007,A00375,646000.0,22,Mobile,0
T0000460,A00305,A01105,1191000.0,7,Mobile,0
T0000461,A00744,A01130,2627000.0,17,Internet Banking,0
T0000462,A00733,A00503,763000.0,20,ATM,0
T0000463,A00223,A00777,2122000.0,5,Mobile,0
T0000464,A00665,A01128,491000.0,8,ATM,0
T0000465,A00631,A00557,2766000.0,20,Branch,0
T0000466,A00476,A00806,634000.0,2,Branch,0
T0000467,A00902,A01051,3062000.0,2,Mobile,0
T0000468,A00814,A00802,1283000.0,7,Mobile,0
T0000469,A00640,A00715,6394000.0,14,Internet Banking,0
T0000470,A00871,A01009,337000.0,19,Mobile,0
T0000471,A00916,A00277,237000.0,13,Mobile,0
T0000472,A00681,A01139,609000.0,11,ATM,0
T0000473,A00322,A00100,262000.0,20,Mobile,0
T0000474,A00911,A00261,262000.0,4,Mobile,0
T0000475,A00862,A00470,2377000.0,21,Branch,0
T0000476,A01181,A00490,1194000.0,7,Mobile,0
T0000477,A00180,A00956,708000.0,6,Branch,0
T0000478,A00504,A00614,784000.0,22,Mobile,0
T0000479,A01110,A00700,622000.0,15,Mobile,0
T0000480,A00618,A00573,7372000.0,10,Mobile,0
T0000481,A01132,A00059,534000.0,7,Mobile,0
T0000482,A00015,A01033,280000.0,10,Mobile,0
T0000483,A00043,A00177,2881000.0,18,ATM,0
T0000484,A00956,A00150,946000.0,3,Branch,0
T0000485,A00431,A00431,11302000.0,4,Mobile,0
T0000486,A00625,A00683,673000.0,7,Mobile,0
T0000487,A00514,A00101,3043000.0,11,Internet Banking,0
T0000488,A00490,A00743,3946000.0,19,Mobile,0
T0000489,A01128,A00645,676000.0,5,Mobile,0
T0000490,A00113,A00877,530000.0,18,Mobile,0
T0000491,A00927,A00413,2712000.0,21,Mobile,0
T0000492,A01068,A01140,2259000.0,10,Internet Banking,0
T0000493,A00789,A01074,254000.0,23,Mobile,0
T0000494,A00475,A00920,347000.0,21,Internet Banking,0
T0000495,A00193,A00720,74000.0,19,Mobile,0
T0000496,A00820,A01053,2310000.0,9,Mobile,0
T0000497,A00563,A00622,900000.0,7,Internet Banking,0
T0000498,A00180,A00624,1004000.0,20,Mobile,0
T0000499,A00432,A00257,187000.0,10,ATM,0
T0000500,A01154,A00999,359000.0,0,Internet Banking,0
T0000501,A00319,A00669,709000.0,17,ATM,0
T0000502,A00215,A00220,573000.0,8,Mobile,0
T0000503,A00819,A01200,1366000.0,22,Mobile,0
T0000504,A00240,A00915,2280000.0,20,Mobile,0
T0000505,A01104,A00670,14569000.0,2,Internet Banking,0
T0000506,A01031,A00788,1174000.0,21,Internet Banking,0
T0000507,A01181,A00704,4093000.0,22,Mobile,0
T0000508,A01096,A00063,482000.0,18,Mobile,0
T0000509,A00293,A00061,190000.0,6,Mobile,0
T0000510,A00255,A01071,814000.0,16,Mobile,0
T0000511,A00412,A00288,207000.0,20,Mobile,0
T0000512,A00564,A00830,1220000.0,19,Internet Banking,0
T0000513,A01056,A00511,509000.0,10,Branch,0
T0000514,A00881,A00977,140000.0,16,Mobile,0
T0000515,A00774,A00620,8101000.0,9,Mobile,0
T0000516,A01055,A00377,664000.0,6,Mobile,0
T0000517,A00776,A00840,198000.0,16,Mobile,0
T0000518,A00455,A00584,3223000.0,11,Internet Banking,0
T0000519,A00496,A01094,538000.0,5,Mobile,0
T0000520,A00621,A00891,3981000.0,15,Branch,0
T0000521,A00107,A00853,536000.0,7,ATM,0
T0000522,A00891,A00292,662000.0,14,Mobile,0
T0000523,A00784,A00907,1754000.0,8,Branch,0
T0000524,A00878,A00215,2304000.0,21,Internet Banking,0
T0000525,A00641,A00878,2795000.0,20,Branch,0
T0000526,A00940,A00792,1087000.0,11,Mobile,0
T0000527,A01140,A01071,2146000.0,17,Branch,0
T0000528,A00684,A00438,2725000.0,4,Mobile,0
T0000529,A00534,A01194,1496000.0,23,Mobile,0
T0000530,A00126,A00978,1026000.0,5,Branch,0
T0000531,A00935,A00612,245000.0,20,Mobile,0
T0000532,A01085,A00142,2320000.0,20,Mobile,0
T0000533,A00840,A00464,1257000.0,4,Mobile,0
T0000534,A01039,A00571,761000.0,0,Mobile,0
T0000535,A01034,A00937,4893000.0,17,Mobile,0
T0000536,A00958,A00468,250000.0,20,Mobile,0
T0000537,A00604,A01090,7321000.0,17,Internet Banking,0
T0000538,A00120,A00176,1171000.0,1,ATM,0
T0000539,A00004,A00222,1702000.0,15,Mobile,0
T0000540,A00246,A00519,777000.0,9,ATM,0
T0000541,A00518,A00439,192000.0,21,Internet Banking,0
T0000542,A00893,A01140,1029000.0,19,ATM,0
T0000543,A00547,A00205,1734000.0,19,ATM,0
T0000544,A00028,A00143,2525000.0,9,Branch,0
T0000545,A00253,A00488,965000.0,7,Mobile,0
T0000546,A01176,A00197,108000.0,19,Internet Banking,0
T0000547,A01186,A01177,220000.0,2,Branch,0
T0000548,A00453,A00506,11468000.0,2,Internet Banking,0
T0000549,A00966,A01129,361000.0,1,Mobile,0
T0000550,A00864,A00864,5767000.0,12,Internet Banking,0
T0000551,A01118,A00253,429000.0,1,ATM,0
T0000552,A01066,A00204,982000.0,13,Mobile,0
T0000553,A00755,A00116,2387000.0,4,Internet Banking,0
T0000554,A00474,A00869,487000.0,21,ATM,0
T0000555,A00752,A00877,6915000.0,10,Internet Banking,0
T0000556,A00383,A00764,1304000.0,2,Mobile,1
T0000557,A00418,A00133,1992000.0,16,Internet Banking,0
T0000558,A00731,A00471,894000.0,8,Internet Banking,0
T0000559,A00686,A00272,2477000.0,6,Mobile,0
T0000560,A00698,A00032,6814000.0,15,Internet Banking,0
T0000561,A00462,A01151,1039000.0,22,Mobile,0
T0000562,A00491,A00627,8045000.0,23,ATM,0
T0000563,A00013,A00932,612000.0,10,ATM,0
T0000564,A00723,A00345,2781000.0,20,ATM,0
T0000565,A00691,A00511,2055000.0,5,Internet Banking,0
T0000566,A01123,A00271,370000.0,20,Mobile,0
T0000567,A00606,A00261,1518000.0,22,Internet Banking,0
T0000568,A00562,A00518,1210000.0,12,Mobile,0
T0000569,A00082,A01120,469000.0,12,Internet Banking,0
T0000570,A00237,A00825,1779000.0,13,Mobile,0
T0000571,A00406,A00113,1410000.0,1,Internet Banking,0
T0000572,A00453,A01099,1108000.0,20,Internet Banking,0
T0000573,A00436,A00603,1113000.0,17,Mobile,0
T0000574,A00473,A00364,1087000.0,20,Mobile,0
T0000575,A00923,A00506,801000.0,2,Mobile,0
T0000576,A00158,A00186,1400000.0,19,Mobile,0
T0000577,A00399,A00890,591000.0,8,Mobile,0
T0000578,A00196,A00536,22305000.0,19,ATM,0
T0000579,A00370,A00177,255000.0,23,ATM,0
T0000580,A00822,A00699,631000.0,21,Branch,0
T0000581,A00057,A00646,688000.0,21,Mobile,0
T0000582,A00408,A00700,11323000.0,2,Mobile,0
T0000583,A00029,A00656,281000.0,7,Mobile,0
T0000584,A01146,A00913,1917000.0,7,Internet Banking,0
T0000585,A00873,A00317,1577000.0,12,Internet Banking,0
T0000586,A00293,A01169,1732000.0,23,ATM,0
T0000587,A00238,A00298,4675000.0,16,Mobile,0
T0000588,A00119,A00761,4571000.0,13,Internet Banking,0
T0000589,A00568,A00653,731000.0,19,Branch,0
T0000590,A00905,A01116,1485000.0,4,Mobile,0
T0000591,A00702,A00657,154000.0,15,ATM,0
T0000592,A01058,A00234,1338000.0,12,Internet Banking,0
T0000593,A00413,A00735,501000.0,4,Mobile,0
T0000594,A00334,A00217,978000.0,15,Branch,0
T0000595,A00574,A00899,188000.0,20,ATM,0
T0000596,A00243,A00874,1873000.0,19,ATM,0
T0000597,A01171,A00401,186000.0,20,Mobile,0
T0000598,A00223,A00189,1413000.0,19,Mobile,0
T0000599,A00575,A01018,311000.0,11,Internet Banking,0
T0000600,A00627,A00487,471000.0,1,Mobile,0
T0000601,A00069,A00817,4274000.0,23,Mobile,0
T0000602,A00563,A00958,2291000.0,10,Mobile,0
T0000603,A00546,A01180,4248000.0,15,Mobile,0
T0000604,A00312,A00360,6673000.0,0,Internet Banking,0
T0000605,A00154,A00612,513000.0,21,Internet Banking,0
T0000606,A00055,A01092,6241000.0,21,Mobile,0
T0000607,A00011,A00717,239000.0,22,Internet Banking,0
T0000608,A00578,A00328,2727000.0,4,Mobile,0
T0000609,A00108,A00026,697000.0,20,Mobile,0
T0000610,A01152,A00563,431000.0,14,Mobile,0
T0000611,A00294,A01087,2359000.0,3,Mobile,0
T0000612,A00784,A00715,3393000.0,13,Mobile,0
T0000613,A00809,A00371,3284000.0,11,Internet Banking,0
T0000614,A00595,A00333,1520000.0,15,Mobile,0
T0000615,A01061,A00571,1387000.0,2,Internet Banking,0
T0000616,A00133,A00451,2142000.0,13,Mobile,0
T0000617,A00281,A00353,1676000.0,16,Internet Banking,0
T0000618,A00303,A00562,2177000.0,17,Internet Banking,0
T0000619,A00163,A00998,1502000.0,18,Mobile,0
T0000620,A00354,A00453,3032000.0,15,Internet Banking,0
T0000621,A00376,A00591,200000.0,16,ATM,0
T0000622,A00918,A00446,1039000.0,2,Mobile,0
T0000623,A00362,A00812,262000.0,19,Internet Banking,0
T0000624,A01053,A00063,1627000.0,8,ATM,0
T0000625,A00928,A00857,7304000.0,13,Mobile,0
T0000626,A01082,A00891,712000.0,13,Branch,0
T0000627,A00127,A00272,1380000.0,23,Mobile,0
T0000628,A01182,A00181,2758000.0,7,Internet Banking,0
T0000629,A00737,A00754,123000.0,9,ATM,0
T0000630,A01179,A00309,676000.0,18,Branch,0
T0000631,A00426,A00142,1792000.0,15,Internet Banking,0
T0000632,A01144,A00931,50000.0,7,Internet Banking,0
T0000633,A00707,A00036,410000.0,8,Mobile,0
T0000634,A00087,A00642,4028000.0,19,Mobile,0
T0000635,A00493,A00402,3617000.0,20,ATM,0
T0000636,A00166,A00103,1811000.0,3,Mobile,0
T0000637,A01130,A00348,3167000.0,9,ATM,0
T0000638,A00366,A00129,1520000.0,18,Mobile,0
T0000639,A00267,A00076,2211000.0,2,Mobile,0
T0000640,A00664,A00349,848000.0,4,Mobile,0
T0000641,A00511,A00346,1363000.0,3,Internet Banking,0
T0000642,A00117,A00366,599000.0,12,Mobile,1
T0000643,A00980,A00228,4817000.0,10,Mobile,0
T0000644,A01015,A00217,6398000.0,7,Branch,0
T0000645,A00892,A00618,5475000.0,3,ATM,0
T0000646,A00741,A00103,766000.0,15,ATM,0
T0000647,A00484,A00249,420000.0,19,Mobile,0
T0000648,A00651,A00275,4889000.0,5,Mobile,0
T0000649,A00626,A00426,2183000.0,15,Internet Banking,0
T0000650,A00199,A00711,1722000.0,19,Mobile,0
T0000651,A00099,A00341,598000.0,13,Mobile,0
T0000652,A00304,A00456,1917000.0,13,Branch,0
T0000653,A00546,A01175,364000.0,4,Mobile,0
T0000654,A00193,A00225,2410000.0,22,Branch,0
T0000655,A00129,A00683,5469000.0,22,Mobile,0
T0000656,A01023,A00829,7217000.0,17,Mobile,0
T0000657,A00450,A00749,2616000.0,21,Mobile,0
T0000658,A00702,A00285,262000.0,14,Branch,0
T0000659,A00629,A00344,1491000.0,15,Internet Banking,0
T0000660,A00883,A00795,12629000.0,19,ATM,0
T0000661,A00888,A01154,462000.0,0,Mobile,0
T0000662,A00356,A00081,1124000.0,5,ATM,0
T0000663,A01018,A00519,5681000.0,4,Internet Banking,0
T0000664,A00446,A00782,2366000.0,15,Internet Banking,0
T0000665,A01003,A01147,18366000.0,5,ATM,0
T0000666,A00486,A00998,536000.0,9,ATM,0
T0000667,A00134,A00570,404000.0,11,Internet Banking,0
T0000668,A00913,A00301,4613000.0,17,Mobile,0
T0000669,A00037,A00896,322000.0,12,ATM,0
T0000670,A00927,A00692,966000.0,0,Mobile,0
T0000671,A00052,A00908,1116000.0,16,Branch,0
T0000672,A00249,A00681,3751000.0,10,Mobile,0
T0000673,A00725,A00966,2358000.0,2,Mobile,0
T0000674,A01130,A00255,1984000.0,15,Mobile,0
T0000675,A00491,A01067,771000.0,6,Internet Banking,0
T0000676,A00145,A00284,4567000.0,11,Mobile,0
T0000677,A00280,A00454,100000000.0,23,ATM,0
T0000678,A01076,A00083,2567000.0,5,Internet Banking,0
T0000679,A00873,A00416,1339000.0,21,Mobile,0
T0000680,A00121,A00298,288000.0,11,Internet Banking,0
T0000681,A00462,A01157,595000.0,22,ATM,0
T0000682,A00318,A00550,949000.0,20,ATM,0
T0000683,A00214,A00331,666000.0,19,Mobile,0
T0000684,A01016,A00378,1179000.0,4,Branch,0
T0000685,A00742,A00042,8484000.0,18,Mobile,0
T0000686,A00216,A00380,4731000.0,8,Internet Banking,0
T0000687,A00781,A00811,1008000.0,21,ATM,0
T0000688,A00497,A01095,318000.0,23,Mobile,0
T0000689,A00074,A00674,5225000.0,14,Mobile,0
T0000690,A00540,A00889,1137000.0,21,Internet Banking,0
T0000691,A00223,A00059,180000.0,12,Mobile,0
T0000692,A00295,A01084,2627000.0,0,Mobile,0
T0000693,A01055,A00822,3708000.0,20,Mobile,0
T0000694,A00853,A00458,83000.0,12,ATM,0
T0000695,A00161,A00594,484000.0,1,Mobile,0
T0000696,A01022,A00588,1063000.0,1,Mobile,0
T0000697,A00690,A00342,2692000.0,17,Branch,0
T0000698,A01050,A00666,680000.0,22,ATM,0
T0000699,A00897,A00940,480000.0,16,Internet Banking,0
T0000700,A00408,A00834,2670000.0,10,Internet Banking,0
T0000701,A00642,A00158,717000.0,7,Mobile,0
T0000702,A00638,A01011,2178000.0,10,Mobile,0
T0000703,A00864,A00815,353000.0,7,Mobile,0
T0000704,A00299,A00211,271000.0,6,Mobile,0
T0000705,A00400,A00950,2754000.0,3,Mobile,0
T0000706,A00294,A00263,1584000.0,13,Internet Banking,0
T0000707,A00356,A01079,3310000.0,5,Mobile,0
T0000708,A00194,A00793,668000.0,3,Mobile,0
T0000709,A00044,A00164,500000.0,6,ATM,0
T0000710,A01129,A00634,5361000.0,19,Mobile,0
T0000711,A00090,A00283,225000.0,13,Internet Banking,0
T0000712,A01066,A00402,4754000.0,11,Mobile,0
T0000713,A00004,A00817,5129000.0,14,Internet Banking,0
T0000714,A00933,A00179,3091000.0,13,Mobile,0
T0000715,A00395,A00807,563000.0,11,Mobile,0
T0000716,A00622,A00031,489000.0,20,ATM,0
T0000717,A00339,A00371,952000.0,17,Mobile,0
T0000718,A00589,A00202,289000.0,4,Mobile,0
T0000719,A00542,A00846,417000.0,19,Mobile,0
T0000720,A00636,A00122,2439000.0,4,Internet Banking,0
T0000721,A00472,A01012,2451000.0,1,Mobile,0
T0000722,A00644,A00506,378000.0,10,Internet Banking,0
T0000723,A00991,A00785,2525000.0,9,Internet Banking,0
T0000724,A00522,A00074,1978000.0,18,Internet Banking,0
T0000725,A00434,A00430,6317000.0,16,ATM,0
T0000726,A00159,A00807,2244000.0,1,Mobile,0
T0000727,A00432,A00059,3845000.0,11,ATM,0
T0000728,A00151,A01164,2028000.0,19,Mobile,0
T0000729,A00220,A01150,3526000.0,17,Mobile,0
T0000730,A01143,A00684,291000.0,12,Internet Banking,0
T0000731,A00108,A00673,1050000.0,14,Internet Banking,0
T0000732,A00579,A00093,1150000.0,13,Mobile,0
T0000733,A01002,A00713,918000.0,5,Branch,0
T0000734,A01144,A01093,1955000.0,13,Branch,0
T0000735,A00177,A00434,2411000.0,16,Mobile,0
T0000736,A00197,A00791,1847000.0,1,Internet Banking,0
T0000737,A00448,A00515,988000.0,16,ATM,0
T0000738,A00666,A01191,534000.0,5,Branch,0
T0000739,A01152,A00134,4012000.0,0,Internet Banking,0
T0000740,A00250,A00887,1763000.0,18,Mobile,0
T0000741,A00198,A00113,391000.0,9,Internet Banking,0
T0000742,A00304,A01087,970000.0,9,Mobile,0
T0000743,A01050,A01076,176000.0,14,Internet Banking,0
T0000744,A00037,A00335,1248000.0,13,Internet Banking,0
T0000745,A00457,A00024,965000.0,14,Internet Banking,0
T0000746,A00143,A00066,638000.0,22,Mobile,0
T0000747,A00189,A00092,6858000.0,15,Mobile,0
T0000748,A01101,A00186,336000.0,1,Internet Banking,0
T0000749,A00002,A00686,2610000.0,5,Mobile,0
T0000750,A00386,A00074,13299000.0,10,Mobile,0
T0000751,A01099,A00901,3925000.0,11,Mobile,0
T0000752,A00730,A00786,1159000.0,8,ATM,0
T0000753,A00087,A00705,345000.0,4,Mobile,0
T0000754,A00559,A00559,268000.0,2,Internet Banking,0
T0000755,A01166,A00386,763000.0,3,Internet Banking,0
T0000756,A00481,A00483,564000.0,22,ATM,0
T0000757,A00635,A00776,544000.0,9,Internet Banking,0
T0000758,A00639,A00051,838000.0,23,Mobile,0
T0000759,A00793,A00875,1072000.0,8,Mobile,0
T0000760,A00225,A00737,2046000.0,7,Mobile,0
T0000761,A01008,A00677,308000.0,11,ATM,0
T0000762,A01187,A00552,567000.0,22,Internet Banking,0
T0000763,A00172,A00874,1007000.0,13,ATM,0
T0000764,A00982,A00764,968000.0,0,Internet Banking,0
T0000765,A00981,A01043,9047000.0,6,ATM,0
T0000766,A00890,A00509,1549000.0,23,Branch,0
T0000767,A00446,A00548,203000.0,3,Internet Banking,0
T0000768,A00563,A00290,1901000.0,20,Mobile,0
T0000769,A01008,A00995,2187000.0,22,Mobile,0
T0000770,A00184,A01132,1046000.0,5,Internet Banking,0
T0000771,A00995,A00740,316000.0,13,ATM,0
T0000772,A01105,A00988,8299000.0,14,Internet Banking,0
T0000773,A00819,A00673,370000.0,19,Mobile,0
T0000774,A00410,A00931,2482000.0,19,Internet Banking,0
T0000775,A00671,A00214,1495000.0,1,Mobile,0
T0000776,A00061,A00466,2324000.0,7,Mobile,0
T0000777,A01119,A00122,7845000.0,22,ATM,0
T0000778,A00411,A00523,2226000.0,8,Internet Banking,0
T0000779,A00069,A00919,649000.0,5,Mobile,0
T0000780,A00954,A00641,4051000.0,15,Mobile,0
T0000781,A00790,A01026,599000.0,4,Internet Banking,0
T0000782,A00748,A00950,1437000.0,3,Mobile,0
T0000783,A00065,A00144,289000.0,19,Mobile,0
T0000784,A00902,A01021,385000.0,2,Internet Banking,0
T0000785,A00765,A00687,1270000.0,21,Internet Banking,0
T0000786,A00953,A01196,1799000.0,5,Mobile,0
T0000787,A00993,A00831,184000.0,2,Internet Banking,0
T0000788,A00255,A00129,2074000.0,17,Internet Banking,0
T0000789,A00253,A00838,487000.0,4,Mobile,0
T0000790,A01109,A00326,4904000.0,8,Mobile,0
T0000791,A00638,A01034,815000.0,8,Mobile,0
T0000792,A00526,A00143,349000.0,12,Mobile,0
T0000793,A00345,A00592,1304000.0,11,ATM,0
T0000794,A00767,A00156,438000.0,4,Mobile,0
T0000795,A00905,A00869,4846000.0,5,Branch,0
T0000796,A00003,A00688,1201000.0,4,Mobile,0
T0000797,A00664,A00543,1016000.0,1,Internet Banking,0
T0000798,A01193,A00989,2301000.0,15,Internet Banking,0
T0000799,A00337,A00109,397000.0,11,ATM,0
T0000800,A00338,A01011,291000.0,2,ATM,0
T0000801,A01054,A00536,1880000.0,7,Internet Banking,0
T0000802,A00075,A00023,358000.0,16,Mobile,0
T0000803,A00478,A00808,358000.0,6,Branch,0
T0000804,A00550,A00378,3012000.0,9,Branch,0
T0000805,A00958,A00926,2138000.0,17,Branch,0
T0000806,A00155,A00742,302000.0,16,Mobile,0
T0000807,A00521,A01044,607000.0,16,Mobile,0
T0000808,A00183,A01146,444000.0,9,Mobile,0
T0000809,A00946,A00010,8468000.0,11,Internet Banking,0
T0000810,A00759,A00157,3251000.0,20,Mobile,0
T0000811,A00597,A00057,755000.0,20,Mobile,0
T0000812,A00472,A00836,2262000.0,1,Internet Banking,0
T0000813,A00184,A00954,270000.0,20,Mobile,0
T0000814,A01107,A00142,573000.0,21,Internet Banking,0
T0000815,A00778,A00874,1347000.0,22,Mobile,0
T0000816,A00383,A00226,1973000.0,6,ATM,0
T0000817,A00497,A00462,1078000.0,12,Mobile,0
T0000818,A00872,A00908,1576000.0,1,Internet Banking,0
T0000819,A00864,A00149,1308000.0,2,Internet Banking,0
T0000820,A00554,A00779,1002000.0,13,Mobile,0
T0000821,A00364,A01042,866000.0,4,Mobile,0
T0000822,A00792,A00647,751000.0,5,ATM,0
T0000823,A00790,A00934,1549000.0,7,Internet Banking,0
T0000824,A00720,A00619,1886000.0,11,Mobile,0
T0000825,A00088,A00299,1493000.0,3,Internet Banking,0
T0000826,A00568,A01053,328000.0,19,Mobile,0
T0000827,A00737,A01170,400000.0,16,Mobile,0
T0000828,A01141,A00147,1861000.0,18,Mobile,0
T0000829,A00631,A00813,6057000.0,22,Mobile,0
T0000830,A00412,A00138,1419000.0,14,Mobile,0
T0000831,A00667,A00437,763000.0,8,Mobile,0
T0000832,A00213,A00025,1536000.0,23,Mobile,0
T0000833,A00109,A00776,344000.0,13,Mobile,0
T0000834,A00814,A00190,5064000.0,11,Internet Banking,0
T0000835,A01184,A01039,1473000.0,9,Internet Banking,0
T0000836,A01016,A00529,575000.0,0,Mobile,0
T0000837,A00701,A00741,999000.0,22,Mobile,0
T0000838,A00049,A00174,672000.0,19,Internet Banking,0
T0000839,A01186,A01177,5079000.0,16,Internet Banking,0
T0000840,A00540,A00295,961000.0,5,ATM,0
T0000841,A00348,A00061,1424000.0,22,Mobile,0
T0000842,A01071,A00049,2256000.0,4,Mobile,0
T0000843,A00896,A00653,531000.0,5,Mobile,0
T0000844,A00900,A00497,1485000.0,1,Internet Banking,0
T0000845,A00334,A01151,1623000.0,6,Mobile,0
T0000846,A01191,A00998,217000.0,7,Mobile,0
T0000847,A00544,A01113,1585000.0,19,Mobile,0
T0000848,A00638,A01021,1141000.0,7,Internet Banking,0
T0000849,A00902,A00217,1384000.0,22,Mobile,0
T0000850,A00792,A00881,1248000.0,7,Internet Banking,0
T0000851,A00207,A00860,1596000.0,12,Mobile,0
T0000852,A00363,A00670,5225000.0,14,Mobile,0
T0000853,A00434,A00670,328000.0,19,Mobile,0
T0000854,A01138,A00870,824000.0,18,Branch,0
T0000855,A00858,A00303,2498000.0,20,Mobile,0
T0000856,A00440,A00818,2037000.0,22,Mobile,0
T0000857,A00882,A01125,1989000.0,2,ATM,0
T0000858,A00887,A00659,24810000.0,2,Mobile,0
T0000859,A00474,A00407,2358000.0,10,Mobile,0
T0000860,A00484,A00716,4163000.0,3,Mobile,0
T0000861,A01074,A00876,856000.0,11,Internet Banking,0
T0000862,A00675,A00934,403000.0,14,Mobile,0
T0000863,A00180,A00768,849000.0,6,ATM,0
T0000864,A00864,A00381,2626000.0,2,Internet Banking,0
T0000865,A00708,A00734,1877000.0,23,Internet Banking,0
T0000866,A00611,A00816,1870000.0,8,Mobile,0
T0000867,A00871,A01153,948000.0,20,ATM,0
T0000868,A01089,A00599,795000.0,14,ATM,0
T0000869,A00397,A00300,985000.0,15,ATM,0
T0000870,A00504,A00604,2662000.0,18,Mobile,0
T0000871,A00228,A00138,3026000.0,6,Internet Banking,0
T0000872,A00777,A00109,397000.0,5,Internet Banking,0
T0000873,A00484,A00025,2776000.0,23,Branch,0
T0000874,A00411,A00148,587000.0,16,Mobile,0
T0000875,A00836,A00207,2010000.0,7,ATM,0
T0000876,A00490,A00966,972000.0,15,Internet Banking,0
T0000877,A00558,A00843,6717000.0,9,ATM,0
T0000878,A00529,A01080,758000.0,20,Internet Banking,0
T0000879,A00311,A00446,1461000.0,12,ATM,0
T0000880,A00151,A00440,2339000.0,7,Mobile,0
T0000881,A00993,A01106,459000.0,16,Mobile,0
T0000882,A00111,A00154,1108000.0,18,Mobile,0
T0000883,A00390,A00808,895000.0,8,ATM,0
T0000884,A00801,A00036,682000.0,18,Mobile,0
T0000885,A00158,A00497,740000.0,5,Internet Banking,0
T0000886,A00787,A00970,4078000.0,5,Branch,0
T0000887,A00880,A00821,621000.0,19,ATM,0
T0000888,A00796,A00111,2238000.0,14,Internet Banking,0
T0000889,A00367,A00174,1696000.0,0,ATM,0
T0000890,A00024,A00264,258000.0,16,Mobile,0
T0000891,A01065,A00302,2124000.0,7,Mobile,0
T0000892,A00392,A00566,253000.0,6,Internet Banking,0
T0000893,A00967,A00192,2395000.0,10,ATM,0
T0000894,A00238,A00689,687000.0,10,Mobile,0
T0000895,A00195,A00248,1211000.0,21,Mobile,0
T0000896,A00934,A00303,289000.0,10,Internet Banking,0
T0000897,A01128,A00152,1373000.0,7,Mobile,0
T0000898,A01033,A00871,3327000.0,18,ATM,0
T0000899,A00902,A00659,494000.0,13,Mobile,0
T0000900,A00297,A00341,615000.0,0,ATM,0
T0000901,A01096,A00264,1979000.0,15,Internet Banking,0
T0000902,A00802,A00919,2034000.0,12,ATM,0
T0000903,A00207,A00572,82000.0,13,Internet Banking,0
T0000904,A00156,A00820,11015000.0,4,Mobile,0
T0000905,A01046,A00283,2146000.0,11,Mobile,0
T0000906,A00331,A00002,2583000.0,15,ATM,0
T0000907,A00920,A01172,1025000.0,16,Mobile,0
T0000908,A00167,A00811,156000.0,16,Internet Banking,0
T0000909,A00337,A00200,2521000.0,23,Mobile,0
T0000910,A00341,A00301,644000.0,12,ATM,0
T0000911,A00338,A00186,2183000.0,10,Mobile,0
T0000912,A00810,A00555,943000.0,13,Internet Banking,0
T0000913,A01098,A00867,1559000.0,7,Internet Banking,0
T0000914,A01093,A00924,512000.0,7,Mobile,0
T0000915,A00890,A00039,3105000.0,16,Mobile,0
T0000916,A00244,A00996,325000.0,7,ATM,0
T0000917,A01153,A00407,14189000.0,17,Internet Banking,0
T0000918,A00651,A00030,14070000.0,17,Branch,0
T0000919,A00656,A00995,7230000.0,22,ATM,0
T0000920,A00842,A00771,4881000.0,3,Internet Banking,0
T0000921,A00923,A00777,1093000.0,8,Internet Banking,0
T0000922,A01144,A01141,4330000.0,18,Branch,0
T0000923,A00699,A01197,1080000.0,10,Internet Banking,0
T0000924,A00733,A00274,217000.0,15,Mobile,0
T0000925,A00895,A01045,6270000.0,17,ATM,0
T0000926,A00307,A00330,4154000.0,21,Branch,0
T0000927,A00370,A00602,1159000.0,5,Mobile,0
T0000928,A00751,A00977,312000.0,6,Mobile,0
T0000929,A00077,A00919,630000.0,11,Internet Banking,0
T0000930,A00385,A00193,162000.0,12,Internet Banking,0
T0000931,A00862,A00914,3394000.0,21,Mobile,0
T0000932,A01172,A00793,206000.0,0,Internet Banking,0
T0000933,A00624,A00647,1645000.0,5,Internet Banking,0
T0000934,A00480,A00907,474000.0,21,Mobile,0
T0000935,A00529,A00590,250000.0,14,Internet Banking,0
T0000936,A00823,A00045,1560000.0,16,Mobile,0
T0000937,A00654,A00864,831000.0,5,ATM,0
T0000938,A00028,A00545,3017000.0,14,Mobile,0
T0000939,A00648,A01107,298000.0,8,ATM,0
T0000940,A00481,A01179,522000.0,17,Mobile,0
T0000941,A00841,A00602,87000.0,2,Branch,0
T0000942,A01051,A00365,109000.0,6,ATM,0
T0000943,A01155,A00749,8674000.0,15,Mobile,0
T0000944,A00733,A01052,11873000.0,14,Branch,0
T0000945,A00436,A00726,1329000.0,20,Mobile,0
T0000946,A00533,A00196,485000.0,19,Internet Banking,0
T0000947,A00212,A00727,864000.0,0,Branch,0
T0000948,A01124,A00326,3137000.0,2,Branch,0
T0000949,A01017,A00525,681000.0,8,Internet Banking,0
T0000950,A01025,A01019,1558000.0,23,Branch,0
T0000951,A00394,A01011,1183000.0,11,Mobile,0
T0000952,A00387,A00229,642000.0,21,Mobile,0
T0000953,A01028,A00855,673000.0,1,Mobile,0
T0000954,A00654,A00207,1657000.0,23,Mobile,0
T0000955,A00846,A00821,410000.0,1,Internet Banking,0
T0000956,A00588,A00095,1972000.0,19,Mobile,0
T0000957,A00532,A00884,714000.0,21,Internet Banking,0
T0000958,A00759,A00588,1380000.0,7,Mobile,0
T0000959,A00976,A00564,5500000.0,7,Mobile,0
T0000960,A00401,A01182,997000.0,13,Internet Banking,0
T0000961,A00971,A00817,3301000.0,17,Mobile,0
T0000962,A00294,A00814,167000.0,2,Internet Banking,0
T0000963,A00484,A00106,715000.0,5,ATM,0
T0000964,A01096,A00303,1237000.0,18,Internet Banking,0
T0000965,A01146,A01136,9954000.0,19,ATM,0
T0000966,A01109,A00417,139000.0,3,Branch,0
T0000967,A00380,A01179,1079000.0,21,Mobile,0
T0000968,A01012,A00559,5958000.0,20,Internet Banking,0
T0000969,A01124,A00810,506000.0,20,Mobile,0
T0000970,A01174,A00339,950000.0,5,Mobile,0
T0000971,A00026,A00651,1728000.0,16,Internet Banking,0
T0000972,A00894,A01169,1470000.0,3,Internet Banking,0
T0000973,A01197,A00086,6717000.0,4,ATM,0
T0000974,A00918,A00607,1965000.0,1,Internet Banking,0
T0000975,A00280,A00511,5170000.0,11,ATM,0
T0000976,A00916,A00435,808000.0,17,Internet Banking,0
T0000977,A00127,A00381,531000.0,4,Mobile,0
T0000978,A00577,A01083,936000.0,4,Mobile,0
T0000979,A00752,A00187,335000.0,6,Internet Banking,0
T0000980,A00548,A01181,2043000.0,4,Internet Banking,0
T0000981,A00840,A01023,785000.0,19,Mobile,0
T0000982,A00289,A00034,573000.0,4,Mobile,0
T0000983,A00728,A00674,2077000.0,6,Mobile,0
T0000984,A00774,A00727,341000.0,7,Internet Banking,0
T0000985,A00761,A01115,2801000.0,4,Mobile,0
T0000986,A00348,A00876,709000.0,22,Mobile,0
T0000987,A00367,A01101,4294000.0,5,Mobile,0
T0000988,A00310,A00244,779000.0,11,Mobile,0
T0000989,A00555,A00999,2405000.0,13,Internet Banking,0
T0000990,A00704,A00254,1462000.0,6,Branch,0
T0000991,A00436,A01046,2720000.0,11,Mobile,0
T0000992,A00492,A01093,1354000.0,4,Internet Banking,0
T0000993,A00344,A01043,193000.0,11,Internet Banking,0
T0000994,A00263,A00525,3640000.0,0,Internet Banking,0
T0000995,A00789,A01051,1090000.0,10,Mobile,0
T0000996,A00980,A00980,2860000.0,8,Mobile,1
T0000997,A00349,A01099,2564000.0,8,Branch,0
T0000998,A01033,A00398,513000.0,2,Branch,0
T0000999,A00686,A00016,439000.0,23,Mobile,0
T0001000,A00202,A00477,2468000.0,0,Internet Banking,0
T0001001,A00440,A00496,860000.0,3,Mobile,0
T0001002,A00010,A00961,3362000.0,2,Mobile,0
T0001003,A00048,A00035,986000.0,23,Mobile,0
T0001004,A00404,A00195,3699000.0,7,Internet Banking,0
T0001005,A00546,A00773,1912000.0,10,Mobile,0
T0001006,A00958,A01184,1647000.0,18,Mobile,0
T0001007,A00162,A00441,795000.0,1,Mobile,0
T0001008,A01008,A00783,1550000.0,1,Mobile,0
T0001009,A00282,A00165,4457000.0,4,Mobile,0
T0001010,A00166,A00840,1131000.0,16,Internet Banking,0
T0001011,A00840,A00668,2152000.0,23,Internet Banking,0
T0001012,A00930,A00387,1263000.0,14,Mobile,0
T0001013,A00726,A00087,1376000.0,20,Mobile,0
T0001014,A00139,A01029,7989000.0,21,ATM,0
T0001015,A00139,A01074,4501000.0,6,Mobile,0
T0001016,A00469,A00262,1310000.0,4,Mobile,0
T0001017,A00541,A00223,1519000.0,3,ATM,0
T0001018,A01199,A00128,554000.0,19,Internet Banking,0
T0001019,A00344,A00305,992000.0,16,Mobile,0
T0001020,A00232,A01168,1687000.0,20,Mobile,0
T0001021,A01136,A00352,3059000.0,12,Mobile,0
T0001022,A00185,A00054,2736000.0,23,Mobile,0
T0001023,A00032,A00315,354000.0,21,ATM,0
T0001024,A00508,A00349,3515000.0,19,Internet Banking,0
T0001025,A00482,A00089,1088000.0,19,Mobile,0
T0001026,A00744,A00811,405000.0,2,Mobile,0
T0001027,A01054,A00866,5219000.0,17,Mobile,0
T0001028,A01120,A00561,6001000.0,22,Mobile,0
T0001029,A00348,A00894,1604000.0,7,Internet Banking,0
T0001030,A01177,A00618,2617000.0,19,Mobile,0
T0001031,A00760,A00378,2791000.0,8,ATM,0
T0001032,A00084,A00103,5572000.0,5,Internet Banking,0
T0001033,A01127,A00643,2673000.0,17,Branch,0
T0001034,A00166,A00278,279000.0,3,ATM,0
T0001035,A00707,A00572,10947000.0,11,Branch,0
T0001036,A00949,A00804,3875000.0,22,Branch,0
T0001037,A00300,A00668,685000.0,3,Mobile,0
T0001038,A00325,A00536,387000.0,3,Mobile,0
T0001039,A00572,A00773,2091000.0,22,Mobile,0
T0001040,A01062,A00615,884000.0,18,Internet Banking,0
T0001041,A00269,A00340,1725000.0,11,Internet Banking,0
T0001042,A00797,A00347,2718000.0,9,Mobile,0
T0001043,A00544,A01193,644000.0,23,ATM,0
T0001044,A00135,A00084,352000.0,17,ATM,0
T0001045,A00854,A00993,1834000.0,21,Internet Banking,0
T0001046,A01000,A00879,667000.0,2,Mobile,0
T0001047,A00691,A01106,1409000.0,12,Mobile,0
T0001048,A00212,A01080,274000.0,17,Internet Banking,0
T0001049,A00187,A00759,909000.0,0,Mobile,0
T0001050,A00509,A01060,2635000.0,12,Internet Banking,0
T0001051,A00608,A00762,2337000.0,1,Mobile,0
T0001052,A00663,A00748,504000.0,21,Mobile,0
T0001053,A00293,A00555,332000.0,16,Mobile,0
T0001054,A00601,A00915,1221000.0,4,Internet Banking,0
T0001055,A00355,A00669,2224000.0,12,Mobile,0
T0001056,A00824,A00398,1874000.0,2,Branch,0
T0001057,A00956,A00880,683000.0,19,Mobile,0
T0001058,A00784,A00623,1665000.0,4,Branch,0
T0001059,A00002,A01148,6265000.0,14,Mobile,0
T0001060,A01191,A00319,1504000.0,1,Mobile,0
T0001061,A00029,A00424,199000.0,3,Branch,0
T0001062,A01200,A00328,1501000.0,23,Internet Banking,0
T0001063,A00039,A00182,11367000.0,9,Internet Banking,0
T0001064,A00620,A00818,291000.0,2,Internet Banking,0
T0001065,A00128,A00749,1240000.0,16,Mobile,0
T0001066,A00115,A00392,936000.0,4,ATM,0
T0001067,A00821,A00272,1333000.0,14,Mobile,0
T0001068,A00874,A00326,1486000.0,19,ATM,0
T0001069,A00142,A00072,4205000.0,16,Branch,0
T0001070,A01172,A00900,1317000.0,5,ATM,0
T0001071,A00385,A00303,4891000.0,5,Internet Banking,0
T0001072,A00382,A00064,1054000.0,5,Internet Banking,0
T0001073,A00357,A01024,816000.0,15,Internet Banking,0
T0001074,A00554,A00066,575000.0,16,Mobile,0
T0001075,A00214,A00080,163000.0,12,ATM,0
T0001076,A00510,A00828,1625000.0,9,Internet Banking,0
T0001077,A00252,A00207,11493000.0,1,Mobile,0
T0001078,A00062,A00212,1987000.0,20,ATM,0
T0001079,A00443,A00726,2554000.0,15,Mobile,0
T0001080,A00807,A00266,762000.0,15,ATM,0
T0001081,A00916,A00710,917000.0,2,ATM,0
T0001082,A00425,A00732,3545000.0,6,Mobile,1
T0001083,A00389,A00590,10934000.0,7,Mobile,0
T0001084,A00945,A00937,6166000.0,14,Internet Banking,0
T0001085,A00818,A00020,2910000.0,18,Mobile,0
T0001086,A00999,A00024,1247000.0,20,Branch,0
T0001087,A01088,A00274,1511000.0,12,Mobile,0
T0001088,A00986,A00047,524000.0,8,Mobile,0
T0001089,A01124,A00486,244000.0,9,Mobile,0
T0001090,A00500,A00328,347000.0,17,ATM,0
T0001091,A00474,A00686,1268000.0,7,Internet Banking,0
T0001092,A00386,A01157,870000.0,9,ATM,0
T0001093,A00283,A00866,238000.0,18,Branch,0
T0001094,A00899,A00699,1152000.0,13,Internet Banking,0
T0001095,A00858,A01136,845000.0,11,Mobile,0
T0001096,A00962,A00259,330000.0,17,Mobile,0
T0001097,A00201,A01151,799000.0,6,ATM,0
T0001098,A00590,A00146,843000.0,1,Mobile,0
T0001099,A00267,A00612,609000.0,18,ATM,0
T0001100,A01072,A01115,3326000.0,10,ATM,0
T0001101,A00321,A00239,148000.0,7,Internet Banking,0
T0001102,A00173,A00106,135000.0,2,Internet Banking,0
T0001103,A00684,A00451,1204000.0,22,Branch,0
T0001104,A01055,A00964,1334000.0,17,ATM,1
T0001105,A01099,A00543,1872000.0,6,Internet Banking,0
T0001106,A00116,A00152,663000.0,14,Mobile,0
T0001107,A00392,A01174,437000.0,11,Mobile,0
T0001108,A00185,A00205,1190000.0,7,Mobile,0
T0001109,A00370,A00796,738000.0,7,Branch,0
T0001110,A00641,A00501,6609000.0,1,Internet Banking,0
T0001111,A00337,A00950,840000.0,23,ATM,0
T0001112,A00082,A00732,1132000.0,22,Mobile,0
T0001113,A00613,A00489,18270000.0,20,ATM,0
T0001114,A00064,A00383,969000.0,7,Mobile,0
T0001115,A00273,A00134,2212000.0,23,Internet Banking,0
T0001116,A00001,A00129,2443000.0,6,Mobile,0
T0001117,A00105,A01193,2683000.0,19,ATM,0
T0001118,A00524,A00690,1650000.0,2,Internet Banking,0
T0001119,A01021,A00541,1485000.0,7,Mobile,0
T0001120,A00930,A00931,1340000.0,13,Mobile,0
T0001121,A00119,A00347,637000.0,23,Mobile,0
T0001122,A00042,A00824,1717000.0,6,Mobile,0
T0001123,A00406,A00987,11177000.0,10,Mobile,0
T0001124,A00783,A01100,4545000.0,20,Mobile,0
T0001125,A00897,A01074,1676000.0,11,Mobile,0
T0001126,A00988,A00546,3076000.0,16,Mobile,0
T0001127,A00411,A00196,461000.0,10,Internet Banking,0
T0001128,A00202,A00100,901000.0,0,Mobile,0
T0001129,A00032,A00526,3404000.0,6,Mobile,0
T0001130,A00177,A00696,6161000.0,13,ATM,0
T0001131,A00079,A00126,514000.0,0,Mobile,0
T0001132,A01033,A00491,705000.0,5,Internet Banking,0
T0001133,A00323,A00770,13221000.0,22,Branch,0
T0001134,A00988,A00974,1334000.0,0,ATM,0
T0001135,A00664,A00052,8918000.0,5,Internet Banking,0
T0001136,A00647,A00409,1507000.0,14,Internet Banking,0
T0001137,A00546,A00471,1573000.0,13,ATM,0
T0001138,A00984,A00520,858000.0,4,ATM,0
T0001139,A00053,A00832,3384000.0,1,Mobile,0
T0001140,A00112,A00329,5343000.0,21,Internet Banking,0
T0001141,A00509,A00823,384000.0,13,ATM,0
T0001142,A00474,A00647,814000.0,13,ATM,0
T0001143,A00655,A00539,3283000.0,1,Mobile,0
T0001144,A00886,A00368,1041000.0,5,Mobile,0
T0001145,A00706,A01192,697000.0,1,Internet Banking,0
T0001146,A00309,A00239,3643000.0,23,Mobile,0
T0001147,A00393,A01029,4039000.0,18,Internet Banking,0
T0001148,A00903,A00719,732000.0,13,Mobile,0
T0001149,A00242,A00494,1516000.0,16,Mobile,0
T0001150,A00606,A00793,318000.0,3,Mobile,0
T0001151,A00647,A00031,448000.0,23,ATM,0
T0001152,A00901,A00830,1376000.0,12,ATM,0
T0001153,A00858,A00046,1242000.0,12,ATM,0
T0001154,A00558,A00037,414000.0,23,Branch,0
T0001155,A00371,A00197,546000.0,2,Branch,1
T0001156,A00442,A00216,372000.0,10,Mobile,0
T0001157,A00494,A00844,1980000.0,2,Mobile,0
T0001158,A00264,A00094,138000.0,10,ATM,0
T0001159,A00751,A00947,394000.0,6,Internet Banking,0
T0001160,A00251,A00072,155000.0,11,Mobile,0
T0001161,A00779,A00413,1903000.0,16,Branch,0
T0001162,A00902,A01133,165000.0,6,Mobile,0
T0001163,A01155,A01128,1243000.0,1,Branch,0
T0001164,A00143,A01028,7285000.0,3,Internet Banking,0
T0001165,A00912,A00411,7562000.0,17,Mobile,0
T0001166,A00104,A00913,165000.0,13,ATM,0
T0001167,A00405,A00276,1666000.0,23,ATM,0
T0001168,A00212,A00236,404000.0,21,Internet Banking,0
T0001169,A00195,A00930,323000.0,3,Internet Banking,0
T0001170,A00211,A01197,1059000.0,17,Mobile,0
T0001171,A00053,A01044,4634000.0,2,Mobile,0
T0001172,A00988,A01123,2321000.0,2,Mobile,0
T0001173,A00074,A00030,546000.0,19,Mobile,0
T0001174,A00479,A00343,2606000.0,9,Mobile,0
T0001175,A00839,A00397,102000.0,23,Internet Banking,0
T0001176,A01189,A00034,524000.0,0,Mobile,0
T0001177,A01025,A00836,485000.0,12,Internet Banking,0
T0001178,A00165,A01028,1308000.0,7,Mobile,0
T0001179,A01186,A00929,960000.0,23,Mobile,0
T0001180,A00785,A00768,1027000.0,16,Branch,0
T0001181,A00216,A00007,990000.0,18,Branch,0
T0001182,A00539,A01195,1230000.0,6,ATM,0
T0001183,A01102,A00876,2174000.0,21,Mobile,0
T0001184,A00472,A00714,1414000.0,20,Internet Banking,0
T0001185,A00221,A01063,878000.0,18,Mobile,0
T0001186,A01051,A00159,1867000.0,11,Internet Banking,0
T0001187,A01144,A00232,2977000.0,22,ATM,0
T0001188,A01171,A01026,651000.0,16,Mobile,0
T0001189,A01147,A00877,1124000.0,1,Branch,0
T0001190,A01048,A00953,4308000.0,21,Internet Banking,0
T0001191,A00546,A00460,357000.0,0,Mobile,0
T0001192,A00231,A00405,8736000.0,16,Mobile,0
T0001193,A00741,A00472,275000.0,5,ATM,0
T0001194,A00265,A00470,821000.0,21,Mobile,0
T0001195,A00568,A00202,422000.0,17,Mobile,0
T0001196,A00788,A00575,13317000.0,19,Mobile,0
T0001197,A01136,A00285,690000.0,16,Branch,0
T0001198,A00347,A00630,692000.0,13,Mobile,0
T0001199,A00303,A00104,798000.0,20,Branch,0
T0001200,A00882,A01097,1333000.0,7,Internet Banking,0
T0001201,A00008,A00574,836000.0,12,Mobile,0
T0001202,A00680,A01083,1037000.0,7,Mobile,0
T0001203,A00896,A01177,50000.0,2,ATM,0
T0001204,A00662,A01139,1278000.0,21,Mobile,0
T0001205,A00461,A00641,1224000.0,11,Mobile,0
T0001206,A00995,A00411,3761000.0,1,Mobile,0
T0001207,A00446,A00245,5065000.0,19,ATM,0
T0001208,A00853,A00449,976000.0,22,Internet Banking,0
T0001209,A00557,A00310,2945000.0,15,Internet Banking,0
T0001210,A00032,A00161,357000.0,7,Mobile,0
T0001211,A00637,A01012,2791000.0,20,Mobile,0
T0001212,A00060,A00471,639000.0,17,ATM,0
T0001213,A01118,A00880,326000.0,6,Mobile,0
T0001214,A00722,A00104,978000.0,7,Branch,0
T0001215,A00447,A00226,5600000.0,23,ATM,0
T0001216,A00584,A00250,1464000.0,22,Mobile,0
T0001217,A00744,A01192,6224000.0,16,ATM,0
T0001218,A00313,A00201,527000.0,0,Internet Banking,0
T0001219,A00347,A00089,3800000.0,5,Internet Banking,0
T0001220,A00503,A00061,586000.0,8,Mobile,0
T0001221,A00311,A00771,1538000.0,12,Branch,0
T0001222,A00910,A00182,1523000.0,20,Mobile,0
T0001223,A00125,A00019,2484000.0,20,ATM,0
T0001224,A00992,A00296,1581000.0,6,Mobile,0
T0001225,A00419,A00315,532000.0,2,Mobile,0
T0001226,A00674,A00735,3160000.0,6,Branch,0
T0001227,A00190,A00523,8062000.0,5,Mobile,0
T0001228,A00463,A01082,631000.0,21,Mobile,0
T0001229,A00906,A00528,159000.0,0,ATM,0
T0001230,A00325,A00681,2078000.0,19,Mobile,0
T0001231,A00159,A00077,834000.0,15,ATM,0
T0001232,A00627,A00233,1039000.0,2,Branch,0
T0001233,A00195,A01021,2212000.0,16,Mobile,0
T0001234,A00378,A00757,726000.0,13,Internet Banking,0
T0001235,A00541,A00191,893000.0,0,Branch,0
T0001236,A00677,A00709,1075000.0,5,Branch,0
T0001237,A00768,A00070,6044000.0,8,Internet Banking,0
T0001238,A00812,A00608,1240000.0,5,Internet Banking,0
T0001239,A01014,A00814,308000.0,13,Internet Banking,0
T0001240,A00080,A00179,322000.0,14,Mobile,0
T0001241,A00435,A00503,1399000.0,4,Internet Banking,0
T0001242,A00002,A00537,346000.0,2,Mobile,0
T0001243,A00012,A00965,215000.0,15,Mobile,0
T0001244,A00255,A00652,2414000.0,11,Mobile,0
T0001245,A00718,A00547,2548000.0,6,ATM,0
T0001246,A01074,A00321,800000.0,6,Mobile,0
T0001247,A00929,A00165,1658000.0,0,Mobile,0
T0001248,A00776,A00735,1476000.0,20,Mobile,0
T0001249,A00934,A01172,2328000.0,20,Mobile,0
T0001250,A00207,A00085,2334000.0,13,Branch,0
T0001251,A01008,A00488,68000.0,8,Mobile,0
T0001252,A01069,A00404,921000.0,5,Mobile,0
T0001253,A00115,A00853,2121000.0,7,Branch,0
T0001254,A00564,A00966,764000.0,22,Mobile,0
T0001255,A00997,A00301,1249000.0,2,Mobile,0
T0001256,A00572,A01017,2740000.0,19,ATM,0
T0001257,A01009,A00204,1312000.0,7,ATM,0
T0001258,A01123,A00216,6303000.0,6,Mobile,0
T0001259,A00570,A00929,4145000.0,19,Internet Banking,0
T0001260,A00072,A00493,1053000.0,23,Internet Banking,0
T0001261,A00409,A00776,965000.0,23,Internet Banking,0
T0001262,A00259,A00380,52000.0,6,Mobile,0
T0001263,A00569,A00270,838000.0,14,ATM,0
T0001264,A00703,A00635,271000.0,7,Internet Banking,0
T0001265,A00557,A00731,1531000.0,4,Internet Banking,0
T0001266,A00235,A00412,1420000.0,9,Branch,0
T0001267,A00362,A00151,2580000.0,1,ATM,0
T0001268,A00816,A00285,5577000.0,3,ATM,0
T0001269,A00033,A01062,1166000.0,14,Mobile,0
T0001270,A00257,A01092,14743000.0,16,Mobile,0
T0001271,A01071,A00391,1550000.0,6,Internet Banking,0
T0001272,A00119,A00896,284000.0,13,Mobile,0
T0001273,A00498,A00908,647000.0,18,Internet Banking,0
T0001274,A00249,A00128,796000.0,21,Internet Banking,0
T0001275,A00126,A00011,2302000.0,13,Internet Banking,0
T0001276,A00508,A01115,423000.0,5,Mobile,0
T0001277,A00626,A00032,865000.0,17,ATM,0
T0001278,A00212,A01009,1005000.0,4,Internet Banking,0
T0001279,A00094,A00351,733000.0,3,Internet Banking,0
T0001280,A00162,A00767,2930000.0,8,Internet Banking,0
T0001281,A00782,A00707,2430000.0,7,Mobile,0
T0001282,A01033,A00471,4330000.0,3,Internet Banking,0
T0001283,A00217,A00022,834000.0,1,Mobile,0
T0001284,A00385,A00271,4505000.0,22,Internet Banking,0
T0001285,A00413,A00309,268000.0,16,Mobile,0
T0001286,A00433,A00553,261000.0,17,Mobile,0
T0001287,A00294,A01105,316000.0,1,Mobile,0
T0001288,A00067,A00840,1212000.0,19,Mobile,0
T0001289,A00631,A00662,4504000.0,8,ATM,0
T0001290,A00429,A00086,619000.0,17,ATM,0
T0001291,A00411,A00271,710000.0,11,Mobile,0
T0001292,A00318,A00044,946000.0,5,Mobile,0
T0001293,A01116,A00073,2253000.0,6,ATM,0
T0001294,A00733,A00894,710000.0,3,Mobile,0
T0001295,A00503,A00894,667000.0,19,Mobile,0
T0001296,A00247,A00741,273000.0,10,Mobile,0
T0001297,A00962,A01173,640000.0,18,Internet Banking,0
T0001298,A01067,A00337,4382000.0,19,Branch,0
T0001299,A00039,A01102,1326000.0,4,Mobile,0
T0001300,A01116,A00994,532000.0,7,Branch,0
T0001301,A00840,A00517,4674000.0,2,ATM,0
T0001302,A00120,A00418,630000.0,0,Branch,0
T0001303,A00904,A00829,5722000.0,23,ATM,0
T0001304,A00129,A00677,5620000.0,15,ATM,0
T0001305,A00062,A00225,1276000.0,10,Internet Banking,0
T0001306,A00139,A00199,231000.0,4,ATM,0
T0001307,A00552,A00234,14891000.0,14,Mobile,0
T0001308,A00744,A00744,1837000.0,13,Internet Banking,0
T0001309,A00489,A00978,840000.0,5,Internet Banking,0
T0001310,A00147,A01109,3435000.0,0,Mobile,0
T0001311,A00240,A00255,2598000.0,11,Mobile,0
T0001312,A01023,A00654,5075000.0,12,Mobile,0
T0001313,A01156,A01181,579000.0,19,Mobile,0
T0001314,A00906,A00225,1703000.0,9,Mobile,0
T0001315,A00125,A00668,326000.0,2,Mobile,0
T0001316,A00984,A01188,2497000.0,21,Mobile,0
T0001317,A00831,A00487,1170000.0,9,Internet Banking,0
T0001318,A00632,A00079,1635000.0,17,Mobile,0
T0001319,A00172,A00359,1022000.0,1,Mobile,0
T0001320,A01197,A01119,910000.0,0,Mobile,0
T0001321,A00532,A00387,462000.0,0,Mobile,0
T0001322,A00054,A00231,2863000.0,18,Mobile,0
T0001323,A00252,A00944,6178000.0,5,Branch,0
T0001324,A00482,A00605,651000.0,18,Mobile,0
T0001325,A00075,A00578,2206000.0,22,Mobile,0
T0001326,A00389,A00904,1930000.0,15,Internet Banking,0
T0001327,A00563,A00506,1211000.0,23,ATM,0
T0001328,A01139,A00609,224000.0,22,Mobile,0
T0001329,A00104,A00619,287000.0,17,Mobile,0
T0001330,A00693,A00527,508000.0,19,Internet Banking,0
T0001331,A01099,A00812,114000.0,14,Mobile,0
T0001332,A00968,A00327,5647000.0,5,Mobile,0
T0001333,A01110,A00645,1798000.0,2,Branch,0
T0001334,A00205,A00791,1161000.0,9,Branch,0
T0001335,A00962,A00552,108000.0,11,Internet Banking,0
T0001336,A01175,A01190,161000.0,8,Mobile,0
T0001337,A00392,A00886,1197000.0,2,Internet Banking,0
T0001338,A00599,A01171,10484000.0,12,Branch,0
T0001339,A00638,A00659,556000.0,11,Branch,0
T0001340,A00593,A00097,3103000.0,22,Mobile,0
T0001341,A00348,A00959,708000.0,22,Mobile,0
T0001342,A01166,A00390,1275000.0,14,Mobile,0
T0001343,A01148,A00312,4565000.0,20,ATM,0
T0001344,A00457,A00750,820000.0,7,Mobile,0
T0001345,A00967,A01171,562000.0,23,Mobile,0
T0001346,A00478,A00546,5710000.0,22,Mobile,0
T0001347,A00954,A00474,1262000.0,3,Mobile,0
T0001348,A00702,A00536,3985000.0,16,ATM,0
T0001349,A00565,A01140,565000.0,10,Mobile,0
T0001350,A00154,A00008,5639000.0,6,Mobile,1
T0001351,A00786,A00947,1621000.0,9,Internet Banking,0
T0001352,A00386,A00724,1936000.0,21,Internet Banking,0
T0001353,A00261,A00587,1387000.0,22,Internet Banking,0
T0001354,A00232,A00517,688000.0,8,ATM,0
T0001355,A01179,A00562,1198000.0,11,Mobile,0
T0001356,A00124,A00277,737000.0,12,Mobile,0
T0001357,A00959,A00383,3448000.0,17,Mobile,0
T0001358,A01040,A00645,960000.0,11,Internet Banking,0
T0001359,A00038,A00149,231000.0,9,Branch,0
T0001360,A00708,A00877,189000.0,22,Mobile,0
T0001361,A00693,A00662,180000.0,8,ATM,0
T0001362,A00431,A00306,2368000.0,6,Internet Banking,0
T0001363,A00801,A00138,338000.0,7,Branch,0
T0001364,A00491,A01198,1669000.0,7,Mobile,0
T0001365,A00528,A01108,1395000.0,13,Mobile,0
T0001366,A00518,A00147,1118000.0,15,ATM,0
T0001367,A00961,A00310,1944000.0,3,ATM,0
T0001368,A00760,A00703,1428000.0,21,Internet Banking,0
T0001369,A00455,A00478,61000.0,6,ATM,0
T0001370,A01113,A01161,841000.0,2,Mobile,0
T0001371,A00963,A01141,1915000.0,16,Internet Banking,0
T0001372,A01120,A01042,7291000.0,5,Mobile,0
T0001373,A00877,A00196,7671000.0,18,Mobile,0
T0001374,A00470,A00383,268000.0,22,Mobile,0
T0001375,A00928,A00154,817000.0,16,Mobile,0
T0001376,A00396,A00900,214000.0,18,Mobile,0
T0001377,A00326,A00421,6387000.0,11,Internet Banking,0
T0001378,A00542,A00410,3656000.0,8,ATM,0
T0001379,A01164,A00165,1765000.0,14,Mobile,0
T0001380,A00682,A00822,1441000.0,8,Mobile,1
T0001381,A00461,A00512,5480000.0,21,Mobile,0
T0001382,A00555,A00356,4548000.0,11,Mobile,0
T0001383,A00350,A00588,4290000.0,11,Mobile,0
T0001384,A00791,A00021,1983000.0,16,Internet Banking,0
T0001385,A00421,A00470,817000.0,4,Branch,0
T0001386,A00666,A00330,2790000.0,13,Internet Banking,0
T0001387,A00444,A00073,2945000.0,18,Internet Banking,0
T0001388,A00385,A01147,973000.0,18,Internet Banking,0
T0001389,A01165,A00603,815000.0,5,Mobile,0
T0001390,A00415,A00379,4174000.0,1,Mobile,0
T0001391,A00085,A00280,7485000.0,4,Mobile,0
T0001392,A00455,A00475,526000.0,19,Mobile,0
T0001393,A00639,A00014,898000.0,6,ATM,0
T0001394,A00114,A00871,1765000.0,1,Mobile,0
T0001395,A00367,A00536,2049000.0,14,Mobile,0
T0001396,A00200,A00530,676000.0,21,Mobile,0
T0001397,A00601,A00771,9528000.0,5,Mobile,0
T0001398,A00868,A00202,1909000.0,1,Branch,0
T0001399,A01163,A00670,2153000.0,3,Mobile,0
T0001400,A00467,A00910,8307000.0,3,Internet Banking,0
T0001401,A01036,A00681,732000.0,4,Mobile,0
T0001402,A00258,A00525,1089000.0,4,Mobile,0
T0001403,A00937,A00480,302000.0,15,Mobile,0
T0001404,A00676,A00251,993000.0,5,Branch,0
T0001405,A00910,A00519,233000.0,13,Mobile,0
T0001406,A00907,A00056,2732000.0,9,Internet Banking,0
T0001407,A00639,A00864,1905000.0,15,Mobile,0
T0001408,A00309,A00263,885000.0,15,Internet Banking,0
T0001409,A00632,A00568,1075000.0,14,Internet Banking,0
T0001410,A00993,A01178,2773000.0,21,Internet Banking,0
T0001411,A01165,A01162,344000.0,4,Mobile,0
T0001412,A01114,A00876,1502000.0,12,Mobile,0
T0001413,A00218,A00467,2590000.0,9,ATM,0
T0001414,A00717,A00491,169000.0,12,Internet Banking,0
T0001415,A00126,A00876,2549000.0,3,Mobile,0
T0001416,A00803,A00134,190000.0,7,Mobile,0
T0001417,A01191,A00188,1054000.0,22,Mobile,0
T0001418,A00064,A00524,334000.0,19,Mobile,0
T0001419,A00788,A00488,5793000.0,10,Mobile,0
T0001420,A01135,A00625,336000.0,2,Mobile,0
T0001421,A01017,A00215,195000.0,15,Mobile,0
T0001422,A00471,A01139,1390000.0,7,Internet Banking,0
T0001423,A00125,A00592,761000.0,7,Branch,0
T0001424,A01109,A00818,229000.0,2,Internet Banking,0
T0001425,A01106,A01038,2140000.0,6,Internet Banking,0
T0001426,A00695,A00610,134000.0,5,ATM,0
T0001427,A01175,A00466,384000.0,0,Mobile,0
T0001428,A00006,A00297,637000.0,14,Internet Banking,0
T0001429,A00740,A00558,2900000.0,23,Mobile,0
T0001430,A00047,A01031,4990000.0,3,Mobile,0
T0001431,A01123,A00035,4037000.0,1,Internet Banking,0
T0001432,A00817,A01180,1014000.0,2,Mobile,0
T0001433,A01097,A00816,83000.0,13,Internet Banking,0
T0001434,A00676,A00284,1845000.0,19,Internet Banking,0
T0001435,A00100,A00948,6049000.0,7,Mobile,0
T0001436,A00032,A00601,4662000.0,2,Mobile,0
T0001437,A00403,A01200,1997000.0,2,Internet Banking,0
T0001438,A00893,A00997,324000.0,14,Internet Banking,0
T0001439,A00182,A00467,673000.0,8,ATM,0
T0001440,A01023,A00663,10070000.0,8,Mobile,0
T0001441,A00288,A00430,253000.0,5,ATM,0
T0001442,A00596,A01012,339000.0,21,Mobile,0
T0001443,A00244,A00540,3384000.0,8,Mobile,0
T0001444,A00559,A00051,747000.0,16,Internet Banking,0
T0001445,A00543,A00568,327000.0,17,Mobile,0
T0001446,A00007,A00798,6444000.0,1,Mobile,0
T0001447,A00682,A00891,1993000.0,5,Mobile,0
T0001448,A00944,A00845,788000.0,21,ATM,0
T0001449,A01124,A00664,340000.0,21,Branch,0
T0001450,A00397,A00494,11410000.0,9,Branch,0
T0001451,A01057,A00355,1168000.0,3,Mobile,0
T0001452,A01055,A00483,5581000.0,7,Mobile,0
T0001453,A01187,A00682,3207000.0,22,ATM,0
T0001454,A00448,A01109,677000.0,16,Mobile,0
T0001455,A01022,A00381,683000.0,1,Mobile,1
T0001456,A00679,A00266,5890000.0,17,Mobile,0
T0001457,A00070,A00777,5996000.0,3,Internet Banking,0
T0001458,A00325,A00945,152000.0,7,Internet Banking,0
T0001459,A00807,A00931,2197000.0,11,Mobile,0
T0001460,A00193,A01091,1050000.0,8,Mobile,0
T0001461,A00522,A00001,385000.0,16,Internet Banking,0
T0001462,A00930,A00648,1600000.0,3,Internet Banking,0
T0001463,A00180,A00119,272000.0,21,Mobile,0
T0001464,A00596,A00370,718000.0,14,Mobile,0
T0001465,A00258,A00049,499000.0,7,Branch,0
T0001466,A00644,A00819,692000.0,22,Internet Banking,0
T0001467,A00289,A00730,1109000.0,11,Internet Banking,0
T0001468,A01159,A00889,393000.0,9,Internet Banking,0
T0001469,A00093,A00212,6772000.0,0,Branch,0
T0001470,A01157,A00399,2065000.0,23,Mobile,0
T0001471,A00951,A00924,8639000.0,20,Mobile,0
T0001472,A01027,A01035,1006000.0,4,Mobile,0
T0001473,A01022,A01063,656000.0,22,ATM,0
T0001474,A00226,A00209,8303000.0,19,Mobile,0
T0001475,A01118,A00743,635000.0,10,Mobile,0
T0001476,A00714,A00013,986000.0,22,Mobile,0
T0001477,A01155,A00814,2650000.0,13,Internet Banking,0
T0001478,A01054,A00382,308000.0,16,Internet Banking,0
T0001479,A00696,A00987,2624000.0,4,Mobile,0
T0001480,A00450,A01123,2280000.0,2,Mobile,0
T0001481,A00141,A01081,4848000.0,12,ATM,0
T0001482,A00122,A01055,3194000.0,7,Mobile,0
T0001483,A00468,A00527,5014000.0,23,Internet Banking,0
T0001484,A00974,A00510,1063000.0,2,Mobile,0
T0001485,A00607,A00226,465000.0,18,Branch,0
T0001486,A00579,A00019,12223000.0,14,Mobile,0
T0001487,A00294,A00829,224000.0,21,Internet Banking,0
T0001488,A00678,A00678,250000.0,23,Mobile,0
T0001489,A00766,A00328,2234000.0,20,Mobile,0
T0001490,A01179,A00474,7169000.0,8,Internet Banking,0
T0001491,A00876,A01053,1478000.0,16,Internet Banking,0
T0001492,A00729,A00362,3602000.0,3,ATM,0
T0001493,A01093,A00710,134000.0,11,Internet Banking,0
T0001494,A00510,A00166,693000.0,6,Internet Banking,0
T0001495,A01122,A00143,153000.0,6,ATM,0
T0001496,A00444,A00792,2831000.0,13,Mobile,0
T0001497,A00154,A00514,219000.0,3,ATM,0
T0001498,A00502,A00164,294000.0,13,Mobile,0
T0001499,A00155,A00898,2112000.0,9,Mobile,0
T0001500,A00143,A00890,3859000.0,5,ATM,0
T0001501,A01058,A00042,1007000.0,13,Mobile,0
T0001502,A00954,A00869,2247000.0,18,Mobile,0
T0001503,A00266,A00445,2168000.0,14,Mobile,0
T0001504,A01006,A00265,947000.0,2,Internet Banking,0
T0001505,A00083,A00083,360000.0,13,Internet Banking,0
T0001506,A00342,A00136,2234000.0,14,Mobile,0
T0001507,A00848,A01180,2355000.0,16,Mobile,0
T0001508,A00365,A01078,3208000.0,10,Mobile,0
T0001509,A00877,A01008,1691000.0,2,Mobile,0
T0001510,A01050,A00083,332000.0,3,Mobile,0
T0001511,A00080,A01062,2564000.0,7,Mobile,0
T0001512,A00029,A01140,1198000.0,15,ATM,0
T0001513,A01129,A01165,706000.0,17,Internet Banking,0
T0001514,A00625,A00967,868000.0,16,Mobile,0
T0001515,A00608,A00825,562000.0,7,Mobile,0
T0001516,A00557,A00757,3190000.0,10,Mobile,0
T0001517,A00521,A00737,252000.0,1,Mobile,0
T0001518,A00829,A00579,402000.0,19,Mobile,0
T0001519,A00696,A00152,836000.0,8,Branch,0
T0001520,A00197,A00393,7081000.0,12,Internet Banking,0
T0001521,A00752,A00243,3827000.0,10,Mobile,0
T0001522,A00802,A00607,197000.0,6,Mobile,0
T0001523,A00137,A00149,5306000.0,4,Internet Banking,0
T0001524,A00453,A01064,5295000.0,22,Branch,0
T0001525,A00949,A00763,330000.0,2,Mobile,0
T0001526,A00743,A01111,75000.0,22,ATM,0
T0001527,A00164,A01124,1108000.0,2,Mobile,0
T0001528,A00049,A00636,4125000.0,2,Internet Banking,0
T0001529,A00698,A00099,6908000.0,21,Mobile,0
T0001530,A00555,A00491,460000.0,22,Internet Banking,0
T0001531,A01154,A01093,8244000.0,21,Mobile,0
T0001532,A00627,A00139,103000.0,18,Internet Banking,0
T0001533,A01118,A00720,800000.0,11,Internet Banking,0
T0001534,A00258,A00884,758000.0,2,Internet Banking,0
T0001535,A00537,A00479,4263000.0,14,Internet Banking,0
T0001536,A00168,A00735,5005000.0,12,Mobile,0
T0001537,A00690,A00247,3428000.0,17,Internet Banking,0
T0001538,A00227,A00028,272000.0,0,Mobile,0
T0001539,A00591,A00320,3099000.0,1,Internet Banking,0
T0001540,A00413,A00353,2101000.0,14,Mobile,0
T0001541,A00223,A00420,191000.0,20,Mobile,0
T0001542,A00117,A00521,124000.0,22,Mobile,0
T0001543,A00615,A00636,3759000.0,13,Branch,0
T0001544,A01137,A00043,984000.0,8,Internet Banking,0
T0001545,A00239,A00353,292000.0,11,Mobile,0
T0001546,A00486,A00836,954000.0,12,Internet Banking,0
T0001547,A00270,A00986,1791000.0,14,Mobile,0
T0001548,A00971,A00206,1095000.0,5,Mobile,0
T0001549,A00498,A00630,218000.0,9,Mobile,0
T0001550,A01170,A00764,9549000.0,12,ATM,0
T0001551,A00295,A00351,3622000.0,20,Branch,0
T0001552,A00097,A00838,830000.0,19,Branch,0
T0001553,A00700,A00952,867000.0,18,Mobile,0
T0001554,A00783,A00386,1782000.0,5,Mobile,0
T0001555,A01189,A00690,346000.0,9,ATM,0
T0001556,A01046,A00817,1711000.0,13,Mobile,0
T0001557,A01062,A00713,278000.0,23,Internet Banking,0
T0001558,A00762,A00466,1110000.0,8,Branch,0
T0001559,A00432,A01067,332000.0,22,Mobile,0
T0001560,A00515,A00851,351000.0,17,Mobile,0
T0001561,A00161,A00718,7335000.0,15,ATM,0
T0001562,A00518,A00180,1281000.0,16,Internet Banking,0
T0001563,A00438,A01112,1508000.0,19,Branch,0
T0001564,A00044,A00770,131000.0,16,Internet Banking,0
T0001565,A00246,A00938,622000.0,16,Mobile,0
T0001566,A00642,A00358,1993000.0,9,ATM,0
T0001567,A00444,A00091,1486000.0,10,ATM,0
T0001568,A01193,A01113,112000.0,14,Branch,0
T0001569,A00575,A00842,1507000.0,20,Mobile,0
T0001570,A01151,A00979,1796000.0,15,Internet Banking,0
T0001571,A00793,A00557,4926000.0,23,Mobile,0
T0001572,A00049,A00713,584000.0,16,Mobile,0
T0001573,A00245,A01130,102000.0,9,Branch,0
T0001574,A00847,A00131,401000.0,13,Branch,0
T0001575,A00655,A00130,359000.0,14,Internet Banking,1
T0001576,A00363,A01047,2699000.0,20,Branch,0
T0001577,A00627,A01044,60000.0,6,Mobile,0
T0001578,A01084,A00717,733000.0,5,ATM,0
T0001579,A00467,A00769,5759000.0,4,Internet Banking,0
T0001580,A00055,A00869,1210000.0,1,Internet Banking,0
T0001581,A00374,A00758,3216000.0,16,Internet Banking,0
T0001582,A01124,A00566,197000.0,23,Internet Banking,0
T0001583,A00915,A00850,206000.0,14,ATM,0
T0001584,A01005,A00010,5832000.0,1,Mobile,0
T0001585,A01094,A00568,1341000.0,8,ATM,0
T0001586,A00142,A00993,1344000.0,21,Mobile,0
T0001587,A00340,A00421,351000.0,1,Mobile,0
T0001588,A00072,A00637,1341000.0,14,Internet Banking,0
T0001589,A00006,A00843,340000.0,10,ATM,0
T0001590,A01002,A00831,4428000.0,22,Branch,0
T0001591,A01125,A00241,24117000.0,12,Mobile,0
T0001592,A00187,A00578,2043000.0,13,Mobile,0
T0001593,A00867,A00069,597000.0,17,Internet Banking,0
T0001594,A00642,A00266,74000.0,19,ATM,0
T0001595,A00084,A01185,188000.0,12,Branch,0
T0001596,A01099,A00429,6637000.0,17,ATM,0
T0001597,A01046,A00748,387000.0,19,Mobile,0
T0001598,A00681,A01067,798000.0,12,ATM,0
T0001599,A00850,A00857,2467000.0,17,Mobile,0
T0001600,A00477,A00492,6128000.0,8,Branch,0
T0001601,A00952,A00855,963000.0,8,Internet Banking,0
T0001602,A00535,A00228,769000.0,0,Mobile,0
T0001603,A01188,A00760,1298000.0,16,Internet Banking,0
T0001604,A00076,A00082,602000.0,6,ATM,0
T0001605,A00207,A01012,638000.0,19,Mobile,0
T0001606,A01163,A00650,1888000.0,22,Mobile,0
T0001607,A00347,A01061,1471000.0,21,Internet Banking,0
T0001608,A00373,A01055,12517000.0,6,Branch,0
T0001609,A00950,A00779,1945000.0,15,Internet Banking,0
T0001610,A00228,A00159,4257000.0,18,Mobile,0
T0001611,A00617,A01032,369000.0,12,Internet Banking,0
T0001612,A00344,A00406,2138000.0,12,Mobile,0
T0001613,A00238,A00474,542000.0,10,Mobile,0
T0001614,A01158,A01056,1854000.0,7,Mobile,0
T0001615,A00240,A00616,2559000.0,13,Mobile,0
T0001616,A00114,A00537,1268000.0,23,Mobile,0
T0001617,A00809,A00300,16952000.0,5,Mobile,0
T0001618,A01041,A00878,5772000.0,1,Mobile,0
T0001619,A00153,A00547,4381000.0,1,Internet Banking,0
T0001620,A00850,A00192,2782000.0,13,Mobile,0
T0001621,A00649,A00959,8348000.0,6,Mobile,0
T0001622,A00997,A01091,247000.0,11,Internet Banking,0
T0001623,A00153,A00200,5417000.0,22,ATM,0
T0001624,A01172,A00822,403000.0,1,ATM,0
T0001625,A00743,A00048,645000.0,4,Mobile,0
T0001626,A01011,A00465,2225000.0,5,Internet Banking,0
T0001627,A00435,A01092,4659000.0,10,ATM,0
T0001628,A01133,A01130,337000.0,16,Internet Banking,0
T0001629,A00752,A00246,683000.0,4,Internet Banking,0
T0001630,A00153,A00389,1336000.0,2,Mobile,0
T0001631,A01108,A00078,978000.0,2,Mobile,0
T0001632,A00955,A01061,3070000.0,19,Mobile,0
T0001633,A00361,A00781,52554000.0,0,Mobile,0
T0001634,A00655,A01152,1903000.0,15,Branch,0
T0001635,A00466,A01103,535000.0,13,Mobile,0
T0001636,A00653,A00339,288000.0,2,Internet Banking,0
T0001637,A01159,A00704,839000.0,13,Branch,0
T0001638,A01079,A01105,427000.0,6,Internet Banking,0
T0001639,A00259,A00326,2007000.0,12,Mobile,1
T0001640,A01167,A00490,1973000.0,3,Branch,0
T0001641,A00526,A01188,721000.0,16,Mobile,0
T0001642,A00846,A00468,10652000.0,19,Mobile,0
T0001643,A00918,A00790,534000.0,0,Mobile,0
T0001644,A00580,A00194,1052000.0,12,Mobile,0
T0001645,A00548,A00192,2424000.0,15,ATM,0
T0001646,A00548,A00331,3201000.0,0,Mobile,0
T0001647,A01036,A00866,4892000.0,17,ATM,0
T0001648,A00464,A00020,1923000.0,13,Mobile,0
T0001649,A00336,A00794,3813000.0,7,Branch,0
T0001650,A00434,A00570,577000.0,11,Mobile,0
T0001651,A00234,A00229,3294000.0,16,Branch,0
T0001652,A00470,A00325,3246000.0,15,Mobile,0
T0001653,A00137,A01020,6338000.0,18,ATM,0
T0001654,A00108,A00260,191000.0,0,ATM,0
T0001655,A00869,A00788,442000.0,18,Internet Banking,0
T0001656,A00093,A00582,2968000.0,0,Mobile,0
T0001657,A00682,A00386,65000.0,15,Internet Banking,1
T0001658,A00936,A00860,2062000.0,8,Internet Banking,0
T0001659,A00870,A01099,3850000.0,1,Internet Banking,0
T0001660,A00536,A00345,637000.0,16,Internet Banking,0
T0001661,A00233,A00636,748000.0,13,Branch,0
T0001662,A01117,A00754,368000.0,15,Branch,0
T0001663,A01003,A01037,676000.0,9,Internet Banking,0
T0001664,A00735,A00756,698000.0,6,Mobile,0
T0001665,A00105,A00482,566000.0,14,Mobile,0
T0001666,A00043,A00174,533000.0,5,Internet Banking,0
T0001667,A00379,A00324,891000.0,19,Branch,0
T0001668,A00190,A00302,879000.0,16,Mobile,0
T0001669,A01033,A00581,9430000.0,23,Mobile,0
T0001670,A00247,A00758,778000.0,0,Mobile,0
T0001671,A00340,A00776,1752000.0,14,Mobile,0
T0001672,A01171,A00996,636000.0,13,Branch,0
T0001673,A00982,A01036,627000.0,20,Internet Banking,0
T0001674,A00263,A00096,184000.0,10,Mobile,0
T0001675,A00461,A00878,213000.0,22,Mobile,0
T0001676,A00619,A00870,318000.0,5,Mobile,0
T0001677,A00798,A01180,1469000.0,20,Internet Banking,0
T0001678,A01124,A00398,3920000.0,12,Internet Banking,0
T0001679,A01046,A00633,168000.0,22,Mobile,0
T0001680,A01173,A00942,656000.0,5,Mobile,0
T0001681,A00049,A00360,267000.0,6,Branch,0
T0001682,A00284,A01031,897000.0,13,ATM,0
T0001683,A00676,A00013,3918000.0,13,Internet Banking,0
T0001684,A00059,A00065,734000.0,3,Mobile,0
T0001685,A00427,A00963,1139000.0,15,Branch,0
T0001686,A00185,A00974,5948000.0,9,Internet Banking,0
T0001687,A01120,A00755,1986000.0,3,Branch,0
T0001688,A00076,A01181,520000.0,12,Mobile,0
T0001689,A00179,A01121,1429000.0,16,Mobile,0
T0001690,A00235,A00638,483000.0,0,Mobile,0
T0001691,A00179,A00666,1906000.0,22,ATM,0
T0001692,A00683,A00961,2115000.0,14,Internet Banking,0
T0001693,A00438,A00797,267000.0,6,Mobile,0
T0001694,A01095,A00211,1455000.0,18,Branch,0
T0001695,A00313,A00569,1054000.0,20,Branch,0
T0001696,A00645,A00940,2185000.0,22,Mobile,0
T0001697,A00793,A00557,2995000.0,18,Internet Banking,0
T0001698,A00752,A00588,2029000.0,4,Internet Banking,0
T0001699,A00956,A00981,860000.0,3,Mobile,0
T0001700,A00243,A00873,3350000.0,5,Internet Banking,0
T0001701,A00609,A01081,459000.0,21,Mobile,0
T0001702,A00961,A00274,281000.0,7,Branch,0
T0001703,A01036,A00342,50000.0,7,ATM,0
T0001704,A00742,A00891,1111000.0,21,Branch,0
T0001705,A00783,A00743,486000.0,4,ATM,0
T0001706,A01037,A00829,1859000.0,9,Mobile,0
T0001707,A00750,A01054,137000.0,7,Mobile,0
T0001708,A01139,A01177,589000.0,7,Internet Banking,0
T0001709,A00154,A00752,2013000.0,14,Mobile,0
T0001710,A00418,A01076,387000.0,17,Internet Banking,0
T0001711,A00135,A01126,1882000.0,6,Mobile,0
T0001712,A00109,A00285,650000.0,0,Mobile,0
T0001713,A00567,A00989,1157000.0,15,Internet Banking,0
T0001714,A00272,A00300,2309000.0,13,Internet Banking,0
T0001715,A00489,A00742,3423000.0,15,Internet Banking,0
T0001716,A00526,A00292,1329000.0,10,Internet Banking,0
T0001717,A00746,A00068,490000.0,18,Mobile,0
T0001718,A01135,A00956,725000.0,14,ATM,0
T0001719,A01020,A00807,2418000.0,18,Internet Banking,0
T0001720,A00454,A00858,390000.0,17,Internet Banking,0
T0001721,A00391,A00223,987000.0,11,Mobile,0
T0001722,A00925,A00384,785000.0,7,Internet Banking,0
T0001723,A00149,A00602,1071000.0,13,Mobile,0
T0001724,A00649,A00191,395000.0,15,Internet Banking,0
T0001725,A00508,A00078,156000.0,13,Mobile,0
T0001726,A00220,A00529,2128000.0,12,ATM,0
T0001727,A00740,A00686,3466000.0,8,ATM,0
T0001728,A00385,A00293,167000.0,3,Internet Banking,0
T0001729,A00223,A00254,1801000.0,10,ATM,0
T0001730,A00784,A00750,3950000.0,21,Internet Banking,0
T0001731,A00210,A00412,2311000.0,17,Mobile,0
T0001732,A00808,A00538,759000.0,18,Internet Banking,0
T0001733,A00195,A00754,425000.0,17,Branch,0
T0001734,A00522,A00682,1312000.0,22,Mobile,0
T0001735,A00970,A00300,1576000.0,5,Mobile,0
T0001736,A00275,A00795,1333000.0,17,Internet Banking,0
T0001737,A00922,A01161,984000.0,1,Mobile,0
T0001738,A00867,A00038,365000.0,5,Internet Banking,0
T0001739,A01084,A00701,1910000.0,0,Internet Banking,0
T0001740,A00203,A00746,2014000.0,10,ATM,0
T0001741,A00859,A00689,1497000.0,3,Mobile,0
T0001742,A01125,A00752,1356000.0,9,Mobile,0
T0001743,A00916,A00972,7610000.0,3,ATM,0
T0001744,A00226,A00638,604000.0,0,Mobile,0
T0001745,A00987,A00203,4913000.0,11,Internet Banking,1
T0001746,A00129,A00381,535000.0,9,Mobile,0
T0001747,A00707,A00887,4064000.0,10,Mobile,0
T0001748,A00598,A01048,4660000.0,8,Mobile,0
T0001749,A00638,A01103,869000.0,9,Mobile,0
T0001750,A00624,A00699,7459000.0,0,Internet Banking,0
T0001751,A00038,A00493,2010000.0,11,Internet Banking,0
T0001752,A00610,A00095,457000.0,20,ATM,0
T0001753,A01125,A00072,795000.0,3,ATM,0
T0001754,A00525,A00559,4172000.0,3,Mobile,0
T0001755,A00333,A00616,3312000.0,18,Mobile,0
T0001756,A01194,A00250,375000.0,12,ATM,0
T0001757,A00119,A00922,1030000.0,6,Mobile,0
T0001758,A00584,A00975,1501000.0,18,Mobile,0
T0001759,A00616,A00242,687000.0,7,Mobile,0
T0001760,A00574,A00787,16053000.0,14,Internet Banking,0
T0001761,A01107,A00129,1552000.0,13,Mobile,0
T0001762,A00507,A01093,1121000.0,4,Mobile,0
T0001763,A01168,A00496,4447000.0,18,Internet Banking,0
T0001764,A00081,A00804,803000.0,14,ATM,0
T0001765,A00881,A00781,3635000.0,5,Mobile,0
T0001766,A00712,A01091,192000.0,18,Internet Banking,0
T0001767,A00289,A00983,729000.0,14,Mobile,0
T0001768,A00274,A00193,3805000.0,20,Mobile,0
T0001769,A00864,A00160,6750000.0,19,Mobile,0
T0001770,A00766,A00261,513000.0,7,Mobile,0
T0001771,A00734,A00240,451000.0,22,Mobile,0
T0001772,A00062,A00400,2240000.0,0,ATM,0
T0001773,A00718,A00124,605000.0,8,Mobile,0
T0001774,A01178,A00119,893000.0,14,Branch,0
T0001775,A00021,A00931,3147000.0,12,Mobile,0
T0001776,A00563,A00228,660000.0,5,Mobile,0
T0001777,A00594,A00804,138000.0,4,Internet Banking,0
T0001778,A01077,A00204,287000.0,18,ATM,0
T0001779,A00340,A00302,1213000.0,21,Mobile,0
T0001780,A00571,A00124,155000.0,16,Mobile,0
T0001781,A00861,A00810,865000.0,12,Internet Banking,0
T0001782,A00073,A00009,260000.0,18,Mobile,0
T0001783,A00962,A00412,7288000.0,5,Internet Banking,0
T0001784,A00987,A00625,12987000.0,23,ATM,0
T0001785,A00864,A00321,375000.0,2,Mobile,0
T0001786,A00778,A00961,1592000.0,14,ATM,0
T0001787,A00898,A00887,417000.0,8,Mobile,0
T0001788,A00939,A00238,854000.0,21,ATM,0
T0001789,A01085,A00568,8725000.0,5,Branch,0
T0001790,A00514,A00715,718000.0,15,Internet Banking,0
T0001791,A00548,A00382,876000.0,3,Branch,0
T0001792,A00766,A00269,426000.0,4,ATM,0
T0001793,A00232,A01101,4234000.0,9,Mobile,0
T0001794,A01028,A00292,50000.0,19,Mobile,0
T0001795,A00925,A01152,737000.0,6,Mobile,0
T0001796,A00758,A00566,1141000.0,16,Mobile,0
T0001797,A00362,A01125,580000.0,13,Internet Banking,0
T0001798,A00418,A00424,3103000.0,23,Mobile,0
T0001799,A00522,A00679,4502000.0,7,Internet Banking,0
T0001800,A00796,A00525,254000.0,5,Mobile,0
T0001801,A00934,A01089,12003000.0,21,Mobile,0
T0001802,A00807,A00656,251000.0,7,Mobile,0
T0001803,A01116,A00625,4952000.0,5,Branch,0
T0001804,A01153,A00796,1415000.0,19,Mobile,0
T0001805,A00846,A00314,690000.0,19,Mobile,0
T0001806,A00446,A00921,765000.0,1,Mobile,0
T0001807,A00719,A00593,1157000.0,20,Branch,0
T0001808,A00511,A00200,1509000.0,15,Mobile,0
T0001809,A00755,A00229,436000.0,6,Internet Banking,0
T0001810,A00975,A00053,928000.0,12,Mobile,0
T0001811,A00444,A00785,514000.0,5,Mobile,0
T0001812,A00607,A01177,315000.0,4,Internet Banking,0
T0001813,A00055,A00785,488000.0,3,Internet Banking,0
T0001814,A00884,A00759,339000.0,3,Internet Banking,0
T0001815,A00588,A00357,756000.0,13,Mobile,0
T0001816,A00552,A01066,1931000.0,19,Branch,0
T0001817,A00639,A01010,1370000.0,11,Internet Banking,0
T0001818,A00259,A00843,10529000.0,0,Branch,0
T0001819,A00718,A00219,105000.0,10,Mobile,0
T0001820,A00895,A00080,2011000.0,17,Mobile,0
T0001821,A00420,A00244,1209000.0,20,Mobile,0
T0001822,A00158,A00282,2943000.0,17,ATM,0
T0001823,A00465,A00735,2639000.0,8,Internet Banking,0
T0001824,A00239,A00639,1001000.0,15,Mobile,0
T0001825,A00449,A00879,1451000.0,1,Mobile,0
T0001826,A00753,A00246,529000.0,9,Mobile,0
T0001827,A00137,A01162,2357000.0,12,Mobile,0
T0001828,A00897,A00872,152000.0,0,ATM,0
T0001829,A00270,A00906,2820000.0,0,Mobile,0
T0001830,A01074,A00237,1170000.0,19,Mobile,0
T0001831,A00879,A00940,702000.0,5,Mobile,0
T0001832,A00328,A00801,929000.0,3,Mobile,0
T0001833,A00676,A00859,1007000.0,14,Branch,0
T0001834,A00133,A00608,5000000.0,6,Mobile,0
T0001835,A00120,A00942,42063000.0,23,Branch,0
T0001836,A01148,A00210,4591000.0,22,Internet Banking,0
T0001837,A00963,A00589,644000.0,19,Internet Banking,0
T0001838,A00186,A00722,2399000.0,7,Mobile,0
T0001839,A00340,A00401,2517000.0,21,Internet Banking,0
T0001840,A00238,A00525,434000.0,6,Internet Banking,0
T0001841,A00475,A00502,300000.0,5,Mobile,0
T0001842,A00350,A01104,1119000.0,23,Branch,0
T0001843,A00394,A00447,2918000.0,16,Mobile,0
T0001844,A00636,A00215,204000.0,2,Mobile,0
T0001845,A00227,A00643,543000.0,21,Mobile,0
T0001846,A01060,A01055,2253000.0,3,Internet Banking,0
T0001847,A00874,A00273,1256000.0,16,Mobile,0
T0001848,A00913,A00053,5699000.0,10,Mobile,0
T0001849,A00204,A00388,254000.0,0,Mobile,0
T0001850,A00850,A00763,15954000.0,18,Mobile,0
T0001851,A01004,A00392,221000.0,16,Mobile,0
T0001852,A00211,A00292,129000.0,21,ATM,0
T0001853,A00902,A00947,1125000.0,14,Mobile,0
T0001854,A00430,A00522,345000.0,18,Branch,0
T0001855,A00946,A00516,1150000.0,21,Internet Banking,0
T0001856,A00575,A00387,1107000.0,23,ATM,0
T0001857,A00963,A00723,968000.0,13,Branch,0
T0001858,A00177,A00711,475000.0,0,Mobile,0
T0001859,A00467,A00620,1931000.0,8,Internet Banking,0
T0001860,A00329,A00031,846000.0,14,Mobile,0
T0001861,A00299,A00380,4040000.0,2,Mobile,0
T0001862,A00370,A00009,984000.0,2,Mobile,0
T0001863,A00459,A00582,415000.0,9,Internet Banking,0
T0001864,A00153,A01022,187000.0,21,ATM,0
T0001865,A00849,A00082,993000.0,7,Mobile,0
T0001866,A00661,A00056,297000.0,22,Internet Banking,0
T0001867,A00996,A00938,272000.0,19,Mobile,0
T0001868,A00847,A01050,2144000.0,7,Mobile,0
T0001869,A00179,A00006,170000.0,5,Mobile,0
T0001870,A00084,A00911,5673000.0,19,Internet Banking,0
T0001871,A00508,A00032,1430000.0,18,Mobile,0
T0001872,A00578,A00238,1144000.0,15,Mobile,0
T0001873,A00289,A00656,384000.0,23,Mobile,0
T0001874,A00939,A01075,2782000.0,2,Internet Banking,0
T0001875,A00698,A00237,1196000.0,9,ATM,0
T0001876,A00898,A00229,564000.0,14,Mobile,0
T0001877,A00131,A00608,1495000.0,1,Internet Banking,0
T0001878,A00979,A01062,188000.0,23,Internet Banking,0
T0001879,A00248,A01142,199000.0,13,Mobile,0
T0001880,A00538,A00916,350000.0,7,Mobile,0
T0001881,A00528,A00155,1763000.0,5,Branch,0
T0001882,A00985,A01118,1196000.0,0,Mobile,1
T0001883,A00333,A00263,3805000.0,14,Mobile,0
T0001884,A00289,A00029,436000.0,23,ATM,0
T0001885,A00408,A00580,2258000.0,0,ATM,0
T0001886,A00433,A00484,1059000.0,9,Internet Banking,0
T0001887,A00219,A00667,425000.0,15,ATM,0
T0001888,A00212,A00478,1833000.0,10,Mobile,0
T0001889,A00278,A00482,1116000.0,15,ATM,0
T0001890,A00561,A00295,601000.0,17,Mobile,0
T0001891,A00413,A00646,1257000.0,23,ATM,0
T0001892,A00471,A00391,1041000.0,14,Mobile,0
T0001893,A00863,A00873,1013000.0,17,Mobile,0
T0001894,A00290,A00276,762000.0,7,Mobile,0
T0001895,A01092,A00972,286000.0,3,ATM,0
T0001896,A00903,A00326,1303000.0,2,Internet Banking,0
T0001897,A00210,A00334,496000.0,2,ATM,0
T0001898,A00377,A00191,391000.0,19,Mobile,0
T0001899,A00221,A00768,921000.0,0,Mobile,0
T0001900,A00328,A01177,2691000.0,11,Internet Banking,0
T0001901,A00439,A00584,1472000.0,14,Mobile,0
T0001902,A00158,A00271,669000.0,16,Internet Banking,0
T0001903,A00018,A01046,640000.0,1,Branch,0
T0001904,A00527,A00507,2415000.0,20,Internet Banking,0
T0001905,A00842,A00688,86000.0,10,Mobile,0
T0001906,A00364,A01042,2885000.0,0,Internet Banking,0
T0001907,A01033,A00174,153000.0,3,Branch,0
T0001908,A00444,A00073,253000.0,20,Internet Banking,0
T0001909,A01081,A00609,682000.0,22,ATM,0
T0001910,A00284,A00981,13059000.0,18,Mobile,0
T0001911,A00648,A01084,7595000.0,8,Internet Banking,0
T0001912,A00916,A00219,2610000.0,22,Mobile,0
T0001913,A00071,A00068,1776000.0,6,Internet Banking,0
T0001914,A01117,A00660,155000.0,5,ATM,0
T0001915,A00438,A00845,1426000.0,18,Branch,0
T0001916,A00598,A00166,656000.0,7,Mobile,0
T0001917,A00755,A01176,489000.0,12,ATM,0
T0001918,A00772,A00724,1423000.0,15,Mobile,0
T0001919,A00029,A00610,715000.0,3,Mobile,0
T0001920,A01041,A00175,3122000.0,22,Internet Banking,0
T0001921,A00749,A01114,143000.0,3,Mobile,0
T0001922,A01199,A00071,1303000.0,23,Mobile,0
T0001923,A00566,A00870,456000.0,6,Internet Banking,0
T0001924,A00737,A00194,765000.0,10,Internet Banking,0
T0001925,A00530,A00751,1678000.0,6,Internet Banking,0
T0001926,A01068,A00520,351000.0,12,Internet Banking,0
T0001927,A00999,A00521,1438000.0,0,Internet Banking,0
T0001928,A01091,A00549,950000.0,4,Mobile,0
T0001929,A00606,A00253,580000.0,12,Mobile,0
T0001930,A00950,A01107,715000.0,16,Internet Banking,0
T0001931,A00431,A00791,1012000.0,23,Internet Banking,0
T0001932,A00554,A00616,516000.0,20,Mobile,0
T0001933,A00913,A01178,1209000.0,22,Mobile,0
T0001934,A00098,A00550,884000.0,19,Branch,0
T0001935,A00853,A00046,613000.0,18,ATM,0
T0001936,A00019,A00429,6897000.0,8,Internet Banking,0
T0001937,A00697,A00711,1895000.0,21,ATM,0
T0001938,A00573,A00077,788000.0,23,Branch,0
T0001939,A00563,A00290,1409000.0,12,Internet Banking,0
T0001940,A00594,A00604,388000.0,2,Mobile,0
T0001941,A00591,A00918,742000.0,1,Internet Banking,0
T0001942,A00489,A01087,844000.0,11,Branch,0
T0001943,A00542,A01026,304000.0,15,Internet Banking,0
T0001944,A00682,A00462,1838000.0,13,Mobile,0
T0001945,A00917,A00275,688000.0,21,Branch,0
T0001946,A00663,A00544,812000.0,12,ATM,0
T0001947,A00772,A00511,642000.0,15,Mobile,0
T0001948,A01004,A00607,31104000.0,18,Branch,0
T0001949,A01188,A00718,579000.0,21,Internet Banking,0
T0001950,A00131,A01182,123000.0,14,ATM,0
T0001951,A00856,A00737,206000.0,13,Branch,0
T0001952,A00271,A00618,2766000.0,1,Mobile,0
T0001953,A00237,A00479,5220000.0,15,ATM,0
T0001954,A00952,A00586,567000.0,4,Mobile,0
T0001955,A00083,A00570,4900000.0,8,ATM,0
T0001956,A01018,A01018,2713000.0,12,ATM,0
T0001957,A00925,A00908,974000.0,1,ATM,0
T0001958,A01194,A00615,901000.0,16,ATM,0
T0001959,A00802,A00952,1464000.0,6,ATM,0
T0001960,A01048,A00599,3150000.0,12,Mobile,0
T0001961,A00143,A01011,1858000.0,8,Mobile,0
T0001962,A01068,A00958,570000.0,8,Mobile,0
T0001963,A00193,A00323,991000.0,9,ATM,0
T0001964,A00378,A00698,10609000.0,1,Internet Banking,0
T0001965,A00154,A00450,1582000.0,4,Internet Banking,0
T0001966,A00482,A00885,3122000.0,18,Mobile,0
T0001967,A00899,A00432,2173000.0,2,Internet Banking,0
T0001968,A00322,A00306,1621000.0,11,Mobile,0
T0001969,A00987,A00786,1352000.0,3,Branch,0
T0001970,A00728,A00329,3220000.0,12,ATM,0
T0001971,A00755,A00561,2645000.0,15,Internet Banking,0
T0001972,A01127,A00497,1604000.0,11,ATM,0
T0001973,A00519,A00622,559000.0,18,Mobile,0
T0001974,A00414,A00386,1834000.0,6,Mobile,0
T0001975,A01194,A00788,1115000.0,13,Internet Banking,0
T0001976,A00669,A00862,855000.0,6,Internet Banking,0
T0001977,A00738,A00899,22851000.0,12,Mobile,0
T0001978,A00356,A01054,221000.0,1,Mobile,0
T0001979,A00259,A00426,3444000.0,6,Internet Banking,0
T0001980,A00204,A00212,465000.0,16,Mobile,0
T0001981,A00269,A00981,1386000.0,18,Mobile,0
T0001982,A00235,A01101,20242000.0,6,Mobile,0
T0001983,A00897,A00022,416000.0,6,Branch,0
T0001984,A00070,A00405,541000.0,7,Mobile,0
T0001985,A00756,A01003,1177000.0,6,Mobile,0
T0001986,A01140,A00876,473000.0,23,Mobile,0
T0001987,A00919,A00542,3173000.0,15,Mobile,0
T0001988,A00484,A00388,667000.0,9,ATM,0
T0001989,A00072,A00993,2464000.0,11,Mobile,0
T0001990,A01001,A01194,278000.0,12,Mobile,0
T0001991,A00004,A00028,164000.0,13,Branch,0
T0001992,A00818,A00667,933000.0,9,ATM,0
T0001993,A00806,A00051,214000.0,23,Mobile,0
T0001994,A00231,A00031,6375000.0,6,Mobile,0
T0001995,A00888,A00411,223000.0,10,ATM,0
T0001996,A00211,A00773,383000.0,0,Internet Banking,0
T0001997,A00271,A00413,1891000.0,11,Branch,0
T0001998,A00975,A00847,630000.0,20,Mobile,0
T0001999,A01175,A00584,226000.0,23,ATM,0
T0002000,A00318,A01035,11317000.0,11,Mobile,0
T0002001,A01106,A00327,399000.0,3,Mobile,0
T0002002,A01096,A00127,967000.0,17,ATM,0
T0002003,A00924,A00891,953000.0,15,Internet Banking,0
T0002004,A00169,A00628,2621000.0,23,Mobile,0
T0002005,A00360,A01139,1996000.0,12,Mobile,0
T0002006,A00814,A00028,483000.0,0,ATM,0
T0002007,A01200,A00475,839000.0,21,Mobile,0
T0002008,A00978,A00295,935000.0,16,Mobile,0
T0002009,A00505,A00309,2735000.0,19,Mobile,0
T0002010,A00283,A00471,332000.0,2,Mobile,0
T0002011,A01153,A00263,11048000.0,10,ATM,0
T0002012,A00332,A00163,521000.0,10,Mobile,0
T0002013,A00411,A01031,1189000.0,6,Internet Banking,0
T0002014,A01158,A00179,335000.0,20,Internet Banking,0
T0002015,A00674,A00881,288000.0,4,Mobile,0
T0002016,A00318,A00813,459000.0,1,Internet Banking,0
T0002017,A00007,A00538,413000.0,5,Mobile,0
T0002018,A00516,A00533,761000.0,23,ATM,0
T0002019,A01184,A00537,409000.0,2,ATM,0
T0002020,A00520,A01005,2579000.0,13,ATM,0
T0002021,A00840,A00781,507000.0,4,Mobile,0
T0002022,A00304,A00396,449000.0,9,ATM,0
T0002023,A00931,A00983,779000.0,13,Internet Banking,0
T0002024,A00931,A00011,3577000.0,0,Mobile,0
T0002025,A00730,A00966,1520000.0,5,Mobile,0
T0002026,A00927,A00905,1075000.0,14,Mobile,0
T0002027,A00695,A00408,248000.0,0,Mobile,0
T0002028,A00454,A01124,341000.0,11,Mobile,0
T0002029,A00886,A00932,294000.0,14,Branch,0
T0002030,A01003,A00656,5052000.0,5,Branch,0
T0002031,A01010,A00030,2151000.0,3,Mobile,0
T0002032,A00256,A00357,465000.0,11,Branch,0
T0002033,A00812,A00217,645000.0,17,Internet Banking,0
T0002034,A00006,A00722,484000.0,0,Mobile,0
T0002035,A00687,A01138,453000.0,8,Branch,0
T0002036,A00686,A00867,1991000.0,23,Internet Banking,0
T0002037,A00437,A01139,875000.0,8,Internet Banking,0
T0002038,A01193,A01113,11841000.0,7,Mobile,0
T0002039,A01060,A00066,4748000.0,17,Mobile,0
T0002040,A00047,A00729,5067000.0,11,Branch,0
T0002041,A00251,A00009,2511000.0,9,Mobile,0
T0002042,A00250,A00748,754000.0,18,Mobile,0
T0002043,A01078,A00033,2316000.0,0,Mobile,0
T0002044,A00623,A00369,818000.0,17,Mobile,0
T0002045,A00875,A00128,7211000.0,9,Mobile,0
T0002046,A00972,A00518,1872000.0,21,Branch,0
T0002047,A00922,A00079,1601000.0,17,Mobile,0
T0002048,A00107,A00837,1380000.0,22,ATM,0
T0002049,A00169,A00957,8139000.0,3,Internet Banking,0
T0002050,A00475,A00664,248000.0,4,Internet Banking,0
T0002051,A00407,A00871,9065000.0,21,Mobile,0
T0002052,A00897,A00051,978000.0,9,Mobile,0
T0002053,A00188,A00774,256000.0,19,ATM,0
T0002054,A00446,A00528,525000.0,16,ATM,0
T0002055,A00284,A00149,195000.0,11,Mobile,0
T0002056,A00227,A00257,2463000.0,1,Branch,0
T0002057,A00208,A01081,383000.0,1,ATM,0
T0002058,A00235,A01101,1445000.0,17,Mobile,0
T0002059,A00678,A00610,4179000.0,2,Internet Banking,0
T0002060,A00493,A01172,573000.0,0,ATM,0
T0002061,A00523,A00217,894000.0,5,ATM,0
T0002062,A00576,A00907,286000.0,21,Mobile,0
T0002063,A00890,A01117,783000.0,15,Mobile,0
T0002064,A01035,A00787,20364000.0,17,Mobile,0
T0002065,A00632,A00792,2824000.0,15,Mobile,0
T0002066,A00771,A00264,897000.0,13,Mobile,0
T0002067,A00887,A00279,612000.0,6,Internet Banking,0
T0002068,A00829,A00574,1145000.0,10,Internet Banking,0
T0002069,A00162,A00432,1385000.0,13,Mobile,0
T0002070,A01180,A00870,757000.0,23,Internet Banking,0
T0002071,A00198,A01020,2150000.0,21,Mobile,0
T0002072,A00495,A00601,420000.0,17,Mobile,0
T0002073,A00784,A00631,418000.0,19,ATM,0
T0002074,A00485,A00298,1803000.0,19,ATM,0
T0002075,A00292,A00282,332000.0,16,Mobile,0
T0002076,A01109,A00048,2676000.0,19,ATM,0
T0002077,A00086,A01028,1181000.0,1,ATM,0
T0002078,A00296,A00273,161000.0,0,Internet Banking,0
T0002079,A01192,A00796,1354000.0,10,Branch,0
T0002080,A00876,A01012,188000.0,1,Mobile,0
T0002081,A00105,A00856,2573000.0,8,Mobile,0
T0002082,A00906,A00746,913000.0,4,ATM,0
T0002083,A01164,A00655,9194000.0,22,Mobile,0
T0002084,A00118,A00583,3899000.0,15,Mobile,0
T0002085,A00497,A00674,374000.0,1,Mobile,0
T0002086,A00562,A00383,130000.0,14,Mobile,0
T0002087,A00158,A00995,523000.0,17,Mobile,0
T0002088,A00241,A01116,313000.0,7,Mobile,0
T0002089,A00209,A00311,8941000.0,21,Branch,0
T0002090,A00223,A00318,1186000.0,23,Mobile,0
T0002091,A00485,A01057,3350000.0,23,ATM,0
T0002092,A00557,A01002,877000.0,2,Mobile,0
T0002093,A00286,A01182,985000.0,10,Mobile,0
T0002094,A00348,A01076,1158000.0,18,Branch,0
T0002095,A00231,A00931,4053000.0,10,Mobile,0
T0002096,A00956,A00192,1691000.0,11,Mobile,0
T0002097,A00255,A00701,375000.0,7,ATM,0
T0002098,A01090,A01074,7150000.0,10,Mobile,0
T0002099,A00647,A00924,870000.0,16,Mobile,0
T0002100,A00964,A00333,727000.0,0,Branch,0
T0002101,A00764,A00061,53000.0,19,Mobile,0
T0002102,A00320,A00551,2411000.0,17,Internet Banking,0
T0002103,A00722,A00024,1341000.0,3,Mobile,0
T0002104,A00329,A00106,1339000.0,18,Mobile,0
T0002105,A00143,A01179,770000.0,12,Mobile,0
T0002106,A00306,A00569,637000.0,7,Internet Banking,0
T0002107,A00331,A00437,799000.0,10,Mobile,0
T0002108,A00163,A00487,1997000.0,12,ATM,0
T0002109,A00029,A00123,2424000.0,5,ATM,0
T0002110,A01133,A00076,931000.0,14,Internet Banking,0
T0002111,A00617,A00426,3408000.0,15,Mobile,0
T0002112,A00483,A00748,1100000.0,8,Internet Banking,0
T0002113,A01116,A00505,689000.0,11,Internet Banking,0
T0002114,A00270,A00390,1493000.0,14,Mobile,0
T0002115,A00484,A00633,269000.0,12,ATM,0
T0002116,A01017,A00708,1550000.0,10,Mobile,0
T0002117,A00759,A00443,220000.0,22,Branch,0
T0002118,A00480,A00547,387000.0,21,Branch,0
T0002119,A00307,A00368,130000.0,9,Mobile,0
T0002120,A00043,A00363,990000.0,17,Mobile,0
T0002121,A00103,A00837,7049000.0,19,Internet Banking,0
T0002122,A00195,A01190,1055000.0,2,Internet Banking,0
T0002123,A00944,A00916,2436000.0,14,ATM,0
T0002124,A00768,A00005,15957000.0,19,Mobile,0
T0002125,A00521,A00602,1872000.0,1,Internet Banking,0
T0002126,A00940,A00437,517000.0,8,Branch,0
T0002127,A00193,A00958,602000.0,19,Branch,0
T0002128,A00254,A00499,1201000.0,22,Mobile,0
T0002129,A00472,A00089,598000.0,23,Branch,0
T0002130,A01101,A00779,649000.0,14,Mobile,0
T0002131,A00738,A00370,3547000.0,1,Internet Banking,0
T0002132,A01022,A00773,3710000.0,0,Mobile,0
T0002133,A00298,A00519,196000.0,19,Internet Banking,0
T0002134,A01019,A00440,488000.0,17,Mobile,0
T0002135,A00087,A00358,720000.0,4,Mobile,0
T0002136,A00274,A00804,2319000.0,3,Mobile,0
T0002137,A00628,A00942,4219000.0,3,Branch,0
T0002138,A00061,A00640,23441000.0,21,Internet Banking,0
T0002139,A01030,A00521,719000.0,18,Internet Banking,0
T0002140,A01041,A00932,760000.0,22,Internet Banking,0
T0002141,A00650,A00770,2293000.0,2,Mobile,0
T0002142,A00367,A00367,567000.0,16,Mobile,0
T0002143,A00119,A00544,1028000.0,22,Mobile,0
T0002144,A00743,A00751,760000.0,12,Mobile,0
T0002145,A00646,A00419,67000.0,18,Branch,0
T0002146,A00912,A01005,1374000.0,14,Mobile,0
T0002147,A00724,A01133,982000.0,0,Internet Banking,0
T0002148,A00154,A00353,4858000.0,10,ATM,0
T0002149,A00147,A00839,1207000.0,6,Branch,0
T0002150,A00938,A00726,302000.0,2,Mobile,0
T0002151,A00191,A01064,903000.0,14,Branch,0
T0002152,A01127,A00589,120000.0,22,Internet Banking,0
T0002153,A00128,A00836,317000.0,1,Internet Banking,0
T0002154,A00875,A00360,2414000.0,7,ATM,0
T0002155,A01171,A00725,914000.0,16,Mobile,0
T0002156,A00530,A01169,3310000.0,7,ATM,0
T0002157,A00069,A01099,138000.0,2,Internet Banking,0
T0002158,A01053,A00606,919000.0,4,ATM,0
T0002159,A00225,A00731,711000.0,0,ATM,0
T0002160,A00633,A00634,3434000.0,23,Internet Banking,0
T0002161,A01182,A00536,2515000.0,11,Mobile,0
T0002162,A00894,A00851,2432000.0,22,Mobile,0
T0002163,A00056,A00663,6540000.0,16,ATM,0
T0002164,A00985,A00743,800000.0,8,Internet Banking,0
T0002165,A00194,A00707,5212000.0,22,ATM,0
T0002166,A00900,A00260,380000.0,6,Mobile,0
T0002167,A00746,A00294,365000.0,4,Internet Banking,0
T0002168,A00346,A01145,2747000.0,19,ATM,0
T0002169,A00509,A00855,229000.0,13,ATM,0
T0002170,A00142,A00523,2253000.0,10,Mobile,0
T0002171,A01185,A00231,1341000.0,14,Mobile,0
T0002172,A00287,A01040,3901000.0,23,ATM,0
T0002173,A00371,A00396,1124000.0,6,ATM,0
T0002174,A00604,A00753,1276000.0,21,Mobile,0
T0002175,A00807,A00875,2101000.0,21,Internet Banking,0
T0002176,A00607,A00442,579000.0,18,Mobile,0
T0002177,A00607,A00542,552000.0,3,Mobile,0
T0002178,A00700,A00937,2022000.0,2,Mobile,0
T0002179,A01030,A00199,1162000.0,2,Mobile,0
T0002180,A00475,A00675,767000.0,16,ATM,0
T0002181,A00999,A00894,1096000.0,9,Mobile,0
T0002182,A00945,A00731,6933000.0,23,ATM,0
T0002183,A01154,A00250,737000.0,0,Mobile,0
T0002184,A01096,A00150,714000.0,8,Mobile,0
T0002185,A00958,A00915,183000.0,6,Mobile,0
T0002186,A00297,A00147,1145000.0,21,Mobile,0
T0002187,A00930,A00199,2472000.0,2,Internet Banking,0
T0002188,A00884,A00457,3011000.0,9,Branch,0
T0002189,A00348,A00143,1352000.0,20,ATM,0
T0002190,A00814,A01057,3434000.0,23,ATM,0
T0002191,A00304,A00324,2682000.0,21,ATM,0
T0002192,A00628,A01170,4082000.0,15,ATM,0
T0002193,A00957,A00738,3543000.0,3,Internet Banking,0
T0002194,A00227,A00602,6748000.0,2,Internet Banking,0
T0002195,A00405,A00323,996000.0,9,Mobile,0
T0002196,A00955,A00414,279000.0,11,Mobile,0
T0002197,A00545,A00249,2490000.0,12,Internet Banking,0
T0002198,A01153,A01102,2832000.0,1,Internet Banking,0
T0002199,A00010,A00087,6748000.0,16,Mobile,0
T0002200,A00867,A00291,4912000.0,9,Branch,0
T0002201,A00978,A01192,10200000.0,2,Mobile,0
T0002202,A01102,A00231,2373000.0,21,Internet Banking,0
T0002203,A00189,A01112,1543000.0,8,Branch,0
T0002204,A01182,A00207,262000.0,5,Mobile,0
T0002205,A00471,A00257,1684000.0,11,Branch,0
T0002206,A00423,A00160,653000.0,22,ATM,0
T0002207,A00427,A00358,1514000.0,19,Internet Banking,0
T0002208,A00766,A00613,1274000.0,2,Branch,0
T0002209,A00792,A00235,2016000.0,16,Internet Banking,0
T0002210,A00569,A00394,1078000.0,15,Mobile,0
T0002211,A00086,A00236,3356000.0,21,Internet Banking,0
T0002212,A01184,A00024,60000.0,23,Mobile,0
T0002213,A00267,A01181,1479000.0,17,Mobile,0
T0002214,A00113,A00677,4504000.0,15,Mobile,0
T0002215,A00717,A00940,9387000.0,8,Mobile,0
T0002216,A00495,A00483,2684000.0,21,ATM,0
T0002217,A00739,A00187,7658000.0,22,Branch,0
T0002218,A01051,A00088,1445000.0,23,Branch,0
T0002219,A00117,A00893,1204000.0,22,Mobile,0
T0002220,A00341,A01111,2148000.0,15,Internet Banking,0
T0002221,A00620,A01080,1196000.0,22,Internet Banking,0
T0002222,A00946,A00542,507000.0,18,Mobile,0
T0002223,A00721,A00313,681000.0,5,Internet Banking,0
T0002224,A00460,A00945,353000.0,0,Mobile,0
T0002225,A00733,A00861,2146000.0,23,Branch,0
T0002226,A01176,A01156,1215000.0,10,Mobile,0
T0002227,A00577,A00145,807000.0,20,ATM,0
T0002228,A01061,A00716,643000.0,6,ATM,0
T0002229,A00936,A00384,2092000.0,8,Internet Banking,0
T0002230,A00362,A00486,2832000.0,19,Mobile,0
T0002231,A00300,A01190,346000.0,12,Mobile,0
T0002232,A00925,A00832,291000.0,16,Branch,0
T0002233,A00249,A00210,3429000.0,7,Mobile,0
T0002234,A00405,A00453,264000.0,14,Mobile,0
T0002235,A00283,A00731,2191000.0,11,Branch,0
T0002236,A00728,A00046,7106000.0,22,ATM,0
T0002237,A00353,A00404,7124000.0,11,Internet Banking,0
T0002238,A00791,A00352,2702000.0,2,Mobile,0
T0002239,A01122,A00085,2617000.0,17,Mobile,0
T0002240,A00996,A01068,14288000.0,22,ATM,0
T0002241,A01138,A00374,92000.0,21,Mobile,0
T0002242,A00030,A00123,720000.0,2,Mobile,0
T0002243,A00547,A00414,3052000.0,23,Mobile,0
T0002244,A00265,A00674,828000.0,8,Internet Banking,0
T0002245,A01102,A01049,4693000.0,20,Mobile,0
T0002246,A00855,A00483,1149000.0,15,ATM,0
T0002247,A00385,A00811,1387000.0,23,Mobile,0
T0002248,A00677,A01003,887000.0,8,Mobile,0
T0002249,A00727,A00515,675000.0,14,Branch,0
T0002250,A00595,A00577,657000.0,16,Branch,0
T0002251,A00570,A00960,1617000.0,3,Internet Banking,0
T0002252,A00067,A01150,512000.0,18,Branch,0
T0002253,A00543,A00854,3424000.0,3,Mobile,0
T0002254,A00418,A00497,2462000.0,19,Mobile,0
T0002255,A00982,A00471,4022000.0,3,Mobile,0
T0002256,A01039,A00006,347000.0,4,Mobile,0
T0002257,A00901,A00429,185000.0,11,ATM,0
T0002258,A00038,A00714,1194000.0,4,ATM,0
T0002259,A01010,A00110,29108000.0,1,Mobile,0
T0002260,A00476,A00050,4831000.0,1,Mobile,0
T0002261,A00500,A01170,652000.0,6,Branch,0
T0002262,A01135,A00961,1914000.0,11,Internet Banking,0
T0002263,A01041,A00557,2672000.0,1,Mobile,1
T0002264,A00062,A01099,266000.0,3,Mobile,0
T0002265,A00432,A00422,5414000.0,14,Mobile,0
T0002266,A00900,A00488,998000.0,7,Mobile,0
T0002267,A00647,A01102,1086000.0,18,Mobile,0
T0002268,A00310,A00946,1232000.0,20,Internet Banking,0
T0002269,A00630,A00913,4226000.0,0,Mobile,0
T0002270,A01040,A00213,523000.0,22,Internet Banking,0
T0002271,A00268,A00909,184000.0,16,Mobile,0
T0002272,A00896,A00753,1712000.0,19,Mobile,0
T0002273,A00882,A00590,127000.0,11,Mobile,0
T0002274,A01063,A00221,862000.0,0,ATM,0
T0002275,A00358,A00475,4428000.0,21,ATM,0
T0002276,A00260,A00130,2269000.0,13,Mobile,0
T0002277,A00658,A00846,3777000.0,0,Mobile,0
T0002278,A00638,A00526,2374000.0,3,Internet Banking,0
T0002279,A00492,A01037,17008000.0,4,Mobile,0
T0002280,A00936,A00594,628000.0,9,Internet Banking,0
T0002281,A00959,A00329,1859000.0,10,Branch,0
T0002282,A00295,A00803,741000.0,10,Mobile,0
T0002283,A00955,A00766,3438000.0,20,Internet Banking,0
T0002284,A00277,A00973,1121000.0,22,Internet Banking,0
T0002285,A00490,A00132,7949000.0,16,Internet Banking,0
T0002286,A00033,A00808,669000.0,15,Mobile,0
T0002287,A00409,A01083,5642000.0,20,Internet Banking,0
T0002288,A01151,A00371,2304000.0,6,Mobile,0
T0002289,A00532,A00823,1158000.0,13,Internet Banking,0
T0002290,A00853,A00553,2179000.0,15,Internet Banking,0
T0002291,A00130,A00458,1600000.0,6,Mobile,0
T0002292,A00763,A00853,1775000.0,22,Branch,0
T0002293,A00446,A01171,956000.0,5,ATM,0
T0002294,A00893,A00612,555000.0,1,Internet Banking,0
T0002295,A01114,A00501,830000.0,7,Branch,0
T0002296,A00638,A00483,188000.0,19,ATM,0
T0002297,A00124,A00660,3030000.0,8,Mobile,0
T0002298,A00572,A00124,308000.0,5,Internet Banking,0
T0002299,A00148,A00838,945000.0,20,Internet Banking,0
T0002300,A00540,A01070,2448000.0,3,Internet Banking,0
T0002301,A00074,A00187,3021000.0,3,Branch,0
T0002302,A00769,A00576,170000.0,21,Mobile,0
T0002303,A00373,A00552,1085000.0,7,Mobile,0
T0002304,A00242,A01068,1990000.0,0,Mobile,0
T0002305,A00021,A00930,1271000.0,10,ATM,0
T0002306,A01066,A00374,5264000.0,17,Mobile,0
T0002307,A01005,A00048,486000.0,18,Mobile,0
T0002308,A00975,A00538,126000.0,2,Mobile,0
T0002309,A00070,A00091,2926000.0,6,Internet Banking,0
T0002310,A00420,A00903,665000.0,14,Mobile,0
T0002311,A01166,A00705,173000.0,15,Mobile,0
T0002312,A00695,A01051,1008000.0,14,Mobile,0
T0002313,A00155,A01197,4646000.0,8,Mobile,0
T0002314,A00170,A01022,299000.0,20,Mobile,0
T0002315,A00316,A00237,15673000.0,1,Mobile,0
T0002316,A01167,A00508,477000.0,19,Internet Banking,0
T0002317,A00204,A00991,1321000.0,22,Mobile,0
T0002318,A01084,A00706,314000.0,16,Mobile,0
T0002319,A00814,A00505,1256000.0,10,Internet Banking,0
T0002320,A01107,A00233,1036000.0,9,Mobile,0
T0002321,A00992,A01189,233000.0,10,Mobile,0
T0002322,A00399,A00781,26862000.0,3,Mobile,0
T0002323,A00994,A00397,696000.0,5,Mobile,0
T0002324,A00203,A00718,697000.0,15,Internet Banking,0
T0002325,A00350,A00482,3484000.0,13,Branch,0
T0002326,A00255,A00186,8829000.0,11,Mobile,0
T0002327,A00160,A00472,4143000.0,11,Internet Banking,0
T0002328,A00109,A00076,320000.0,1,Branch,0
T0002329,A00225,A01002,1518000.0,20,Mobile,0
T0002330,A00145,A00764,151000.0,22,ATM,0
T0002331,A00457,A00308,3236000.0,5,Internet Banking,0
T0002332,A00086,A00060,199000.0,7,Internet Banking,0
T0002333,A00074,A00878,496000.0,15,Branch,0
T0002334,A01188,A00394,1196000.0,0,Mobile,0
T0002335,A00106,A01025,1958000.0,2,Branch,0
T0002336,A00089,A01044,901000.0,21,Mobile,0
T0002337,A00037,A00816,6381000.0,4,Internet Banking,0
T0002338,A00160,A00028,2659000.0,13,Mobile,0
T0002339,A00634,A00169,2439000.0,21,Mobile,0
T0002340,A00993,A00142,310000.0,17,Mobile,0
T0002341,A00882,A00389,7781000.0,6,Branch,1
T0002342,A00697,A00360,496000.0,3,Internet Banking,0
T0002343,A00103,A00092,8114000.0,17,ATM,0
T0002344,A00930,A01051,11098000.0,9,Mobile,0
T0002345,A00045,A01096,2109000.0,23,Mobile,0
T0002346,A00758,A00991,3734000.0,15,Mobile,0
T0002347,A00492,A01023,50000.0,0,Mobile,0
T0002348,A01059,A01032,968000.0,6,Mobile,0
T0002349,A00370,A00794,4034000.0,17,Branch,0
T0002350,A00767,A00958,3318000.0,16,ATM,0
T0002351,A00528,A01104,314000.0,17,Mobile,0
T0002352,A00627,A01131,869000.0,5,Mobile,0
T0002353,A01127,A00297,74000.0,5,Internet Banking,0
T0002354,A00856,A00693,1890000.0,5,Internet Banking,0
T0002355,A00498,A00027,151000.0,16,Internet Banking,0
T0002356,A00537,A00871,4161000.0,0,Internet Banking,0
T0002357,A00846,A00892,4408000.0,19,Mobile,0
T0002358,A00416,A01077,712000.0,6,Mobile,0
T0002359,A00202,A00681,2129000.0,11,Branch,0
T0002360,A00562,A00878,945000.0,5,Internet Banking,0
T0002361,A00082,A00800,1566000.0,10,Branch,0
T0002362,A00204,A01041,340000.0,18,Mobile,0
T0002363,A00505,A00638,2380000.0,4,Internet Banking,0
T0002364,A00956,A00364,197000.0,13,Mobile,0
T0002365,A00938,A01164,160000.0,1,Branch,0
T0002366,A00313,A00516,1049000.0,4,Mobile,0
T0002367,A00507,A00216,951000.0,16,Internet Banking,0
T0002368,A00185,A00121,1619000.0,13,Mobile,0
T0002369,A00907,A01138,587000.0,14,Mobile,0
T0002370,A00296,A00879,9550000.0,5,Mobile,0
T0002371,A00960,A00940,1432000.0,4,Internet Banking,0
T0002372,A01011,A00321,1550000.0,10,ATM,0
T0002373,A00827,A00214,1491000.0,3,Branch,0
T0002374,A00397,A00385,3617000.0,21,Internet Banking,0
T0002375,A01144,A00729,2261000.0,6,Internet Banking,0
T0002376,A00824,A00666,1951000.0,17,ATM,0
T0002377,A00776,A01028,2696000.0,3,Mobile,0
T0002378,A01028,A00369,161000.0,15,ATM,0
T0002379,A01058,A01001,168000.0,4,ATM,0
T0002380,A00094,A00731,1104000.0,6,Internet Banking,0
T0002381,A01058,A00888,965000.0,9,Mobile,0
T0002382,A00919,A00399,2271000.0,2,Mobile,0
T0002383,A00248,A00761,1227000.0,2,Mobile,0
T0002384,A00370,A00539,2276000.0,18,Branch,0
T0002385,A00904,A00651,305000.0,8,Internet Banking,0
T0002386,A00260,A01036,1186000.0,13,Internet Banking,0
T0002387,A00543,A00761,274000.0,15,Mobile,0
T0002388,A00827,A00557,1837000.0,14,ATM,0
T0002389,A00781,A01023,152000.0,15,Mobile,0
T0002390,A01092,A00915,1760000.0,23,Mobile,0
T0002391,A00134,A01187,238000.0,15,Internet Banking,0
T0002392,A00355,A00701,787000.0,8,Mobile,0
T0002393,A01182,A00853,3212000.0,6,Mobile,0
T0002394,A00683,A01190,1541000.0,19,Mobile,0
T0002395,A00299,A00495,196000.0,10,Mobile,0
T0002396,A00348,A01170,573000.0,13,Branch,0
T0002397,A00408,A00381,230000.0,19,ATM,0
T0002398,A00666,A00315,186000.0,5,Branch,0
T0002399,A00342,A01001,1366000.0,5,Branch,0
T0002400,A00747,A00112,2223000.0,1,Mobile,0
T0002401,A00535,A00021,1948000.0,1,Mobile,0
T0002402,A00733,A00594,2328000.0,14,Internet Banking,0
T0002403,A00187,A00089,1184000.0,12,Mobile,0
T0002404,A00749,A00413,888000.0,7,Branch,0
T0002405,A01110,A00904,369000.0,5,Mobile,0
T0002406,A00163,A00144,740000.0,16,Internet Banking,0
T0002407,A00393,A00979,281000.0,2,Internet Banking,0
T0002408,A00833,A00403,474000.0,16,Branch,0
T0002409,A00741,A00197,1323000.0,21,Internet Banking,0
T0002410,A00810,A00181,1054000.0,10,Internet Banking,0
T0002411,A00672,A00900,34936000.0,11,Mobile,0
T0002412,A00820,A00862,273000.0,12,Internet Banking,0
T0002413,A00732,A00506,1046000.0,2,Internet Banking,0
T0002414,A00089,A01199,251000.0,15,Internet Banking,0
T0002415,A00902,A00369,783000.0,8,ATM,0
T0002416,A00537,A00354,819000.0,11,Mobile,0
T0002417,A00062,A01155,3039000.0,0,Mobile,0
T0002418,A00491,A00221,732000.0,21,Branch,0
T0002419,A00523,A01178,972000.0,8,Mobile,0
T0002420,A00105,A00339,747000.0,1,Internet Banking,0
T0002421,A01196,A00900,257000.0,18,Internet Banking,0
T0002422,A00267,A00109,586000.0,23,Branch,0
T0002423,A00397,A01194,788000.0,12,Mobile,0
T0002424,A00530,A00853,1302000.0,0,Mobile,0
T0002425,A01000,A01168,2219000.0,23,ATM,0
T0002426,A00892,A00417,927000.0,4,Internet Banking,0
T0002427,A00926,A00343,909000.0,5,Internet Banking,0
T0002428,A00285,A00155,181000.0,16,Mobile,0
T0002429,A01015,A00789,2173000.0,7,Mobile,0
T0002430,A00996,A00415,558000.0,2,Branch,0
T0002431,A00557,A00161,2730000.0,16,Internet Banking,0
T0002432,A00655,A00476,5106000.0,6,Branch,0
T0002433,A00045,A00381,976000.0,20,Branch,0
T0002434,A00913,A00049,389000.0,3,Internet Banking,0
T0002435,A01154,A00095,1178000.0,21,Internet Banking,0
T0002436,A00568,A00719,1761000.0,17,Internet Banking,0
T0002437,A00649,A00947,848000.0,5,ATM,0
T0002438,A00600,A00489,645000.0,13,Internet Banking,0
T0002439,A00100,A00874,2230000.0,22,Mobile,0
T0002440,A00744,A00919,2074000.0,1,Branch,0
T0002441,A00866,A00594,820000.0,19,Internet Banking,0
T0002442,A01114,A00104,195000.0,11,ATM,0
T0002443,A01116,A00954,1982000.0,22,Mobile,0
T0002444,A00591,A00762,516000.0,5,Mobile,0
T0002445,A01151,A01022,1519000.0,17,Internet Banking,0
T0002446,A00635,A00857,1417000.0,23,ATM,0
T0002447,A00771,A00421,150000.0,8,Mobile,0
T0002448,A00723,A00050,1312000.0,2,Mobile,0
T0002449,A01199,A00416,2113000.0,9,ATM,0
T0002450,A00886,A00175,2419000.0,14,Branch,0
T0002451,A00145,A00640,1365000.0,15,Mobile,0
T0002452,A00087,A00176,136000.0,11,Mobile,0
T0002453,A00492,A01107,4890000.0,22,Mobile,0
T0002454,A00619,A00902,1886000.0,13,Mobile,0
T0002455,A00803,A01084,319000.0,15,Mobile,0
T0002456,A00578,A01106,504000.0,22,Internet Banking,0
T0002457,A00618,A01034,1548000.0,22,Internet Banking,0
T0002458,A01107,A00526,2535000.0,8,Mobile,0
T0002459,A00402,A00837,702000.0,6,Mobile,0
T0002460,A00593,A00413,2975000.0,17,Branch,0
T0002461,A00669,A00530,167000.0,12,Mobile,0
T0002462,A00562,A00920,381000.0,10,ATM,0
T0002463,A01162,A00315,124000.0,16,Mobile,0
T0002464,A01155,A00321,447000.0,15,ATM,0
T0002465,A00616,A00468,6304000.0,21,ATM,0
T0002466,A00541,A00297,11541000.0,8,Mobile,0
T0002467,A00707,A00537,1553000.0,18,Internet Banking,0
T0002468,A00218,A00193,595000.0,5,Internet Banking,0
T0002469,A00512,A00737,940000.0,22,Mobile,0
T0002470,A00261,A00430,2020000.0,2,ATM,0
T0002471,A00173,A00337,215000.0,18,Mobile,0
T0002472,A00115,A00931,639000.0,2,Mobile,0
T0002473,A00705,A00700,5817000.0,21,Branch,0
T0002474,A00001,A00480,380000.0,23,Mobile,0
T0002475,A00776,A00865,526000.0,19,Mobile,0
T0002476,A00519,A00800,1218000.0,18,Mobile,0
T0002477,A00440,A00521,1638000.0,11,Branch,0
T0002478,A00924,A00818,603000.0,5,Mobile,0
T0002479,A00647,A00284,1306000.0,23,Mobile,0
T0002480,A00881,A00583,2342000.0,12,Internet Banking,0
T0002481,A00852,A01050,10380000.0,19,ATM,0
T0002482,A00039,A00408,1044000.0,17,Internet Banking,0
T0002483,A00259,A00023,1147000.0,16,Branch,0
T0002484,A00684,A00265,6440000.0,8,Mobile,0
T0002485,A01171,A00475,656000.0,10,Internet Banking,0
T0002486,A00186,A01043,280000.0,10,Internet Banking,0
T0002487,A00127,A00540,1580000.0,14,Mobile,0
T0002488,A01130,A00920,3920000.0,17,ATM,0
T0002489,A01161,A01019,1785000.0,4,Internet Banking,0
T0002490,A00201,A00358,1079000.0,5,Mobile,0
T0002491,A00483,A00453,244000.0,1,Mobile,0
T0002492,A00752,A00532,1125000.0,12,Mobile,0
T0002493,A00235,A00444,4659000.0,16,ATM,0
T0002494,A00392,A00869,309000.0,5,Mobile,0
T0002495,A00475,A00902,917000.0,17,Branch,0
T0002496,A00770,A00899,784000.0,0,Mobile,0
T0002497,A00370,A00153,557000.0,20,Branch,0
T0002498,A00495,A00152,1576000.0,16,ATM,0
T0002499,A00348,A00916,1954000.0,16,Mobile,0
T0002500,A00912,A00078,1932000.0,16,Mobile,1
T0002501,A00184,A01197,410000.0,8,ATM,0
T0002502,A00277,A01031,196000.0,23,Mobile,0
T0002503,A00300,A00069,1602000.0,17,Mobile,0
T0002504,A01087,A00484,688000.0,4,ATM,0
T0002505,A01134,A01061,9065000.0,22,Branch,0
T0002506,A00601,A00900,9538000.0,17,ATM,0
T0002507,A00188,A00752,10720000.0,7,ATM,0
T0002508,A00908,A00782,427000.0,22,Internet Banking,0
T0002509,A00591,A00051,2245000.0,5,ATM,0
T0002510,A01020,A00480,3128000.0,15,Mobile,0
T0002511,A00432,A00355,2764000.0,16,ATM,0
T0002512,A01199,A00955,813000.0,23,Internet Banking,0
T0002513,A00969,A00754,4901000.0,13,Internet Banking,0
T0002514,A00269,A00455,1201000.0,23,Branch,0
T0002515,A00871,A00394,1382000.0,6,Mobile,0
T0002516,A00345,A00723,221000.0,19,Internet Banking,0
T0002517,A00420,A00782,2439000.0,5,Internet Banking,0
T0002518,A00301,A00374,901000.0,23,Mobile,0
T0002519,A00819,A00260,2001000.0,18,Mobile,0
T0002520,A00316,A01048,1554000.0,15,Branch,0
T0002521,A00767,A00316,1464000.0,1,Mobile,0
T0002522,A00699,A00774,1141000.0,11,Internet Banking,0
T0002523,A00901,A00811,2851000.0,3,Internet Banking,0
T0002524,A01193,A00412,964000.0,22,ATM,0
T0002525,A00011,A01018,242000.0,9,ATM,0
T0002526,A01189,A00762,2244000.0,19,Mobile,0
T0002527,A00132,A00955,493000.0,21,Mobile,0
T0002528,A00633,A01081,280000.0,2,Internet Banking,0
T0002529,A00410,A01019,390000.0,18,Mobile,0
T0002530,A00767,A01062,1639000.0,7,Internet Banking,0
T0002531,A00867,A00513,1079000.0,2,Mobile,0
T0002532,A01032,A00637,115000.0,6,Mobile,0
T0002533,A00483,A00285,787000.0,13,Branch,0
T0002534,A01120,A00140,4343000.0,20,Branch,0
T0002535,A00387,A00387,730000.0,16,Internet Banking,0
T0002536,A00245,A00941,1000000.0,5,Mobile,0
T0002537,A00455,A00053,3780000.0,7,Branch,0
T0002538,A00635,A00994,2879000.0,7,Internet Banking,0
T0002539,A00802,A00294,3692000.0,17,Branch,0
T0002540,A01000,A00379,57000.0,12,Mobile,0
T0002541,A00270,A00880,8078000.0,0,Mobile,0
T0002542,A00364,A00175,2417000.0,1,Internet Banking,0
T0002543,A01127,A00589,17992000.0,1,Branch,0
T0002544,A00528,A00778,508000.0,23,Mobile,0
T0002545,A00290,A00124,172000.0,12,Mobile,0
T0002546,A01183,A00737,1210000.0,11,Internet Banking,0
T0002547,A00539,A00606,886000.0,18,Branch,0
T0002548,A01183,A00512,2463000.0,4,ATM,0
T0002549,A01104,A00946,3915000.0,0,Branch,0
T0002550,A01088,A00141,1090000.0,6,Internet Banking,0
T0002551,A00699,A00889,921000.0,5,ATM,0
T0002552,A00959,A00819,2133000.0,19,Internet Banking,0
T0002553,A01153,A00358,905000.0,19,Mobile,0
T0002554,A00323,A00307,826000.0,15,Internet Banking,0
T0002555,A00046,A00884,3755000.0,21,Internet Banking,0
T0002556,A00386,A00866,4797000.0,11,Mobile,0
T0002557,A00765,A00738,3954000.0,5,Mobile,0
T0002558,A00657,A00210,997000.0,7,ATM,0
T0002559,A00097,A00704,114000.0,3,ATM,0
T0002560,A00673,A00316,1019000.0,21,Mobile,0
T0002561,A00210,A00243,521000.0,14,Branch,0
T0002562,A00607,A00263,1040000.0,18,Mobile,0
T0002563,A00691,A00970,574000.0,6,Mobile,0
T0002564,A00765,A00837,1173000.0,17,Mobile,0
T0002565,A00496,A01083,383000.0,7,Mobile,0
T0002566,A00490,A00244,293000.0,10,Mobile,0
T0002567,A00815,A00654,4606000.0,15,Internet Banking,0
T0002568,A00900,A00227,413000.0,23,ATM,0
T0002569,A00970,A00327,1200000.0,13,Internet Banking,0
T0002570,A00401,A00286,3429000.0,17,ATM,0
T0002571,A00509,A00744,3281000.0,14,Branch,0
T0002572,A00397,A00935,2877000.0,10,Mobile,0
T0002573,A00634,A00795,1674000.0,22,Mobile,0
T0002574,A00153,A00401,2661000.0,23,Mobile,0
T0002575,A00517,A00238,5434000.0,7,Internet Banking,0
T0002576,A00227,A00388,1915000.0,21,Mobile,0
T0002577,A00639,A00484,159000.0,10,Internet Banking,0
T0002578,A01021,A00547,671000.0,17,Internet Banking,0
T0002579,A01183,A00347,2581000.0,12,Internet Banking,0
T0002580,A00536,A01117,602000.0,18,Mobile,0
T0002581,A00068,A00256,7131000.0,20,Mobile,0
T0002582,A00274,A01170,1119000.0,10,Mobile,0
T0002583,A00126,A00526,1318000.0,16,ATM,0
T0002584,A00912,A00854,4135000.0,12,Internet Banking,0
T0002585,A01182,A00694,981000.0,19,Internet Banking,1
T0002586,A00665,A01175,1457000.0,4,Internet Banking,0
T0002587,A00213,A00090,3226000.0,17,Internet Banking,0
T0002588,A00026,A00730,238000.0,14,Mobile,0
T0002589,A01172,A00531,877000.0,10,Mobile,0
T0002590,A00380,A00988,2987000.0,8,Mobile,0
T0002591,A00135,A00741,1290000.0,16,Mobile,0
T0002592,A00213,A00494,6028000.0,8,Mobile,0
T0002593,A00307,A00254,212000.0,0,ATM,0
T0002594,A00788,A00375,187000.0,22,Mobile,0
T0002595,A01071,A00360,2798000.0,10,Mobile,0
T0002596,A00331,A01195,3110000.0,3,Mobile,0
T0002597,A00825,A01171,970000.0,5,Mobile,0
T0002598,A00078,A00925,1864000.0,19,Mobile,0
T0002599,A00013,A00116,2724000.0,7,Mobile,0
T0002600,A00066,A00050,490000.0,6,Mobile,0
T0002601,A01108,A00642,551000.0,11,Branch,0
T0002602,A00699,A00817,1478000.0,0,Mobile,0
T0002603,A00967,A00311,3244000.0,13,Mobile,0
T0002604,A00027,A01142,333000.0,0,Mobile,0
T0002605,A00027,A01094,965000.0,20,Mobile,0
T0002606,A01019,A01021,917000.0,10,Internet Banking,0
T0002607,A00124,A00884,1900000.0,5,Mobile,0
T0002608,A00187,A00221,1189000.0,10,ATM,0
T0002609,A00623,A00146,658000.0,4,Branch,0
T0002610,A00728,A00460,4739000.0,7,Internet Banking,0
T0002611,A00275,A00923,663000.0,3,Mobile,0
T0002612,A00534,A00876,870000.0,16,Mobile,0
T0002613,A00810,A00208,208000.0,23,Mobile,0
T0002614,A00532,A00769,547000.0,11,ATM,0
T0002615,A00460,A00418,2117000.0,2,Mobile,0
T0002616,A00087,A00197,1707000.0,1,Internet Banking,0
T0002617,A00543,A00908,2321000.0,19,Mobile,0
T0002618,A00964,A00653,2200000.0,8,Mobile,0
T0002619,A00753,A01046,11927000.0,7,Mobile,0
T0002620,A01072,A01047,527000.0,2,Mobile,0
T0002621,A00152,A00380,202000.0,15,Internet Banking,0
T0002622,A00014,A00742,378000.0,1,Internet Banking,0
T0002623,A00658,A00026,553000.0,21,Mobile,0
T0002624,A00215,A00866,411000.0,4,Mobile,0
T0002625,A00713,A00825,1330000.0,1,ATM,0
T0002626,A01085,A00398,4760000.0,16,Mobile,0
T0002627,A00405,A00713,6527000.0,8,Internet Banking,0
T0002628,A00660,A00227,2090000.0,16,Mobile,0
T0002629,A00819,A00237,12651000.0,0,Internet Banking,0
T0002630,A00181,A00873,811000.0,20,Internet Banking,0
T0002631,A01077,A00360,199000.0,7,Mobile,0
T0002632,A00244,A00563,3822000.0,18,Internet Banking,0
T0002633,A00970,A01099,159000.0,22,Internet Banking,0
T0002634,A00792,A00038,523000.0,12,Mobile,0
T0002635,A00170,A00153,2126000.0,8,Internet Banking,0
T0002636,A00870,A00397,1072000.0,7,Mobile,0
T0002637,A00236,A00827,973000.0,16,Mobile,0
T0002638,A00720,A00178,327000.0,0,ATM,0
T0002639,A01152,A00877,1186000.0,3,ATM,0
T0002640,A01144,A00364,3620000.0,15,Mobile,0
T0002641,A01046,A00938,1227000.0,0,Internet Banking,0
T0002642,A00593,A00251,481000.0,6,Mobile,0
T0002643,A00672,A01200,304000.0,15,Internet Banking,0
T0002644,A00361,A00588,493000.0,6,Mobile,0
T0002645,A01106,A00917,1848000.0,22,ATM,0
T0002646,A00573,A01095,1751000.0,23,Mobile,0
T0002647,A00926,A00034,497000.0,0,Mobile,0
T0002648,A00432,A00008,105000.0,4,ATM,0
T0002649,A00889,A00699,1905000.0,21,Mobile,0
T0002650,A00270,A01119,447000.0,0,Mobile,0
T0002651,A00881,A00528,2561000.0,11,Mobile,0
T0002652,A00056,A00352,522000.0,22,Internet Banking,0
T0002653,A00126,A01109,405000.0,14,Mobile,0
T0002654,A00423,A01141,1420000.0,7,Internet Banking,0
T0002655,A00579,A00356,16051000.0,0,Mobile,0
T0002656,A00854,A00009,2735000.0,9,Internet Banking,0
T0002657,A00431,A00783,1394000.0,13,Branch,0
T0002658,A00023,A00888,1781000.0,1,Mobile,0
T0002659,A00391,A00177,175000.0,12,Internet Banking,0
T0002660,A00528,A00945,349000.0,9,Mobile,0
T0002661,A00653,A01124,76000.0,7,Mobile,0
T0002662,A00773,A00429,8046000.0,23,ATM,0
T0002663,A00298,A00275,6439000.0,21,ATM,0
T0002664,A00733,A00684,1849000.0,16,ATM,0
T0002665,A00758,A01151,1392000.0,14,Branch,0
T0002666,A00932,A00790,218000.0,11,Mobile,0
T0002667,A00627,A00746,943000.0,1,Internet Banking,0
T0002668,A00973,A00905,8619000.0,7,Mobile,0
T0002669,A00266,A00922,1387000.0,0,Branch,0
T0002670,A00855,A01186,645000.0,8,Internet Banking,0
T0002671,A00056,A00439,174000.0,11,Mobile,0
T0002672,A00124,A00111,5478000.0,14,ATM,0
T0002673,A01038,A00300,1111000.0,8,Internet Banking,0
T0002674,A00571,A01083,174000.0,6,Branch,0
T0002675,A00746,A00585,434000.0,17,ATM,0
T0002676,A00725,A00128,294000.0,3,ATM,0
T0002677,A00834,A00056,1038000.0,3,Internet Banking,0
T0002678,A00295,A01133,1507000.0,16,Internet Banking,0
T0002679,A00214,A00732,690000.0,14,ATM,0
T0002680,A00052,A00187,2821000.0,20,Mobile,0
T0002681,A01038,A01035,1309000.0,17,Mobile,0
T0002682,A00269,A00958,3861000.0,21,Branch,0
T0002683,A00691,A00452,810000.0,15,Branch,0
T0002684,A00546,A00975,34198000.0,20,Branch,0
T0002685,A00195,A00192,645000.0,4,Mobile,0
T0002686,A00497,A00390,444000.0,12,Mobile,0
T0002687,A00100,A00003,388000.0,22,Branch,0
T0002688,A00213,A01058,952000.0,18,Mobile,0
T0002689,A00168,A00339,181000.0,9,Mobile,0
T0002690,A00990,A00028,1659000.0,22,Mobile,0
T0002691,A00681,A01062,148000.0,7,ATM,0
T0002692,A01111,A00255,1434000.0,0,Internet Banking,0
T0002693,A00524,A00292,271000.0,19,Mobile,0
T0002694,A00242,A00316,789000.0,9,Internet Banking,0
T0002695,A00731,A00378,2333000.0,0,Mobile,0
T0002696,A01116,A00444,15131000.0,4,Internet Banking,0
T0002697,A00640,A00081,367000.0,1,Internet Banking,0
T0002698,A00022,A00962,1017000.0,23,Internet Banking,0
T0002699,A00365,A00172,541000.0,20,Mobile,0
T0002700,A01110,A00217,461000.0,22,Mobile,0
T0002701,A00623,A00001,547000.0,4,Mobile,0
T0002702,A01143,A01143,2971000.0,19,Branch,0
T0002703,A00612,A00047,701000.0,13,Mobile,0
T0002704,A00015,A00690,14247000.0,7,Mobile,0
T0002705,A01048,A00099,1896000.0,16,Mobile,0
T0002706,A00916,A00898,395000.0,22,Branch,0
T0002707,A00859,A01074,802000.0,11,ATM,0
T0002708,A01165,A00210,497000.0,0,Mobile,0
T0002709,A00236,A01149,2893000.0,20,Internet Banking,0
T0002710,A01088,A00861,198000.0,4,Mobile,0
T0002711,A00280,A00740,275000.0,4,ATM,0
T0002712,A01165,A00803,626000.0,14,Branch,0
T0002713,A00230,A00993,2544000.0,19,Internet Banking,0
T0002714,A00661,A00214,4658000.0,19,ATM,0
T0002715,A00948,A00023,5479000.0,20,Internet Banking,0
T0002716,A00094,A00576,2149000.0,21,Mobile,0
T0002717,A00081,A00520,1095000.0,3,Internet Banking,0
T0002718,A01020,A00231,2876000.0,7,Internet Banking,0
T0002719,A00073,A00161,341000.0,17,Mobile,0
T0002720,A00737,A00077,158000.0,9,Internet Banking,0
T0002721,A01126,A00770,1940000.0,17,Mobile,0
T0002722,A00738,A01142,397000.0,10,Mobile,0
T0002723,A00578,A00758,1117000.0,10,ATM,0
T0002724,A00501,A00133,1369000.0,0,Mobile,0
T0002725,A00766,A00050,1577000.0,14,ATM,0
T0002726,A00687,A00128,3367000.0,20,Mobile,0
T0002727,A00603,A00902,2997000.0,19,Internet Banking,0
T0002728,A00185,A00500,1487000.0,8,Branch,0
T0002729,A00796,A00239,738000.0,16,ATM,0
T0002730,A00888,A01106,1351000.0,4,ATM,0
T0002731,A00851,A00515,623000.0,15,Mobile,0
T0002732,A00091,A00972,967000.0,9,Mobile,0
T0002733,A00844,A00173,21377000.0,22,Internet Banking,0
T0002734,A00876,A00956,1466000.0,17,ATM,0
T0002735,A00221,A00001,1969000.0,1,ATM,0
T0002736,A01019,A00170,552000.0,20,Internet Banking,0
T0002737,A00629,A01121,3685000.0,17,Mobile,0
T0002738,A00567,A00623,2769000.0,5,Mobile,0
T0002739,A00868,A00835,2791000.0,6,Branch,0
T0002740,A00612,A00116,1520000.0,4,Internet Banking,0
T0002741,A00654,A00278,3743000.0,7,ATM,0
T0002742,A00375,A01037,4861000.0,22,Internet Banking,0
T0002743,A01114,A00775,1638000.0,21,Branch,0
T0002744,A01164,A00076,1058000.0,13,ATM,0
T0002745,A00157,A00726,3210000.0,8,Mobile,0
T0002746,A00880,A01134,444000.0,8,ATM,0
T0002747,A00029,A00944,545000.0,22,Mobile,0
T0002748,A00443,A00250,1132000.0,4,Mobile,0
T0002749,A01164,A00159,177000.0,18,ATM,0
T0002750,A00210,A00794,2982000.0,23,Mobile,0
T0002751,A00453,A00069,416000.0,20,Mobile,0
T0002752,A00264,A00154,714000.0,17,Internet Banking,0
T0002753,A00874,A00937,949000.0,21,Branch,0
T0002754,A00557,A00110,1253000.0,5,Mobile,0
T0002755,A00712,A00717,822000.0,23,Internet Banking,0
T0002756,A01132,A00760,1114000.0,2,Internet Banking,0
T0002757,A00626,A00631,1124000.0,0,Mobile,0
T0002758,A00881,A01050,734000.0,4,Internet Banking,0
T0002759,A00118,A00791,513000.0,14,Internet Banking,0
T0002760,A00259,A00363,3943000.0,5,ATM,0
T0002761,A01137,A00912,119000.0,15,Internet Banking,0
T0002762,A01032,A00032,957000.0,2,Branch,0
T0002763,A00789,A00629,716000.0,16,ATM,0
T0002764,A00454,A00001,1902000.0,5,Mobile,0
T0002765,A00240,A00475,242000.0,12,ATM,0
T0002766,A01023,A00565,693000.0,2,Internet Banking,0
T0002767,A00943,A00529,1072000.0,23,Mobile,0
T0002768,A00291,A00440,3894000.0,9,Internet Banking,0
T0002769,A00708,A01195,1729000.0,14,ATM,0
T0002770,A00743,A01061,326000.0,11,Mobile,0
T0002771,A00573,A00313,702000.0,14,Mobile,0
T0002772,A01113,A00761,3180000.0,10,Internet Banking,0
T0002773,A00149,A00930,320000.0,1,Mobile,0
T0002774,A00310,A01057,1101000.0,19,ATM,0
T0002775,A00115,A00159,1188000.0,15,Mobile,0
T0002776,A00832,A01047,785000.0,6,ATM,0
T0002777,A00773,A00752,23281000.0,2,ATM,0
T0002778,A01185,A00495,762000.0,21,Mobile,0
T0002779,A00651,A00091,1968000.0,7,Internet Banking,0
T0002780,A00181,A01056,517000.0,21,Mobile,0
T0002781,A00542,A00602,2144000.0,18,Mobile,0
T0002782,A00107,A00428,3127000.0,23,Internet Banking,0
T0002783,A00806,A00725,628000.0,15,Mobile,0
T0002784,A00810,A01054,1130000.0,4,ATM,0
T0002785,A01030,A01063,448000.0,0,Internet Banking,0
T0002786,A00408,A00285,341000.0,5,Mobile,0
T0002787,A00373,A01131,3754000.0,10,Mobile,0
T0002788,A00086,A00177,652000.0,14,ATM,0
T0002789,A00499,A00553,84000.0,21,Mobile,0
T0002790,A00571,A01033,8366000.0,3,Internet Banking,0
T0002791,A00906,A00471,497000.0,15,Mobile,0
T0002792,A00905,A00073,915000.0,2,Branch,0
T0002793,A00169,A01099,7296000.0,11,Mobile,0
T0002794,A00343,A00822,1027000.0,1,Mobile,0
T0002795,A00614,A00374,1003000.0,8,Internet Banking,0
T0002796,A00403,A00368,311000.0,14,Mobile,0
T0002797,A00031,A00274,199000.0,17,Internet Banking,0
T0002798,A01015,A00029,999000.0,19,Mobile,0
T0002799,A00878,A00664,1789000.0,12,Mobile,0
T0002800,A00625,A00306,1679000.0,6,Mobile,0
T0002801,A00381,A01019,707000.0,21,Internet Banking,0
T0002802,A01012,A00206,1227000.0,22,ATM,0
T0002803,A00043,A00763,159000.0,23,Mobile,0
T0002804,A00536,A00467,1991000.0,19,ATM,0
T0002805,A00962,A01191,1433000.0,18,ATM,0
T0002806,A01144,A00829,10521000.0,1,Mobile,0
T0002807,A00302,A00476,1210000.0,13,Mobile,0
T0002808,A00781,A00752,425000.0,9,Mobile,0
T0002809,A00228,A00159,1135000.0,6,Mobile,0
T0002810,A00140,A01050,837000.0,1,ATM,0
T0002811,A00424,A00636,1936000.0,5,Internet Banking,0
T0002812,A01063,A00436,1236000.0,21,Mobile,0
T0002813,A00828,A00037,300000.0,21,Internet Banking,0
T0002814,A00588,A00203,198000.0,17,Mobile,0
T0002815,A00340,A00572,1602000.0,2,ATM,0
T0002816,A00170,A00481,5494000.0,16,Internet Banking,1
T0002817,A00325,A00404,1309000.0,3,Mobile,0
T0002818,A00184,A00982,2936000.0,16,Internet Banking,0
T0002819,A00225,A00191,3656000.0,0,Mobile,0
T0002820,A00826,A00182,1609000.0,6,Branch,0
T0002821,A00160,A00918,490000.0,2,Mobile,0
T0002822,A00057,A00122,1488000.0,22,ATM,0
T0002823,A00651,A00800,4527000.0,13,Branch,0
T0002824,A00344,A00747,2149000.0,22,Internet Banking,0
T0002825,A00546,A00699,2733000.0,0,Internet Banking,0
T0002826,A00168,A00567,721000.0,17,Internet Banking,0
T0002827,A00252,A00030,961000.0,11,Mobile,0
T0002828,A00530,A00348,1053000.0,11,Branch,0
T0002829,A00829,A00643,1134000.0,20,Mobile,0
T0002830,A00498,A00133,4337000.0,1,ATM,0
T0002831,A00651,A00246,91000.0,22,Internet Banking,0
T0002832,A00627,A00614,1241000.0,0,Mobile,0
T0002833,A00323,A00745,1100000.0,8,Mobile,1
T0002834,A00336,A00212,265000.0,3,Mobile,0
T0002835,A00511,A00340,2512000.0,12,Mobile,0
T0002836,A00039,A00952,541000.0,14,Internet Banking,0
T0002837,A00823,A00532,810000.0,15,Mobile,0
T0002838,A00738,A00572,9170000.0,19,Branch,0
T0002839,A00368,A00400,3645000.0,18,Mobile,0
T0002840,A00449,A00685,2257000.0,22,Mobile,0
T0002841,A00395,A00892,1824000.0,10,Mobile,0
T0002842,A00782,A00242,1001000.0,4,Mobile,0
T0002843,A00912,A00072,10823000.0,3,Internet Banking,0
T0002844,A00131,A00424,2900000.0,6,Mobile,0
T0002845,A00496,A00022,526000.0,14,Internet Banking,0
T0002846,A00017,A00488,257000.0,1,Internet Banking,0
T0002847,A00543,A00168,2239000.0,22,Mobile,0
T0002848,A00298,A00777,1128000.0,23,Mobile,0
T0002849,A00403,A00063,249000.0,3,Mobile,0
T0002850,A00548,A00099,1923000.0,18,Mobile,0
T0002851,A00389,A01024,893000.0,14,ATM,0
T0002852,A00473,A01099,2151000.0,11,Mobile,0
T0002853,A00918,A00149,1951000.0,17,Mobile,0
T0002854,A00973,A00235,615000.0,13,Internet Banking,0
T0002855,A00008,A00165,2407000.0,7,Mobile,0
T0002856,A00454,A00817,694000.0,13,Branch,0
T0002857,A01017,A00159,745000.0,3,ATM,0
T0002858,A00637,A01146,668000.0,6,ATM,0
T0002859,A00247,A01061,4164000.0,23,Internet Banking,0
T0002860,A00713,A00471,881000.0,4,Mobile,0
T0002861,A00174,A00876,5430000.0,14,Mobile,0
T0002862,A00027,A00412,8535000.0,7,ATM,0
T0002863,A00759,A00863,532000.0,11,Mobile,0
T0002864,A00619,A01010,50000.0,5,Mobile,0
T0002865,A00908,A00925,3786000.0,13,Internet Banking,0
T0002866,A00414,A00623,824000.0,13,ATM,0
T0002867,A01026,A01006,463000.0,14,Internet Banking,0
T0002868,A00506,A00405,628000.0,7,Mobile,0
T0002869,A00886,A00043,760000.0,13,Branch,0
T0002870,A00121,A01146,4999000.0,17,Mobile,0
T0002871,A00117,A00452,1431000.0,17,Branch,0
T0002872,A00940,A00449,4925000.0,13,Mobile,0
T0002873,A01001,A00591,2067000.0,7,Branch,0
T0002874,A01131,A00358,854000.0,12,Branch,0
T0002875,A00390,A01063,781000.0,12,Mobile,0
T0002876,A00027,A00909,2226000.0,22,ATM,0
T0002877,A01176,A00576,2959000.0,9,Mobile,0
T0002878,A00722,A00691,3592000.0,7,Mobile,0
T0002879,A00297,A00892,900000.0,17,Mobile,0
T0002880,A00917,A00445,1455000.0,15,Internet Banking,0
T0002881,A01085,A00993,2281000.0,10,Mobile,0
T0002882,A00342,A01155,787000.0,0,Internet Banking,0
T0002883,A00924,A00241,344000.0,16,Branch,0
T0002884,A00946,A00660,494000.0,17,ATM,0
T0002885,A00603,A00631,921000.0,22,Mobile,0
T0002886,A00759,A00414,2486000.0,12,Internet Banking,0
T0002887,A00324,A00522,4793000.0,12,Mobile,0
T0002888,A01115,A00119,270000.0,5,Mobile,0
T0002889,A01180,A00050,622000.0,11,Branch,0
T0002890,A01178,A00661,810000.0,0,Branch,0
T0002891,A00885,A00227,2876000.0,12,Mobile,0
T0002892,A00051,A00128,671000.0,16,Mobile,0
T0002893,A00440,A00068,748000.0,18,Mobile,0
T0002894,A00534,A01166,254000.0,15,Mobile,0
T0002895,A01152,A00852,2042000.0,19,Mobile,0
T0002896,A00657,A00747,1005000.0,15,Mobile,0
T0002897,A00644,A00916,584000.0,18,Mobile,0
T0002898,A00177,A00859,902000.0,10,Mobile,0
T0002899,A00953,A00162,4145000.0,14,ATM,0
T0002900,A00404,A01054,397000.0,15,ATM,0
T0002901,A00111,A00077,475000.0,13,Internet Banking,0
T0002902,A01186,A00346,4758000.0,13,Mobile,0
T0002903,A00229,A00606,1304000.0,18,ATM,0
T0002904,A00020,A00078,2507000.0,5,Mobile,0
T0002905,A00094,A00913,1867000.0,7,ATM,0
T0002906,A00544,A00568,1154000.0,12,Mobile,0
T0002907,A00124,A00030,818000.0,15,Branch,0
T0002908,A01012,A00212,2995000.0,12,Mobile,0
T0002909,A00615,A00275,4310000.0,4,ATM,0
T0002910,A00389,A00590,3955000.0,19,Mobile,0
T0002911,A00004,A00342,326000.0,13,ATM,0
T0002912,A00576,A01055,5042000.0,10,Internet Banking,0
T0002913,A00182,A00171,809000.0,21,Mobile,0
T0002914,A01174,A00023,523000.0,10,ATM,0
T0002915,A00350,A00672,996000.0,3,Mobile,0
T0002916,A00570,A00930,2994000.0,23,Internet Banking,0
T0002917,A00023,A00119,2175000.0,9,Mobile,0
T0002918,A00158,A00366,906000.0,21,ATM,0
T0002919,A00249,A01199,3015000.0,12,ATM,0
T0002920,A00063,A00180,1400000.0,5,Mobile,0
T0002921,A00872,A00311,639000.0,9,ATM,0
T0002922,A01135,A01116,551000.0,21,Branch,0
T0002923,A01183,A00312,1884000.0,22,Internet Banking,0
T0002924,A00319,A00437,1096000.0,3,Mobile,0
T0002925,A00947,A01117,264000.0,23,Mobile,0
T0002926,A00605,A00122,3047000.0,20,Mobile,0
T0002927,A00056,A00069,708000.0,15,Mobile,0
T0002928,A00109,A00407,6915000.0,4,Mobile,0
T0002929,A00658,A01110,256000.0,14,ATM,0
T0002930,A00509,A01120,984000.0,10,Internet Banking,0
T0002931,A00011,A00445,556000.0,2,Internet Banking,0
T0002932,A01117,A00733,410000.0,23,Mobile,0
T0002933,A00877,A00897,702000.0,14,Mobile,0
T0002934,A00603,A00795,8414000.0,2,ATM,0
T0002935,A01185,A00070,1405000.0,8,Internet Banking,0
T0002936,A01166,A00467,502000.0,20,Branch,0
T0002937,A01169,A00401,161000.0,10,Internet Banking,0
T0002938,A00311,A00233,181000.0,11,Mobile,0
T0002939,A01058,A00683,665000.0,3,Internet Banking,0
T0002940,A00606,A01056,598000.0,2,Internet Banking,0
T0002941,A00872,A00075,938000.0,23,Mobile,0
T0002942,A01032,A01178,99000.0,22,Internet Banking,0
T0002943,A00196,A00357,1085000.0,2,Mobile,0
T0002944,A00538,A00033,3717000.0,13,Mobile,0
T0002945,A00155,A00729,7152000.0,16,Mobile,0
T0002946,A00336,A00602,149000.0,21,Internet Banking,0
T0002947,A00497,A00961,497000.0,13,Internet Banking,0
T0002948,A01027,A01036,469000.0,20,Mobile,0
T0002949,A01036,A01002,1409000.0,2,ATM,0
T0002950,A00468,A00237,314000.0,0,ATM,0
T0002951,A00396,A00006,7636000.0,11,Mobile,0
T0002952,A00637,A00154,1259000.0,6,Mobile,0
T0002953,A01095,A00855,1048000.0,18,Mobile,0
T0002954,A01172,A01179,6919000.0,8,Mobile,0
T0002955,A00273,A00717,1179000.0,9,Branch,0
T0002956,A00224,A00259,1864000.0,12,ATM,0
T0002957,A00849,A00278,525000.0,23,Mobile,0
T0002958,A00362,A01021,266000.0,1,Internet Banking,0
T0002959,A00240,A00240,613000.0,13,Mobile,0
T0002960,A00038,A00559,13303000.0,9,Mobile,0
T0002961,A00484,A00860,2408000.0,0,Mobile,0
T0002962,A00471,A01045,1623000.0,19,Mobile,0
T0002963,A00676,A00653,410000.0,21,Mobile,0
T0002964,A00241,A00462,3270000.0,4,Mobile,0
T0002965,A00858,A00714,270000.0,18,Mobile,0
T0002966,A00817,A00390,214000.0,16,Mobile,0
T0002967,A00555,A00733,649000.0,16,Internet Banking,0
T0002968,A00218,A00861,10301000.0,11,Mobile,0
T0002969,A00609,A00887,9679000.0,7,Mobile,0
T0002970,A00810,A00861,730000.0,1,Mobile,0
T0002971,A00448,A00539,572000.0,0,Branch,0
T0002972,A00317,A00512,197000.0,4,Mobile,0
T0002973,A00608,A00717,1308000.0,12,Internet Banking,0
T0002974,A00427,A00427,1434000.0,3,Mobile,0
T0002975,A00481,A00084,2860000.0,16,Mobile,0
T0002976,A00419,A00206,3268000.0,14,Internet Banking,0
T0002977,A00365,A00690,966000.0,8,ATM,0
T0002978,A00861,A00588,2212000.0,2,Branch,0
T0002979,A00553,A00423,555000.0,12,Mobile,0
T0002980,A00560,A00737,2166000.0,19,Mobile,0
T0002981,A00784,A00198,687000.0,9,ATM,0
T0002982,A00434,A00118,1989000.0,19,Mobile,0
T0002983,A00122,A00734,1820000.0,6,Internet Banking,0
T0002984,A01024,A00943,1294000.0,1,ATM,0
T0002985,A00067,A01042,2876000.0,15,Mobile,1
T0002986,A00687,A00702,213000.0,21,Internet Banking,0
T0002987,A00319,A00690,372000.0,21,Mobile,0
T0002988,A00257,A00012,892000.0,23,Mobile,0
T0002989,A00051,A00806,245000.0,2,Branch,0
T0002990,A01081,A00684,767000.0,1,Mobile,0
T0002991,A00516,A01046,795000.0,13,Mobile,0
T0002992,A00412,A00761,5068000.0,22,Internet Banking,1
T0002993,A00890,A00814,1404000.0,23,Mobile,0
T0002994,A00047,A00506,3724000.0,6,Mobile,0
T0002995,A00678,A00041,1672000.0,9,Mobile,0
T0002996,A00594,A00776,666000.0,15,Mobile,0
T0002997,A00665,A00269,1390000.0,21,Mobile,0
T0002998,A00149,A00690,2677000.0,4,ATM,0
T0002999,A01144,A00589,4460000.0,23,Mobile,0
T0003000,A00287,A00120,1037000.0,19,Branch,0
T0003001,A00815,A01179,196000.0,1,Mobile,0
T0003002,A00897,A00638,181000.0,20,Mobile,0
T0003003,A00413,A00494,838000.0,15,Branch,0
T0003004,A00157,A00705,92000.0,23,ATM,0
T0003005,A00357,A00348,8645000.0,5,Mobile,0
T0003006,A00969,A01077,2314000.0,23,Mobile,0
T0003007,A01088,A00527,596000.0,1,ATM,0
T0003008,A01125,A01093,354000.0,1,Mobile,0
T0003009,A00272,A00640,3718000.0,10,Mobile,0
T0003010,A00728,A00658,353000.0,15,Internet Banking,0
T0003011,A00182,A00516,392000.0,4,ATM,0
T0003012,A00853,A00683,517000.0,6,Internet Banking,0
T0003013,A00500,A01018,1360000.0,9,Mobile,0
T0003014,A00857,A00072,2375000.0,3,Branch,0
T0003015,A00823,A00501,4456000.0,4,Mobile,0
T0003016,A01192,A00400,3788000.0,3,ATM,0
T0003017,A00587,A00662,1201000.0,22,Mobile,0
T0003018,A00410,A00515,3687000.0,22,Internet Banking,0
T0003019,A00633,A00883,574000.0,15,Internet Banking,0
T0003020,A00196,A00851,162000.0,16,Mobile,0
T0003021,A00135,A00726,574000.0,3,Internet Banking,0
T0003022,A00624,A00768,494000.0,1,ATM,0
T0003023,A00991,A00962,599000.0,9,Mobile,0
T0003024,A00640,A00854,418000.0,23,Mobile,0
T0003025,A00939,A01018,723000.0,11,Mobile,0
T0003026,A00214,A00275,2373000.0,19,Internet Banking,0
T0003027,A00540,A01110,7918000.0,8,Internet Banking,0
T0003028,A00736,A00422,180000.0,7,Mobile,0
T0003029,A00418,A00526,291000.0,19,Mobile,0
T0003030,A00017,A00753,502000.0,11,Internet Banking,0
T0003031,A00089,A00320,2786000.0,17,Mobile,0
T0003032,A01114,A00273,958000.0,17,Mobile,0
T0003033,A00727,A01002,541000.0,17,Mobile,0
T0003034,A00318,A00603,2640000.0,16,Internet Banking,0
T0003035,A00311,A00956,3436000.0,19,Branch,0
T0003036,A00048,A01003,1175000.0,11,Internet Banking,0
T0003037,A01134,A01165,489000.0,7,Mobile,0
T0003038,A00130,A00727,1615000.0,12,ATM,0
T0003039,A00912,A01176,928000.0,7,Mobile,0
T0003040,A00289,A00305,921000.0,1,Branch,0
T0003041,A00403,A00760,683000.0,8,Mobile,0
T0003042,A00329,A00532,3319000.0,12,Branch,0
T0003043,A00990,A00333,1580000.0,12,ATM,0
T0003044,A00040,A01135,3749000.0,8,ATM,0
T0003045,A00423,A00655,5219000.0,17,Mobile,0
T0003046,A00336,A00770,1988000.0,6,ATM,0
T0003047,A00328,A00619,687000.0,15,Internet Banking,0
T0003048,A00232,A01163,3769000.0,6,Mobile,0
T0003049,A01095,A00447,2003000.0,23,Mobile,0
T0003050,A00455,A00099,21032000.0,15,Internet Banking,0
T0003051,A00502,A00343,1688000.0,13,Branch,0
T0003052,A00463,A00730,2585000.0,10,ATM,0
T0003053,A01177,A00442,1652000.0,18,Mobile,0
T0003054,A00407,A00121,1076000.0,10,Internet Banking,0
T0003055,A00411,A00742,903000.0,19,Mobile,0
T0003056,A00394,A00923,1659000.0,3,Mobile,0
T0003057,A00393,A01017,2129000.0,19,ATM,0
T0003058,A00108,A00071,4272000.0,23,Internet Banking,0
T0003059,A00726,A00771,1685000.0,5,ATM,0
T0003060,A00031,A00365,721000.0,5,Internet Banking,0
T0003061,A00272,A00439,838000.0,22,Mobile,0
T0003062,A00243,A00924,280000.0,9,Internet Banking,0
T0003063,A00350,A01104,7461000.0,16,Mobile,0
T0003064,A00908,A00216,662000.0,4,Branch,0
T0003065,A00720,A01168,3478000.0,10,Branch,0
T0003066,A01189,A00505,1627000.0,16,ATM,0
T0003067,A00422,A00075,1676000.0,21,ATM,0
T0003068,A01115,A00349,1055000.0,10,Internet Banking,0
T0003069,A00054,A01029,504000.0,1,Mobile,0
T0003070,A00606,A00755,414000.0,9,ATM,0
T0003071,A00959,A00503,8034000.0,15,Mobile,0
T0003072,A00639,A00803,1360000.0,21,ATM,0
T0003073,A01120,A00616,4138000.0,20,Mobile,0
T0003074,A00378,A01045,5505000.0,18,ATM,0
T0003075,A00040,A00130,764000.0,3,Internet Banking,0
T0003076,A00929,A01079,1912000.0,12,ATM,0
T0003077,A00082,A00185,1261000.0,13,Mobile,1
T0003078,A00918,A00166,336000.0,11,Internet Banking,0
T0003079,A00881,A00218,979000.0,22,Branch,0
T0003080,A01014,A00263,2290000.0,23,Mobile,0
T0003081,A00575,A00439,693000.0,5,Mobile,0
T0003082,A01075,A00710,839000.0,22,Mobile,0
T0003083,A00204,A00463,992000.0,20,Internet Banking,0
T0003084,A00522,A00818,12244000.0,16,Internet Banking,0
T0003085,A00147,A00757,160000.0,9,Internet Banking,0
T0003086,A00921,A00560,2084000.0,18,Mobile,0
T0003087,A00858,A00811,908000.0,14,Mobile,0
T0003088,A00968,A00573,593000.0,21,ATM,0
T0003089,A00918,A00210,884000.0,17,Internet Banking,0
T0003090,A00371,A00748,2500000.0,23,Mobile,0
T0003091,A00082,A00986,2663000.0,10,Mobile,0
T0003092,A01116,A00055,1472000.0,1,Mobile,0
T0003093,A00592,A00358,3992000.0,11,ATM,0
T0003094,A00114,A00935,4845000.0,23,Internet Banking,0
T0003095,A01113,A00989,2946000.0,15,Internet Banking,0
T0003096,A01194,A00098,658000.0,16,Internet Banking,0
T0003097,A00535,A01190,2067000.0,15,ATM,0
T0003098,A00925,A00522,2078000.0,14,Mobile,0
T0003099,A00044,A00337,489000.0,1,Mobile,0
T0003100,A00112,A00220,214000.0,9,Mobile,0
T0003101,A00332,A00991,130000.0,2,Branch,0
T0003102,A00788,A01061,1296000.0,8,Internet Banking,0
T0003103,A00161,A00158,1666000.0,17,Internet Banking,0
T0003104,A00042,A00092,327000.0,19,ATM,0
T0003105,A00803,A00881,3792000.0,5,Mobile,0
T0003106,A00925,A00486,1419000.0,15,Mobile,0
T0003107,A00888,A00989,5295000.0,5,Internet Banking,0
T0003108,A00960,A00433,1804000.0,4,Branch,0
T0003109,A00964,A00976,371000.0,23,Mobile,0
T0003110,A00723,A00019,1987000.0,14,Mobile,0
T0003111,A00624,A01153,2508000.0,4,Branch,0
T0003112,A01029,A00244,657000.0,3,Internet Banking,0
T0003113,A00418,A00848,246000.0,1,Internet Banking,0
T0003114,A00118,A01095,1340000.0,11,Mobile,0
T0003115,A00903,A00954,399000.0,2,Mobile,0
T0003116,A00332,A00960,4118000.0,14,Mobile,0
T0003117,A01175,A00191,767000.0,10,Mobile,0
T0003118,A00498,A01030,8000000.0,15,ATM,0
T0003119,A01023,A01016,116000.0,4,Internet Banking,0
T0003120,A00051,A00897,1392000.0,3,ATM,0
T0003121,A00792,A00109,5781000.0,2,Mobile,0
T0003122,A00538,A00503,451000.0,2,Mobile,0
T0003123,A00556,A00629,1007000.0,1,ATM,0
T0003124,A00319,A00019,770000.0,6,Mobile,0
T0003125,A01166,A00350,566000.0,19,Mobile,0
T0003126,A00472,A00635,1571000.0,14,Mobile,0
T0003127,A01021,A00151,289000.0,6,Mobile,0
T0003128,A00511,A00452,1062000.0,22,Mobile,0
T0003129,A00058,A00055,2117000.0,18,Mobile,0
T0003130,A01056,A00252,947000.0,18,ATM,0
T0003131,A00223,A00059,399000.0,21,Mobile,0
T0003132,A00325,A00836,3727000.0,17,Internet Banking,0
T0003133,A01034,A00744,2679000.0,22,Internet Banking,0
T0003134,A01073,A00309,382000.0,7,Internet Banking,0
T0003135,A01101,A01031,289000.0,20,Internet Banking,0
T0003136,A00512,A01071,421000.0,2,Mobile,0
T0003137,A00909,A00188,2186000.0,7,Mobile,0
T0003138,A00394,A00789,1625000.0,21,Internet Banking,0
T0003139,A00889,A00832,2862000.0,3,Branch,0
T0003140,A00604,A00999,838000.0,12,Mobile,0
T0003141,A00063,A01164,434000.0,8,Mobile,0
T0003142,A00502,A00739,3297000.0,2,Branch,0
T0003143,A00562,A00454,653000.0,5,ATM,0
T0003144,A00309,A00534,1473000.0,12,ATM,0
T0003145,A00450,A00822,218000.0,15,Internet Banking,0
T0003146,A00604,A00435,641000.0,16,ATM,0
T0003147,A00060,A00757,3642000.0,3,Internet Banking,0
T0003148,A00183,A00659,546000.0,7,Internet Banking,0
T0003149,A00921,A00093,2940000.0,2,ATM,0
T0003150,A00423,A00620,92000.0,0,Mobile,0
T0003151,A00731,A00360,649000.0,9,Branch,0
T0003152,A00679,A01085,994000.0,14,Branch,0
T0003153,A00662,A00697,8159000.0,8,Internet Banking,0
T0003154,A00497,A00198,332000.0,0,Mobile,0
T0003155,A00580,A01186,2510000.0,5,ATM,0
T0003156,A00989,A00262,3838000.0,10,Mobile,0
T0003157,A01159,A00022,543000.0,8,Internet Banking,0
T0003158,A00309,A00906,796000.0,19,Mobile,0
T0003159,A00804,A00462,1402000.0,14,ATM,0
T0003160,A01164,A00445,235000.0,23,Branch,0
T0003161,A00010,A00753,727000.0,4,Mobile,0
T0003162,A00942,A00979,4884000.0,8,Internet Banking,0
T0003163,A00597,A00629,2132000.0,2,ATM,0
T0003164,A01162,A00448,1010000.0,0,Mobile,0
T0003165,A00694,A01036,1359000.0,22,Mobile,0
T0003166,A01006,A00208,2273000.0,11,Mobile,0
T0003167,A00200,A00153,2807000.0,15,ATM,0
T0003168,A00171,A00701,651000.0,6,Mobile,0
T0003169,A01112,A00168,6492000.0,1,Mobile,0
T0003170,A00632,A00505,5105000.0,21,Mobile,0
T0003171,A00671,A00999,2528000.0,15,Mobile,0
T0003172,A00204,A00019,475000.0,17,Mobile,0
T0003173,A00273,A00910,391000.0,12,Internet Banking,0
T0003174,A00982,A00084,838000.0,9,Mobile,0
T0003175,A00364,A00771,1283000.0,10,ATM,0
T0003176,A00701,A00113,172000.0,18,Internet Banking,0
T0003177,A00380,A01157,2068000.0,5,ATM,0
T0003178,A00317,A01132,4946000.0,8,Mobile,0
T0003179,A00200,A00684,2262000.0,7,Internet Banking,0
T0003180,A01116,A01071,570000.0,12,ATM,0
T0003181,A01129,A00303,501000.0,23,Internet Banking,0
T0003182,A00139,A00687,1669000.0,22,Mobile,0
T0003183,A00424,A00116,1014000.0,13,Mobile,0
T0003184,A00677,A00011,1954000.0,4,Internet Banking,0
T0003185,A00460,A01050,2326000.0,22,Mobile,0
T0003186,A00866,A01137,3988000.0,7,Branch,0
T0003187,A00313,A00620,345000.0,8,ATM,0
T0003188,A00071,A01027,1531000.0,21,Internet Banking,0
T0003189,A00405,A00121,805000.0,6,Branch,0
T0003190,A00718,A00900,1077000.0,11,Internet Banking,0
T0003191,A00217,A00056,3105000.0,22,Mobile,0
T0003192,A00980,A01008,3500000.0,7,Mobile,0
T0003193,A00015,A00666,5588000.0,14,ATM,0
T0003194,A00082,A00284,1916000.0,0,Mobile,0
T0003195,A00611,A00702,1063000.0,23,Branch,0
T0003196,A00615,A00013,909000.0,10,Mobile,0
T0003197,A00354,A00644,178000.0,16,Mobile,0
T0003198,A00311,A01089,5238000.0,12,ATM,0
T0003199,A00084,A00710,842000.0,10,ATM,0
T0003200,A00796,A00988,2093000.0,9,ATM,0
T0003201,A00455,A00920,2533000.0,0,Mobile,0
T0003202,A00143,A00096,305000.0,6,Mobile,0
T0003203,A00480,A00054,435000.0,9,Internet Banking,0
T0003204,A01125,A00117,6580000.0,8,Branch,0
T0003205,A00314,A00890,1652000.0,6,Mobile,0
T0003206,A01074,A00893,634000.0,15,Internet Banking,0
T0003207,A00311,A00987,1044000.0,19,Mobile,0
T0003208,A00224,A00911,3964000.0,21,Internet Banking,0
T0003209,A00313,A00182,3354000.0,23,Mobile,0
T0003210,A00388,A00644,239000.0,15,Branch,0
T0003211,A00145,A00108,7243000.0,9,Mobile,0
T0003212,A00706,A01029,3473000.0,15,Internet Banking,0
T0003213,A00401,A00970,1015000.0,3,ATM,0
T0003214,A00862,A01085,323000.0,19,Mobile,0
T0003215,A00590,A00882,3826000.0,12,Mobile,0
T0003216,A00532,A00863,2027000.0,3,Internet Banking,0
T0003217,A00566,A00224,241000.0,10,Internet Banking,0
T0003218,A00188,A01094,930000.0,7,Internet Banking,0
T0003219,A00856,A00745,37379000.0,8,Internet Banking,0
T0003220,A00125,A00740,1222000.0,1,Mobile,0
T0003221,A00866,A00652,531000.0,0,Branch,0
T0003222,A01200,A00040,396000.0,8,Mobile,0
T0003223,A00917,A00295,8429000.0,7,Internet Banking,0
T0003224,A00547,A00155,3049000.0,23,Branch,0
T0003225,A00378,A00385,5644000.0,6,Branch,0
T0003226,A01048,A00316,1577000.0,7,Mobile,0
T0003227,A00309,A00660,4767000.0,21,Mobile,0
T0003228,A00579,A00824,472000.0,20,Internet Banking,0
T0003229,A00926,A00769,1435000.0,1,Mobile,0
T0003230,A01107,A01112,1646000.0,2,Internet Banking,0
T0003231,A01106,A00482,5490000.0,2,Internet Banking,0
T0003232,A00106,A01148,1704000.0,11,Mobile,0
T0003233,A01078,A00618,603000.0,13,Mobile,0
T0003234,A00137,A00992,1288000.0,8,Internet Banking,0
T0003235,A00702,A00270,190000.0,0,ATM,0
T0003236,A01116,A00091,93000.0,4,Mobile,0
T0003237,A00786,A00156,2995000.0,14,Mobile,0
T0003238,A01137,A01149,795000.0,8,Mobile,0
T0003239,A00414,A00133,900000.0,2,Internet Banking,0
T0003240,A00378,A00121,2993000.0,15,ATM,0
T0003241,A00392,A00903,5579000.0,14,ATM,0
T0003242,A00427,A00917,2160000.0,11,Branch,0
T0003243,A00820,A00319,10006000.0,22,Internet Banking,0
T0003244,A00543,A00078,2086000.0,20,ATM,0
T0003245,A00885,A00885,1673000.0,0,Mobile,0
T0003246,A00500,A00290,1563000.0,21,Internet Banking,0
T0003247,A00370,A00807,292000.0,1,Internet Banking,0
T0003248,A00229,A01067,3435000.0,11,ATM,0
T0003249,A00662,A01197,81000.0,21,ATM,0
T0003250,A01079,A00961,630000.0,23,Mobile,0
T0003251,A01031,A01057,1231000.0,0,ATM,0
T0003252,A00304,A01058,503000.0,1,ATM,0
T0003253,A00574,A00773,730000.0,5,Branch,0
T0003254,A00847,A00588,9076000.0,6,Mobile,0
T0003255,A00735,A00544,4042000.0,6,Branch,0
T0003256,A00081,A00348,564000.0,10,ATM,0
T0003257,A00710,A00496,716000.0,7,Internet Banking,0
T0003258,A00047,A00563,295000.0,13,Mobile,0
T0003259,A00140,A00777,2606000.0,20,ATM,0
T0003260,A00785,A00124,912000.0,13,ATM,0
T0003261,A00124,A00183,138000.0,7,Internet Banking,0
T0003262,A00407,A00331,1341000.0,13,Branch,0
T0003263,A00707,A00233,1945000.0,14,Mobile,0
T0003264,A00787,A00546,3462000.0,21,Internet Banking,0
T0003265,A00535,A00164,1107000.0,22,Mobile,0
T0003266,A00113,A00817,796000.0,6,Mobile,0
T0003267,A00959,A00969,10668000.0,22,Mobile,0
T0003268,A01140,A00449,1209000.0,19,Mobile,0
T0003269,A01067,A00901,2648000.0,3,Mobile,0
T0003270,A00899,A00542,663000.0,13,Mobile,0
T0003271,A00483,A01177,2563000.0,3,Mobile,0
T0003272,A01052,A00301,242000.0,11,Internet Banking,0
T0003273,A00586,A00466,722000.0,1,Mobile,0
T0003274,A00164,A00736,318000.0,7,Mobile,0
T0003275,A01021,A01156,617000.0,14,Mobile,0
T0003276,A00385,A01027,4749000.0,7,Mobile,0
T0003277,A01127,A00078,612000.0,0,Mobile,0
T0003278,A00443,A01097,2644000.0,9,Branch,0
T0003279,A01044,A00202,6368000.0,12,Internet Banking,0
T0003280,A00645,A00457,1164000.0,18,Mobile,0
T0003281,A00561,A00286,3580000.0,3,Internet Banking,0
T0003282,A00357,A00581,2152000.0,11,Mobile,0
T0003283,A01003,A00129,1364000.0,4,Internet Banking,0
T0003284,A00073,A00769,2739000.0,3,Branch,0
T0003285,A00563,A01038,9082000.0,2,Mobile,0
T0003286,A00443,A00946,595000.0,18,Mobile,0
T0003287,A00653,A00262,418000.0,22,Internet Banking,0
T0003288,A00306,A01077,392000.0,15,Mobile,0
T0003289,A00798,A00435,3583000.0,9,Mobile,0
T0003290,A00464,A00817,4156000.0,22,Internet Banking,0
T0003291,A00226,A00609,665000.0,11,Internet Banking,0
T0003292,A00237,A01188,114000.0,12,Mobile,0
T0003293,A00836,A00004,571000.0,15,ATM,0
T0003294,A00315,A00220,2192000.0,15,Mobile,0
T0003295,A00369,A01021,1115000.0,11,Mobile,0
T0003296,A00753,A01078,1463000.0,11,Internet Banking,0
T0003297,A00396,A00610,675000.0,7,Internet Banking,0
T0003298,A00466,A01163,3661000.0,16,Internet Banking,0
T0003299,A00294,A00060,1750000.0,16,Internet Banking,0
T0003300,A00415,A00821,2287000.0,10,Internet Banking,0
T0003301,A00832,A00278,1429000.0,17,ATM,0
T0003302,A00641,A00045,2136000.0,3,Internet Banking,0
T0003303,A01198,A00264,1987000.0,9,Mobile,0
T0003304,A00927,A00922,432000.0,23,ATM,0
T0003305,A00021,A00351,1809000.0,17,Mobile,0
T0003306,A00455,A00730,2866000.0,17,ATM,0
T0003307,A00348,A00400,4276000.0,20,Mobile,0
T0003308,A00706,A00904,1897000.0,14,Mobile,0
T0003309,A00319,A00235,415000.0,15,Internet Banking,0
T0003310,A01160,A00044,492000.0,11,Internet Banking,0
T0003311,A00360,A01036,744000.0,19,Mobile,0
T0003312,A00627,A00732,1478000.0,17,Mobile,0
T0003313,A00148,A00544,1049000.0,12,ATM,0
T0003314,A01092,A01185,349000.0,3,Branch,0
T0003315,A01095,A01034,346000.0,19,Mobile,0
T0003316,A00953,A00592,119000.0,7,Mobile,0
T0003317,A00422,A00512,50000.0,8,Mobile,0
T0003318,A00071,A00288,1038000.0,2,Mobile,0
T0003319,A00854,A00009,15403000.0,5,Mobile,0
T0003320,A00515,A00064,8661000.0,3,ATM,0
T0003321,A01189,A00818,409000.0,2,Internet Banking,0
T0003322,A00838,A00097,1415000.0,0,Mobile,0
T0003323,A00647,A00297,240000.0,7,Mobile,0
T0003324,A01185,A01094,283000.0,18,Mobile,0
T0003325,A00961,A00413,321000.0,20,Internet Banking,0
T0003326,A00551,A00103,936000.0,5,Mobile,0
T0003327,A00023,A00412,982000.0,10,Mobile,0
T0003328,A00112,A00247,1585000.0,19,Internet Banking,0
T0003329,A00533,A00357,2489000.0,16,Mobile,0
T0003330,A00675,A00490,828000.0,21,Internet Banking,0
T0003331,A00037,A01150,1249000.0,10,ATM,0
T0003332,A00152,A00749,360000.0,4,Mobile,0
T0003333,A00846,A01134,273000.0,3,Mobile,0
T0003334,A00902,A00431,231000.0,17,ATM,0
T0003335,A00036,A00280,2451000.0,0,Mobile,0
T0003336,A00610,A00740,827000.0,11,Mobile,0
T0003337,A00098,A00773,153000.0,8,ATM,0
T0003338,A00869,A00800,1120000.0,22,Internet Banking,0
T0003339,A01001,A01000,304000.0,23,Branch,0
T0003340,A01044,A00063,7454000.0,11,Mobile,0
T0003341,A00718,A00979,635000.0,13,Mobile,0
T0003342,A00755,A00079,2540000.0,9,Mobile,0
T0003343,A01112,A00190,3976000.0,18,Mobile,0
T0003344,A00735,A00735,420000.0,7,Internet Banking,0
T0003345,A00536,A00256,1305000.0,17,Mobile,0
T0003346,A00906,A00292,2206000.0,21,Mobile,0
T0003347,A00710,A01178,1363000.0,4,Mobile,0
T0003348,A01011,A00442,1785000.0,5,Mobile,0
T0003349,A00630,A01052,278000.0,9,Mobile,0
T0003350,A01043,A00269,2207000.0,19,Internet Banking,0
T0003351,A00054,A00405,703000.0,15,Mobile,0
T0003352,A00044,A00046,1762000.0,4,ATM,0
T0003353,A00119,A00253,3301000.0,8,Mobile,0
T0003354,A00668,A01163,2504000.0,15,Mobile,0
T0003355,A00851,A00404,1761000.0,23,Branch,0
T0003356,A00260,A00825,2432000.0,10,Branch,0
T0003357,A00187,A00436,2559000.0,1,Mobile,0
T0003358,A01033,A00177,6218000.0,2,Mobile,0
T0003359,A00901,A01046,1156000.0,0,ATM,0
T0003360,A00779,A00216,1437000.0,3,Internet Banking,0
T0003361,A00587,A00460,3345000.0,9,Mobile,0
T0003362,A00505,A00890,700000.0,6,Mobile,0
T0003363,A00025,A01035,276000.0,7,Mobile,0
T0003364,A00226,A01095,2064000.0,18,ATM,0
T0003365,A01077,A00220,957000.0,11,Internet Banking,0
T0003366,A00407,A00558,318000.0,17,Mobile,0
T0003367,A00846,A00157,2081000.0,13,Mobile,0
T0003368,A00845,A01040,5793000.0,4,Mobile,0
T0003369,A00372,A00040,200000.0,22,Internet Banking,0
T0003370,A00246,A01122,3695000.0,11,ATM,0
T0003371,A00831,A00384,74000.0,20,Internet Banking,0
T0003372,A00113,A00886,773000.0,2,ATM,0
T0003373,A00594,A01182,9087000.0,20,Mobile,0
T0003374,A01066,A01056,836000.0,17,Internet Banking,0
T0003375,A00854,A01166,1325000.0,5,Mobile,0
T0003376,A00918,A00559,2777000.0,19,Mobile,0
T0003377,A00100,A00863,182000.0,17,Mobile,0
T0003378,A00240,A00003,1299000.0,21,ATM,0
T0003379,A00331,A00159,1288000.0,5,Mobile,0
T0003380,A00351,A00556,9308000.0,21,Mobile,0
T0003381,A00233,A01167,308000.0,18,ATM,0
T0003382,A01167,A00984,789000.0,8,ATM,0
T0003383,A00198,A00140,432000.0,8,Mobile,0
T0003384,A00850,A00244,385000.0,6,Mobile,0
T0003385,A00705,A00951,4147000.0,11,ATM,0
T0003386,A00733,A00159,1236000.0,21,Mobile,0
T0003387,A00258,A00171,651000.0,20,Mobile,0
T0003388,A00370,A00138,679000.0,3,Mobile,0
T0003389,A00728,A01078,646000.0,3,Mobile,0
T0003390,A00359,A00927,713000.0,1,Internet Banking,0
T0003391,A00833,A00123,299000.0,14,ATM,0
T0003392,A00048,A00751,903000.0,7,Mobile,0
T0003393,A00088,A00793,808000.0,18,Branch,0
T0003394,A00875,A00624,521000.0,18,Internet Banking,0
T0003395,A00741,A00690,1423000.0,4,Internet Banking,0
T0003396,A00052,A01089,1562000.0,16,Mobile,0
T0003397,A01079,A00623,651000.0,18,Mobile,0
T0003398,A00006,A00529,1024000.0,23,Internet Banking,0
T0003399,A01147,A00686,12895000.0,17,Internet Banking,0
T0003400,A00876,A00570,12364000.0,8,Mobile,0
T0003401,A01186,A00802,376000.0,23,Mobile,1
T0003402,A01139,A00175,439000.0,6,Mobile,0
T0003403,A00376,A00408,374000.0,19,Mobile,0
T0003404,A00908,A00653,3838000.0,9,Mobile,0
T0003405,A00254,A00822,774000.0,22,Mobile,0
T0003406,A00566,A00426,1562000.0,18,Mobile,0
T0003407,A00289,A00884,10794000.0,14,ATM,0
T0003408,A00584,A00678,1186000.0,5,ATM,0
T0003409,A01047,A00326,2610000.0,4,Mobile,0
T0003410,A00524,A00611,2127000.0,22,Mobile,0
T0003411,A00111,A00096,628000.0,19,Mobile,0
T0003412,A00390,A00873,3847000.0,12,Mobile,0
T0003413,A00944,A00732,471000.0,21,ATM,0
T0003414,A00627,A00063,5239000.0,18,Mobile,0
T0003415,A00673,A00240,629000.0,9,ATM,0
T0003416,A00518,A00997,709000.0,19,Mobile,0
T0003417,A00352,A00352,362000.0,19,Branch,0
T0003418,A00718,A00076,434000.0,11,ATM,0
T0003419,A00760,A00406,750000.0,0,Internet Banking,0
T0003420,A01078,A00808,83000.0,17,Branch,0
T0003421,A00742,A00979,928000.0,8,Mobile,0
T0003422,A01195,A00617,686000.0,8,Mobile,0
T0003423,A00992,A00131,2861000.0,17,Mobile,0
T0003424,A00095,A00477,1911000.0,19,ATM,0
T0003425,A00471,A00062,551000.0,2,ATM,0
T0003426,A00462,A00815,725000.0,19,Mobile,0
T0003427,A00004,A00610,927000.0,7,Internet Banking,0
T0003428,A00217,A00663,6153000.0,13,Mobile,0
T0003429,A00915,A00590,486000.0,20,Mobile,0
T0003430,A00423,A00112,544000.0,5,Internet Banking,0
T0003431,A00178,A00196,347000.0,5,Mobile,0
T0003432,A00345,A00477,235000.0,23,Mobile,0
T0003433,A00330,A00299,1682000.0,8,ATM,0
T0003434,A00210,A00210,1500000.0,22,Internet Banking,0
T0003435,A00122,A00503,4920000.0,8,Internet Banking,0
T0003436,A00917,A00057,3773000.0,14,Mobile,0
T0003437,A00990,A00402,16763000.0,12,Mobile,0
T0003438,A00596,A00421,1106000.0,23,Internet Banking,0
T0003439,A00739,A00378,901000.0,13,ATM,0
T0003440,A01104,A00516,287000.0,12,Mobile,0
T0003441,A01012,A00606,2582000.0,11,ATM,0
T0003442,A00040,A00672,1367000.0,9,ATM,0
T0003443,A01144,A00364,2456000.0,10,ATM,0
T0003444,A00081,A01015,343000.0,11,Internet Banking,0
T0003445,A00032,A00564,1767000.0,18,Mobile,0
T0003446,A00484,A00866,1504000.0,1,ATM,0
T0003447,A00896,A00601,1398000.0,12,Mobile,0
T0003448,A00097,A01193,566000.0,13,Mobile,0
T0003449,A00352,A00545,4440000.0,18,Mobile,0
T0003450,A00316,A00440,11446000.0,15,Mobile,0
T0003451,A00477,A00389,354000.0,10,Internet Banking,0
T0003452,A01184,A00285,2651000.0,2,ATM,0
T0003453,A00398,A00617,51000.0,8,Mobile,0
T0003454,A00251,A00102,2504000.0,6,Mobile,0
T0003455,A00147,A00875,153000.0,4,Branch,0
T0003456,A00238,A00298,674000.0,17,Mobile,0
T0003457,A00160,A00414,283000.0,11,Mobile,0
T0003458,A00689,A01184,947000.0,19,ATM,0
T0003459,A00505,A00526,3019000.0,3,Branch,0
T0003460,A00598,A00951,156000.0,23,Internet Banking,0
T0003461,A00999,A00469,808000.0,11,Mobile,0
T0003462,A00697,A00827,682000.0,6,Internet Banking,0
T0003463,A00187,A00376,6831000.0,8,ATM,0
T0003464,A00453,A00795,1929000.0,20,ATM,0
T0003465,A00376,A00961,329000.0,17,Mobile,0
T0003466,A00993,A00400,715000.0,4,ATM,0
T0003467,A00369,A00801,6646000.0,23,Internet Banking,0
T0003468,A00167,A00271,2633000.0,3,Mobile,0
T0003469,A00884,A00769,437000.0,6,Mobile,0
T0003470,A00515,A00660,895000.0,17,Mobile,0
T0003471,A00116,A01015,927000.0,12,Branch,0
T0003472,A00828,A00116,664000.0,10,Mobile,0
T0003473,A00253,A00838,183000.0,22,Internet Banking,0
T0003474,A01042,A00843,569000.0,19,Mobile,0
T0003475,A00999,A00571,5531000.0,23,ATM,0
T0003476,A00444,A00616,789000.0,6,Mobile,0
T0003477,A00667,A00229,1071000.0,20,Branch,0
T0003478,A00682,A00569,1401000.0,5,Internet Banking,0
T0003479,A00785,A00091,13767000.0,19,ATM,0
T0003480,A00083,A00239,1212000.0,13,Internet Banking,0
T0003481,A00390,A00808,3997000.0,14,Internet Banking,0
T0003482,A00205,A00453,621000.0,2,Branch,0
T0003483,A00837,A01127,902000.0,21,Mobile,0
T0003484,A00083,A00460,1217000.0,6,ATM,0
T0003485,A00621,A00214,512000.0,14,Mobile,0
T0003486,A00874,A00325,959000.0,3,Internet Banking,0
T0003487,A01139,A00772,3187000.0,22,Branch,0
T0003488,A00346,A00681,498000.0,7,ATM,0
T0003489,A00010,A00536,1200000.0,18,Mobile,0
T0003490,A00869,A00555,2617000.0,18,Mobile,0
T0003491,A00002,A00127,485000.0,13,ATM,0
T0003492,A00080,A01068,4004000.0,2,Mobile,0
T0003493,A01189,A00845,1300000.0,6,Branch,0
T0003494,A01036,A01130,1001000.0,14,Mobile,0
T0003495,A00850,A01051,132000.0,12,Mobile,0
T0003496,A01003,A00021,796000.0,14,ATM,0
T0003497,A00091,A00612,1806000.0,5,Mobile,0
T0003498,A00107,A00596,8184000.0,12,Mobile,0
T0003499,A00361,A00560,2241000.0,2,Mobile,0
T0003500,A00029,A00943,4142000.0,11,Branch,0
T0003501,A01066,A00960,317000.0,2,Internet Banking,0
T0003502,A00068,A00758,1044000.0,15,Branch,0
T0003503,A00653,A01017,4596000.0,13,Mobile,0
T0003504,A01025,A01037,452000.0,20,Mobile,0
T0003505,A00882,A00517,3470000.0,11,Mobile,0
T0003506,A00282,A00833,2688000.0,3,Mobile,0
T0003507,A00565,A01154,1623000.0,5,Mobile,0
T0003508,A00658,A00192,836000.0,19,Mobile,0
T0003509,A00922,A00655,406000.0,22,Mobile,0
T0003510,A00512,A00174,8459000.0,1,Internet Banking,0
T0003511,A00343,A00748,2405000.0,16,Mobile,0
T0003512,A00955,A00645,1745000.0,11,Internet Banking,0
T0003513,A01064,A00013,762000.0,6,Mobile,0
T0003514,A00587,A00698,1251000.0,12,Internet Banking,0
T0003515,A00034,A01029,1438000.0,22,ATM,0
T0003516,A00601,A00085,1863000.0,4,ATM,0
T0003517,A01068,A00672,2691000.0,20,ATM,0
T0003518,A01187,A00753,507000.0,2,Mobile,0
T0003519,A00482,A00428,239000.0,17,Mobile,0
T0003520,A00181,A00347,1317000.0,1,ATM,0
T0003521,A00687,A00248,176000.0,1,Branch,0
T0003522,A00997,A00722,841000.0,0,Internet Banking,0
T0003523,A01135,A00685,685000.0,19,Mobile,0
T0003524,A00063,A01069,2061000.0,13,ATM,0
T0003525,A00349,A00345,10625000.0,16,Branch,0
T0003526,A00574,A00217,141000.0,3,Mobile,0
T0003527,A00118,A00791,14642000.0,22,Mobile,0
T0003528,A01064,A00318,929000.0,19,ATM,0
T0003529,A00135,A00014,1759000.0,11,Internet Banking,0
T0003530,A00799,A00403,253000.0,21,Mobile,0
T0003531,A01103,A00696,3593000.0,3,Mobile,0
T0003532,A00823,A00120,1256000.0,7,Internet Banking,0
T0003533,A00916,A00923,1122000.0,1,Internet Banking,0
T0003534,A00316,A00958,142000.0,3,ATM,0
T0003535,A00993,A00563,1301000.0,20,Mobile,0
T0003536,A00503,A00347,3043000.0,9,Mobile,0
T0003537,A00074,A00149,925000.0,15,Internet Banking,0
T0003538,A00440,A01017,4366000.0,21,Mobile,0
T0003539,A00420,A00259,4172000.0,18,Mobile,0
T0003540,A00626,A00854,593000.0,9,Internet Banking,0
T0003541,A00318,A00793,6938000.0,8,Mobile,0
T0003542,A00555,A00153,1261000.0,2,ATM,0
T0003543,A00514,A00092,1267000.0,19,Mobile,0
T0003544,A00393,A00169,1338000.0,23,ATM,0
T0003545,A00836,A00867,1295000.0,12,Internet Banking,0
T0003546,A00367,A00144,66000.0,11,Internet Banking,0
T0003547,A00919,A00568,978000.0,20,ATM,0
T0003548,A00302,A00291,268000.0,8,Mobile,0
T0003549,A01038,A00093,7180000.0,9,ATM,0
T0003550,A00439,A00199,6869000.0,21,Mobile,0
T0003551,A00049,A00134,3063000.0,9,Branch,0
T0003552,A00180,A00677,923000.0,22,Mobile,0
T0003553,A00968,A00483,396000.0,3,Internet Banking,0
T0003554,A01047,A00729,582000.0,11,Mobile,0
T0003555,A00255,A00528,10168000.0,11,Mobile,0
T0003556,A00723,A00212,560000.0,7,Mobile,0
T0003557,A00690,A00026,90000.0,23,Mobile,0
T0003558,A00161,A00855,3727000.0,11,Mobile,0
T0003559,A00543,A01180,6252000.0,21,Mobile,0
T0003560,A00833,A01185,7444000.0,5,Internet Banking,0
T0003561,A01161,A00229,3760000.0,8,Mobile,0
T0003562,A01018,A00374,4500000.0,11,Mobile,0
T0003563,A00118,A00258,1272000.0,13,Branch,0
T0003564,A00286,A00926,122000.0,5,Internet Banking,0
T0003565,A00525,A00167,1237000.0,7,Mobile,0
T0003566,A00181,A00943,2378000.0,14,Mobile,0
T0003567,A00685,A01178,1034000.0,6,Mobile,0
T0003568,A00011,A01152,984000.0,18,Internet Banking,0
T0003569,A00137,A00730,416000.0,11,ATM,0
T0003570,A00057,A00330,399000.0,23,Internet Banking,0
T0003571,A00355,A00457,9064000.0,5,Branch,0
T0003572,A00915,A00051,9432000.0,20,Internet Banking,0
T0003573,A00213,A00428,1197000.0,11,Branch,0
T0003574,A01185,A00871,1636000.0,2,Internet Banking,0
T0003575,A00324,A00579,408000.0,16,Internet Banking,0
T0003576,A00054,A00055,2433000.0,5,Internet Banking,0
T0003577,A00403,A00890,8314000.0,3,ATM,0
T0003578,A00898,A00410,223000.0,12,Mobile,0
T0003579,A00128,A01153,1999000.0,18,Mobile,0
T0003580,A00087,A00102,2171000.0,6,Mobile,0
T0003581,A01020,A01046,2144000.0,14,Mobile,0
T0003582,A00711,A00430,7311000.0,0,Branch,0
T0003583,A00412,A01018,11268000.0,4,Internet Banking,0
T0003584,A00908,A00568,928000.0,18,Mobile,0
T0003585,A01014,A00386,2516000.0,0,Mobile,0
T0003586,A00432,A00191,1317000.0,8,Mobile,0
T0003587,A00674,A00018,599000.0,12,ATM,0
T0003588,A00014,A00227,1616000.0,1,Branch,0
T0003589,A00368,A01028,2512000.0,23,Mobile,0
T0003590,A00715,A00034,1523000.0,12,Mobile,0
T0003591,A00237,A00840,455000.0,8,Branch,0
T0003592,A01190,A00773,721000.0,23,Internet Banking,0
T0003593,A01166,A00434,727000.0,13,ATM,0
T0003594,A00310,A00583,475000.0,16,Mobile,0
T0003595,A00476,A00171,1694000.0,2,Mobile,0
T0003596,A00228,A01009,1901000.0,3,Internet Banking,1
T0003597,A00605,A00538,3525000.0,1,Mobile,0
T0003598,A00149,A00636,467000.0,12,ATM,0
T0003599,A00470,A00949,636000.0,20,ATM,0
T0003600,A00667,A01091,6635000.0,21,Mobile,0
T0003601,A00735,A00398,1001000.0,13,Mobile,1
T0003602,A00716,A01000,1240000.0,1,ATM,0
T0003603,A00266,A01008,990000.0,15,Branch,0
T0003604,A00951,A00033,4173000.0,15,Mobile,0
T0003605,A00831,A00976,4355000.0,14,ATM,0
T0003606,A00904,A00006,4083000.0,17,Mobile,0
T0003607,A00562,A01070,1236000.0,13,Branch,0
T0003608,A01072,A00958,460000.0,16,Internet Banking,0
T0003609,A00468,A00316,9975000.0,11,Mobile,0
T0003610,A00967,A00558,3078000.0,3,Internet Banking,0
T0003611,A00245,A00322,726000.0,1,Internet Banking,0
T0003612,A00297,A01004,5746000.0,21,Internet Banking,0
T0003613,A00633,A00671,666000.0,10,Mobile,0
T0003614,A00668,A01108,5664000.0,7,Internet Banking,0
T0003615,A00896,A00164,6101000.0,7,ATM,0
T0003616,A00357,A00674,435000.0,1,Mobile,0
T0003617,A01048,A00697,2276000.0,22,Mobile,0
T0003618,A00396,A00477,2837000.0,1,ATM,0
T0003619,A00642,A00921,21300000.0,5,Internet Banking,0
T0003620,A01119,A00161,530000.0,10,Mobile,0
T0003621,A00648,A01015,5802000.0,8,ATM,0
T0003622,A00819,A01154,1223000.0,0,Mobile,0
T0003623,A01091,A00608,306000.0,7,ATM,0
T0003624,A01170,A00914,1052000.0,18,Mobile,0
T0003625,A00600,A00850,1203000.0,6,Mobile,0
T0003626,A00501,A00635,374000.0,20,Branch,0
T0003627,A00237,A00468,1692000.0,8,ATM,0
T0003628,A00645,A00591,3442000.0,0,Mobile,0
T0003629,A01103,A00337,1559000.0,2,Branch,0
T0003630,A00585,A00022,661000.0,19,Branch,0
T0003631,A00419,A00670,1019000.0,9,ATM,0
T0003632,A00129,A00714,1194000.0,23,Mobile,0
T0003633,A00468,A00776,1524000.0,18,Mobile,0
T0003634,A00285,A00795,4068000.0,0,ATM,0
T0003635,A01173,A00197,1618000.0,7,Branch,1
T0003636,A00634,A00933,256000.0,17,Mobile,0
T0003637,A00165,A00956,646000.0,1,Mobile,0
T0003638,A00081,A00649,1440000.0,23,Mobile,0
T0003639,A01021,A00291,4132000.0,3,Mobile,0
T0003640,A01118,A00162,5003000.0,19,Internet Banking,0
T0003641,A00916,A00768,8453000.0,20,Mobile,0
T0003642,A00149,A00559,1385000.0,12,Internet Banking,0
T0003643,A00118,A00198,2779000.0,19,Internet Banking,0
T0003644,A00238,A00231,242000.0,21,Mobile,0
T0003645,A00902,A00233,1926000.0,17,ATM,0
T0003646,A00919,A01114,368000.0,16,Mobile,0
T0003647,A01006,A00733,1120000.0,9,Mobile,0
T0003648,A00117,A00846,33621000.0,7,Mobile,0
T0003649,A00184,A00471,1676000.0,20,Internet Banking,0
T0003650,A01081,A00674,464000.0,5,Mobile,0
T0003651,A01115,A00573,1879000.0,9,Branch,0
T0003652,A00871,A01031,679000.0,12,Mobile,0
T0003653,A00128,A00050,417000.0,9,Mobile,0
T0003654,A00083,A00462,12131000.0,8,ATM,0
T0003655,A00067,A00095,3880000.0,14,Branch,0
T0003656,A00831,A00854,1755000.0,7,Internet Banking,0
T0003657,A01016,A01144,780000.0,23,Mobile,0
T0003658,A00758,A01017,853000.0,4,Mobile,0
T0003659,A00315,A00300,6547000.0,9,Mobile,0
T0003660,A00909,A00164,1681000.0,20,Internet Banking,0
T0003661,A00071,A00852,50000.0,11,Internet Banking,0
T0003662,A00994,A00231,17208000.0,16,Mobile,0
T0003663,A01071,A00769,1468000.0,15,Internet Banking,0
T0003664,A00863,A00298,1751000.0,7,ATM,0
T0003665,A01056,A01025,3966000.0,17,Mobile,0
T0003666,A00704,A00372,2002000.0,5,Mobile,0
T0003667,A00563,A00290,2729000.0,17,ATM,0
T0003668,A00387,A00300,753000.0,3,Mobile,0
T0003669,A01107,A00114,310000.0,16,Mobile,0
T0003670,A00837,A00605,1633000.0,2,Mobile,0
T0003671,A00229,A00274,5796000.0,20,Internet Banking,0
T0003672,A01149,A00587,588000.0,15,Internet Banking,0
T0003673,A00072,A00251,539000.0,0,Internet Banking,0
T0003674,A00706,A00288,4597000.0,2,Mobile,0
T0003675,A00229,A00677,726000.0,4,Internet Banking,0
T0003676,A00798,A00473,764000.0,23,Mobile,0
T0003677,A00496,A00197,796000.0,14,ATM,0
T0003678,A00525,A00802,1117000.0,6,Branch,0
T0003679,A00806,A00050,213000.0,6,Internet Banking,0
T0003680,A00908,A01004,663000.0,0,Mobile,0
T0003681,A00457,A00274,1546000.0,4,ATM,0
T0003682,A01198,A00832,1534000.0,20,Mobile,0
T0003683,A00599,A00984,4289000.0,14,Mobile,0
T0003684,A00193,A01196,9076000.0,8,Branch,0
T0003685,A00008,A00886,6335000.0,0,Mobile,0
T0003686,A00243,A00178,3282000.0,8,Mobile,0
T0003687,A00830,A00821,1019000.0,9,Internet Banking,0
T0003688,A00648,A00980,605000.0,2,Internet Banking,0
T0003689,A00406,A00570,1224000.0,14,Internet Banking,0
T0003690,A00578,A00677,2285000.0,15,Mobile,0
T0003691,A01006,A00640,2964000.0,23,Internet Banking,0
T0003692,A00686,A01012,2381000.0,8,Mobile,0
T0003693,A00070,A00114,1050000.0,6,Branch,0
T0003694,A00059,A00069,2852000.0,19,Mobile,0
T0003695,A00579,A00646,4803000.0,8,Mobile,0
T0003696,A00486,A00801,3160000.0,15,Internet Banking,0
T0003697,A01021,A00638,1158000.0,17,Mobile,0
T0003698,A00700,A00443,480000.0,21,Internet Banking,0
T0003699,A00909,A00926,467000.0,7,Mobile,0
T0003700,A00703,A00783,567000.0,14,Mobile,0
T0003701,A00415,A00817,1592000.0,3,Mobile,0
T0003702,A00789,A00417,2126000.0,18,Mobile,0
T0003703,A00746,A00287,253000.0,1,Mobile,0
T0003704,A00865,A00547,689000.0,16,Mobile,0
T0003705,A00228,A00701,1568000.0,5,Mobile,0
T0003706,A00770,A00268,446000.0,11,ATM,0
T0003707,A00343,A00999,1934000.0,1,Internet Banking,0
T0003708,A00949,A00055,856000.0,16,Mobile,0
T0003709,A00959,A00511,541000.0,11,Mobile,0
T0003710,A00750,A00528,1272000.0,15,Mobile,0
T0003711,A01137,A00043,1847000.0,8,Mobile,0
T0003712,A00646,A00483,472000.0,0,Mobile,0
T0003713,A00031,A00962,919000.0,13,Mobile,0
T0003714,A00728,A00198,2007000.0,16,Branch,0
T0003715,A00934,A00548,519000.0,15,ATM,0
T0003716,A00122,A00091,194000.0,6,Mobile,0
T0003717,A00126,A00344,221000.0,17,Mobile,0
T0003718,A00328,A00802,758000.0,13,Mobile,0
T0003719,A01014,A00890,281000.0,5,Mobile,0
T0003720,A00633,A01146,819000.0,2,Internet Banking,0
T0003721,A01172,A01033,7491000.0,7,Mobile,0
T0003722,A01048,A00192,263000.0,0,Mobile,0
T0003723,A00666,A00283,879000.0,17,Mobile,0
T0003724,A00815,A00106,12527000.0,0,Internet Banking,0
T0003725,A00398,A01181,1880000.0,1,Mobile,0
T0003726,A00109,A00506,801000.0,3,Branch,0
T0003727,A00479,A00502,1010000.0,7,Mobile,0
T0003728,A00711,A00587,1924000.0,0,Mobile,0
T0003729,A00219,A01164,7750000.0,15,Mobile,0
T0003730,A00267,A00834,669000.0,3,Internet Banking,0
T0003731,A00018,A00269,521000.0,19,Mobile,0
T0003732,A00881,A00289,263000.0,13,Mobile,0
T0003733,A01080,A00090,1344000.0,2,Mobile,0
T0003734,A00993,A00097,256000.0,9,Mobile,0
T0003735,A00456,A01051,720000.0,3,Mobile,0
T0003736,A00713,A00344,442000.0,23,Internet Banking,0
T0003737,A01153,A00419,3911000.0,14,Internet Banking,0
T0003738,A00710,A00746,686000.0,19,Internet Banking,0
T0003739,A00356,A00728,1857000.0,8,Branch,0
T0003740,A00407,A00960,206000.0,3,Mobile,0
T0003741,A00873,A00357,1387000.0,5,ATM,0
T0003742,A00536,A00463,319000.0,10,Mobile,0
T0003743,A01005,A00467,751000.0,18,Mobile,0
T0003744,A01037,A00057,13662000.0,10,Internet Banking,0
T0003745,A00044,A00886,3346000.0,22,Mobile,0
T0003746,A00868,A00643,1042000.0,8,Mobile,0
T0003747,A00444,A01184,40494000.0,5,Internet Banking,0
T0003748,A00624,A01195,439000.0,11,Mobile,0
T0003749,A00318,A00215,4323000.0,2,Mobile,0
T0003750,A00442,A01105,222000.0,16,ATM,0
T0003751,A00397,A00817,918000.0,2,Mobile,0
T0003752,A00061,A00266,272000.0,15,Mobile,0
T0003753,A00940,A00815,1593000.0,9,Mobile,0
T0003754,A00172,A00907,1276000.0,8,Branch,0
T0003755,A00451,A00435,855000.0,14,Branch,0
T0003756,A00232,A00642,3989000.0,16,Internet Banking,0
T0003757,A00193,A00842,643000.0,22,Mobile,0
T0003758,A00449,A00193,1719000.0,6,Mobile,0
T0003759,A01103,A00081,2959000.0,19,Mobile,0
T0003760,A01133,A00645,235000.0,20,ATM,0
T0003761,A00459,A00816,527000.0,23,Internet Banking,0
T0003762,A00607,A00841,1273000.0,23,ATM,0
T0003763,A01183,A00906,2400000.0,18,Mobile,0
T0003764,A00282,A00648,5730000.0,7,ATM,0
T0003765,A01134,A00002,946000.0,16,Mobile,0
T0003766,A00127,A00993,847000.0,18,Mobile,0
T0003767,A00272,A00542,460000.0,6,Mobile,0
T0003768,A00406,A00404,1725000.0,19,Internet Banking,0
T0003769,A00045,A00619,865000.0,16,ATM,0
T0003770,A00979,A00614,888000.0,11,Mobile,0
T0003771,A01027,A00787,1082000.0,20,Branch,0
T0003772,A00461,A00440,2201000.0,2,Mobile,0
T0003773,A01004,A00685,645000.0,16,Mobile,0
T0003774,A00928,A00052,513000.0,18,Mobile,0
T0003775,A00962,A00960,1929000.0,0,Mobile,0
T0003776,A00964,A00664,50000.0,9,ATM,0
T0003777,A00689,A00642,618000.0,12,Mobile,0
T0003778,A00133,A00273,338000.0,4,Mobile,0
T0003779,A01109,A01145,4508000.0,21,Mobile,0
T0003780,A00731,A00580,739000.0,15,Internet Banking,0
T0003781,A01082,A00776,648000.0,6,Branch,0
T0003782,A01151,A00913,1138000.0,10,ATM,0
T0003783,A00225,A00731,623000.0,2,Mobile,0
T0003784,A00483,A00263,771000.0,2,Mobile,0
T0003785,A00231,A00820,1335000.0,17,Mobile,0
T0003786,A00062,A01157,754000.0,23,Branch,0
T0003787,A01160,A00809,748000.0,6,Mobile,0
T0003788,A01108,A01090,395000.0,5,Branch,0
T0003789,A01119,A00666,337000.0,16,ATM,0
T0003790,A01061,A00860,1283000.0,12,Internet Banking,0
T0003791,A00779,A00400,1681000.0,3,ATM,0
T0003792,A00627,A00452,249000.0,16,Mobile,0
T0003793,A01190,A01070,2768000.0,5,Mobile,0
T0003794,A00663,A00773,2781000.0,2,Mobile,0
T0003795,A00771,A01171,3506000.0,11,Mobile,0
T0003796,A00255,A00162,1669000.0,17,Internet Banking,0
T0003797,A00897,A00132,2418000.0,12,Mobile,0
T0003798,A00984,A00311,13275000.0,15,ATM,0
T0003799,A00815,A00429,861000.0,5,ATM,0
T0003800,A00599,A00983,380000.0,11,Mobile,0
T0003801,A00238,A00972,222000.0,17,Mobile,0
T0003802,A00041,A00547,8278000.0,12,Mobile,0
T0003803,A00753,A00087,8398000.0,5,Mobile,0
T0003804,A00820,A00143,434000.0,22,Internet Banking,0
T0003805,A00928,A00509,539000.0,1,Internet Banking,0
T0003806,A01141,A00684,840000.0,21,Internet Banking,0
T0003807,A00597,A00666,4614000.0,17,Mobile,0
T0003808,A00995,A00879,291000.0,2,ATM,0
T0003809,A00860,A00612,138000.0,6,Internet Banking,0
T0003810,A00333,A00066,13021000.0,8,Branch,0
T0003811,A01015,A00173,1692000.0,22,ATM,0
T0003812,A00064,A00599,1978000.0,12,Internet Banking,0
T0003813,A00719,A00469,958000.0,6,Mobile,0
T0003814,A01129,A00449,2003000.0,22,ATM,0
T0003815,A00791,A01179,227000.0,2,Mobile,0
T0003816,A01125,A01127,476000.0,19,Mobile,0
T0003817,A00068,A00456,1347000.0,19,Mobile,0
T0003818,A00639,A00940,99000.0,9,Mobile,0
T0003819,A00937,A00133,860000.0,1,Mobile,0
T0003820,A00771,A01048,804000.0,21,Mobile,0
T0003821,A01057,A00464,860000.0,23,ATM,0
T0003822,A00556,A00913,655000.0,9,Internet Banking,0
T0003823,A00820,A00466,401000.0,4,Branch,0
T0003824,A00504,A01004,162000.0,6,ATM,0
T0003825,A01047,A00363,1407000.0,3,Mobile,0
T0003826,A00144,A00013,863000.0,14,ATM,0
T0003827,A00305,A00079,264000.0,12,Internet Banking,0
T0003828,A00117,A00848,1285000.0,8,Mobile,0
T0003829,A00843,A00297,868000.0,15,Branch,0
T0003830,A00280,A00145,723000.0,14,Branch,0
T0003831,A00381,A00233,112000.0,0,Mobile,0
T0003832,A01004,A00071,2543000.0,9,ATM,0
T0003833,A00433,A01061,309000.0,20,Mobile,0
T0003834,A00175,A00188,1286000.0,19,Branch,0
T0003835,A00026,A00535,493000.0,20,Internet Banking,0
T0003836,A00273,A00988,782000.0,22,Mobile,0
T0003837,A01098,A00617,4262000.0,1,ATM,0
T0003838,A00659,A00328,2154000.0,6,Internet Banking,0
T0003839,A01194,A01194,4159000.0,11,Mobile,0
T0003840,A00259,A00412,1726000.0,12,ATM,0
T0003841,A00422,A00557,1855000.0,18,ATM,0
T0003842,A00196,A01175,169000.0,17,Mobile,0
T0003843,A00479,A00394,846000.0,16,Internet Banking,0
T0003844,A00676,A01072,937000.0,3,Mobile,0
T0003845,A00970,A00575,4611000.0,16,Mobile,0
T0003846,A00442,A00160,688000.0,19,Internet Banking,0
T0003847,A00926,A00773,1606000.0,18,Mobile,0
T0003848,A00752,A01055,1538000.0,13,Mobile,0
T0003849,A00351,A00344,4288000.0,2,Branch,0
T0003850,A01095,A01007,1036000.0,3,ATM,0
T0003851,A00522,A00127,2983000.0,17,Internet Banking,0
T0003852,A00182,A01046,184000.0,20,Internet Banking,0
T0003853,A01156,A00947,203000.0,19,ATM,0
T0003854,A01097,A00183,97000.0,10,ATM,0
T0003855,A00060,A01119,2849000.0,14,Mobile,0
T0003856,A01083,A00141,2518000.0,4,Mobile,0
T0003857,A01137,A00737,3218000.0,14,Mobile,0
T0003858,A00995,A00931,570000.0,4,Mobile,0
T0003859,A00306,A00248,646000.0,19,Mobile,0
T0003860,A00758,A00209,1050000.0,18,Internet Banking,0
T0003861,A00646,A00143,5873000.0,1,ATM,0
T0003862,A00745,A00443,7733000.0,22,Branch,0
T0003863,A00740,A00362,2873000.0,19,Mobile,0
T0003864,A00768,A00689,1727000.0,9,Mobile,0
T0003865,A00617,A00312,5213000.0,10,Mobile,0
T0003866,A00829,A00150,906000.0,1,Mobile,0
T0003867,A00632,A00495,781000.0,22,Mobile,0
T0003868,A00020,A01153,1041000.0,2,Branch,0
T0003869,A00043,A01099,409000.0,22,Mobile,0
T0003870,A01150,A00904,990000.0,15,ATM,0
T0003871,A01092,A00275,351000.0,22,Mobile,0
T0003872,A00703,A01052,3706000.0,8,Internet Banking,0
T0003873,A00210,A00554,2182000.0,21,ATM,0
T0003874,A00938,A01095,5783000.0,10,Branch,0
T0003875,A00172,A00516,200000.0,8,Mobile,0
T0003876,A00453,A00342,9720000.0,8,Branch,0
T0003877,A00396,A00888,213000.0,22,Mobile,0
T0003878,A00015,A00878,321000.0,11,ATM,0
T0003879,A00969,A00503,606000.0,11,Mobile,0
T0003880,A00612,A00612,5057000.0,15,Internet Banking,0
T0003881,A00380,A00950,1538000.0,13,Internet Banking,0
T0003882,A00609,A00544,918000.0,12,ATM,0
T0003883,A00001,A00958,502000.0,9,ATM,0
T0003884,A00525,A00314,264000.0,3,Mobile,0
T0003885,A00624,A00082,4171000.0,23,ATM,0
T0003886,A00408,A00462,2889000.0,11,Mobile,0
T0003887,A00997,A00295,5312000.0,23,Mobile,0
T0003888,A00300,A00787,1857000.0,11,Mobile,0
T0003889,A00166,A00939,66000.0,14,Mobile,0
T0003890,A00634,A00635,305000.0,13,Mobile,0
T0003891,A01065,A00560,2001000.0,23,Internet Banking,0
T0003892,A00451,A00466,799000.0,2,Mobile,0
T0003893,A00056,A00993,649000.0,12,Internet Banking,0
T0003894,A01164,A00472,357000.0,3,Mobile,0
T0003895,A00534,A01011,3403000.0,20,Internet Banking,0
T0003896,A00208,A00894,1982000.0,12,Mobile,0
T0003897,A00739,A00875,2083000.0,22,Mobile,0
T0003898,A00384,A00635,598000.0,6,Internet Banking,0
T0003899,A01126,A00523,1457000.0,3,Branch,0
T0003900,A00353,A00603,275000.0,15,Branch,0
T0003901,A00661,A00860,1040000.0,3,Mobile,0
T0003902,A00652,A00519,74000.0,8,Branch,0
T0003903,A00291,A01012,214000.0,7,Internet Banking,1
T0003904,A00600,A01135,842000.0,5,Branch,0
T0003905,A00131,A00978,16362000.0,3,Mobile,0
T0003906,A00773,A01019,166000.0,15,Mobile,0
T0003907,A00910,A00157,306000.0,18,Mobile,0
T0003908,A01141,A00427,1523000.0,9,ATM,0
T0003909,A00391,A01139,8404000.0,6,Mobile,0
T0003910,A00343,A00034,1499000.0,3,Mobile,0
T0003911,A00659,A00127,2598000.0,16,Internet Banking,0
T0003912,A00832,A00637,828000.0,19,Branch,0
T0003913,A01191,A01124,684000.0,13,Internet Banking,0
T0003914,A00031,A00732,1314000.0,10,Internet Banking,0
T0003915,A00286,A00792,582000.0,15,Mobile,0
T0003916,A00315,A00685,2662000.0,21,Branch,0
T0003917,A00307,A00400,205000.0,23,Mobile,0
T0003918,A00557,A00827,3194000.0,4,Mobile,0
T0003919,A01048,A00130,1253000.0,11,Mobile,0
T0003920,A00038,A01065,948000.0,21,Mobile,0
T0003921,A00980,A00889,197000.0,15,Internet Banking,0
T0003922,A00742,A00160,408000.0,19,Internet Banking,0
T0003923,A00739,A00360,4485000.0,23,Mobile,0
T0003924,A00814,A00484,954000.0,2,Mobile,0
T0003925,A00139,A00338,1630000.0,14,Mobile,0
T0003926,A00897,A00186,456000.0,12,Mobile,0
T0003927,A00298,A01110,1162000.0,6,Branch,0
T0003928,A00620,A00198,265000.0,15,Internet Banking,0
T0003929,A00813,A00550,1339000.0,2,Mobile,0
T0003930,A00725,A00399,1804000.0,11,Mobile,0
T0003931,A00388,A01146,1707000.0,9,ATM,0
T0003932,A00476,A00489,444000.0,9,ATM,0
T0003933,A00572,A00370,824000.0,14,Branch,0
T0003934,A00050,A00585,2167000.0,22,Mobile,0
T0003935,A00872,A01113,951000.0,22,Internet Banking,0
T0003936,A00120,A00272,875000.0,16,Mobile,0
T0003937,A00551,A00514,9739000.0,7,ATM,0
T0003938,A00786,A00347,422000.0,23,Mobile,0
T0003939,A00097,A00908,3938000.0,23,Internet Banking,0
T0003940,A01195,A00164,337000.0,20,Mobile,0
T0003941,A00453,A00401,2466000.0,20,ATM,0
T0003942,A00019,A00095,2615000.0,19,Mobile,0
T0003943,A00791,A00091,684000.0,18,ATM,0
T0003944,A00670,A00074,314000.0,17,Mobile,0
T0003945,A00769,A00457,137000.0,15,ATM,0
T0003946,A00902,A00429,610000.0,15,Mobile,0
T0003947,A00571,A00034,2141000.0,9,Internet Banking,0
T0003948,A00993,A00220,367000.0,21,ATM,0
T0003949,A00445,A01129,1335000.0,15,Mobile,0
T0003950,A00655,A00974,237000.0,14,Mobile,0
T0003951,A00191,A00148,928000.0,17,Mobile,0
T0003952,A00744,A00505,340000.0,1,Mobile,0
T0003953,A00314,A00847,1101000.0,22,Internet Banking,0
T0003954,A00837,A00514,692000.0,13,Mobile,0
T0003955,A00962,A00785,324000.0,22,Mobile,0
T0003956,A01031,A00430,581000.0,2,Mobile,0
T0003957,A01115,A01067,429000.0,5,Mobile,0
T0003958,A00147,A01035,283000.0,22,Mobile,0
T0003959,A00166,A00990,3949000.0,16,Internet Banking,1
T0003960,A01112,A01028,807000.0,15,Mobile,0
T0003961,A00457,A00083,106000.0,9,Branch,0
T0003962,A00032,A00231,605000.0,13,ATM,0
T0003963,A00345,A00208,3282000.0,13,Mobile,0
T0003964,A01004,A00040,519000.0,4,ATM,0
T0003965,A00426,A00912,6233000.0,13,Internet Banking,0
T0003966,A00093,A00582,468000.0,12,Internet Banking,0
T0003967,A00867,A00794,2088000.0,7,Mobile,0
T0003968,A00234,A00160,3753000.0,8,Internet Banking,0
T0003969,A00424,A01131,1969000.0,18,Mobile,0
T0003970,A00005,A00031,265000.0,16,Internet Banking,0
T0003971,A00723,A00048,426000.0,11,Mobile,0
T0003972,A00535,A01000,4347000.0,14,Mobile,0
T0003973,A01041,A00625,495000.0,5,Internet Banking,0
T0003974,A00402,A00101,3510000.0,11,Mobile,0
T0003975,A00246,A00462,748000.0,13,Mobile,0
T0003976,A00200,A00290,1402000.0,6,ATM,0
T0003977,A00241,A00538,261000.0,4,Mobile,0
T0003978,A00542,A00419,615000.0,12,Mobile,0
T0003979,A00105,A00042,458000.0,22,Mobile,0
T0003980,A00483,A00876,1538000.0,11,Branch,0
T0003981,A01026,A00821,1330000.0,21,Internet Banking,0
T0003982,A00922,A00701,1996000.0,20,Internet Banking,0
T0003983,A00765,A00068,700000.0,17,ATM,0
T0003984,A01072,A00140,431000.0,21,Internet Banking,0
T0003985,A00937,A00062,1467000.0,9,ATM,0
T0003986,A00784,A00583,387000.0,18,Internet Banking,0
T0003987,A01036,A00160,3930000.0,3,ATM,0
T0003988,A00150,A00369,1058000.0,7,Internet Banking,0
T0003989,A00982,A00212,838000.0,13,Mobile,0
T0003990,A00355,A01167,1995000.0,0,Mobile,0
T0003991,A00880,A00479,1103000.0,18,Mobile,0
T0003992,A01096,A01022,194000.0,22,Internet Banking,0
T0003993,A00596,A00515,373000.0,2,Branch,0
T0003994,A00107,A00079,3841000.0,23,ATM,0
T0003995,A00445,A00066,1316000.0,2,ATM,0
T0003996,A00489,A00484,189000.0,3,Internet Banking,0
T0003997,A01125,A00028,1768000.0,18,Branch,0
T0003998,A01132,A00463,649000.0,16,Internet Banking,0
T0003999,A00683,A00459,459000.0,22,Mobile,0
T0004000,A01141,A00168,341000.0,10,Mobile,0
T0004001,A00524,A00643,3605000.0,13,Mobile,0
T0004002,A00494,A00664,138000.0,3,Mobile,0
T0004003,A01004,A00896,478000.0,16,Mobile,0
T0004004,A00801,A00045,1370000.0,23,Mobile,0
T0004005,A00627,A00657,6811000.0,14,Mobile,0
T0004006,A00549,A01195,2207000.0,22,Mobile,0
T0004007,A00847,A00695,473000.0,9,Branch,0
T0004008,A00905,A00916,6453000.0,23,Mobile,0
T0004009,A00589,A00582,270000.0,12,ATM,0
T0004010,A00038,A00213,1607000.0,3,Mobile,0
T0004011,A00123,A00372,2052000.0,8,Branch,0
T0004012,A00173,A00002,455000.0,11,ATM,0
T0004013,A00555,A01081,2585000.0,1,Branch,0
T0004014,A00738,A01176,682000.0,21,Internet Banking,0
T0004015,A00965,A00003,2578000.0,5,Internet Banking,0
T0004016,A00280,A00156,159000.0,16,Mobile,0
T0004017,A00944,A00052,1735000.0,22,Mobile,0
T0004018,A00800,A00442,763000.0,10,ATM,0
T0004019,A00062,A01125,4250000.0,14,Mobile,0
T0004020,A00422,A00666,1143000.0,12,Mobile,0
T0004021,A00364,A00740,4742000.0,18,ATM,0
T0004022,A01064,A00416,2097000.0,0,Mobile,0
T0004023,A01106,A00854,1043000.0,8,Internet Banking,0
T0004024,A00984,A00460,2854000.0,14,Mobile,0
T0004025,A00634,A00576,2874000.0,2,Mobile,0
T0004026,A00592,A00314,2017000.0,20,Mobile,0
T0004027,A00374,A00144,96000.0,15,Mobile,0
T0004028,A00928,A01143,407000.0,0,ATM,0
T0004029,A00104,A00584,5500000.0,0,ATM,0
T0004030,A00326,A00494,301000.0,3,Mobile,0
T0004031,A00163,A00089,3168000.0,15,Mobile,0
T0004032,A00594,A00527,2610000.0,12,ATM,0
T0004033,A00360,A01071,540000.0,11,Mobile,0
T0004034,A00237,A00465,134000.0,13,Mobile,0
T0004035,A00452,A00947,642000.0,11,Mobile,0
T0004036,A01034,A00919,11800000.0,8,ATM,0
T0004037,A00670,A00640,464000.0,0,Mobile,0
T0004038,A00988,A01036,501000.0,0,Mobile,0
T0004039,A01097,A00375,401000.0,16,Branch,0
T0004040,A01083,A00649,4566000.0,17,Branch,0
T0004041,A00422,A01194,919000.0,5,Internet Banking,0
T0004042,A01053,A00068,603000.0,5,Internet Banking,0
T0004043,A01092,A00020,5681000.0,9,Branch,0
T0004044,A01152,A00876,2270000.0,15,Internet Banking,0
T0004045,A00422,A00395,437000.0,14,ATM,0
T0004046,A00275,A00825,312000.0,13,Mobile,0
T0004047,A00702,A00934,4290000.0,0,Mobile,0
T0004048,A01119,A00411,1222000.0,10,ATM,0
T0004049,A01081,A00594,218000.0,18,Internet Banking,0
T0004050,A00686,A00080,169000.0,14,Mobile,0
T0004051,A00180,A00917,352000.0,19,Internet Banking,0
T0004052,A00507,A00382,307000.0,16,ATM,0
T0004053,A00857,A00611,126000.0,21,Mobile,0
T0004054,A00673,A00341,358000.0,13,ATM,0
T0004055,A00415,A01055,437000.0,13,Mobile,0
T0004056,A00412,A00007,721000.0,13,Internet Banking,0
T0004057,A00072,A01013,7725000.0,6,Branch,0
T0004058,A00347,A00642,895000.0,10,ATM,0
T0004059,A00804,A00046,998000.0,4,ATM,0
T0004060,A00290,A00140,2101000.0,10,Internet Banking,0
T0004061,A01193,A00735,924000.0,3,Mobile,0
T0004062,A00099,A00599,1864000.0,11,Internet Banking,0
T0004063,A00707,A00400,1634000.0,22,Mobile,0
T0004064,A00596,A00105,1373000.0,10,Internet Banking,0
T0004065,A01000,A00374,25164000.0,17,Internet Banking,0
T0004066,A01066,A00197,3269000.0,10,Internet Banking,0
T0004067,A00653,A00353,365000.0,21,Mobile,0
T0004068,A00757,A00317,1803000.0,5,Mobile,0
T0004069,A00839,A00540,502000.0,20,Mobile,0
T0004070,A00626,A00925,1960000.0,17,Mobile,0
T0004071,A00222,A01116,264000.0,21,Mobile,0
T0004072,A00515,A00722,355000.0,3,Mobile,0
T0004073,A00290,A00328,1752000.0,21,Branch,0
T0004074,A00558,A01141,3596000.0,21,Mobile,0
T0004075,A00739,A00212,2086000.0,7,ATM,0
T0004076,A00252,A00229,3071000.0,14,Mobile,0
T0004077,A00300,A01042,1810000.0,14,ATM,0
T0004078,A00988,A00855,1451000.0,1,Internet Banking,0
T0004079,A00454,A00707,690000.0,12,Branch,0
T0004080,A00239,A00209,2935000.0,15,ATM,1
T0004081,A00856,A00865,3705000.0,4,Internet Banking,0
T0004082,A00860,A01040,1120000.0,8,Mobile,0
T0004083,A00992,A00578,1055000.0,14,Internet Banking,0
T0004084,A00912,A00189,6909000.0,22,Mobile,0
T0004085,A01191,A00939,1173000.0,1,ATM,0
T0004086,A00690,A00210,1304000.0,22,ATM,0
T0004087,A00345,A00558,2044000.0,19,Mobile,0
T0004088,A01036,A00769,1078000.0,20,Internet Banking,0
T0004089,A00318,A00319,487000.0,1,Mobile,0
T0004090,A00350,A00735,1819000.0,13,Internet Banking,0
T0004091,A00995,A00827,1150000.0,8,Internet Banking,0
T0004092,A01058,A00781,9105000.0,22,Internet Banking,0
T0004093,A00408,A00477,2857000.0,17,ATM,0
T0004094,A00876,A00406,623000.0,15,Mobile,0
T0004095,A01107,A00878,2676000.0,0,ATM,0
T0004096,A00959,A00392,1684000.0,21,Internet Banking,0
T0004097,A00006,A00812,5067000.0,11,Mobile,0
T0004098,A00798,A01103,674000.0,3,Mobile,0
T0004099,A00204,A00813,1477000.0,20,Mobile,0
T0004100,A01016,A00358,1076000.0,21,Internet Banking,0
T0004101,A00081,A00797,1280000.0,11,ATM,0
T0004102,A01192,A00966,453000.0,15,Mobile,0
T0004103,A00213,A00806,2261000.0,14,Mobile,0
T0004104,A00505,A00866,1900000.0,7,Mobile,0
T0004105,A00281,A00240,4934000.0,17,Mobile,0
T0004106,A00977,A00431,1187000.0,23,Mobile,0
T0004107,A00473,A00005,763000.0,22,Internet Banking,0
T0004108,A00894,A00340,2859000.0,16,Mobile,0
T0004109,A00081,A01013,501000.0,8,ATM,0
T0004110,A00544,A00508,3958000.0,21,Mobile,0
T0004111,A01094,A00496,3949000.0,22,Internet Banking,0
T0004112,A01113,A00117,4784000.0,0,Mobile,0
T0004113,A00251,A00658,1816000.0,8,Mobile,0
T0004114,A00474,A00542,703000.0,13,Mobile,0
T0004115,A00491,A00355,1353000.0,13,Internet Banking,0
T0004116,A00679,A00995,1823000.0,17,Branch,0
T0004117,A00645,A00322,648000.0,12,Mobile,0
T0004118,A00128,A00690,5200000.0,0,Internet Banking,0
T0004119,A00916,A00621,2271000.0,3,Internet Banking,0
T0004120,A00271,A00281,450000.0,18,Mobile,0
T0004121,A00378,A00631,9521000.0,16,ATM,0
T0004122,A01009,A00828,1336000.0,15,Mobile,0
T0004123,A00828,A00007,360000.0,10,ATM,0
T0004124,A00476,A00675,481000.0,6,Internet Banking,0
T0004125,A01095,A01106,6165000.0,7,Mobile,0
T0004126,A00473,A00410,8933000.0,16,Internet Banking,0
T0004127,A00679,A00237,3643000.0,12,Mobile,0
T0004128,A00296,A00685,5122000.0,3,Internet Banking,0
T0004129,A00220,A00335,4575000.0,9,ATM,0
T0004130,A00590,A01070,2214000.0,19,Internet Banking,0
T0004131,A00676,A01149,1723000.0,14,Mobile,0
T0004132,A00967,A01200,2173000.0,20,Mobile,0
T0004133,A00470,A00286,2696000.0,12,Internet Banking,0
T0004134,A01075,A00723,531000.0,11,Internet Banking,0
T0004135,A00729,A00883,2684000.0,22,Internet Banking,0
T0004136,A00085,A00553,5970000.0,12,Mobile,0
T0004137,A00887,A01164,956000.0,3,ATM,0
T0004138,A00690,A00415,850000.0,9,ATM,0
T0004139,A00468,A00658,2027000.0,15,Internet Banking,0
T0004140,A00561,A00940,587000.0,8,Mobile,0
T0004141,A00363,A00795,282000.0,9,Mobile,0
T0004142,A00738,A00371,4241000.0,20,Mobile,0
T0004143,A00681,A00475,731000.0,10,ATM,0
T0004144,A00537,A00510,1225000.0,7,ATM,0
T0004145,A00343,A00675,613000.0,2,ATM,0
T0004146,A00479,A00471,4888000.0,9,Mobile,0
T0004147,A00598,A00942,3067000.0,18,Internet Banking,0
T0004148,A00567,A00514,921000.0,7,ATM,0
T0004149,A00372,A00941,328000.0,11,Mobile,0
T0004150,A00699,A01190,819000.0,15,Mobile,0
T0004151,A00272,A00271,2247000.0,22,Mobile,0
T0004152,A00602,A00489,1477000.0,19,Internet Banking,0
T0004153,A00146,A00504,1353000.0,6,Mobile,0
T0004154,A00567,A01115,1515000.0,3,Mobile,0
T0004155,A00941,A00710,2765000.0,16,Internet Banking,0
T0004156,A00982,A00432,1146000.0,6,ATM,0
T0004157,A00834,A00700,1969000.0,9,ATM,0
T0004158,A00895,A00446,405000.0,2,ATM,0
T0004159,A00080,A01192,19917000.0,18,ATM,0
T0004160,A00410,A00517,878000.0,3,Internet Banking,0
T0004161,A00786,A00123,1501000.0,9,ATM,0
T0004162,A00961,A00133,2238000.0,9,Mobile,0
T0004163,A00700,A01157,764000.0,1,ATM,0
T0004164,A01025,A00634,1210000.0,18,ATM,0
T0004165,A00328,A00830,1194000.0,14,Internet Banking,0
T0004166,A00185,A00974,439000.0,12,Mobile,0
T0004167,A00104,A00741,1944000.0,4,Mobile,0
T0004168,A00700,A00951,196000.0,1,Mobile,0
T0004169,A00799,A00823,8251000.0,1,Mobile,0
T0004170,A00343,A00239,2871000.0,15,Mobile,0
T0004171,A00941,A01194,2424000.0,17,Mobile,0
T0004172,A00888,A00903,178000.0,19,Mobile,0
T0004173,A00433,A01134,502000.0,19,ATM,0
T0004174,A00287,A00864,5532000.0,9,Internet Banking,0
T0004175,A00891,A01090,100000000.0,0,ATM,0
T0004176,A00806,A00428,4466000.0,5,Mobile,0
T0004177,A00205,A00732,3755000.0,18,Mobile,0
T0004178,A00307,A00748,2138000.0,18,Mobile,0
T0004179,A00584,A00938,472000.0,12,ATM,0
T0004180,A00614,A01052,3586000.0,0,Mobile,0
T0004181,A00200,A00058,357000.0,18,Internet Banking,0
T0004182,A01139,A01008,317000.0,19,Mobile,0
T0004183,A00467,A00259,296000.0,5,Mobile,0
T0004184,A00458,A00164,3510000.0,19,Mobile,0
T0004185,A00073,A01116,1127000.0,15,Mobile,0
T0004186,A01051,A01003,1341000.0,21,Mobile,0
T0004187,A00283,A00982,1180000.0,15,ATM,0
T0004188,A01185,A00284,348000.0,2,Mobile,0
T0004189,A00596,A00924,574000.0,15,Mobile,0
T0004190,A01050,A00480,606000.0,2,Mobile,0
T0004191,A00215,A01002,256000.0,6,Branch,0
T0004192,A00200,A00499,689000.0,20,Internet Banking,0
T0004193,A00962,A00568,365000.0,23,Internet Banking,0
T0004194,A00984,A00946,2265000.0,11,Internet Banking,0
T0004195,A00652,A00193,2483000.0,6,ATM,0
T0004196,A00039,A00179,289000.0,9,Mobile,0
T0004197,A01133,A00106,866000.0,5,ATM,0
T0004198,A00472,A00552,9244000.0,13,ATM,0
T0004199,A01124,A01158,408000.0,10,Mobile,0
T0004200,A01045,A01188,1919000.0,1,Mobile,0
T0004201,A01022,A00970,1348000.0,14,Internet Banking,0
T0004202,A00827,A00608,3993000.0,15,Mobile,0
T0004203,A00808,A01157,1661000.0,16,Mobile,0
T0004204,A00640,A00511,747000.0,22,Mobile,0
T0004205,A00030,A00372,1291000.0,16,Mobile,0
T0004206,A00466,A00671,1312000.0,16,Internet Banking,0
T0004207,A00877,A01029,1085000.0,5,Mobile,0
T0004208,A00975,A00418,281000.0,11,Internet Banking,0
T0004209,A00672,A00673,4710000.0,10,Mobile,0
T0004210,A00852,A01134,3878000.0,23,Mobile,0
T0004211,A00027,A01013,380000.0,11,Mobile,0
T0004212,A00563,A00405,862000.0,16,ATM,0
T0004213,A00610,A00466,937000.0,12,Mobile,0
T0004214,A01071,A00475,336000.0,1,Internet Banking,0
T0004215,A00374,A00095,154000.0,22,ATM,0
T0004216,A00276,A00348,574000.0,16,Internet Banking,0
T0004217,A00423,A01110,811000.0,5,Mobile,1
T0004218,A00205,A01059,246000.0,1,Mobile,0
T0004219,A00671,A00176,1458000.0,22,Internet Banking,0
T0004220,A00772,A01117,4312000.0,7,Internet Banking,0
T0004221,A00962,A00991,3030000.0,0,ATM,0
T0004222,A01167,A00039,1044000.0,14,Internet Banking,0
T0004223,A00089,A00050,158000.0,0,Mobile,0
T0004224,A00297,A00900,2637000.0,5,ATM,0
T0004225,A00361,A00415,1410000.0,21,Internet Banking,0
T0004226,A00300,A00459,1914000.0,0,Branch,0
T0004227,A00993,A01124,10095000.0,18,ATM,0
T0004228,A00168,A00719,484000.0,14,Mobile,0
T0004229,A00036,A00659,51000.0,7,Internet Banking,0
T0004230,A01033,A00318,377000.0,6,Internet Banking,0
T0004231,A01154,A00332,2048000.0,11,Mobile,0
T0004232,A00272,A00187,1236000.0,12,Internet Banking,0
T0004233,A00400,A00798,315000.0,21,Mobile,0
T0004234,A00604,A00641,252000.0,6,Mobile,0
T0004235,A00632,A00495,812000.0,14,Internet Banking,0
T0004236,A01190,A00562,305000.0,16,Mobile,0
T0004237,A00485,A00453,2128000.0,0,ATM,0
T0004238,A00015,A00432,763000.0,21,Mobile,0
T0004239,A00508,A00832,602000.0,23,ATM,0
T0004240,A00668,A00524,521000.0,2,Internet Banking,0
T0004241,A00621,A00109,1603000.0,6,ATM,0
T0004242,A00615,A00757,1258000.0,18,Mobile,0
T0004243,A01108,A00364,1499000.0,19,Branch,0
T0004244,A00969,A00936,1463000.0,3,Mobile,0
T0004245,A00303,A00331,1108000.0,22,ATM,0
T0004246,A00427,A01158,385000.0,7,Mobile,0
T0004247,A00802,A00057,537000.0,7,Mobile,0
T0004248,A00493,A00493,777000.0,8,Internet Banking,0
T0004249,A00515,A00680,11635000.0,16,Mobile,0
T0004250,A00202,A01023,272000.0,4,Mobile,0
T0004251,A00306,A00784,757000.0,13,Mobile,0
T0004252,A00889,A00415,1337000.0,1,Mobile,0
T0004253,A01012,A01025,860000.0,3,Branch,0
T0004254,A00942,A00583,3911000.0,18,Internet Banking,0
T0004255,A00370,A00911,855000.0,9,Mobile,0
T0004256,A00164,A00374,927000.0,19,ATM,0
T0004257,A00192,A00273,2940000.0,17,Internet Banking,0
T0004258,A00473,A00543,8794000.0,23,Internet Banking,0
T0004259,A00622,A00621,5644000.0,3,Internet Banking,0
T0004260,A01072,A00521,1033000.0,22,Mobile,0
T0004261,A01079,A00554,1136000.0,21,Mobile,0
T0004262,A00004,A01090,1263000.0,10,ATM,0
T0004263,A00850,A00673,1411000.0,3,ATM,0
T0004264,A00359,A00588,472000.0,3,ATM,0
T0004265,A00238,A00082,3362000.0,12,Mobile,0
T0004266,A00667,A00983,1506000.0,0,ATM,0
T0004267,A00041,A00753,1142000.0,2,Mobile,0
T0004268,A00401,A00271,296000.0,12,Internet Banking,0
T0004269,A00663,A01019,1285000.0,13,Mobile,0
T0004270,A00327,A00593,150000.0,20,ATM,0
T0004271,A00713,A00177,633000.0,23,Branch,0
T0004272,A00553,A00091,646000.0,6,Mobile,0
T0004273,A00960,A00942,1645000.0,7,ATM,0
T0004274,A00218,A00505,9489000.0,4,Internet Banking,0
T0004275,A00069,A00991,2251000.0,5,Mobile,0
T0004276,A00636,A00803,5904000.0,10,Mobile,0
T0004277,A00309,A00103,2440000.0,23,Internet Banking,0
T0004278,A00849,A01006,4137000.0,21,Mobile,0
T0004279,A00112,A00596,9255000.0,21,Mobile,0
T0004280,A00691,A00680,536000.0,10,ATM,0
T0004281,A01188,A00819,499000.0,15,Internet Banking,0
T0004282,A00112,A00769,2504000.0,17,ATM,0
T0004283,A00363,A01047,1195000.0,5,Internet Banking,0
T0004284,A01014,A01155,1529000.0,11,Internet Banking,0
T0004285,A00641,A00512,913000.0,13,ATM,0
T0004286,A00210,A00045,623000.0,8,Mobile,0
T0004287,A00256,A00287,7136000.0,11,Mobile,1
T0004288,A00918,A00951,358000.0,10,Internet Banking,0
T0004289,A01034,A00321,2553000.0,1,Branch,0
T0004290,A00433,A01087,2136000.0,18,Mobile,0
T0004291,A00569,A00606,211000.0,21,Branch,0
T0004292,A00940,A00131,481000.0,18,ATM,0
T0004293,A00213,A00307,579000.0,22,Mobile,0
T0004294,A00248,A01126,2233000.0,10,Mobile,0
T0004295,A00930,A01091,801000.0,1,Mobile,0
T0004296,A00224,A00224,1092000.0,6,Internet Banking,0
T0004297,A00925,A00426,241000.0,20,Mobile,0
T0004298,A00597,A00740,15500000.0,3,Mobile,0
T0004299,A01189,A00287,1298000.0,13,Mobile,0
T0004300,A00040,A00455,2078000.0,0,Branch,1
T0004301,A01136,A00210,662000.0,7,Mobile,0
T0004302,A00271,A00419,585000.0,2,Mobile,0
T0004303,A00043,A00174,9838000.0,2,Mobile,0
T0004304,A00869,A01162,146000.0,3,Mobile,0
T0004305,A00640,A00609,1630000.0,12,Mobile,0
T0004306,A01005,A00516,317000.0,16,ATM,0
T0004307,A00131,A00377,769000.0,6,Internet Banking,0
T0004308,A00097,A00429,595000.0,19,Mobile,0
T0004309,A00681,A00355,406000.0,9,ATM,0
T0004310,A01059,A01059,1248000.0,17,Mobile,0
T0004311,A00487,A00044,71000.0,12,ATM,0
T0004312,A00958,A00099,848000.0,17,Mobile,0
T0004313,A01088,A01185,1087000.0,23,ATM,0
T0004314,A01044,A00782,269000.0,23,Branch,0
T0004315,A00611,A00991,6340000.0,14,ATM,0
T0004316,A00839,A00133,624000.0,23,Mobile,0
T0004317,A00631,A00676,924000.0,16,Internet Banking,0
T0004318,A00809,A00053,626000.0,6,ATM,0
T0004319,A00681,A00681,1097000.0,22,Internet Banking,0
T0004320,A00631,A00295,5060000.0,3,Mobile,0
T0004321,A00525,A00799,18222000.0,11,Mobile,0
T0004322,A00784,A01062,2725000.0,3,Mobile,0
T0004323,A00902,A00540,3971000.0,18,Mobile,0
T0004324,A01103,A00167,7928000.0,21,Mobile,0
T0004325,A00736,A00791,1578000.0,19,Internet Banking,0
T0004326,A00121,A00519,6750000.0,2,Mobile,0
T0004327,A00705,A00541,2869000.0,6,Mobile,0
T0004328,A00379,A00846,1406000.0,8,Mobile,0
T0004329,A00033,A00865,1764000.0,2,Branch,0
T0004330,A00087,A00874,162000.0,12,Internet Banking,0
T0004331,A00710,A00444,1655000.0,0,Internet Banking,0
T0004332,A01134,A00089,220000.0,14,ATM,0
T0004333,A00607,A00294,201000.0,13,Internet Banking,0
T0004334,A00535,A00159,1484000.0,14,Mobile,0
T0004335,A00107,A00189,352000.0,21,Internet Banking,0
T0004336,A00811,A00659,1191000.0,18,Mobile,0
T0004337,A00067,A00564,1397000.0,6,Internet Banking,0
T0004338,A01010,A00539,1468000.0,13,Mobile,0
T0004339,A00980,A00679,444000.0,19,Branch,0
T0004340,A01190,A00034,3225000.0,20,Internet Banking,0
T0004341,A00342,A00211,1088000.0,15,Mobile,0
T0004342,A00195,A00530,1949000.0,2,Internet Banking,0
T0004343,A00360,A00895,322000.0,10,Mobile,0
T0004344,A00960,A00065,986000.0,20,Mobile,0
T0004345,A00263,A00933,4012000.0,1,ATM,0
T0004346,A01065,A00713,3489000.0,14,ATM,0
T0004347,A00186,A00984,499000.0,12,Internet Banking,0
T0004348,A00059,A00223,658000.0,5,Mobile,0
T0004349,A00264,A01054,404000.0,8,Mobile,0
T0004350,A00905,A00043,583000.0,23,Mobile,0
T0004351,A00723,A01024,258000.0,14,Internet Banking,0
T0004352,A00426,A00564,1031000.0,22,Internet Banking,0
T0004353,A00788,A00062,2408000.0,11,Mobile,0
T0004354,A00779,A00253,506000.0,20,Mobile,0
T0004355,A00666,A00789,1086000.0,14,Mobile,0
T0004356,A00617,A00486,942000.0,21,Mobile,0
T0004357,A00122,A00739,3830000.0,7,Mobile,0
T0004358,A00312,A00900,612000.0,9,Mobile,0
T0004359,A00634,A00379,637000.0,0,Mobile,0
T0004360,A00163,A00907,473000.0,5,Mobile,0
T0004361,A00572,A00469,343000.0,3,Mobile,0
T0004362,A00141,A00965,2148000.0,4,Internet Banking,0
T0004363,A00945,A01090,1034000.0,7,ATM,0
T0004364,A00124,A00323,1275000.0,20,Mobile,0
T0004365,A00112,A00909,4876000.0,9,Mobile,0
T0004366,A00766,A00402,5195000.0,19,Internet Banking,0
T0004367,A00265,A01182,196000.0,19,Mobile,0
T0004368,A00422,A00257,2447000.0,23,Mobile,0
T0004369,A00378,A01197,1538000.0,12,Mobile,0
T0004370,A00260,A01171,722000.0,20,Mobile,0
T0004371,A00915,A00240,1721000.0,10,ATM,0
T0004372,A00831,A00637,180000.0,15,ATM,0
T0004373,A00287,A00937,5997000.0,19,Mobile,0
T0004374,A00825,A00842,2114000.0,3,Mobile,0
T0004375,A00857,A00253,463000.0,1,Branch,0
T0004376,A00648,A01163,630000.0,3,Internet Banking,0
T0004377,A00695,A00323,184000.0,17,Branch,0
T0004378,A01122,A00402,850000.0,11,ATM,0
T0004379,A00545,A00446,706000.0,6,Mobile,0
T0004380,A00463,A00049,279000.0,18,Mobile,0
T0004381,A00647,A00601,2820000.0,0,Mobile,0
T0004382,A01004,A00589,4888000.0,4,ATM,0
T0004383,A00852,A01082,1164000.0,11,Mobile,0
T0004384,A00091,A01115,857000.0,21,Internet Banking,0
T0004385,A00552,A00332,1936000.0,17,Internet Banking,0
T0004386,A00888,A01090,1174000.0,16,ATM,0
T0004387,A00269,A01138,365000.0,17,ATM,0
T0004388,A01187,A01190,585000.0,7,Mobile,0
T0004389,A00970,A01022,866000.0,10,Mobile,0
T0004390,A01016,A00610,1577000.0,21,Internet Banking,0
T0004391,A00099,A00136,1212000.0,17,ATM,0
T0004392,A00696,A00154,1512000.0,14,Internet Banking,0
T0004393,A00634,A00044,224000.0,1,Internet Banking,0
T0004394,A00753,A00018,2494000.0,17,ATM,0
T0004395,A01021,A00069,1205000.0,8,Mobile,0
T0004396,A00424,A00774,19892000.0,9,Mobile,0
T0004397,A00641,A00918,783000.0,16,ATM,0
T0004398,A00816,A00335,1713000.0,9,Internet Banking,0
T0004399,A00904,A00522,26963000.0,13,ATM,0
T0004400,A00925,A01159,1486000.0,0,Mobile,0
T0004401,A00405,A00981,1114000.0,4,Internet Banking,0
T0004402,A01198,A00586,405000.0,12,Mobile,0
T0004403,A00012,A01124,6446000.0,22,Mobile,0
T0004404,A00591,A00600,335000.0,18,Mobile,0
T0004405,A00731,A01013,1920000.0,10,Internet Banking,0
T0004406,A00074,A00626,713000.0,23,Mobile,0
T0004407,A00542,A00415,974000.0,6,Mobile,0
T0004408,A00716,A00149,251000.0,21,Mobile,0
T0004409,A00730,A00407,5258000.0,9,Mobile,0
T0004410,A00143,A00868,884000.0,2,Internet Banking,0
T0004411,A00334,A00388,315000.0,0,Internet Banking,0
T0004412,A00294,A00442,4760000.0,23,Internet Banking,0
T0004413,A00768,A00647,689000.0,15,Mobile,0
T0004414,A00395,A00636,1734000.0,3,Mobile,0
T0004415,A00686,A01065,3028000.0,23,Mobile,0
T0004416,A00878,A00432,2021000.0,0,Internet Banking,0
T0004417,A00957,A00496,107000.0,8,ATM,0
T0004418,A00221,A00462,2579000.0,17,Mobile,0
T0004419,A01085,A00043,1074000.0,1,Branch,0
T0004420,A00199,A00053,836000.0,21,Mobile,0
T0004421,A00027,A01030,1064000.0,16,Internet Banking,0
T0004422,A00054,A00905,204000.0,22,Internet Banking,0
T0004423,A00242,A00698,1482000.0,20,Internet Banking,0
T0004424,A01048,A00548,268000.0,19,Internet Banking,0
T0004425,A00250,A00454,876000.0,5,Mobile,0
T0004426,A00833,A00563,1425000.0,4,Internet Banking,0
T0004427,A00503,A01082,3911000.0,5,Mobile,0
T0004428,A00048,A00560,487000.0,3,Internet Banking,0
T0004429,A00533,A00167,5924000.0,15,Mobile,0
T0004430,A00034,A00561,3400000.0,1,Mobile,0
T0004431,A00572,A00163,748000.0,10,Branch,0
T0004432,A00671,A00607,354000.0,13,Mobile,0
T0004433,A00626,A00398,245000.0,12,Mobile,0
T0004434,A00340,A00862,1618000.0,11,Mobile,0
T0004435,A00920,A00421,533000.0,5,Internet Banking,0
T0004436,A00717,A00848,4489000.0,2,Internet Banking,0
T0004437,A00306,A01057,568000.0,23,Branch,0
T0004438,A00522,A00587,446000.0,11,Internet Banking,0
T0004439,A00131,A00927,1552000.0,14,Mobile,0
T0004440,A01108,A01023,564000.0,13,Mobile,0
T0004441,A00904,A01182,1211000.0,8,Mobile,0
T0004442,A00346,A00278,3550000.0,17,Internet Banking,0
T0004443,A00810,A00287,1365000.0,9,Branch,0
T0004444,A00815,A00455,1371000.0,9,Mobile,0
T0004445,A00732,A00519,1504000.0,19,Mobile,0
T0004446,A00065,A01039,186000.0,7,Internet Banking,0
T0004447,A01055,A01096,1847000.0,16,Internet Banking,0
T0004448,A01148,A00596,1431000.0,15,Internet Banking,0
T0004449,A01169,A00208,3204000.0,0,Mobile,0
T0004450,A01177,A00211,2337000.0,16,Mobile,0
T0004451,A01115,A00450,961000.0,19,Mobile,0
T0004452,A00887,A00222,3736000.0,6,Mobile,0
T0004453,A00069,A01020,870000.0,21,Internet Banking,0
T0004454,A00559,A00524,1575000.0,0,Mobile,0
T0004455,A00295,A00488,852000.0,4,Mobile,0
T0004456,A00264,A00195,1994000.0,22,Branch,0
T0004457,A00997,A00034,793000.0,20,Internet Banking,0
T0004458,A00976,A00704,7349000.0,18,Mobile,0
T0004459,A00627,A00998,11039000.0,14,Branch,0
T0004460,A00884,A00300,3138000.0,4,Mobile,0
T0004461,A00156,A00311,6539000.0,11,ATM,0
T0004462,A00267,A00525,221000.0,13,Mobile,0
T0004463,A01033,A00257,251000.0,2,ATM,0
T0004464,A00542,A00707,842000.0,14,Mobile,0
T0004465,A00656,A00322,1256000.0,2,Mobile,0
T0004466,A00556,A00131,965000.0,3,Branch,0
T0004467,A00243,A00938,197000.0,4,Internet Banking,0
T0004468,A00992,A00564,4259000.0,4,Mobile,0
T0004469,A00910,A00682,12832000.0,1,Mobile,0
T0004470,A00821,A00465,4911000.0,22,Mobile,0
T0004471,A00424,A00712,3961000.0,19,Mobile,0
T0004472,A00772,A00455,1539000.0,12,Internet Banking,0
T0004473,A01144,A00319,475000.0,8,Mobile,0
T0004474,A00780,A00513,1300000.0,4,Branch,0
T0004475,A00594,A00674,12164000.0,22,ATM,0
T0004476,A00325,A00286,815000.0,19,Branch,0
T0004477,A00628,A00374,728000.0,18,Internet Banking,0
T0004478,A00447,A00182,4057000.0,11,Mobile,0
T0004479,A00734,A00559,4364000.0,0,Internet Banking,0
T0004480,A00055,A00857,472000.0,15,Mobile,0
T0004481,A00229,A00633,900000.0,11,Mobile,0
T0004482,A00945,A01048,691000.0,7,ATM,0
T0004483,A00457,A01104,1296000.0,7,Internet Banking,0
T0004484,A00520,A01087,4041000.0,1,Mobile,0
T0004485,A00653,A00112,496000.0,20,Mobile,0
T0004486,A00526,A01011,3979000.0,3,Mobile,0
T0004487,A00911,A00401,1342000.0,19,Internet Banking,0
T0004488,A00295,A00803,15505000.0,23,Mobile,0
T0004489,A00911,A00302,1704000.0,1,ATM,0
T0004490,A00252,A00341,1079000.0,14,Internet Banking,0
T0004491,A00445,A01053,2258000.0,1,Mobile,0
T0004492,A00706,A01140,828000.0,19,Internet Banking,0
T0004493,A01064,A00122,167000.0,12,Branch,0
T0004494,A00280,A01146,921000.0,0,ATM,0
T0004495,A00705,A00359,905000.0,18,Mobile,0
T0004496,A00078,A00873,208000.0,18,Mobile,0
T0004497,A00091,A00603,1107000.0,22,Internet Banking,0
T0004498,A00922,A00561,124000.0,11,ATM,0
T0004499,A00863,A00888,819000.0,22,Branch,0
T0004500,A00452,A00683,1569000.0,15,Mobile,0
T0004501,A00748,A01095,1335000.0,12,Internet Banking,0
T0004502,A00457,A00928,763000.0,8,Mobile,0
T0004503,A00333,A00749,1092000.0,7,Mobile,0
T0004504,A00518,A00542,507000.0,14,Mobile,0
T0004505,A00375,A00123,1214000.0,17,Mobile,0
T0004506,A00979,A01160,1279000.0,0,Internet Banking,0
T0004507,A00495,A00413,446000.0,9,Mobile,0
T0004508,A00386,A00520,1611000.0,1,Internet Banking,0
T0004509,A00644,A00939,1600000.0,9,Internet Banking,0
T0004510,A00910,A00329,999000.0,19,Mobile,0
T0004511,A00329,A00724,17210000.0,16,Internet Banking,0
T0004512,A01128,A00600,1028000.0,2,Mobile,0
T0004513,A00557,A00049,883000.0,17,Mobile,0
T0004514,A00794,A00394,754000.0,0,Branch,0
T0004515,A01149,A00177,412000.0,0,Mobile,0
T0004516,A00519,A01132,2552000.0,21,Mobile,0
T0004517,A00240,A00124,564000.0,0,Internet Banking,1
T0004518,A00898,A00610,642000.0,6,Mobile,0
T0004519,A00008,A01003,664000.0,3,Mobile,0
T0004520,A00550,A00223,406000.0,13,Internet Banking,0
T0004521,A01176,A00022,175000.0,12,Internet Banking,0
T0004522,A00498,A01131,721000.0,20,Internet Banking,0
T0004523,A00821,A00830,3136000.0,23,ATM,0
T0004524,A00631,A01036,1490000.0,17,Mobile,0
T0004525,A00258,A01104,6679000.0,11,Mobile,0
T0004526,A00382,A00441,2741000.0,1,Mobile,0
T0004527,A00629,A00519,2135000.0,22,Mobile,0
T0004528,A00126,A00155,9518000.0,13,Branch,0
T0004529,A00498,A00094,1078000.0,5,Internet Banking,0
T0004530,A00498,A01044,1286000.0,13,Mobile,0
T0004531,A01002,A01083,1185000.0,9,Mobile,0
T0004532,A00149,A00291,6557000.0,8,Mobile,0
T0004533,A01012,A00014,1203000.0,10,Internet Banking,0
T0004534,A00493,A00249,588000.0,18,Mobile,0
T0004535,A00782,A00282,2290000.0,3,Branch,0
T0004536,A00669,A00181,489000.0,23,Mobile,0
T0004537,A00360,A00461,2158000.0,1,Mobile,0
T0004538,A01117,A00340,1892000.0,3,Branch,0
T0004539,A00270,A00822,974000.0,16,ATM,0
T0004540,A00044,A01173,2236000.0,3,Mobile,0
T0004541,A00901,A00550,234000.0,18,Mobile,0
T0004542,A00746,A01058,1436000.0,17,ATM,0
T0004543,A01069,A00248,721000.0,10,Internet Banking,0
T0004544,A00550,A00062,27961000.0,10,Internet Banking,0
T0004545,A00021,A00375,1424000.0,23,Internet Banking,0
T0004546,A00025,A01148,623000.0,19,Branch,0
T0004547,A00520,A00387,263000.0,15,Internet Banking,0
T0004548,A00300,A00845,5044000.0,3,Mobile,0
T0004549,A01107,A00908,817000.0,14,Mobile,0
T0004550,A00143,A00342,502000.0,0,Internet Banking,0
T0004551,A01057,A00772,1737000.0,6,Mobile,0
T0004552,A00261,A00090,2452000.0,16,Mobile,0
T0004553,A00144,A00022,2410000.0,9,Internet Banking,0
T0004554,A00330,A00356,1226000.0,23,Mobile,1
T0004555,A00173,A00807,1430000.0,22,Branch,0
T0004556,A00482,A01051,1549000.0,2,Mobile,0
T0004557,A00397,A00303,1737000.0,21,Internet Banking,0
T0004558,A00635,A00142,1915000.0,20,Internet Banking,0
T0004559,A00645,A00986,4000000.0,2,Mobile,0
T0004560,A00002,A00556,1277000.0,9,Mobile,0
T0004561,A00150,A00616,489000.0,22,Mobile,0
T0004562,A00195,A00820,1024000.0,0,ATM,0
T0004563,A00234,A00166,2750000.0,1,Internet Banking,0
T0004564,A00113,A00879,168000.0,12,Mobile,0
T0004565,A00378,A01062,169000.0,22,Mobile,0
T0004566,A00660,A00791,3295000.0,6,Branch,1
T0004567,A00371,A00630,6388000.0,18,Mobile,0
T0004568,A00395,A00904,298000.0,16,Branch,0
T0004569,A00564,A00734,1340000.0,3,Mobile,0
T0004570,A00659,A00208,773000.0,6,Mobile,0
T0004571,A00398,A00052,901000.0,14,Internet Banking,0
T0004572,A00267,A01185,1679000.0,11,Mobile,0
T0004573,A00492,A00624,289000.0,5,ATM,0
T0004574,A00030,A00331,355000.0,4,Internet Banking,0
T0004575,A00592,A00172,862000.0,13,Internet Banking,0
T0004576,A01130,A01068,1023000.0,19,Internet Banking,0
T0004577,A00478,A01104,348000.0,9,Internet Banking,0
T0004578,A00130,A01172,2860000.0,22,Internet Banking,0
T0004579,A00849,A00745,758000.0,16,Internet Banking,0
T0004580,A00153,A01088,755000.0,9,ATM,0
T0004581,A00233,A00387,1638000.0,16,Internet Banking,0
T0004582,A00176,A00621,1041000.0,10,Mobile,0
T0004583,A01061,A00559,3015000.0,18,Mobile,0
T0004584,A01178,A00363,430000.0,23,Mobile,0
T0004585,A00684,A01183,258000.0,18,Mobile,0
T0004586,A00742,A01199,853000.0,3,Mobile,0
T0004587,A00775,A00238,1282000.0,1,Mobile,0
T0004588,A00733,A00161,307000.0,19,Mobile,0
T0004589,A00653,A00653,261000.0,20,ATM,0
T0004590,A01185,A00722,1466000.0,13,ATM,0
T0004591,A00880,A01130,521000.0,5,Mobile,0
T0004592,A00107,A00911,243000.0,21,Branch,0
T0004593,A00471,A00553,3470000.0,10,Branch,0
T0004594,A01170,A00952,599000.0,7,ATM,0
T0004595,A00485,A00277,4251000.0,8,Mobile,0
T0004596,A00245,A00187,1238000.0,7,Mobile,0
T0004597,A01043,A00026,1660000.0,6,Mobile,0
T0004598,A00748,A00505,951000.0,7,Internet Banking,0
T0004599,A00676,A01132,65000.0,16,Internet Banking,0
T0004600,A00505,A00977,344000.0,0,Internet Banking,0
T0004601,A00150,A01053,1045000.0,8,ATM,0
T0004602,A00461,A00194,1792000.0,4,Branch,0
T0004603,A00525,A00378,168000.0,15,Internet Banking,0
T0004604,A01118,A00255,1131000.0,23,Branch,0
T0004605,A00369,A00773,349000.0,18,ATM,0
T0004606,A00180,A00003,1553000.0,5,Mobile,0
T0004607,A00514,A00099,1175000.0,12,ATM,0
T0004608,A01197,A00941,2719000.0,0,Mobile,0
T0004609,A00579,A00183,3880000.0,9,Mobile,0
T0004610,A00455,A00981,1988000.0,6,Branch,0
T0004611,A00801,A00899,3092000.0,12,Mobile,0
T0004612,A00779,A00870,816000.0,9,Mobile,0
T0004613,A00360,A00737,26783000.0,16,Branch,0
T0004614,A01162,A00004,314000.0,13,Mobile,0
T0004615,A00712,A00134,672000.0,22,Mobile,0
T0004616,A00070,A00267,3234000.0,1,Mobile,0
T0004617,A00490,A00547,2746000.0,22,Internet Banking,0
T0004618,A01108,A01016,2051000.0,18,Mobile,0
T0004619,A00473,A00537,2522000.0,17,Mobile,0
T0004620,A00682,A00255,121000.0,19,ATM,0
T0004621,A00736,A00506,6893000.0,1,Mobile,0
T0004622,A00846,A00022,959000.0,5,Internet Banking,0
T0004623,A01047,A00475,4725000.0,0,Mobile,0
T0004624,A00180,A00911,128000.0,19,Internet Banking,0
T0004625,A00621,A00632,1591000.0,8,Internet Banking,0
T0004626,A00641,A00422,646000.0,8,Mobile,0
T0004627,A00183,A01057,2252000.0,14,Mobile,0
T0004628,A00809,A00393,1701000.0,10,Mobile,0
T0004629,A00142,A00625,1795000.0,15,Mobile,0
T0004630,A00548,A00642,374000.0,22,Mobile,0
T0004631,A00397,A01117,1127000.0,7,Mobile,0
T0004632,A00186,A00189,984000.0,21,Mobile,0
T0004633,A00987,A00116,2069000.0,12,Mobile,0
T0004634,A00293,A00470,3563000.0,9,Mobile,0
T0004635,A00307,A00403,1416000.0,22,ATM,0
T0004636,A01026,A00244,295000.0,11,Mobile,0
T0004637,A01053,A00445,1351000.0,3,Internet Banking,0
T0004638,A00042,A01054,21211000.0,6,Internet Banking,0
T0004639,A00334,A00545,7337000.0,20,Mobile,0
T0004640,A00851,A01143,50000.0,12,Mobile,0
T0004641,A00934,A00142,1287000.0,13,Mobile,0
T0004642,A01200,A01200,3346000.0,16,Internet Banking,0
T0004643,A00666,A00745,982000.0,4,Mobile,0
T0004644,A00009,A00411,723000.0,2,Mobile,0
T0004645,A01049,A00430,895000.0,10,Branch,0
T0004646,A00194,A00804,2203000.0,22,Internet Banking,0
T0004647,A00145,A01006,339000.0,3,Mobile,0
T0004648,A00809,A00940,4437000.0,17,Branch,0
T0004649,A00725,A00605,1128000.0,23,Mobile,0
T0004650,A00072,A00097,429000.0,2,Mobile,0
T0004651,A00204,A00191,4133000.0,3,Mobile,0
T0004652,A00708,A00701,219000.0,20,Branch,0
T0004653,A00307,A00341,652000.0,2,Mobile,0
T0004654,A00821,A00138,640000.0,17,ATM,0
T0004655,A00495,A00279,12688000.0,19,Internet Banking,0
T0004656,A00706,A00474,565000.0,7,Internet Banking,0
T0004657,A00570,A00156,112000.0,6,Mobile,0
T0004658,A00439,A01019,633000.0,12,Mobile,0
T0004659,A00411,A01113,1981000.0,12,Internet Banking,0
T0004660,A00837,A00423,2843000.0,20,Mobile,0
T0004661,A00618,A01112,14680000.0,14,Internet Banking,0
T0004662,A00714,A00494,5640000.0,23,Mobile,0
T0004663,A00693,A00722,1476000.0,5,ATM,0
T0004664,A00250,A00530,450000.0,6,Internet Banking,0
T0004665,A01096,A00380,7162000.0,5,Internet Banking,0
T0004666,A00676,A00906,800000.0,15,Mobile,0
T0004667,A00862,A00713,582000.0,0,Mobile,0
T0004668,A01059,A01100,758000.0,20,Mobile,0
T0004669,A01110,A00625,303000.0,18,Mobile,0
T0004670,A00801,A00719,719000.0,23,Internet Banking,0
T0004671,A00945,A00171,929000.0,23,Mobile,0
T0004672,A00567,A01174,2681000.0,1,Mobile,0
T0004673,A00886,A00060,783000.0,17,Mobile,0
T0004674,A00386,A00609,298000.0,12,Mobile,0
T0004675,A00855,A00167,206000.0,17,Internet Banking,0
T0004676,A00104,A00378,1511000.0,20,Internet Banking,0
T0004677,A01098,A01046,1300000.0,13,Mobile,0
T0004678,A00294,A01026,652000.0,0,Mobile,0
T0004679,A00788,A00360,718000.0,20,Internet Banking,0
T0004680,A00014,A00016,1840000.0,10,Internet Banking,0
T0004681,A00187,A00898,5540000.0,11,ATM,0
T0004682,A01184,A00768,509000.0,14,ATM,0
T0004683,A01001,A00553,1323000.0,21,ATM,0
T0004684,A00267,A00335,3443000.0,12,ATM,0
T0004685,A00158,A00753,511000.0,4,ATM,0
T0004686,A00978,A01006,1180000.0,17,Internet Banking,0
T0004687,A01189,A01189,1151000.0,15,Internet Banking,0
T0004688,A00203,A00238,284000.0,1,Internet Banking,0
T0004689,A00797,A01023,1444000.0,12,Mobile,0
T0004690,A00341,A01089,1242000.0,18,Mobile,0
T0004691,A00894,A00023,2210000.0,21,Branch,0
T0004692,A00502,A00743,325000.0,6,Internet Banking,0
T0004693,A00151,A00865,1213000.0,12,Mobile,0
T0004694,A00390,A01078,5486000.0,19,Mobile,0
T0004695,A00647,A00612,11794000.0,14,Mobile,0
T0004696,A00959,A00382,4906000.0,10,Mobile,0
T0004697,A00026,A00011,329000.0,4,Internet Banking,0
T0004698,A01150,A00151,1971000.0,1,Internet Banking,0
T0004699,A00780,A00438,705000.0,16,Mobile,0
T0004700,A01051,A00995,1640000.0,23,Mobile,0
T0004701,A01117,A00754,513000.0,14,Mobile,0
T0004702,A00185,A00186,182000.0,18,Mobile,0
T0004703,A00113,A00066,821000.0,16,Mobile,0
T0004704,A00933,A00342,2657000.0,8,Internet Banking,0
T0004705,A00226,A01109,1647000.0,12,Mobile,0
T0004706,A00178,A01020,1869000.0,6,Branch,0
T0004707,A00563,A00833,1522000.0,5,Internet Banking,0
T0004708,A01097,A00723,1873000.0,14,Mobile,0
T0004709,A00955,A00318,2149000.0,15,Mobile,0
T0004710,A00622,A00121,887000.0,23,Mobile,0
T0004711,A00236,A01183,1315000.0,5,Mobile,0
T0004712,A00404,A01169,8165000.0,6,Branch,0
T0004713,A00827,A00666,1403000.0,3,Internet Banking,0
T0004714,A00189,A00567,1258000.0,22,ATM,0
T0004715,A00630,A00119,1344000.0,18,Internet Banking,0
T0004716,A00015,A00869,944000.0,7,Branch,0
T0004717,A00391,A00731,743000.0,23,ATM,0
T0004718,A00298,A00030,1510000.0,16,Mobile,0
T0004719,A00818,A00759,688000.0,11,Mobile,0
T0004720,A01097,A00856,1023000.0,9,Mobile,0
T0004721,A00176,A01106,503000.0,13,Mobile,0
T0004722,A00957,A01066,1351000.0,2,Internet Banking,0
T0004723,A00788,A00192,2282000.0,4,Mobile,0
T0004724,A01164,A00992,950000.0,22,ATM,0
T0004725,A01094,A00487,132000.0,4,Mobile,0
T0004726,A00121,A00859,2297000.0,3,ATM,0
T0004727,A00892,A00844,1370000.0,20,Mobile,0
T0004728,A00711,A00212,402000.0,22,Mobile,0
T0004729,A00136,A00051,2809000.0,19,ATM,0
T0004730,A00309,A00668,258000.0,2,Mobile,0
T0004731,A01113,A00544,3790000.0,20,Internet Banking,0
T0004732,A00652,A00720,1127000.0,6,ATM,0
T0004733,A00407,A00238,99000.0,0,Mobile,0
T0004734,A00385,A00300,1460000.0,22,Mobile,0
T0004735,A01006,A00722,768000.0,6,Mobile,0
T0004736,A00341,A01135,650000.0,15,Mobile,0
T0004737,A00191,A00110,533000.0,1,Branch,0
T0004738,A00689,A00222,1043000.0,4,ATM,0
T0004739,A01192,A00940,704000.0,21,Mobile,0
T0004740,A00220,A00590,156000.0,14,Internet Banking,0
T0004741,A00307,A00959,4863000.0,23,Branch,0
T0004742,A00563,A00482,917000.0,4,Mobile,0
T0004743,A00240,A00245,536000.0,21,Mobile,0
T0004744,A00781,A00729,347000.0,20,ATM,0
T0004745,A00305,A00980,2801000.0,22,Internet Banking,0
T0004746,A00154,A01191,288000.0,1,Mobile,0
T0004747,A00314,A00818,1391000.0,2,Mobile,0
T0004748,A01117,A00683,631000.0,12,Mobile,0
T0004749,A01122,A00074,673000.0,2,Internet Banking,0
T0004750,A00607,A00088,356000.0,1,Internet Banking,0
T0004751,A00481,A00353,607000.0,19,Mobile,0
T0004752,A00984,A00055,1212000.0,16,ATM,0
T0004753,A00234,A00428,1555000.0,20,Mobile,0
T0004754,A00785,A00800,506000.0,22,Internet Banking,0
T0004755,A00817,A00313,1086000.0,3,Internet Banking,0
T0004756,A00853,A00265,3189000.0,19,Mobile,0
T0004757,A00262,A00581,193000.0,1,Mobile,0
T0004758,A00860,A00297,1192000.0,8,Mobile,0
T0004759,A00735,A00508,422000.0,7,Internet Banking,0
T0004760,A01051,A00992,377000.0,5,Internet Banking,0
T0004761,A00210,A00834,1599000.0,17,Mobile,1
T0004762,A00737,A00909,659000.0,2,Branch,0
T0004763,A00996,A00119,315000.0,19,ATM,0
T0004764,A00334,A00559,5150000.0,20,Mobile,0
T0004765,A00893,A00228,3302000.0,15,Mobile,0
T0004766,A00120,A01078,143000.0,1,Internet Banking,0
T0004767,A00862,A00953,237000.0,14,Mobile,0
T0004768,A00728,A00581,2305000.0,15,Branch,0
T0004769,A00232,A00006,877000.0,8,Internet Banking,0
T0004770,A00080,A00895,6252000.0,8,Mobile,0
T0004771,A00895,A00883,2364000.0,11,Mobile,0
T0004772,A00290,A01067,1668000.0,23,Mobile,0
T0004773,A00597,A01091,390000.0,0,Mobile,0
T0004774,A00073,A00030,2060000.0,12,Mobile,0
T0004775,A01157,A00808,295000.0,7,ATM,0
T0004776,A00659,A00546,5043000.0,13,Internet Banking,0
T0004777,A01118,A00551,1909000.0,0,Branch,0
T0004778,A00193,A00672,484000.0,22,Mobile,0
T0004779,A00247,A00325,2908000.0,10,Mobile,0
T0004780,A00733,A00046,14126000.0,23,ATM,0
T0004781,A00726,A00437,945000.0,3,Mobile,0
T0004782,A00950,A00314,2199000.0,14,Mobile,0
T0004783,A01114,A00786,746000.0,16,Branch,0
T0004784,A00987,A00798,1318000.0,19,ATM,0
T0004785,A00169,A00399,229000.0,0,ATM,0
T0004786,A00372,A01019,1199000.0,15,Mobile,0
T0004787,A01097,A00828,1259000.0,3,Internet Banking,0
T0004788,A00659,A00193,8682000.0,10,Mobile,0
T0004789,A01041,A00390,167000.0,1,Mobile,0
T0004790,A00676,A01119,881000.0,1,Mobile,0
T0004791,A00060,A01197,4949000.0,18,ATM,0
T0004792,A00568,A01085,920000.0,17,Mobile,0
T0004793,A00990,A00788,994000.0,21,Internet Banking,0
T0004794,A00787,A00531,480000.0,16,ATM,0
T0004795,A00160,A00745,430000.0,14,ATM,0
T0004796,A00253,A00567,161000.0,2,Mobile,0
T0004797,A01026,A00303,601000.0,18,Internet Banking,0
T0004798,A01176,A00487,404000.0,5,Mobile,0
T0004799,A00904,A00281,1366000.0,2,Mobile,0
T0004800,A00118,A00083,505000.0,17,Mobile,0
T0004801,A00744,A00281,708000.0,14,Internet Banking,0
T0004802,A00996,A00341,730000.0,3,ATM,0
T0004803,A00769,A00753,1138000.0,13,Branch,0
T0004804,A00713,A00015,671000.0,16,Mobile,0
T0004805,A00561,A01140,373000.0,11,Mobile,0
T0004806,A00294,A00696,1319000.0,17,Mobile,0
T0004807,A00337,A00640,3883000.0,12,Branch,0
T0004808,A00895,A00875,1382000.0,8,ATM,0
T0004809,A00084,A01103,614000.0,5,Branch,0
T0004810,A00102,A00928,1048000.0,6,Mobile,0
T0004811,A00476,A00716,126000.0,19,Mobile,0
T0004812,A00930,A00708,1029000.0,8,Internet Banking,0
T0004813,A00789,A00308,773000.0,17,Mobile,0
T0004814,A00708,A01132,430000.0,8,Mobile,0
T0004815,A00641,A00301,525000.0,12,Mobile,0
T0004816,A00133,A00620,764000.0,14,Mobile,0
T0004817,A00399,A00696,3575000.0,11,Mobile,0
T0004818,A00096,A01011,3989000.0,17,Branch,0
T0004819,A00910,A01067,432000.0,22,Internet Banking,0
T0004820,A00902,A00848,679000.0,20,ATM,0
T0004821,A00310,A00891,698000.0,22,Mobile,0
T0004822,A00352,A00944,2924000.0,0,Internet Banking,0
T0004823,A00381,A00012,1408000.0,18,Mobile,1
T0004824,A01068,A00625,1329000.0,17,Mobile,0
T0004825,A00587,A00471,2165000.0,9,Mobile,0
T0004826,A00915,A00966,623000.0,7,Mobile,0
T0004827,A00539,A00248,5380000.0,1,ATM,0
T0004828,A00838,A00903,1198000.0,20,ATM,0
T0004829,A00634,A00770,468000.0,20,Mobile,0
T0004830,A00335,A00407,932000.0,1,Internet Banking,0
T0004831,A01052,A00017,4653000.0,13,Mobile,0
T0004832,A00851,A00564,752000.0,13,Mobile,0
T0004833,A00924,A00765,3410000.0,4,Internet Banking,0
T0004834,A01138,A00878,603000.0,13,ATM,0
T0004835,A00299,A01087,517000.0,19,ATM,0
T0004836,A00110,A00782,2479000.0,7,Mobile,0
T0004837,A00699,A00562,459000.0,17,Internet Banking,0
T0004838,A00392,A00253,2966000.0,23,Mobile,0
T0004839,A00523,A00409,1767000.0,10,Mobile,0
T0004840,A00282,A00365,459000.0,2,Mobile,0
T0004841,A00479,A00079,1109000.0,7,Mobile,0
T0004842,A00472,A00598,656000.0,3,Mobile,0
T0004843,A00421,A00290,1762000.0,8,Mobile,0
T0004844,A00891,A00724,9573000.0,15,Internet Banking,0
T0004845,A00712,A00429,798000.0,4,Mobile,0
T0004846,A00570,A00456,2159000.0,12,Mobile,0
T0004847,A00136,A00211,1233000.0,23,Branch,0
T0004848,A00685,A01106,1232000.0,6,ATM,0
T0004849,A00211,A00321,1001000.0,21,Mobile,0
T0004850,A00377,A00177,467000.0,7,Mobile,0
T0004851,A00498,A00173,1735000.0,14,Mobile,0
T0004852,A00170,A01200,873000.0,3,Branch,0
T0004853,A00468,A00227,444000.0,6,Mobile,0
T0004854,A00321,A00364,3662000.0,20,Mobile,0
T0004855,A01020,A00326,1338000.0,14,Internet Banking,0
T0004856,A01032,A00032,934000.0,13,Internet Banking,0
T0004857,A00006,A00364,5240000.0,12,Mobile,0
T0004858,A00723,A01093,159000.0,5,Mobile,0
T0004859,A00769,A00280,4867000.0,22,Mobile,0
T0004860,A00454,A00272,456000.0,9,Mobile,0
T0004861,A00563,A00350,1514000.0,0,Mobile,0
T0004862,A00948,A00329,628000.0,21,ATM,0
T0004863,A00454,A00858,435000.0,1,ATM,0
T0004864,A00078,A00523,5092000.0,21,Internet Banking,0
T0004865,A00448,A00369,9246000.0,6,Internet Banking,0
T0004866,A00305,A00755,941000.0,1,Internet Banking,0
T0004867,A00460,A00818,1736000.0,5,Mobile,0
T0004868,A00277,A00061,1278000.0,15,Internet Banking,0
T0004869,A00180,A00295,8052000.0,13,Mobile,0
T0004870,A01183,A00463,117000.0,3,Mobile,0
T0004871,A00155,A00610,1817000.0,7,Mobile,0
T0004872,A00848,A01019,539000.0,5,Internet Banking,0
T0004873,A00862,A00559,90000.0,15,Internet Banking,0
T0004874,A00742,A01148,807000.0,20,Mobile,0
T0004875,A01094,A01135,9163000.0,6,Mobile,0
T0004876,A00006,A00705,583000.0,21,ATM,0
T0004877,A00362,A00042,2864000.0,9,Mobile,0
T0004878,A00222,A00607,4486000.0,1,Mobile,0
T0004879,A00693,A01112,1183000.0,7,ATM,0
T0004880,A00763,A01006,1370000.0,20,Internet Banking,0
T0004881,A01078,A00328,182000.0,19,Mobile,0
T0004882,A00456,A00406,546000.0,17,Mobile,0
T0004883,A00284,A00219,3254000.0,9,Branch,0
T0004884,A01110,A01136,1283000.0,18,Mobile,0
T0004885,A00808,A00186,1798000.0,17,ATM,0
T0004886,A00918,A00734,1389000.0,19,ATM,0
T0004887,A00534,A00861,13377000.0,13,ATM,0
T0004888,A00537,A00622,747000.0,12,Mobile,0
T0004889,A00467,A00241,7017000.0,23,Mobile,0
T0004890,A00900,A00311,1390000.0,22,Mobile,0
T0004891,A00253,A00085,7736000.0,12,Mobile,0
T0004892,A01171,A00824,312000.0,4,Mobile,0
T0004893,A00212,A01158,1470000.0,9,Mobile,0
T0004894,A00554,A00338,778000.0,12,Mobile,0
T0004895,A00378,A00175,1399000.0,16,Internet Banking,0
T0004896,A00772,A00286,4604000.0,7,Mobile,0
T0004897,A00817,A00478,1820000.0,1,Mobile,0
T0004898,A01103,A00355,4594000.0,19,Mobile,0
T0004899,A00948,A00874,574000.0,22,Internet Banking,0
T0004900,A00299,A00336,485000.0,1,Mobile,0
T0004901,A00248,A00354,1221000.0,7,Internet Banking,0
T0004902,A01064,A00177,1150000.0,10,Mobile,0
T0004903,A00586,A00428,978000.0,18,Internet Banking,0
T0004904,A00118,A00289,418000.0,18,ATM,0
T0004905,A00990,A00128,4485000.0,8,Internet Banking,0
T0004906,A00779,A00646,805000.0,7,Internet Banking,0
T0004907,A00031,A00453,5760000.0,9,Branch,0
T0004908,A00940,A00095,1217000.0,5,Mobile,0
T0004909,A00729,A00186,2449000.0,10,Mobile,0
T0004910,A00738,A00065,2216000.0,6,Branch,0
T0004911,A01038,A00138,485000.0,1,ATM,0
T0004912,A00595,A00314,1797000.0,17,Internet Banking,0
T0004913,A00554,A00525,10009000.0,18,Mobile,0
T0004914,A00741,A01025,1583000.0,6,Mobile,0
T0004915,A00238,A00840,3234000.0,9,ATM,0
T0004916,A00182,A00313,2573000.0,9,Internet Banking,0
T0004917,A01013,A00664,1682000.0,0,Mobile,0
T0004918,A00259,A00832,1473000.0,13,Mobile,0
T0004919,A00606,A00180,2191000.0,11,ATM,0
T0004920,A00324,A00276,2779000.0,22,Internet Banking,0
T0004921,A00277,A00155,271000.0,8,Branch,0
T0004922,A00718,A00544,1575000.0,19,Mobile,0
T0004923,A00963,A00582,980000.0,9,Mobile,0
T0004924,A00531,A00424,780000.0,4,Mobile,0
T0004925,A00167,A00132,4992000.0,8,Mobile,0
T0004926,A00294,A00481,536000.0,21,Mobile,0
T0004927,A00198,A00635,259000.0,6,Mobile,0
T0004928,A01060,A01134,2879000.0,20,Mobile,0
T0004929,A00384,A00718,252000.0,15,Mobile,0
T0004930,A00449,A00159,144000.0,17,ATM,0
T0004931,A00086,A00631,3259000.0,18,Mobile,0
T0004932,A00536,A00829,1429000.0,12,Mobile,0
T0004933,A01097,A00067,2018000.0,14,Internet Banking,0
T0004934,A00492,A00691,738000.0,1,Mobile,0
T0004935,A00782,A00458,262000.0,16,Internet Banking,0
T0004936,A00219,A00871,326000.0,17,ATM,0
T0004937,A00172,A00747,890000.0,2,Internet Banking,0
T0004938,A00878,A00740,296000.0,12,Mobile,0
T0004939,A00079,A00305,1682000.0,12,ATM,0
T0004940,A00539,A01079,722000.0,7,Branch,0
T0004941,A00381,A00354,1471000.0,1,ATM,0
T0004942,A00020,A00840,1423000.0,0,Mobile,0
T0004943,A00638,A00799,1836000.0,5,Internet Banking,0
T0004944,A01157,A00639,2079000.0,5,Internet Banking,0
T0004945,A00083,A00133,822000.0,5,Mobile,0
T0004946,A00979,A00775,1469000.0,14,Mobile,0
T0004947,A00648,A00322,1556000.0,10,ATM,0
T0004948,A00869,A00474,83000.0,2,Mobile,0
T0004949,A00116,A01084,2444000.0,2,ATM,0
T0004950,A01043,A00634,1415000.0,15,Branch,0
T0004951,A00014,A00867,2232000.0,22,Mobile,0
T0004952,A01089,A00750,291000.0,19,Mobile,0
T0004953,A00790,A00239,848000.0,18,Branch,0
T0004954,A00405,A00533,361000.0,7,Mobile,0
T0004955,A00009,A01128,2722000.0,16,ATM,0
T0004956,A00734,A00910,256000.0,1,Mobile,0
T0004957,A00105,A00498,432000.0,4,Mobile,0
T0004958,A00731,A00236,2160000.0,3,Mobile,0
T0004959,A00928,A00017,601000.0,4,Mobile,0
T0004960,A00321,A00239,432000.0,8,Branch,0
T0004961,A00287,A00533,3253000.0,1,Mobile,0
T0004962,A00267,A00985,3404000.0,19,Mobile,0
T0004963,A00270,A01138,2655000.0,17,Internet Banking,0
T0004964,A00137,A00341,3052000.0,15,Branch,0
T0004965,A00300,A00889,930000.0,4,Mobile,0
T0004966,A00792,A00900,958000.0,20,ATM,0
T0004967,A00364,A00513,588000.0,0,Mobile,0
T0004968,A00938,A00214,1443000.0,23,ATM,0
T0004969,A00984,A00413,671000.0,17,Internet Banking,0
T0004970,A00914,A00575,745000.0,4,ATM,0
T0004971,A00648,A00980,2321000.0,4,Internet Banking,0
T0004972,A00380,A00309,4416000.0,16,Branch,0
T0004973,A01116,A00031,1860000.0,19,Mobile,0
T0004974,A00247,A00302,8637000.0,11,Internet Banking,0
T0004975,A00558,A00038,552000.0,1,Internet Banking,0
T0004976,A00545,A01161,159000.0,11,Mobile,0
T0004977,A00895,A00236,2634000.0,11,Branch,0
T0004978,A00657,A00725,513000.0,7,ATM,0
T0004979,A00960,A00197,888000.0,21,ATM,0
T0004980,A01103,A00594,171000.0,8,Mobile,0
T0004981,A00469,A00426,446000.0,5,ATM,0
T0004982,A01050,A00305,230000.0,16,Mobile,0
T0004983,A00204,A00878,744000.0,14,Branch,0
T0004984,A01100,A00354,777000.0,14,Mobile,0
T0004985,A00214,A00489,1325000.0,12,Internet Banking,0
T0004986,A01021,A00858,4693000.0,7,Mobile,0
T0004987,A00469,A00369,2527000.0,6,Internet Banking,0
T0004988,A01158,A00965,201000.0,2,Mobile,0
T0004989,A00156,A00156,2342000.0,4,ATM,0
T0004990,A00559,A01200,1357000.0,13,ATM,0
T0004991,A01083,A00926,1078000.0,9,Mobile,0
T0004992,A00057,A00940,1170000.0,17,ATM,1
T0004993,A00319,A00754,1503000.0,19,Internet Banking,0
T0004994,A00101,A00294,561000.0,13,Mobile,0
T0004995,A00386,A01076,982000.0,2,Mobile,0
T0004996,A00469,A00230,4413000.0,0,Mobile,0
T0004997,A00743,A00162,553000.0,5,Mobile,0
T0004998,A00310,A00376,387000.0,6,Internet Banking,0
T0004999,A00191,A00098,1121000.0,1,Internet Banking,0
T0005000,A00204,A00473,346000.0,18,Mobile,0
T0005001,A01127,A00661,180000.0,8,Branch,0
T0005002,A01144,A01158,822000.0,17,Mobile,0
T0005003,A00266,A01016,5905000.0,5,ATM,0
T0005004,A00235,A00238,1150000.0,0,ATM,0
T0005005,A00066,A00483,1460000.0,3,ATM,0
T0005006,A01152,A00578,115000.0,11,Internet Banking,0
T0005007,A00848,A00397,1943000.0,11,Mobile,0
T0005008,A00914,A00192,1330000.0,10,ATM,0
T0005009,A00349,A00566,577000.0,23,Internet Banking,0
T0005010,A00770,A00188,1463000.0,15,ATM,0
T0005011,A00072,A00831,1447000.0,17,Mobile,0
T0005012,A00812,A00127,374000.0,2,Internet Banking,0
T0005013,A00696,A00216,1729000.0,11,Mobile,0
T0005014,A00398,A01040,4478000.0,14,Internet Banking,0
T0005015,A00853,A00684,934000.0,14,ATM,0
T0005016,A00776,A00438,462000.0,22,Mobile,0
T0005017,A00527,A00693,987000.0,11,Mobile,0
T0005018,A00225,A00681,3072000.0,8,Mobile,0
T0005019,A00029,A00366,311000.0,22,Mobile,0
T0005020,A01126,A00829,2268000.0,8,Mobile,0
T0005021,A00338,A00638,569000.0,13,Mobile,0
T0005022,A00363,A00349,1566000.0,0,Mobile,0
T0005023,A00818,A00682,645000.0,3,Internet Banking,0
T0005024,A00307,A00308,643000.0,1,ATM,0
T0005025,A00451,A00348,6409000.0,10,Mobile,0
T0005026,A00854,A00612,255000.0,22,Mobile,0
T0005027,A00715,A00491,2047000.0,1,ATM,0
T0005028,A00788,A00215,8059000.0,23,Mobile,0
T0005029,A00006,A00668,2551000.0,20,Mobile,0
T0005030,A00542,A01183,278000.0,0,Mobile,0
T0005031,A00571,A00926,293000.0,0,Branch,0
T0005032,A00759,A00151,525000.0,21,Mobile,0
T0005033,A00182,A00362,1428000.0,14,Branch,0
T0005034,A00192,A00495,1539000.0,4,Mobile,0
T0005035,A00915,A00782,296000.0,22,Mobile,0
T0005036,A00808,A00120,459000.0,13,Mobile,0
T0005037,A00974,A00070,491000.0,15,ATM,0
T0005038,A00325,A00294,984000.0,16,Internet Banking,0
T0005039,A01198,A00020,10649000.0,4,Internet Banking,0
T0005040,A00328,A00415,430000.0,8,Branch,0
T0005041,A00782,A00767,410000.0,3,Internet Banking,0
T0005042,A00195,A00401,345000.0,12,Mobile,0
T0005043,A01103,A00408,2414000.0,23,Internet Banking,0
T0005044,A00399,A01192,1147000.0,15,Mobile,0
T0005045,A00963,A00299,448000.0,16,Internet Banking,0
T0005046,A00398,A00685,805000.0,4,ATM,0
T0005047,A00950,A00017,502000.0,13,Mobile,0
T0005048,A00546,A01070,1662000.0,23,Mobile,0
T0005049,A00075,A01119,22992000.0,2,Internet Banking,0
T0005050,A00229,A00016,2200000.0,4,Mobile,0
T0005051,A00821,A00241,1083000.0,17,Mobile,0
T0005052,A00232,A00125,577000.0,0,Internet Banking,0
T0005053,A00331,A01189,274000.0,4,Mobile,0
T0005054,A00651,A01057,2690000.0,22,Mobile,0
T0005055,A00304,A00048,2534000.0,0,Internet Banking,0
T0005056,A00155,A00091,719000.0,10,Mobile,0
T0005057,A00750,A00604,4558000.0,7,Mobile,0
T0005058,A00827,A00242,1228000.0,9,Branch,0
T0005059,A00880,A00698,2814000.0,6,Mobile,0
T0005060,A01133,A00692,1662000.0,6,Mobile,0
T0005061,A00150,A00796,988000.0,18,ATM,0
T0005062,A00513,A00037,420000.0,0,Mobile,0
T0005063,A00281,A00167,1022000.0,3,Branch,0
T0005064,A01082,A00936,3030000.0,6,Internet Banking,0
T0005065,A00648,A00752,686000.0,19,Internet Banking,0
T0005066,A00118,A00695,1947000.0,9,Mobile,0
T0005067,A00831,A00779,365000.0,0,Mobile,0
T0005068,A00052,A00696,2830000.0,12,ATM,0
T0005069,A00330,A00269,1693000.0,15,Mobile,0
T0005070,A00866,A00951,320000.0,10,ATM,0
T0005071,A00608,A00542,938000.0,2,ATM,0
T0005072,A00914,A00316,3343000.0,21,Internet Banking,0
T0005073,A00686,A00588,300000.0,20,Mobile,0
T0005074,A01012,A00370,369000.0,21,Internet Banking,0
T0005075,A00676,A00191,1112000.0,23,Internet Banking,0
T0005076,A00069,A00843,12541000.0,7,Mobile,0
T0005077,A00086,A00215,573000.0,10,ATM,0
T0005078,A00933,A00953,2069000.0,23,Mobile,0
T0005079,A00047,A00066,1598000.0,10,Branch,0
T0005080,A00452,A00417,627000.0,20,Mobile,0
T0005081,A00020,A00506,1433000.0,15,Mobile,0
T0005082,A00365,A00910,733000.0,22,Internet Banking,0
T0005083,A00715,A00851,810000.0,0,Mobile,0
T0005084,A00208,A00982,193000.0,16,Mobile,0
T0005085,A00560,A00582,1168000.0,19,Mobile,0
T0005086,A01196,A00601,3226000.0,4,ATM,0
T0005087,A00085,A01171,1278000.0,17,Mobile,0
T0005088,A00077,A00152,3982000.0,4,Internet Banking,0
T0005089,A00326,A00032,2272000.0,21,Internet Banking,0
T0005090,A00993,A01193,1124000.0,21,Internet Banking,0
T0005091,A00487,A00113,601000.0,0,Mobile,0
T0005092,A00768,A01120,703000.0,12,Mobile,0
T0005093,A00041,A00460,238000.0,9,Branch,0
T0005094,A00883,A00219,895000.0,21,ATM,0
T0005095,A00081,A00360,1409000.0,7,Branch,0
T0005096,A00855,A00031,7919000.0,17,Internet Banking,0
T0005097,A00178,A00171,2146000.0,2,ATM,0
T0005098,A01031,A01100,463000.0,5,Branch,0
T0005099,A00356,A00208,246000.0,23,Mobile,0
T0005100,A00221,A00374,956000.0,9,Branch,0
T0005101,A00405,A00891,2931000.0,18,Mobile,0
T0005102,A00001,A00793,941000.0,23,Mobile,0
T0005103,A00199,A00164,2178000.0,23,Mobile,0
T0005104,A00719,A01085,983000.0,0,Mobile,1
T0005105,A00361,A00756,2641000.0,5,Mobile,0
T0005106,A00425,A00883,207000.0,17,Internet Banking,0
T0005107,A00969,A00999,7007000.0,22,Internet Banking,0
T0005108,A00149,A00631,353000.0,23,ATM,0
T0005109,A00476,A00350,2873000.0,17,Mobile,0
T0005110,A00224,A00626,890000.0,2,Mobile,0
T0005111,A00580,A01102,1056000.0,17,Internet Banking,0
T0005112,A00399,A00526,920000.0,6,Internet Banking,0
T0005113,A00056,A00160,1590000.0,19,ATM,0
T0005114,A00085,A00720,1985000.0,13,Mobile,0
T0005115,A01023,A00943,3844000.0,4,Mobile,0
T0005116,A00069,A01151,5647000.0,20,Branch,0
T0005117,A00940,A00651,1729000.0,23,Mobile,0
T0005118,A01100,A00946,7904000.0,12,Internet Banking,0
T0005119,A00559,A00714,1329000.0,19,Mobile,0
T0005120,A00375,A01108,3926000.0,1,Mobile,0
T0005121,A00932,A00422,1923000.0,6,ATM,0
T0005122,A01179,A00399,656000.0,3,Mobile,0
T0005123,A00145,A00860,1465000.0,6,Mobile,0
T0005124,A01158,A00723,2087000.0,9,ATM,0
T0005125,A01133,A00392,1158000.0,10,Mobile,0
T0005126,A00172,A00350,1890000.0,7,Mobile,0
T0005127,A00066,A00509,3109000.0,13,Internet Banking,0
T0005128,A00858,A00303,1170000.0,5,Mobile,0
T0005129,A00094,A00197,50000.0,8,Internet Banking,0
T0005130,A00721,A00418,7602000.0,20,Mobile,0
T0005131,A00078,A00863,865000.0,13,Mobile,0
T0005132,A00829,A01144,485000.0,0,Mobile,0
T0005133,A00279,A00949,348000.0,7,ATM,0
T0005134,A00116,A00331,829000.0,19,Mobile,0
T0005135,A00080,A01144,646000.0,4,Branch,0
T0005136,A00227,A00573,533000.0,22,Mobile,0
T0005137,A00649,A00772,567000.0,7,Mobile,0
T0005138,A00092,A00602,2149000.0,15,Internet Banking,0
T0005139,A00963,A01064,11198000.0,11,Mobile,0
T0005140,A00725,A01014,2959000.0,15,Internet Banking,0
T0005141,A00357,A00700,4125000.0,19,Branch,0
T0005142,A01184,A00442,792000.0,3,ATM,0
T0005143,A00791,A00172,1346000.0,8,Internet Banking,0
T0005144,A00807,A00992,1918000.0,13,Internet Banking,0
T0005145,A00209,A00933,581000.0,6,Mobile,0
T0005146,A00853,A00613,751000.0,9,ATM,0
T0005147,A00672,A00162,3072000.0,21,Mobile,0
T0005148,A01182,A00499,3981000.0,5,Mobile,0
T0005149,A00574,A01038,1292000.0,4,Internet Banking,0
T0005150,A00814,A00292,322000.0,13,Mobile,0
T0005151,A00410,A00663,867000.0,2,Internet Banking,0
T0005152,A00049,A01009,246000.0,0,Mobile,0
T0005153,A00154,A00410,1303000.0,20,Mobile,0
T0005154,A01041,A00523,1589000.0,6,Internet Banking,0
T0005155,A00886,A00941,891000.0,2,Internet Banking,0
T0005156,A00438,A00491,1565000.0,15,Branch,0
T0005157,A00838,A00857,1898000.0,11,Mobile,0
T0005158,A00006,A00044,1592000.0,10,Mobile,0
T0005159,A00045,A01121,320000.0,10,Mobile,0
T0005160,A00609,A00549,908000.0,3,Mobile,0
T0005161,A00750,A00705,1884000.0,20,Mobile,0
T0005162,A01125,A00793,6813000.0,0,ATM,0
T0005163,A00912,A00171,890000.0,11,Mobile,0
T0005164,A00309,A01066,2200000.0,6,Branch,0
T0005165,A00979,A00576,3153000.0,15,Internet Banking,0
T0005166,A00590,A01154,967000.0,13,Internet Banking,0
T0005167,A00992,A00980,4244000.0,9,Mobile,0
T0005168,A00209,A00990,4503000.0,12,Mobile,0
T0005169,A00032,A00761,5478000.0,5,Mobile,0
T0005170,A00070,A00268,1987000.0,3,Internet Banking,0
T0005171,A01190,A00383,16094000.0,21,Internet Banking,0
T0005172,A00097,A00424,610000.0,14,Mobile,0
T0005173,A01128,A00915,12414000.0,15,Mobile,0
T0005174,A00873,A00221,2794000.0,23,Branch,0
T0005175,A00176,A00964,5242000.0,21,Mobile,0
T0005176,A01037,A01064,844000.0,14,Mobile,0
T0005177,A00174,A00425,3038000.0,19,Mobile,0
T0005178,A00172,A00670,5766000.0,12,Mobile,0
T0005179,A00691,A00550,363000.0,5,Mobile,0
T0005180,A00346,A00039,1003000.0,14,Internet Banking,0
T0005181,A00349,A00707,114000.0,21,Internet Banking,0
T0005182,A00235,A00973,986000.0,21,Internet Banking,0
T0005183,A00730,A00900,489000.0,12,Mobile,0
T0005184,A00033,A00071,944000.0,22,Mobile,0
T0005185,A00295,A01147,29914000.0,4,ATM,0
T0005186,A00665,A01071,7940000.0,0,Mobile,0
T0005187,A00584,A00663,246000.0,9,Mobile,0
T0005188,A00840,A00982,2211000.0,4,Mobile,0
T0005189,A00260,A00520,2890000.0,22,Internet Banking,0
T0005190,A00778,A00938,827000.0,2,Mobile,0
T0005191,A00912,A01115,1460000.0,12,Branch,0
T0005192,A00466,A00336,1626000.0,18,Mobile,0
T0005193,A00309,A00872,273000.0,2,Branch,0
T0005194,A00667,A00997,386000.0,1,Mobile,0
T0005195,A00695,A00937,1450000.0,13,Internet Banking,0
T0005196,A00113,A00228,1339000.0,21,Mobile,0
T0005197,A00679,A00596,550000.0,0,ATM,0
T0005198,A00186,A00867,501000.0,0,Mobile,0
T0005199,A00683,A00687,1087000.0,22,ATM,0
T0005200,A01119,A01045,3181000.0,14,ATM,0
T0005201,A00645,A01098,1103000.0,16,Internet Banking,0
T0005202,A00914,A00046,7152000.0,6,Mobile,0
T0005203,A00372,A00360,558000.0,7,Mobile,0
T0005204,A01108,A00963,1484000.0,11,Branch,0
T0005205,A00976,A00253,813000.0,5,Branch,0
T0005206,A01101,A01176,2291000.0,10,Mobile,0
T0005207,A00890,A00072,508000.0,22,Mobile,0
T0005208,A00780,A00037,9999000.0,17,Mobile,0
T0005209,A00631,A00878,187000.0,20,Mobile,0
T0005210,A01114,A00551,7920000.0,11,Mobile,0
T0005211,A01018,A01069,1325000.0,18,ATM,0
T0005212,A00501,A00408,2203000.0,10,Mobile,0
T0005213,A00103,A01001,5209000.0,14,ATM,0
T0005214,A00005,A00267,3083000.0,17,Branch,0
T0005215,A00281,A00522,538000.0,19,Mobile,0
T0005216,A00076,A00798,2322000.0,22,Mobile,0
T0005217,A00254,A00696,9361000.0,2,Internet Banking,0
T0005218,A00132,A01000,452000.0,19,Mobile,0
T0005219,A01178,A00516,12337000.0,17,Internet Banking,0
T0005220,A00115,A01029,1834000.0,17,Internet Banking,0
T0005221,A00753,A00682,745000.0,0,Mobile,0
T0005222,A00423,A00320,449000.0,11,ATM,0
T0005223,A00210,A00743,939000.0,23,Mobile,0
T0005224,A00842,A01028,140000.0,21,Mobile,0
T0005225,A01165,A01060,760000.0,5,Branch,0
T0005226,A00949,A00640,899000.0,11,Mobile,0
T0005227,A01171,A00771,368000.0,20,Mobile,0
T0005228,A00709,A01153,2732000.0,22,Mobile,0
T0005229,A00809,A00047,943000.0,7,Mobile,0
T0005230,A00176,A00753,596000.0,19,Mobile,0
T0005231,A01023,A00297,839000.0,20,Internet Banking,0
T0005232,A00898,A00127,1773000.0,3,Mobile,0
T0005233,A00305,A00606,1301000.0,0,Internet Banking,0
T0005234,A00426,A00888,555000.0,1,Mobile,0
T0005235,A00734,A00433,1378000.0,3,Mobile,0
T0005236,A00016,A01040,1135000.0,17,Branch,0
T0005237,A00982,A00631,343000.0,9,ATM,0
T0005238,A00337,A00751,874000.0,16,Internet Banking,0
T0005239,A00090,A00433,2270000.0,2,Mobile,0
T0005240,A00397,A00540,2252000.0,14,Mobile,0
T0005241,A01003,A01009,932000.0,17,ATM,0
T0005242,A00330,A00344,2526000.0,23,ATM,0
T0005243,A00648,A00158,408000.0,7,Internet Banking,0
T0005244,A00975,A00455,423000.0,13,Mobile,0
T0005245,A00041,A00471,910000.0,11,Mobile,0
T0005246,A00912,A00503,6232000.0,8,Mobile,0
T0005247,A00347,A00085,1436000.0,15,Mobile,0
T0005248,A00835,A00156,886000.0,13,Mobile,0
T0005249,A00226,A00389,6559000.0,19,Mobile,0
T0005250,A00167,A00509,875000.0,0,Mobile,0
T0005251,A00946,A00171,14021000.0,5,Internet Banking,0
T0005252,A00970,A01070,684000.0,13,Internet Banking,0
T0005253,A01178,A00385,394000.0,13,Internet Banking,0
T0005254,A00813,A00042,999000.0,21,Mobile,0
T0005255,A00560,A00301,912000.0,16,Internet Banking,0
T0005256,A00234,A00645,494000.0,0,Branch,0
T0005257,A00355,A01170,20999000.0,11,Mobile,0
T0005258,A00778,A00903,1704000.0,20,ATM,0
T0005259,A00416,A00087,2000000.0,20,Mobile,0
T0005260,A00581,A00694,722000.0,19,Internet Banking,0
T0005261,A00202,A00375,636000.0,11,Mobile,0
T0005262,A00528,A00968,3708000.0,2,Internet Banking,0
T0005263,A00286,A00655,190000.0,5,ATM,0
T0005264,A00135,A00652,341000.0,20,Mobile,0
T0005265,A00159,A00913,914000.0,8,ATM,0
T0005266,A00622,A01025,5304000.0,18,ATM,0
T0005267,A00440,A00068,795000.0,0,ATM,0
T0005268,A00120,A00522,1897000.0,11,Mobile,0
T0005269,A00618,A00226,1237000.0,22,Mobile,0
T0005270,A00198,A00118,4994000.0,5,ATM,0
T0005271,A00019,A00735,210000.0,0,Internet Banking,1
T0005272,A00160,A01173,2696000.0,6,Branch,0
T0005273,A00539,A00134,964000.0,1,Mobile,0
T0005274,A01145,A00018,3319000.0,14,ATM,0
T0005275,A00291,A01100,487000.0,4,ATM,0
T0005276,A00342,A01034,1233000.0,5,ATM,0
T0005277,A00292,A00263,1072000.0,14,Internet Banking,0
T0005278,A00427,A00558,398000.0,7,Mobile,0
T0005279,A00861,A00473,293000.0,15,Internet Banking,0
T0005280,A00387,A00399,634000.0,22,Internet Banking,0
T0005281,A00790,A00127,1384000.0,22,Mobile,0
T0005282,A01078,A00243,522000.0,17,Mobile,0
T0005283,A01136,A00162,835000.0,23,ATM,0
T0005284,A00676,A00435,151000.0,17,Mobile,0
T0005285,A00856,A00517,798000.0,1,Mobile,0
T0005286,A01103,A00073,3700000.0,22,Internet Banking,0
T0005287,A00945,A00916,2607000.0,13,Branch,0
T0005288,A00360,A01064,1091000.0,0,Internet Banking,0
T0005289,A00159,A01152,1569000.0,14,Mobile,0
T0005290,A00138,A00839,483000.0,5,Mobile,0
T0005291,A01059,A00612,7165000.0,12,Mobile,0
T0005292,A00668,A00780,11668000.0,15,Mobile,0
T0005293,A00356,A00441,1439000.0,0,ATM,0
T0005294,A00415,A00734,20740000.0,10,Mobile,0
T0005295,A00339,A00964,568000.0,1,Mobile,0
T0005296,A00963,A00324,303000.0,2,ATM,0
T0005297,A00735,A00568,550000.0,5,Mobile,0
T0005298,A01056,A00547,943000.0,18,Mobile,0
T0005299,A00363,A00135,15265000.0,9,Mobile,0
T0005300,A00568,A00831,881000.0,1,Mobile,0
T0005301,A00147,A00518,466000.0,17,Mobile,0
T0005302,A01166,A00021,447000.0,13,Branch,0
T0005303,A00615,A00525,4205000.0,3,ATM,0
T0005304,A00664,A00326,3594000.0,13,ATM,0
T0005305,A00497,A00041,703000.0,5,Internet Banking,0
T0005306,A00326,A00637,152000.0,15,Mobile,0
T0005307,A01139,A00720,347000.0,22,ATM,0
T0005308,A00587,A00813,7970000.0,7,Mobile,0
T0005309,A00810,A00577,2560000.0,17,Mobile,0
T0005310,A00045,A00846,1290000.0,0,Mobile,0
T0005311,A00332,A00053,9375000.0,9,Internet Banking,0
T0005312,A00965,A00098,10345000.0,21,Mobile,0
T0005313,A00106,A00402,1153000.0,1,Mobile,0
T0005314,A00122,A00463,1177000.0,22,Mobile,0
T0005315,A00972,A00352,633000.0,2,Mobile,0
T0005316,A00371,A01063,877000.0,11,Mobile,0
T0005317,A00329,A00187,234000.0,4,Internet Banking,0
T0005318,A00679,A00679,233000.0,0,Mobile,0
T0005319,A00234,A00559,180000.0,8,Internet Banking,0
T0005320,A00052,A00925,3955000.0,13,Mobile,0
T0005321,A00006,A01162,215000.0,17,Mobile,0
T0005322,A00096,A00053,10250000.0,7,Internet Banking,0
T0005323,A00191,A00892,537000.0,11,Internet Banking,0
T0005324,A00836,A01040,8113000.0,4,Mobile,0
T0005325,A00358,A00579,803000.0,17,Internet Banking,0
T0005326,A00087,A01092,214000.0,4,ATM,0
T0005327,A00018,A00246,4926000.0,20,Mobile,0
T0005328,A00573,A00814,5609000.0,4,Internet Banking,0
T0005329,A01009,A00681,443000.0,15,Mobile,0
T0005330,A00407,A00381,833000.0,7,ATM,0
T0005331,A00077,A00967,443000.0,23,Mobile,0
T0005332,A00274,A00772,1051000.0,6,Branch,0
T0005333,A00600,A00029,1351000.0,22,Internet Banking,0
T0005334,A00227,A00999,815000.0,20,Internet Banking,0
T0005335,A01175,A00846,162000.0,11,Mobile,0
T0005336,A00917,A00571,633000.0,11,Internet Banking,0
T0005337,A00414,A00584,2602000.0,8,Mobile,0
T0005338,A01142,A00379,954000.0,10,Mobile,0
T0005339,A00391,A00322,837000.0,11,Mobile,0
T0005340,A00169,A00585,431000.0,3,Internet Banking,0
T0005341,A01126,A01126,613000.0,7,ATM,0
T0005342,A01152,A00980,5653000.0,21,Branch,0
T0005343,A00376,A00107,343000.0,23,Mobile,1
T0005344,A00714,A00700,2652000.0,1,ATM,0
T0005345,A00208,A00722,1264000.0,17,ATM,0
T0005346,A00770,A01160,1571000.0,5,ATM,1
T0005347,A00829,A00019,536000.0,15,Internet Banking,0
T0005348,A00852,A01173,815000.0,14,Mobile,0
T0005349,A00683,A00671,1192000.0,21,ATM,0
T0005350,A00845,A00620,677000.0,16,Internet Banking,0
T0005351,A00667,A00331,1728000.0,19,Internet Banking,0
T0005352,A00984,A00394,1985000.0,19,Mobile,0
T0005353,A00216,A00933,13096000.0,15,Mobile,0
T0005354,A00581,A00884,1630000.0,9,Mobile,0
T0005355,A00500,A00506,146000.0,8,Internet Banking,0
T0005356,A00641,A00658,4313000.0,8,Mobile,0
T0005357,A00171,A00243,959000.0,8,ATM,0
T0005358,A00389,A00650,10973000.0,6,Mobile,0
T0005359,A01145,A00603,6052000.0,7,Mobile,0
T0005360,A00127,A00817,688000.0,13,Mobile,0
T0005361,A00763,A00334,2655000.0,6,Mobile,0
T0005362,A00798,A00457,624000.0,8,Mobile,0
T0005363,A00570,A00082,1204000.0,17,Internet Banking,0
T0005364,A00041,A00461,2524000.0,7,Branch,0
T0005365,A00042,A01012,4082000.0,2,Mobile,0
T0005366,A00331,A00021,3212000.0,0,Mobile,0
T0005367,A00124,A00644,1303000.0,18,ATM,0
T0005368,A00114,A00055,18432000.0,22,Mobile,1
T0005369,A00193,A01156,803000.0,16,Internet Banking,0
T0005370,A00229,A00305,205000.0,1,Internet Banking,0
T0005371,A01007,A00103,253000.0,13,ATM,0
T0005372,A00767,A00606,6072000.0,6,Mobile,0
T0005373,A00037,A00019,1103000.0,7,Branch,0
T0005374,A00755,A00544,1429000.0,22,Branch,0
T0005375,A00165,A00770,661000.0,19,Mobile,1
T0005376,A00506,A00954,729000.0,17,Mobile,0
T0005377,A00046,A00857,505000.0,12,Mobile,0
T0005378,A00109,A00910,2015000.0,13,Mobile,0
T0005379,A00160,A00290,1078000.0,21,Branch,0
T0005380,A00521,A01016,1936000.0,15,Mobile,0
T0005381,A00556,A00420,1743000.0,13,Mobile,0
T0005382,A00424,A00450,751000.0,2,Mobile,0
T0005383,A00745,A00946,241000.0,23,Internet Banking,0
T0005384,A00865,A00393,219000.0,19,ATM,0
T0005385,A00875,A00878,33503000.0,8,Internet Banking,0
T0005386,A00695,A00858,6100000.0,6,Internet Banking,0
T0005387,A00655,A00795,5241000.0,23,Mobile,0
T0005388,A00590,A00699,571000.0,22,Internet Banking,0
T0005389,A00286,A01082,1213000.0,10,Mobile,0
T0005390,A00585,A00393,489000.0,5,Mobile,0
T0005391,A00013,A00317,283000.0,19,Internet Banking,0
T0005392,A01160,A00667,628000.0,15,Branch,0
T0005393,A00445,A00877,5161000.0,21,Internet Banking,0
T0005394,A00908,A00928,3026000.0,13,Internet Banking,0
T0005395,A01149,A01172,413000.0,13,Mobile,0
T0005396,A00597,A00229,849000.0,3,Mobile,0
T0005397,A01035,A00138,2736000.0,14,Internet Banking,0
T0005398,A00576,A01160,640000.0,8,Internet Banking,0
T0005399,A00159,A01147,1310000.0,4,Internet Banking,0
T0005400,A00032,A00508,1867000.0,18,Internet Banking,0
T0005401,A00163,A00585,1845000.0,8,Mobile,0
T0005402,A01132,A00489,1587000.0,5,Mobile,0
T0005403,A00571,A00382,585000.0,23,Mobile,0
T0005404,A00384,A00797,655000.0,23,Internet Banking,0
T0005405,A00536,A00752,345000.0,11,Branch,0
T0005406,A00308,A01003,215000.0,7,Internet Banking,0
T0005407,A01045,A01015,1058000.0,3,Internet Banking,0
T0005408,A01200,A00456,2945000.0,15,Internet Banking,0
T0005409,A00102,A00026,263000.0,14,Mobile,0
T0005410,A00863,A01062,1620000.0,14,Mobile,0
T0005411,A00403,A00855,2845000.0,18,Mobile,0
T0005412,A00057,A00747,159000.0,11,Branch,0
T0005413,A01107,A00224,891000.0,16,Mobile,0
T0005414,A00075,A00632,7339000.0,15,Internet Banking,0
T0005415,A00248,A00106,2202000.0,19,Mobile,0
T0005416,A00031,A00729,153000.0,17,Internet Banking,0
T0005417,A00566,A00230,2476000.0,0,Mobile,0
T0005418,A00720,A00616,527000.0,14,Branch,0
T0005419,A00385,A01025,2567000.0,23,Mobile,0
T0005420,A00086,A00713,562000.0,13,Branch,0
T0005421,A00140,A00913,1132000.0,12,Internet Banking,0
T0005422,A01121,A00056,664000.0,14,Mobile,0
T0005423,A00968,A00760,1204000.0,13,Internet Banking,0
T0005424,A01125,A00582,643000.0,9,Internet Banking,0
T0005425,A00637,A00392,938000.0,23,Mobile,0
T0005426,A00656,A00406,329000.0,1,Internet Banking,0
T0005427,A00944,A00109,2059000.0,19,Internet Banking,0
T0005428,A00740,A00127,1455000.0,3,Internet Banking,0
T0005429,A00524,A00873,203000.0,4,Internet Banking,0
T0005430,A00351,A00807,3577000.0,14,Internet Banking,0
T0005431,A00583,A00818,988000.0,15,Mobile,0
T0005432,A00077,A01060,1434000.0,22,Mobile,0
T0005433,A00231,A00926,2782000.0,7,Mobile,0
T0005434,A00885,A00741,1722000.0,0,Internet Banking,1
T0005435,A01042,A00304,4323000.0,6,Mobile,0
T0005436,A00123,A00156,869000.0,13,Mobile,0
T0005437,A00117,A00149,3744000.0,8,ATM,0
T0005438,A00103,A00149,1374000.0,6,Mobile,0
T0005439,A00950,A00031,2097000.0,21,Mobile,0
T0005440,A00374,A01163,1871000.0,13,ATM,0
T0005441,A00393,A01052,4698000.0,16,Internet Banking,0
T0005442,A00015,A00049,2653000.0,17,ATM,0
T0005443,A01168,A00487,737000.0,9,Mobile,0
T0005444,A00521,A01124,593000.0,17,Internet Banking,0
T0005445,A00957,A00487,1136000.0,23,Branch,0
T0005446,A00850,A00255,520000.0,17,Mobile,0
T0005447,A00171,A00726,377000.0,7,Mobile,0
T0005448,A00962,A00041,115000.0,18,Mobile,0
T0005449,A00661,A00922,218000.0,5,ATM,0
T0005450,A00726,A00863,10658000.0,1,Mobile,0
T0005451,A00241,A00446,583000.0,10,Mobile,0
T0005452,A01017,A01138,9739000.0,12,Internet Banking,0
T0005453,A01119,A00603,1870000.0,11,Branch,0
T0005454,A00488,A00570,1136000.0,6,Mobile,0
T0005455,A00111,A00776,230000.0,6,Internet Banking,0
T0005456,A01019,A01034,1206000.0,22,Branch,0
T0005457,A01065,A00135,9619000.0,6,Mobile,0
T0005458,A00608,A00115,6657000.0,18,Internet Banking,0
T0005459,A00695,A00938,1623000.0,6,Mobile,0
T0005460,A00268,A01066,339000.0,2,Mobile,0
T0005461,A00081,A01170,419000.0,1,Mobile,0
T0005462,A01133,A00092,470000.0,5,Mobile,0
T0005463,A00580,A00700,4895000.0,20,Mobile,0
T0005464,A00330,A00556,7223000.0,10,ATM,0
T0005465,A00832,A00735,1489000.0,16,Mobile,0
T0005466,A00032,A01072,860000.0,23,Mobile,0
T0005467,A00096,A00951,6592000.0,1,Internet Banking,0
T0005468,A00292,A00413,409000.0,2,Branch,0
T0005469,A00541,A00325,1270000.0,22,Mobile,0
T0005470,A00441,A00264,1997000.0,13,Mobile,0
T0005471,A00225,A01071,465000.0,14,Mobile,0
T0005472,A00422,A00075,596000.0,8,ATM,0
T0005473,A00401,A00810,547000.0,19,ATM,0
T0005474,A00630,A00068,5701000.0,15,Mobile,0
T0005475,A00676,A00430,9856000.0,6,Mobile,0
T0005476,A01060,A00039,1362000.0,15,Internet Banking,0
T0005477,A00969,A00669,893000.0,0,Internet Banking,0
T0005478,A00351,A00488,620000.0,5,Mobile,0
T0005479,A01084,A01070,1202000.0,4,Mobile,0
T0005480,A00625,A01075,655000.0,18,Mobile,0
T0005481,A00226,A00442,1079000.0,17,Internet Banking,0
T0005482,A00409,A00319,1891000.0,2,Branch,0
T0005483,A00891,A00759,768000.0,21,Mobile,0
T0005484,A00987,A00394,974000.0,19,Branch,0
T0005485,A00449,A00115,979000.0,10,Mobile,0
T0005486,A00190,A00211,846000.0,5,Internet Banking,0
T0005487,A00231,A00407,738000.0,10,ATM,0
T0005488,A00125,A00304,2775000.0,14,Internet Banking,0
T0005489,A00839,A00773,171000.0,15,Mobile,0
T0005490,A00604,A00722,6780000.0,8,Mobile,0
T0005491,A00542,A00945,1393000.0,2,ATM,0
T0005492,A00807,A00677,2347000.0,14,Internet Banking,0
T0005493,A00995,A00722,2664000.0,16,Mobile,0
T0005494,A00955,A00860,551000.0,6,Internet Banking,0
T0005495,A00165,A01162,439000.0,15,Mobile,0
T0005496,A00708,A00502,386000.0,13,Mobile,0
T0005497,A01060,A00152,914000.0,12,ATM,0
T0005498,A00929,A00243,2589000.0,0,Mobile,0
T0005499,A00396,A00468,631000.0,7,Mobile,0
T0005500,A00472,A00028,2342000.0,8,Mobile,0
T0005501,A01069,A00572,89000.0,20,Branch,0
T0005502,A00040,A00123,785000.0,19,Mobile,0
T0005503,A00631,A01002,4333000.0,20,Mobile,0
T0005504,A00140,A01018,994000.0,11,Mobile,0
T0005505,A01074,A00693,482000.0,7,Mobile,0
T0005506,A00047,A00954,583000.0,11,Mobile,0
T0005507,A00029,A00558,50000.0,19,Mobile,0
T0005508,A00395,A00550,394000.0,14,Mobile,0
T0005509,A00241,A00396,3839000.0,14,Internet Banking,0
T0005510,A00595,A00168,632000.0,10,Mobile,0
T0005511,A00360,A01149,720000.0,16,Mobile,0
T0005512,A00428,A00553,92000.0,20,Internet Banking,0
T0005513,A00678,A00620,200000.0,16,Mobile,0
T0005514,A00673,A00966,4443000.0,9,Mobile,0
T0005515,A01122,A00216,2366000.0,20,Branch,0
T0005516,A00577,A00680,288000.0,22,Internet Banking,0
T0005517,A00678,A00719,600000.0,19,Internet Banking,0
T0005518,A00814,A00802,1162000.0,21,Internet Banking,0
T0005519,A00210,A00265,322000.0,6,Branch,0
T0005520,A00801,A00135,132000.0,10,Mobile,0
T0005521,A01035,A00399,1007000.0,5,Mobile,0
T0005522,A00382,A00261,2253000.0,8,ATM,0
T0005523,A00215,A00236,2301000.0,17,Mobile,0
T0005524,A00416,A01087,3143000.0,16,Internet Banking,0
T0005525,A00331,A00445,217000.0,0,Mobile,0
T0005526,A00703,A00617,1279000.0,18,Mobile,0
T0005527,A01037,A00105,893000.0,4,Internet Banking,0
T0005528,A00716,A00390,1090000.0,4,Internet Banking,0
T0005529,A00151,A00557,951000.0,13,Internet Banking,0
T0005530,A00378,A00635,580000.0,5,Mobile,0
T0005531,A00828,A00365,50000.0,23,Mobile,0
T0005532,A00397,A00426,4307000.0,3,Internet Banking,0
T0005533,A00704,A00341,1725000.0,3,Mobile,0
T0005534,A00833,A00622,234000.0,18,Internet Banking,0
T0005535,A00396,A01024,2019000.0,6,Internet Banking,0
T0005536,A00777,A01153,734000.0,17,Mobile,0
T0005537,A00478,A00575,757000.0,16,Mobile,0
T0005538,A00163,A00779,515000.0,4,ATM,0
T0005539,A00447,A00808,2166000.0,13,Mobile,0
T0005540,A00530,A00677,498000.0,12,Mobile,0
T0005541,A00003,A00631,359000.0,2,Branch,0
T0005542,A01072,A00818,4167000.0,18,Mobile,0
T0005543,A00634,A00455,986000.0,20,ATM,0
T0005544,A00044,A00681,1020000.0,22,Mobile,0
T0005545,A01042,A00324,2570000.0,2,Mobile,1
T0005546,A01027,A00526,576000.0,4,Internet Banking,0
T0005547,A00015,A00149,717000.0,19,Mobile,0
T0005548,A00196,A00421,1680000.0,7,Internet Banking,0
T0005549,A00437,A00029,220000.0,15,Mobile,0
T0005550,A00609,A00694,1530000.0,8,Internet Banking,0
T0005551,A00871,A00504,523000.0,5,ATM,0
T0005552,A00510,A00601,3075000.0,14,Internet Banking,0
T0005553,A00735,A01131,2189000.0,4,Mobile,0
T0005554,A00013,A00032,1893000.0,3,Mobile,0
T0005555,A00791,A01079,205000.0,12,Mobile,0
T0005556,A01099,A00104,1071000.0,4,Branch,0
T0005557,A00632,A00869,329000.0,4,Internet Banking,0
T0005558,A00546,A00848,1152000.0,18,Internet Banking,0
T0005559,A00357,A01166,94000.0,12,Mobile,0
T0005560,A01146,A00453,220000.0,13,Mobile,0
T0005561,A00040,A01161,4438000.0,3,Mobile,0
T0005562,A00345,A01023,1801000.0,3,Mobile,0
T0005563,A00167,A00216,813000.0,9,Mobile,0
T0005564,A01040,A00783,442000.0,9,Mobile,0
T0005565,A00580,A00579,364000.0,10,Mobile,0
T0005566,A01107,A00478,1496000.0,3,Internet Banking,0
T0005567,A00799,A00113,822000.0,21,Mobile,0
T0005568,A00669,A00963,6577000.0,8,Mobile,0
T0005569,A00621,A00047,979000.0,19,ATM,0
T0005570,A00244,A01125,1280000.0,9,Internet Banking,0
T0005571,A00675,A00877,261000.0,11,Mobile,0
T0005572,A00823,A01149,807000.0,2,ATM,0
T0005573,A01159,A00199,1458000.0,16,Mobile,0
T0005574,A00659,A00511,796000.0,1,Internet Banking,0
T0005575,A01127,A00067,703000.0,17,ATM,0
T0005576,A01134,A00318,1719000.0,21,Mobile,0
T0005577,A00628,A00164,6351000.0,8,Internet Banking,0
T0005578,A00528,A00847,1407000.0,21,Mobile,0
T0005579,A00172,A00778,4225000.0,16,Mobile,0
T0005580,A00323,A00754,2378000.0,0,Mobile,0
T0005581,A01055,A00333,3956000.0,4,Mobile,0
T0005582,A00166,A00747,614000.0,15,Mobile,0
T0005583,A00477,A00828,956000.0,16,Mobile,0
T0005584,A00839,A00387,960000.0,2,Mobile,0
T0005585,A00289,A00556,2189000.0,16,Mobile,0
T0005586,A01169,A00347,2869000.0,19,Mobile,0
T0005587,A00780,A00910,1377000.0,2,Mobile,0
T0005588,A00035,A01042,3148000.0,21,Mobile,0
T0005589,A00297,A00268,646000.0,12,Mobile,0
T0005590,A00889,A01055,3178000.0,14,Internet Banking,0
T0005591,A01036,A00123,3668000.0,1,Branch,0
T0005592,A01113,A00327,2528000.0,14,Mobile,0
T0005593,A01022,A01096,1391000.0,10,Mobile,0
T0005594,A00090,A00657,2630000.0,8,ATM,0
T0005595,A00876,A00702,449000.0,18,Internet Banking,0
T0005596,A00133,A00408,1493000.0,5,Branch,0
T0005597,A00092,A00160,1670000.0,1,Internet Banking,0
T0005598,A00831,A00685,278000.0,11,Internet Banking,0
T0005599,A00574,A00045,2023000.0,17,Mobile,0
T0005600,A00778,A00376,304000.0,3,Mobile,0
T0005601,A01022,A00492,749000.0,23,Internet Banking,0
T0005602,A00083,A00778,1254000.0,16,Internet Banking,0
T0005603,A00634,A00627,537000.0,22,ATM,0
T0005604,A01002,A00633,1314000.0,11,Branch,0
T0005605,A00529,A00202,1291000.0,2,Mobile,0
T0005606,A00629,A00835,487000.0,4,Mobile,0
T0005607,A00598,A01008,2241000.0,12,ATM,0
T0005608,A01089,A00381,518000.0,14,ATM,0
T0005609,A00060,A00177,14866000.0,17,ATM,0
T0005610,A01054,A00804,1064000.0,19,Internet Banking,0
T0005611,A00980,A01008,331000.0,18,Branch,0
T0005612,A00976,A00838,406000.0,14,Mobile,0
T0005613,A00495,A00321,4240000.0,0,Mobile,0
T0005614,A00620,A00187,765000.0,12,Mobile,0
T0005615,A00443,A00753,268000.0,19,Mobile,0
T0005616,A00303,A00971,3069000.0,20,ATM,0
T0005617,A01051,A00970,760000.0,20,Mobile,0
T0005618,A00608,A01185,2462000.0,0,Internet Banking,0
T0005619,A00869,A00252,3358000.0,10,Mobile,0
T0005620,A00121,A00445,1623000.0,14,Internet Banking,0
T0005621,A00947,A00524,16740000.0,5,Mobile,0
T0005622,A00791,A00897,180000.0,9,Internet Banking,0
T0005623,A01198,A00694,488000.0,2,Mobile,0
T0005624,A00161,A00694,906000.0,4,Mobile,0
T0005625,A00649,A01067,14434000.0,0,Mobile,0
T0005626,A00614,A00800,8672000.0,23,Internet Banking,0
T0005627,A00647,A00506,4952000.0,20,Internet Banking,0
T0005628,A00066,A00971,501000.0,9,Branch,0
T0005629,A00568,A00097,570000.0,0,Branch,0
T0005630,A00360,A00900,482000.0,8,Mobile,0
T0005631,A00741,A00002,507000.0,10,Mobile,0
T0005632,A00279,A01121,6198000.0,4,Mobile,0
T0005633,A00523,A01108,918000.0,15,Mobile,0
T0005634,A00745,A00420,1061000.0,23,Mobile,0
T0005635,A00077,A00056,2813000.0,20,ATM,0
T0005636,A00945,A00359,193000.0,20,Branch,0
T0005637,A00859,A00060,1272000.0,19,Mobile,0
T0005638,A00069,A00280,359000.0,1,ATM,0
T0005639,A00078,A00593,868000.0,13,ATM,0
T0005640,A01021,A01070,630000.0,13,Mobile,0
T0005641,A00340,A01088,595000.0,2,ATM,0
T0005642,A01033,A00774,1538000.0,3,Branch,0
T0005643,A00600,A00372,1531000.0,13,Branch,0
T0005644,A00411,A00950,942000.0,17,Internet Banking,0
T0005645,A00329,A00791,1804000.0,5,Mobile,0
T0005646,A00791,A00505,462000.0,11,Mobile,0
T0005647,A00132,A00557,2540000.0,1,Branch,0
T0005648,A00484,A00911,956000.0,2,Mobile,0
T0005649,A00416,A00471,705000.0,13,Mobile,0
T0005650,A00186,A00401,501000.0,13,Mobile,0
T0005651,A00424,A00268,920000.0,18,Mobile,0
T0005652,A00635,A00685,9394000.0,21,Mobile,0
T0005653,A00814,A00495,1119000.0,4,ATM,0
T0005654,A00104,A00313,341000.0,8,Internet Banking,0
T0005655,A01047,A00620,3297000.0,20,Mobile,0
T0005656,A01055,A01095,714000.0,1,Mobile,0
T0005657,A00831,A01047,1640000.0,19,Internet Banking,0
T0005658,A01110,A00371,616000.0,22,ATM,0
T0005659,A00514,A00059,4910000.0,2,Branch,0
T0005660,A00986,A00782,627000.0,3,ATM,0
T0005661,A00873,A00841,5584000.0,16,Mobile,0
T0005662,A00676,A00049,378000.0,11,ATM,0
T0005663,A00216,A01028,869000.0,23,Internet Banking,0
T0005664,A00670,A00868,5597000.0,13,Internet Banking,0
T0005665,A01082,A01150,1444000.0,15,Internet Banking,0
T0005666,A01182,A00689,14599000.0,5,Mobile,0
T0005667,A00538,A00326,892000.0,7,Mobile,0
T0005668,A00298,A00633,1592000.0,4,Internet Banking,0
T0005669,A00898,A00562,9757000.0,3,Mobile,0
T0005670,A00092,A00128,227000.0,2,Internet Banking,0
T0005671,A00182,A00783,198000.0,21,Mobile,0
T0005672,A00675,A00849,500000.0,1,Internet Banking,0
T0005673,A01189,A00017,2936000.0,12,ATM,0
T0005674,A00395,A00184,204000.0,12,Mobile,0
T0005675,A00532,A00778,2314000.0,1,Mobile,0
T0005676,A00387,A00385,2142000.0,20,Internet Banking,0
T0005677,A00529,A00943,11003000.0,12,Mobile,0
T0005678,A00009,A00082,3790000.0,3,Mobile,0
T0005679,A00714,A00213,1791000.0,3,Internet Banking,0
T0005680,A00716,A00325,5351000.0,16,Mobile,0
T0005681,A00379,A00979,2171000.0,14,Internet Banking,0
T0005682,A00317,A00850,723000.0,9,Mobile,0
T0005683,A00914,A01127,341000.0,9,Mobile,0
T0005684,A00226,A00593,641000.0,0,Mobile,0
T0005685,A00057,A00610,1148000.0,0,Branch,0
T0005686,A00049,A00805,1455000.0,12,Internet Banking,0
T0005687,A01059,A00871,115000.0,8,Mobile,0
T0005688,A00438,A00716,943000.0,6,Mobile,0
T0005689,A00123,A00934,1238000.0,9,Internet Banking,0
T0005690,A01055,A00460,2192000.0,14,Internet Banking,0
T0005691,A00179,A00928,7184000.0,7,Mobile,0
T0005692,A00405,A00929,1472000.0,8,Mobile,0
T0005693,A00025,A00860,441000.0,6,Mobile,0
T0005694,A00815,A00869,162000.0,15,Internet Banking,0
T0005695,A00840,A01106,2555000.0,1,ATM,0
T0005696,A00908,A00858,461000.0,22,Internet Banking,0
T0005697,A00316,A01172,3114000.0,13,Internet Banking,0
T0005698,A00394,A00502,5582000.0,5,Mobile,0
T0005699,A01126,A00592,220000.0,18,Internet Banking,0
T0005700,A00986,A00130,2207000.0,22,Internet Banking,0
T0005701,A00045,A00439,4974000.0,1,Mobile,0
T0005702,A00831,A00715,3681000.0,4,Branch,0
T0005703,A00976,A00853,120000.0,3,Mobile,0
T0005704,A00672,A01161,469000.0,1,Internet Banking,0
T0005705,A00768,A00474,294000.0,17,Internet Banking,0
T0005706,A00002,A00837,2134000.0,4,ATM,0
T0005707,A00037,A01125,1891000.0,9,Mobile,0
T0005708,A00043,A00788,62000.0,19,ATM,0
T0005709,A00191,A00122,862000.0,14,Mobile,0
T0005710,A01190,A00300,2895000.0,16,Mobile,0
T0005711,A00762,A00677,1412000.0,2,ATM,0
T0005712,A00939,A00453,1409000.0,23,Mobile,0
T0005713,A00355,A00319,803000.0,1,Internet Banking,0
T0005714,A01126,A00346,374000.0,17,Mobile,0
T0005715,A00239,A01123,1178000.0,15,Branch,0
T0005716,A01083,A00661,1271000.0,9,ATM,0
T0005717,A00037,A00304,2361000.0,20,Mobile,0
T0005718,A00025,A00602,2582000.0,21,ATM,0
T0005719,A00095,A00292,1319000.0,1,Mobile,0
T0005720,A00951,A00873,4002000.0,22,Internet Banking,0
T0005721,A00309,A00350,794000.0,5,ATM,0
T0005722,A00542,A00429,245000.0,18,Internet Banking,0
T0005723,A00566,A00544,2028000.0,19,Internet Banking,0
T0005724,A00948,A00306,1379000.0,13,ATM,0
T0005725,A00419,A00206,2073000.0,20,Internet Banking,0
T0005726,A00009,A00704,299000.0,19,Branch,0
T0005727,A00464,A00729,8604000.0,12,Mobile,0
T0005728,A00346,A00841,2622000.0,4,Mobile,0
T0005729,A00878,A01033,874000.0,10,ATM,0
T0005730,A00902,A00116,429000.0,21,Mobile,0
T0005731,A00111,A01119,3924000.0,4,Mobile,0
T0005732,A00952,A00678,357000.0,23,ATM,0
T0005733,A00085,A00274,14437000.0,4,Internet Banking,0
T0005734,A00744,A00646,611000.0,15,Mobile,0
T0005735,A00468,A01023,7964000.0,15,Mobile,0
T0005736,A00362,A00208,980000.0,4,Mobile,0
T0005737,A00580,A00629,6829000.0,11,Mobile,0
T0005738,A00373,A00718,535000.0,3,Mobile,0
T0005739,A00953,A00973,1225000.0,8,ATM,0
T0005740,A01161,A00681,2908000.0,23,Mobile,0
T0005741,A00979,A01191,2486000.0,1,ATM,0
T0005742,A00528,A00929,4028000.0,20,Branch,0
T0005743,A00604,A00221,702000.0,16,Mobile,0
T0005744,A00537,A00453,1317000.0,17,Branch,0
T0005745,A00953,A00468,4738000.0,6,Mobile,0
T0005746,A00663,A00299,552000.0,22,Internet Banking,0
T0005747,A00562,A01055,2253000.0,6,Branch,0
T0005748,A00492,A00151,943000.0,12,ATM,0
T0005749,A00451,A00772,1505000.0,0,Mobile,0
T0005750,A00664,A00674,1317000.0,21,Mobile,0
T0005751,A00827,A00378,504000.0,16,Mobile,1
T0005752,A00519,A00033,901000.0,3,Branch,0
T0005753,A00968,A00847,1407000.0,15,Mobile,0
T0005754,A00993,A00985,1072000.0,4,Internet Banking,0
T0005755,A00515,A01046,6769000.0,10,Mobile,0
T0005756,A01091,A00011,3645000.0,12,Mobile,0
T0005757,A00208,A00909,1651000.0,22,Mobile,0
T0005758,A01119,A00944,518000.0,7,Mobile,0
T0005759,A00353,A00632,485000.0,0,Internet Banking,0
T0005760,A00678,A00847,10522000.0,10,Mobile,0
T0005761,A00341,A00531,395000.0,22,Mobile,0
T0005762,A00531,A01163,1360000.0,19,Internet Banking,0
T0005763,A00409,A00052,1785000.0,1,Mobile,0
T0005764,A00847,A01159,852000.0,1,ATM,0
T0005765,A00098,A00686,398000.0,18,Internet Banking,0
T0005766,A01006,A00330,506000.0,17,Internet Banking,0
T0005767,A01085,A00838,658000.0,13,Mobile,0
T0005768,A00676,A00463,550000.0,2,Mobile,0
T0005769,A00657,A00128,5170000.0,6,ATM,0
T0005770,A00840,A00151,1188000.0,20,ATM,0
T0005771,A00239,A00239,674000.0,3,Mobile,0
T0005772,A00900,A00601,1350000.0,4,Mobile,0
T0005773,A00263,A00231,2502000.0,10,Mobile,0
T0005774,A00812,A00375,821000.0,17,Internet Banking,0
T0005775,A00367,A00963,3237000.0,19,Mobile,0
T0005776,A00896,A00066,296000.0,14,Branch,0
T0005777,A00950,A00190,4353000.0,11,Mobile,0
T0005778,A00251,A00392,1188000.0,9,Branch,0
T0005779,A00741,A00911,1138000.0,1,Mobile,0
T0005780,A00599,A00070,560000.0,6,Mobile,0
T0005781,A00353,A01119,311000.0,5,Mobile,0
T0005782,A00706,A01010,192000.0,1,Mobile,0
T0005783,A01192,A00086,519000.0,17,Branch,0
T0005784,A00003,A00310,2290000.0,8,Mobile,0
T0005785,A01149,A00422,417000.0,12,Mobile,0
T0005786,A01028,A01089,218000.0,4,Branch,0
T0005787,A00636,A00666,441000.0,14,Mobile,0
T0005788,A00733,A00319,786000.0,3,Mobile,0
T0005789,A00444,A00929,821000.0,16,Mobile,0
T0005790,A00155,A00435,1041000.0,17,Mobile,0
T0005791,A00686,A00184,3737000.0,7,Branch,0
T0005792,A00980,A01006,4742000.0,5,Mobile,0
T0005793,A00278,A00639,10895000.0,18,Internet Banking,0
T0005794,A00861,A00882,201000.0,5,Mobile,0
T0005795,A00898,A00045,468000.0,4,Mobile,0
T0005796,A00910,A00946,2587000.0,8,Internet Banking,0
T0005797,A00409,A01082,728000.0,23,Internet Banking,0
T0005798,A00471,A01037,3093000.0,11,Internet Banking,0
T0005799,A00500,A00622,1507000.0,6,Mobile,0
T0005800,A01026,A01121,6817000.0,12,Mobile,0
T0005801,A01081,A00340,3778000.0,8,Internet Banking,0
T0005802,A00497,A00892,3855000.0,15,Internet Banking,0
T0005803,A01164,A00108,763000.0,10,Mobile,0
T0005804,A00685,A01106,1078000.0,14,Mobile,0
T0005805,A00463,A00098,858000.0,10,ATM,0
T0005806,A00001,A00975,229000.0,11,Mobile,0
T0005807,A00734,A00101,6057000.0,10,Internet Banking,0
T0005808,A00774,A00416,2724000.0,9,Internet Banking,0
T0005809,A01163,A00004,821000.0,23,Mobile,0
T0005810,A00862,A01069,5040000.0,6,Mobile,0
T0005811,A00036,A00899,600000.0,19,Internet Banking,0
T0005812,A00681,A00546,159000.0,17,Internet Banking,0
T0005813,A00892,A01137,3634000.0,12,Branch,0
T0005814,A00596,A00974,294000.0,7,Internet Banking,0
T0005815,A00516,A00580,968000.0,11,Mobile,0
T0005816,A00972,A00205,1505000.0,20,Mobile,0
T0005817,A00734,A00370,1834000.0,4,Internet Banking,0
T0005818,A00818,A00386,3051000.0,14,Mobile,0
T0005819,A00557,A00688,2273000.0,18,ATM,0
T0005820,A00334,A00634,2197000.0,15,Mobile,0
T0005821,A00623,A01050,503000.0,3,Mobile,0
T0005822,A01151,A00521,1659000.0,12,Mobile,0
T0005823,A00724,A01102,229000.0,4,ATM,0
T0005824,A00849,A01172,6690000.0,22,Internet Banking,0
T0005825,A00149,A00709,257000.0,8,Internet Banking,0
T0005826,A01186,A00007,820000.0,10,Mobile,0
T0005827,A00294,A00476,281000.0,20,Branch,0
T0005828,A01166,A00118,537000.0,10,ATM,0
T0005829,A00535,A00899,1218000.0,4,Mobile,0
T0005830,A01103,A00293,671000.0,21,ATM,0
T0005831,A01071,A00988,4225000.0,15,Branch,0
T0005832,A00907,A01162,1540000.0,14,Mobile,0
T0005833,A01100,A00165,721000.0,1,Mobile,0
T0005834,A00732,A00624,1036000.0,10,Internet Banking,0
T0005835,A01019,A00045,4591000.0,11,Mobile,0
T0005836,A00207,A00033,3261000.0,6,ATM,0
T0005837,A00085,A00323,343000.0,13,Internet Banking,0
T0005838,A00653,A00033,568000.0,5,Mobile,0
T0005839,A00972,A00709,2023000.0,11,Mobile,0
T0005840,A00919,A01011,1770000.0,19,Internet Banking,0
T0005841,A00634,A00094,378000.0,17,Mobile,0
T0005842,A00626,A01185,2736000.0,6,Mobile,0
T0005843,A00732,A00285,450000.0,4,Mobile,0
T0005844,A01042,A01176,5036000.0,0,ATM,0
T0005845,A01011,A00969,2148000.0,8,Mobile,0
T0005846,A00132,A00405,345000.0,0,Mobile,0
T0005847,A00715,A00491,671000.0,3,ATM,0
T0005848,A00458,A01068,658000.0,23,Mobile,0
T0005849,A00960,A01030,1431000.0,20,Internet Banking,0
T0005850,A00608,A01140,959000.0,13,Mobile,0
T0005851,A01190,A00256,340000.0,18,ATM,0
T0005852,A00519,A00718,259000.0,11,Mobile,0
T0005853,A00815,A00326,2195000.0,14,Mobile,0
T0005854,A00131,A00228,1644000.0,22,Mobile,0
T0005855,A01119,A01132,1348000.0,1,Branch,0
T0005856,A00185,A00302,1616000.0,8,ATM,0
T0005857,A00455,A00956,607000.0,2,Mobile,0
T0005858,A01006,A00764,1469000.0,19,Mobile,0
T0005859,A01161,A01181,19583000.0,19,Mobile,0
T0005860,A00582,A01080,4368000.0,17,Mobile,0
T0005861,A00582,A00973,874000.0,14,Mobile,0
T0005862,A00059,A00416,675000.0,11,ATM,0
T0005863,A01175,A01019,52000.0,0,Mobile,0
T0005864,A00020,A00275,3888000.0,18,ATM,0
T0005865,A00032,A00321,2851000.0,21,Mobile,0
T0005866,A00569,A00548,660000.0,23,ATM,0
T0005867,A00005,A00282,248000.0,8,Mobile,0
T0005868,A00198,A00322,337000.0,4,Mobile,0
T0005869,A00754,A00639,1957000.0,15,ATM,0
T0005870,A00847,A00752,1088000.0,0,Mobile,0
T0005871,A00358,A00601,2568000.0,1,ATM,0
T0005872,A00955,A00654,1320000.0,19,ATM,0
T0005873,A00730,A00311,3476000.0,22,Branch,0
T0005874,A00274,A00448,1802000.0,9,ATM,0
T0005875,A00855,A00968,2986000.0,12,Mobile,0
T0005876,A00711,A00225,120000.0,13,Mobile,0
T0005877,A00975,A00826,309000.0,3,Internet Banking,0
T0005878,A00186,A01065,804000.0,5,Mobile,0
T0005879,A00278,A00320,3935000.0,7,Internet Banking,0
T0005880,A00365,A00873,9496000.0,20,Mobile,0
T0005881,A00410,A00328,1002000.0,10,Internet Banking,0
T0005882,A01067,A00499,612000.0,17,Mobile,0
T0005883,A00880,A00040,140000.0,4,Mobile,0
T0005884,A00653,A00009,3103000.0,22,Branch,0
T0005885,A00649,A00061,655000.0,21,ATM,0
T0005886,A01064,A00060,31078000.0,11,Mobile,0
T0005887,A00537,A01101,532000.0,5,Mobile,0
T0005888,A00271,A00309,12160000.0,23,Internet Banking,0
T0005889,A00165,A00621,2733000.0,19,Mobile,0
T0005890,A00397,A01167,387000.0,12,Internet Banking,0
T0005891,A00784,A00533,1549000.0,6,ATM,0
T0005892,A00566,A00508,2803000.0,14,Mobile,0
T0005893,A00507,A00930,937000.0,8,Mobile,0
T0005894,A00577,A00459,3017000.0,16,Mobile,0
T0005895,A01170,A00861,2944000.0,19,Mobile,0
T0005896,A01198,A00181,2312000.0,11,Internet Banking,0
T0005897,A00194,A00500,1178000.0,1,Mobile,0
T0005898,A00138,A01121,330000.0,13,Branch,0
T0005899,A00294,A00190,1103000.0,20,Internet Banking,0
T0005900,A01023,A00351,1456000.0,5,Mobile,0
T0005901,A00552,A01176,152000.0,23,Internet Banking,0
T0005902,A01037,A01176,1446000.0,8,Mobile,0
T0005903,A00777,A00285,1079000.0,16,Mobile,0
T0005904,A00664,A01124,288000.0,16,Internet Banking,0
T0005905,A00338,A00573,832000.0,4,Mobile,0
T0005906,A00413,A00443,852000.0,0,Mobile,0
T0005907,A00178,A00674,10028000.0,22,Mobile,0
T0005908,A00624,A00516,1529000.0,16,Mobile,0
T0005909,A00337,A00048,3751000.0,15,Internet Banking,0
T0005910,A00351,A00151,1054000.0,7,Branch,0
T0005911,A00048,A01080,153000.0,2,Internet Banking,0
T0005912,A00959,A00460,2514000.0,6,Branch,0
T0005913,A01128,A00380,582000.0,13,Internet Banking,0
T0005914,A00598,A01029,830000.0,16,Mobile,0
T0005915,A00644,A01069,377000.0,7,ATM,0
T0005916,A01112,A00169,1300000.0,5,Mobile,0
T0005917,A00614,A01134,3873000.0,5,Mobile,0
T0005918,A00748,A00450,3348000.0,23,Branch,0
T0005919,A00514,A00654,6870000.0,15,Internet Banking,0
T0005920,A00618,A00488,8029000.0,23,Branch,0
T0005921,A00627,A00530,126000.0,0,Mobile,0
T0005922,A00854,A00205,323000.0,10,ATM,0
T0005923,A00726,A00620,164000.0,10,Mobile,0
T0005924,A00605,A00090,2405000.0,9,Mobile,0
T0005925,A00092,A00084,560000.0,9,ATM,0
T0005926,A01086,A00459,701000.0,1,Mobile,0
T0005927,A01066,A00173,946000.0,0,Internet Banking,0
T0005928,A00222,A00075,1828000.0,18,ATM,0
T0005929,A00352,A00902,234000.0,10,ATM,0
T0005930,A01169,A00441,300000.0,3,Mobile,0
T0005931,A00386,A01005,1202000.0,8,Mobile,0
T0005932,A00975,A00973,4486000.0,22,Branch,0
T0005933,A00943,A01150,1167000.0,11,Internet Banking,0
T0005934,A01033,A00864,502000.0,23,Mobile,0
T0005935,A00020,A00627,113000.0,3,Mobile,0
T0005936,A00580,A00863,3422000.0,2,Mobile,0
T0005937,A00679,A00011,534000.0,13,Branch,0
T0005938,A01005,A00834,340000.0,16,Mobile,0
T0005939,A00270,A01196,182000.0,23,ATM,0
T0005940,A00369,A00899,246000.0,11,Mobile,0
T0005941,A00216,A00111,417000.0,4,Mobile,0
T0005942,A00915,A00799,923000.0,12,Internet Banking,0
T0005943,A01199,A00939,317000.0,7,ATM,0
T0005944,A00169,A00261,1472000.0,4,Mobile,0
T0005945,A00280,A00735,915000.0,2,Mobile,0
T0005946,A00369,A00365,13825000.0,17,Internet Banking,0
T0005947,A01067,A00478,184000.0,15,Mobile,0
T0005948,A00535,A00803,1433000.0,3,Mobile,0
T0005949,A00339,A00300,1453000.0,13,Internet Banking,0
T0005950,A00387,A00956,386000.0,21,Mobile,0
T0005951,A00718,A00474,1333000.0,19,Internet Banking,0
T0005952,A00465,A00821,2798000.0,10,Mobile,0
T0005953,A00169,A00978,1334000.0,1,Internet Banking,0
T0005954,A00985,A00672,5503000.0,15,ATM,0
T0005955,A00507,A00308,109000.0,12,ATM,0
T0005956,A00309,A00483,475000.0,22,Internet Banking,0
T0005957,A00875,A01071,6079000.0,13,Internet Banking,0
T0005958,A00895,A00075,3272000.0,17,Mobile,0
T0005959,A00187,A00172,2175000.0,12,Mobile,0
T0005960,A00089,A01148,4659000.0,12,Mobile,0
T0005961,A00055,A00911,146000.0,7,Internet Banking,0
T0005962,A00919,A00971,2879000.0,9,Mobile,0
T0005963,A00751,A00305,3870000.0,7,Mobile,0
T0005964,A00951,A01007,581000.0,11,Internet Banking,0
T0005965,A00752,A00473,21639000.0,22,Internet Banking,0
T0005966,A00483,A01028,1489000.0,8,Mobile,0
T0005967,A00708,A01003,108000.0,11,Mobile,0
T0005968,A00867,A00551,1825000.0,22,Internet Banking,0
T0005969,A00479,A00494,544000.0,3,Branch,0
T0005970,A01099,A00760,4322000.0,6,Internet Banking,0
T0005971,A01080,A00146,2193000.0,11,Mobile,0
T0005972,A00961,A00909,622000.0,9,ATM,0
T0005973,A01191,A00942,6265000.0,8,Mobile,0
T0005974,A00469,A00635,3373000.0,18,Mobile,0
T0005975,A00137,A00984,483000.0,11,Mobile,0
T0005976,A00582,A00517,1015000.0,8,Mobile,0
T0005977,A00896,A00140,2119000.0,11,Internet Banking,0
T0005978,A00936,A00218,804000.0,21,Internet Banking,0
T0005979,A00467,A00884,831000.0,23,ATM,0
T0005980,A00352,A00394,1249000.0,5,Internet Banking,0
T0005981,A00535,A01161,372000.0,0,Mobile,0
T0005982,A00965,A00286,103000.0,0,Internet Banking,0
T0005983,A00073,A00923,1561000.0,10,Internet Banking,0
T0005984,A00394,A00782,135000.0,15,Internet Banking,0
T0005985,A00276,A00644,403000.0,1,Mobile,0
T0005986,A00968,A01005,171000.0,12,Internet Banking,0
T0005987,A00564,A00510,196000.0,9,Internet Banking,0
T0005988,A00105,A00923,1918000.0,22,Mobile,0
T0005989,A00315,A01094,940000.0,14,ATM,0
T0005990,A00054,A00205,903000.0,10,Mobile,0
T0005991,A00571,A00274,282000.0,14,Mobile,0
T0005992,A01198,A00195,583000.0,3,Internet Banking,0
T0005993,A00681,A00312,1816000.0,11,ATM,0
T0005994,A01044,A00630,1133000.0,7,Internet Banking,0
T0005995,A00892,A00676,2966000.0,4,Mobile,1
T0005996,A01060,A00403,3469000.0,9,Branch,0
T0005997,A00374,A00095,909000.0,15,Mobile,0
T0005998,A01142,A01191,156000.0,13,Mobile,0
T0005999,A00287,A00940,522000.0,23,Internet Banking,0
T0006000,A00526,A00855,1078000.0,6,Mobile,0
T0006001,A00818,A01005,511000.0,16,Internet Banking,0
T0006002,A00345,A00408,376000.0,13,Branch,0
T0006003,A00318,A01194,1296000.0,20,Mobile,0
T0006004,A00157,A00308,17386000.0,21,Mobile,0
T0006005,A00006,A00963,701000.0,16,Mobile,0
T0006006,A00602,A00602,1196000.0,10,Internet Banking,0
T0006007,A01185,A01022,283000.0,12,Internet Banking,0
T0006008,A00265,A00075,4712000.0,15,Branch,0
T0006009,A00529,A00957,3141000.0,19,Internet Banking,0
T0006010,A01123,A00325,2911000.0,5,Branch,0
T0006011,A00927,A01000,5355000.0,20,Mobile,0
T0006012,A00005,A00054,750000.0,19,Mobile,0
T0006013,A00601,A01145,860000.0,2,Mobile,0
T0006014,A00172,A00770,7871000.0,6,ATM,0
T0006015,A00297,A01004,2407000.0,5,Mobile,0
T0006016,A00296,A00682,104000.0,13,Mobile,0
T0006017,A00735,A00190,1979000.0,5,Mobile,0
T0006018,A00239,A00952,633000.0,7,Mobile,0
T0006019,A00303,A00369,3223000.0,4,Internet Banking,0
T0006020,A00271,A00177,1880000.0,1,ATM,0
T0006021,A00429,A01118,177000.0,11,Mobile,0
T0006022,A00788,A00866,1613000.0,7,Internet Banking,0
T0006023,A00480,A00677,1513000.0,12,Mobile,0
T0006024,A00394,A00702,1790000.0,5,Mobile,0
T0006025,A00622,A00214,2260000.0,6,Mobile,0
T0006026,A00739,A00815,6221000.0,21,Internet Banking,0
T0006027,A00019,A00477,1892000.0,19,Internet Banking,0
T0006028,A01069,A00960,1231000.0,6,Internet Banking,0
T0006029,A01100,A00933,4242000.0,3,ATM,0
T0006030,A00724,A00580,14145000.0,23,Mobile,0
T0006031,A00690,A00716,3283000.0,16,Internet Banking,0
T0006032,A00834,A01076,1506000.0,11,Internet Banking,0
T0006033,A00530,A00936,1931000.0,16,Mobile,0
T0006034,A00439,A00887,1590000.0,5,Mobile,0
T0006035,A00424,A00931,1225000.0,10,Mobile,0
T0006036,A00192,A00829,12988000.0,9,Mobile,0
T0006037,A01010,A01064,526000.0,17,Mobile,0
T0006038,A00385,A00276,4275000.0,4,Mobile,0
T0006039,A00342,A00353,1045000.0,11,Branch,0
T0006040,A01158,A00220,235000.0,20,ATM,0
T0006041,A00609,A00917,975000.0,4,Internet Banking,0
T0006042,A00747,A00479,658000.0,2,Internet Banking,0
T0006043,A00295,A00772,2265000.0,19,Branch,0
T0006044,A00334,A00089,1327000.0,20,Mobile,0
T0006045,A00875,A00351,390000.0,10,Internet Banking,0
T0006046,A00542,A00369,6052000.0,1,Internet Banking,0
T0006047,A00178,A00418,3981000.0,12,Branch,0
T0006048,A01003,A01043,6869000.0,7,ATM,0
T0006049,A00484,A00867,1557000.0,14,Mobile,0
T0006050,A00803,A00034,1154000.0,3,Internet Banking,0
T0006051,A00410,A00773,2602000.0,19,Mobile,0
T0006052,A00673,A01198,636000.0,16,Mobile,0
T0006053,A00931,A01053,1385000.0,15,Internet Banking,0
T0006054,A01063,A00874,989000.0,12,Internet Banking,0
T0006055,A00249,A00962,241000.0,5,Mobile,0
T0006056,A00807,A00456,1381000.0,22,Mobile,0
T0006057,A01098,A01013,739000.0,6,Internet Banking,0
T0006058,A00772,A01022,919000.0,8,Mobile,0
T0006059,A00172,A00522,1790000.0,22,ATM,0
T0006060,A00228,A00366,4865000.0,0,Mobile,0
T0006061,A00244,A00458,472000.0,3,Internet Banking,0
T0006062,A00128,A00149,829000.0,18,Mobile,0
T0006063,A00905,A00519,517000.0,8,Branch,0
T0006064,A01159,A00799,481000.0,13,Branch,0
T0006065,A00621,A01125,624000.0,13,Mobile,0
T0006066,A00719,A00157,967000.0,19,Internet Banking,0
T0006067,A00929,A00453,2286000.0,14,ATM,0
T0006068,A00499,A00722,1707000.0,10,Mobile,0
T0006069,A00567,A00664,375000.0,13,Internet Banking,0
T0006070,A00707,A00372,4982000.0,17,ATM,0
T0006071,A00366,A00555,3391000.0,9,Internet Banking,0
T0006072,A00075,A00813,445000.0,4,Branch,0
T0006073,A00682,A00680,4613000.0,11,Mobile,0
T0006074,A00987,A00996,1719000.0,23,Branch,0
T0006075,A00088,A00039,1010000.0,2,Branch,0
T0006076,A00260,A00446,1779000.0,4,Mobile,0
T0006077,A00316,A00490,1166000.0,23,Mobile,0
T0006078,A00966,A00854,2186000.0,19,Internet Banking,0
T0006079,A00606,A00964,1475000.0,2,ATM,0
T0006080,A00642,A00188,828000.0,5,Mobile,1
T0006081,A00775,A00723,129000.0,16,Mobile,0
T0006082,A00332,A00507,2143000.0,18,ATM,0
T0006083,A00857,A00404,796000.0,17,Mobile,0
T0006084,A00037,A00856,2824000.0,20,Internet Banking,0
T0006085,A00137,A00299,2038000.0,12,Internet Banking,0
T0006086,A00980,A00919,819000.0,21,Branch,0
T0006087,A00790,A00518,3697000.0,14,Mobile,0
T0006088,A00212,A00114,1503000.0,11,Branch,0
T0006089,A00527,A00851,1437000.0,15,Internet Banking,0
T0006090,A00063,A00094,1031000.0,10,Branch,0
T0006091,A00807,A00351,7646000.0,14,Mobile,0
T0006092,A00908,A00072,548000.0,20,Internet Banking,0
T0006093,A00335,A00178,841000.0,22,ATM,0
T0006094,A00421,A00691,308000.0,13,ATM,0
T0006095,A00285,A00420,2669000.0,0,Mobile,0
T0006096,A00468,A00917,633000.0,14,Mobile,0
T0006097,A00327,A00423,716000.0,6,Mobile,0
T0006098,A00297,A01150,680000.0,5,Mobile,0
T0006099,A00517,A01154,1286000.0,21,Internet Banking,0
T0006100,A01032,A00072,303000.0,10,Branch,0
T0006101,A00916,A00252,102000.0,18,Internet Banking,0
T0006102,A00357,A00171,1985000.0,8,Mobile,0
T0006103,A01132,A00097,117000.0,14,Mobile,0
T0006104,A00253,A00882,3071000.0,15,Mobile,0
T0006105,A01093,A00035,6664000.0,21,Mobile,0
T0006106,A00372,A01200,1002000.0,4,ATM,0
T0006107,A00649,A01007,5012000.0,13,Mobile,0
T0006108,A00244,A00695,1168000.0,9,Mobile,0
T0006109,A00915,A01092,6969000.0,11,Internet Banking,0
T0006110,A00382,A00971,726000.0,20,Mobile,0
T0006111,A01048,A00172,89000.0,3,Mobile,0
T0006112,A00100,A00674,1099000.0,13,Internet Banking,0
T0006113,A00603,A00453,7854000.0,9,Mobile,0
T0006114,A00191,A00312,2161000.0,21,Internet Banking,0
T0006115,A01067,A01037,681000.0,5,Mobile,0
T0006116,A00501,A00273,1723000.0,5,Internet Banking,0
T0006117,A00810,A00542,3492000.0,2,Mobile,0
T0006118,A01056,A00232,1092000.0,10,Mobile,0
T0006119,A00643,A00151,21571000.0,0,Internet Banking,0
T0006120,A00069,A00848,679000.0,12,Mobile,0
T0006121,A00265,A01191,3615000.0,5,Mobile,0
T0006122,A00256,A00704,2774000.0,9,Mobile,0
T0006123,A01098,A00423,556000.0,14,Mobile,0
T0006124,A01091,A00406,752000.0,16,Mobile,0
T0006125,A00573,A00632,3677000.0,1,Branch,0
T0006126,A01069,A00685,1407000.0,3,Mobile,0
T0006127,A00296,A00034,1741000.0,7,Internet Banking,0
T0006128,A00816,A00958,198000.0,12,Mobile,0
T0006129,A00471,A01183,2469000.0,21,Mobile,0
T0006130,A00289,A01119,1646000.0,3,ATM,0
T0006131,A00301,A00068,1119000.0,1,Internet Banking,0
T0006132,A00504,A00501,1785000.0,15,Branch,0
T0006133,A00408,A00033,765000.0,23,Mobile,0
T0006134,A00254,A00419,626000.0,19,Mobile,0
T0006135,A00401,A01056,920000.0,13,Internet Banking,0
T0006136,A00155,A00237,720000.0,0,Mobile,0
T0006137,A01164,A00803,13209000.0,13,Mobile,0
T0006138,A00456,A00629,3272000.0,10,Mobile,0
T0006139,A00129,A00344,414000.0,10,Mobile,0
T0006140,A00691,A00027,11271000.0,11,ATM,0
T0006141,A01060,A00281,745000.0,13,ATM,0
T0006142,A00432,A00605,1240000.0,17,Internet Banking,0
T0006143,A01015,A00876,3220000.0,4,Mobile,0
T0006144,A00733,A00609,137000.0,1,ATM,0
T0006145,A00888,A00704,925000.0,1,Internet Banking,0
T0006146,A00356,A00883,639000.0,9,ATM,0
T0006147,A00045,A00542,1504000.0,12,Internet Banking,0
T0006148,A00416,A00780,1803000.0,18,Branch,0
T0006149,A01110,A00397,1102000.0,10,Mobile,0
T0006150,A00949,A00431,1047000.0,12,Internet Banking,0
T0006151,A00941,A00191,3873000.0,23,ATM,0
T0006152,A01054,A00409,1672000.0,17,ATM,0
T0006153,A00448,A00433,1256000.0,16,Branch,0
T0006154,A00387,A00139,1412000.0,8,Mobile,0
T0006155,A01111,A01059,9041000.0,3,Internet Banking,0
T0006156,A00686,A01168,1451000.0,22,Mobile,0
T0006157,A00358,A00358,681000.0,13,Internet Banking,0
T0006158,A00334,A01107,147000.0,1,Mobile,0
T0006159,A01053,A00629,248000.0,11,Mobile,0
T0006160,A00065,A00391,718000.0,2,Branch,0
T0006161,A00075,A00536,1065000.0,23,ATM,0
T0006162,A00886,A00318,651000.0,12,Mobile,0
T0006163,A00002,A01009,1766000.0,18,Mobile,0
T0006164,A00206,A00524,642000.0,11,Mobile,0
T0006165,A01189,A00995,439000.0,0,Mobile,0
T0006166,A00511,A00683,2354000.0,15,Mobile,0
T0006167,A00874,A00449,5412000.0,15,Branch,0
T0006168,A00585,A00373,355000.0,5,Mobile,0
T0006169,A00109,A00073,1569000.0,17,Mobile,0
T0006170,A00222,A00081,148000.0,5,Internet Banking,0
T0006171,A00914,A00046,237000.0,16,Mobile,0
T0006172,A00114,A00114,628000.0,17,Mobile,0
T0006173,A00714,A01195,4182000.0,3,Mobile,0
T0006174,A00418,A00313,510000.0,7,Mobile,0
T0006175,A00445,A00116,489000.0,3,Internet Banking,0
T0006176,A01143,A00438,1249000.0,17,Internet Banking,0
T0006177,A00728,A00390,1250000.0,5,Mobile,0
T0006178,A00739,A00196,506000.0,15,ATM,0
T0006179,A00421,A00081,10667000.0,10,Branch,0
T0006180,A00458,A00900,896000.0,1,ATM,0
T0006181,A00823,A00421,1360000.0,21,Branch,0
T0006182,A00047,A00632,771000.0,17,Branch,0
T0006183,A00285,A00572,1947000.0,6,ATM,0
T0006184,A00721,A00326,4668000.0,21,Mobile,0
T0006185,A00749,A00831,7481000.0,17,Mobile,0
T0006186,A00111,A00665,519000.0,19,Internet Banking,0
T0006187,A00946,A00080,4028000.0,4,ATM,0
T0006188,A00652,A00592,2197000.0,0,ATM,0
T0006189,A00286,A00468,3505000.0,1,Internet Banking,0
T0006190,A00903,A00626,1085000.0,12,ATM,0
T0006191,A01190,A01180,977000.0,18,Internet Banking,0
T0006192,A00509,A01060,3359000.0,21,Internet Banking,0
T0006193,A00341,A00026,3430000.0,23,Mobile,0
T0006194,A00360,A00157,6717000.0,14,Mobile,0
T0006195,A00712,A00917,1493000.0,15,Mobile,0
T0006196,A00057,A01061,1067000.0,6,Mobile,0
T0006197,A00581,A00306,80000.0,0,Internet Banking,0
T0006198,A00030,A01153,204000.0,4,Mobile,0
T0006199,A00047,A00941,778000.0,1,Branch,0
T0006200,A00517,A00832,357000.0,16,Mobile,0
T0006201,A00895,A00109,2938000.0,12,Internet Banking,0
T0006202,A01061,A00860,284000.0,18,Mobile,0
T0006203,A00106,A00418,691000.0,3,ATM,0
T0006204,A00293,A00797,722000.0,21,Mobile,0
T0006205,A00506,A01055,4516000.0,17,Internet Banking,0
T0006206,A00689,A00124,615000.0,21,Internet Banking,0
T0006207,A01185,A00647,1974000.0,15,Internet Banking,0
T0006208,A00822,A01118,1488000.0,8,Internet Banking,0
T0006209,A00647,A01051,3241000.0,15,Internet Banking,0
T0006210,A00073,A00728,3057000.0,14,ATM,0
T0006211,A00097,A01198,1157000.0,4,Mobile,0
T0006212,A00184,A00483,186000.0,2,Branch,0
T0006213,A00793,A01002,930000.0,15,Mobile,0
T0006214,A00398,A00653,1174000.0,2,Mobile,0
T0006215,A00290,A00621,1644000.0,2,Mobile,0
T0006216,A00805,A00049,533000.0,1,Mobile,0
T0006217,A00979,A01077,4209000.0,14,Mobile,0
T0006218,A00527,A01088,1218000.0,22,ATM,0
T0006219,A01059,A00485,436000.0,11,Internet Banking,0
T0006220,A00882,A00749,725000.0,3,Branch,0
T0006221,A00860,A00691,10011000.0,12,Mobile,0
T0006222,A01042,A00618,2492000.0,11,Internet Banking,0
T0006223,A00221,A01176,3802000.0,14,Mobile,0
T0006224,A00911,A00945,382000.0,10,Mobile,0
T0006225,A01150,A00668,562000.0,12,Mobile,0
T0006226,A01191,A01030,567000.0,7,Internet Banking,0
T0006227,A00694,A01175,1470000.0,21,Internet Banking,0
T0006228,A00906,A00866,991000.0,12,Mobile,0
T0006229,A01067,A00651,700000.0,7,Mobile,0
T0006230,A01023,A00740,804000.0,0,Mobile,0
T0006231,A01078,A01043,501000.0,16,Mobile,0
T0006232,A00999,A00926,985000.0,9,Internet Banking,0
T0006233,A00458,A01093,4083000.0,5,Internet Banking,0
T0006234,A00877,A01084,227000.0,11,ATM,0
T0006235,A00493,A01078,1757000.0,11,Branch,0
T0006236,A00963,A00835,5476000.0,19,Mobile,0
T0006237,A00973,A01113,981000.0,13,Branch,0
T0006238,A01122,A00977,671000.0,16,ATM,0
T0006239,A00706,A00226,3317000.0,15,Mobile,0
T0006240,A00571,A00235,406000.0,20,ATM,0
T0006241,A00199,A00521,1170000.0,0,Mobile,0
T0006242,A00766,A00559,382000.0,9,Internet Banking,0
T0006243,A00680,A00530,153000.0,17,Internet Banking,0
T0006244,A00618,A00238,1015000.0,3,ATM,0
T0006245,A00812,A00835,299000.0,10,ATM,0
T0006246,A01022,A00801,1185000.0,9,ATM,0
T0006247,A00179,A00297,4091000.0,19,Mobile,0
T0006248,A00518,A00575,9226000.0,23,Branch,0
T0006249,A00867,A00101,1330000.0,2,Internet Banking,0
T0006250,A00984,A00880,3682000.0,5,ATM,0
T0006251,A00935,A00847,1861000.0,18,ATM,0
T0006252,A00960,A00127,787000.0,4,Mobile,0
T0006253,A01027,A01019,144000.0,11,Mobile,0
T0006254,A01155,A00033,7181000.0,22,ATM,0
T0006255,A00730,A00850,378000.0,23,Branch,0
T0006256,A00299,A00384,5492000.0,22,ATM,0
T0006257,A00677,A01024,2166000.0,3,Mobile,0
T0006258,A00852,A00990,410000.0,3,Mobile,0
T0006259,A00121,A00939,1691000.0,4,Internet Banking,0
T0006260,A00909,A00909,12535000.0,18,Mobile,0
T0006261,A00654,A01152,6498000.0,4,ATM,0
T0006262,A01124,A00364,683000.0,10,Internet Banking,0
T0006263,A00255,A00520,548000.0,19,Mobile,0
T0006264,A01089,A00123,1340000.0,11,Mobile,0
T0006265,A00538,A00923,1000000.0,22,Branch,0
T0006266,A00689,A00030,4491000.0,11,Internet Banking,0
T0006267,A00793,A01149,2707000.0,9,Mobile,0
T0006268,A00695,A00449,187000.0,23,Internet Banking,0
T0006269,A01085,A00925,1987000.0,13,Mobile,0
T0006270,A00201,A00379,985000.0,4,Mobile,0
T0006271,A00876,A01161,1250000.0,15,Internet Banking,0
T0006272,A01170,A00939,1578000.0,18,Mobile,0
T0006273,A00265,A01146,4486000.0,20,Mobile,0
T0006274,A00307,A00438,3518000.0,0,Mobile,0
T0006275,A00571,A00635,526000.0,2,Mobile,0
T0006276,A00870,A00369,1125000.0,15,Internet Banking,0
T0006277,A01151,A01017,733000.0,17,Internet Banking,0
T0006278,A00955,A00149,189000.0,15,Mobile,0
T0006279,A00953,A00900,1064000.0,9,Mobile,0
T0006280,A00530,A00145,9130000.0,18,ATM,0
T0006281,A00775,A01144,183000.0,13,Branch,0
T0006282,A00254,A00683,1169000.0,22,Mobile,0
T0006283,A00556,A00893,1128000.0,8,Mobile,0
T0006284,A00227,A00348,1647000.0,18,Branch,0
T0006285,A00033,A00556,416000.0,3,Mobile,0
T0006286,A01028,A00450,250000.0,17,Branch,0
T0006287,A00966,A00804,263000.0,17,ATM,0
T0006288,A00613,A00985,5188000.0,6,Mobile,0
T0006289,A00018,A00678,407000.0,1,Mobile,0
T0006290,A00109,A00559,693000.0,23,Branch,0
T0006291,A00135,A00028,12151000.0,1,Mobile,0
T0006292,A00861,A00466,535000.0,11,Internet Banking,0
T0006293,A00245,A00171,1749000.0,0,Mobile,0
T0006294,A00301,A01055,3867000.0,10,Internet Banking,0
T0006295,A01034,A00216,3668000.0,19,ATM,0
T0006296,A01052,A00237,277000.0,12,Internet Banking,0
T0006297,A00916,A01017,548000.0,5,Mobile,0
T0006298,A00372,A00786,1674000.0,9,Internet Banking,0
T0006299,A00696,A00039,10017000.0,2,Internet Banking,0
T0006300,A00241,A01005,519000.0,14,Mobile,0
T0006301,A01030,A00740,697000.0,0,ATM,0
T0006302,A00102,A00230,1904000.0,8,Internet Banking,0
T0006303,A00894,A00649,2373000.0,1,Mobile,0
T0006304,A00614,A00617,2536000.0,5,Branch,0
T0006305,A00909,A01191,473000.0,1,Mobile,0
T0006306,A00541,A00471,668000.0,22,Mobile,0
T0006307,A00190,A00428,1521000.0,18,Mobile,0
T0006308,A00902,A00734,4811000.0,22,Mobile,0
T0006309,A00758,A00687,923000.0,16,Mobile,0
T0006310,A00558,A00646,1171000.0,11,Mobile,0
T0006311,A00448,A01143,388000.0,4,ATM,0
T0006312,A00413,A00136,9317000.0,23,Internet Banking,0
T0006313,A00578,A00706,1422000.0,22,Mobile,0
T0006314,A00314,A00595,3927000.0,9,Internet Banking,0
T0006315,A00339,A00474,1240000.0,5,Internet Banking,0
T0006316,A00334,A00766,1318000.0,9,Internet Banking,0
T0006317,A00016,A00639,230000.0,9,Branch,0
T0006318,A01114,A00855,113000.0,22,Mobile,0
T0006319,A00284,A00506,4756000.0,1,Mobile,0
T0006320,A00199,A00687,1308000.0,15,Mobile,0
T0006321,A00182,A00350,1506000.0,18,Mobile,0
T0006322,A01186,A01061,304000.0,18,Mobile,0
T0006323,A00573,A00346,444000.0,4,Mobile,0
T0006324,A00393,A01168,3861000.0,9,Internet Banking,0
T0006325,A00485,A01117,8137000.0,8,Branch,0
T0006326,A00107,A00657,606000.0,9,ATM,0
T0006327,A00377,A00252,2512000.0,2,Internet Banking,0
T0006328,A00299,A00027,1479000.0,1,Internet Banking,0
T0006329,A00964,A00909,1051000.0,0,Internet Banking,0
T0006330,A00071,A00692,9203000.0,23,Mobile,0
T0006331,A00511,A00185,729000.0,10,Mobile,0
T0006332,A00949,A00797,4698000.0,5,Mobile,0
T0006333,A01001,A00103,1826000.0,19,Mobile,0
T0006334,A00616,A00385,1178000.0,11,Internet Banking,0
T0006335,A00268,A00393,5428000.0,8,Mobile,0
T0006336,A00405,A00405,1651000.0,2,Mobile,0
T0006337,A00267,A00438,1079000.0,9,Mobile,0
T0006338,A00795,A00205,5472000.0,15,ATM,0
T0006339,A00352,A01136,4742000.0,14,Mobile,0
T0006340,A00757,A00430,4502000.0,9,Mobile,0
T0006341,A00787,A01190,50000.0,14,Mobile,0
T0006342,A01128,A01033,1947000.0,18,Mobile,0
T0006343,A00445,A00711,1515000.0,22,ATM,0
T0006344,A01154,A00492,1155000.0,12,Mobile,0
T0006345,A00481,A00413,2347000.0,5,Mobile,0
T0006346,A00817,A00848,1598000.0,3,Branch,0
T0006347,A00794,A00103,2529000.0,3,Mobile,0
T0006348,A00982,A00711,894000.0,0,Internet Banking,0
T0006349,A00563,A01015,6236000.0,13,Internet Banking,0
T0006350,A00951,A00256,2827000.0,5,Mobile,0
T0006351,A00427,A00279,2180000.0,5,Mobile,0
T0006352,A00590,A00650,2066000.0,17,Mobile,0
T0006353,A00600,A00920,4286000.0,7,Mobile,0
T0006354,A00846,A00898,3692000.0,19,Mobile,0
T0006355,A00743,A00192,1060000.0,3,Internet Banking,0
T0006356,A00094,A00789,3567000.0,8,Mobile,0
T0006357,A00971,A00642,1453000.0,1,Mobile,0
T0006358,A00910,A00735,9884000.0,12,Internet Banking,0
T0006359,A00126,A00351,4014000.0,2,Mobile,0
T0006360,A01155,A00353,603000.0,5,Internet Banking,0
T0006361,A00793,A00193,15582000.0,17,Mobile,0
T0006362,A00102,A00863,119000.0,21,Internet Banking,0
T0006363,A00590,A00904,2419000.0,13,ATM,0
T0006364,A01004,A00492,558000.0,23,Internet Banking,0
T0006365,A00336,A00489,9514000.0,18,ATM,0
T0006366,A01120,A00214,1585000.0,18,Mobile,0
T0006367,A00503,A00925,501000.0,23,Mobile,0
T0006368,A00272,A00439,895000.0,2,Mobile,0
T0006369,A00428,A00177,547000.0,5,Mobile,0
T0006370,A00630,A00614,857000.0,10,ATM,0
T0006371,A00826,A00213,836000.0,14,Mobile,0
T0006372,A01114,A00271,525000.0,23,Mobile,0
T0006373,A00234,A00418,1615000.0,2,ATM,0
T0006374,A01153,A00957,1845000.0,5,Mobile,0
T0006375,A00634,A00139,401000.0,7,Internet Banking,0
T0006376,A00154,A00209,194000.0,16,Mobile,0
T0006377,A01112,A00564,1689000.0,22,Branch,0
T0006378,A00419,A00216,2154000.0,22,Mobile,0
T0006379,A00745,A01039,2679000.0,17,Internet Banking,0
T0006380,A00838,A00225,2200000.0,18,Internet Banking,0
T0006381,A00017,A00225,6769000.0,9,Branch,1
T0006382,A00266,A00029,3593000.0,14,Branch,0
T0006383,A00824,A00246,22877000.0,4,ATM,0
T0006384,A00390,A00321,36344000.0,12,Mobile,0
T0006385,A00012,A00969,173000.0,7,Mobile,0
T0006386,A00028,A00995,107000.0,22,ATM,0
T0006387,A00992,A01164,1190000.0,8,Internet Banking,0
T0006388,A00185,A00547,2090000.0,9,ATM,0
T0006389,A00121,A00645,1104000.0,9,ATM,0
T0006390,A00675,A00782,2602000.0,21,Mobile,0
T0006391,A00143,A00216,891000.0,22,Mobile,0
T0006392,A00784,A00087,559000.0,10,Mobile,0
T0006393,A00653,A00770,660000.0,23,Internet Banking,0
T0006394,A00779,A00143,963000.0,18,Mobile,0
T0006395,A00590,A00304,3035000.0,20,Mobile,0
T0006396,A00935,A00109,703000.0,21,Internet Banking,0
T0006397,A00774,A00878,873000.0,7,Mobile,0
T0006398,A00499,A00914,2247000.0,13,Mobile,0
T0006399,A00019,A00479,964000.0,6,Mobile,0
T0006400,A00329,A00772,4099000.0,7,Internet Banking,0
T0006401,A00158,A00253,436000.0,11,Mobile,0
T0006402,A00019,A00548,344000.0,1,Internet Banking,0
T0006403,A00328,A00902,1678000.0,5,ATM,0
T0006404,A00248,A00979,1872000.0,19,Internet Banking,0
T0006405,A00093,A00396,463000.0,3,Branch,0
T0006406,A00375,A00517,5261000.0,14,Mobile,0
T0006407,A00608,A01113,9972000.0,18,Mobile,0
T0006408,A00214,A00298,602000.0,6,Mobile,0
T0006409,A00328,A00409,6162000.0,10,Internet Banking,0
T0006410,A00025,A00105,87000.0,21,Mobile,0
T0006411,A00061,A00577,3920000.0,20,Branch,0
T0006412,A00189,A00543,467000.0,22,Internet Banking,0
T0006413,A00544,A00635,3511000.0,15,ATM,0
T0006414,A00800,A00186,417000.0,21,Mobile,0
T0006415,A00947,A00401,1113000.0,9,Internet Banking,0
T0006416,A00756,A00500,492000.0,14,Mobile,0
T0006417,A00741,A00084,948000.0,16,Internet Banking,0
T0006418,A01123,A00152,8982000.0,23,ATM,0
T0006419,A00307,A00205,1066000.0,8,Mobile,0
T0006420,A00958,A00474,12227000.0,20,ATM,0
T0006421,A01125,A00278,785000.0,12,Internet Banking,0
T0006422,A00682,A00682,6192000.0,2,Internet Banking,1
T0006423,A01009,A00671,201000.0,15,Mobile,0
T0006424,A00166,A00320,876000.0,23,Mobile,0
T0006425,A01055,A00887,665000.0,10,Mobile,0
T0006426,A00677,A00484,6513000.0,13,Internet Banking,0
T0006427,A00266,A00940,1471000.0,22,Mobile,0
T0006428,A00074,A00434,121000.0,22,Branch,0
T0006429,A00864,A00386,284000.0,9,Branch,0
T0006430,A00518,A00454,394000.0,18,Mobile,0
T0006431,A00373,A00634,3353000.0,15,Internet Banking,1
T0006432,A00469,A00052,2909000.0,15,Mobile,0
T0006433,A01190,A01001,862000.0,17,Mobile,0
T0006434,A00514,A00128,656000.0,7,Mobile,0
T0006435,A00095,A00151,2639000.0,7,ATM,0
T0006436,A00336,A00234,346000.0,0,ATM,0
T0006437,A00175,A00731,1985000.0,20,Mobile,0
T0006438,A00823,A00306,1808000.0,6,Mobile,0
T0006439,A00961,A00583,887000.0,16,Mobile,0
T0006440,A01010,A00897,1858000.0,16,Internet Banking,0
T0006441,A00760,A00793,1343000.0,16,Mobile,0
T0006442,A00923,A00621,2074000.0,20,ATM,0
T0006443,A00501,A00873,277000.0,20,Branch,0
T0006444,A00754,A00045,2359000.0,0,Mobile,0
T0006445,A00129,A00708,3712000.0,20,ATM,0
T0006446,A00647,A00464,1708000.0,4,Internet Banking,0
T0006447,A00669,A00609,2325000.0,15,Internet Banking,0
T0006448,A00038,A01117,1063000.0,16,ATM,0
T0006449,A00658,A00981,3199000.0,1,Mobile,0
T0006450,A00868,A00877,1289000.0,6,Internet Banking,0
T0006451,A00442,A00652,339000.0,21,Mobile,0
T0006452,A00654,A00493,2958000.0,3,Internet Banking,0
T0006453,A00344,A00449,199000.0,5,Mobile,0
T0006454,A00325,A01162,1638000.0,1,Mobile,0
T0006455,A00156,A01181,786000.0,4,Mobile,0
T0006456,A00394,A01130,733000.0,15,Mobile,0
T0006457,A00964,A01047,1450000.0,20,Mobile,0
T0006458,A01123,A00333,550000.0,14,Mobile,0
T0006459,A00763,A00762,2108000.0,6,ATM,0
T0006460,A00750,A00924,1277000.0,20,Internet Banking,0
T0006461,A00737,A00461,609000.0,8,Mobile,0
T0006462,A00572,A00254,5230000.0,7,ATM,0
T0006463,A00508,A00099,1503000.0,12,ATM,0
T0006464,A00746,A01168,2402000.0,3,Mobile,0
T0006465,A00942,A00519,5701000.0,8,Internet Banking,0
T0006466,A00497,A00434,5599000.0,19,Mobile,0
T0006467,A00680,A00344,2271000.0,14,Internet Banking,0
T0006468,A00565,A00840,860000.0,23,Internet Banking,0
T0006469,A00343,A01111,249000.0,18,Mobile,0
T0006470,A00349,A00467,1506000.0,8,Internet Banking,0
T0006471,A00095,A01118,4000000.0,18,Mobile,0
T0006472,A00528,A00010,1772000.0,20,Internet Banking,0
T0006473,A00855,A00239,50000.0,15,Mobile,0
T0006474,A00823,A00133,3125000.0,18,ATM,0
T0006475,A01183,A01163,3343000.0,12,Internet Banking,0
T0006476,A00048,A00586,862000.0,21,Mobile,0
T0006477,A00913,A00037,3559000.0,5,ATM,0
T0006478,A00955,A00016,2394000.0,10,Mobile,0
T0006479,A00524,A00802,565000.0,6,Internet Banking,0
T0006480,A00340,A01083,4859000.0,2,Internet Banking,0
T0006481,A00429,A01190,298000.0,14,Mobile,0
T0006482,A00820,A00657,1127000.0,2,Mobile,0
T0006483,A01035,A00415,1010000.0,5,Mobile,0
T0006484,A00772,A00064,484000.0,18,Internet Banking,0
T0006485,A00618,A00759,1676000.0,5,Internet Banking,0
T0006486,A00784,A00834,5072000.0,20,Mobile,0
T0006487,A00085,A00288,4734000.0,1,Mobile,0
T0006488,A00730,A00967,2660000.0,10,ATM,0
T0006489,A00051,A01061,186000.0,1,Mobile,0
T0006490,A01151,A00377,276000.0,1,Mobile,0
T0006491,A01068,A00873,1441000.0,18,Internet Banking,0
T0006492,A00611,A00645,1156000.0,1,Mobile,0
T0006493,A00449,A00712,694000.0,21,Branch,0
T0006494,A00879,A00893,9759000.0,14,Mobile,0
T0006495,A00766,A00883,1348000.0,11,ATM,0
T0006496,A00847,A00573,2179000.0,22,Mobile,0
T0006497,A00619,A00676,3557000.0,9,Mobile,0
T0006498,A00284,A00318,1275000.0,9,Mobile,1
T0006499,A00088,A00646,20749000.0,9,Branch,0
T0006500,A00340,A00810,427000.0,15,Internet Banking,0
T0006501,A00635,A00617,616000.0,20,Mobile,0
T0006502,A00509,A00088,425000.0,13,Branch,0
T0006503,A00608,A00180,6694000.0,6,Mobile,0
T0006504,A00334,A00190,2900000.0,21,Mobile,0
T0006505,A01126,A01127,660000.0,14,Mobile,0
T0006506,A00441,A00081,464000.0,19,ATM,0
T0006507,A01016,A00837,5505000.0,10,Mobile,0
T0006508,A00470,A00691,1786000.0,4,Mobile,0
T0006509,A00533,A00141,5662000.0,22,Branch,0
T0006510,A00725,A00587,1123000.0,16,Internet Banking,0
T0006511,A00316,A01070,2106000.0,7,Mobile,0
T0006512,A00264,A00462,1670000.0,20,Internet Banking,0
T0006513,A00456,A00992,604000.0,0,Mobile,0
T0006514,A00966,A00137,1024000.0,22,Mobile,0
T0006515,A00174,A00321,326000.0,13,Mobile,0
T0006516,A00526,A00170,2066000.0,14,Internet Banking,0
T0006517,A00807,A00021,2772000.0,0,ATM,0
T0006518,A00848,A00332,3566000.0,4,Mobile,0
T0006519,A00522,A00884,2498000.0,17,Mobile,0
T0006520,A00098,A00788,1042000.0,13,Mobile,0
T0006521,A00020,A01116,6616000.0,3,ATM,0
T0006522,A00564,A00575,3202000.0,15,ATM,0
T0006523,A00973,A00473,5527000.0,17,ATM,0
T0006524,A00034,A00158,5922000.0,6,Branch,0
T0006525,A01065,A00613,1045000.0,16,ATM,0
T0006526,A00812,A01077,1839000.0,23,Branch,0
T0006527,A00010,A00432,2813000.0,11,Internet Banking,0
T0006528,A00413,A00088,339000.0,5,Mobile,0
T0006529,A00265,A00452,347000.0,23,Internet Banking,0
T0006530,A01140,A00222,287000.0,21,Mobile,0
T0006531,A00666,A00175,1065000.0,10,Mobile,0
T0006532,A00389,A00775,832000.0,10,Mobile,0
T0006533,A00334,A01147,247000.0,20,Mobile,0
T0006534,A00677,A00204,1414000.0,0,Internet Banking,0
T0006535,A00007,A00961,1080000.0,7,Mobile,0
T0006536,A00309,A00167,4405000.0,13,Mobile,0
T0006537,A00199,A00770,10986000.0,15,Branch,0
T0006538,A00745,A01097,1983000.0,15,Internet Banking,0
T0006539,A00804,A01090,558000.0,8,Mobile,0
T0006540,A00561,A00029,2444000.0,20,Mobile,0
T0006541,A00169,A00597,1212000.0,15,Mobile,0
T0006542,A00445,A00606,921000.0,12,Branch,0
T0006543,A01012,A00053,465000.0,22,Mobile,0
T0006544,A00245,A01009,720000.0,2,Branch,0
T0006545,A00197,A01048,987000.0,17,Mobile,0
T0006546,A00134,A00644,2906000.0,22,ATM,0
T0006547,A00981,A00842,2105000.0,15,Mobile,0
T0006548,A00144,A00044,8939000.0,13,Mobile,0
T0006549,A00698,A00934,2520000.0,8,Mobile,0
T0006550,A01199,A00659,1914000.0,6,Mobile,0
T0006551,A00771,A01196,857000.0,13,Branch,0
T0006552,A00495,A00321,383000.0,21,Internet Banking,0
T0006553,A00249,A00815,641000.0,11,Mobile,0
T0006554,A00003,A00688,556000.0,2,ATM,0
T0006555,A00187,A01046,72000.0,11,Mobile,0
T0006556,A01144,A00781,396000.0,2,Branch,0
T0006557,A00173,A00860,6992000.0,22,Mobile,0
T0006558,A00024,A00511,1800000.0,12,Mobile,0
T0006559,A00980,A00180,793000.0,5,Mobile,0
T0006560,A00503,A00421,1860000.0,14,Mobile,0
T0006561,A00429,A00653,140000.0,12,Branch,0
T0006562,A00861,A00428,1637000.0,12,Mobile,0
T0006563,A00628,A00740,4892000.0,14,Mobile,0
T0006564,A01098,A00455,1050000.0,22,ATM,0
T0006565,A00562,A00756,171000.0,20,Mobile,0
T0006566,A00856,A00364,761000.0,6,Mobile,0
T0006567,A01055,A00562,4901000.0,5,Internet Banking,0
T0006568,A00557,A01071,1595000.0,23,Mobile,0
T0006569,A00342,A00632,252000.0,15,ATM,0
T0006570,A01170,A00754,16228000.0,0,Internet Banking,0
T0006571,A00273,A00246,302000.0,12,Mobile,0
T0006572,A00048,A00948,919000.0,2,Mobile,0
T0006573,A00694,A01067,383000.0,0,Mobile,0
T0006574,A01185,A00660,384000.0,4,Internet Banking,0
T0006575,A00104,A00932,730000.0,6,Internet Banking,0
T0006576,A01020,A00721,2416000.0,1,ATM,0
T0006577,A00997,A00556,4962000.0,20,Mobile,0
T0006578,A01115,A00486,785000.0,10,ATM,0
T0006579,A00506,A00599,395000.0,13,Mobile,0
T0006580,A00306,A00270,2032000.0,20,Branch,0
T0006581,A00615,A01094,2098000.0,20,Mobile,0
T0006582,A00171,A00313,1563000.0,19,ATM,0
T0006583,A01012,A00741,1625000.0,4,Mobile,0
T0006584,A00796,A00018,1060000.0,17,Mobile,0
T0006585,A00580,A00160,1337000.0,23,Mobile,0
T0006586,A00620,A00961,983000.0,0,Branch,0
T0006587,A00855,A00509,3895000.0,20,ATM,0
T0006588,A00628,A01069,13924000.0,20,Internet Banking,0
T0006589,A01008,A00917,1462000.0,20,Mobile,0
T0006590,A01110,A01027,1191000.0,9,Internet Banking,0
T0006591,A01140,A01148,1590000.0,4,Mobile,0
T0006592,A00745,A00050,582000.0,17,Internet Banking,0
T0006593,A00892,A00932,2784000.0,14,Mobile,0
T0006594,A00374,A00738,1950000.0,17,ATM,0
T0006595,A00046,A00669,756000.0,6,Internet Banking,0
T0006596,A00481,A00638,3237000.0,4,Mobile,0
T0006597,A01047,A00078,1225000.0,21,Internet Banking,0
T0006598,A00161,A01083,413000.0,12,Mobile,0
T0006599,A00655,A00238,1767000.0,20,Mobile,0
T0006600,A00231,A00924,1557000.0,22,Mobile,0
T0006601,A00516,A01123,3451000.0,11,Mobile,0
T0006602,A00173,A00645,2995000.0,6,Mobile,0
T0006603,A00882,A01093,1064000.0,21,Internet Banking,0
T0006604,A00973,A01185,714000.0,17,Internet Banking,0
T0006605,A00911,A00639,1202000.0,15,Mobile,0
T0006606,A00846,A00352,1790000.0,22,Branch,0
T0006607,A00283,A00736,2043000.0,5,ATM,0
T0006608,A00637,A00619,1672000.0,8,Mobile,0
T0006609,A00126,A00266,1086000.0,0,Mobile,0
T0006610,A00450,A00651,3592000.0,9,Branch,0
T0006611,A00607,A00971,572000.0,10,Mobile,0
T0006612,A00803,A00017,18351000.0,10,Mobile,0
T0006613,A00117,A00025,2778000.0,3,Branch,0
T0006614,A00976,A01152,347000.0,19,ATM,0
T0006615,A00551,A00234,1471000.0,11,ATM,0
T0006616,A01058,A00691,2807000.0,10,ATM,0
T0006617,A00633,A01088,817000.0,20,Mobile,0
T0006618,A00657,A00551,232000.0,11,Internet Banking,0
T0006619,A00832,A00976,383000.0,21,ATM,0
T0006620,A00984,A00254,2178000.0,5,Mobile,0
T0006621,A00190,A00973,174000.0,20,Mobile,0
T0006622,A00614,A00188,244000.0,23,Mobile,0
T0006623,A00036,A00575,2166000.0,18,Internet Banking,0
T0006624,A00570,A00629,939000.0,21,Internet Banking,0
T0006625,A00977,A00873,558000.0,17,ATM,0
T0006626,A01039,A01101,696000.0,14,Mobile,0
T0006627,A00341,A00193,238000.0,18,Internet Banking,0
T0006628,A00464,A00621,2045000.0,23,Mobile,0
T0006629,A00662,A00395,494000.0,14,Branch,0
T0006630,A00476,A00790,666000.0,16,Internet Banking,0
T0006631,A00214,A00367,1757000.0,1,Internet Banking,0
T0006632,A00366,A01003,905000.0,23,Mobile,0
T0006633,A00485,A00276,553000.0,18,Mobile,0
T0006634,A00623,A00248,135000.0,3,Mobile,0
T0006635,A01105,A00211,1798000.0,6,ATM,0
T0006636,A00654,A01054,1309000.0,5,Mobile,0
T0006637,A00465,A00887,679000.0,7,ATM,0
T0006638,A00793,A00892,383000.0,21,Mobile,0
T0006639,A00928,A00252,1217000.0,11,Internet Banking,0
T0006640,A00517,A00324,2036000.0,10,Mobile,0
T0006641,A00588,A00516,1336000.0,18,Mobile,0
T0006642,A00262,A00903,7273000.0,8,Internet Banking,0
T0006643,A01038,A00870,2605000.0,21,Mobile,0
T0006644,A01041,A00238,1066000.0,18,Mobile,0
T0006645,A00210,A00154,2703000.0,6,Internet Banking,0
T0006646,A00416,A00340,1266000.0,15,Mobile,0
T0006647,A00327,A00097,1261000.0,11,Internet Banking,0
T0006648,A01108,A00048,4994000.0,8,Internet Banking,0
T0006649,A00079,A00185,447000.0,21,Mobile,0
T0006650,A00249,A00050,1231000.0,9,Mobile,0
T0006651,A00378,A00588,4442000.0,2,Mobile,0
T0006652,A00673,A00225,1686000.0,9,Mobile,0
T0006653,A00299,A00509,800000.0,12,Mobile,0
T0006654,A00644,A01192,184000.0,3,Internet Banking,0
T0006655,A00897,A01091,99000.0,17,Mobile,0
T0006656,A00995,A00194,11777000.0,5,ATM,0
T0006657,A00119,A00097,1685000.0,2,ATM,0
T0006658,A00167,A00720,631000.0,12,Mobile,0
T0006659,A00115,A00917,1762000.0,3,Internet Banking,0
T0006660,A01092,A00871,423000.0,18,Mobile,0
T0006661,A00783,A01120,834000.0,1,Mobile,0
T0006662,A00638,A01177,426000.0,10,Branch,0
T0006663,A00950,A00607,254000.0,1,Mobile,0
T0006664,A00704,A01124,118000.0,9,Mobile,0
T0006665,A00283,A00881,207000.0,22,ATM,0
T0006666,A00613,A00482,3690000.0,15,Branch,0
T0006667,A00844,A00767,405000.0,12,Internet Banking,0
T0006668,A00044,A00162,2161000.0,3,Internet Banking,0
T0006669,A00728,A01056,3437000.0,7,ATM,0
T0006670,A00597,A00012,1222000.0,9,Internet Banking,0
T0006671,A00084,A00512,864000.0,13,Mobile,0
T0006672,A00317,A00312,1389000.0,4,ATM,0
T0006673,A00539,A01196,759000.0,23,Internet Banking,0
T0006674,A00412,A01174,4511000.0,15,Mobile,0
T0006675,A00349,A00626,9455000.0,7,Mobile,0
T0006676,A00779,A00342,5913000.0,2,Mobile,0
T0006677,A00486,A00735,113000.0,14,Mobile,0
T0006678,A00598,A00433,742000.0,10,Mobile,0
T0006679,A00958,A00953,1206000.0,16,Mobile,0
T0006680,A00112,A01100,1997000.0,14,Branch,0
T0006681,A00432,A00466,179000.0,15,Mobile,0
T0006682,A00088,A00841,176000.0,20,Mobile,0
T0006683,A01113,A00023,5052000.0,12,ATM,0
T0006684,A00223,A00666,649000.0,17,Mobile,0
T0006685,A00984,A01048,234000.0,8,ATM,0
T0006686,A00230,A00857,356000.0,22,Internet Banking,0
T0006687,A00389,A00840,1844000.0,9,Internet Banking,0
T0006688,A00730,A00915,486000.0,16,Mobile,0
T0006689,A00998,A01176,1565000.0,23,Mobile,0
T0006690,A00214,A00290,409000.0,8,Internet Banking,0
T0006691,A00256,A00783,176000.0,2,Mobile,0
T0006692,A01059,A00785,5750000.0,5,Mobile,0
T0006693,A00387,A00909,1860000.0,5,Mobile,0
T0006694,A00252,A00030,831000.0,1,Internet Banking,0
T0006695,A00893,A00443,676000.0,13,Internet Banking,0
T0006696,A00110,A00444,6012000.0,6,Internet Banking,0
T0006697,A01041,A00175,2300000.0,2,Internet Banking,0
T0006698,A01051,A00568,4237000.0,3,Mobile,0
T0006699,A01028,A00409,631000.0,6,Branch,0
T0006700,A00355,A00587,1269000.0,8,ATM,0
T0006701,A00138,A00870,1868000.0,23,Mobile,0
T0006702,A00511,A00288,655000.0,16,Mobile,0
T0006703,A00402,A00766,1080000.0,17,Mobile,0
T0006704,A01151,A00377,632000.0,16,Branch,0
T0006705,A00759,A00322,1861000.0,19,Mobile,0
T0006706,A01134,A00149,280000.0,7,Mobile,0
T0006707,A00902,A00124,2251000.0,2,Branch,0
T0006708,A00858,A00724,1689000.0,12,Internet Banking,0
T0006709,A00135,A00881,960000.0,0,Mobile,0
T0006710,A00083,A00874,1968000.0,5,Internet Banking,0
T0006711,A00056,A01038,803000.0,18,ATM,0
T0006712,A00713,A00647,574000.0,12,Mobile,0
T0006713,A00243,A00605,2182000.0,16,Internet Banking,0
T0006714,A01187,A00977,2289000.0,12,Internet Banking,0
T0006715,A00160,A00750,687000.0,13,Internet Banking,0
T0006716,A01137,A00049,625000.0,7,Branch,0
T0006717,A00802,A00342,981000.0,5,Internet Banking,0
T0006718,A00128,A00545,654000.0,6,Internet Banking,0
T0006719,A00071,A00014,6423000.0,19,ATM,0
T0006720,A00476,A00784,1700000.0,23,Mobile,0
T0006721,A00407,A01079,1219000.0,1,Mobile,0
T0006722,A00379,A00579,430000.0,12,Branch,0
T0006723,A00635,A01174,2705000.0,11,Internet Banking,0
T0006724,A00156,A00687,612000.0,13,Mobile,0
T0006725,A00156,A00966,585000.0,5,Mobile,0
T0006726,A00834,A00329,2807000.0,0,Mobile,0
T0006727,A01189,A00710,1837000.0,4,Mobile,0
T0006728,A00329,A01088,76000.0,4,Mobile,0
T0006729,A01119,A00689,1009000.0,1,Internet Banking,0
T0006730,A00414,A00157,1378000.0,8,Mobile,0
T0006731,A00404,A00965,826000.0,16,Internet Banking,0
T0006732,A00109,A00005,1431000.0,23,Branch,0
T0006733,A00508,A00888,164000.0,15,Branch,0
T0006734,A00598,A01087,53000.0,4,ATM,0
T0006735,A00797,A00012,410000.0,8,Mobile,0
T0006736,A00190,A00217,1637000.0,7,Internet Banking,0
T0006737,A00227,A00388,50000.0,5,Internet Banking,0
T0006738,A00519,A00938,474000.0,23,Mobile,0
T0006739,A00084,A00331,145000.0,15,ATM,0
T0006740,A00173,A00107,919000.0,11,Internet Banking,0
T0006741,A00755,A00408,10340000.0,10,Internet Banking,0
T0006742,A01145,A00213,945000.0,7,Mobile,0
T0006743,A00688,A01128,1066000.0,10,Mobile,0
T0006744,A00174,A00086,3021000.0,15,ATM,0
T0006745,A01190,A00801,1228000.0,22,Mobile,0
T0006746,A00627,A00585,947000.0,11,Mobile,0
T0006747,A00861,A00979,3326000.0,4,Internet Banking,0
T0006748,A00237,A00702,2017000.0,22,Internet Banking,0
T0006749,A00695,A00460,1648000.0,7,Mobile,0
T0006750,A00092,A00465,1030000.0,1,Mobile,0
T0006751,A00751,A00537,820000.0,13,ATM,0
T0006752,A00243,A00626,3291000.0,18,Branch,0
T0006753,A01092,A00049,829000.0,6,Mobile,0
T0006754,A00066,A00577,4649000.0,6,ATM,0
T0006755,A00784,A00528,379000.0,6,Mobile,0
T0006756,A00168,A00009,5809000.0,19,Internet Banking,0
T0006757,A00825,A00786,2017000.0,22,Internet Banking,0
T0006758,A00593,A00510,414000.0,20,ATM,0
T0006759,A01161,A00308,2101000.0,5,ATM,1
T0006760,A00783,A00157,587000.0,20,Mobile,0
T0006761,A00447,A00413,1245000.0,7,Mobile,0
T0006762,A00105,A00247,703000.0,20,ATM,0
T0006763,A00715,A00316,1037000.0,23,Mobile,0
T0006764,A00530,A00851,3380000.0,17,Internet Banking,0
T0006765,A00064,A00452,2123000.0,22,Mobile,0
T0006766,A00698,A00661,348000.0,3,Mobile,0
T0006767,A00252,A00203,371000.0,15,Internet Banking,0
T0006768,A00282,A00923,1616000.0,1,Mobile,0
T0006769,A00011,A00667,1750000.0,15,ATM,0
T0006770,A00447,A00353,571000.0,8,Mobile,0
T0006771,A00262,A00070,6909000.0,23,Mobile,0
T0006772,A00087,A00533,2936000.0,11,Mobile,0
T0006773,A00522,A00476,603000.0,18,Mobile,0
T0006774,A00265,A00318,542000.0,7,Internet Banking,0
T0006775,A00161,A01014,934000.0,1,Mobile,0
T0006776,A00561,A00024,833000.0,17,Mobile,0
T0006777,A00076,A00563,4778000.0,5,Branch,0
T0006778,A01189,A01015,3544000.0,17,Mobile,0
T0006779,A00566,A00119,1247000.0,11,Mobile,0
T0006780,A01196,A00026,2529000.0,23,ATM,0
T0006781,A01058,A00025,2967000.0,8,Internet Banking,0
T0006782,A01176,A01137,1279000.0,9,Mobile,0
T0006783,A00652,A01068,1869000.0,17,Branch,0
T0006784,A00508,A00398,2307000.0,18,Internet Banking,0
T0006785,A00864,A00321,2052000.0,3,Mobile,0
T0006786,A00097,A00857,509000.0,17,Mobile,0
T0006787,A01009,A00731,569000.0,11,Branch,0
T0006788,A00389,A00963,874000.0,23,Mobile,0
T0006789,A00009,A00761,552000.0,15,ATM,0
T0006790,A00286,A00356,237000.0,18,Mobile,0
T0006791,A00291,A00806,2524000.0,8,Mobile,0
T0006792,A00017,A00893,1757000.0,6,ATM,0
T0006793,A00803,A00655,275000.0,18,Branch,0
T0006794,A00115,A00399,921000.0,0,Mobile,0
T0006795,A01017,A00373,980000.0,13,Mobile,0
T0006796,A00544,A00508,1466000.0,23,Internet Banking,0
T0006797,A00862,A00680,365000.0,23,Internet Banking,0
T0006798,A00408,A00795,271000.0,17,Mobile,0
T0006799,A00159,A00564,2126000.0,11,Mobile,0
T0006800,A00217,A00127,222000.0,19,Branch,0
T0006801,A00776,A00091,929000.0,0,Mobile,0
T0006802,A00860,A00602,838000.0,19,Mobile,0
T0006803,A00322,A00684,1048000.0,4,Mobile,0
T0006804,A00429,A00879,1585000.0,17,Mobile,0
T0006805,A01135,A00085,6964000.0,8,Internet Banking,0
T0006806,A01023,A00865,207000.0,18,Mobile,0
T0006807,A00496,A00068,3147000.0,14,Internet Banking,0
T0006808,A00290,A00533,76000.0,22,Mobile,0
T0006809,A00362,A01125,5559000.0,18,Mobile,0
T0006810,A00647,A00756,127000.0,21,ATM,0
T0006811,A00681,A00762,17503000.0,3,Internet Banking,0
T0006812,A00221,A00891,782000.0,9,Mobile,0
T0006813,A00080,A00435,4962000.0,10,Mobile,0
T0006814,A00595,A00483,3955000.0,0,Internet Banking,0
T0006815,A00957,A00810,742000.0,0,ATM,0
T0006816,A00183,A01018,808000.0,0,Internet Banking,0
T0006817,A00491,A00810,478000.0,18,ATM,0
T0006818,A00194,A00746,2853000.0,10,Mobile,0
T0006819,A00291,A00038,753000.0,18,Branch,0
T0006820,A00735,A00701,487000.0,20,Mobile,0
T0006821,A00344,A00229,2167000.0,0,Mobile,0
T0006822,A00317,A00724,447000.0,20,Internet Banking,0
T0006823,A01195,A00842,836000.0,5,Mobile,0
T0006824,A00207,A00655,1350000.0,9,Mobile,0
T0006825,A00228,A00803,592000.0,23,Mobile,0
T0006826,A01116,A00277,699000.0,7,Internet Banking,0
T0006827,A00661,A00912,6494000.0,22,ATM,0
T0006828,A00052,A00838,959000.0,12,Internet Banking,0
T0006829,A00510,A00469,808000.0,0,Mobile,0
T0006830,A00679,A00983,990000.0,19,Mobile,0
T0006831,A00304,A00935,1978000.0,1,ATM,0
T0006832,A00658,A01118,385000.0,15,Internet Banking,0
T0006833,A00779,A00039,1920000.0,11,Mobile,0
T0006834,A00301,A00063,1590000.0,3,Mobile,0
T0006835,A00975,A00561,168000.0,12,Mobile,0
T0006836,A00544,A00807,8637000.0,8,Mobile,0
T0006837,A01157,A01094,5985000.0,2,Internet Banking,0
T0006838,A00106,A00334,497000.0,13,ATM,0
T0006839,A00390,A00747,349000.0,1,Branch,0
T0006840,A00866,A00024,1542000.0,12,Mobile,0
T0006841,A01074,A00679,250000.0,5,Mobile,0
T0006842,A00267,A01039,5382000.0,19,ATM,0
T0006843,A01177,A00650,717000.0,22,Mobile,0
T0006844,A00233,A00562,7144000.0,22,Internet Banking,0
T0006845,A00500,A01018,485000.0,22,Internet Banking,0
T0006846,A00378,A00875,1061000.0,2,Mobile,0
T0006847,A00510,A01123,4837000.0,12,Mobile,0
T0006848,A01083,A00810,841000.0,5,Mobile,0
T0006849,A00880,A00351,1619000.0,2,Internet Banking,0
T0006850,A00956,A00228,3992000.0,9,Mobile,0
T0006851,A00305,A00150,651000.0,10,Mobile,0
T0006852,A01137,A01071,300000.0,7,Mobile,0
T0006853,A00523,A00392,241000.0,2,ATM,0
T0006854,A00783,A00937,2280000.0,9,ATM,0
T0006855,A00838,A00829,1840000.0,3,Branch,0
T0006856,A00796,A00926,3858000.0,0,ATM,0
T0006857,A00723,A00859,888000.0,10,Mobile,0
T0006858,A00577,A00460,249000.0,1,Mobile,0
T0006859,A00778,A00759,90000.0,23,Mobile,0
T0006860,A01087,A00207,28137000.0,20,Internet Banking,0
T0006861,A00468,A00981,2142000.0,22,Internet Banking,0
T0006862,A00614,A01173,1395000.0,2,Mobile,0
T0006863,A00217,A00328,1630000.0,11,Branch,0
T0006864,A00427,A01016,249000.0,19,Mobile,0
T0006865,A00927,A00295,501000.0,13,Internet Banking,0
T0006866,A00769,A01104,8166000.0,7,ATM,0
T0006867,A00254,A00834,2476000.0,19,Internet Banking,0
T0006868,A00656,A00055,518000.0,7,ATM,0
T0006869,A00975,A00309,311000.0,23,Internet Banking,0
T0006870,A00149,A00401,680000.0,2,ATM,0
T0006871,A00075,A00878,848000.0,16,ATM,0
T0006872,A00472,A00559,11432000.0,0,Mobile,0
T0006873,A00788,A01049,976000.0,21,Mobile,0
T0006874,A00376,A00674,324000.0,8,ATM,0
T0006875,A00986,A00404,1125000.0,0,Internet Banking,0
T0006876,A01017,A00988,1605000.0,20,Internet Banking,0
T0006877,A00640,A00153,293000.0,23,Mobile,0
T0006878,A00455,A00156,1868000.0,22,Mobile,0
T0006879,A00051,A00320,4536000.0,11,Mobile,0
T0006880,A00986,A00782,1398000.0,1,Branch,0
T0006881,A01075,A00554,499000.0,5,Mobile,0
T0006882,A00531,A01136,671000.0,0,Mobile,0
T0006883,A00620,A00781,194000.0,1,Mobile,0
T0006884,A00905,A00461,1036000.0,3,Mobile,0
T0006885,A00835,A00812,1689000.0,13,Mobile,0
T0006886,A00163,A00779,448000.0,18,Internet Banking,0
T0006887,A00807,A00304,10135000.0,14,Mobile,0
T0006888,A01110,A00787,2869000.0,4,Mobile,0
T0006889,A00901,A00574,167000.0,14,Mobile,0
T0006890,A00577,A00661,171000.0,5,Mobile,0
T0006891,A00628,A00960,407000.0,11,ATM,0
T0006892,A00312,A00367,6772000.0,21,Branch,0
T0006893,A00793,A00713,3197000.0,3,ATM,0
T0006894,A00290,A00183,7159000.0,20,ATM,0
T0006895,A00411,A00326,1214000.0,6,Mobile,0
T0006896,A00319,A00066,953000.0,16,ATM,0
T0006897,A00403,A00143,304000.0,6,Mobile,0
T0006898,A00441,A00404,1763000.0,3,ATM,0
T0006899,A00100,A00178,967000.0,10,Internet Banking,0
T0006900,A00862,A00009,927000.0,9,Mobile,0
T0006901,A00530,A00804,7115000.0,12,Mobile,0
T0006902,A01140,A01165,1044000.0,5,Mobile,0
T0006903,A00218,A01050,5188000.0,23,Mobile,0
T0006904,A00803,A00708,209000.0,16,Mobile,0
T0006905,A00216,A01034,23086000.0,20,Branch,0
T0006906,A00657,A00714,796000.0,18,Mobile,0
T0006907,A00590,A00759,2612000.0,17,Internet Banking,0
T0006908,A00539,A00266,3112000.0,3,Internet Banking,0
T0006909,A00786,A00237,694000.0,14,Mobile,0
T0006910,A00994,A00651,2954000.0,21,Mobile,0
T0006911,A00381,A01052,3128000.0,2,Mobile,0
T0006912,A01020,A01104,548000.0,11,Mobile,0
T0006913,A00222,A00644,555000.0,4,Mobile,0
T0006914,A00352,A00359,1261000.0,19,Mobile,0
T0006915,A00373,A00687,1057000.0,22,Mobile,0
T0006916,A01145,A00950,5555000.0,1,ATM,0
T0006917,A00143,A00743,2599000.0,19,ATM,0
T0006918,A00475,A01026,1111000.0,8,Mobile,0
T0006919,A00510,A00310,2337000.0,23,Internet Banking,0
T0006920,A00961,A01166,126000.0,0,Branch,0
T0006921,A00584,A00352,610000.0,4,Mobile,0
T0006922,A01161,A01097,1647000.0,17,Mobile,0
T0006923,A00889,A00089,4093000.0,18,Mobile,0
T0006924,A00845,A00352,1495000.0,1,Mobile,0
T0006925,A00904,A00019,5968000.0,3,ATM,0
T0006926,A00194,A00145,3118000.0,8,ATM,0
T0006927,A00539,A00807,701000.0,0,Internet Banking,0
T0006928,A00704,A00528,1029000.0,18,Mobile,0
T0006929,A00251,A00105,1881000.0,16,ATM,0
T0006930,A00143,A00167,733000.0,17,Mobile,0
T0006931,A00163,A00552,6467000.0,11,Mobile,0
T0006932,A00947,A01061,354000.0,15,Mobile,0
T0006933,A00789,A01125,1699000.0,13,ATM,0
T0006934,A00338,A01123,2695000.0,16,Internet Banking,0
T0006935,A00885,A00794,850000.0,10,Internet Banking,0
T0006936,A00835,A00761,663000.0,15,Internet Banking,0
T0006937,A00980,A00877,1104000.0,15,Mobile,0
T0006938,A01093,A01141,2932000.0,15,Mobile,0
T0006939,A01059,A00030,692000.0,20,ATM,0
T0006940,A00218,A00784,370000.0,8,Branch,1
T0006941,A00924,A00365,4254000.0,21,Internet Banking,0
T0006942,A00472,A00781,1862000.0,0,Mobile,0
T0006943,A00484,A00157,3636000.0,11,Branch,0
T0006944,A00777,A00070,2767000.0,10,Mobile,0
T0006945,A00723,A00459,13200000.0,20,Mobile,0
T0006946,A00504,A00091,4091000.0,1,Mobile,0
T0006947,A01200,A01156,541000.0,5,Mobile,0
T0006948,A00210,A00432,2013000.0,11,Internet Banking,0
T0006949,A00117,A00546,650000.0,19,Internet Banking,0
T0006950,A00035,A00011,728000.0,11,Mobile,0
T0006951,A00978,A01129,254000.0,15,Mobile,0
T0006952,A00488,A01178,876000.0,4,Internet Banking,0
T0006953,A00525,A00644,2186000.0,22,Mobile,0
T0006954,A00780,A00151,1116000.0,18,Mobile,0
T0006955,A00523,A00787,358000.0,1,Mobile,0
T0006956,A00689,A00768,225000.0,16,ATM,0
T0006957,A00071,A00476,12248000.0,3,Branch,0
T0006958,A00188,A00022,1716000.0,13,Mobile,0
T0006959,A01119,A00980,485000.0,17,Internet Banking,0
T0006960,A00541,A00360,1994000.0,22,ATM,0
T0006961,A00201,A00687,13335000.0,1,Mobile,0
T0006962,A00444,A00710,2375000.0,6,Branch,0
T0006963,A00402,A00016,56000.0,16,Mobile,0
T0006964,A00330,A00876,22194000.0,6,Internet Banking,0
T0006965,A00353,A00321,157000.0,17,Internet Banking,0
T0006966,A00876,A00997,957000.0,4,Mobile,0
T0006967,A00129,A01081,345000.0,3,ATM,0
T0006968,A00372,A00949,532000.0,13,Internet Banking,0
T0006969,A00562,A00492,1641000.0,16,Mobile,0
T0006970,A00649,A00293,123000.0,4,Internet Banking,0
T0006971,A01057,A00267,1087000.0,20,Branch,0
T0006972,A01108,A01154,4239000.0,20,ATM,0
T0006973,A00357,A00306,475000.0,1,Internet Banking,0
T0006974,A00648,A00132,260000.0,7,Mobile,0
T0006975,A00027,A00687,1030000.0,13,Mobile,0
T0006976,A00741,A01198,827000.0,11,Mobile,0
T0006977,A00184,A00888,623000.0,6,ATM,0
T0006978,A00088,A00660,325000.0,12,ATM,0
T0006979,A00807,A00708,2124000.0,23,Branch,0
T0006980,A00214,A00528,2310000.0,7,Mobile,0
T0006981,A00573,A00047,372000.0,5,Branch,0
T0006982,A00122,A00463,433000.0,17,Branch,0
T0006983,A00895,A00749,1394000.0,13,Internet Banking,0
T0006984,A00918,A01087,415000.0,16,ATM,0
T0006985,A00690,A01107,1461000.0,15,Mobile,0
T0006986,A01004,A00986,6033000.0,18,Mobile,0
T0006987,A00525,A00167,1124000.0,17,Mobile,0
T0006988,A00224,A00363,316000.0,14,Mobile,0
T0006989,A00182,A00263,1847000.0,10,Mobile,0
T0006990,A00264,A00740,987000.0,11,Internet Banking,0
T0006991,A00241,A01136,1017000.0,6,Mobile,0
T0006992,A00388,A00042,2024000.0,10,Mobile,0
T0006993,A00258,A00798,2566000.0,14,Mobile,0
T0006994,A00710,A00360,1248000.0,17,Internet Banking,0
T0006995,A00179,A00626,1123000.0,18,Branch,0
T0006996,A00747,A01015,11614000.0,9,Mobile,0
T0006997,A00401,A00382,4495000.0,17,ATM,0
T0006998,A00825,A00486,3002000.0,10,Branch,0
T0006999,A00616,A00842,1386000.0,8,Internet Banking,0
T0007000,A01087,A00213,397000.0,3,Internet Banking,0
