Customer_ID,Product,Latent_Group
C00001,Savings Account,Wealth
C00001,Credit Card,Wealth
C00001,Insurance,Wealth
C00001,Time Deposit,Wealth
C00002,Savings Account,Basic
C00002,Mobile Banking,Basic
C00003,Mobile Banking,Basic
C00003,Personal Loan,Basic
C00003,Savings Account,Basic
C00004,Savings Account,Credit
C00004,Debit Card,Credit
C00004,Mobile Banking,Credit
C00004,Credit Card,Credit
C00004,Personal Loan,Credit
C00005,Savings Account,Basic
C00005,Debit Card,Basic
C00005,Mobile Banking,Basic
C00005,Investment,Basic
C00006,Savings Account,Wealth
C00006,Debit Card,Wealth
C00006,Mobile Banking,Wealth
C00006,Credit Card,Wealth
C00006,Investment,Wealth
C00006,Time Deposit,Wealth
C00007,Savings Account,Credit
C00007,Debit Card,Credit
C00007,Mobile Banking,Credit
C00007,Credit Card,Credit
C00007,Personal Loan,Credit
C00007,Insurance,Credit
C00007,E-Wallet,Credit
C00008,Savings Account,Wealth
C00008,Credit Card,Wealth
C00008,Mortgage,Wealth
C00008,Investment,Wealth
C00008,Insurance,Wealth
C00008,Time Deposit,Wealth
C00009,Savings Account,Digital
C00009,Debit Card,Digital
C00009,Mobile Banking,Digital
C00009,E-Wallet,Digital
C00010,Debit Card,Basic
C00010,Mobile Banking,Basic
C00010,E-Wallet,Basic
C00010,Savings Account,Basic
C00011,Savings Account,Credit
C00011,Debit Card,Credit
C00011,Mobile Banking,Credit
C00011,Credit Card,Credit
C00012,Savings Account,Credit
C00012,Debit Card,Credit
C00012,Mobile Banking,Credit
C00012,Credit Card,Credit
C00012,Personal Loan,Credit
C00012,Mortgage,Credit
C00012,E-Wallet,Credit
C00013,Savings Account,Credit
C00013,Debit Card,Credit
C00013,Mobile Banking,Credit
C00013,Personal Loan,Credit
C00013,Investment,Credit
C00014,Savings Account,Credit
C00014,Debit Card,Credit
C00014,Mobile Banking,Credit
C00014,Credit Card,Credit
C00014,Personal Loan,Credit
C00014,Mortgage,Credit
C00014,E-Wallet,Credit
C00015,Savings Account,Digital
C00015,Debit Card,Digital
C00015,Mobile Banking,Digital
C00015,E-Wallet,Digital
C00016,Debit Card,Credit
C00016,Mobile Banking,Credit
C00016,Personal Loan,Credit
C00016,E-Wallet,Credit
C00016,Time Deposit,Credit
C00016,Savings Account,Credit
C00017,Savings Account,Credit
C00017,Debit Card,Credit
C00018,Debit Card,Digital
C00018,Credit Card,Digital
C00018,Insurance,Digital
C00018,E-Wallet,Digital
C00018,Savings Account,Digital
C00019,Savings Account,Digital
C00019,Mortgage,Digital
C00019,Insurance,Digital
C00020,Savings Account,Credit
C00020,Debit Card,Credit
C00020,Mobile Banking,Credit
C00020,Insurance,Credit
C00021,Savings Account,Digital
C00021,Debit Card,Digital
C00021,Credit Card,Digital
C00021,Mortgage,Digital
C00021,E-Wallet,Digital
C00022,Debit Card,Credit
C00022,Personal Loan,Credit
C00022,Investment,Credit
C00022,Insurance,Credit
C00022,Savings Account,Credit
C00023,Savings Account,Digital
C00023,Debit Card,Digital
C00023,Mobile Banking,Digital
C00024,Savings Account,Digital
C00024,Debit Card,Digital
C00024,Mobile Banking,Digital
C00024,Credit Card,Digital
C00024,Personal Loan,Digital
C00024,E-Wallet,Digital
C00025,Savings Account,Basic
C00025,Debit Card,Basic
C00025,Mobile Banking,Basic
C00025,Credit Card,Basic
C00025,Personal Loan,Basic
C00025,Insurance,Basic
C00026,Savings Account,Credit
C00026,Debit Card,Credit
C00026,Personal Loan,Credit
C00026,Mortgage,Credit
C00027,Savings Account,Digital
C00027,Debit Card,Digital
C00027,Mobile Banking,Digital
C00027,Personal Loan,Digital
C00027,Investment,Digital
C00028,Savings Account,Basic
C00028,Debit Card,Basic
C00028,Credit Card,Basic
C00029,Savings Account,Digital
C00029,Debit Card,Digital
C00029,Mobile Banking,Digital
C00029,Credit Card,Digital
C00030,Debit Card,Basic
C00030,Mobile Banking,Basic
C00030,Savings Account,Basic
C00031,Savings Account,Wealth
C00031,Debit Card,Wealth
C00031,Credit Card,Wealth
C00031,Mortgage,Wealth
C00031,Insurance,Wealth
C00031,Time Deposit,Wealth
C00032,Savings Account,Basic
C00032,Debit Card,Basic
C00032,Insurance,Basic
C00033,Savings Account,Credit
C00033,Debit Card,Credit
C00033,Mobile Banking,Credit
C00033,E-Wallet,Credit
C00033,Time Deposit,Credit
C00034,Savings Account,Digital
C00034,Debit Card,Digital
C00034,Mobile Banking,Digital
C00034,E-Wallet,Digital
C00035,Savings Account,Digital
C00035,Mobile Banking,Digital
C00035,E-Wallet,Digital
C00036,Savings Account,Basic
C00036,Mobile Banking,Basic
C00036,E-Wallet,Basic
C00037,Savings Account,Basic
C00037,Debit Card,Basic
C00037,Mobile Banking,Basic
C00038,Savings Account,Basic
C00038,Investment,Basic
C00038,E-Wallet,Basic
C00039,Debit Card,Digital
C00039,Mobile Banking,Digital
C00039,Credit Card,Digital
C00039,Personal Loan,Digital
C00039,Time Deposit,Digital
C00039,Savings Account,Digital
C00040,Personal Loan,Basic
C00040,Savings Account,Basic
C00041,Savings Account,Basic
C00041,Debit Card,Basic
C00041,Mobile Banking,Basic
C00041,Insurance,Basic
C00041,Time Deposit,Basic
C00042,Savings Account,Basic
C00042,Debit Card,Basic
C00042,Mobile Banking,Basic
C00043,Savings Account,Basic
C00043,Debit Card,Basic
C00044,Savings Account,Digital
C00044,Debit Card,Digital
C00044,Mobile Banking,Digital
C00044,E-Wallet,Digital
C00045,Savings Account,Digital
C00045,Debit Card,Digital
C00045,Mobile Banking,Digital
C00045,E-Wallet,Digital
C00046,Savings Account,Credit
C00046,Debit Card,Credit
C00046,Mobile Banking,Credit
C00046,Credit Card,Credit
C00047,Debit Card,Digital
C00047,Mobile Banking,Digital
C00047,Credit Card,Digital
C00047,Mortgage,Digital
C00047,E-Wallet,Digital
C00047,Savings Account,Digital
C00048,Savings Account,Wealth
C00048,Credit Card,Wealth
C00048,Investment,Wealth
C00048,Insurance,Wealth
C00049,Savings Account,Wealth
C00049,Debit Card,Wealth
C00049,Credit Card,Wealth
C00049,Mortgage,Wealth
C00049,Investment,Wealth
C00049,E-Wallet,Wealth
C00049,Time Deposit,Wealth
C00050,Debit Card,Basic
C00050,Insurance,Basic
C00050,Savings Account,Basic
C00051,Savings Account,Credit
C00051,Debit Card,Credit
C00051,Credit Card,Credit
C00051,Personal Loan,Credit
C00051,Time Deposit,Credit
C00052,Debit Card,Digital
C00052,Mobile Banking,Digital
C00052,Mortgage,Digital
C00052,E-Wallet,Digital
C00052,Savings Account,Digital
C00053,Savings Account,Credit
C00053,Mobile Banking,Credit
C00053,Time Deposit,Credit
C00054,Debit Card,Credit
C00054,Mobile Banking,Credit
C00054,Credit Card,Credit
C00054,Personal Loan,Credit
C00054,Mortgage,Credit
C00054,Savings Account,Credit
C00055,Savings Account,Digital
C00055,Debit Card,Digital
C00055,Mobile Banking,Digital
C00056,Debit Card,Wealth
C00056,Credit Card,Wealth
C00056,Savings Account,Wealth
C00057,Savings Account,Wealth
C00057,Debit Card,Wealth
C00057,Mobile Banking,Wealth
C00057,Investment,Wealth
C00058,Savings Account,Digital
C00058,Personal Loan,Digital
C00058,Investment,Digital
C00058,Insurance,Digital
C00059,Credit Card,Wealth
C00059,Insurance,Wealth
C00059,Savings Account,Wealth
C00060,Savings Account,Digital
C00060,Mobile Banking,Digital
C00060,Credit Card,Digital
C00060,E-Wallet,Digital
C00061,Debit Card,Digital
C00061,Mobile Banking,Digital
C00061,Credit Card,Digital
C00061,E-Wallet,Digital
C00061,Savings Account,Digital
C00062,Debit Card,Credit
C00062,Mobile Banking,Credit
C00062,Credit Card,Credit
C00062,E-Wallet,Credit
C00062,Savings Account,Credit
C00063,Savings Account,Digital
C00063,Debit Card,Digital
C00063,Mobile Banking,Digital
C00064,Debit Card,Digital
C00064,Mobile Banking,Digital
C00064,E-Wallet,Digital
C00064,Savings Account,Digital
C00065,Savings Account,Digital
C00065,Mobile Banking,Digital
C00066,Savings Account,Digital
C00066,Debit Card,Digital
C00066,Mobile Banking,Digital
C00066,Investment,Digital
C00066,E-Wallet,Digital
C00066,Time Deposit,Digital
C00067,Savings Account,Digital
C00067,Debit Card,Digital
C00067,Mobile Banking,Digital
C00067,Credit Card,Digital
C00067,Personal Loan,Digital
C00067,Insurance,Digital
C00068,Savings Account,Digital
C00068,Debit Card,Digital
C00068,Mobile Banking,Digital
C00068,Credit Card,Digital
C00068,Mortgage,Digital
C00068,E-Wallet,Digital
C00069,Debit Card,Wealth
C00069,Mobile Banking,Wealth
C00069,Credit Card,Wealth
C00069,Investment,Wealth
C00069,Insurance,Wealth
C00069,Time Deposit,Wealth
C00069,Savings Account,Wealth
C00070,Savings Account,Credit
C00070,Debit Card,Credit
C00070,Mobile Banking,Credit
C00070,Credit Card,Credit
C00070,Mortgage,Credit
C00070,Insurance,Credit
C00070,E-Wallet,Credit
C00071,Savings Account,Digital
C00071,Debit Card,Digital
C00071,Mobile Banking,Digital
C00071,Credit Card,Digital
C00072,Savings Account,Basic
C00072,Debit Card,Basic
C00073,Savings Account,Digital
C00073,Debit Card,Digital
C00073,Mobile Banking,Digital
C00073,Credit Card,Digital
C00073,E-Wallet,Digital
C00074,Savings Account,Credit
C00074,Debit Card,Credit
C00074,Credit Card,Credit
C00074,Personal Loan,Credit
C00074,Investment,Credit
C00074,Insurance,Credit
C00075,Mobile Banking,Digital
C00075,Mortgage,Digital
C00075,Savings Account,Digital
C00076,Savings Account,Digital
C00076,Debit Card,Digital
C00076,Mobile Banking,Digital
C00076,Credit Card,Digital
C00077,Debit Card,Wealth
C00077,Mobile Banking,Wealth
C00077,Credit Card,Wealth
C00077,Investment,Wealth
C00077,Insurance,Wealth
C00077,Time Deposit,Wealth
C00077,Savings Account,Wealth
C00078,Savings Account,Wealth
C00078,Mobile Banking,Wealth
C00078,Credit Card,Wealth
C00078,Investment,Wealth
C00079,Savings Account,Credit
C00079,Debit Card,Credit
C00079,Mortgage,Credit
C00079,Time Deposit,Credit
C00080,Debit Card,Digital
C00080,E-Wallet,Digital
C00080,Savings Account,Digital
C00081,Savings Account,Credit
C00081,Mobile Banking,Credit
C00081,Credit Card,Credit
C00081,Personal Loan,Credit
C00081,Insurance,Credit
C00082,Savings Account,Basic
C00082,Debit Card,Basic
C00083,Savings Account,Digital
C00083,Mobile Banking,Digital
C00083,Personal Loan,Digital
C00084,Mobile Banking,Basic
C00084,Credit Card,Basic
C00084,Savings Account,Basic
C00085,Savings Account,Digital
C00085,Debit Card,Digital
C00085,Mobile Banking,Digital
C00086,Debit Card,Digital
C00086,Mobile Banking,Digital
C00086,Credit Card,Digital
C00086,E-Wallet,Digital
C00086,Savings Account,Digital
C00087,Mobile Banking,Wealth
C00087,Credit Card,Wealth
C00087,Mortgage,Wealth
C00087,Investment,Wealth
C00087,Savings Account,Wealth
C00088,Savings Account,Credit
C00088,Debit Card,Credit
C00088,Mobile Banking,Credit
C00088,Credit Card,Credit
C00088,Personal Loan,Credit
C00088,Mortgage,Credit
C00089,Savings Account,Credit
C00089,Debit Card,Credit
C00089,Mobile Banking,Credit
C00089,Credit Card,Credit
C00090,Mobile Banking,Digital
C00090,Insurance,Digital
C00090,E-Wallet,Digital
C00090,Savings Account,Digital
C00091,Savings Account,Credit
C00091,Debit Card,Credit
C00091,Mobile Banking,Credit
C00091,Personal Loan,Credit
C00091,Investment,Credit
C00091,E-Wallet,Credit
C00091,Time Deposit,Credit
C00092,Savings Account,Credit
C00092,Debit Card,Credit
C00092,Mobile Banking,Credit
C00092,Credit Card,Credit
C00093,Debit Card,Credit
C00093,Mobile Banking,Credit
C00093,Credit Card,Credit
C00093,Mortgage,Credit
C00093,Savings Account,Credit
C00094,Savings Account,Credit
C00094,Debit Card,Credit
C00094,Credit Card,Credit
C00095,Savings Account,Credit
C00095,Debit Card,Credit
C00095,Mobile Banking,Credit
C00095,Credit Card,Credit
C00095,Personal Loan,Credit
C00095,Mortgage,Credit
C00095,Time Deposit,Credit
C00096,Savings Account,Digital
C00096,Mobile Banking,Digital
C00096,Credit Card,Digital
C00096,Insurance,Digital
C00096,E-Wallet,Digital
C00097,Savings Account,Basic
C00097,Debit Card,Basic
C00098,Savings Account,Wealth
C00098,Debit Card,Wealth
C00098,Insurance,Wealth
C00098,Time Deposit,Wealth
C00099,Savings Account,Credit
C00099,Debit Card,Credit
C00100,Savings Account,Credit
C00100,Debit Card,Credit
C00100,Mobile Banking,Credit
C00100,Credit Card,Credit
C00101,Savings Account,Digital
C00101,Mobile Banking,Digital
C00101,Credit Card,Digital
C00101,E-Wallet,Digital
C00102,Savings Account,Credit
C00102,Credit Card,Credit
C00102,Personal Loan,Credit
C00102,Time Deposit,Credit
C00103,Savings Account,Basic
C00103,Debit Card,Basic
C00104,Debit Card,Wealth
C00104,Mobile Banking,Wealth
C00104,Credit Card,Wealth
C00104,Personal Loan,Wealth
C00104,Investment,Wealth
C00104,Savings Account,Wealth
C00105,Savings Account,Credit
C00105,Debit Card,Credit
C00105,Credit Card,Credit
C00105,Mortgage,Credit
C00105,Insurance,Credit
C00105,E-Wallet,Credit
C00106,Savings Account,Digital
C00106,Debit Card,Digital
C00106,Mobile Banking,Digital
C00106,Personal Loan,Digital
C00106,Insurance,Digital
C00106,E-Wallet,Digital
C00107,Savings Account,Basic
C00107,Mobile Banking,Basic
C00108,Savings Account,Credit
C00108,Debit Card,Credit
C00108,Credit Card,Credit
C00108,Personal Loan,Credit
C00108,Mortgage,Credit
C00109,Savings Account,Digital
C00109,Debit Card,Digital
C00109,Mobile Banking,Digital
C00110,Savings Account,Wealth
C00110,Debit Card,Wealth
C00110,Personal Loan,Wealth
C00110,Mortgage,Wealth
C00110,Investment,Wealth
C00110,Time Deposit,Wealth
C00111,Debit Card,Wealth
C00111,Mobile Banking,Wealth
C00111,Credit Card,Wealth
C00111,Mortgage,Wealth
C00111,Investment,Wealth
C00111,E-Wallet,Wealth
C00111,Time Deposit,Wealth
C00111,Savings Account,Wealth
C00112,Debit Card,Digital
C00112,Mobile Banking,Digital
C00112,Insurance,Digital
C00112,E-Wallet,Digital
C00112,Savings Account,Digital
C00113,Savings Account,Digital
C00113,Debit Card,Digital
C00113,Mobile Banking,Digital
C00113,Credit Card,Digital
C00113,E-Wallet,Digital
C00114,Savings Account,Digital
C00114,Debit Card,Digital
C00114,Mobile Banking,Digital
C00114,Credit Card,Digital
C00114,Investment,Digital
C00114,Insurance,Digital
C00114,E-Wallet,Digital
C00115,Mobile Banking,Digital
C00115,Mortgage,Digital
C00115,Savings Account,Digital
C00116,Savings Account,Basic
C00116,E-Wallet,Basic
C00117,Savings Account,Digital
C00117,Mobile Banking,Digital
C00118,Savings Account,Digital
C00118,Debit Card,Digital
C00118,Mobile Banking,Digital
C00118,E-Wallet,Digital
C00119,Savings Account,Wealth
C00119,Debit Card,Wealth
C00119,Mobile Banking,Wealth
C00119,Time Deposit,Wealth
C00120,Savings Account,Basic
C00120,Credit Card,Basic
C00120,Personal Loan,Basic
C00120,Insurance,Basic
C00121,Savings Account,Credit
C00121,Debit Card,Credit
C00121,Credit Card,Credit
C00121,E-Wallet,Credit
C00122,Savings Account,Credit
C00122,Personal Loan,Credit
C00122,E-Wallet,Credit
C00123,Savings Account,Credit
C00123,Mobile Banking,Credit
C00123,Credit Card,Credit
C00123,Personal Loan,Credit
C00124,Debit Card,Digital
C00124,Mobile Banking,Digital
C00124,E-Wallet,Digital
C00124,Time Deposit,Digital
C00124,Savings Account,Digital
C00125,Savings Account,Credit
C00125,Debit Card,Credit
C00125,Mobile Banking,Credit
C00125,Credit Card,Credit
C00125,Personal Loan,Credit
C00125,Mortgage,Credit
C00126,Savings Account,Digital
C00126,Mobile Banking,Digital
C00126,Mortgage,Digital
C00126,Time Deposit,Digital
C00127,Savings Account,Wealth
C00127,Mobile Banking,Wealth
C00127,Mortgage,Wealth
C00127,Investment,Wealth
C00127,E-Wallet,Wealth
C00127,Time Deposit,Wealth
C00128,Savings Account,Basic
C00128,Debit Card,Basic
C00128,Mobile Banking,Basic
C00128,Credit Card,Basic
C00129,Savings Account,Basic
C00129,Debit Card,Basic
C00130,Savings Account,Basic
C00130,Debit Card,Basic
C00130,Insurance,Basic
C00131,Savings Account,Basic
C00131,Debit Card,Basic
C00131,Mobile Banking,Basic
C00132,Savings Account,Digital
C00132,Debit Card,Digital
C00132,Mobile Banking,Digital
C00133,Debit Card,Basic
C00133,Mobile Banking,Basic
C00133,Savings Account,Basic
C00134,Savings Account,Digital
C00134,Debit Card,Digital
C00134,Mobile Banking,Digital
C00134,Credit Card,Digital
C00134,E-Wallet,Digital
C00135,Savings Account,Credit
C00135,Debit Card,Credit
C00135,Credit Card,Credit
C00135,Personal Loan,Credit
C00135,Investment,Credit
C00135,E-Wallet,Credit
C00136,Debit Card,Digital
C00136,Mobile Banking,Digital
C00136,Personal Loan,Digital
C00136,E-Wallet,Digital
C00136,Savings Account,Digital
C00137,Savings Account,Basic
C00137,Debit Card,Basic
C00138,Savings Account,Credit
C00138,Debit Card,Credit
C00138,Mobile Banking,Credit
C00138,Credit Card,Credit
C00138,E-Wallet,Credit
C00139,Savings Account,Digital
C00139,Debit Card,Digital
C00139,Mobile Banking,Digital
C00139,E-Wallet,Digital
C00140,Savings Account,Digital
C00140,Debit Card,Digital
C00140,Mobile Banking,Digital
C00140,Personal Loan,Digital
C00141,Savings Account,Basic
C00141,Debit Card,Basic
C00141,Mobile Banking,Basic
C00142,Savings Account,Credit
C00142,Debit Card,Credit
C00142,Mobile Banking,Credit
C00143,Credit Card,Basic
C00143,Personal Loan,Basic
C00143,Savings Account,Basic
C00144,Savings Account,Basic
C00144,Debit Card,Basic
C00145,Debit Card,Credit
C00145,Mobile Banking,Credit
C00145,Credit Card,Credit
C00145,Personal Loan,Credit
C00145,Mortgage,Credit
C00145,Investment,Credit
C00145,Savings Account,Credit
C00146,Savings Account,Wealth
C00146,Debit Card,Wealth
C00146,Credit Card,Wealth
C00146,Mortgage,Wealth
C00146,Investment,Wealth
C00146,Time Deposit,Wealth
C00147,Savings Account,Basic
C00147,Debit Card,Basic
C00147,Mobile Banking,Basic
C00147,Time Deposit,Basic
C00148,Debit Card,Credit
C00148,Mobile Banking,Credit
C00148,Credit Card,Credit
C00148,Mortgage,Credit
C00148,Savings Account,Credit
C00149,Savings Account,Digital
C00149,Debit Card,Digital
C00149,Mobile Banking,Digital
C00150,Debit Card,Wealth
C00150,Mobile Banking,Wealth
C00150,Credit Card,Wealth
C00150,Investment,Wealth
C00150,Savings Account,Wealth
C00151,Savings Account,Digital
C00151,Debit Card,Digital
C00151,Mobile Banking,Digital
C00151,E-Wallet,Digital
C00152,Savings Account,Credit
C00152,Debit Card,Credit
C00152,Investment,Credit
C00153,Savings Account,Wealth
C00153,Investment,Wealth
C00154,Savings Account,Digital
C00154,Debit Card,Digital
C00154,Mobile Banking,Digital
C00154,E-Wallet,Digital
C00155,Savings Account,Wealth
C00155,Debit Card,Wealth
C00155,Insurance,Wealth
C00155,Time Deposit,Wealth
C00156,Savings Account,Basic
C00156,Debit Card,Basic
C00157,Savings Account,Digital
C00157,Debit Card,Digital
C00157,Mobile Banking,Digital
C00157,Credit Card,Digital
C00157,E-Wallet,Digital
C00158,Savings Account,Basic
C00158,Debit Card,Basic
C00158,Credit Card,Basic
C00159,Savings Account,Credit
C00159,Debit Card,Credit
C00159,Mobile Banking,Credit
C00159,Credit Card,Credit
C00160,Savings Account,Credit
C00160,Debit Card,Credit
C00160,Personal Loan,Credit
C00161,Savings Account,Digital
C00161,Debit Card,Digital
C00161,Mobile Banking,Digital
C00161,Credit Card,Digital
C00161,Personal Loan,Digital
C00161,Investment,Digital
C00161,Insurance,Digital
C00162,Savings Account,Wealth
C00162,Mobile Banking,Wealth
C00162,Credit Card,Wealth
C00162,Investment,Wealth
C00162,E-Wallet,Wealth
C00163,Savings Account,Digital
C00163,Debit Card,Digital
C00163,Mobile Banking,Digital
C00163,Credit Card,Digital
C00163,Investment,Digital
C00163,E-Wallet,Digital
C00164,Debit Card,Wealth
C00164,Mobile Banking,Wealth
C00164,Credit Card,Wealth
C00164,Investment,Wealth
C00164,E-Wallet,Wealth
C00164,Savings Account,Wealth
C00165,Savings Account,Wealth
C00165,Debit Card,Wealth
C00165,Mobile Banking,Wealth
C00165,Credit Card,Wealth
C00165,Personal Loan,Wealth
C00165,Mortgage,Wealth
C00165,Investment,Wealth
C00166,Savings Account,Credit
C00166,Debit Card,Credit
C00166,Mobile Banking,Credit
C00166,Credit Card,Credit
C00166,Time Deposit,Credit
C00167,Savings Account,Credit
C00167,Mobile Banking,Credit
C00167,Credit Card,Credit
C00167,E-Wallet,Credit
C00167,Time Deposit,Credit
C00168,Savings Account,Credit
C00168,Debit Card,Credit
C00168,Mobile Banking,Credit
C00168,Credit Card,Credit
C00168,Personal Loan,Credit
C00169,Savings Account,Credit
C00169,Debit Card,Credit
C00169,Credit Card,Credit
C00169,E-Wallet,Credit
C00170,Savings Account,Digital
C00170,E-Wallet,Digital
C00171,Savings Account,Digital
C00171,E-Wallet,Digital
C00172,Savings Account,Credit
C00172,Debit Card,Credit
C00172,Mobile Banking,Credit
C00172,Credit Card,Credit
C00172,Personal Loan,Credit
C00172,Mortgage,Credit
C00172,E-Wallet,Credit
C00173,Savings Account,Credit
C00173,Debit Card,Credit
C00173,Mobile Banking,Credit
C00173,Credit Card,Credit
C00173,Personal Loan,Credit
C00173,Mortgage,Credit
C00173,Investment,Credit
C00173,E-Wallet,Credit
C00174,Savings Account,Digital
C00174,Debit Card,Digital
C00174,Mobile Banking,Digital
C00174,Credit Card,Digital
C00174,Investment,Digital
C00174,Insurance,Digital
C00175,Savings Account,Digital
C00175,Debit Card,Digital
C00175,Mobile Banking,Digital
C00175,E-Wallet,Digital
C00176,Savings Account,Digital
C00176,Debit Card,Digital
C00176,Mobile Banking,Digital
C00177,Savings Account,Credit
C00177,Debit Card,Credit
C00177,Mobile Banking,Credit
C00177,Credit Card,Credit
C00177,Personal Loan,Credit
C00178,Savings Account,Basic
C00178,Credit Card,Basic
C00178,Time Deposit,Basic
C00179,Savings Account,Basic
C00179,Debit Card,Basic
C00179,Mobile Banking,Basic
C00180,Savings Account,Credit
C00180,Credit Card,Credit
C00180,Personal Loan,Credit
C00181,Savings Account,Basic
C00181,Mobile Banking,Basic
C00181,E-Wallet,Basic
C00182,Savings Account,Wealth
C00182,Debit Card,Wealth
C00182,Mobile Banking,Wealth
C00182,Mortgage,Wealth
C00182,Time Deposit,Wealth
C00183,Savings Account,Basic
C00183,Debit Card,Basic
C00183,Insurance,Basic
C00184,Savings Account,Credit
C00184,Debit Card,Credit
C00184,Mobile Banking,Credit
C00184,Credit Card,Credit
C00184,Insurance,Credit
C00184,E-Wallet,Credit
C00185,Savings Account,Credit
C00185,Debit Card,Credit
C00185,Mobile Banking,Credit
C00185,Credit Card,Credit
C00185,Mortgage,Credit
C00185,Time Deposit,Credit
C00186,Debit Card,Wealth
C00186,Mobile Banking,Wealth
C00186,Investment,Wealth
C00186,Time Deposit,Wealth
C00186,Savings Account,Wealth
C00187,Savings Account,Credit
C00187,Debit Card,Credit
C00187,Mobile Banking,Credit
C00187,Personal Loan,Credit
C00188,Savings Account,Credit
C00188,Debit Card,Credit
C00188,Credit Card,Credit
C00188,Personal Loan,Credit
C00188,Mortgage,Credit
C00189,Savings Account,Digital
C00189,Mobile Banking,Digital
C00189,Credit Card,Digital
C00189,E-Wallet,Digital
C00190,Savings Account,Digital
C00190,Debit Card,Digital
C00190,Mobile Banking,Digital
C00190,Credit Card,Digital
C00191,Debit Card,Credit
C00191,Mobile Banking,Credit
C00191,Personal Loan,Credit
C00191,Mortgage,Credit
C00191,Insurance,Credit
C00191,E-Wallet,Credit
C00191,Savings Account,Credit
C00192,Mobile Banking,Digital
C00192,Insurance,Digital
C00192,E-Wallet,Digital
C00192,Savings Account,Digital
C00193,Savings Account,Digital
C00193,Debit Card,Digital
C00193,Credit Card,Digital
C00193,Personal Loan,Digital
C00193,E-Wallet,Digital
C00194,Savings Account,Digital
C00194,Debit Card,Digital
C00194,Mobile Banking,Digital
C00194,Credit Card,Digital
C00194,Personal Loan,Digital
C00194,Mortgage,Digital
C00195,Savings Account,Credit
C00195,Debit Card,Credit
C00196,Savings Account,Basic
C00196,Credit Card,Basic
C00196,Mortgage,Basic
C00197,Savings Account,Digital
C00197,Debit Card,Digital
C00197,Mobile Banking,Digital
C00197,E-Wallet,Digital
C00198,Savings Account,Credit
C00198,Debit Card,Credit
C00198,Mobile Banking,Credit
C00198,Credit Card,Credit
C00198,Personal Loan,Credit
C00198,Mortgage,Credit
C00199,E-Wallet,Digital
C00199,Savings Account,Digital
C00200,Savings Account,Basic
C00200,Debit Card,Basic
C00200,Credit Card,Basic
C00201,Mobile Banking,Digital
C00201,Credit Card,Digital
C00201,Insurance,Digital
C00201,E-Wallet,Digital
C00201,Savings Account,Digital
C00202,Debit Card,Credit
C00202,Credit Card,Credit
C00202,Personal Loan,Credit
C00202,Savings Account,Credit
C00203,Savings Account,Credit
C00203,Mobile Banking,Credit
C00203,Credit Card,Credit
C00203,Personal Loan,Credit
C00203,Mortgage,Credit
C00203,Time Deposit,Credit
C00204,Savings Account,Basic
C00204,Mobile Banking,Basic
C00204,Insurance,Basic
C00205,Savings Account,Credit
C00205,Debit Card,Credit
C00205,Mobile Banking,Credit
C00205,Credit Card,Credit
C00205,Personal Loan,Credit
C00206,Debit Card,Credit
C00206,Mobile Banking,Credit
C00206,Credit Card,Credit
C00206,Insurance,Credit
C00206,Savings Account,Credit
C00207,Savings Account,Wealth
C00207,E-Wallet,Wealth
C00207,Time Deposit,Wealth
C00208,Debit Card,Digital
C00208,Mobile Banking,Digital
C00208,Credit Card,Digital
C00208,Insurance,Digital
C00208,Savings Account,Digital
C00209,Savings Account,Digital
C00209,Mobile Banking,Digital
C00209,Investment,Digital
C00209,E-Wallet,Digital
C00209,Time Deposit,Digital
C00210,Mobile Banking,Wealth
C00210,Credit Card,Wealth
C00210,Mortgage,Wealth
C00210,Investment,Wealth
C00210,Insurance,Wealth
C00210,Savings Account,Wealth
C00211,Savings Account,Basic
C00211,Debit Card,Basic
C00211,Mobile Banking,Basic
C00211,Time Deposit,Basic
C00212,Savings Account,Digital
C00212,Debit Card,Digital
C00212,Mobile Banking,Digital
C00212,E-Wallet,Digital
C00213,Savings Account,Basic
C00213,Debit Card,Basic
C00213,E-Wallet,Basic
C00214,Debit Card,Digital
C00214,Mobile Banking,Digital
C00214,Personal Loan,Digital
C00214,Mortgage,Digital
C00214,Investment,Digital
C00214,E-Wallet,Digital
C00214,Savings Account,Digital
C00215,Savings Account,Credit
C00215,Debit Card,Credit
C00215,Mobile Banking,Credit
C00215,Personal Loan,Credit
C00215,Investment,Credit
C00216,Savings Account,Wealth
C00216,Debit Card,Wealth
C00216,Mobile Banking,Wealth
C00216,Credit Card,Wealth
C00216,Mortgage,Wealth
C00216,Investment,Wealth
C00216,Insurance,Wealth
C00216,Time Deposit,Wealth
C00217,Savings Account,Basic
C00217,Debit Card,Basic
C00217,Investment,Basic
C00217,Insurance,Basic
C00218,Debit Card,Digital
C00218,Mobile Banking,Digital
C00218,Mortgage,Digital
C00218,E-Wallet,Digital
C00218,Savings Account,Digital
C00219,Savings Account,Digital
C00219,Debit Card,Digital
C00219,Mobile Banking,Digital
C00219,E-Wallet,Digital
C00220,Savings Account,Basic
C00220,Mobile Banking,Basic
C00220,E-Wallet,Basic
C00221,Savings Account,Digital
C00221,Mobile Banking,Digital
C00221,Mortgage,Digital
C00222,Savings Account,Wealth
C00222,Debit Card,Wealth
C00222,Investment,Wealth
C00222,Time Deposit,Wealth
C00223,Savings Account,Digital
C00223,Debit Card,Digital
C00223,Mobile Banking,Digital
C00223,Credit Card,Digital
C00224,Savings Account,Wealth
C00224,Debit Card,Wealth
C00224,Mobile Banking,Wealth
C00224,Credit Card,Wealth
C00224,E-Wallet,Wealth
C00224,Time Deposit,Wealth
C00225,Mobile Banking,Digital
C00225,E-Wallet,Digital
C00225,Savings Account,Digital
C00226,Savings Account,Digital
C00226,Debit Card,Digital
C00226,Mobile Banking,Digital
C00226,Investment,Digital
C00227,Debit Card,Wealth
C00227,Mobile Banking,Wealth
C00227,Mortgage,Wealth
C00227,Time Deposit,Wealth
C00227,Savings Account,Wealth
C00228,Debit Card,Digital
C00228,Mobile Banking,Digital
C00228,Insurance,Digital
C00228,Savings Account,Digital
C00229,Savings Account,Credit
C00229,Debit Card,Credit
C00229,Mobile Banking,Credit
C00229,Credit Card,Credit
C00229,Personal Loan,Credit
C00229,Insurance,Credit
C00229,E-Wallet,Credit
C00230,Savings Account,Digital
C00230,Debit Card,Digital
C00230,Mobile Banking,Digital
C00231,Savings Account,Credit
C00231,Debit Card,Credit
C00231,Mobile Banking,Credit
C00231,Insurance,Credit
C00232,Savings Account,Credit
C00232,Debit Card,Credit
C00232,Mobile Banking,Credit
C00232,Credit Card,Credit
C00232,Mortgage,Credit
C00233,Debit Card,Credit
C00233,Credit Card,Credit
C00233,Personal Loan,Credit
C00233,Investment,Credit
C00233,Savings Account,Credit
C00234,Savings Account,Credit
C00234,Debit Card,Credit
C00234,Mobile Banking,Credit
C00234,Credit Card,Credit
C00234,Investment,Credit
C00235,Savings Account,Credit
C00235,Debit Card,Credit
C00235,Credit Card,Credit
C00235,Mortgage,Credit
C00235,Insurance,Credit
C00235,E-Wallet,Credit
C00235,Time Deposit,Credit
C00236,Savings Account,Credit
C00236,Debit Card,Credit
C00236,Mobile Banking,Credit
C00236,Credit Card,Credit
C00236,Insurance,Credit
C00236,E-Wallet,Credit
C00237,Savings Account,Digital
C00237,Insurance,Digital
C00237,E-Wallet,Digital
C00238,Savings Account,Digital
C00238,Debit Card,Digital
C00238,Mobile Banking,Digital
C00238,E-Wallet,Digital
C00239,Savings Account,Basic
C00239,Debit Card,Basic
C00240,Savings Account,Digital
C00240,Debit Card,Digital
C00240,Mobile Banking,Digital
C00241,Debit Card,Wealth
C00241,Credit Card,Wealth
C00241,Savings Account,Wealth
C00242,Debit Card,Credit
C00242,Mobile Banking,Credit
C00242,Personal Loan,Credit
C00242,Savings Account,Credit
C00243,Savings Account,Credit
C00243,Debit Card,Credit
C00243,Personal Loan,Credit
C00244,Savings Account,Credit
C00244,Debit Card,Credit
C00244,Mobile Banking,Credit
C00244,E-Wallet,Credit
C00245,Debit Card,Digital
C00245,Mobile Banking,Digital
C00245,Credit Card,Digital
C00245,Savings Account,Digital
C00246,Debit Card,Digital
C00246,Mobile Banking,Digital
C00246,Savings Account,Digital
C00247,Savings Account,Basic
C00247,Debit Card,Basic
C00248,Savings Account,Basic
C00248,Debit Card,Basic
C00249,Debit Card,Credit
C00249,Mobile Banking,Credit
C00249,Credit Card,Credit
C00249,Personal Loan,Credit
C00249,Insurance,Credit
C00249,Savings Account,Credit
C00250,Savings Account,Credit
C00250,Debit Card,Credit
C00250,Mobile Banking,Credit
C00250,Personal Loan,Credit
C00250,Insurance,Credit
C00250,Time Deposit,Credit
C00251,Mobile Banking,Digital
C00251,E-Wallet,Digital
C00251,Savings Account,Digital
C00252,Savings Account,Basic
C00252,Debit Card,Basic
C00252,Mobile Banking,Basic
C00252,E-Wallet,Basic
C00253,Savings Account,Basic
C00253,Mobile Banking,Basic
C00253,E-Wallet,Basic
C00254,Savings Account,Credit
C00254,Debit Card,Credit
C00254,Credit Card,Credit
C00254,Insurance,Credit
C00255,Savings Account,Basic
C00255,Debit Card,Basic
C00255,Mobile Banking,Basic
C00255,Insurance,Basic
C00256,Savings Account,Digital
C00256,Debit Card,Digital
C00256,Mobile Banking,Digital
C00256,Credit Card,Digital
C00256,Personal Loan,Digital
C00256,Insurance,Digital
C00256,E-Wallet,Digital
C00257,Savings Account,Digital
C00257,Debit Card,Digital
C00257,Credit Card,Digital
C00257,Mortgage,Digital
C00258,Debit Card,Digital
C00258,Mobile Banking,Digital
C00258,E-Wallet,Digital
C00258,Savings Account,Digital
C00259,Savings Account,Credit
C00259,Debit Card,Credit
C00259,Mobile Banking,Credit
C00259,Credit Card,Credit
C00259,Personal Loan,Credit
C00259,E-Wallet,Credit
C00260,Savings Account,Credit
C00260,Debit Card,Credit
C00260,Credit Card,Credit
C00261,Savings Account,Credit
C00261,Debit Card,Credit
C00261,Mobile Banking,Credit
C00261,Credit Card,Credit
C00261,Personal Loan,Credit
C00261,E-Wallet,Credit
C00262,Savings Account,Credit
C00262,Debit Card,Credit
C00262,Mobile Banking,Credit
C00262,Credit Card,Credit
C00262,Personal Loan,Credit
C00262,Insurance,Credit
C00262,E-Wallet,Credit
C00262,Time Deposit,Credit
C00263,Savings Account,Credit
C00263,Debit Card,Credit
C00263,Mobile Banking,Credit
C00263,Credit Card,Credit
C00263,Mortgage,Credit
C00263,Insurance,Credit
C00264,Debit Card,Credit
C00264,Credit Card,Credit
C00264,E-Wallet,Credit
C00264,Savings Account,Credit
C00265,Savings Account,Credit
C00265,Mobile Banking,Credit
C00266,Savings Account,Digital
C00266,Mobile Banking,Digital
C00266,Mortgage,Digital
C00266,E-Wallet,Digital
C00267,Savings Account,Wealth
C00267,Debit Card,Wealth
C00267,Time Deposit,Wealth
C00268,Savings Account,Digital
C00268,Debit Card,Digital
C00268,Credit Card,Digital
C00268,E-Wallet,Digital
C00269,Debit Card,Basic
C00269,Credit Card,Basic
C00269,E-Wallet,Basic
C00269,Savings Account,Basic
C00270,Savings Account,Basic
C00270,Mobile Banking,Basic
C00271,Savings Account,Credit
C00271,Debit Card,Credit
C00271,Credit Card,Credit
C00272,Savings Account,Digital
C00272,Debit Card,Digital
C00272,Mobile Banking,Digital
C00272,Credit Card,Digital
C00272,Personal Loan,Digital
C00273,Savings Account,Digital
C00273,Debit Card,Digital
C00273,Mobile Banking,Digital
C00273,Investment,Digital
C00273,E-Wallet,Digital
C00274,Savings Account,Wealth
C00274,Mobile Banking,Wealth
C00274,Credit Card,Wealth
C00274,Personal Loan,Wealth
C00274,Investment,Wealth
C00275,Mobile Banking,Digital
C00275,Credit Card,Digital
C00275,E-Wallet,Digital
C00275,Savings Account,Digital
C00276,Savings Account,Digital
C00276,Mobile Banking,Digital
C00276,Mortgage,Digital
C00277,Savings Account,Credit
C00277,Debit Card,Credit
C00277,Mobile Banking,Credit
C00277,Credit Card,Credit
C00278,Debit Card,Credit
C00278,Credit Card,Credit
C00278,Savings Account,Credit
C00279,Savings Account,Digital
C00279,Debit Card,Digital
C00279,Mobile Banking,Digital
C00279,Credit Card,Digital
C00279,E-Wallet,Digital
C00280,Savings Account,Credit
C00280,Credit Card,Credit
C00281,Savings Account,Digital
C00281,Debit Card,Digital
C00281,Mobile Banking,Digital
C00282,Credit Card,Basic
C00282,Savings Account,Basic
C00283,Savings Account,Basic
C00283,Debit Card,Basic
C00284,Savings Account,Wealth
C00284,Debit Card,Wealth
C00284,Mobile Banking,Wealth
C00284,Mortgage,Wealth
C00284,Investment,Wealth
C00284,Insurance,Wealth
C00284,Time Deposit,Wealth
C00285,Savings Account,Digital
C00285,Debit Card,Digital
C00285,Mobile Banking,Digital
C00285,Insurance,Digital
C00285,E-Wallet,Digital
C00286,Debit Card,Wealth
C00286,Credit Card,Wealth
C00286,Mortgage,Wealth
C00286,Insurance,Wealth
C00286,Time Deposit,Wealth
C00286,Savings Account,Wealth
C00287,Savings Account,Wealth
C00287,Mobile Banking,Wealth
C00287,Credit Card,Wealth
C00287,Investment,Wealth
C00287,Insurance,Wealth
C00287,Time Deposit,Wealth
C00288,Debit Card,Digital
C00288,E-Wallet,Digital
C00288,Savings Account,Digital
C00289,Savings Account,Digital
C00289,Mobile Banking,Digital
C00289,Investment,Digital
C00289,E-Wallet,Digital
C00289,Time Deposit,Digital
C00290,Debit Card,Credit
C00290,Mobile Banking,Credit
C00290,Credit Card,Credit
C00290,Personal Loan,Credit
C00290,Mortgage,Credit
C00290,E-Wallet,Credit
C00290,Savings Account,Credit
C00291,Savings Account,Digital
C00291,Debit Card,Digital
C00291,Mobile Banking,Digital
C00291,Investment,Digital
C00291,Insurance,Digital
C00292,Debit Card,Basic
C00292,Personal Loan,Basic
C00292,Insurance,Basic
C00292,Savings Account,Basic
C00293,Savings Account,Wealth
C00293,Debit Card,Wealth
C00293,Credit Card,Wealth
C00293,Personal Loan,Wealth
C00293,Mortgage,Wealth
C00293,Investment,Wealth
C00293,Insurance,Wealth
C00294,Savings Account,Wealth
C00294,Credit Card,Wealth
C00294,Investment,Wealth
C00294,Insurance,Wealth
C00294,Time Deposit,Wealth
C00295,Savings Account,Digital
C00295,Mobile Banking,Digital
C00295,E-Wallet,Digital
C00296,Savings Account,Credit
C00296,Debit Card,Credit
C00296,Credit Card,Credit
C00296,E-Wallet,Credit
C00297,Savings Account,Digital
C00297,Debit Card,Digital
C00297,Mobile Banking,Digital
C00297,Credit Card,Digital
C00297,Mortgage,Digital
C00297,E-Wallet,Digital
C00298,Debit Card,Wealth
C00298,Time Deposit,Wealth
C00298,Savings Account,Wealth
C00299,Savings Account,Digital
C00299,Debit Card,Digital
C00299,Mobile Banking,Digital
C00299,Credit Card,Digital
C00299,Personal Loan,Digital
C00299,E-Wallet,Digital
C00299,Time Deposit,Digital
C00300,Savings Account,Credit
C00300,Debit Card,Credit
C00300,Mobile Banking,Credit
C00300,Credit Card,Credit
C00300,Personal Loan,Credit
C00300,Time Deposit,Credit
C00301,Savings Account,Basic
C00301,Debit Card,Basic
C00301,Personal Loan,Basic
C00301,Investment,Basic
C00301,E-Wallet,Basic
C00302,Savings Account,Basic
C00302,Debit Card,Basic
C00302,Mobile Banking,Basic
C00302,Credit Card,Basic
C00302,E-Wallet,Basic
C00303,Debit Card,Wealth
C00303,Credit Card,Wealth
C00303,Investment,Wealth
C00303,Time Deposit,Wealth
C00303,Savings Account,Wealth
C00304,Savings Account,Digital
C00304,Debit Card,Digital
C00304,Mobile Banking,Digital
C00304,E-Wallet,Digital
C00305,Savings Account,Credit
C00305,Debit Card,Credit
C00305,Mobile Banking,Credit
C00305,Personal Loan,Credit
C00305,Mortgage,Credit
C00305,Insurance,Credit
C00306,Savings Account,Credit
C00306,Debit Card,Credit
C00306,Credit Card,Credit
C00306,Personal Loan,Credit
C00307,Savings Account,Wealth
C00307,Debit Card,Wealth
C00307,Mobile Banking,Wealth
C00307,Personal Loan,Wealth
C00307,Investment,Wealth
C00307,Time Deposit,Wealth
C00308,Savings Account,Basic
C00308,Mobile Banking,Basic
C00309,Savings Account,Credit
C00309,Debit Card,Credit
C00309,Personal Loan,Credit
C00309,Insurance,Credit
C00309,E-Wallet,Credit
C00310,Savings Account,Credit
C00310,Debit Card,Credit
C00310,Mobile Banking,Credit
C00310,Time Deposit,Credit
C00311,Savings Account,Wealth
C00311,Debit Card,Wealth
C00311,Mobile Banking,Wealth
C00311,Credit Card,Wealth
C00311,Insurance,Wealth
C00312,Savings Account,Digital
C00312,Debit Card,Digital
C00312,Mobile Banking,Digital
C00312,Personal Loan,Digital
C00312,E-Wallet,Digital
C00313,Savings Account,Basic
C00313,Debit Card,Basic
C00313,Mortgage,Basic
C00313,E-Wallet,Basic
C00313,Time Deposit,Basic
C00314,Debit Card,Credit
C00314,Personal Loan,Credit
C00314,E-Wallet,Credit
C00314,Time Deposit,Credit
C00314,Savings Account,Credit
C00315,Savings Account,Basic
C00315,Credit Card,Basic
C00315,Insurance,Basic
C00316,Savings Account,Wealth
C00316,Debit Card,Wealth
C00316,Mobile Banking,Wealth
C00316,Investment,Wealth
C00316,Insurance,Wealth
C00316,Time Deposit,Wealth
C00317,Savings Account,Basic
C00317,Debit Card,Basic
C00318,Savings Account,Wealth
C00318,Debit Card,Wealth
C00318,Mobile Banking,Wealth
C00318,Credit Card,Wealth
C00318,Investment,Wealth
C00319,Debit Card,Credit
C00319,Mobile Banking,Credit
C00319,Credit Card,Credit
C00319,Savings Account,Credit
C00320,Debit Card,Digital
C00320,Insurance,Digital
C00320,E-Wallet,Digital
C00320,Savings Account,Digital
C00321,Debit Card,Credit
C00321,Mobile Banking,Credit
C00321,Credit Card,Credit
C00321,Personal Loan,Credit
C00321,Mortgage,Credit
C00321,Time Deposit,Credit
C00321,Savings Account,Credit
C00322,Savings Account,Digital
C00322,Debit Card,Digital
C00322,Mobile Banking,Digital
C00323,Savings Account,Basic
C00323,Debit Card,Basic
C00324,Savings Account,Credit
C00324,Debit Card,Credit
C00324,Mobile Banking,Credit
C00325,Savings Account,Basic
C00325,Debit Card,Basic
C00326,Debit Card,Credit
C00326,Credit Card,Credit
C00326,Savings Account,Credit
C00327,Savings Account,Credit
C00327,Debit Card,Credit
C00327,Mobile Banking,Credit
C00327,Personal Loan,Credit
C00327,Investment,Credit
C00327,Insurance,Credit
C00328,Debit Card,Basic
C00328,Mobile Banking,Basic
C00328,Credit Card,Basic
C00328,Insurance,Basic
C00328,E-Wallet,Basic
C00328,Savings Account,Basic
C00329,Savings Account,Digital
C00329,Debit Card,Digital
C00329,Mobile Banking,Digital
C00329,E-Wallet,Digital
C00330,Savings Account,Basic
C00330,Debit Card,Basic
C00331,Debit Card,Digital
C00331,Mobile Banking,Digital
C00331,Personal Loan,Digital
C00331,E-Wallet,Digital
C00331,Savings Account,Digital
C00332,Debit Card,Digital
C00332,Mobile Banking,Digital
C00332,E-Wallet,Digital
C00332,Savings Account,Digital
C00333,Savings Account,Digital
C00333,Debit Card,Digital
C00333,Mobile Banking,Digital
C00333,Credit Card,Digital
C00333,Investment,Digital
C00334,Savings Account,Wealth
C00334,Debit Card,Wealth
C00334,Mobile Banking,Wealth
C00334,Credit Card,Wealth
C00334,Investment,Wealth
C00334,Time Deposit,Wealth
C00335,Debit Card,Wealth
C00335,Mobile Banking,Wealth
C00335,Credit Card,Wealth
C00335,Personal Loan,Wealth
C00335,Investment,Wealth
C00335,Insurance,Wealth
C00335,Time Deposit,Wealth
C00335,Savings Account,Wealth
C00336,Savings Account,Digital
C00336,Mobile Banking,Digital
C00336,Personal Loan,Digital
C00336,Investment,Digital
C00337,Savings Account,Digital
C00337,Debit Card,Digital
C00337,Mobile Banking,Digital
C00337,Insurance,Digital
C00337,E-Wallet,Digital
C00338,Savings Account,Wealth
C00338,Debit Card,Wealth
C00339,Savings Account,Basic
C00339,Debit Card,Basic
C00340,Mobile Banking,Wealth
C00340,Investment,Wealth
C00340,Time Deposit,Wealth
C00340,Savings Account,Wealth
C00341,Savings Account,Digital
C00341,Mobile Banking,Digital
C00341,Credit Card,Digital
C00341,E-Wallet,Digital
C00341,Time Deposit,Digital
C00342,Savings Account,Credit
C00342,Debit Card,Credit
C00342,Mobile Banking,Credit
C00342,Credit Card,Credit
C00342,Personal Loan,Credit
C00342,Insurance,Credit
C00343,Savings Account,Digital
C00343,Debit Card,Digital
C00343,Mobile Banking,Digital
C00344,Savings Account,Basic
C00344,Debit Card,Basic
C00344,Credit Card,Basic
C00345,Mobile Banking,Credit
C00345,Credit Card,Credit
C00345,Insurance,Credit
C00345,E-Wallet,Credit
C00345,Savings Account,Credit
C00346,Savings Account,Wealth
C00346,Mobile Banking,Wealth
C00346,Credit Card,Wealth
C00346,Personal Loan,Wealth
C00346,Mortgage,Wealth
C00346,Investment,Wealth
C00346,Insurance,Wealth
C00346,E-Wallet,Wealth
C00346,Time Deposit,Wealth
C00347,Savings Account,Wealth
C00347,Personal Loan,Wealth
C00347,Investment,Wealth
C00347,Insurance,Wealth
C00347,Time Deposit,Wealth
C00348,Savings Account,Digital
C00348,Mobile Banking,Digital
C00348,Mortgage,Digital
C00348,E-Wallet,Digital
C00349,Savings Account,Basic
C00349,Debit Card,Basic
C00349,E-Wallet,Basic
C00350,Savings Account,Digital
C00350,Debit Card,Digital
C00350,Mobile Banking,Digital
C00350,E-Wallet,Digital
C00351,Savings Account,Credit
C00351,Debit Card,Credit
C00351,Mobile Banking,Credit
C00351,Credit Card,Credit
C00351,Personal Loan,Credit
C00351,E-Wallet,Credit
C00352,Savings Account,Digital
C00352,Debit Card,Digital
C00352,Credit Card,Digital
C00352,E-Wallet,Digital
C00353,Savings Account,Digital
C00353,Mobile Banking,Digital
C00353,Credit Card,Digital
C00353,Mortgage,Digital
C00354,Debit Card,Credit
C00354,Savings Account,Credit
C00355,Savings Account,Basic
C00355,Debit Card,Basic
C00355,Mobile Banking,Basic
C00355,Credit Card,Basic
C00356,Mobile Banking,Wealth
C00356,Insurance,Wealth
C00356,Time Deposit,Wealth
C00356,Savings Account,Wealth
C00357,Savings Account,Credit
C00357,Debit Card,Credit
C00357,Mobile Banking,Credit
C00357,Credit Card,Credit
C00358,Savings Account,Basic
C00358,Mortgage,Basic
C00359,Savings Account,Credit
C00359,Debit Card,Credit
C00359,Mobile Banking,Credit
C00359,Credit Card,Credit
C00359,Mortgage,Credit
C00359,E-Wallet,Credit
C00360,Savings Account,Digital
C00360,Personal Loan,Digital
C00360,E-Wallet,Digital
C00361,Savings Account,Digital
C00361,Debit Card,Digital
C00361,Mobile Banking,Digital
C00361,Credit Card,Digital
C00361,Personal Loan,Digital
C00361,E-Wallet,Digital
C00362,Savings Account,Digital
C00362,Debit Card,Digital
C00362,Mobile Banking,Digital
C00362,Credit Card,Digital
C00362,Personal Loan,Digital
C00362,E-Wallet,Digital
C00363,Savings Account,Credit
C00363,Debit Card,Credit
C00363,Mobile Banking,Credit
C00363,Credit Card,Credit
C00363,Personal Loan,Credit
C00363,Time Deposit,Credit
C00364,Savings Account,Digital
C00364,Debit Card,Digital
C00364,Mobile Banking,Digital
C00365,Savings Account,Credit
C00365,Debit Card,Credit
C00365,Mobile Banking,Credit
C00365,Credit Card,Credit
C00365,E-Wallet,Credit
C00366,Savings Account,Credit
C00366,Debit Card,Credit
C00366,Mobile Banking,Credit
C00366,Credit Card,Credit
C00366,Personal Loan,Credit
C00366,Mortgage,Credit
C00367,Savings Account,Wealth
C00367,Debit Card,Wealth
C00367,Credit Card,Wealth
C00367,Investment,Wealth
C00367,Insurance,Wealth
C00367,Time Deposit,Wealth
C00368,Savings Account,Basic
C00368,Mobile Banking,Basic
C00369,Savings Account,Credit
C00369,Credit Card,Credit
C00369,Personal Loan,Credit
C00370,Debit Card,Basic
C00370,Mobile Banking,Basic
C00370,Savings Account,Basic
C00371,Savings Account,Credit
C00371,Debit Card,Credit
C00371,Mobile Banking,Credit
C00371,Credit Card,Credit
C00371,Personal Loan,Credit
C00371,Insurance,Credit
C00372,Debit Card,Digital
C00372,Mobile Banking,Digital
C00372,Investment,Digital
C00372,Insurance,Digital
C00372,E-Wallet,Digital
C00372,Savings Account,Digital
C00373,Savings Account,Basic
C00373,Debit Card,Basic
C00373,Mobile Banking,Basic
C00374,Debit Card,Digital
C00374,Mobile Banking,Digital
C00374,Savings Account,Digital
C00375,Savings Account,Wealth
C00375,Debit Card,Wealth
C00375,Credit Card,Wealth
C00376,Savings Account,Digital
C00376,Debit Card,Digital
C00376,Mobile Banking,Digital
C00376,E-Wallet,Digital
C00376,Time Deposit,Digital
C00377,Debit Card,Credit
C00377,Credit Card,Credit
C00377,Personal Loan,Credit
C00377,Mortgage,Credit
C00377,E-Wallet,Credit
C00377,Time Deposit,Credit
C00377,Savings Account,Credit
C00378,Savings Account,Wealth
C00378,Debit Card,Wealth
C00378,Mobile Banking,Wealth
C00378,Credit Card,Wealth
C00378,Investment,Wealth
C00378,Insurance,Wealth
C00378,Time Deposit,Wealth
C00379,Savings Account,Credit
C00379,Debit Card,Credit
C00379,Mobile Banking,Credit
C00379,Personal Loan,Credit
C00379,Insurance,Credit
C00380,Debit Card,Credit
C00380,Credit Card,Credit
C00380,Savings Account,Credit
C00381,Savings Account,Wealth
C00381,Debit Card,Wealth
C00381,Mobile Banking,Wealth
C00381,Mortgage,Wealth
C00381,Investment,Wealth
C00381,Insurance,Wealth
C00381,Time Deposit,Wealth
C00382,Savings Account,Wealth
C00382,Mobile Banking,Wealth
C00382,Credit Card,Wealth
C00382,Personal Loan,Wealth
C00382,Investment,Wealth
C00382,Insurance,Wealth
C00383,Savings Account,Digital
C00383,Debit Card,Digital
C00383,Mobile Banking,Digital
C00383,Credit Card,Digital
C00383,Personal Loan,Digital
C00383,E-Wallet,Digital
C00384,Savings Account,Digital
C00384,Debit Card,Digital
C00384,Mobile Banking,Digital
C00384,Credit Card,Digital
C00384,Insurance,Digital
C00384,E-Wallet,Digital
C00385,Debit Card,Digital
C00385,Mobile Banking,Digital
C00385,Investment,Digital
C00385,Time Deposit,Digital
C00385,Savings Account,Digital
C00386,Savings Account,Digital
C00386,Mobile Banking,Digital
C00387,Savings Account,Basic
C00387,Debit Card,Basic
C00387,E-Wallet,Basic
C00387,Time Deposit,Basic
C00388,Debit Card,Credit
C00388,Personal Loan,Credit
C00388,Savings Account,Credit
C00389,Mobile Banking,Wealth
C00389,Mortgage,Wealth
C00389,Investment,Wealth
C00389,Insurance,Wealth
C00389,Time Deposit,Wealth
C00389,Savings Account,Wealth
C00390,Savings Account,Wealth
C00390,Debit Card,Wealth
C00390,Mobile Banking,Wealth
C00390,Credit Card,Wealth
C00390,Mortgage,Wealth
C00390,Insurance,Wealth
C00390,Time Deposit,Wealth
C00391,Savings Account,Digital
C00391,Debit Card,Digital
C00391,Mobile Banking,Digital
C00392,Debit Card,Wealth
C00392,Mobile Banking,Wealth
C00392,Credit Card,Wealth
C00392,Mortgage,Wealth
C00392,Savings Account,Wealth
C00393,Debit Card,Digital
C00393,Mobile Banking,Digital
C00393,E-Wallet,Digital
C00393,Savings Account,Digital
C00394,Savings Account,Digital
C00394,Debit Card,Digital
C00394,Mobile Banking,Digital
C00394,Investment,Digital
C00394,E-Wallet,Digital
C00395,Savings Account,Basic
C00395,Debit Card,Basic
C00395,Mobile Banking,Basic
C00396,Savings Account,Basic
C00396,Insurance,Basic
C00397,Savings Account,Basic
C00397,Debit Card,Basic
C00397,E-Wallet,Basic
C00398,Savings Account,Credit
C00398,Debit Card,Credit
C00398,Mobile Banking,Credit
C00398,Credit Card,Credit
C00398,Personal Loan,Credit
C00398,Mortgage,Credit
C00398,Insurance,Credit
C00399,Savings Account,Basic
C00399,Debit Card,Basic
C00399,Mobile Banking,Basic
C00399,E-Wallet,Basic
C00400,Savings Account,Credit
C00400,Debit Card,Credit
C00400,Mobile Banking,Credit
C00400,Credit Card,Credit
C00400,Personal Loan,Credit
C00400,E-Wallet,Credit
C00401,Savings Account,Wealth
C00401,Debit Card,Wealth
C00401,Mobile Banking,Wealth
C00401,Credit Card,Wealth
C00401,Investment,Wealth
C00401,E-Wallet,Wealth
C00401,Time Deposit,Wealth
C00402,Debit Card,Digital
C00402,Mobile Banking,Digital
C00402,Mortgage,Digital
C00402,Investment,Digital
C00402,E-Wallet,Digital
C00402,Savings Account,Digital
C00403,Savings Account,Credit
C00403,Debit Card,Credit
C00403,Mobile Banking,Credit
C00403,Credit Card,Credit
C00403,Personal Loan,Credit
C00403,Investment,Credit
C00404,Savings Account,Credit
C00404,Debit Card,Credit
C00404,Credit Card,Credit
C00404,Personal Loan,Credit
C00404,Investment,Credit
C00405,Savings Account,Digital
C00405,Debit Card,Digital
C00405,Mobile Banking,Digital
C00405,Personal Loan,Digital
C00406,Savings Account,Digital
C00406,Debit Card,Digital
C00406,Mobile Banking,Digital
C00406,E-Wallet,Digital
C00407,Savings Account,Digital
C00407,Mobile Banking,Digital
C00407,Investment,Digital
C00408,Mobile Banking,Digital
C00408,Savings Account,Digital
C00409,Savings Account,Digital
C00409,Debit Card,Digital
C00409,Mobile Banking,Digital
C00409,Personal Loan,Digital
C00409,E-Wallet,Digital
C00410,Savings Account,Wealth
C00410,Debit Card,Wealth
C00410,Mobile Banking,Wealth
C00410,Credit Card,Wealth
C00410,Personal Loan,Wealth
C00410,Investment,Wealth
C00410,Insurance,Wealth
C00410,Time Deposit,Wealth
C00411,Savings Account,Credit
C00411,Mobile Banking,Credit
C00411,Credit Card,Credit
C00411,Personal Loan,Credit
C00411,E-Wallet,Credit
C00411,Time Deposit,Credit
C00412,Savings Account,Credit
C00412,Credit Card,Credit
C00413,Savings Account,Wealth
C00413,Debit Card,Wealth
C00413,Mobile Banking,Wealth
C00413,Mortgage,Wealth
C00413,Investment,Wealth
C00413,Insurance,Wealth
C00413,E-Wallet,Wealth
C00414,Savings Account,Credit
C00414,Debit Card,Credit
C00414,Credit Card,Credit
C00414,Investment,Credit
C00414,E-Wallet,Credit
C00415,Mobile Banking,Digital
C00415,Credit Card,Digital
C00415,Savings Account,Digital
C00416,Debit Card,Wealth
C00416,Mobile Banking,Wealth
C00416,Investment,Wealth
C00416,Insurance,Wealth
C00416,Time Deposit,Wealth
C00416,Savings Account,Wealth
C00417,Savings Account,Basic
C00417,Debit Card,Basic
C00417,Mobile Banking,Basic
C00418,Savings Account,Basic
C00418,Mobile Banking,Basic
C00419,Savings Account,Digital
C00419,Debit Card,Digital
C00419,E-Wallet,Digital
C00420,Debit Card,Basic
C00420,Savings Account,Basic
C00421,Debit Card,Digital
C00421,Mobile Banking,Digital
C00421,Credit Card,Digital
C00421,E-Wallet,Digital
C00421,Savings Account,Digital
C00422,Savings Account,Credit
C00422,Debit Card,Credit
C00422,Mobile Banking,Credit
C00422,Credit Card,Credit
C00422,Personal Loan,Credit
C00422,E-Wallet,Credit
C00422,Time Deposit,Credit
C00423,Savings Account,Credit
C00423,Debit Card,Credit
C00423,Personal Loan,Credit
C00424,Savings Account,Digital
C00424,Mobile Banking,Digital
C00424,Credit Card,Digital
C00424,E-Wallet,Digital
C00424,Time Deposit,Digital
C00425,Savings Account,Credit
C00425,Debit Card,Credit
C00425,Mobile Banking,Credit
C00425,Personal Loan,Credit
C00425,Mortgage,Credit
C00425,Insurance,Credit
C00425,E-Wallet,Credit
C00426,Savings Account,Digital
C00426,Debit Card,Digital
C00426,Mobile Banking,Digital
C00426,Mortgage,Digital
C00427,Savings Account,Digital
C00427,Mobile Banking,Digital
C00428,Savings Account,Credit
C00428,Debit Card,Credit
C00428,Credit Card,Credit
C00428,Personal Loan,Credit
C00428,E-Wallet,Credit
C00429,Savings Account,Digital
C00429,Mobile Banking,Digital
C00429,E-Wallet,Digital
C00430,Savings Account,Digital
C00430,Debit Card,Digital
C00430,Mobile Banking,Digital
C00430,Personal Loan,Digital
C00430,E-Wallet,Digital
C00431,Debit Card,Digital
C00431,Mobile Banking,Digital
C00431,Investment,Digital
C00431,Insurance,Digital
C00431,E-Wallet,Digital
C00431,Savings Account,Digital
C00432,Debit Card,Digital
C00432,Mobile Banking,Digital
C00432,Credit Card,Digital
C00432,Insurance,Digital
C00432,E-Wallet,Digital
C00432,Savings Account,Digital
C00433,Savings Account,Credit
C00433,Mobile Banking,Credit
C00433,Credit Card,Credit
C00433,Mortgage,Credit
C00434,Savings Account,Credit
C00434,Debit Card,Credit
C00434,Credit Card,Credit
C00434,Personal Loan,Credit
C00434,E-Wallet,Credit
C00435,Savings Account,Digital
C00435,Debit Card,Digital
C00435,Mobile Banking,Digital
C00435,Credit Card,Digital
C00435,E-Wallet,Digital
C00436,Savings Account,Basic
C00436,Debit Card,Basic
C00436,Mobile Banking,Basic
C00436,Mortgage,Basic
C00437,Savings Account,Digital
C00437,Mobile Banking,Digital
C00437,Mortgage,Digital
C00438,Savings Account,Credit
C00438,Debit Card,Credit
C00438,Mobile Banking,Credit
C00438,Credit Card,Credit
C00438,Personal Loan,Credit
C00438,Insurance,Credit
C00438,E-Wallet,Credit
C00439,Savings Account,Credit
C00439,Debit Card,Credit
C00439,Mobile Banking,Credit
C00439,Credit Card,Credit
C00439,Insurance,Credit
C00440,Savings Account,Basic
C00440,Debit Card,Basic
C00440,Insurance,Basic
C00440,E-Wallet,Basic
C00441,Savings Account,Basic
C00441,Debit Card,Basic
C00441,Mobile Banking,Basic
C00442,Debit Card,Wealth
C00442,Mobile Banking,Wealth
C00442,Investment,Wealth
C00442,Insurance,Wealth
C00442,Savings Account,Wealth
C00443,Debit Card,Digital
C00443,Mobile Banking,Digital
C00443,Credit Card,Digital
C00443,E-Wallet,Digital
C00443,Savings Account,Digital
C00444,Savings Account,Credit
C00444,Debit Card,Credit
C00444,Mobile Banking,Credit
C00444,Credit Card,Credit
C00444,Personal Loan,Credit
C00445,Savings Account,Basic
C00445,Debit Card,Basic
C00446,Savings Account,Credit
C00446,Debit Card,Credit
C00446,Personal Loan,Credit
C00447,Savings Account,Basic
C00447,Debit Card,Basic
C00447,Mobile Banking,Basic
C00447,Credit Card,Basic
C00448,Debit Card,Wealth
C00448,Mobile Banking,Wealth
C00448,Credit Card,Wealth
C00448,Investment,Wealth
C00448,Insurance,Wealth
C00448,Time Deposit,Wealth
C00448,Savings Account,Wealth
C00449,Savings Account,Wealth
C00449,Mobile Banking,Wealth
C00449,Investment,Wealth
C00449,Insurance,Wealth
C00449,Time Deposit,Wealth
C00450,Debit Card,Digital
C00450,Mobile Banking,Digital
C00450,Savings Account,Digital
C00451,Debit Card,Digital
C00451,Credit Card,Digital
C00451,Savings Account,Digital
C00452,Savings Account,Digital
C00452,Debit Card,Digital
C00452,Mobile Banking,Digital
C00452,Credit Card,Digital
C00452,Investment,Digital
C00452,E-Wallet,Digital
C00452,Time Deposit,Digital
C00453,Debit Card,Digital
C00453,Mobile Banking,Digital
C00453,E-Wallet,Digital
C00453,Savings Account,Digital
C00454,Savings Account,Digital
C00454,Debit Card,Digital
C00454,Mobile Banking,Digital
C00454,Credit Card,Digital
C00454,Investment,Digital
C00455,Savings Account,Credit
C00455,Debit Card,Credit
C00455,Mobile Banking,Credit
C00455,Credit Card,Credit
C00455,E-Wallet,Credit
C00455,Time Deposit,Credit
C00456,Savings Account,Credit
C00456,Debit Card,Credit
C00456,Credit Card,Credit
C00456,Personal Loan,Credit
C00456,E-Wallet,Credit
C00457,Savings Account,Credit
C00457,Debit Card,Credit
C00457,Mobile Banking,Credit
C00458,Savings Account,Digital
C00458,Debit Card,Digital
C00458,Mobile Banking,Digital
C00458,Personal Loan,Digital
C00459,Savings Account,Basic
C00459,Debit Card,Basic
C00459,Mobile Banking,Basic
C00460,Savings Account,Basic
C00460,Debit Card,Basic
C00460,Credit Card,Basic
C00460,Time Deposit,Basic
C00461,Savings Account,Digital
C00461,Debit Card,Digital
C00461,Mobile Banking,Digital
C00461,E-Wallet,Digital
C00462,Savings Account,Digital
C00462,Debit Card,Digital
C00462,Credit Card,Digital
C00462,E-Wallet,Digital
C00463,Savings Account,Credit
C00463,Mobile Banking,Credit
C00463,Personal Loan,Credit
C00464,Debit Card,Credit
C00464,Credit Card,Credit
C00464,E-Wallet,Credit
C00464,Savings Account,Credit
C00465,Savings Account,Basic
C00465,Debit Card,Basic
C00465,Mobile Banking,Basic
C00466,Savings Account,Basic
C00466,Mobile Banking,Basic
C00466,Time Deposit,Basic
C00467,Savings Account,Credit
C00467,Credit Card,Credit
C00467,Personal Loan,Credit
C00467,Time Deposit,Credit
C00468,Savings Account,Digital
C00468,Mobile Banking,Digital
C00469,Savings Account,Basic
C00469,Debit Card,Basic
C00469,Mobile Banking,Basic
C00469,Investment,Basic
C00470,Mobile Banking,Digital
C00470,E-Wallet,Digital
C00470,Savings Account,Digital
C00471,Savings Account,Wealth
C00471,Mobile Banking,Wealth
C00471,Credit Card,Wealth
C00471,Personal Loan,Wealth
C00471,Mortgage,Wealth
C00471,Investment,Wealth
C00472,Savings Account,Credit
C00472,Debit Card,Credit
C00472,Mobile Banking,Credit
C00472,Personal Loan,Credit
C00473,Savings Account,Digital
C00473,E-Wallet,Digital
C00474,Savings Account,Credit
C00474,Debit Card,Credit
C00474,Mobile Banking,Credit
C00474,Personal Loan,Credit
C00474,Mortgage,Credit
C00475,Savings Account,Credit
C00475,Debit Card,Credit
C00475,Mobile Banking,Credit
C00475,Credit Card,Credit
C00475,Personal Loan,Credit
C00475,Mortgage,Credit
C00475,Insurance,Credit
C00475,E-Wallet,Credit
C00476,Savings Account,Credit
C00476,Debit Card,Credit
C00476,Mobile Banking,Credit
C00476,Credit Card,Credit
C00477,Savings Account,Digital
C00477,Debit Card,Digital
C00477,Mobile Banking,Digital
C00477,Credit Card,Digital
C00478,Savings Account,Digital
C00478,Mobile Banking,Digital
C00478,Credit Card,Digital
C00478,E-Wallet,Digital
C00479,Savings Account,Credit
C00479,Debit Card,Credit
C00479,Mobile Banking,Credit
C00479,Credit Card,Credit
C00479,Investment,Credit
C00480,Personal Loan,Credit
C00480,E-Wallet,Credit
C00480,Savings Account,Credit
C00481,Savings Account,Basic
C00481,Mobile Banking,Basic
C00482,Debit Card,Credit
C00482,Credit Card,Credit
C00482,Insurance,Credit
C00482,Savings Account,Credit
C00483,Savings Account,Wealth
C00483,Debit Card,Wealth
C00483,Mobile Banking,Wealth
C00483,Mortgage,Wealth
C00483,Investment,Wealth
C00483,Insurance,Wealth
C00483,Time Deposit,Wealth
C00484,Savings Account,Credit
C00484,Debit Card,Credit
C00484,Mobile Banking,Credit
C00484,Personal Loan,Credit
C00484,Investment,Credit
C00484,Time Deposit,Credit
C00485,Savings Account,Digital
C00485,Debit Card,Digital
C00485,E-Wallet,Digital
C00486,Savings Account,Wealth
C00486,Debit Card,Wealth
C00486,Credit Card,Wealth
C00486,Mortgage,Wealth
C00486,Time Deposit,Wealth
C00487,Savings Account,Wealth
C00487,Debit Card,Wealth
C00487,Mobile Banking,Wealth
C00487,Investment,Wealth
C00487,Time Deposit,Wealth
C00488,Savings Account,Credit
C00488,Debit Card,Credit
C00488,Mobile Banking,Credit
C00488,Credit Card,Credit
C00488,Personal Loan,Credit
C00489,Savings Account,Basic
C00489,Debit Card,Basic
C00489,Credit Card,Basic
C00490,Savings Account,Basic
C00490,Debit Card,Basic
C00491,Savings Account,Credit
C00491,Mobile Banking,Credit
C00491,Credit Card,Credit
C00491,Personal Loan,Credit
C00491,E-Wallet,Credit
C00492,Savings Account,Digital
C00492,Debit Card,Digital
C00492,Mobile Banking,Digital
C00492,E-Wallet,Digital
C00493,Savings Account,Digital
C00493,Debit Card,Digital
C00493,Mobile Banking,Digital
C00493,Credit Card,Digital
C00493,E-Wallet,Digital
C00494,Debit Card,Digital
C00494,Savings Account,Digital
C00495,Savings Account,Wealth
C00495,Mobile Banking,Wealth
C00495,Mortgage,Wealth
C00496,Debit Card,Digital
C00496,Mobile Banking,Digital
C00496,Personal Loan,Digital
C00496,Insurance,Digital
C00496,Savings Account,Digital
C00497,Savings Account,Digital
C00497,Debit Card,Digital
C00497,Mobile Banking,Digital
C00497,Personal Loan,Digital
C00497,Insurance,Digital
C00498,Savings Account,Digital
C00498,Debit Card,Digital
C00498,Mobile Banking,Digital
C00498,Credit Card,Digital
C00498,Insurance,Digital
C00498,E-Wallet,Digital
C00499,Debit Card,Credit
C00499,Mobile Banking,Credit
C00499,Credit Card,Credit
C00499,Personal Loan,Credit
C00499,E-Wallet,Credit
C00499,Savings Account,Credit
C00500,Savings Account,Wealth
C00500,Debit Card,Wealth
C00500,Mobile Banking,Wealth
C00500,Credit Card,Wealth
C00500,Mortgage,Wealth
C00500,Insurance,Wealth
C00500,E-Wallet,Wealth
C00500,Time Deposit,Wealth
C00501,Savings Account,Digital
C00501,Debit Card,Digital
C00501,Mobile Banking,Digital
C00501,E-Wallet,Digital
C00502,Savings Account,Credit
C00502,Debit Card,Credit
C00502,Mobile Banking,Credit
C00502,Personal Loan,Credit
C00502,Mortgage,Credit
C00503,Savings Account,Credit
C00503,Debit Card,Credit
C00503,Credit Card,Credit
C00503,Personal Loan,Credit
C00504,Mobile Banking,Digital
C00504,Mortgage,Digital
C00504,E-Wallet,Digital
C00504,Savings Account,Digital
C00505,Savings Account,Credit
C00505,Mobile Banking,Credit
C00505,Credit Card,Credit
C00505,Personal Loan,Credit
C00505,Investment,Credit
C00505,E-Wallet,Credit
C00506,Savings Account,Basic
C00506,Debit Card,Basic
C00506,Credit Card,Basic
C00507,Savings Account,Wealth
C00507,Debit Card,Wealth
C00507,Credit Card,Wealth
C00507,Personal Loan,Wealth
C00507,Insurance,Wealth
C00507,E-Wallet,Wealth
C00508,Credit Card,Wealth
C00508,Time Deposit,Wealth
C00508,Savings Account,Wealth
C00509,Savings Account,Credit
C00509,Debit Card,Credit
C00509,Credit Card,Credit
C00509,Personal Loan,Credit
C00510,Savings Account,Credit
C00510,Debit Card,Credit
C00510,Personal Loan,Credit
C00510,Investment,Credit
C00511,Debit Card,Digital
C00511,Mobile Banking,Digital
C00511,E-Wallet,Digital
C00511,Savings Account,Digital
C00512,Savings Account,Digital
C00512,Debit Card,Digital
C00512,Mobile Banking,Digital
C00512,Investment,Digital
C00512,E-Wallet,Digital
C00513,Savings Account,Credit
C00513,Debit Card,Credit
C00513,Credit Card,Credit
C00513,Mortgage,Credit
C00514,Savings Account,Credit
C00514,Debit Card,Credit
C00514,Mobile Banking,Credit
C00514,Credit Card,Credit
C00514,Personal Loan,Credit
C00514,Mortgage,Credit
C00515,Savings Account,Digital
C00515,Mobile Banking,Digital
C00515,Credit Card,Digital
C00515,Investment,Digital
C00515,E-Wallet,Digital
C00516,Savings Account,Wealth
C00516,Investment,Wealth
C00517,Savings Account,Digital
C00517,Mobile Banking,Digital
C00517,E-Wallet,Digital
C00517,Time Deposit,Digital
C00518,Mobile Banking,Digital
C00518,Credit Card,Digital
C00518,E-Wallet,Digital
C00518,Savings Account,Digital
C00519,Savings Account,Basic
C00519,Mobile Banking,Basic
C00519,Credit Card,Basic
C00519,Time Deposit,Basic
C00520,Savings Account,Credit
C00520,Debit Card,Credit
C00520,Credit Card,Credit
C00520,Personal Loan,Credit
C00520,Mortgage,Credit
C00520,E-Wallet,Credit
C00520,Time Deposit,Credit
C00521,Savings Account,Wealth
C00521,Debit Card,Wealth
C00521,Investment,Wealth
C00521,Time Deposit,Wealth
C00522,Savings Account,Basic
C00522,Mobile Banking,Basic
C00523,Debit Card,Wealth
C00523,Mobile Banking,Wealth
C00523,Credit Card,Wealth
C00523,Insurance,Wealth
C00523,Savings Account,Wealth
C00524,Savings Account,Wealth
C00524,Debit Card,Wealth
C00524,Mobile Banking,Wealth
C00524,Credit Card,Wealth
C00524,Mortgage,Wealth
C00524,Investment,Wealth
C00525,Savings Account,Credit
C00525,Debit Card,Credit
C00525,Mobile Banking,Credit
C00525,Credit Card,Credit
C00526,Debit Card,Digital
C00526,Mobile Banking,Digital
C00526,Credit Card,Digital
C00526,E-Wallet,Digital
C00526,Savings Account,Digital
C00527,Savings Account,Basic
C00527,Debit Card,Basic
C00528,Savings Account,Basic
C00528,Debit Card,Basic
C00528,Mobile Banking,Basic
C00529,Debit Card,Digital
C00529,Mobile Banking,Digital
C00529,E-Wallet,Digital
C00529,Savings Account,Digital
C00530,Savings Account,Credit
C00530,Debit Card,Credit
C00530,Credit Card,Credit
C00530,Personal Loan,Credit
C00530,Mortgage,Credit
C00531,Savings Account,Wealth
C00531,Debit Card,Wealth
C00531,Credit Card,Wealth
C00531,Personal Loan,Wealth
C00531,Investment,Wealth
C00531,E-Wallet,Wealth
C00531,Time Deposit,Wealth
C00532,Savings Account,Digital
C00532,Debit Card,Digital
C00532,Mobile Banking,Digital
C00532,Investment,Digital
C00533,Savings Account,Digital
C00533,Debit Card,Digital
C00533,Mobile Banking,Digital
C00533,E-Wallet,Digital
C00534,Savings Account,Wealth
C00534,Debit Card,Wealth
C00534,Personal Loan,Wealth
C00534,Mortgage,Wealth
C00534,Investment,Wealth
C00534,Insurance,Wealth
C00534,E-Wallet,Wealth
C00534,Time Deposit,Wealth
C00535,Savings Account,Digital
C00535,Debit Card,Digital
C00535,Mobile Banking,Digital
C00536,Savings Account,Digital
C00536,Debit Card,Digital
C00536,Mobile Banking,Digital
C00536,Credit Card,Digital
C00536,E-Wallet,Digital
C00537,Debit Card,Digital
C00537,Mobile Banking,Digital
C00537,Personal Loan,Digital
C00537,Savings Account,Digital
C00538,Savings Account,Credit
C00538,Debit Card,Credit
C00538,Credit Card,Credit
C00538,Personal Loan,Credit
C00539,Savings Account,Basic
C00539,Debit Card,Basic
C00539,Mobile Banking,Basic
C00540,Debit Card,Digital
C00540,Mobile Banking,Digital
C00540,Credit Card,Digital
C00540,Savings Account,Digital
C00541,Savings Account,Wealth
C00541,Debit Card,Wealth
C00541,Credit Card,Wealth
C00541,Mortgage,Wealth
C00541,Investment,Wealth
C00541,Insurance,Wealth
C00541,Time Deposit,Wealth
C00542,Savings Account,Credit
C00542,Debit Card,Credit
C00542,Mobile Banking,Credit
C00542,Credit Card,Credit
C00542,Personal Loan,Credit
C00542,Mortgage,Credit
C00542,E-Wallet,Credit
C00543,Savings Account,Credit
C00543,Debit Card,Credit
C00543,Mobile Banking,Credit
C00543,Personal Loan,Credit
C00543,E-Wallet,Credit
C00544,Debit Card,Basic
C00544,Savings Account,Basic
C00545,Savings Account,Wealth
C00545,Debit Card,Wealth
C00545,Mobile Banking,Wealth
C00545,Mortgage,Wealth
C00545,Investment,Wealth
C00545,Time Deposit,Wealth
C00546,Savings Account,Credit
C00546,Debit Card,Credit
C00546,Personal Loan,Credit
C00546,Mortgage,Credit
C00546,Insurance,Credit
C00546,E-Wallet,Credit
C00547,Mortgage,Wealth
C00547,Investment,Wealth
C00547,Insurance,Wealth
C00547,E-Wallet,Wealth
C00547,Time Deposit,Wealth
C00547,Savings Account,Wealth
C00548,Savings Account,Basic
C00548,E-Wallet,Basic
C00549,Savings Account,Basic
C00549,Debit Card,Basic
C00549,Credit Card,Basic
C00549,Personal Loan,Basic
C00550,Savings Account,Credit
C00550,Debit Card,Credit
C00550,Personal Loan,Credit
C00550,Insurance,Credit
C00550,E-Wallet,Credit
C00551,Savings Account,Credit
C00551,Debit Card,Credit
C00551,Mobile Banking,Credit
C00551,Credit Card,Credit
C00551,Personal Loan,Credit
C00551,Mortgage,Credit
C00552,Savings Account,Credit
C00552,Debit Card,Credit
C00552,Mobile Banking,Credit
C00552,Personal Loan,Credit
C00552,Insurance,Credit
C00552,Time Deposit,Credit
C00553,Savings Account,Digital
C00553,Mobile Banking,Digital
C00553,Mortgage,Digital
C00553,E-Wallet,Digital
C00554,Savings Account,Digital
C00554,Mobile Banking,Digital
C00554,Credit Card,Digital
C00554,Investment,Digital
C00554,Insurance,Digital
C00554,E-Wallet,Digital
C00555,Savings Account,Basic
C00555,Debit Card,Basic
C00556,Debit Card,Basic
C00556,Mobile Banking,Basic
C00556,Savings Account,Basic
C00557,Savings Account,Credit
C00557,Mobile Banking,Credit
C00557,Credit Card,Credit
C00557,Personal Loan,Credit
C00557,Insurance,Credit
C00558,Savings Account,Digital
C00558,Debit Card,Digital
C00558,Mobile Banking,Digital
C00559,Savings Account,Digital
C00559,Debit Card,Digital
C00559,Mobile Banking,Digital
C00559,Credit Card,Digital
C00559,E-Wallet,Digital
C00560,Mobile Banking,Wealth
C00560,Credit Card,Wealth
C00560,Mortgage,Wealth
C00560,Investment,Wealth
C00560,Insurance,Wealth
C00560,E-Wallet,Wealth
C00560,Savings Account,Wealth
C00561,Savings Account,Wealth
C00561,Debit Card,Wealth
C00561,Mobile Banking,Wealth
C00561,Investment,Wealth
C00561,Insurance,Wealth
C00562,Savings Account,Credit
C00562,Debit Card,Credit
C00562,Mobile Banking,Credit
C00562,E-Wallet,Credit
C00563,Savings Account,Basic
C00563,Debit Card,Basic
C00563,E-Wallet,Basic
C00564,Savings Account,Credit
C00564,Debit Card,Credit
C00564,Credit Card,Credit
C00564,Personal Loan,Credit
C00565,Savings Account,Digital
C00565,Debit Card,Digital
C00565,Mobile Banking,Digital
C00565,Credit Card,Digital
C00565,Mortgage,Digital
C00565,E-Wallet,Digital
C00566,Savings Account,Digital
C00566,Debit Card,Digital
C00566,Mobile Banking,Digital
C00566,Insurance,Digital
C00566,E-Wallet,Digital
C00567,Savings Account,Credit
C00567,Debit Card,Credit
C00567,Mobile Banking,Credit
C00567,Personal Loan,Credit
C00567,E-Wallet,Credit
C00568,Debit Card,Wealth
C00568,Mobile Banking,Wealth
C00568,Credit Card,Wealth
C00568,Personal Loan,Wealth
C00568,Investment,Wealth
C00568,Insurance,Wealth
C00568,Savings Account,Wealth
C00569,Savings Account,Credit
C00569,Debit Card,Credit
C00569,Mobile Banking,Credit
C00569,Credit Card,Credit
C00569,Personal Loan,Credit
C00569,E-Wallet,Credit
C00570,Debit Card,Digital
C00570,Mobile Banking,Digital
C00570,Investment,Digital
C00570,E-Wallet,Digital
C00570,Time Deposit,Digital
C00570,Savings Account,Digital
C00571,Savings Account,Credit
C00571,Debit Card,Credit
C00571,Mobile Banking,Credit
C00571,Credit Card,Credit
C00571,E-Wallet,Credit
C00572,Savings Account,Digital
C00572,Debit Card,Digital
C00572,Mobile Banking,Digital
C00573,Debit Card,Basic
C00573,Savings Account,Basic
C00574,Debit Card,Digital
C00574,Mobile Banking,Digital
C00574,Savings Account,Digital
C00575,Savings Account,Wealth
C00575,Debit Card,Wealth
C00575,Credit Card,Wealth
C00575,Mortgage,Wealth
C00575,Investment,Wealth
C00575,E-Wallet,Wealth
C00575,Time Deposit,Wealth
C00576,Debit Card,Digital
C00576,Mobile Banking,Digital
C00576,Credit Card,Digital
C00576,Savings Account,Digital
C00577,Savings Account,Credit
C00577,Debit Card,Credit
C00578,Savings Account,Wealth
C00578,Debit Card,Wealth
C00578,Investment,Wealth
C00579,Savings Account,Credit
C00579,Debit Card,Credit
C00579,Mobile Banking,Credit
C00579,Credit Card,Credit
C00579,Personal Loan,Credit
C00579,E-Wallet,Credit
C00580,Debit Card,Wealth
C00580,Mortgage,Wealth
C00580,Investment,Wealth
C00580,Time Deposit,Wealth
C00580,Savings Account,Wealth
C00581,Debit Card,Wealth
C00581,Credit Card,Wealth
C00581,Mortgage,Wealth
C00581,Investment,Wealth
C00581,Time Deposit,Wealth
C00581,Savings Account,Wealth
C00582,Savings Account,Credit
C00582,Debit Card,Credit
C00582,Mobile Banking,Credit
C00582,Mortgage,Credit
C00582,E-Wallet,Credit
C00583,Savings Account,Digital
C00583,Debit Card,Digital
C00583,Mobile Banking,Digital
C00583,Insurance,Digital
C00584,Savings Account,Basic
C00584,Debit Card,Basic
C00584,Mobile Banking,Basic
C00585,Savings Account,Digital
C00585,Debit Card,Digital
C00585,Mobile Banking,Digital
C00585,Insurance,Digital
C00586,Savings Account,Credit
C00586,Debit Card,Credit
C00586,Credit Card,Credit
C00586,Personal Loan,Credit
C00586,E-Wallet,Credit
C00587,Savings Account,Wealth
C00587,Debit Card,Wealth
C00587,Credit Card,Wealth
C00587,Investment,Wealth
C00587,Time Deposit,Wealth
C00588,Savings Account,Wealth
C00588,Mobile Banking,Wealth
C00588,Mortgage,Wealth
C00588,Investment,Wealth
C00589,Debit Card,Basic
C00589,Investment,Basic
C00589,Savings Account,Basic
C00590,Debit Card,Digital
C00590,Mobile Banking,Digital
C00590,E-Wallet,Digital
C00590,Savings Account,Digital
C00591,Savings Account,Digital
C00591,Mobile Banking,Digital
C00591,Personal Loan,Digital
C00591,E-Wallet,Digital
C00592,Savings Account,Digital
C00592,Mobile Banking,Digital
C00592,Credit Card,Digital
C00592,Mortgage,Digital
C00593,Debit Card,Digital
C00593,Mobile Banking,Digital
C00593,E-Wallet,Digital
C00593,Time Deposit,Digital
C00593,Savings Account,Digital
C00594,Savings Account,Digital
C00594,Mobile Banking,Digital
C00594,Credit Card,Digital
C00594,Time Deposit,Digital
C00595,Savings Account,Credit
C00595,Debit Card,Credit
C00595,Mobile Banking,Credit
C00595,Credit Card,Credit
C00596,Savings Account,Basic
C00596,Debit Card,Basic
C00596,Insurance,Basic
C00596,E-Wallet,Basic
C00597,Savings Account,Basic
C00597,Mobile Banking,Basic
C00598,Savings Account,Credit
C00598,Credit Card,Credit
C00599,Insurance,Basic
C00599,Savings Account,Basic
C00600,Savings Account,Credit
C00600,Debit Card,Credit
C00600,Mobile Banking,Credit
C00600,E-Wallet,Credit
C00601,Savings Account,Digital
C00601,Debit Card,Digital
C00601,Mobile Banking,Digital
C00601,Personal Loan,Digital
C00601,Insurance,Digital
C00601,E-Wallet,Digital
C00602,Savings Account,Digital
C00602,Debit Card,Digital
C00602,Credit Card,Digital
C00603,Savings Account,Digital
C00603,Debit Card,Digital
C00603,E-Wallet,Digital
C00604,Savings Account,Credit
C00604,Debit Card,Credit
C00604,Mobile Banking,Credit
C00604,Credit Card,Credit
C00604,Investment,Credit
C00604,E-Wallet,Credit
C00605,Savings Account,Credit
C00605,Debit Card,Credit
C00605,Mobile Banking,Credit
C00605,Personal Loan,Credit
C00606,Savings Account,Credit
C00606,Credit Card,Credit
C00606,Personal Loan,Credit
C00606,E-Wallet,Credit
C00607,Savings Account,Basic
C00607,Debit Card,Basic
C00607,E-Wallet,Basic
C00608,Savings Account,Basic
C00608,Debit Card,Basic
C00609,Savings Account,Credit
C00609,Debit Card,Credit
C00609,Mobile Banking,Credit
C00609,E-Wallet,Credit
C00610,Savings Account,Credit
C00610,Debit Card,Credit
C00610,Credit Card,Credit
C00610,Personal Loan,Credit
C00611,Debit Card,Digital
C00611,Mobile Banking,Digital
C00611,E-Wallet,Digital
C00611,Savings Account,Digital
C00612,Savings Account,Credit
C00612,Debit Card,Credit
C00612,Mobile Banking,Credit
C00612,Credit Card,Credit
C00612,Personal Loan,Credit
C00613,Savings Account,Basic
C00613,Debit Card,Basic
C00613,Credit Card,Basic
C00613,Time Deposit,Basic
C00614,Savings Account,Digital
C00614,Debit Card,Digital
C00614,Mobile Banking,Digital
C00614,Investment,Digital
C00615,Savings Account,Credit
C00615,Debit Card,Credit
C00615,Credit Card,Credit
C00615,Personal Loan,Credit
C00615,Mortgage,Credit
C00616,Debit Card,Credit
C00616,Credit Card,Credit
C00616,Personal Loan,Credit
C00616,Savings Account,Credit
C00617,Savings Account,Credit
C00617,Debit Card,Credit
C00617,Credit Card,Credit
C00617,Personal Loan,Credit
C00617,Investment,Credit
C00618,Mobile Banking,Wealth
C00618,Credit Card,Wealth
C00618,Investment,Wealth
C00618,Time Deposit,Wealth
C00618,Savings Account,Wealth
C00619,Savings Account,Credit
C00619,Debit Card,Credit
C00619,Credit Card,Credit
C00619,Personal Loan,Credit
C00620,Savings Account,Wealth
C00620,Debit Card,Wealth
C00620,Mobile Banking,Wealth
C00620,Credit Card,Wealth
C00620,Mortgage,Wealth
C00620,Investment,Wealth
C00620,Insurance,Wealth
C00620,E-Wallet,Wealth
C00621,Debit Card,Wealth
C00621,Mobile Banking,Wealth
C00621,Mortgage,Wealth
C00621,Time Deposit,Wealth
C00621,Savings Account,Wealth
C00622,Savings Account,Credit
C00622,Mobile Banking,Credit
C00622,Credit Card,Credit
C00622,Personal Loan,Credit
C00623,Savings Account,Wealth
C00623,Debit Card,Wealth
C00623,Mobile Banking,Wealth
C00623,Credit Card,Wealth
C00623,Mortgage,Wealth
C00624,Savings Account,Credit
C00624,Debit Card,Credit
C00624,Mobile Banking,Credit
C00624,Credit Card,Credit
C00624,Personal Loan,Credit
C00624,Mortgage,Credit
C00624,E-Wallet,Credit
C00625,Savings Account,Credit
C00625,Debit Card,Credit
C00625,Mobile Banking,Credit
C00625,Credit Card,Credit
C00626,Savings Account,Credit
C00626,Debit Card,Credit
C00626,Credit Card,Credit
C00626,Personal Loan,Credit
C00627,Savings Account,Credit
C00627,Debit Card,Credit
C00627,Mobile Banking,Credit
C00627,Credit Card,Credit
C00627,Personal Loan,Credit
C00627,Mortgage,Credit
C00627,Insurance,Credit
C00627,E-Wallet,Credit
C00628,Savings Account,Digital
C00628,Mobile Banking,Digital
C00629,Savings Account,Basic
C00629,Debit Card,Basic
C00630,Savings Account,Credit
C00630,Debit Card,Credit
C00630,Mobile Banking,Credit
C00630,Credit Card,Credit
C00630,Personal Loan,Credit
C00630,Mortgage,Credit
C00631,Debit Card,Digital
C00631,Mobile Banking,Digital
C00631,Insurance,Digital
C00631,E-Wallet,Digital
C00631,Savings Account,Digital
C00632,Savings Account,Credit
C00632,Debit Card,Credit
C00632,Mobile Banking,Credit
C00633,Savings Account,Digital
C00633,Debit Card,Digital
C00633,Mobile Banking,Digital
C00633,Credit Card,Digital
C00633,E-Wallet,Digital
C00634,Savings Account,Credit
C00634,Debit Card,Credit
C00634,Mobile Banking,Credit
C00634,Credit Card,Credit
C00634,E-Wallet,Credit
C00635,Savings Account,Credit
C00635,Debit Card,Credit
C00635,Mobile Banking,Credit
C00636,Savings Account,Credit
C00636,Debit Card,Credit
C00636,Mobile Banking,Credit
C00636,Credit Card,Credit
C00636,Personal Loan,Credit
C00637,Savings Account,Wealth
C00637,Investment,Wealth
C00638,Savings Account,Digital
C00638,Debit Card,Digital
C00638,Mobile Banking,Digital
C00638,Personal Loan,Digital
C00638,E-Wallet,Digital
C00638,Time Deposit,Digital
C00639,Savings Account,Digital
C00639,Credit Card,Digital
C00639,E-Wallet,Digital
C00640,Savings Account,Basic
C00640,Debit Card,Basic
C00640,Mobile Banking,Basic
C00640,Credit Card,Basic
C00641,Savings Account,Wealth
C00641,Debit Card,Wealth
C00641,Mobile Banking,Wealth
C00641,Investment,Wealth
C00642,Savings Account,Digital
C00642,Debit Card,Digital
C00642,Mobile Banking,Digital
C00642,E-Wallet,Digital
C00642,Time Deposit,Digital
C00643,Savings Account,Digital
C00643,Debit Card,Digital
C00643,Mobile Banking,Digital
C00643,E-Wallet,Digital
C00644,Savings Account,Credit
C00644,Debit Card,Credit
C00644,Mobile Banking,Credit
C00644,Personal Loan,Credit
C00645,Savings Account,Credit
C00645,Debit Card,Credit
C00645,Mobile Banking,Credit
C00645,Credit Card,Credit
C00645,Personal Loan,Credit
C00646,Savings Account,Digital
C00646,Debit Card,Digital
C00646,Mobile Banking,Digital
C00646,Credit Card,Digital
C00646,Insurance,Digital
C00646,E-Wallet,Digital
C00646,Time Deposit,Digital
C00647,Savings Account,Credit
C00647,Debit Card,Credit
C00647,Mobile Banking,Credit
C00648,Savings Account,Wealth
C00648,Debit Card,Wealth
C00648,Mobile Banking,Wealth
C00648,Credit Card,Wealth
C00648,Investment,Wealth
C00648,Time Deposit,Wealth
C00649,Savings Account,Basic
C00649,Debit Card,Basic
C00649,Credit Card,Basic
C00650,Savings Account,Digital
C00650,Debit Card,Digital
C00650,Mobile Banking,Digital
C00650,Credit Card,Digital
C00651,Savings Account,Credit
C00651,Mobile Banking,Credit
C00651,Insurance,Credit
C00651,E-Wallet,Credit
C00652,Savings Account,Credit
C00652,Debit Card,Credit
C00652,Credit Card,Credit
C00652,Mortgage,Credit
C00652,Insurance,Credit
C00653,Savings Account,Wealth
C00653,Debit Card,Wealth
C00653,Mobile Banking,Wealth
C00653,Credit Card,Wealth
C00653,Investment,Wealth
C00653,Insurance,Wealth
C00654,Savings Account,Credit
C00654,Debit Card,Credit
C00654,Mobile Banking,Credit
C00654,Credit Card,Credit
C00654,Personal Loan,Credit
C00655,Debit Card,Wealth
C00655,Investment,Wealth
C00655,Insurance,Wealth
C00655,Time Deposit,Wealth
C00655,Savings Account,Wealth
C00656,Savings Account,Credit
C00656,Debit Card,Credit
C00656,Mobile Banking,Credit
C00656,Credit Card,Credit
C00656,Personal Loan,Credit
C00656,Time Deposit,Credit
C00657,Savings Account,Wealth
C00657,Debit Card,Wealth
C00657,Mobile Banking,Wealth
C00657,Credit Card,Wealth
C00657,Investment,Wealth
C00657,E-Wallet,Wealth
C00657,Time Deposit,Wealth
C00658,Savings Account,Digital
C00658,Mobile Banking,Digital
C00658,Credit Card,Digital
C00658,E-Wallet,Digital
C00659,Debit Card,Credit
C00659,Mobile Banking,Credit
C00659,Credit Card,Credit
C00659,E-Wallet,Credit
C00659,Savings Account,Credit
C00660,Savings Account,Credit
C00660,Debit Card,Credit
C00660,Credit Card,Credit
C00660,Personal Loan,Credit
C00660,Mortgage,Credit
C00660,Time Deposit,Credit
C00661,Savings Account,Basic
C00661,Debit Card,Basic
C00661,Mobile Banking,Basic
C00661,Personal Loan,Basic
C00662,Savings Account,Basic
C00662,Debit Card,Basic
C00663,Savings Account,Digital
C00663,Personal Loan,Digital
C00663,E-Wallet,Digital
C00664,Savings Account,Digital
C00664,Mobile Banking,Digital
C00664,Credit Card,Digital
C00665,Savings Account,Credit
C00665,Debit Card,Credit
C00665,Credit Card,Credit
C00665,Personal Loan,Credit
C00666,Mobile Banking,Digital
C00666,Credit Card,Digital
C00666,Personal Loan,Digital
C00666,Mortgage,Digital
C00666,Savings Account,Digital
C00667,Savings Account,Basic
C00667,Debit Card,Basic
C00667,Mobile Banking,Basic
C00668,Savings Account,Credit
C00668,Mobile Banking,Credit
C00668,Credit Card,Credit
C00668,Mortgage,Credit
C00669,Savings Account,Digital
C00669,Debit Card,Digital
C00669,Mobile Banking,Digital
C00669,E-Wallet,Digital
C00670,Savings Account,Wealth
C00670,Mortgage,Wealth
C00670,Investment,Wealth
C00671,Debit Card,Digital
C00671,Mobile Banking,Digital
C00671,Mortgage,Digital
C00671,E-Wallet,Digital
C00671,Savings Account,Digital
C00672,Debit Card,Credit
C00672,Mobile Banking,Credit
C00672,Personal Loan,Credit
C00672,Mortgage,Credit
C00672,Investment,Credit
C00672,E-Wallet,Credit
C00672,Time Deposit,Credit
C00672,Savings Account,Credit
C00673,Mobile Banking,Digital
C00673,E-Wallet,Digital
C00673,Savings Account,Digital
C00674,Savings Account,Credit
C00674,Debit Card,Credit
C00674,Credit Card,Credit
C00674,E-Wallet,Credit
C00675,Debit Card,Wealth
C00675,Credit Card,Wealth
C00675,Personal Loan,Wealth
C00675,Mortgage,Wealth
C00675,Investment,Wealth
C00675,Insurance,Wealth
C00675,Savings Account,Wealth
C00676,Debit Card,Digital
C00676,Mobile Banking,Digital
C00676,Insurance,Digital
C00676,E-Wallet,Digital
C00676,Savings Account,Digital
C00677,Savings Account,Digital
C00677,Debit Card,Digital
C00677,Insurance,Digital
C00678,Savings Account,Credit
C00678,Debit Card,Credit
C00678,Mobile Banking,Credit
C00678,Credit Card,Credit
C00678,Personal Loan,Credit
C00679,Savings Account,Digital
C00679,Debit Card,Digital
C00679,Mobile Banking,Digital
C00679,Credit Card,Digital
C00679,Investment,Digital
C00679,E-Wallet,Digital
C00680,Savings Account,Credit
C00680,Debit Card,Credit
C00680,Mobile Banking,Credit
C00680,Credit Card,Credit
C00680,Personal Loan,Credit
C00681,Debit Card,Credit
C00681,Credit Card,Credit
C00681,Investment,Credit
C00681,Insurance,Credit
C00681,E-Wallet,Credit
C00681,Savings Account,Credit
C00682,Savings Account,Basic
C00682,Debit Card,Basic
C00682,Insurance,Basic
C00683,Savings Account,Digital
C00683,Debit Card,Digital
C00683,Mobile Banking,Digital
C00683,E-Wallet,Digital
C00683,Time Deposit,Digital
C00684,Savings Account,Wealth
C00684,Debit Card,Wealth
C00684,Mortgage,Wealth
C00684,Investment,Wealth
C00684,Insurance,Wealth
C00684,Time Deposit,Wealth
C00685,Savings Account,Digital
C00685,Mobile Banking,Digital
C00685,Investment,Digital
C00685,E-Wallet,Digital
C00686,Savings Account,Basic
C00686,Mobile Banking,Basic
C00687,Savings Account,Credit
C00687,Debit Card,Credit
C00687,Mobile Banking,Credit
C00688,Credit Card,Digital
C00688,E-Wallet,Digital
C00688,Savings Account,Digital
C00689,Debit Card,Basic
C00689,Credit Card,Basic
C00689,Mortgage,Basic
C00689,E-Wallet,Basic
C00689,Time Deposit,Basic
C00689,Savings Account,Basic
C00690,Savings Account,Credit
C00690,Debit Card,Credit
C00690,Mobile Banking,Credit
C00691,Debit Card,Credit
C00691,Credit Card,Credit
C00691,Savings Account,Credit
C00692,Savings Account,Basic
C00692,Debit Card,Basic
C00693,Savings Account,Wealth
C00693,Debit Card,Wealth
C00693,Credit Card,Wealth
C00693,Insurance,Wealth
C00693,Time Deposit,Wealth
C00694,Savings Account,Digital
C00694,Debit Card,Digital
C00694,Personal Loan,Digital
C00695,Savings Account,Digital
C00695,Debit Card,Digital
C00695,Mortgage,Digital
C00696,Savings Account,Digital
C00696,Debit Card,Digital
C00696,Mobile Banking,Digital
C00696,Insurance,Digital
C00696,E-Wallet,Digital
C00697,Debit Card,Wealth
C00697,Mobile Banking,Wealth
C00697,Credit Card,Wealth
C00697,Insurance,Wealth
C00697,Savings Account,Wealth
C00698,Savings Account,Credit
C00698,Debit Card,Credit
C00698,Credit Card,Credit
C00698,E-Wallet,Credit
C00699,Mortgage,Basic
C00699,Savings Account,Basic
C00700,Savings Account,Credit
C00700,Debit Card,Credit
C00700,Mobile Banking,Credit
C00700,Credit Card,Credit
C00700,Personal Loan,Credit
C00700,E-Wallet,Credit
C00701,Savings Account,Digital
C00701,Debit Card,Digital
C00701,Mobile Banking,Digital
C00702,Savings Account,Wealth
C00702,Debit Card,Wealth
C00702,Mobile Banking,Wealth
C00702,Credit Card,Wealth
C00702,Insurance,Wealth
C00702,E-Wallet,Wealth
C00703,Savings Account,Digital
C00703,Mobile Banking,Digital
C00703,Credit Card,Digital
C00703,E-Wallet,Digital
C00704,Debit Card,Digital
C00704,Mobile Banking,Digital
C00704,Personal Loan,Digital
C00704,Savings Account,Digital
C00705,Savings Account,Wealth
C00705,Debit Card,Wealth
C00705,Mobile Banking,Wealth
C00705,Credit Card,Wealth
C00705,Investment,Wealth
C00705,Time Deposit,Wealth
C00706,Savings Account,Basic
C00706,Debit Card,Basic
C00706,Mobile Banking,Basic
C00706,Time Deposit,Basic
C00707,Savings Account,Wealth
C00707,Credit Card,Wealth
C00707,Personal Loan,Wealth
C00707,Mortgage,Wealth
C00707,Time Deposit,Wealth
C00708,Savings Account,Basic
C00708,Debit Card,Basic
C00709,Savings Account,Credit
C00709,Debit Card,Credit
C00709,Mobile Banking,Credit
C00709,Credit Card,Credit
C00709,Personal Loan,Credit
C00710,Savings Account,Digital
C00710,Mobile Banking,Digital
C00710,Time Deposit,Digital
C00711,Savings Account,Digital
C00711,Debit Card,Digital
C00711,Mobile Banking,Digital
C00711,E-Wallet,Digital
C00712,Savings Account,Credit
C00712,Debit Card,Credit
C00712,Credit Card,Credit
C00712,Mortgage,Credit
C00712,Insurance,Credit
C00713,Savings Account,Digital
C00713,Debit Card,Digital
C00713,Mobile Banking,Digital
C00713,Credit Card,Digital
C00713,E-Wallet,Digital
C00713,Time Deposit,Digital
C00714,Savings Account,Credit
C00714,Debit Card,Credit
C00714,Mobile Banking,Credit
C00714,Credit Card,Credit
C00714,Personal Loan,Credit
C00715,Debit Card,Digital
C00715,Mobile Banking,Digital
C00715,Investment,Digital
C00715,Insurance,Digital
C00715,E-Wallet,Digital
C00715,Savings Account,Digital
C00716,Savings Account,Credit
C00716,Debit Card,Credit
C00716,Mobile Banking,Credit
C00716,Credit Card,Credit
C00716,Personal Loan,Credit
C00716,Mortgage,Credit
C00716,Insurance,Credit
C00717,Savings Account,Credit
C00717,Credit Card,Credit
C00717,Personal Loan,Credit
C00717,Insurance,Credit
C00718,Debit Card,Digital
C00718,Mobile Banking,Digital
C00718,Personal Loan,Digital
C00718,E-Wallet,Digital
C00718,Time Deposit,Digital
C00718,Savings Account,Digital
C00719,Savings Account,Basic
C00719,Debit Card,Basic
C00720,Debit Card,Credit
C00720,Mobile Banking,Credit
C00720,Insurance,Credit
C00720,Savings Account,Credit
C00721,Savings Account,Wealth
C00721,Mobile Banking,Wealth
C00721,Mortgage,Wealth
C00721,Investment,Wealth
C00721,Insurance,Wealth
C00721,Time Deposit,Wealth
C00722,Savings Account,Credit
C00722,Debit Card,Credit
C00722,Mobile Banking,Credit
C00722,Credit Card,Credit
C00722,Personal Loan,Credit
C00722,E-Wallet,Credit
C00723,Savings Account,Wealth
C00723,Debit Card,Wealth
C00723,Mobile Banking,Wealth
C00723,Mortgage,Wealth
C00724,Debit Card,Digital
C00724,Mobile Banking,Digital
C00724,Credit Card,Digital
C00724,Personal Loan,Digital
C00724,Savings Account,Digital
C00725,Debit Card,Digital
C00725,Mobile Banking,Digital
C00725,Credit Card,Digital
C00725,Personal Loan,Digital
C00725,E-Wallet,Digital
C00725,Savings Account,Digital
C00726,Savings Account,Basic
C00726,Debit Card,Basic
C00727,Debit Card,Basic
C00727,Insurance,Basic
C00727,Savings Account,Basic
C00728,Savings Account,Credit
C00728,Mobile Banking,Credit
C00728,Personal Loan,Credit
C00728,Mortgage,Credit
C00729,Savings Account,Basic
C00729,Mortgage,Basic
C00730,Savings Account,Credit
C00730,Debit Card,Credit
C00730,Credit Card,Credit
C00730,Personal Loan,Credit
C00731,Savings Account,Credit
C00731,Debit Card,Credit
C00731,Mobile Banking,Credit
C00731,Credit Card,Credit
C00731,Insurance,Credit
C00732,Debit Card,Credit
C00732,Credit Card,Credit
C00732,Savings Account,Credit
C00733,Savings Account,Basic
C00733,Debit Card,Basic
C00734,Debit Card,Wealth
C00734,Mobile Banking,Wealth
C00734,Credit Card,Wealth
C00734,Personal Loan,Wealth
C00734,Investment,Wealth
C00734,Time Deposit,Wealth
C00734,Savings Account,Wealth
C00735,Savings Account,Basic
C00735,Debit Card,Basic
C00735,Mobile Banking,Basic
C00735,Insurance,Basic
C00736,Debit Card,Basic
C00736,Credit Card,Basic
C00736,E-Wallet,Basic
C00736,Savings Account,Basic
C00737,Savings Account,Digital
C00737,Debit Card,Digital
C00737,Credit Card,Digital
C00737,E-Wallet,Digital
C00738,Savings Account,Basic
C00738,Debit Card,Basic
C00738,Mobile Banking,Basic
C00739,Savings Account,Credit
C00739,Debit Card,Credit
C00739,Mobile Banking,Credit
C00739,Credit Card,Credit
C00739,Personal Loan,Credit
C00740,Savings Account,Credit
C00740,Personal Loan,Credit
C00740,Insurance,Credit
C00741,Savings Account,Digital
C00741,Debit Card,Digital
C00741,Mobile Banking,Digital
C00741,E-Wallet,Digital
C00742,Savings Account,Credit
C00742,Mobile Banking,Credit
C00743,Savings Account,Digital
C00743,Debit Card,Digital
C00743,Mobile Banking,Digital
C00744,Savings Account,Credit
C00744,Mobile Banking,Credit
C00744,Credit Card,Credit
C00744,Personal Loan,Credit
C00744,Time Deposit,Credit
C00745,Debit Card,Credit
C00745,Mobile Banking,Credit
C00745,Credit Card,Credit
C00745,Insurance,Credit
C00745,Savings Account,Credit
C00746,Savings Account,Credit
C00746,Debit Card,Credit
C00746,Mobile Banking,Credit
C00746,Credit Card,Credit
C00746,Personal Loan,Credit
C00747,Savings Account,Credit
C00747,Debit Card,Credit
C00747,Credit Card,Credit
C00747,E-Wallet,Credit
C00748,Savings Account,Credit
C00748,Debit Card,Credit
C00748,Mobile Banking,Credit
C00748,Personal Loan,Credit
C00748,Insurance,Credit
C00749,Savings Account,Basic
C00749,Debit Card,Basic
C00749,Mobile Banking,Basic
C00750,Savings Account,Credit
C00750,Credit Card,Credit
C00750,Mortgage,Credit
C00750,Insurance,Credit
C00750,Time Deposit,Credit
C00751,Savings Account,Credit
C00751,Debit Card,Credit
C00751,Credit Card,Credit
C00751,Personal Loan,Credit
C00752,Mobile Banking,Digital
C00752,E-Wallet,Digital
C00752,Savings Account,Digital
C00753,Savings Account,Basic
C00753,Debit Card,Basic
C00753,Mobile Banking,Basic
C00754,Savings Account,Credit
C00754,Debit Card,Credit
C00754,Mobile Banking,Credit
C00754,Personal Loan,Credit
C00754,Time Deposit,Credit
C00755,Savings Account,Wealth
C00755,Debit Card,Wealth
C00755,Mobile Banking,Wealth
C00755,Credit Card,Wealth
C00755,Investment,Wealth
C00755,Insurance,Wealth
C00756,Savings Account,Digital
C00756,Debit Card,Digital
C00756,Mobile Banking,Digital
C00756,Investment,Digital
C00756,E-Wallet,Digital
C00757,Debit Card,Basic
C00757,Mobile Banking,Basic
C00757,Credit Card,Basic
C00757,Savings Account,Basic
C00758,Debit Card,Credit
C00758,Mobile Banking,Credit
C00758,Credit Card,Credit
C00758,Personal Loan,Credit
C00758,Time Deposit,Credit
C00758,Savings Account,Credit
C00759,Savings Account,Credit
C00759,Debit Card,Credit
C00759,Mobile Banking,Credit
C00759,Credit Card,Credit
C00759,Personal Loan,Credit
C00759,E-Wallet,Credit
C00759,Time Deposit,Credit
C00760,Mobile Banking,Digital
C00760,Credit Card,Digital
C00760,Insurance,Digital
C00760,Savings Account,Digital
C00761,Debit Card,Digital
C00761,Mobile Banking,Digital
C00761,E-Wallet,Digital
C00761,Savings Account,Digital
C00762,Savings Account,Credit
C00762,Debit Card,Credit
C00762,Mobile Banking,Credit
C00762,Credit Card,Credit
C00763,Savings Account,Digital
C00763,Debit Card,Digital
C00763,Mobile Banking,Digital
C00763,E-Wallet,Digital
C00764,Savings Account,Wealth
C00764,Debit Card,Wealth
C00764,Mobile Banking,Wealth
C00764,Investment,Wealth
C00764,Insurance,Wealth
C00765,Savings Account,Basic
C00765,Debit Card,Basic
C00766,Mobile Banking,Basic
C00766,Credit Card,Basic
C00766,Savings Account,Basic
C00767,Savings Account,Wealth
C00767,Mobile Banking,Wealth
C00767,Credit Card,Wealth
C00767,Personal Loan,Wealth
C00767,Investment,Wealth
C00767,Time Deposit,Wealth
C00768,Debit Card,Wealth
C00768,Credit Card,Wealth
C00768,Insurance,Wealth
C00768,Savings Account,Wealth
C00769,Mobile Banking,Digital
C00769,Credit Card,Digital
C00769,Investment,Digital
C00769,Savings Account,Digital
C00770,Debit Card,Credit
C00770,Savings Account,Credit
C00771,Debit Card,Credit
C00771,Mobile Banking,Credit
C00771,Credit Card,Credit
C00771,Personal Loan,Credit
C00771,Time Deposit,Credit
C00771,Savings Account,Credit
C00772,Debit Card,Digital
C00772,Mobile Banking,Digital
C00772,Mortgage,Digital
C00772,E-Wallet,Digital
C00772,Savings Account,Digital
C00773,Debit Card,Credit
C00773,Mobile Banking,Credit
C00773,Credit Card,Credit
C00773,Investment,Credit
C00773,Insurance,Credit
C00773,Savings Account,Credit
C00774,Savings Account,Credit
C00774,Debit Card,Credit
C00774,Mobile Banking,Credit
C00774,Credit Card,Credit
C00775,Savings Account,Credit
C00775,Mobile Banking,Credit
C00775,Credit Card,Credit
C00775,Personal Loan,Credit
C00776,Savings Account,Basic
C00776,Debit Card,Basic
C00776,Mortgage,Basic
C00777,Debit Card,Digital
C00777,Mobile Banking,Digital
C00777,Credit Card,Digital
C00777,Personal Loan,Digital
C00777,E-Wallet,Digital
C00777,Savings Account,Digital
C00778,Savings Account,Credit
C00778,Debit Card,Credit
C00778,Mobile Banking,Credit
C00778,Credit Card,Credit
C00778,Insurance,Credit
C00779,Debit Card,Digital
C00779,Mobile Banking,Digital
C00779,E-Wallet,Digital
C00779,Savings Account,Digital
C00780,Savings Account,Wealth
C00780,Credit Card,Wealth
C00780,Investment,Wealth
C00780,Insurance,Wealth
C00780,Time Deposit,Wealth
C00781,Savings Account,Credit
C00781,Debit Card,Credit
C00781,Mobile Banking,Credit
C00781,Personal Loan,Credit
C00781,Mortgage,Credit
C00782,Debit Card,Digital
C00782,Mobile Banking,Digital
C00782,E-Wallet,Digital
C00782,Time Deposit,Digital
C00782,Savings Account,Digital
C00783,Debit Card,Digital
C00783,Mobile Banking,Digital
C00783,Credit Card,Digital
C00783,Insurance,Digital
C00783,Savings Account,Digital
C00784,Savings Account,Digital
C00784,Debit Card,Digital
C00784,Mobile Banking,Digital
C00784,E-Wallet,Digital
C00785,Savings Account,Digital
C00785,Debit Card,Digital
C00785,Insurance,Digital
C00785,E-Wallet,Digital
C00786,Savings Account,Credit
C00786,Debit Card,Credit
C00786,Mobile Banking,Credit
C00786,Credit Card,Credit
C00786,Personal Loan,Credit
C00786,Investment,Credit
C00787,Savings Account,Wealth
C00787,Debit Card,Wealth
C00787,Mobile Banking,Wealth
C00787,Credit Card,Wealth
C00787,Investment,Wealth
C00787,Insurance,Wealth
C00787,Time Deposit,Wealth
C00788,Savings Account,Credit
C00788,Debit Card,Credit
C00788,Mobile Banking,Credit
C00788,Credit Card,Credit
C00788,Investment,Credit
C00789,Debit Card,Credit
C00789,Mobile Banking,Credit
C00789,Personal Loan,Credit
C00789,Mortgage,Credit
C00789,Savings Account,Credit
C00790,Savings Account,Wealth
C00790,Debit Card,Wealth
C00790,Mortgage,Wealth
C00790,Insurance,Wealth
C00790,E-Wallet,Wealth
C00791,Savings Account,Credit
C00791,Debit Card,Credit
C00791,Mobile Banking,Credit
C00791,Personal Loan,Credit
C00791,Mortgage,Credit
C00791,Insurance,Credit
C00791,E-Wallet,Credit
C00792,Savings Account,Credit
C00792,Debit Card,Credit
C00792,Mobile Banking,Credit
C00792,Credit Card,Credit
C00792,Personal Loan,Credit
C00792,Mortgage,Credit
C00792,Investment,Credit
C00793,Savings Account,Wealth
C00793,Debit Card,Wealth
C00793,Mobile Banking,Wealth
C00793,Credit Card,Wealth
C00793,Personal Loan,Wealth
C00793,Investment,Wealth
C00794,Savings Account,Wealth
C00794,Credit Card,Wealth
C00794,Personal Loan,Wealth
C00794,Investment,Wealth
C00794,Time Deposit,Wealth
C00795,Savings Account,Wealth
C00795,Debit Card,Wealth
C00795,Mobile Banking,Wealth
C00795,Mortgage,Wealth
C00795,Investment,Wealth
C00795,Insurance,Wealth
C00795,Time Deposit,Wealth
C00796,Savings Account,Credit
C00796,Credit Card,Credit
C00796,E-Wallet,Credit
C00797,Savings Account,Digital
C00797,Debit Card,Digital
C00797,Mobile Banking,Digital
C00797,Personal Loan,Digital
C00797,E-Wallet,Digital
C00798,Savings Account,Basic
C00798,Debit Card,Basic
C00798,Mobile Banking,Basic
C00799,Savings Account,Basic
C00799,Debit Card,Basic
C00799,Mobile Banking,Basic
C00800,Mobile Banking,Basic
C00800,E-Wallet,Basic
C00800,Savings Account,Basic
C00801,Savings Account,Digital
C00801,Debit Card,Digital
C00801,Mobile Banking,Digital
C00801,Mortgage,Digital
C00802,Savings Account,Basic
C00802,Debit Card,Basic
C00803,Savings Account,Credit
C00803,Credit Card,Credit
C00803,Mortgage,Credit
C00803,Insurance,Credit
C00803,Time Deposit,Credit
C00804,Savings Account,Credit
C00804,Debit Card,Credit
C00804,Mobile Banking,Credit
C00804,Credit Card,Credit
C00804,Personal Loan,Credit
C00804,Insurance,Credit
C00804,E-Wallet,Credit
C00805,Savings Account,Wealth
C00805,Mobile Banking,Wealth
C00805,Investment,Wealth
C00805,Insurance,Wealth
C00805,Time Deposit,Wealth
C00806,Mobile Banking,Digital
C00806,Credit Card,Digital
C00806,E-Wallet,Digital
C00806,Savings Account,Digital
C00807,Savings Account,Digital
C00807,Debit Card,Digital
C00807,Mobile Banking,Digital
C00807,Mortgage,Digital
C00807,Insurance,Digital
C00807,E-Wallet,Digital
C00808,Savings Account,Wealth
C00808,Debit Card,Wealth
C00808,Mortgage,Wealth
C00808,Investment,Wealth
C00808,Insurance,Wealth
C00808,E-Wallet,Wealth
C00808,Time Deposit,Wealth
C00809,Savings Account,Wealth
C00809,Investment,Wealth
C00809,Insurance,Wealth
C00809,Time Deposit,Wealth
C00810,Savings Account,Digital
C00810,Mobile Banking,Digital
C00810,Credit Card,Digital
C00810,E-Wallet,Digital
C00811,Savings Account,Credit
C00811,Debit Card,Credit
C00811,Mobile Banking,Credit
C00811,Credit Card,Credit
C00811,Personal Loan,Credit
C00812,Savings Account,Wealth
C00812,Debit Card,Wealth
C00812,Mobile Banking,Wealth
C00812,Credit Card,Wealth
C00812,Investment,Wealth
C00812,Insurance,Wealth
C00812,Time Deposit,Wealth
C00813,Credit Card,Digital
C00813,Personal Loan,Digital
C00813,Insurance,Digital
C00813,E-Wallet,Digital
C00813,Time Deposit,Digital
C00813,Savings Account,Digital
C00814,Debit Card,Wealth
C00814,Mobile Banking,Wealth
C00814,Mortgage,Wealth
C00814,Investment,Wealth
C00814,Savings Account,Wealth
C00815,Savings Account,Credit
C00815,Debit Card,Credit
C00815,Credit Card,Credit
C00816,Savings Account,Digital
C00816,Debit Card,Digital
C00816,Insurance,Digital
C00816,E-Wallet,Digital
C00816,Time Deposit,Digital
C00817,Debit Card,Digital
C00817,Mobile Banking,Digital
C00817,Savings Account,Digital
C00818,Savings Account,Basic
C00818,Debit Card,Basic
C00819,Savings Account,Basic
C00819,Mobile Banking,Basic
C00819,Personal Loan,Basic
C00819,Mortgage,Basic
C00820,Savings Account,Digital
C00820,Debit Card,Digital
C00820,Mobile Banking,Digital
C00820,Credit Card,Digital
C00821,Mobile Banking,Digital
C00821,Insurance,Digital
C00821,E-Wallet,Digital
C00821,Savings Account,Digital
C00822,Savings Account,Basic
C00822,Insurance,Basic
C00822,E-Wallet,Basic
C00823,Savings Account,Credit
C00823,Debit Card,Credit
C00823,Mobile Banking,Credit
C00823,Credit Card,Credit
C00823,Personal Loan,Credit
C00823,Insurance,Credit
C00824,Mobile Banking,Wealth
C00824,Personal Loan,Wealth
C00824,Savings Account,Wealth
C00825,Savings Account,Digital
C00825,Debit Card,Digital
C00825,Mobile Banking,Digital
C00826,Debit Card,Digital
C00826,Mobile Banking,Digital
C00826,Credit Card,Digital
C00826,Investment,Digital
C00826,E-Wallet,Digital
C00826,Time Deposit,Digital
C00826,Savings Account,Digital
C00827,Debit Card,Digital
C00827,Mobile Banking,Digital
C00827,E-Wallet,Digital
C00827,Savings Account,Digital
C00828,Savings Account,Credit
C00828,Mobile Banking,Credit
C00828,Credit Card,Credit
C00828,Personal Loan,Credit
C00828,E-Wallet,Credit
C00829,Savings Account,Basic
C00829,Mobile Banking,Basic
C00830,Savings Account,Basic
C00830,Debit Card,Basic
C00831,Debit Card,Digital
C00831,Mobile Banking,Digital
C00831,Credit Card,Digital
C00831,E-Wallet,Digital
C00831,Savings Account,Digital
C00832,Savings Account,Basic
C00832,Debit Card,Basic
C00832,Mobile Banking,Basic
C00833,Debit Card,Credit
C00833,Credit Card,Credit
C00833,Personal Loan,Credit
C00833,Savings Account,Credit
C00834,Savings Account,Credit
C00834,Debit Card,Credit
C00834,Mobile Banking,Credit
C00834,Credit Card,Credit
C00834,Personal Loan,Credit
C00834,E-Wallet,Credit
C00835,Debit Card,Basic
C00835,Personal Loan,Basic
C00835,Savings Account,Basic
C00836,Savings Account,Basic
C00836,Debit Card,Basic
C00837,Savings Account,Credit
C00837,Debit Card,Credit
C00837,Mobile Banking,Credit
C00837,Credit Card,Credit
C00837,Insurance,Credit
C00838,Savings Account,Credit
C00838,Debit Card,Credit
C00838,Credit Card,Credit
C00838,Personal Loan,Credit
C00838,Mortgage,Credit
C00838,Investment,Credit
C00839,Savings Account,Wealth
C00839,Mobile Banking,Wealth
C00839,Credit Card,Wealth
C00839,Mortgage,Wealth
C00840,Savings Account,Credit
C00840,Debit Card,Credit
C00840,Mobile Banking,Credit
C00840,Personal Loan,Credit
C00841,Savings Account,Digital
C00841,Debit Card,Digital
C00841,Mobile Banking,Digital
C00842,Mobile Banking,Digital
C00842,Credit Card,Digital
C00842,Savings Account,Digital
C00843,Debit Card,Wealth
C00843,Credit Card,Wealth
C00843,Insurance,Wealth
C00843,Savings Account,Wealth
C00844,Savings Account,Credit
C00844,Debit Card,Credit
C00844,Credit Card,Credit
C00844,Personal Loan,Credit
C00845,Savings Account,Credit
C00845,Mobile Banking,Credit
C00845,Credit Card,Credit
C00845,Personal Loan,Credit
C00845,E-Wallet,Credit
C00846,Savings Account,Credit
C00846,Credit Card,Credit
C00846,E-Wallet,Credit
C00847,Debit Card,Basic
C00847,Savings Account,Basic
C00848,Debit Card,Digital
C00848,Mobile Banking,Digital
C00848,Credit Card,Digital
C00848,E-Wallet,Digital
C00848,Time Deposit,Digital
C00848,Savings Account,Digital
C00849,Savings Account,Digital
C00849,Debit Card,Digital
C00849,Mobile Banking,Digital
C00849,E-Wallet,Digital
C00850,Savings Account,Digital
C00850,Debit Card,Digital
C00850,Mobile Banking,Digital
C00850,Credit Card,Digital
C00850,Time Deposit,Digital
C00851,Savings Account,Wealth
C00851,Debit Card,Wealth
C00851,Investment,Wealth
C00851,E-Wallet,Wealth
C00851,Time Deposit,Wealth
C00852,Savings Account,Credit
C00852,Debit Card,Credit
C00852,Credit Card,Credit
C00852,Time Deposit,Credit
C00853,Debit Card,Wealth
C00853,Mobile Banking,Wealth
C00853,Mortgage,Wealth
C00853,Investment,Wealth
C00853,Time Deposit,Wealth
C00853,Savings Account,Wealth
C00854,Savings Account,Basic
C00854,Debit Card,Basic
C00854,Mortgage,Basic
C00855,Savings Account,Wealth
C00855,Debit Card,Wealth
C00855,Investment,Wealth
C00856,Savings Account,Credit
C00856,Debit Card,Credit
C00856,Credit Card,Credit
C00856,Personal Loan,Credit
C00857,Savings Account,Credit
C00857,Debit Card,Credit
C00857,Credit Card,Credit
C00857,Personal Loan,Credit
C00858,Savings Account,Credit
C00858,Debit Card,Credit
C00858,Mobile Banking,Credit
C00858,Credit Card,Credit
C00858,E-Wallet,Credit
C00859,Savings Account,Credit
C00859,Debit Card,Credit
C00859,Credit Card,Credit
C00859,Personal Loan,Credit
C00860,Debit Card,Digital
C00860,Mobile Banking,Digital
C00860,Insurance,Digital
C00860,E-Wallet,Digital
C00860,Savings Account,Digital
C00861,Savings Account,Basic
C00861,Debit Card,Basic
C00861,Mobile Banking,Basic
C00862,Savings Account,Digital
C00862,Debit Card,Digital
C00862,Mobile Banking,Digital
C00863,Savings Account,Basic
C00863,Debit Card,Basic
C00863,Mobile Banking,Basic
C00864,Savings Account,Credit
C00864,Debit Card,Credit
C00864,Mobile Banking,Credit
C00864,Credit Card,Credit
C00865,Savings Account,Credit
C00865,Debit Card,Credit
C00865,Mobile Banking,Credit
C00865,Credit Card,Credit
C00865,Personal Loan,Credit
C00866,Debit Card,Basic
C00866,Mobile Banking,Basic
C00866,Credit Card,Basic
C00866,Investment,Basic
C00866,E-Wallet,Basic
C00866,Savings Account,Basic
C00867,Savings Account,Credit
C00867,Debit Card,Credit
C00867,Mobile Banking,Credit
C00867,Credit Card,Credit
C00868,Debit Card,Digital
C00868,Savings Account,Digital
C00869,Savings Account,Credit
C00869,Mobile Banking,Credit
C00869,Credit Card,Credit
C00869,Personal Loan,Credit
C00869,Mortgage,Credit
C00869,Investment,Credit
C00870,Savings Account,Wealth
C00870,Debit Card,Wealth
C00870,Mobile Banking,Wealth
C00870,Investment,Wealth
C00870,E-Wallet,Wealth
C00870,Time Deposit,Wealth
C00871,Savings Account,Digital
C00871,Debit Card,Digital
C00871,Mobile Banking,Digital
C00871,Credit Card,Digital
C00871,Insurance,Digital
C00871,E-Wallet,Digital
C00872,Savings Account,Digital
C00872,Mobile Banking,Digital
C00872,Insurance,Digital
C00872,Time Deposit,Digital
C00873,Savings Account,Basic
C00873,Debit Card,Basic
C00873,E-Wallet,Basic
C00874,Savings Account,Credit
C00874,Mobile Banking,Credit
C00874,Credit Card,Credit
C00875,Savings Account,Digital
C00875,Debit Card,Digital
C00875,Mobile Banking,Digital
C00876,Savings Account,Wealth
C00876,Debit Card,Wealth
C00876,Investment,Wealth
C00876,Insurance,Wealth
C00876,Time Deposit,Wealth
C00877,Debit Card,Credit
C00877,Mobile Banking,Credit
C00877,Credit Card,Credit
C00877,Personal Loan,Credit
C00877,Savings Account,Credit
C00878,Savings Account,Credit
C00878,Debit Card,Credit
C00878,Personal Loan,Credit
C00878,Time Deposit,Credit
C00879,Savings Account,Basic
C00879,Debit Card,Basic
C00880,Savings Account,Basic
C00880,Debit Card,Basic
C00881,Savings Account,Credit
C00881,Mobile Banking,Credit
C00881,Credit Card,Credit
C00881,Personal Loan,Credit
C00881,Insurance,Credit
C00881,E-Wallet,Credit
C00882,Debit Card,Digital
C00882,Mobile Banking,Digital
C00882,E-Wallet,Digital
C00882,Savings Account,Digital
C00883,Savings Account,Basic
C00883,Debit Card,Basic
C00883,Mobile Banking,Basic
C00884,Savings Account,Wealth
C00884,Debit Card,Wealth
C00884,Mobile Banking,Wealth
C00884,Credit Card,Wealth
C00884,Mortgage,Wealth
C00884,Time Deposit,Wealth
C00885,Debit Card,Credit
C00885,Mobile Banking,Credit
C00885,Credit Card,Credit
C00885,E-Wallet,Credit
C00885,Time Deposit,Credit
C00885,Savings Account,Credit
C00886,Savings Account,Credit
C00886,Debit Card,Credit
C00886,Mobile Banking,Credit
C00886,Credit Card,Credit
C00886,Personal Loan,Credit
C00887,Mobile Banking,Wealth
C00887,Mortgage,Wealth
C00887,Investment,Wealth
C00887,Savings Account,Wealth
C00888,Savings Account,Credit
C00888,Debit Card,Credit
C00888,Credit Card,Credit
C00888,E-Wallet,Credit
C00889,Savings Account,Wealth
C00889,Debit Card,Wealth
C00889,Investment,Wealth
C00889,Insurance,Wealth
C00890,Savings Account,Basic
C00890,Debit Card,Basic
C00891,Savings Account,Digital
C00891,Debit Card,Digital
C00891,Mobile Banking,Digital
C00891,Credit Card,Digital
C00891,Mortgage,Digital
C00891,Insurance,Digital
C00891,E-Wallet,Digital
C00891,Time Deposit,Digital
C00892,Savings Account,Credit
C00892,Debit Card,Credit
C00892,Mobile Banking,Credit
C00892,Mortgage,Credit
C00893,Savings Account,Credit
C00893,Mobile Banking,Credit
C00893,Credit Card,Credit
C00893,Personal Loan,Credit
C00894,Savings Account,Credit
C00894,Debit Card,Credit
C00894,Credit Card,Credit
C00894,Personal Loan,Credit
C00895,Savings Account,Basic
C00895,Debit Card,Basic
C00896,Debit Card,Credit
C00896,Mobile Banking,Credit
C00896,Credit Card,Credit
C00896,Personal Loan,Credit
C00896,Insurance,Credit
C00896,E-Wallet,Credit
C00896,Time Deposit,Credit
C00896,Savings Account,Credit
C00897,Savings Account,Wealth
C00897,Debit Card,Wealth
C00897,Mobile Banking,Wealth
C00897,Credit Card,Wealth
C00897,Mortgage,Wealth
C00897,Insurance,Wealth
C00897,Time Deposit,Wealth
C00898,Savings Account,Wealth
C00898,Mobile Banking,Wealth
C00898,Mortgage,Wealth
C00898,Investment,Wealth
C00898,Insurance,Wealth
C00899,Savings Account,Digital
C00899,Debit Card,Digital
C00899,Mobile Banking,Digital
C00899,Time Deposit,Digital
C00900,Savings Account,Basic
C00900,Debit Card,Basic
C00900,Mobile Banking,Basic
C00901,Savings Account,Digital
C00901,Debit Card,Digital
C00901,Mobile Banking,Digital
C00902,Debit Card,Credit
C00902,Mobile Banking,Credit
C00902,Credit Card,Credit
C00902,E-Wallet,Credit
C00902,Savings Account,Credit
C00903,Savings Account,Credit
C00903,Debit Card,Credit
C00903,Credit Card,Credit
C00903,Personal Loan,Credit
C00903,Insurance,Credit
C00904,Debit Card,Digital
C00904,Mobile Banking,Digital
C00904,Credit Card,Digital
C00904,Savings Account,Digital
C00905,Savings Account,Digital
C00905,Mobile Banking,Digital
C00905,Mortgage,Digital
C00905,E-Wallet,Digital
C00906,Savings Account,Credit
C00906,Debit Card,Credit
C00906,Mobile Banking,Credit
C00906,Credit Card,Credit
C00906,Personal Loan,Credit
C00906,E-Wallet,Credit
C00906,Time Deposit,Credit
C00907,Savings Account,Credit
C00907,Debit Card,Credit
C00907,Mobile Banking,Credit
C00907,Credit Card,Credit
C00907,Personal Loan,Credit
C00907,E-Wallet,Credit
C00908,Savings Account,Basic
C00908,Debit Card,Basic
C00908,Mobile Banking,Basic
C00908,Credit Card,Basic
C00909,Savings Account,Digital
C00909,Debit Card,Digital
C00909,Mobile Banking,Digital
C00909,E-Wallet,Digital
C00910,Savings Account,Credit
C00910,Debit Card,Credit
C00910,Mobile Banking,Credit
C00910,Credit Card,Credit
C00910,Personal Loan,Credit
C00910,Mortgage,Credit
C00910,E-Wallet,Credit
C00911,Savings Account,Wealth
C00911,Debit Card,Wealth
C00911,Mobile Banking,Wealth
C00911,Personal Loan,Wealth
C00911,Insurance,Wealth
C00911,Time Deposit,Wealth
C00912,Savings Account,Digital
C00912,Mobile Banking,Digital
C00912,Credit Card,Digital
C00912,E-Wallet,Digital
C00913,Savings Account,Wealth
C00913,Investment,Wealth
C00913,Insurance,Wealth
C00913,Time Deposit,Wealth
C00914,Savings Account,Wealth
C00914,Debit Card,Wealth
C00914,Mobile Banking,Wealth
C00914,Credit Card,Wealth
C00914,Investment,Wealth
C00914,Insurance,Wealth
C00914,Time Deposit,Wealth
C00915,Savings Account,Basic
C00915,Debit Card,Basic
C00915,Mobile Banking,Basic
C00915,E-Wallet,Basic
C00916,Savings Account,Basic
C00916,Mobile Banking,Basic
C00916,Credit Card,Basic
C00916,E-Wallet,Basic
C00917,Savings Account,Credit
C00917,Debit Card,Credit
C00917,Credit Card,Credit
C00917,Personal Loan,Credit
C00917,Mortgage,Credit
C00918,Savings Account,Basic
C00918,Debit Card,Basic
C00918,Credit Card,Basic
C00918,E-Wallet,Basic
C00919,Savings Account,Digital
C00919,Mobile Banking,Digital
C00920,Savings Account,Credit
C00920,Debit Card,Credit
C00920,Mobile Banking,Credit
C00920,Personal Loan,Credit
C00921,Savings Account,Digital
C00921,Debit Card,Digital
C00921,Mobile Banking,Digital
C00921,Credit Card,Digital
C00921,Mortgage,Digital
C00921,Insurance,Digital
C00921,E-Wallet,Digital
C00922,Savings Account,Digital
C00922,Mobile Banking,Digital
C00922,Credit Card,Digital
C00922,Insurance,Digital
C00922,E-Wallet,Digital
C00923,Savings Account,Digital
C00923,Debit Card,Digital
C00923,Credit Card,Digital
C00923,Personal Loan,Digital
C00923,Time Deposit,Digital
C00924,Savings Account,Digital
C00924,Debit Card,Digital
C00924,Mobile Banking,Digital
C00924,E-Wallet,Digital
C00925,Mobile Banking,Digital
C00925,E-Wallet,Digital
C00925,Savings Account,Digital
C00926,Savings Account,Wealth
C00926,Mobile Banking,Wealth
C00926,Investment,Wealth
C00926,Insurance,Wealth
C00926,E-Wallet,Wealth
C00926,Time Deposit,Wealth
C00927,Savings Account,Credit
C00927,Debit Card,Credit
C00927,Mobile Banking,Credit
C00927,Personal Loan,Credit
C00927,Insurance,Credit
C00927,Time Deposit,Credit
C00928,Savings Account,Wealth
C00928,Time Deposit,Wealth
C00929,Savings Account,Digital
C00929,Debit Card,Digital
C00929,Mobile Banking,Digital
C00929,Credit Card,Digital
C00929,E-Wallet,Digital
C00929,Time Deposit,Digital
C00930,Insurance,Wealth
C00930,E-Wallet,Wealth
C00930,Time Deposit,Wealth
C00930,Savings Account,Wealth
C00931,Savings Account,Credit
C00931,Debit Card,Credit
C00931,Mobile Banking,Credit
C00931,Personal Loan,Credit
C00932,Savings Account,Digital
C00932,Debit Card,Digital
C00932,Mobile Banking,Digital
C00932,Personal Loan,Digital
C00932,Investment,Digital
C00933,Savings Account,Basic
C00933,Debit Card,Basic
C00933,Mobile Banking,Basic
C00933,Time Deposit,Basic
C00934,Savings Account,Digital
C00934,Debit Card,Digital
C00934,Mobile Banking,Digital
C00934,Credit Card,Digital
C00934,E-Wallet,Digital
C00935,Savings Account,Digital
C00935,Debit Card,Digital
C00935,Mobile Banking,Digital
C00935,Credit Card,Digital
C00936,Mobile Banking,Digital
C00936,Credit Card,Digital
C00936,E-Wallet,Digital
C00936,Savings Account,Digital
C00937,Savings Account,Wealth
C00937,Debit Card,Wealth
C00937,Credit Card,Wealth
C00937,Investment,Wealth
C00937,Time Deposit,Wealth
C00938,Debit Card,Digital
C00938,Mobile Banking,Digital
C00938,E-Wallet,Digital
C00938,Savings Account,Digital
C00939,Savings Account,Basic
C00939,Investment,Basic
C00939,E-Wallet,Basic
C00940,Savings Account,Basic
C00940,Credit Card,Basic
C00941,Debit Card,Wealth
C00941,Credit Card,Wealth
C00941,Investment,Wealth
C00941,Insurance,Wealth
C00941,Time Deposit,Wealth
C00941,Savings Account,Wealth
C00942,Savings Account,Credit
C00942,Debit Card,Credit
C00942,Mobile Banking,Credit
C00942,Credit Card,Credit
C00942,Personal Loan,Credit
C00943,Savings Account,Digital
C00943,Debit Card,Digital
C00943,Mobile Banking,Digital
C00943,E-Wallet,Digital
C00944,Mobile Banking,Digital
C00944,Credit Card,Digital
C00944,Mortgage,Digital
C00944,E-Wallet,Digital
C00944,Savings Account,Digital
C00945,Savings Account,Wealth
C00945,Debit Card,Wealth
C00945,Mobile Banking,Wealth
C00945,Credit Card,Wealth
C00945,Time Deposit,Wealth
C00946,Savings Account,Credit
C00946,Debit Card,Credit
C00946,Mortgage,Credit
C00946,E-Wallet,Credit
C00947,Savings Account,Wealth
C00947,Debit Card,Wealth
C00947,Mobile Banking,Wealth
C00947,Credit Card,Wealth
C00947,Personal Loan,Wealth
C00947,Mortgage,Wealth
C00947,Investment,Wealth
C00947,Insurance,Wealth
C00947,Time Deposit,Wealth
C00948,Savings Account,Digital
C00948,Debit Card,Digital
C00948,Mobile Banking,Digital
C00948,Credit Card,Digital
C00948,E-Wallet,Digital
C00949,Savings Account,Credit
C00949,Debit Card,Credit
C00949,Mobile Banking,Credit
C00949,Credit Card,Credit
C00949,Personal Loan,Credit
C00950,Savings Account,Credit
C00950,Debit Card,Credit
C00950,Credit Card,Credit
C00950,Personal Loan,Credit
C00950,Mortgage,Credit
C00950,Insurance,Credit
C00950,E-Wallet,Credit
C00951,Debit Card,Credit
C00951,Mobile Banking,Credit
C00951,Credit Card,Credit
C00951,Savings Account,Credit
C00952,Savings Account,Wealth
C00952,Mobile Banking,Wealth
C00952,Mortgage,Wealth
C00952,Investment,Wealth
C00952,Insurance,Wealth
C00952,Time Deposit,Wealth
C00953,Debit Card,Wealth
C00953,Mobile Banking,Wealth
C00953,Credit Card,Wealth
C00953,Mortgage,Wealth
C00953,E-Wallet,Wealth
C00953,Savings Account,Wealth
C00954,Savings Account,Credit
C00954,Debit Card,Credit
C00954,Mobile Banking,Credit
C00954,Credit Card,Credit
C00955,Debit Card,Basic
C00955,Savings Account,Basic
C00956,Savings Account,Wealth
C00956,Debit Card,Wealth
C00956,Mobile Banking,Wealth
C00956,Investment,Wealth
C00956,Insurance,Wealth
C00956,Time Deposit,Wealth
C00957,Savings Account,Digital
C00957,Debit Card,Digital
C00957,Mortgage,Digital
C00957,E-Wallet,Digital
C00958,Savings Account,Wealth
C00958,Debit Card,Wealth
C00958,Credit Card,Wealth
C00958,Investment,Wealth
C00958,Insurance,Wealth
C00959,Mobile Banking,Credit
C00959,Credit Card,Credit
C00959,Savings Account,Credit
C00960,Debit Card,Credit
C00960,Credit Card,Credit
C00960,Insurance,Credit
C00960,Savings Account,Credit
C00961,Savings Account,Digital
C00961,Mobile Banking,Digital
C00962,Savings Account,Credit
C00962,Debit Card,Credit
C00962,Credit Card,Credit
C00962,Insurance,Credit
C00963,Savings Account,Credit
C00963,Debit Card,Credit
C00963,Credit Card,Credit
C00963,Mortgage,Credit
C00963,Insurance,Credit
C00964,Debit Card,Credit
C00964,Mobile Banking,Credit
C00964,Credit Card,Credit
C00964,Personal Loan,Credit
C00964,Savings Account,Credit
C00965,Savings Account,Credit
C00965,Debit Card,Credit
C00965,E-Wallet,Credit
C00966,Savings Account,Credit
C00966,Debit Card,Credit
C00966,Personal Loan,Credit
C00967,Savings Account,Digital
C00967,Mobile Banking,Digital
C00967,Credit Card,Digital
C00967,E-Wallet,Digital
C00968,Savings Account,Basic
C00968,Debit Card,Basic
C00969,Savings Account,Digital
C00969,Debit Card,Digital
C00969,Mobile Banking,Digital
C00970,Savings Account,Credit
C00970,Debit Card,Credit
C00970,Personal Loan,Credit
C00970,Insurance,Credit
C00970,E-Wallet,Credit
C00970,Time Deposit,Credit
C00971,Debit Card,Digital
C00971,Mobile Banking,Digital
C00971,Insurance,Digital
C00971,E-Wallet,Digital
C00971,Savings Account,Digital
C00972,Savings Account,Basic
C00972,Debit Card,Basic
C00973,Savings Account,Digital
C00973,Mobile Banking,Digital
C00973,E-Wallet,Digital
C00974,Savings Account,Wealth
C00974,Debit Card,Wealth
C00974,Insurance,Wealth
C00974,Time Deposit,Wealth
C00975,Savings Account,Credit
C00975,Debit Card,Credit
C00975,Credit Card,Credit
C00975,Mortgage,Credit
C00975,Insurance,Credit
C00975,E-Wallet,Credit
C00976,Savings Account,Basic
C00976,Debit Card,Basic
C00976,Mortgage,Basic
C00977,Savings Account,Credit
C00977,Debit Card,Credit
C00977,Mobile Banking,Credit
C00977,Mortgage,Credit
C00978,Savings Account,Basic
C00978,Debit Card,Basic
C00978,Mobile Banking,Basic
C00979,Debit Card,Basic
C00979,Savings Account,Basic
C00980,Savings Account,Wealth
C00980,Debit Card,Wealth
C00980,Mobile Banking,Wealth
C00980,Personal Loan,Wealth
C00980,Mortgage,Wealth
C00980,Time Deposit,Wealth
C00981,Savings Account,Credit
C00981,Debit Card,Credit
C00981,Mobile Banking,Credit
C00981,Insurance,Credit
C00981,E-Wallet,Credit
C00982,Savings Account,Basic
C00982,Mobile Banking,Basic
C00982,E-Wallet,Basic
C00983,Savings Account,Credit
C00983,Debit Card,Credit
C00983,Mobile Banking,Credit
C00983,Credit Card,Credit
C00983,Personal Loan,Credit
C00984,Savings Account,Wealth
C00984,Debit Card,Wealth
C00984,Insurance,Wealth
C00984,E-Wallet,Wealth
C00984,Time Deposit,Wealth
C00985,Savings Account,Digital
C00985,Debit Card,Digital
C00985,Mobile Banking,Digital
C00985,Investment,Digital
C00986,Savings Account,Digital
C00986,Debit Card,Digital
C00986,Mobile Banking,Digital
C00986,E-Wallet,Digital
C00987,Savings Account,Wealth
C00987,Mobile Banking,Wealth
C00987,Credit Card,Wealth
C00987,Time Deposit,Wealth
C00988,Savings Account,Wealth
C00988,Debit Card,Wealth
C00988,Mobile Banking,Wealth
C00988,Mortgage,Wealth
C00988,Investment,Wealth
C00988,Insurance,Wealth
C00988,E-Wallet,Wealth
C00988,Time Deposit,Wealth
C00989,Debit Card,Wealth
C00989,Mobile Banking,Wealth
C00989,Investment,Wealth
C00989,Insurance,Wealth
C00989,Time Deposit,Wealth
C00989,Savings Account,Wealth
C00990,Savings Account,Wealth
C00990,Mortgage,Wealth
C00990,Investment,Wealth
C00990,Time Deposit,Wealth
C00991,Savings Account,Digital
C00991,Mobile Banking,Digital
C00991,Insurance,Digital
C00991,E-Wallet,Digital
C00992,Savings Account,Digital
C00992,Debit Card,Digital
C00992,Mobile Banking,Digital
C00992,Credit Card,Digital
C00992,Mortgage,Digital
C00993,Savings Account,Wealth
C00993,Credit Card,Wealth
C00993,Investment,Wealth
C00994,Savings Account,Credit
C00994,Debit Card,Credit
C00994,Mobile Banking,Credit
C00995,Savings Account,Credit
C00995,Debit Card,Credit
C00995,Mobile Banking,Credit
C00995,Credit Card,Credit
C00996,Savings Account,Basic
C00996,Debit Card,Basic
C00997,Savings Account,Basic
C00997,Debit Card,Basic
C00997,E-Wallet,Basic
C00998,Savings Account,Basic
C00998,Debit Card,Basic
C00999,Savings Account,Credit
C00999,Debit Card,Credit
C00999,Mobile Banking,Credit
C00999,Credit Card,Credit
C00999,Personal Loan,Credit
C00999,Insurance,Credit
C01000,Savings Account,Basic
C01000,Debit Card,Basic
C01001,Savings Account,Basic
C01001,Debit Card,Basic
C01002,Savings Account,Basic
C01002,Debit Card,Basic
C01003,Savings Account,Basic
C01003,Debit Card,Basic
C01003,Credit Card,Basic
C01004,Mobile Banking,Credit
C01004,Credit Card,Credit
C01004,Savings Account,Credit
C01005,Mobile Banking,Credit
C01005,Credit Card,Credit
C01005,Personal Loan,Credit
C01005,Mortgage,Credit
C01005,Savings Account,Credit
C01006,Savings Account,Wealth
C01006,Debit Card,Wealth
C01006,Credit Card,Wealth
C01006,Investment,Wealth
C01006,Insurance,Wealth
C01006,Time Deposit,Wealth
C01007,Savings Account,Basic
C01007,Debit Card,Basic
C01007,Mobile Banking,Basic
C01008,Savings Account,Credit
C01008,Debit Card,Credit
C01008,Credit Card,Credit
C01008,Personal Loan,Credit
C01009,Savings Account,Basic
C01009,Debit Card,Basic
C01009,Mobile Banking,Basic
C01009,Mortgage,Basic
C01009,Insurance,Basic
C01010,Debit Card,Credit
C01010,Credit Card,Credit
C01010,Mortgage,Credit
C01010,Savings Account,Credit
C01011,Savings Account,Credit
C01011,Debit Card,Credit
C01011,Mobile Banking,Credit
C01011,Credit Card,Credit
C01011,Personal Loan,Credit
C01011,Mortgage,Credit
C01012,Savings Account,Credit
C01012,Debit Card,Credit
C01012,Credit Card,Credit
C01012,Personal Loan,Credit
C01012,Investment,Credit
C01012,E-Wallet,Credit
C01013,E-Wallet,Digital
C01013,Savings Account,Digital
C01014,Savings Account,Digital
C01014,Debit Card,Digital
C01014,Mobile Banking,Digital
C01014,Credit Card,Digital
C01014,Personal Loan,Digital
C01014,Insurance,Digital
C01014,E-Wallet,Digital
C01015,Savings Account,Digital
C01015,Mobile Banking,Digital
C01015,Credit Card,Digital
C01016,Savings Account,Credit
C01016,Personal Loan,Credit
C01017,Savings Account,Credit
C01017,Mobile Banking,Credit
C01017,Credit Card,Credit
C01017,Personal Loan,Credit
C01017,Insurance,Credit
C01018,Savings Account,Credit
C01018,Debit Card,Credit
C01018,Mobile Banking,Credit
C01018,Credit Card,Credit
C01018,E-Wallet,Credit
C01019,Savings Account,Digital
C01019,Debit Card,Digital
C01019,Mobile Banking,Digital
C01019,E-Wallet,Digital
C01020,Savings Account,Digital
C01020,Mobile Banking,Digital
C01020,Credit Card,Digital
C01020,E-Wallet,Digital
C01021,Savings Account,Credit
C01021,Debit Card,Credit
C01021,Mobile Banking,Credit
C01021,Credit Card,Credit
C01021,Personal Loan,Credit
C01021,Time Deposit,Credit
C01022,Savings Account,Basic
C01022,Time Deposit,Basic
C01023,Savings Account,Credit
C01023,Debit Card,Credit
C01023,Mobile Banking,Credit
C01023,Credit Card,Credit
C01023,Personal Loan,Credit
C01024,Savings Account,Digital
C01024,Debit Card,Digital
C01024,Mobile Banking,Digital
C01024,E-Wallet,Digital
C01025,Savings Account,Digital
C01025,Debit Card,Digital
C01025,Mobile Banking,Digital
C01025,Credit Card,Digital
C01025,E-Wallet,Digital
C01025,Time Deposit,Digital
C01026,Savings Account,Credit
C01026,Debit Card,Credit
C01026,Mobile Banking,Credit
C01026,Credit Card,Credit
C01026,Personal Loan,Credit
C01026,Insurance,Credit
C01027,Debit Card,Basic
C01027,Mobile Banking,Basic
C01027,Savings Account,Basic
C01028,Savings Account,Basic
C01028,Debit Card,Basic
C01029,Savings Account,Digital
C01029,Debit Card,Digital
C01029,Mobile Banking,Digital
C01029,E-Wallet,Digital
C01030,Savings Account,Digital
C01030,Debit Card,Digital
C01030,Mobile Banking,Digital
C01030,Insurance,Digital
C01031,Debit Card,Credit
C01031,Mobile Banking,Credit
C01031,Credit Card,Credit
C01031,Personal Loan,Credit
C01031,E-Wallet,Credit
C01031,Savings Account,Credit
C01032,Savings Account,Digital
C01032,Debit Card,Digital
C01032,Mobile Banking,Digital
C01032,Mortgage,Digital
C01032,E-Wallet,Digital
C01033,Savings Account,Digital
C01033,Debit Card,Digital
C01033,Mobile Banking,Digital
C01033,Investment,Digital
C01033,E-Wallet,Digital
C01034,Savings Account,Digital
C01034,Mobile Banking,Digital
C01034,E-Wallet,Digital
C01035,Savings Account,Digital
C01035,Mobile Banking,Digital
C01035,E-Wallet,Digital
C01036,Savings Account,Digital
C01036,Debit Card,Digital
C01036,Mobile Banking,Digital
C01036,Credit Card,Digital
C01037,Savings Account,Basic
C01037,Debit Card,Basic
C01038,Savings Account,Credit
C01038,Debit Card,Credit
C01038,Mobile Banking,Credit
C01038,Credit Card,Credit
C01039,Debit Card,Basic
C01039,Mobile Banking,Basic
C01039,E-Wallet,Basic
C01039,Time Deposit,Basic
C01039,Savings Account,Basic
C01040,Savings Account,Basic
C01040,Debit Card,Basic
C01041,Savings Account,Digital
C01041,Debit Card,Digital
C01041,Mobile Banking,Digital
C01041,Credit Card,Digital
C01041,Personal Loan,Digital
C01041,E-Wallet,Digital
C01042,Savings Account,Basic
C01042,Debit Card,Basic
C01042,Credit Card,Basic
C01042,Insurance,Basic
C01043,Savings Account,Wealth
C01043,Credit Card,Wealth
C01043,Insurance,Wealth
C01043,Time Deposit,Wealth
C01044,Savings Account,Digital
C01044,Debit Card,Digital
C01044,Mobile Banking,Digital
C01044,E-Wallet,Digital
C01045,Savings Account,Digital
C01045,Mobile Banking,Digital
C01045,Credit Card,Digital
C01045,Investment,Digital
C01045,Insurance,Digital
C01045,E-Wallet,Digital
C01046,Savings Account,Credit
C01046,Mobile Banking,Credit
C01046,Credit Card,Credit
C01046,Personal Loan,Credit
C01047,Savings Account,Credit
C01047,Mobile Banking,Credit
C01047,Credit Card,Credit
C01048,Savings Account,Credit
C01048,Debit Card,Credit
C01048,Mobile Banking,Credit
C01048,Credit Card,Credit
C01048,Mortgage,Credit
C01048,E-Wallet,Credit
C01049,Savings Account,Wealth
C01049,Debit Card,Wealth
C01049,Mobile Banking,Wealth
C01049,Credit Card,Wealth
C01049,Mortgage,Wealth
C01049,Investment,Wealth
C01049,E-Wallet,Wealth
C01050,Savings Account,Basic
C01050,Debit Card,Basic
C01050,Mobile Banking,Basic
C01051,Debit Card,Digital
C01051,Mobile Banking,Digital
C01051,E-Wallet,Digital
C01051,Savings Account,Digital
C01052,Savings Account,Credit
C01052,Debit Card,Credit
C01052,Mobile Banking,Credit
C01052,Credit Card,Credit
C01052,Personal Loan,Credit
C01053,Mobile Banking,Digital
C01053,Credit Card,Digital
C01053,Savings Account,Digital
C01054,Credit Card,Credit
C01054,Personal Loan,Credit
C01054,Savings Account,Credit
C01055,Savings Account,Credit
C01055,Debit Card,Credit
C01055,Mobile Banking,Credit
C01055,Credit Card,Credit
C01055,Personal Loan,Credit
C01056,Savings Account,Digital
C01056,Debit Card,Digital
C01056,Mobile Banking,Digital
C01056,Credit Card,Digital
C01056,Personal Loan,Digital
C01057,Savings Account,Digital
C01057,Debit Card,Digital
C01057,Mobile Banking,Digital
C01057,E-Wallet,Digital
C01058,Savings Account,Basic
C01058,Debit Card,Basic
C01059,Debit Card,Basic
C01059,Mobile Banking,Basic
C01059,Savings Account,Basic
C01060,Savings Account,Basic
C01060,Debit Card,Basic
C01060,E-Wallet,Basic
C01061,Savings Account,Wealth
C01061,Debit Card,Wealth
C01061,Mobile Banking,Wealth
C01061,Time Deposit,Wealth
C01062,Savings Account,Credit
C01062,Debit Card,Credit
C01062,Mobile Banking,Credit
C01062,Credit Card,Credit
C01062,Personal Loan,Credit
C01063,Savings Account,Basic
C01063,Debit Card,Basic
C01064,Savings Account,Digital
C01064,Mobile Banking,Digital
C01064,E-Wallet,Digital
C01065,Savings Account,Digital
C01065,Debit Card,Digital
C01065,Mobile Banking,Digital
C01065,Investment,Digital
C01065,Insurance,Digital
C01065,E-Wallet,Digital
C01066,Savings Account,Basic
C01066,Debit Card,Basic
C01066,E-Wallet,Basic
C01066,Time Deposit,Basic
C01067,Savings Account,Credit
C01067,Debit Card,Credit
C01067,Mobile Banking,Credit
C01067,Personal Loan,Credit
C01068,Savings Account,Basic
C01068,Debit Card,Basic
C01069,Mobile Banking,Digital
C01069,E-Wallet,Digital
C01069,Savings Account,Digital
C01070,Savings Account,Credit
C01070,Debit Card,Credit
C01070,Mobile Banking,Credit
C01070,Credit Card,Credit
C01070,Mortgage,Credit
C01070,E-Wallet,Credit
C01071,Savings Account,Credit
C01071,Debit Card,Credit
C01071,Mobile Banking,Credit
C01071,Credit Card,Credit
C01071,Personal Loan,Credit
C01071,Mortgage,Credit
C01071,Time Deposit,Credit
C01072,Savings Account,Credit
C01072,Debit Card,Credit
C01072,Mobile Banking,Credit
C01072,Credit Card,Credit
C01072,Insurance,Credit
C01073,Savings Account,Wealth
C01073,Debit Card,Wealth
C01073,Credit Card,Wealth
C01073,Mortgage,Wealth
C01073,Investment,Wealth
C01074,Savings Account,Wealth
C01074,Debit Card,Wealth
C01074,Mobile Banking,Wealth
C01074,Credit Card,Wealth
C01075,Savings Account,Credit
C01075,Debit Card,Credit
C01075,Mobile Banking,Credit
C01075,Credit Card,Credit
C01075,Personal Loan,Credit
C01076,Savings Account,Digital
C01076,Debit Card,Digital
C01076,Mobile Banking,Digital
C01076,Credit Card,Digital
C01076,E-Wallet,Digital
C01077,Debit Card,Credit
C01077,Mobile Banking,Credit
C01077,Savings Account,Credit
C01078,Savings Account,Credit
C01078,Debit Card,Credit
C01078,Mobile Banking,Credit
C01078,Credit Card,Credit
C01078,Personal Loan,Credit
C01078,E-Wallet,Credit
C01079,Savings Account,Credit
C01079,Debit Card,Credit
C01080,Savings Account,Digital
C01080,Debit Card,Digital
C01080,Mobile Banking,Digital
C01080,Credit Card,Digital
C01080,Insurance,Digital
C01080,E-Wallet,Digital
C01081,Debit Card,Credit
C01081,Credit Card,Credit
C01081,Personal Loan,Credit
C01081,E-Wallet,Credit
C01081,Savings Account,Credit
C01082,Savings Account,Digital
C01082,Mobile Banking,Digital
C01082,Credit Card,Digital
C01082,E-Wallet,Digital
C01083,Savings Account,Credit
C01083,Debit Card,Credit
C01083,Credit Card,Credit
C01084,Mobile Banking,Digital
C01084,Savings Account,Digital
C01085,Savings Account,Digital
C01085,Debit Card,Digital
C01085,Mobile Banking,Digital
C01085,Insurance,Digital
C01085,E-Wallet,Digital
C01086,Mobile Banking,Credit
C01086,Credit Card,Credit
C01086,Personal Loan,Credit
C01086,E-Wallet,Credit
C01086,Savings Account,Credit
C01087,Savings Account,Digital
C01087,Debit Card,Digital
C01087,Mobile Banking,Digital
C01088,Debit Card,Digital
C01088,Mobile Banking,Digital
C01088,Credit Card,Digital
C01088,Insurance,Digital
C01088,Savings Account,Digital
C01089,Savings Account,Credit
C01089,Debit Card,Credit
C01089,Mobile Banking,Credit
C01089,Personal Loan,Credit
C01089,Mortgage,Credit
C01089,Insurance,Credit
C01090,Savings Account,Basic
C01090,Debit Card,Basic
C01091,Savings Account,Basic
C01091,Mobile Banking,Basic
C01091,Credit Card,Basic
C01092,Savings Account,Credit
C01092,Mobile Banking,Credit
C01092,Credit Card,Credit
C01092,Personal Loan,Credit
C01092,Time Deposit,Credit
C01093,Savings Account,Basic
C01093,Debit Card,Basic
C01093,Mobile Banking,Basic
C01094,Savings Account,Digital
C01094,Debit Card,Digital
C01095,Debit Card,Digital
C01095,Mobile Banking,Digital
C01095,Mortgage,Digital
C01095,E-Wallet,Digital
C01095,Savings Account,Digital
C01096,Savings Account,Wealth
C01096,Debit Card,Wealth
C01096,Mobile Banking,Wealth
C01096,Mortgage,Wealth
C01096,Investment,Wealth
C01096,Insurance,Wealth
C01096,Time Deposit,Wealth
C01097,Debit Card,Credit
C01097,Mobile Banking,Credit
C01097,Credit Card,Credit
C01097,Savings Account,Credit
C01098,Savings Account,Basic
C01098,Debit Card,Basic
C01098,Mortgage,Basic
C01099,Savings Account,Digital
C01099,Mobile Banking,Digital
C01099,Credit Card,Digital
C01099,E-Wallet,Digital
C01099,Time Deposit,Digital
C01100,Savings Account,Credit
C01100,Debit Card,Credit
C01100,Mobile Banking,Credit
C01100,Credit Card,Credit
C01100,Personal Loan,Credit
C01100,Insurance,Credit
C01101,Savings Account,Digital
C01101,Debit Card,Digital
C01101,Mobile Banking,Digital
C01101,Investment,Digital
C01101,E-Wallet,Digital
C01102,Savings Account,Credit
C01102,Debit Card,Credit
C01102,Mobile Banking,Credit
C01102,Credit Card,Credit
C01102,Personal Loan,Credit
C01102,Investment,Credit
C01103,Mobile Banking,Digital
C01103,Credit Card,Digital
C01103,E-Wallet,Digital
C01103,Savings Account,Digital
C01104,Debit Card,Basic
C01104,Savings Account,Basic
C01105,Savings Account,Credit
C01105,Debit Card,Credit
C01105,Credit Card,Credit
C01105,Personal Loan,Credit
C01105,Mortgage,Credit
C01106,Debit Card,Digital
C01106,Mobile Banking,Digital
C01106,Personal Loan,Digital
C01106,E-Wallet,Digital
C01106,Time Deposit,Digital
C01106,Savings Account,Digital
C01107,Debit Card,Credit
C01107,Mobile Banking,Credit
C01107,Credit Card,Credit
C01107,Savings Account,Credit
C01108,Savings Account,Basic
C01108,Debit Card,Basic
C01108,Mobile Banking,Basic
C01108,E-Wallet,Basic
C01109,Savings Account,Digital
C01109,Debit Card,Digital
C01109,Mobile Banking,Digital
C01109,Credit Card,Digital
C01109,Insurance,Digital
C01109,E-Wallet,Digital
C01110,Mobile Banking,Wealth
C01110,Investment,Wealth
C01110,Insurance,Wealth
C01110,Time Deposit,Wealth
C01110,Savings Account,Wealth
C01111,Savings Account,Wealth
C01111,Debit Card,Wealth
C01111,Credit Card,Wealth
C01111,Personal Loan,Wealth
C01111,Investment,Wealth
C01112,Savings Account,Credit
C01112,Debit Card,Credit
C01112,Mobile Banking,Credit
C01112,Credit Card,Credit
C01112,Personal Loan,Credit
C01113,Savings Account,Digital
C01113,E-Wallet,Digital
C01114,Debit Card,Basic
C01114,Time Deposit,Basic
C01114,Savings Account,Basic
C01115,Debit Card,Digital
C01115,Mobile Banking,Digital
C01115,Credit Card,Digital
C01115,E-Wallet,Digital
C01115,Savings Account,Digital
C01116,Savings Account,Digital
C01116,Debit Card,Digital
C01116,Mobile Banking,Digital
C01116,Credit Card,Digital
C01116,Insurance,Digital
C01117,Savings Account,Basic
C01117,Debit Card,Basic
C01117,Credit Card,Basic
C01118,Debit Card,Wealth
C01118,Investment,Wealth
C01118,Time Deposit,Wealth
C01118,Savings Account,Wealth
C01119,Savings Account,Digital
C01119,Debit Card,Digital
C01119,Mobile Banking,Digital
C01120,Debit Card,Credit
C01120,Mobile Banking,Credit
C01120,Credit Card,Credit
C01120,Savings Account,Credit
C01121,Savings Account,Credit
C01121,Debit Card,Credit
C01121,Mobile Banking,Credit
C01121,Credit Card,Credit
C01121,Personal Loan,Credit
C01122,Savings Account,Credit
C01122,Debit Card,Credit
C01122,Mobile Banking,Credit
C01122,Credit Card,Credit
C01122,Personal Loan,Credit
C01123,Mobile Banking,Digital
C01123,Credit Card,Digital
C01123,E-Wallet,Digital
C01123,Savings Account,Digital
C01124,Savings Account,Credit
C01124,Debit Card,Credit
C01124,Credit Card,Credit
C01124,Investment,Credit
C01124,E-Wallet,Credit
C01125,Mobile Banking,Basic
C01125,E-Wallet,Basic
C01125,Savings Account,Basic
C01126,Savings Account,Digital
C01126,Mobile Banking,Digital
C01126,Credit Card,Digital
C01126,E-Wallet,Digital
C01127,Savings Account,Digital
C01127,Mobile Banking,Digital
C01127,Investment,Digital
C01127,Insurance,Digital
C01127,E-Wallet,Digital
C01128,Savings Account,Credit
C01128,Debit Card,Credit
C01129,Savings Account,Credit
C01129,Debit Card,Credit
C01129,E-Wallet,Credit
C01130,Savings Account,Digital
C01130,Debit Card,Digital
C01130,Mobile Banking,Digital
C01130,Credit Card,Digital
C01130,Mortgage,Digital
C01131,Debit Card,Digital
C01131,Investment,Digital
C01131,E-Wallet,Digital
C01131,Savings Account,Digital
C01132,Savings Account,Credit
C01132,Debit Card,Credit
C01132,Mobile Banking,Credit
C01132,Credit Card,Credit
C01132,E-Wallet,Credit
C01133,Savings Account,Wealth
C01133,Debit Card,Wealth
C01133,Credit Card,Wealth
C01133,Investment,Wealth
C01133,Time Deposit,Wealth
C01134,Mobile Banking,Digital
C01134,Credit Card,Digital
C01134,E-Wallet,Digital
C01134,Time Deposit,Digital
C01134,Savings Account,Digital
C01135,Savings Account,Credit
C01135,Debit Card,Credit
C01135,Mobile Banking,Credit
C01135,Personal Loan,Credit
C01135,Insurance,Credit
C01136,Savings Account,Wealth
C01136,Debit Card,Wealth
C01136,Credit Card,Wealth
C01136,Personal Loan,Wealth
C01136,Mortgage,Wealth
C01136,Investment,Wealth
C01137,Savings Account,Credit
C01137,Debit Card,Credit
C01137,Mobile Banking,Credit
C01137,Credit Card,Credit
C01137,Personal Loan,Credit
C01137,E-Wallet,Credit
C01138,Debit Card,Credit
C01138,Mobile Banking,Credit
C01138,Credit Card,Credit
C01138,Personal Loan,Credit
C01138,Savings Account,Credit
C01139,Savings Account,Digital
C01139,Debit Card,Digital
C01139,Mobile Banking,Digital
C01139,E-Wallet,Digital
C01140,Savings Account,Digital
C01140,Debit Card,Digital
C01140,Mobile Banking,Digital
C01141,Savings Account,Digital
C01141,Debit Card,Digital
C01141,Mobile Banking,Digital
C01141,Insurance,Digital
C01141,E-Wallet,Digital
C01142,Savings Account,Credit
C01142,Debit Card,Credit
C01142,Credit Card,Credit
C01142,Personal Loan,Credit
C01142,E-Wallet,Credit
C01143,Debit Card,Wealth
C01143,Mobile Banking,Wealth
C01143,Credit Card,Wealth
C01143,Investment,Wealth
C01143,Time Deposit,Wealth
C01143,Savings Account,Wealth
C01144,Savings Account,Digital
C01144,Debit Card,Digital
C01144,Mobile Banking,Digital
C01144,Insurance,Digital
C01144,E-Wallet,Digital
C01145,Savings Account,Credit
C01145,Debit Card,Credit
C01145,Mobile Banking,Credit
C01145,Credit Card,Credit
C01146,Debit Card,Wealth
C01146,Mobile Banking,Wealth
C01146,Credit Card,Wealth
C01146,Insurance,Wealth
C01146,Savings Account,Wealth
C01147,Debit Card,Credit
C01147,Credit Card,Credit
C01147,Personal Loan,Credit
C01147,Mortgage,Credit
C01147,Insurance,Credit
C01147,Savings Account,Credit
C01148,Savings Account,Credit
C01148,Debit Card,Credit
C01149,Debit Card,Digital
C01149,Mobile Banking,Digital
C01149,Insurance,Digital
C01149,Savings Account,Digital
C01150,Savings Account,Credit
C01150,Debit Card,Credit
C01150,Mobile Banking,Credit
C01150,Credit Card,Credit
C01150,Personal Loan,Credit
C01150,E-Wallet,Credit
C01151,Debit Card,Digital
C01151,Mobile Banking,Digital
C01151,Credit Card,Digital
C01151,E-Wallet,Digital
C01151,Savings Account,Digital
C01152,Savings Account,Digital
C01152,Debit Card,Digital
C01152,Mobile Banking,Digital
C01152,Personal Loan,Digital
C01152,E-Wallet,Digital
C01153,Savings Account,Digital
C01153,Debit Card,Digital
C01153,Mobile Banking,Digital
C01153,Credit Card,Digital
C01153,E-Wallet,Digital
C01153,Time Deposit,Digital
C01154,Savings Account,Digital
C01154,Debit Card,Digital
C01154,Mobile Banking,Digital
C01154,Credit Card,Digital
C01155,Debit Card,Credit
C01155,Personal Loan,Credit
C01155,Savings Account,Credit
C01156,Savings Account,Basic
C01156,Debit Card,Basic
C01156,Mobile Banking,Basic
C01156,E-Wallet,Basic
C01157,Savings Account,Credit
C01157,Debit Card,Credit
C01157,Mobile Banking,Credit
C01157,Credit Card,Credit
C01157,Personal Loan,Credit
C01157,Mortgage,Credit
C01157,Insurance,Credit
C01157,E-Wallet,Credit
C01158,Savings Account,Wealth
C01158,Debit Card,Wealth
C01158,Credit Card,Wealth
C01159,Mobile Banking,Digital
C01159,Credit Card,Digital
C01159,Investment,Digital
C01159,E-Wallet,Digital
C01159,Savings Account,Digital
C01160,Debit Card,Digital
C01160,Mobile Banking,Digital
C01160,Credit Card,Digital
C01160,E-Wallet,Digital
C01160,Savings Account,Digital
C01161,Savings Account,Basic
C01161,Debit Card,Basic
C01161,E-Wallet,Basic
C01162,Savings Account,Digital
C01162,Debit Card,Digital
C01162,Mobile Banking,Digital
C01162,Credit Card,Digital
C01162,Mortgage,Digital
C01162,E-Wallet,Digital
C01163,Savings Account,Credit
C01163,Debit Card,Credit
C01163,Mobile Banking,Credit
C01163,Credit Card,Credit
C01163,E-Wallet,Credit
C01164,Savings Account,Digital
C01164,Debit Card,Digital
C01164,Mobile Banking,Digital
C01164,Credit Card,Digital
C01164,E-Wallet,Digital
C01165,Savings Account,Credit
C01165,Personal Loan,Credit
C01165,Insurance,Credit
C01165,E-Wallet,Credit
C01166,Debit Card,Credit
C01166,Mobile Banking,Credit
C01166,Credit Card,Credit
C01166,Personal Loan,Credit
C01166,Investment,Credit
C01166,Savings Account,Credit
C01167,Savings Account,Basic
C01167,Debit Card,Basic
C01167,Mobile Banking,Basic
C01167,Mortgage,Basic
C01167,E-Wallet,Basic
C01168,Savings Account,Digital
C01168,Mobile Banking,Digital
C01168,E-Wallet,Digital
C01169,Savings Account,Digital
C01169,Debit Card,Digital
C01169,Credit Card,Digital
C01169,Insurance,Digital
C01169,E-Wallet,Digital
C01170,Savings Account,Credit
C01170,Mobile Banking,Credit
C01170,Credit Card,Credit
C01170,E-Wallet,Credit
C01171,Savings Account,Basic
C01171,Debit Card,Basic
C01172,Savings Account,Wealth
C01172,Mortgage,Wealth
C01173,Savings Account,Digital
C01173,Debit Card,Digital
C01173,Mobile Banking,Digital
C01173,Credit Card,Digital
C01174,Savings Account,Basic
C01174,Mortgage,Basic
C01175,Debit Card,Digital
C01175,Mobile Banking,Digital
C01175,Credit Card,Digital
C01175,Insurance,Digital
C01175,E-Wallet,Digital
C01175,Savings Account,Digital
C01176,Savings Account,Digital
C01176,Debit Card,Digital
C01176,Mobile Banking,Digital
C01177,Savings Account,Digital
C01177,Mobile Banking,Digital
C01177,E-Wallet,Digital
C01178,Savings Account,Credit
C01178,Debit Card,Credit
C01178,Mobile Banking,Credit
C01178,Credit Card,Credit
C01178,Personal Loan,Credit
C01178,E-Wallet,Credit
C01179,Savings Account,Basic
C01179,Debit Card,Basic
C01179,Time Deposit,Basic
C01180,Savings Account,Credit
C01180,Debit Card,Credit
C01180,Personal Loan,Credit
C01180,Mortgage,Credit
C01180,E-Wallet,Credit
C01181,Savings Account,Digital
C01181,Debit Card,Digital
C01181,Mobile Banking,Digital
C01181,Investment,Digital
C01181,E-Wallet,Digital
C01182,Savings Account,Credit
C01182,Debit Card,Credit
C01182,Credit Card,Credit
C01183,Savings Account,Wealth
C01183,Debit Card,Wealth
C01183,Mobile Banking,Wealth
C01183,Investment,Wealth
C01184,Savings Account,Digital
C01184,Debit Card,Digital
C01184,Mobile Banking,Digital
C01184,E-Wallet,Digital
C01185,Savings Account,Digital
C01185,Debit Card,Digital
C01185,Mobile Banking,Digital
C01185,Credit Card,Digital
C01185,Mortgage,Digital
C01185,Insurance,Digital
C01185,E-Wallet,Digital
C01185,Time Deposit,Digital
C01186,Debit Card,Wealth
C01186,Mobile Banking,Wealth
C01186,Investment,Wealth
C01186,Savings Account,Wealth
C01187,Savings Account,Credit
C01187,Mobile Banking,Credit
C01187,Credit Card,Credit
C01187,Mortgage,Credit
C01187,E-Wallet,Credit
C01187,Time Deposit,Credit
C01188,Savings Account,Credit
C01188,Debit Card,Credit
C01188,Mobile Banking,Credit
C01188,Insurance,Credit
C01189,Savings Account,Digital
C01189,Debit Card,Digital
C01189,Mobile Banking,Digital
C01189,Mortgage,Digital
C01190,Savings Account,Basic
C01190,Debit Card,Basic
C01190,Mobile Banking,Basic
C01191,Savings Account,Credit
C01191,Debit Card,Credit
C01191,Credit Card,Credit
C01191,Personal Loan,Credit
C01191,Mortgage,Credit
C01191,Time Deposit,Credit
C01192,Savings Account,Digital
C01192,Debit Card,Digital
C01192,Mobile Banking,Digital
C01192,Insurance,Digital
C01192,E-Wallet,Digital
C01192,Time Deposit,Digital
C01193,Savings Account,Digital
C01193,Debit Card,Digital
C01193,Mobile Banking,Digital
C01193,E-Wallet,Digital
C01194,Debit Card,Basic
C01194,Savings Account,Basic
C01195,Debit Card,Digital
C01195,Mobile Banking,Digital
C01195,Credit Card,Digital
C01195,Investment,Digital
C01195,Savings Account,Digital
C01196,Debit Card,Digital
C01196,Mobile Banking,Digital
C01196,Credit Card,Digital
C01196,Savings Account,Digital
C01197,Savings Account,Credit
C01197,Mobile Banking,Credit
C01197,Credit Card,Credit
C01197,Personal Loan,Credit
C01198,Savings Account,Digital
C01198,Debit Card,Digital
C01198,Credit Card,Digital
C01198,Insurance,Digital
C01198,E-Wallet,Digital
C01199,Debit Card,Digital
C01199,Credit Card,Digital
C01199,E-Wallet,Digital
C01199,Time Deposit,Digital
C01199,Savings Account,Digital
C01200,Savings Account,Wealth
C01200,Mobile Banking,Wealth
C01200,Credit Card,Wealth
C01200,E-Wallet,Wealth
C01200,Time Deposit,Wealth
C01201,Savings Account,Basic
C01201,Debit Card,Basic
C01201,Mobile Banking,Basic
C01202,Savings Account,Credit
C01202,Debit Card,Credit
C01202,Credit Card,Credit
C01203,Savings Account,Wealth
C01203,Debit Card,Wealth
C01203,Mobile Banking,Wealth
C01203,Mortgage,Wealth
C01204,Savings Account,Wealth
C01204,Debit Card,Wealth
C01204,Mobile Banking,Wealth
C01204,Mortgage,Wealth
C01204,Investment,Wealth
C01204,Insurance,Wealth
C01204,Time Deposit,Wealth
C01205,Mobile Banking,Digital
C01205,Investment,Digital
C01205,E-Wallet,Digital
C01205,Savings Account,Digital
C01206,Savings Account,Digital
C01206,Debit Card,Digital
C01206,Mobile Banking,Digital
C01206,E-Wallet,Digital
C01207,Savings Account,Credit
C01207,Debit Card,Credit
C01207,Credit Card,Credit
C01208,Savings Account,Basic
C01208,Debit Card,Basic
C01208,Mobile Banking,Basic
C01208,Credit Card,Basic
C01209,Debit Card,Credit
C01209,Mobile Banking,Credit
C01209,Credit Card,Credit
C01209,Personal Loan,Credit
C01209,Mortgage,Credit
C01209,E-Wallet,Credit
C01209,Savings Account,Credit
C01210,Savings Account,Wealth
C01210,Mortgage,Wealth
C01210,Insurance,Wealth
C01210,E-Wallet,Wealth
C01210,Time Deposit,Wealth
C01211,Savings Account,Credit
C01211,Debit Card,Credit
C01211,Credit Card,Credit
C01211,Personal Loan,Credit
C01211,E-Wallet,Credit
C01212,Mobile Banking,Digital
C01212,Investment,Digital
C01212,E-Wallet,Digital
C01212,Savings Account,Digital
C01213,Savings Account,Credit
C01213,Debit Card,Credit
C01213,Mobile Banking,Credit
C01213,Credit Card,Credit
C01213,Investment,Credit
C01213,Insurance,Credit
C01213,E-Wallet,Credit
C01213,Time Deposit,Credit
C01214,Savings Account,Digital
C01214,Mobile Banking,Digital
C01215,Savings Account,Basic
C01215,Debit Card,Basic
C01215,Mobile Banking,Basic
C01215,Investment,Basic
C01216,Savings Account,Digital
C01216,Debit Card,Digital
C01216,Mobile Banking,Digital
C01216,Personal Loan,Digital
C01216,Investment,Digital
C01217,Mobile Banking,Digital
C01217,Credit Card,Digital
C01217,Investment,Digital
C01217,E-Wallet,Digital
C01217,Savings Account,Digital
C01218,Savings Account,Basic
C01218,E-Wallet,Basic
C01219,Savings Account,Credit
C01219,Debit Card,Credit
C01219,Mobile Banking,Credit
C01219,Credit Card,Credit
C01219,Mortgage,Credit
C01219,Insurance,Credit
C01219,Time Deposit,Credit
C01220,Debit Card,Digital
C01220,Mobile Banking,Digital
C01220,Credit Card,Digital
C01220,E-Wallet,Digital
C01220,Savings Account,Digital
C01221,Savings Account,Credit
C01221,Mobile Banking,Credit
C01221,Credit Card,Credit
C01221,Personal Loan,Credit
C01221,Insurance,Credit
C01222,Savings Account,Credit
C01222,Debit Card,Credit
C01222,Credit Card,Credit
C01222,Personal Loan,Credit
C01222,Insurance,Credit
C01222,Time Deposit,Credit
C01223,Debit Card,Credit
C01223,Mobile Banking,Credit
C01223,Personal Loan,Credit
C01223,Investment,Credit
C01223,Savings Account,Credit
C01224,Savings Account,Credit
C01224,Debit Card,Credit
C01224,Mobile Banking,Credit
C01224,Investment,Credit
C01225,Savings Account,Wealth
C01225,Debit Card,Wealth
C01225,Credit Card,Wealth
C01225,Insurance,Wealth
C01225,E-Wallet,Wealth
C01225,Time Deposit,Wealth
C01226,Savings Account,Credit
C01226,Debit Card,Credit
C01226,Personal Loan,Credit
C01226,Mortgage,Credit
C01226,Insurance,Credit
C01227,Savings Account,Digital
C01227,Debit Card,Digital
C01227,Credit Card,Digital
C01227,E-Wallet,Digital
C01228,Savings Account,Credit
C01228,Debit Card,Credit
C01228,Credit Card,Credit
C01228,E-Wallet,Credit
C01229,Debit Card,Digital
C01229,Mobile Banking,Digital
C01229,E-Wallet,Digital
C01229,Savings Account,Digital
C01230,Savings Account,Credit
C01230,Debit Card,Credit
C01230,Mobile Banking,Credit
C01230,Credit Card,Credit
C01230,Personal Loan,Credit
C01230,Mortgage,Credit
C01230,Insurance,Credit
C01231,Savings Account,Wealth
C01231,Debit Card,Wealth
C01231,Insurance,Wealth
C01231,Time Deposit,Wealth
C01232,Savings Account,Basic
C01232,Debit Card,Basic
C01232,Mobile Banking,Basic
C01232,E-Wallet,Basic
C01233,Mobile Banking,Digital
C01233,Insurance,Digital
C01233,E-Wallet,Digital
C01233,Savings Account,Digital
C01234,Savings Account,Credit
C01234,Debit Card,Credit
C01234,Mobile Banking,Credit
C01234,Credit Card,Credit
C01234,Personal Loan,Credit
C01234,Insurance,Credit
C01235,Debit Card,Credit
C01235,Personal Loan,Credit
C01235,Savings Account,Credit
C01236,Savings Account,Basic
C01236,Personal Loan,Basic
C01237,Debit Card,Digital
C01237,Mobile Banking,Digital
C01237,Personal Loan,Digital
C01237,Time Deposit,Digital
C01237,Savings Account,Digital
C01238,Savings Account,Basic
C01238,Debit Card,Basic
C01238,E-Wallet,Basic
C01239,Debit Card,Digital
C01239,Mobile Banking,Digital
C01239,Mortgage,Digital
C01239,E-Wallet,Digital
C01239,Savings Account,Digital
C01240,Savings Account,Credit
C01240,Credit Card,Credit
C01240,Investment,Credit
C01241,Debit Card,Digital
C01241,Mobile Banking,Digital
C01241,Credit Card,Digital
C01241,Insurance,Digital
C01241,E-Wallet,Digital
C01241,Savings Account,Digital
C01242,Savings Account,Digital
C01242,Debit Card,Digital
C01242,Mobile Banking,Digital
C01242,Credit Card,Digital
C01242,Insurance,Digital
C01242,E-Wallet,Digital
C01243,Savings Account,Basic
C01243,Mobile Banking,Basic
C01244,Savings Account,Digital
C01244,Mobile Banking,Digital
C01244,Credit Card,Digital
C01244,Mortgage,Digital
C01244,Insurance,Digital
C01244,E-Wallet,Digital
C01245,Savings Account,Digital
C01245,Debit Card,Digital
C01245,Mobile Banking,Digital
C01245,Mortgage,Digital
C01245,Insurance,Digital
C01245,E-Wallet,Digital
C01246,Savings Account,Digital
C01246,Debit Card,Digital
C01246,Mobile Banking,Digital
C01246,Credit Card,Digital
C01246,Investment,Digital
C01246,E-Wallet,Digital
C01247,Savings Account,Digital
C01247,Mobile Banking,Digital
C01247,Credit Card,Digital
C01247,E-Wallet,Digital
C01248,Savings Account,Digital
C01248,Debit Card,Digital
C01248,Mobile Banking,Digital
C01248,Credit Card,Digital
C01248,E-Wallet,Digital
C01249,Debit Card,Digital
C01249,Mobile Banking,Digital
C01249,E-Wallet,Digital
C01249,Savings Account,Digital
C01250,Savings Account,Credit
C01250,Debit Card,Credit
C01250,Mobile Banking,Credit
C01250,Credit Card,Credit
C01250,E-Wallet,Credit
C01251,Savings Account,Credit
C01251,Mobile Banking,Credit
C01251,Credit Card,Credit
C01251,Insurance,Credit
C01252,Savings Account,Credit
C01252,Debit Card,Credit
C01252,Credit Card,Credit
C01253,Savings Account,Credit
C01253,Mobile Banking,Credit
C01253,Credit Card,Credit
C01253,Mortgage,Credit
C01254,Debit Card,Digital
C01254,Mobile Banking,Digital
C01254,Credit Card,Digital
C01254,E-Wallet,Digital
C01254,Savings Account,Digital
C01255,Savings Account,Digital
C01255,Debit Card,Digital
C01255,Mobile Banking,Digital
C01255,Credit Card,Digital
C01255,Insurance,Digital
C01255,E-Wallet,Digital
C01256,Savings Account,Digital
C01256,Debit Card,Digital
C01256,Mobile Banking,Digital
C01256,Personal Loan,Digital
C01256,E-Wallet,Digital
C01257,Debit Card,Credit
C01257,Insurance,Credit
C01257,Savings Account,Credit
C01258,Savings Account,Wealth
C01258,Debit Card,Wealth
C01258,Mobile Banking,Wealth
C01258,Credit Card,Wealth
C01258,Time Deposit,Wealth
C01259,Savings Account,Credit
C01259,Debit Card,Credit
C01259,Mobile Banking,Credit
C01259,Credit Card,Credit
C01259,E-Wallet,Credit
C01260,Savings Account,Digital
C01260,Debit Card,Digital
C01260,Mobile Banking,Digital
C01260,E-Wallet,Digital
C01261,Debit Card,Credit
C01261,Mobile Banking,Credit
C01261,Credit Card,Credit
C01261,Personal Loan,Credit
C01261,Insurance,Credit
C01261,Savings Account,Credit
C01262,Mobile Banking,Credit
C01262,Credit Card,Credit
C01262,Personal Loan,Credit
C01262,Savings Account,Credit
C01263,Savings Account,Credit
C01263,Debit Card,Credit
C01263,Mobile Banking,Credit
C01264,Savings Account,Credit
C01264,Debit Card,Credit
C01264,Mobile Banking,Credit
C01264,Credit Card,Credit
C01264,Personal Loan,Credit
C01265,Debit Card,Digital
C01265,Mobile Banking,Digital
C01265,Investment,Digital
C01265,E-Wallet,Digital
C01265,Savings Account,Digital
C01266,Savings Account,Credit
C01266,Debit Card,Credit
C01266,Mobile Banking,Credit
C01267,Savings Account,Credit
C01267,Debit Card,Credit
C01267,Mobile Banking,Credit
C01268,Savings Account,Digital
C01268,Mobile Banking,Digital
C01268,Credit Card,Digital
C01268,Investment,Digital
C01268,Time Deposit,Digital
C01269,Savings Account,Basic
C01269,Debit Card,Basic
C01270,Debit Card,Digital
C01270,Mobile Banking,Digital
C01270,E-Wallet,Digital
C01270,Savings Account,Digital
C01271,Savings Account,Basic
C01271,Debit Card,Basic
C01271,Mobile Banking,Basic
C01272,Debit Card,Digital
C01272,Personal Loan,Digital
C01272,Time Deposit,Digital
C01272,Savings Account,Digital
C01273,Savings Account,Credit
C01273,Debit Card,Credit
C01273,Mobile Banking,Credit
C01273,Credit Card,Credit
C01273,Personal Loan,Credit
C01274,Savings Account,Digital
C01274,Mobile Banking,Digital
C01275,Savings Account,Wealth
C01275,Debit Card,Wealth
C01275,Mobile Banking,Wealth
C01275,Credit Card,Wealth
C01275,Investment,Wealth
C01275,Time Deposit,Wealth
C01276,Savings Account,Credit
C01276,Debit Card,Credit
C01276,Personal Loan,Credit
C01277,Savings Account,Basic
C01277,Mobile Banking,Basic
C01278,Savings Account,Basic
C01278,Debit Card,Basic
C01278,Mobile Banking,Basic
C01278,Insurance,Basic
C01279,Savings Account,Digital
C01279,Debit Card,Digital
C01279,Mobile Banking,Digital
C01280,Savings Account,Wealth
C01280,Debit Card,Wealth
C01280,Mobile Banking,Wealth
C01280,Investment,Wealth
C01280,Insurance,Wealth
C01280,Time Deposit,Wealth
C01281,Savings Account,Credit
C01281,Debit Card,Credit
C01281,Mobile Banking,Credit
C01281,Credit Card,Credit
C01281,Personal Loan,Credit
C01281,Mortgage,Credit
C01281,Investment,Credit
C01281,E-Wallet,Credit
C01282,Debit Card,Credit
C01282,Mobile Banking,Credit
C01282,Credit Card,Credit
C01282,E-Wallet,Credit
C01282,Savings Account,Credit
C01283,Mobile Banking,Basic
C01283,Savings Account,Basic
C01284,Savings Account,Digital
C01284,Debit Card,Digital
C01284,Mobile Banking,Digital
C01284,Credit Card,Digital
C01284,E-Wallet,Digital
C01285,Debit Card,Credit
C01285,Mobile Banking,Credit
C01285,Personal Loan,Credit
C01285,Savings Account,Credit
C01286,Savings Account,Credit
C01286,Mobile Banking,Credit
C01286,Personal Loan,Credit
C01286,Mortgage,Credit
C01287,Debit Card,Credit
C01287,Credit Card,Credit
C01287,Personal Loan,Credit
C01287,Investment,Credit
C01287,Savings Account,Credit
C01288,Savings Account,Basic
C01288,Debit Card,Basic
C01289,Savings Account,Credit
C01289,Debit Card,Credit
C01289,Mobile Banking,Credit
C01289,Credit Card,Credit
C01290,Savings Account,Digital
C01290,Mobile Banking,Digital
C01290,Credit Card,Digital
C01291,Debit Card,Digital
C01291,Mobile Banking,Digital
C01291,E-Wallet,Digital
C01291,Savings Account,Digital
C01292,Debit Card,Basic
C01292,Credit Card,Basic
C01292,Investment,Basic
C01292,Savings Account,Basic
C01293,Savings Account,Digital
C01293,Debit Card,Digital
C01293,Mobile Banking,Digital
C01293,Investment,Digital
C01293,E-Wallet,Digital
C01294,Savings Account,Basic
C01294,Mobile Banking,Basic
C01295,Savings Account,Digital
C01295,Mobile Banking,Digital
C01295,Personal Loan,Digital
C01295,Mortgage,Digital
C01295,Investment,Digital
C01295,E-Wallet,Digital
C01296,Savings Account,Credit
C01296,Debit Card,Credit
C01296,Mobile Banking,Credit
C01296,Credit Card,Credit
C01296,Insurance,Credit
C01297,Savings Account,Digital
C01297,Debit Card,Digital
C01297,Mobile Banking,Digital
C01297,Investment,Digital
C01297,E-Wallet,Digital
C01298,Savings Account,Basic
C01298,Debit Card,Basic
C01299,Savings Account,Credit
C01299,Debit Card,Credit
C01299,Mobile Banking,Credit
C01299,Credit Card,Credit
C01299,E-Wallet,Credit
C01300,Debit Card,Credit
C01300,Mobile Banking,Credit
C01300,Personal Loan,Credit
C01300,E-Wallet,Credit
C01300,Savings Account,Credit
C01301,Savings Account,Basic
C01301,Debit Card,Basic
C01301,Mobile Banking,Basic
C01301,Time Deposit,Basic
C01302,Debit Card,Digital
C01302,Credit Card,Digital
C01302,E-Wallet,Digital
C01302,Savings Account,Digital
C01303,Savings Account,Basic
C01303,Debit Card,Basic
C01303,Time Deposit,Basic
C01304,Savings Account,Digital
C01304,Debit Card,Digital
C01304,Mobile Banking,Digital
C01304,E-Wallet,Digital
C01305,Savings Account,Digital
C01305,Debit Card,Digital
C01305,Mobile Banking,Digital
C01305,Mortgage,Digital
C01305,E-Wallet,Digital
C01306,Savings Account,Wealth
C01306,Mobile Banking,Wealth
C01306,Credit Card,Wealth
C01306,Mortgage,Wealth
C01307,Savings Account,Basic
C01307,Debit Card,Basic
C01308,Debit Card,Credit
C01308,Mobile Banking,Credit
C01308,Credit Card,Credit
C01308,Mortgage,Credit
C01308,Investment,Credit
C01308,Savings Account,Credit
C01309,Savings Account,Digital
C01309,Debit Card,Digital
C01309,Mobile Banking,Digital
C01309,E-Wallet,Digital
C01310,Savings Account,Wealth
C01310,Debit Card,Wealth
C01310,Investment,Wealth
C01311,Savings Account,Digital
C01311,Debit Card,Digital
C01311,Mobile Banking,Digital
C01311,Credit Card,Digital
C01311,E-Wallet,Digital
C01312,Savings Account,Credit
C01312,Mobile Banking,Credit
C01312,Credit Card,Credit
C01312,Personal Loan,Credit
C01312,Mortgage,Credit
C01313,Debit Card,Basic
C01313,Credit Card,Basic
C01313,Savings Account,Basic
C01314,Savings Account,Digital
C01314,Debit Card,Digital
C01314,Mobile Banking,Digital
C01314,E-Wallet,Digital
C01315,Savings Account,Wealth
C01315,Debit Card,Wealth
C01315,Mobile Banking,Wealth
C01315,Investment,Wealth
C01316,Savings Account,Wealth
C01316,Debit Card,Wealth
C01316,Mobile Banking,Wealth
C01316,Mortgage,Wealth
C01316,Investment,Wealth
C01316,Insurance,Wealth
C01317,Debit Card,Credit
C01317,Mobile Banking,Credit
C01317,Savings Account,Credit
C01318,Savings Account,Basic
C01318,Debit Card,Basic
C01319,Debit Card,Credit
C01319,Credit Card,Credit
C01319,E-Wallet,Credit
C01319,Savings Account,Credit
C01320,Insurance,Basic
C01320,E-Wallet,Basic
C01320,Savings Account,Basic
C01321,Savings Account,Digital
C01321,Debit Card,Digital
C01321,Mobile Banking,Digital
C01321,E-Wallet,Digital
C01322,Savings Account,Digital
C01322,Debit Card,Digital
C01323,Debit Card,Credit
C01323,Mobile Banking,Credit
C01323,Credit Card,Credit
C01323,Personal Loan,Credit
C01323,Mortgage,Credit
C01323,Investment,Credit
C01323,E-Wallet,Credit
C01323,Savings Account,Credit
C01324,Savings Account,Basic
C01324,Debit Card,Basic
C01324,Mobile Banking,Basic
C01325,Savings Account,Wealth
C01325,Debit Card,Wealth
C01325,Mobile Banking,Wealth
C01325,Credit Card,Wealth
C01325,Investment,Wealth
C01325,Insurance,Wealth
C01325,Time Deposit,Wealth
C01326,Savings Account,Digital
C01326,Debit Card,Digital
C01326,Mobile Banking,Digital
C01326,Credit Card,Digital
C01327,Savings Account,Wealth
C01327,Debit Card,Wealth
C01327,Mobile Banking,Wealth
C01327,Insurance,Wealth
C01327,Time Deposit,Wealth
C01328,Savings Account,Digital
C01328,Debit Card,Digital
C01328,Mobile Banking,Digital
C01328,E-Wallet,Digital
C01329,Debit Card,Wealth
C01329,Mobile Banking,Wealth
C01329,Credit Card,Wealth
C01329,Investment,Wealth
C01329,Insurance,Wealth
C01329,Time Deposit,Wealth
C01329,Savings Account,Wealth
C01330,Savings Account,Digital
C01330,Debit Card,Digital
C01331,Savings Account,Digital
C01331,Mobile Banking,Digital
C01331,Credit Card,Digital
C01332,Savings Account,Wealth
C01332,Mobile Banking,Wealth
C01332,Time Deposit,Wealth
C01333,Savings Account,Credit
C01333,Debit Card,Credit
C01333,Mobile Banking,Credit
C01333,Personal Loan,Credit
C01334,Savings Account,Credit
C01334,Debit Card,Credit
C01334,Mobile Banking,Credit
C01334,Personal Loan,Credit
C01334,Insurance,Credit
C01335,Savings Account,Basic
C01335,Debit Card,Basic
C01335,Credit Card,Basic
C01336,Savings Account,Basic
C01336,Debit Card,Basic
C01337,Debit Card,Digital
C01337,Mobile Banking,Digital
C01337,Investment,Digital
C01337,E-Wallet,Digital
C01337,Savings Account,Digital
C01338,Savings Account,Digital
C01338,Debit Card,Digital
C01338,Mobile Banking,Digital
C01338,Insurance,Digital
C01338,E-Wallet,Digital
C01339,Savings Account,Digital
C01339,Mobile Banking,Digital
C01339,E-Wallet,Digital
C01340,Savings Account,Credit
C01340,Debit Card,Credit
C01340,Mobile Banking,Credit
C01340,Credit Card,Credit
C01341,Savings Account,Credit
C01341,Debit Card,Credit
C01341,Mobile Banking,Credit
C01342,Savings Account,Digital
C01342,Investment,Digital
C01342,E-Wallet,Digital
C01343,Savings Account,Credit
C01343,Debit Card,Credit
C01343,Credit Card,Credit
C01343,Personal Loan,Credit
C01343,Mortgage,Credit
C01344,Debit Card,Digital
C01344,Mobile Banking,Digital
C01344,Credit Card,Digital
C01344,Mortgage,Digital
C01344,E-Wallet,Digital
C01344,Savings Account,Digital
C01345,Savings Account,Digital
C01345,Mobile Banking,Digital
C01346,Savings Account,Credit
C01346,Debit Card,Credit
C01346,Credit Card,Credit
C01346,Personal Loan,Credit
C01346,Insurance,Credit
C01347,Savings Account,Credit
C01347,Debit Card,Credit
C01347,Mobile Banking,Credit
C01347,Personal Loan,Credit
C01347,Investment,Credit
C01347,Insurance,Credit
C01348,Savings Account,Basic
C01348,Debit Card,Basic
C01348,Mobile Banking,Basic
C01349,Debit Card,Credit
C01349,Mobile Banking,Credit
C01349,Personal Loan,Credit
C01349,Savings Account,Credit
C01350,Savings Account,Digital
C01350,Debit Card,Digital
C01350,Mobile Banking,Digital
C01350,Personal Loan,Digital
C01350,E-Wallet,Digital
C01351,Savings Account,Credit
C01351,Debit Card,Credit
C01351,Mobile Banking,Credit
C01352,Savings Account,Wealth
C01352,Debit Card,Wealth
C01352,Mobile Banking,Wealth
C01352,Credit Card,Wealth
C01352,Mortgage,Wealth
C01352,Investment,Wealth
C01352,Insurance,Wealth
C01353,Savings Account,Basic
C01353,Debit Card,Basic
C01353,Insurance,Basic
C01354,Debit Card,Digital
C01354,Mobile Banking,Digital
C01354,E-Wallet,Digital
C01354,Savings Account,Digital
C01355,Debit Card,Credit
C01355,Mobile Banking,Credit
C01355,Credit Card,Credit
C01355,Insurance,Credit
C01355,Savings Account,Credit
C01356,Savings Account,Credit
C01356,Debit Card,Credit
C01356,Mobile Banking,Credit
C01356,Credit Card,Credit
C01356,Personal Loan,Credit
C01356,E-Wallet,Credit
C01357,Savings Account,Wealth
C01357,Mobile Banking,Wealth
C01357,Credit Card,Wealth
C01357,Investment,Wealth
C01357,Insurance,Wealth
C01357,Time Deposit,Wealth
C01358,Savings Account,Basic
C01358,Debit Card,Basic
C01358,Mobile Banking,Basic
C01358,Insurance,Basic
C01358,Time Deposit,Basic
C01359,Savings Account,Wealth
C01359,Debit Card,Wealth
C01359,Investment,Wealth
C01359,Insurance,Wealth
C01360,Savings Account,Credit
C01360,Debit Card,Credit
C01360,Mobile Banking,Credit
C01360,Credit Card,Credit
C01361,Savings Account,Digital
C01361,Debit Card,Digital
C01362,Savings Account,Wealth
C01362,Mobile Banking,Wealth
C01362,E-Wallet,Wealth
C01363,Savings Account,Basic
C01363,E-Wallet,Basic
C01364,Mobile Banking,Digital
C01364,Credit Card,Digital
C01364,Insurance,Digital
C01364,E-Wallet,Digital
C01364,Savings Account,Digital
C01365,Savings Account,Credit
C01365,Debit Card,Credit
C01365,Credit Card,Credit
C01365,Personal Loan,Credit
C01365,Mortgage,Credit
C01366,Savings Account,Basic
C01366,Mobile Banking,Basic
C01367,Savings Account,Digital
C01367,Debit Card,Digital
C01367,Mobile Banking,Digital
C01367,E-Wallet,Digital
C01368,Savings Account,Digital
C01368,Mobile Banking,Digital
C01368,Personal Loan,Digital
C01368,E-Wallet,Digital
C01369,Credit Card,Wealth
C01369,Savings Account,Wealth
C01370,Savings Account,Digital
C01370,Mobile Banking,Digital
C01370,Credit Card,Digital
C01370,E-Wallet,Digital
C01371,Debit Card,Digital
C01371,Mobile Banking,Digital
C01371,E-Wallet,Digital
C01371,Savings Account,Digital
C01372,Savings Account,Credit
C01372,Debit Card,Credit
C01372,Mobile Banking,Credit
C01372,Personal Loan,Credit
C01373,Debit Card,Digital
C01373,E-Wallet,Digital
C01373,Savings Account,Digital
C01374,Savings Account,Digital
C01374,Debit Card,Digital
C01374,Mobile Banking,Digital
C01374,Credit Card,Digital
C01375,Savings Account,Digital
C01375,Debit Card,Digital
C01375,Insurance,Digital
C01376,Debit Card,Credit
C01376,Mobile Banking,Credit
C01376,Credit Card,Credit
C01376,Mortgage,Credit
C01376,Savings Account,Credit
C01377,Savings Account,Digital
C01377,Mobile Banking,Digital
C01377,Mortgage,Digital
C01377,E-Wallet,Digital
C01378,Savings Account,Basic
C01378,Mobile Banking,Basic
C01379,Savings Account,Credit
C01379,Debit Card,Credit
C01379,Mobile Banking,Credit
C01379,Credit Card,Credit
C01379,Personal Loan,Credit
C01379,Insurance,Credit
C01379,Time Deposit,Credit
C01380,Savings Account,Wealth
C01380,Debit Card,Wealth
C01380,Mobile Banking,Wealth
C01380,Personal Loan,Wealth
C01380,Investment,Wealth
C01380,Insurance,Wealth
C01380,Time Deposit,Wealth
C01381,Debit Card,Credit
C01381,Mobile Banking,Credit
C01381,Personal Loan,Credit
C01381,Mortgage,Credit
C01381,E-Wallet,Credit
C01381,Time Deposit,Credit
C01381,Savings Account,Credit
C01382,Savings Account,Digital
C01382,Debit Card,Digital
C01382,Mobile Banking,Digital
C01382,E-Wallet,Digital
C01383,Savings Account,Credit
C01383,Debit Card,Credit
C01383,Credit Card,Credit
C01383,E-Wallet,Credit
C01384,Savings Account,Wealth
C01384,Debit Card,Wealth
C01384,Mobile Banking,Wealth
C01384,Personal Loan,Wealth
C01384,Investment,Wealth
C01384,Time Deposit,Wealth
C01385,Savings Account,Credit
C01385,Debit Card,Credit
C01385,Credit Card,Credit
C01385,Time Deposit,Credit
C01386,Savings Account,Basic
C01386,Debit Card,Basic
C01387,Savings Account,Basic
C01387,Debit Card,Basic
C01387,Mobile Banking,Basic
C01387,E-Wallet,Basic
C01388,Savings Account,Digital
C01388,Debit Card,Digital
C01388,Mobile Banking,Digital
C01388,Insurance,Digital
C01388,E-Wallet,Digital
C01389,Savings Account,Digital
C01389,Debit Card,Digital
C01389,Mobile Banking,Digital
C01389,Credit Card,Digital
C01390,Savings Account,Basic
C01390,Debit Card,Basic
C01391,Savings Account,Wealth
C01391,Mobile Banking,Wealth
C01391,Mortgage,Wealth
C01391,Investment,Wealth
C01391,Insurance,Wealth
C01391,Time Deposit,Wealth
C01392,Debit Card,Digital
C01392,Mobile Banking,Digital
C01392,E-Wallet,Digital
C01392,Savings Account,Digital
C01393,Savings Account,Credit
C01393,Debit Card,Credit
C01393,Mobile Banking,Credit
C01393,Credit Card,Credit
C01393,Personal Loan,Credit
C01393,Investment,Credit
C01394,Debit Card,Digital
C01394,Mobile Banking,Digital
C01394,Credit Card,Digital
C01394,E-Wallet,Digital
C01394,Savings Account,Digital
C01395,Savings Account,Digital
C01395,Debit Card,Digital
C01395,Mobile Banking,Digital
C01395,E-Wallet,Digital
C01396,Savings Account,Basic
C01396,Debit Card,Basic
C01396,E-Wallet,Basic
C01397,Savings Account,Digital
C01397,Debit Card,Digital
C01397,Mobile Banking,Digital
C01398,Savings Account,Credit
C01398,Debit Card,Credit
C01398,Credit Card,Credit
C01398,Time Deposit,Credit
C01399,Debit Card,Credit
C01399,Mobile Banking,Credit
C01399,Mortgage,Credit
C01399,E-Wallet,Credit
C01399,Savings Account,Credit
C01400,Savings Account,Digital
C01400,Debit Card,Digital
C01400,Mobile Banking,Digital
C01401,Savings Account,Digital
C01401,Debit Card,Digital
C01401,Mobile Banking,Digital
C01401,E-Wallet,Digital
C01402,Mobile Banking,Wealth
C01402,Credit Card,Wealth
C01402,Investment,Wealth
C01402,Insurance,Wealth
C01402,Time Deposit,Wealth
C01402,Savings Account,Wealth
C01403,Savings Account,Credit
C01403,Debit Card,Credit
C01403,Mobile Banking,Credit
C01403,Mortgage,Credit
C01404,Savings Account,Basic
C01404,Debit Card,Basic
C01404,Mobile Banking,Basic
C01405,Savings Account,Basic
C01405,Debit Card,Basic
C01405,E-Wallet,Basic
C01406,Savings Account,Basic
C01406,Debit Card,Basic
C01406,Mobile Banking,Basic
C01406,Insurance,Basic
C01406,Time Deposit,Basic
C01407,Savings Account,Basic
C01407,Debit Card,Basic
C01407,Mobile Banking,Basic
C01408,Savings Account,Basic
C01408,Debit Card,Basic
C01408,Mobile Banking,Basic
C01408,E-Wallet,Basic
C01409,Debit Card,Credit
C01409,Mobile Banking,Credit
C01409,Personal Loan,Credit
C01409,Savings Account,Credit
C01410,Savings Account,Digital
C01410,Mobile Banking,Digital
C01410,E-Wallet,Digital
C01411,Savings Account,Digital
C01411,Mobile Banking,Digital
C01411,Credit Card,Digital
C01411,Time Deposit,Digital
C01412,Savings Account,Credit
C01412,Debit Card,Credit
C01412,Mobile Banking,Credit
C01412,Credit Card,Credit
C01412,Personal Loan,Credit
C01413,Mobile Banking,Digital
C01413,Personal Loan,Digital
C01413,E-Wallet,Digital
C01413,Savings Account,Digital
C01414,Debit Card,Credit
C01414,Mobile Banking,Credit
C01414,Credit Card,Credit
C01414,Savings Account,Credit
C01415,Savings Account,Wealth
C01415,Mobile Banking,Wealth
C01415,Credit Card,Wealth
C01415,Mortgage,Wealth
C01415,Time Deposit,Wealth
C01416,Savings Account,Basic
C01416,Debit Card,Basic
C01416,Mobile Banking,Basic
C01416,Credit Card,Basic
C01417,Savings Account,Basic
C01417,Debit Card,Basic
C01417,Credit Card,Basic
C01418,Savings Account,Digital
C01418,Mobile Banking,Digital
C01418,Credit Card,Digital
C01418,Insurance,Digital
C01418,E-Wallet,Digital
C01419,Savings Account,Wealth
C01419,Debit Card,Wealth
C01419,Mobile Banking,Wealth
C01419,Personal Loan,Wealth
C01419,Investment,Wealth
C01419,Insurance,Wealth
C01419,Time Deposit,Wealth
C01420,Savings Account,Credit
C01420,Debit Card,Credit
C01420,Mobile Banking,Credit
C01420,Credit Card,Credit
C01420,E-Wallet,Credit
C01421,Savings Account,Basic
C01421,Debit Card,Basic
C01421,Credit Card,Basic
C01422,Savings Account,Credit
C01422,E-Wallet,Credit
C01423,Savings Account,Digital
C01423,Mobile Banking,Digital
C01424,Savings Account,Digital
C01424,Debit Card,Digital
C01424,Mobile Banking,Digital
C01425,Debit Card,Digital
C01425,Credit Card,Digital
C01425,Investment,Digital
C01425,E-Wallet,Digital
C01425,Savings Account,Digital
C01426,Debit Card,Digital
C01426,Mobile Banking,Digital
C01426,Investment,Digital
C01426,E-Wallet,Digital
C01426,Savings Account,Digital
C01427,Savings Account,Basic
C01427,Debit Card,Basic
C01427,Credit Card,Basic
C01428,Savings Account,Digital
C01428,Debit Card,Digital
C01428,Insurance,Digital
C01428,E-Wallet,Digital
C01429,Savings Account,Digital
C01429,Mobile Banking,Digital
C01429,Insurance,Digital
C01430,Debit Card,Wealth
C01430,Mortgage,Wealth
C01430,Investment,Wealth
C01430,Savings Account,Wealth
C01431,Savings Account,Credit
C01431,Debit Card,Credit
C01431,Insurance,Credit
C01432,Savings Account,Credit
C01432,Debit Card,Credit
C01432,Mobile Banking,Credit
C01432,Credit Card,Credit
C01432,Personal Loan,Credit
C01432,E-Wallet,Credit
C01433,Savings Account,Credit
C01433,Debit Card,Credit
C01433,Mobile Banking,Credit
C01433,Credit Card,Credit
C01433,Personal Loan,Credit
C01434,Savings Account,Credit
C01434,Debit Card,Credit
C01434,Mobile Banking,Credit
C01434,Personal Loan,Credit
C01434,Insurance,Credit
C01434,Time Deposit,Credit
C01435,Debit Card,Credit
C01435,Credit Card,Credit
C01435,Personal Loan,Credit
C01435,Mortgage,Credit
C01435,E-Wallet,Credit
C01435,Savings Account,Credit
C01436,Debit Card,Digital
C01436,Mobile Banking,Digital
C01436,E-Wallet,Digital
C01436,Savings Account,Digital
C01437,Debit Card,Digital
C01437,Savings Account,Digital
C01438,Savings Account,Digital
C01438,Debit Card,Digital
C01438,Mobile Banking,Digital
C01438,Investment,Digital
C01438,E-Wallet,Digital
C01439,Mobile Banking,Digital
C01439,Savings Account,Digital
C01440,Debit Card,Digital
C01440,Personal Loan,Digital
C01440,Savings Account,Digital
C01441,Savings Account,Credit
C01441,Debit Card,Credit
C01441,Mobile Banking,Credit
C01441,Personal Loan,Credit
C01442,Debit Card,Digital
C01442,E-Wallet,Digital
C01442,Savings Account,Digital
C01443,Debit Card,Credit
C01443,Mobile Banking,Credit
C01443,Credit Card,Credit
C01443,Personal Loan,Credit
C01443,Time Deposit,Credit
C01443,Savings Account,Credit
C01444,Debit Card,Wealth
C01444,Investment,Wealth
C01444,Insurance,Wealth
C01444,Savings Account,Wealth
C01445,Savings Account,Wealth
C01445,Mobile Banking,Wealth
C01445,Personal Loan,Wealth
C01445,Mortgage,Wealth
C01445,Investment,Wealth
C01445,Insurance,Wealth
C01446,Savings Account,Basic
C01446,Debit Card,Basic
C01446,Mobile Banking,Basic
C01446,Time Deposit,Basic
C01447,Savings Account,Credit
C01447,Debit Card,Credit
C01447,Mobile Banking,Credit
C01447,E-Wallet,Credit
C01448,Savings Account,Digital
C01448,Mobile Banking,Digital
C01448,Personal Loan,Digital
C01449,Savings Account,Credit
C01449,Debit Card,Credit
C01449,Mobile Banking,Credit
C01449,Credit Card,Credit
C01449,Investment,Credit
C01450,Savings Account,Digital
C01450,Debit Card,Digital
C01450,Mobile Banking,Digital
C01450,Investment,Digital
C01450,E-Wallet,Digital
C01451,Savings Account,Credit
C01451,Debit Card,Credit
C01451,Mobile Banking,Credit
C01451,Credit Card,Credit
C01451,E-Wallet,Credit
C01452,Savings Account,Credit
C01452,Mobile Banking,Credit
C01452,Investment,Credit
C01452,E-Wallet,Credit
C01453,Savings Account,Wealth
C01453,Debit Card,Wealth
C01453,Mobile Banking,Wealth
C01453,Credit Card,Wealth
C01453,Mortgage,Wealth
C01453,Insurance,Wealth
C01454,Savings Account,Digital
C01454,Debit Card,Digital
C01454,Mobile Banking,Digital
C01454,Personal Loan,Digital
C01454,E-Wallet,Digital
C01455,Savings Account,Credit
C01455,Mobile Banking,Credit
C01455,Credit Card,Credit
C01455,Personal Loan,Credit
C01455,E-Wallet,Credit
C01455,Time Deposit,Credit
C01456,Savings Account,Basic
C01456,Debit Card,Basic
C01457,Savings Account,Digital
C01457,Debit Card,Digital
C01457,Credit Card,Digital
C01458,Savings Account,Basic
C01458,Debit Card,Basic
C01459,Savings Account,Credit
C01459,Mobile Banking,Credit
C01459,Credit Card,Credit
C01459,Personal Loan,Credit
C01460,Savings Account,Wealth
C01460,Debit Card,Wealth
C01460,Time Deposit,Wealth
C01461,Savings Account,Credit
C01461,Debit Card,Credit
C01461,Mobile Banking,Credit
C01461,Credit Card,Credit
C01461,Mortgage,Credit
C01461,E-Wallet,Credit
C01461,Time Deposit,Credit
C01462,Savings Account,Credit
C01462,Debit Card,Credit
C01462,Credit Card,Credit
C01462,Personal Loan,Credit
C01462,Insurance,Credit
C01462,E-Wallet,Credit
C01463,Mobile Banking,Wealth
C01463,Credit Card,Wealth
C01463,Personal Loan,Wealth
C01463,Investment,Wealth
C01463,Insurance,Wealth
C01463,Time Deposit,Wealth
C01463,Savings Account,Wealth
C01464,Debit Card,Digital
C01464,Mobile Banking,Digital
C01464,Credit Card,Digital
C01464,E-Wallet,Digital
C01464,Savings Account,Digital
C01465,Savings Account,Credit
C01465,Debit Card,Credit
C01465,Time Deposit,Credit
C01466,Savings Account,Credit
C01466,Personal Loan,Credit
C01466,Investment,Credit
C01466,Insurance,Credit
C01467,Savings Account,Basic
C01467,Debit Card,Basic
C01467,Credit Card,Basic
C01468,Savings Account,Digital
C01468,Mobile Banking,Digital
C01468,E-Wallet,Digital
C01469,Savings Account,Digital
C01469,Debit Card,Digital
C01469,Mobile Banking,Digital
C01470,Savings Account,Basic
C01470,Debit Card,Basic
C01470,Credit Card,Basic
C01471,Savings Account,Wealth
C01471,Debit Card,Wealth
C01471,Mobile Banking,Wealth
C01471,Investment,Wealth
C01471,Insurance,Wealth
C01472,Savings Account,Wealth
C01472,Debit Card,Wealth
C01472,Mobile Banking,Wealth
C01472,Credit Card,Wealth
C01472,Insurance,Wealth
C01472,Time Deposit,Wealth
C01473,Savings Account,Basic
C01473,Debit Card,Basic
C01474,Savings Account,Wealth
C01474,Debit Card,Wealth
C01474,Credit Card,Wealth
C01474,Mortgage,Wealth
C01474,Time Deposit,Wealth
C01475,Savings Account,Wealth
C01475,Debit Card,Wealth
C01475,Mobile Banking,Wealth
C01475,Mortgage,Wealth
C01475,Investment,Wealth
C01475,Time Deposit,Wealth
C01476,Mobile Banking,Credit
C01476,Personal Loan,Credit
C01476,Time Deposit,Credit
C01476,Savings Account,Credit
C01477,Savings Account,Basic
C01477,Debit Card,Basic
C01477,Investment,Basic
C01478,Savings Account,Digital
C01478,Mobile Banking,Digital
C01478,Mortgage,Digital
C01478,Insurance,Digital
C01478,E-Wallet,Digital
C01478,Time Deposit,Digital
C01479,Savings Account,Basic
C01479,Debit Card,Basic
C01479,Personal Loan,Basic
C01479,E-Wallet,Basic
C01480,Mobile Banking,Basic
C01480,Time Deposit,Basic
C01480,Savings Account,Basic
C01481,Savings Account,Basic
C01481,Debit Card,Basic
C01481,Insurance,Basic
C01482,Savings Account,Digital
C01482,Debit Card,Digital
C01482,Mobile Banking,Digital
C01482,E-Wallet,Digital
C01483,Savings Account,Credit
C01483,Credit Card,Credit
C01483,Personal Loan,Credit
C01484,Savings Account,Basic
C01484,Debit Card,Basic
C01485,Savings Account,Digital
C01485,Debit Card,Digital
C01485,Mobile Banking,Digital
C01485,Credit Card,Digital
C01485,Personal Loan,Digital
C01486,Savings Account,Digital
C01486,Mobile Banking,Digital
C01486,Credit Card,Digital
C01486,Insurance,Digital
C01486,E-Wallet,Digital
C01486,Time Deposit,Digital
C01487,Mobile Banking,Credit
C01487,Credit Card,Credit
C01487,Personal Loan,Credit
C01487,Savings Account,Credit
C01488,Savings Account,Digital
C01488,Mobile Banking,Digital
C01488,Credit Card,Digital
C01488,Insurance,Digital
C01488,E-Wallet,Digital
C01489,Savings Account,Credit
C01489,Debit Card,Credit
C01489,Mobile Banking,Credit
C01489,Insurance,Credit
C01489,Time Deposit,Credit
C01490,Debit Card,Digital
C01490,Mobile Banking,Digital
C01490,Credit Card,Digital
C01490,Savings Account,Digital
C01491,Debit Card,Basic
C01491,Credit Card,Basic
C01491,Savings Account,Basic
C01492,Debit Card,Digital
C01492,Mobile Banking,Digital
C01492,Credit Card,Digital
C01492,E-Wallet,Digital
C01492,Savings Account,Digital
C01493,Debit Card,Wealth
C01493,Credit Card,Wealth
C01493,Investment,Wealth
C01493,Time Deposit,Wealth
C01493,Savings Account,Wealth
C01494,Savings Account,Credit
C01494,Debit Card,Credit
C01494,Mobile Banking,Credit
C01494,Credit Card,Credit
C01494,Personal Loan,Credit
C01494,Mortgage,Credit
C01495,Debit Card,Digital
C01495,Savings Account,Digital
C01496,Savings Account,Credit
C01496,Debit Card,Credit
C01496,Mobile Banking,Credit
C01496,Credit Card,Credit
C01496,E-Wallet,Credit
C01497,Mobile Banking,Wealth
C01497,Credit Card,Wealth
C01497,Mortgage,Wealth
C01497,Investment,Wealth
C01497,Insurance,Wealth
C01497,Savings Account,Wealth
C01498,Savings Account,Basic
C01498,Debit Card,Basic
C01498,Mobile Banking,Basic
C01499,Savings Account,Wealth
C01499,Time Deposit,Wealth
C01500,Savings Account,Credit
C01500,Debit Card,Credit
C01500,Mobile Banking,Credit
C01500,Credit Card,Credit
C01500,Personal Loan,Credit
C01501,Savings Account,Basic
C01501,Debit Card,Basic
C01501,E-Wallet,Basic
C01502,Savings Account,Digital
C01502,Mobile Banking,Digital
C01503,Savings Account,Basic
C01503,Debit Card,Basic
C01503,Investment,Basic
C01503,E-Wallet,Basic
C01504,Savings Account,Basic
C01504,Debit Card,Basic
C01504,Mobile Banking,Basic
C01505,Savings Account,Basic
C01505,Debit Card,Basic
C01506,Savings Account,Digital
C01506,Debit Card,Digital
C01506,Mobile Banking,Digital
C01506,Credit Card,Digital
C01506,Investment,Digital
C01507,Savings Account,Digital
C01507,Mobile Banking,Digital
C01507,E-Wallet,Digital
C01507,Time Deposit,Digital
C01508,Savings Account,Digital
C01508,Debit Card,Digital
C01508,Mobile Banking,Digital
C01508,Personal Loan,Digital
C01508,Insurance,Digital
C01509,Savings Account,Wealth
C01509,Credit Card,Wealth
C01509,Investment,Wealth
C01509,Insurance,Wealth
C01509,E-Wallet,Wealth
C01510,Savings Account,Wealth
C01510,Debit Card,Wealth
C01510,Mobile Banking,Wealth
C01510,Credit Card,Wealth
C01510,Mortgage,Wealth
C01510,Insurance,Wealth
C01510,E-Wallet,Wealth
C01511,Savings Account,Credit
C01511,Debit Card,Credit
C01511,Credit Card,Credit
C01512,Savings Account,Credit
C01512,Debit Card,Credit
C01512,Mobile Banking,Credit
C01512,Credit Card,Credit
C01512,Personal Loan,Credit
C01512,Insurance,Credit
C01512,E-Wallet,Credit
C01513,Savings Account,Digital
C01513,Debit Card,Digital
C01513,Mobile Banking,Digital
C01513,E-Wallet,Digital
C01514,Savings Account,Wealth
C01514,Debit Card,Wealth
C01514,Credit Card,Wealth
C01514,Investment,Wealth
C01514,Time Deposit,Wealth
C01515,Debit Card,Digital
C01515,Mobile Banking,Digital
C01515,E-Wallet,Digital
C01515,Savings Account,Digital
C01516,Debit Card,Digital
C01516,Mobile Banking,Digital
C01516,Investment,Digital
C01516,E-Wallet,Digital
C01516,Savings Account,Digital
C01517,Savings Account,Basic
C01517,Mobile Banking,Basic
C01518,Savings Account,Digital
C01518,Debit Card,Digital
C01518,Mobile Banking,Digital
C01518,E-Wallet,Digital
C01519,Debit Card,Wealth
C01519,Mobile Banking,Wealth
C01519,Credit Card,Wealth
C01519,Investment,Wealth
C01519,Insurance,Wealth
C01519,Time Deposit,Wealth
C01519,Savings Account,Wealth
C01520,Savings Account,Credit
C01520,Debit Card,Credit
C01520,Mobile Banking,Credit
C01520,Credit Card,Credit
C01520,Personal Loan,Credit
C01520,Mortgage,Credit
C01521,Savings Account,Digital
C01521,Debit Card,Digital
C01521,Mobile Banking,Digital
C01522,Savings Account,Credit
C01522,Debit Card,Credit
C01522,Mobile Banking,Credit
C01523,Savings Account,Basic
C01523,Debit Card,Basic
C01523,Credit Card,Basic
C01524,Savings Account,Wealth
C01524,Debit Card,Wealth
C01524,Mobile Banking,Wealth
C01524,Credit Card,Wealth
C01524,Time Deposit,Wealth
C01525,Debit Card,Basic
C01525,E-Wallet,Basic
C01525,Savings Account,Basic
C01526,Savings Account,Basic
C01526,Debit Card,Basic
C01526,Credit Card,Basic
C01526,Investment,Basic
C01527,Savings Account,Digital
C01527,Debit Card,Digital
C01527,Mobile Banking,Digital
C01527,E-Wallet,Digital
C01528,Savings Account,Credit
C01528,Debit Card,Credit
C01528,Mobile Banking,Credit
C01528,Credit Card,Credit
C01528,Personal Loan,Credit
C01528,Time Deposit,Credit
C01529,Savings Account,Wealth
C01529,Investment,Wealth
C01529,E-Wallet,Wealth
C01530,Savings Account,Wealth
C01530,Personal Loan,Wealth
C01530,Insurance,Wealth
C01531,Savings Account,Digital
C01531,Debit Card,Digital
C01531,Mobile Banking,Digital
C01532,Savings Account,Credit
C01532,Debit Card,Credit
C01532,Credit Card,Credit
C01532,Personal Loan,Credit
C01532,Mortgage,Credit
C01533,Savings Account,Digital
C01533,Mobile Banking,Digital
C01533,Credit Card,Digital
C01533,Mortgage,Digital
C01533,Time Deposit,Digital
C01534,Debit Card,Digital
C01534,Mobile Banking,Digital
C01534,Personal Loan,Digital
C01534,E-Wallet,Digital
C01534,Savings Account,Digital
C01535,Savings Account,Wealth
C01535,Debit Card,Wealth
C01535,Mobile Banking,Wealth
C01535,Credit Card,Wealth
C01535,Mortgage,Wealth
C01535,Investment,Wealth
C01535,Time Deposit,Wealth
C01536,Savings Account,Digital
C01536,Mobile Banking,Digital
C01536,E-Wallet,Digital
C01537,Mobile Banking,Wealth
C01537,Credit Card,Wealth
C01537,Personal Loan,Wealth
C01537,Insurance,Wealth
C01537,E-Wallet,Wealth
C01537,Time Deposit,Wealth
C01537,Savings Account,Wealth
C01538,Savings Account,Basic
C01538,Debit Card,Basic
C01539,Savings Account,Digital
C01539,Debit Card,Digital
C01539,Mobile Banking,Digital
C01539,E-Wallet,Digital
C01540,Debit Card,Digital
C01540,Mobile Banking,Digital
C01540,Time Deposit,Digital
C01540,Savings Account,Digital
C01541,Savings Account,Basic
C01541,Debit Card,Basic
C01541,E-Wallet,Basic
C01542,Credit Card,Basic
C01542,Savings Account,Basic
C01543,Debit Card,Digital
C01543,Mobile Banking,Digital
C01543,Mortgage,Digital
C01543,Savings Account,Digital
C01544,Debit Card,Digital
C01544,Mobile Banking,Digital
C01544,E-Wallet,Digital
C01544,Time Deposit,Digital
C01544,Savings Account,Digital
C01545,Savings Account,Credit
C01545,Debit Card,Credit
C01545,Mobile Banking,Credit
C01545,Credit Card,Credit
C01546,Mobile Banking,Digital
C01546,E-Wallet,Digital
C01546,Savings Account,Digital
C01547,Savings Account,Wealth
C01547,Debit Card,Wealth
C01547,Mobile Banking,Wealth
C01547,Credit Card,Wealth
C01547,Investment,Wealth
C01547,E-Wallet,Wealth
C01548,Savings Account,Credit
C01548,Debit Card,Credit
C01548,Mobile Banking,Credit
C01548,Credit Card,Credit
C01548,Personal Loan,Credit
C01548,Insurance,Credit
C01549,Debit Card,Credit
C01549,Mobile Banking,Credit
C01549,Credit Card,Credit
C01549,Personal Loan,Credit
C01549,E-Wallet,Credit
C01549,Savings Account,Credit
C01550,Savings Account,Wealth
C01550,Mobile Banking,Wealth
C01550,Credit Card,Wealth
C01550,Investment,Wealth
C01550,Time Deposit,Wealth
C01551,Savings Account,Credit
C01551,Debit Card,Credit
C01551,Mobile Banking,Credit
C01551,Credit Card,Credit
C01551,Personal Loan,Credit
C01552,Debit Card,Digital
C01552,Mobile Banking,Digital
C01552,Credit Card,Digital
C01552,Investment,Digital
C01552,Insurance,Digital
C01552,Savings Account,Digital
C01553,Savings Account,Digital
C01553,Debit Card,Digital
C01553,Mobile Banking,Digital
C01553,Credit Card,Digital
C01553,E-Wallet,Digital
C01554,Debit Card,Basic
C01554,Savings Account,Basic
C01555,Savings Account,Basic
C01555,Debit Card,Basic
C01555,Time Deposit,Basic
C01556,Debit Card,Credit
C01556,Mobile Banking,Credit
C01556,Credit Card,Credit
C01556,Personal Loan,Credit
C01556,Investment,Credit
C01556,E-Wallet,Credit
C01556,Savings Account,Credit
C01557,Savings Account,Credit
C01557,Credit Card,Credit
C01557,Personal Loan,Credit
C01558,Savings Account,Wealth
C01558,Debit Card,Wealth
C01558,Credit Card,Wealth
C01558,Mortgage,Wealth
C01558,Investment,Wealth
C01558,Time Deposit,Wealth
C01559,Savings Account,Credit
C01559,Mobile Banking,Credit
C01559,Credit Card,Credit
C01559,Personal Loan,Credit
C01560,Debit Card,Digital
C01560,Mobile Banking,Digital
C01560,Savings Account,Digital
C01561,Savings Account,Wealth
C01561,Debit Card,Wealth
C01561,Mobile Banking,Wealth
C01561,Mortgage,Wealth
C01561,Investment,Wealth
C01561,E-Wallet,Wealth
C01562,Savings Account,Wealth
C01562,Debit Card,Wealth
C01562,Mobile Banking,Wealth
C01562,Credit Card,Wealth
C01562,Insurance,Wealth
C01562,Time Deposit,Wealth
C01563,Savings Account,Basic
C01563,Debit Card,Basic
C01564,Savings Account,Digital
C01564,Mobile Banking,Digital
C01564,Credit Card,Digital
C01564,Insurance,Digital
C01565,Mobile Banking,Digital
C01565,Savings Account,Digital
C01566,Savings Account,Credit
C01566,Debit Card,Credit
C01566,Mobile Banking,Credit
C01566,Credit Card,Credit
C01567,Savings Account,Credit
C01567,Credit Card,Credit
C01567,E-Wallet,Credit
C01568,Savings Account,Credit
C01568,Debit Card,Credit
C01568,Mobile Banking,Credit
C01568,Credit Card,Credit
C01568,Personal Loan,Credit
C01568,E-Wallet,Credit
C01569,Debit Card,Credit
C01569,Personal Loan,Credit
C01569,Savings Account,Credit
C01570,Savings Account,Wealth
C01570,Debit Card,Wealth
C01570,Mobile Banking,Wealth
C01570,Investment,Wealth
C01570,Insurance,Wealth
C01571,Savings Account,Digital
C01571,Debit Card,Digital
C01571,Mobile Banking,Digital
C01571,Credit Card,Digital
C01571,E-Wallet,Digital
C01571,Time Deposit,Digital
C01572,Debit Card,Basic
C01572,Savings Account,Basic
C01573,Savings Account,Basic
C01573,Debit Card,Basic
C01573,Investment,Basic
C01574,Mobile Banking,Credit
C01574,Insurance,Credit
C01574,E-Wallet,Credit
C01574,Savings Account,Credit
C01575,Debit Card,Credit
C01575,Mobile Banking,Credit
C01575,Credit Card,Credit
C01575,Mortgage,Credit
C01575,E-Wallet,Credit
C01575,Savings Account,Credit
C01576,Debit Card,Credit
C01576,Mobile Banking,Credit
C01576,Credit Card,Credit
C01576,Personal Loan,Credit
C01576,E-Wallet,Credit
C01576,Savings Account,Credit
C01577,Savings Account,Basic
C01577,Debit Card,Basic
C01577,Mobile Banking,Basic
C01577,Insurance,Basic
C01578,Savings Account,Credit
C01578,Debit Card,Credit
C01578,Mobile Banking,Credit
C01578,Credit Card,Credit
C01578,Personal Loan,Credit
C01578,Mortgage,Credit
C01579,Mobile Banking,Credit
C01579,Credit Card,Credit
C01579,Personal Loan,Credit
C01579,Investment,Credit
C01579,E-Wallet,Credit
C01579,Savings Account,Credit
C01580,Savings Account,Digital
C01580,Debit Card,Digital
C01580,Mobile Banking,Digital
C01581,Savings Account,Basic
C01581,Personal Loan,Basic
C01582,Savings Account,Digital
C01582,Debit Card,Digital
C01582,Mobile Banking,Digital
C01582,Personal Loan,Digital
C01582,Insurance,Digital
C01583,Savings Account,Credit
C01583,Debit Card,Credit
C01583,Mobile Banking,Credit
C01583,Credit Card,Credit
C01583,Personal Loan,Credit
C01583,Time Deposit,Credit
C01584,Savings Account,Digital
C01584,Debit Card,Digital
C01584,Mobile Banking,Digital
C01584,Personal Loan,Digital
C01584,E-Wallet,Digital
C01584,Time Deposit,Digital
C01585,Debit Card,Basic
C01585,Mobile Banking,Basic
C01585,Savings Account,Basic
C01586,Savings Account,Basic
C01586,Debit Card,Basic
C01586,Mobile Banking,Basic
C01586,Personal Loan,Basic
C01587,Savings Account,Digital
C01587,Debit Card,Digital
C01587,Mobile Banking,Digital
C01587,Credit Card,Digital
C01587,Personal Loan,Digital
C01587,Investment,Digital
C01588,Savings Account,Credit
C01588,Debit Card,Credit
C01588,Credit Card,Credit
C01588,E-Wallet,Credit
C01589,Savings Account,Wealth
C01589,Mobile Banking,Wealth
C01589,Investment,Wealth
C01589,Time Deposit,Wealth
C01590,Savings Account,Credit
C01590,Debit Card,Credit
C01590,Mobile Banking,Credit
C01590,Credit Card,Credit
C01590,Mortgage,Credit
C01591,Savings Account,Wealth
C01591,Mobile Banking,Wealth
C01591,Credit Card,Wealth
C01591,Insurance,Wealth
C01591,Time Deposit,Wealth
C01592,Savings Account,Basic
C01592,Debit Card,Basic
C01592,Mobile Banking,Basic
C01592,Insurance,Basic
C01593,Savings Account,Credit
C01593,Debit Card,Credit
C01593,Mobile Banking,Credit
C01593,Credit Card,Credit
C01593,Personal Loan,Credit
C01594,Debit Card,Credit
C01594,Personal Loan,Credit
C01594,E-Wallet,Credit
C01594,Savings Account,Credit
C01595,Debit Card,Digital
C01595,Mobile Banking,Digital
C01595,E-Wallet,Digital
C01595,Savings Account,Digital
C01596,Savings Account,Digital
C01596,Mobile Banking,Digital
C01596,Credit Card,Digital
C01596,E-Wallet,Digital
C01596,Time Deposit,Digital
C01597,Debit Card,Basic
C01597,Credit Card,Basic
C01597,Savings Account,Basic
C01598,Savings Account,Credit
C01598,Debit Card,Credit
C01598,Mobile Banking,Credit
C01598,Credit Card,Credit
C01598,Time Deposit,Credit
C01599,Savings Account,Credit
C01599,Debit Card,Credit
C01599,Credit Card,Credit
C01599,Personal Loan,Credit
C01599,Mortgage,Credit
C01599,E-Wallet,Credit
C01600,Debit Card,Digital
C01600,Mobile Banking,Digital
C01600,Investment,Digital
C01600,E-Wallet,Digital
C01600,Savings Account,Digital
C01601,Savings Account,Credit
C01601,Debit Card,Credit
C01601,Mobile Banking,Credit
C01601,Credit Card,Credit
C01601,Personal Loan,Credit
C01601,Time Deposit,Credit
C01602,Savings Account,Credit
C01602,Debit Card,Credit
C01602,Mobile Banking,Credit
C01602,Credit Card,Credit
C01602,E-Wallet,Credit
C01603,Savings Account,Basic
C01603,Debit Card,Basic
C01604,Debit Card,Basic
C01604,Mobile Banking,Basic
C01604,Credit Card,Basic
C01604,Savings Account,Basic
C01605,Savings Account,Digital
C01605,Debit Card,Digital
C01605,Mobile Banking,Digital
C01605,Mortgage,Digital
C01605,Insurance,Digital
C01606,Savings Account,Wealth
C01606,Debit Card,Wealth
C01606,Mobile Banking,Wealth
C01606,Credit Card,Wealth
C01606,Mortgage,Wealth
C01606,Investment,Wealth
C01606,Time Deposit,Wealth
C01607,Savings Account,Digital
C01607,Debit Card,Digital
C01607,Mobile Banking,Digital
C01607,E-Wallet,Digital
C01608,Savings Account,Credit
C01608,Debit Card,Credit
C01608,Credit Card,Credit
C01608,Personal Loan,Credit
C01608,E-Wallet,Credit
C01609,Savings Account,Basic
C01609,Debit Card,Basic
C01609,Mobile Banking,Basic
C01610,Savings Account,Credit
C01610,Mobile Banking,Credit
C01610,Credit Card,Credit
C01611,Savings Account,Basic
C01611,Debit Card,Basic
C01612,Debit Card,Digital
C01612,Mobile Banking,Digital
C01612,E-Wallet,Digital
C01612,Time Deposit,Digital
C01612,Savings Account,Digital
C01613,Savings Account,Wealth
C01613,Credit Card,Wealth
C01613,Investment,Wealth
C01613,Insurance,Wealth
C01613,Time Deposit,Wealth
C01614,Savings Account,Basic
C01614,Debit Card,Basic
C01615,Savings Account,Credit
C01615,Debit Card,Credit
C01615,Credit Card,Credit
C01615,Personal Loan,Credit
C01616,Savings Account,Digital
C01616,Debit Card,Digital
C01616,Mobile Banking,Digital
C01617,Savings Account,Credit
C01617,Debit Card,Credit
C01617,Mobile Banking,Credit
C01617,Credit Card,Credit
C01617,E-Wallet,Credit
C01618,Debit Card,Digital
C01618,Mobile Banking,Digital
C01618,Credit Card,Digital
C01618,Savings Account,Digital
C01619,Debit Card,Digital
C01619,Mobile Banking,Digital
C01619,Insurance,Digital
C01619,Savings Account,Digital
C01620,Mobile Banking,Wealth
C01620,Credit Card,Wealth
C01620,Investment,Wealth
C01620,Insurance,Wealth
C01620,Time Deposit,Wealth
C01620,Savings Account,Wealth
C01621,Savings Account,Wealth
C01621,Debit Card,Wealth
C01621,Credit Card,Wealth
C01621,Mortgage,Wealth
C01621,Investment,Wealth
C01622,Savings Account,Digital
C01622,Debit Card,Digital
C01622,Mobile Banking,Digital
C01622,Personal Loan,Digital
C01622,E-Wallet,Digital
C01623,Savings Account,Wealth
C01623,Mobile Banking,Wealth
C01623,Personal Loan,Wealth
C01623,Mortgage,Wealth
C01623,Investment,Wealth
C01623,Time Deposit,Wealth
C01624,Debit Card,Digital
C01624,Mobile Banking,Digital
C01624,Personal Loan,Digital
C01624,E-Wallet,Digital
C01624,Savings Account,Digital
C01625,Savings Account,Basic
C01625,Debit Card,Basic
C01625,Mobile Banking,Basic
C01626,Savings Account,Digital
C01626,Mobile Banking,Digital
C01626,Insurance,Digital
C01626,E-Wallet,Digital
C01627,Savings Account,Basic
C01627,Mobile Banking,Basic
C01627,Credit Card,Basic
C01628,Debit Card,Digital
C01628,Mobile Banking,Digital
C01628,Insurance,Digital
C01628,E-Wallet,Digital
C01628,Savings Account,Digital
C01629,Credit Card,Wealth
C01629,Investment,Wealth
C01629,Time Deposit,Wealth
C01629,Savings Account,Wealth
C01630,Savings Account,Digital
C01630,E-Wallet,Digital
C01631,Savings Account,Credit
C01631,Debit Card,Credit
C01631,Credit Card,Credit
C01631,Personal Loan,Credit
C01631,Mortgage,Credit
C01632,Savings Account,Digital
C01632,Debit Card,Digital
C01632,Mobile Banking,Digital
C01633,Savings Account,Digital
C01633,Mobile Banking,Digital
C01634,Savings Account,Basic
C01634,Debit Card,Basic
C01635,Debit Card,Basic
C01635,Savings Account,Basic
C01636,Savings Account,Digital
C01636,Debit Card,Digital
C01636,Mobile Banking,Digital
C01636,Personal Loan,Digital
C01636,E-Wallet,Digital
C01636,Time Deposit,Digital
C01637,Savings Account,Credit
C01637,Mobile Banking,Credit
C01637,Credit Card,Credit
C01638,Savings Account,Credit
C01638,Debit Card,Credit
C01638,Personal Loan,Credit
C01638,Mortgage,Credit
C01638,Investment,Credit
C01639,Savings Account,Wealth
C01639,Credit Card,Wealth
C01639,E-Wallet,Wealth
C01639,Time Deposit,Wealth
C01640,Savings Account,Wealth
C01640,Mobile Banking,Wealth
C01640,Mortgage,Wealth
C01640,Investment,Wealth
C01640,Time Deposit,Wealth
C01641,Debit Card,Digital
C01641,Mobile Banking,Digital
C01641,E-Wallet,Digital
C01641,Savings Account,Digital
C01642,Debit Card,Digital
C01642,Mobile Banking,Digital
C01642,Credit Card,Digital
C01642,Personal Loan,Digital
C01642,Time Deposit,Digital
C01642,Savings Account,Digital
C01643,Savings Account,Basic
C01643,Debit Card,Basic
C01644,Savings Account,Credit
C01644,Debit Card,Credit
C01644,Mobile Banking,Credit
C01644,Credit Card,Credit
C01644,Personal Loan,Credit
C01645,Savings Account,Basic
C01645,Debit Card,Basic
C01646,Savings Account,Digital
C01646,Debit Card,Digital
C01646,Mobile Banking,Digital
C01646,E-Wallet,Digital
C01647,Savings Account,Digital
C01647,Debit Card,Digital
C01647,Mobile Banking,Digital
C01647,E-Wallet,Digital
C01648,Savings Account,Digital
C01648,Debit Card,Digital
C01648,Mobile Banking,Digital
C01648,Credit Card,Digital
C01648,E-Wallet,Digital
C01649,Savings Account,Basic
C01649,Debit Card,Basic
C01649,Mobile Banking,Basic
C01650,Savings Account,Digital
C01650,Debit Card,Digital
C01650,Credit Card,Digital
C01651,Savings Account,Wealth
C01651,Debit Card,Wealth
C01651,Mobile Banking,Wealth
C01651,Credit Card,Wealth
C01652,Mobile Banking,Wealth
C01652,Credit Card,Wealth
C01652,Savings Account,Wealth
C01653,Debit Card,Basic
C01653,Mobile Banking,Basic
C01653,Credit Card,Basic
C01653,Savings Account,Basic
C01654,Savings Account,Basic
C01654,Debit Card,Basic
C01654,Mobile Banking,Basic
C01655,Savings Account,Digital
C01655,Debit Card,Digital
C01655,Mobile Banking,Digital
C01655,Personal Loan,Digital
C01655,E-Wallet,Digital
C01655,Time Deposit,Digital
C01656,Mobile Banking,Credit
C01656,Credit Card,Credit
C01656,Personal Loan,Credit
C01656,Savings Account,Credit
C01657,Savings Account,Wealth
C01657,Debit Card,Wealth
C01657,Mobile Banking,Wealth
C01657,Mortgage,Wealth
C01657,Time Deposit,Wealth
C01658,Savings Account,Credit
C01658,Debit Card,Credit
C01658,Mobile Banking,Credit
C01658,Credit Card,Credit
C01659,Savings Account,Digital
C01659,Debit Card,Digital
C01659,Mobile Banking,Digital
C01659,E-Wallet,Digital
C01660,Savings Account,Digital
C01660,Debit Card,Digital
C01660,Mobile Banking,Digital
C01660,Credit Card,Digital
C01660,E-Wallet,Digital
C01661,Debit Card,Wealth
C01661,Mobile Banking,Wealth
C01661,Credit Card,Wealth
C01661,Investment,Wealth
C01661,Insurance,Wealth
C01661,Time Deposit,Wealth
C01661,Savings Account,Wealth
C01662,Savings Account,Basic
C01662,Debit Card,Basic
C01662,Mobile Banking,Basic
C01662,E-Wallet,Basic
C01663,Savings Account,Basic
C01663,Mortgage,Basic
C01664,Mobile Banking,Digital
C01664,Credit Card,Digital
C01664,Insurance,Digital
C01664,E-Wallet,Digital
C01664,Savings Account,Digital
C01665,Savings Account,Wealth
C01665,Debit Card,Wealth
C01665,Mobile Banking,Wealth
C01665,Credit Card,Wealth
C01665,Mortgage,Wealth
C01665,Investment,Wealth
C01665,Time Deposit,Wealth
C01666,Savings Account,Wealth
C01666,Mobile Banking,Wealth
C01666,Credit Card,Wealth
C01666,Insurance,Wealth
C01667,Savings Account,Credit
C01667,Debit Card,Credit
C01667,Mobile Banking,Credit
C01667,Credit Card,Credit
C01668,Debit Card,Wealth
C01668,Mobile Banking,Wealth
C01668,Insurance,Wealth
C01668,Savings Account,Wealth
C01669,Savings Account,Digital
C01669,Debit Card,Digital
C01669,Mobile Banking,Digital
C01669,Investment,Digital
C01669,Insurance,Digital
C01669,E-Wallet,Digital
C01670,Savings Account,Digital
C01670,Debit Card,Digital
C01670,Mobile Banking,Digital
C01670,E-Wallet,Digital
C01671,Savings Account,Wealth
C01671,Mobile Banking,Wealth
C01671,Credit Card,Wealth
C01671,Investment,Wealth
C01671,Time Deposit,Wealth
C01672,Savings Account,Digital
C01672,Debit Card,Digital
C01672,Mobile Banking,Digital
C01672,Credit Card,Digital
C01672,E-Wallet,Digital
C01673,Debit Card,Digital
C01673,Mobile Banking,Digital
C01673,E-Wallet,Digital
C01673,Savings Account,Digital
C01674,Savings Account,Digital
C01674,Debit Card,Digital
C01674,Mobile Banking,Digital
C01674,Personal Loan,Digital
C01674,Time Deposit,Digital
C01675,Savings Account,Digital
C01675,Debit Card,Digital
C01675,Mobile Banking,Digital
C01675,Personal Loan,Digital
C01675,Investment,Digital
C01675,E-Wallet,Digital
C01676,Mobile Banking,Digital
C01676,Savings Account,Digital
C01677,Debit Card,Digital
C01677,Mobile Banking,Digital
C01677,E-Wallet,Digital
C01677,Savings Account,Digital
C01678,Savings Account,Digital
C01678,Debit Card,Digital
C01678,Mobile Banking,Digital
C01679,Savings Account,Basic
C01679,Debit Card,Basic
C01679,Mobile Banking,Basic
C01679,E-Wallet,Basic
C01680,Savings Account,Credit
C01680,Debit Card,Credit
C01680,Credit Card,Credit
C01680,Time Deposit,Credit
C01681,Savings Account,Credit
C01681,Debit Card,Credit
C01681,Personal Loan,Credit
C01681,E-Wallet,Credit
C01682,Savings Account,Basic
C01682,Mobile Banking,Basic
C01683,Savings Account,Wealth
C01683,Debit Card,Wealth
C01684,Savings Account,Digital
C01684,Mobile Banking,Digital
C01684,Insurance,Digital
C01685,Savings Account,Credit
C01685,Debit Card,Credit
C01685,Mobile Banking,Credit
C01685,Credit Card,Credit
C01685,Personal Loan,Credit
C01685,Insurance,Credit
C01686,Savings Account,Digital
C01686,Mobile Banking,Digital
C01686,Credit Card,Digital
C01687,Debit Card,Digital
C01687,Mobile Banking,Digital
C01687,Savings Account,Digital
C01688,Savings Account,Digital
C01688,Mobile Banking,Digital
C01688,Mortgage,Digital
C01688,E-Wallet,Digital
C01689,Savings Account,Basic
C01689,E-Wallet,Basic
C01690,Savings Account,Digital
C01690,Mobile Banking,Digital
C01690,Investment,Digital
C01690,Insurance,Digital
C01690,E-Wallet,Digital
C01690,Time Deposit,Digital
C01691,Savings Account,Digital
C01691,Debit Card,Digital
C01691,Mobile Banking,Digital
C01691,Credit Card,Digital
C01691,Personal Loan,Digital
C01691,Insurance,Digital
C01691,E-Wallet,Digital
C01692,Savings Account,Digital
C01692,Debit Card,Digital
C01692,Mobile Banking,Digital
C01692,Credit Card,Digital
C01692,E-Wallet,Digital
C01693,Debit Card,Credit
C01693,Mobile Banking,Credit
C01693,Credit Card,Credit
C01693,Insurance,Credit
C01693,Time Deposit,Credit
C01693,Savings Account,Credit
C01694,Savings Account,Credit
C01694,Debit Card,Credit
C01694,Mobile Banking,Credit
C01694,Credit Card,Credit
C01694,Personal Loan,Credit
C01694,Time Deposit,Credit
C01695,Savings Account,Basic
C01695,Debit Card,Basic
C01696,Savings Account,Credit
C01696,Mobile Banking,Credit
C01696,Credit Card,Credit
C01697,Savings Account,Basic
C01697,Debit Card,Basic
C01698,Savings Account,Basic
C01698,Debit Card,Basic
C01698,Insurance,Basic
C01699,Savings Account,Basic
C01699,Credit Card,Basic
C01699,Insurance,Basic
C01700,Savings Account,Digital
C01700,Debit Card,Digital
C01700,Mobile Banking,Digital
C01700,E-Wallet,Digital
C01701,Savings Account,Credit
C01701,Mobile Banking,Credit
C01701,Credit Card,Credit
C01701,Personal Loan,Credit
C01702,Savings Account,Credit
C01702,Debit Card,Credit
C01702,Mobile Banking,Credit
C01702,Personal Loan,Credit
C01702,Mortgage,Credit
C01702,Insurance,Credit
C01703,Savings Account,Basic
C01703,Debit Card,Basic
C01703,E-Wallet,Basic
C01704,Debit Card,Basic
C01704,Mobile Banking,Basic
C01704,Insurance,Basic
C01704,Savings Account,Basic
C01705,Debit Card,Credit
C01705,Mobile Banking,Credit
C01705,Credit Card,Credit
C01705,Personal Loan,Credit
C01705,E-Wallet,Credit
C01705,Time Deposit,Credit
C01705,Savings Account,Credit
C01706,Savings Account,Credit
C01706,Debit Card,Credit
C01706,Mobile Banking,Credit
C01706,Credit Card,Credit
C01706,Personal Loan,Credit
C01706,Mortgage,Credit
C01707,Debit Card,Digital
C01707,Mobile Banking,Digital
C01707,E-Wallet,Digital
C01707,Savings Account,Digital
C01708,Savings Account,Digital
C01708,Debit Card,Digital
C01708,Mobile Banking,Digital
C01708,Mortgage,Digital
C01708,Insurance,Digital
C01708,Time Deposit,Digital
C01709,Debit Card,Basic
C01709,Savings Account,Basic
C01710,Savings Account,Credit
C01710,Debit Card,Credit
C01710,Mobile Banking,Credit
C01710,Credit Card,Credit
C01710,Personal Loan,Credit
C01710,Insurance,Credit
C01711,Mobile Banking,Wealth
C01711,Investment,Wealth
C01711,Time Deposit,Wealth
C01711,Savings Account,Wealth
C01712,Debit Card,Credit
C01712,Mobile Banking,Credit
C01712,Credit Card,Credit
C01712,Savings Account,Credit
C01713,Savings Account,Basic
C01713,Debit Card,Basic
C01713,Credit Card,Basic
C01714,Savings Account,Digital
C01714,Debit Card,Digital
C01714,Mobile Banking,Digital
C01714,E-Wallet,Digital
C01715,Savings Account,Wealth
C01715,Debit Card,Wealth
C01715,Credit Card,Wealth
C01715,Investment,Wealth
C01716,Savings Account,Digital
C01716,Debit Card,Digital
C01716,Mobile Banking,Digital
C01716,Credit Card,Digital
C01716,Mortgage,Digital
C01716,E-Wallet,Digital
C01717,Savings Account,Digital
C01717,Debit Card,Digital
C01717,Mobile Banking,Digital
C01717,Credit Card,Digital
C01718,Savings Account,Digital
C01718,Mobile Banking,Digital
C01719,Savings Account,Basic
C01719,Debit Card,Basic
C01719,Mobile Banking,Basic
C01719,Insurance,Basic
C01720,Savings Account,Credit
C01720,Debit Card,Credit
C01720,Mortgage,Credit
C01720,E-Wallet,Credit
C01721,Savings Account,Basic
C01721,Mobile Banking,Basic
C01722,Savings Account,Credit
C01722,Debit Card,Credit
C01722,Credit Card,Credit
C01722,Personal Loan,Credit
C01722,Time Deposit,Credit
C01723,Savings Account,Digital
C01723,Debit Card,Digital
C01723,Mobile Banking,Digital
C01723,E-Wallet,Digital
C01724,Savings Account,Digital
C01724,Mobile Banking,Digital
C01724,Credit Card,Digital
C01724,Insurance,Digital
C01725,Debit Card,Credit
C01725,Mobile Banking,Credit
C01725,Credit Card,Credit
C01725,Personal Loan,Credit
C01725,Insurance,Credit
C01725,E-Wallet,Credit
C01725,Savings Account,Credit
C01726,Savings Account,Digital
C01726,Mobile Banking,Digital
C01726,Investment,Digital
C01726,Insurance,Digital
C01727,Savings Account,Digital
C01727,Debit Card,Digital
C01727,Mobile Banking,Digital
C01728,Savings Account,Credit
C01728,Debit Card,Credit
C01728,Mobile Banking,Credit
C01729,Savings Account,Digital
C01729,Debit Card,Digital
C01729,Mobile Banking,Digital
C01729,E-Wallet,Digital
C01730,Debit Card,Digital
C01730,Mobile Banking,Digital
C01730,Investment,Digital
C01730,E-Wallet,Digital
C01730,Savings Account,Digital
C01731,Mortgage,Wealth
C01731,Investment,Wealth
C01731,Time Deposit,Wealth
C01731,Savings Account,Wealth
C01732,Debit Card,Digital
C01732,Mobile Banking,Digital
C01732,E-Wallet,Digital
C01732,Savings Account,Digital
C01733,Savings Account,Credit
C01733,Debit Card,Credit
C01733,Mobile Banking,Credit
C01733,Credit Card,Credit
C01733,Personal Loan,Credit
C01734,Savings Account,Basic
C01734,Debit Card,Basic
C01735,Savings Account,Digital
C01735,Debit Card,Digital
C01735,Mobile Banking,Digital
C01735,Credit Card,Digital
C01735,E-Wallet,Digital
C01736,Savings Account,Digital
C01736,Debit Card,Digital
C01736,Mobile Banking,Digital
C01736,Investment,Digital
C01736,E-Wallet,Digital
C01737,Savings Account,Credit
C01737,Debit Card,Credit
C01737,Mobile Banking,Credit
C01737,Credit Card,Credit
C01737,Personal Loan,Credit
C01737,Insurance,Credit
C01737,E-Wallet,Credit
C01738,Debit Card,Credit
C01738,Mobile Banking,Credit
C01738,Credit Card,Credit
C01738,Investment,Credit
C01738,Insurance,Credit
C01738,Savings Account,Credit
C01739,Savings Account,Wealth
C01739,Debit Card,Wealth
C01739,Mobile Banking,Wealth
C01739,Personal Loan,Wealth
C01739,Mortgage,Wealth
C01739,Insurance,Wealth
C01739,Time Deposit,Wealth
C01740,Savings Account,Wealth
C01740,Credit Card,Wealth
C01740,E-Wallet,Wealth
C01741,Debit Card,Wealth
C01741,Insurance,Wealth
C01741,E-Wallet,Wealth
C01741,Time Deposit,Wealth
C01741,Savings Account,Wealth
C01742,Savings Account,Basic
C01742,Debit Card,Basic
C01743,Savings Account,Digital
C01743,Debit Card,Digital
C01743,Mobile Banking,Digital
C01744,Debit Card,Digital
C01744,Mobile Banking,Digital
C01744,Credit Card,Digital
C01744,E-Wallet,Digital
C01744,Savings Account,Digital
C01745,Savings Account,Basic
C01745,Debit Card,Basic
C01746,Savings Account,Credit
C01746,Debit Card,Credit
C01746,Credit Card,Credit
C01747,Debit Card,Digital
C01747,Savings Account,Digital
C01748,Debit Card,Wealth
C01748,Mobile Banking,Wealth
C01748,Credit Card,Wealth
C01748,Investment,Wealth
C01748,E-Wallet,Wealth
C01748,Time Deposit,Wealth
C01748,Savings Account,Wealth
C01749,Savings Account,Wealth
C01749,Investment,Wealth
C01749,Time Deposit,Wealth
C01750,Savings Account,Credit
C01750,Debit Card,Credit
C01750,Mortgage,Credit
C01750,Investment,Credit
C01750,Time Deposit,Credit
C01751,Savings Account,Credit
C01751,Debit Card,Credit
C01751,Mobile Banking,Credit
C01751,Credit Card,Credit
C01751,Personal Loan,Credit
C01751,E-Wallet,Credit
C01752,Savings Account,Credit
C01752,Debit Card,Credit
C01752,Mobile Banking,Credit
C01752,Insurance,Credit
C01752,E-Wallet,Credit
C01752,Time Deposit,Credit
C01753,Savings Account,Wealth
C01753,Debit Card,Wealth
C01753,Mobile Banking,Wealth
C01753,Credit Card,Wealth
C01753,Investment,Wealth
C01754,Savings Account,Digital
C01754,Mobile Banking,Digital
C01754,Investment,Digital
C01754,E-Wallet,Digital
C01754,Time Deposit,Digital
C01755,Savings Account,Digital
C01755,Debit Card,Digital
C01755,Mobile Banking,Digital
C01756,Savings Account,Digital
C01756,Debit Card,Digital
C01756,Mobile Banking,Digital
C01756,Personal Loan,Digital
C01756,E-Wallet,Digital
C01757,Savings Account,Credit
C01757,Debit Card,Credit
C01757,Mobile Banking,Credit
C01757,Credit Card,Credit
C01757,Personal Loan,Credit
C01757,E-Wallet,Credit
C01758,Savings Account,Digital
C01758,Mobile Banking,Digital
C01758,Insurance,Digital
C01759,Savings Account,Basic
C01759,Debit Card,Basic
C01759,E-Wallet,Basic
C01760,Savings Account,Basic
C01760,Debit Card,Basic
C01760,Mortgage,Basic
C01760,Insurance,Basic
C01761,Debit Card,Basic
C01761,Mobile Banking,Basic
C01761,Credit Card,Basic
C01761,Savings Account,Basic
C01762,Savings Account,Basic
C01762,Debit Card,Basic
C01762,Mobile Banking,Basic
C01762,E-Wallet,Basic
C01763,Savings Account,Credit
C01763,Debit Card,Credit
C01763,Credit Card,Credit
C01763,Personal Loan,Credit
C01763,E-Wallet,Credit
C01764,Savings Account,Credit
C01764,Debit Card,Credit
C01764,Mobile Banking,Credit
C01764,Credit Card,Credit
C01765,Debit Card,Credit
C01765,Mobile Banking,Credit
C01765,Credit Card,Credit
C01765,Savings Account,Credit
C01766,Savings Account,Wealth
C01766,Debit Card,Wealth
C01766,Mobile Banking,Wealth
C01766,Time Deposit,Wealth
C01767,Savings Account,Basic
C01767,Debit Card,Basic
C01767,Investment,Basic
C01768,Savings Account,Credit
C01768,Debit Card,Credit
C01768,Mobile Banking,Credit
C01768,Credit Card,Credit
C01768,Personal Loan,Credit
C01768,E-Wallet,Credit
C01769,Mobile Banking,Basic
C01769,Savings Account,Basic
C01770,Savings Account,Digital
C01770,Mobile Banking,Digital
C01770,Credit Card,Digital
C01770,Personal Loan,Digital
C01771,Savings Account,Credit
C01771,Debit Card,Credit
C01771,Mobile Banking,Credit
C01771,Credit Card,Credit
C01772,Mobile Banking,Digital
C01772,E-Wallet,Digital
C01772,Savings Account,Digital
C01773,Savings Account,Digital
C01773,Mobile Banking,Digital
C01773,Credit Card,Digital
C01773,E-Wallet,Digital
C01774,Debit Card,Basic
C01774,Savings Account,Basic
C01775,Savings Account,Digital
C01775,Debit Card,Digital
C01775,Mobile Banking,Digital
C01775,Insurance,Digital
C01775,E-Wallet,Digital
C01776,Savings Account,Wealth
C01776,Mobile Banking,Wealth
C01776,Investment,Wealth
C01777,Savings Account,Wealth
C01777,Debit Card,Wealth
C01777,Mobile Banking,Wealth
C01777,Credit Card,Wealth
C01777,Investment,Wealth
C01777,Insurance,Wealth
C01777,Time Deposit,Wealth
C01778,Savings Account,Credit
C01778,Debit Card,Credit
C01778,Credit Card,Credit
C01778,Mortgage,Credit
C01778,E-Wallet,Credit
C01779,Savings Account,Basic
C01779,Debit Card,Basic
C01779,Credit Card,Basic
C01779,E-Wallet,Basic
C01780,E-Wallet,Basic
C01780,Savings Account,Basic
C01781,Savings Account,Digital
C01781,Debit Card,Digital
C01781,Mobile Banking,Digital
C01781,Credit Card,Digital
C01781,E-Wallet,Digital
C01781,Time Deposit,Digital
C01782,Savings Account,Basic
C01782,Debit Card,Basic
C01783,Savings Account,Basic
C01783,Debit Card,Basic
C01784,Savings Account,Digital
C01784,Debit Card,Digital
C01784,Mobile Banking,Digital
C01785,Savings Account,Digital
C01785,Debit Card,Digital
C01785,Credit Card,Digital
C01785,E-Wallet,Digital
C01786,Savings Account,Basic
C01786,Mobile Banking,Basic
C01786,E-Wallet,Basic
C01787,Savings Account,Basic
C01787,Debit Card,Basic
C01787,Mobile Banking,Basic
C01788,Savings Account,Digital
C01788,Debit Card,Digital
C01788,Mobile Banking,Digital
C01789,Savings Account,Wealth
C01789,Debit Card,Wealth
C01789,Mobile Banking,Wealth
C01789,Investment,Wealth
C01789,Time Deposit,Wealth
C01790,Savings Account,Digital
C01790,Mobile Banking,Digital
C01790,Credit Card,Digital
C01790,Mortgage,Digital
C01790,E-Wallet,Digital
C01791,Debit Card,Credit
C01791,Mobile Banking,Credit
C01791,Personal Loan,Credit
C01791,Investment,Credit
C01791,Insurance,Credit
C01791,Savings Account,Credit
C01792,Savings Account,Wealth
C01792,Debit Card,Wealth
C01792,Mobile Banking,Wealth
C01792,Investment,Wealth
C01792,Time Deposit,Wealth
C01793,Savings Account,Credit
C01793,Debit Card,Credit
C01793,Mobile Banking,Credit
C01794,Savings Account,Credit
C01794,Debit Card,Credit
C01794,Credit Card,Credit
C01794,Personal Loan,Credit
C01795,Savings Account,Credit
C01795,Debit Card,Credit
C01795,Credit Card,Credit
C01795,Personal Loan,Credit
C01795,Insurance,Credit
C01795,E-Wallet,Credit
C01796,Savings Account,Credit
C01796,Debit Card,Credit
C01796,Mobile Banking,Credit
C01796,Personal Loan,Credit
C01797,Savings Account,Digital
C01797,Debit Card,Digital
C01797,Mobile Banking,Digital
C01798,Debit Card,Digital
C01798,Mobile Banking,Digital
C01798,Credit Card,Digital
C01798,Investment,Digital
C01798,Insurance,Digital
C01798,E-Wallet,Digital
C01798,Savings Account,Digital
C01799,Savings Account,Digital
C01799,Mobile Banking,Digital
C01799,Credit Card,Digital
C01800,Savings Account,Credit
C01800,Debit Card,Credit
C01800,Credit Card,Credit
C01800,Mortgage,Credit
C01800,Insurance,Credit
C01801,Savings Account,Credit
C01801,Debit Card,Credit
C01801,Credit Card,Credit
C01801,Mortgage,Credit
C01801,Insurance,Credit
C01802,Savings Account,Basic
C01802,Debit Card,Basic
C01803,Debit Card,Digital
C01803,Mobile Banking,Digital
C01803,Savings Account,Digital
C01804,Savings Account,Digital
C01804,Debit Card,Digital
C01805,Savings Account,Basic
C01805,Debit Card,Basic
C01806,Credit Card,Digital
C01806,Personal Loan,Digital
C01806,Savings Account,Digital
C01807,Savings Account,Basic
C01807,Debit Card,Basic
C01808,Savings Account,Credit
C01808,Debit Card,Credit
C01808,Mobile Banking,Credit
C01808,Credit Card,Credit
C01808,Personal Loan,Credit
C01808,Insurance,Credit
C01809,Savings Account,Digital
C01809,Debit Card,Digital
C01809,Mobile Banking,Digital
C01809,E-Wallet,Digital
C01809,Time Deposit,Digital
C01810,Savings Account,Digital
C01810,Debit Card,Digital
C01810,Credit Card,Digital
C01811,Savings Account,Digital
C01811,Debit Card,Digital
C01811,Mobile Banking,Digital
C01811,Credit Card,Digital
C01811,Mortgage,Digital
C01811,Insurance,Digital
C01811,Time Deposit,Digital
C01812,Savings Account,Basic
C01812,Debit Card,Basic
C01812,Mobile Banking,Basic
C01813,Savings Account,Digital
C01813,Debit Card,Digital
C01813,Personal Loan,Digital
C01814,Savings Account,Digital
C01814,Debit Card,Digital
C01814,Mobile Banking,Digital
C01814,Credit Card,Digital
C01814,E-Wallet,Digital
C01815,Debit Card,Wealth
C01815,Mobile Banking,Wealth
C01815,Credit Card,Wealth
C01815,Investment,Wealth
C01815,Time Deposit,Wealth
C01815,Savings Account,Wealth
C01816,Savings Account,Credit
C01816,Debit Card,Credit
C01816,Credit Card,Credit
C01816,E-Wallet,Credit
C01817,Savings Account,Wealth
C01817,Mobile Banking,Wealth
C01817,Credit Card,Wealth
C01817,Investment,Wealth
C01818,Savings Account,Credit
C01818,Debit Card,Credit
C01818,Mobile Banking,Credit
C01818,Credit Card,Credit
C01819,Savings Account,Wealth
C01819,Credit Card,Wealth
C01819,Investment,Wealth
C01820,Savings Account,Digital
C01820,Mobile Banking,Digital
C01820,Personal Loan,Digital
C01821,Debit Card,Basic
C01821,Mobile Banking,Basic
C01821,Savings Account,Basic
C01822,Savings Account,Credit
C01822,Debit Card,Credit
C01822,Credit Card,Credit
C01822,Personal Loan,Credit
C01822,Time Deposit,Credit
C01823,Savings Account,Basic
C01823,Debit Card,Basic
C01824,Debit Card,Digital
C01824,Mobile Banking,Digital
C01824,Insurance,Digital
C01824,E-Wallet,Digital
C01824,Time Deposit,Digital
C01824,Savings Account,Digital
C01825,Savings Account,Credit
C01825,Debit Card,Credit
C01825,Credit Card,Credit
C01825,Personal Loan,Credit
C01826,Savings Account,Basic
C01826,Debit Card,Basic
C01826,Mobile Banking,Basic
C01826,Credit Card,Basic
C01827,Savings Account,Basic
C01827,Debit Card,Basic
C01827,Mobile Banking,Basic
C01827,Investment,Basic
C01827,E-Wallet,Basic
C01828,Savings Account,Digital
C01828,Debit Card,Digital
C01828,Mobile Banking,Digital
C01828,E-Wallet,Digital
C01829,Savings Account,Wealth
C01829,Mobile Banking,Wealth
C01829,Credit Card,Wealth
C01829,Investment,Wealth
C01829,Insurance,Wealth
C01829,E-Wallet,Wealth
C01829,Time Deposit,Wealth
C01830,Debit Card,Digital
C01830,E-Wallet,Digital
C01830,Savings Account,Digital
C01831,Savings Account,Credit
C01831,Debit Card,Credit
C01831,Mobile Banking,Credit
C01831,Credit Card,Credit
C01831,Personal Loan,Credit
C01831,Mortgage,Credit
C01831,Investment,Credit
C01832,Savings Account,Digital
C01832,Mobile Banking,Digital
C01832,Investment,Digital
C01832,E-Wallet,Digital
C01833,Savings Account,Basic
C01833,Debit Card,Basic
C01833,Credit Card,Basic
C01833,E-Wallet,Basic
C01834,Savings Account,Wealth
C01834,Mobile Banking,Wealth
C01834,Credit Card,Wealth
C01834,Investment,Wealth
C01834,Time Deposit,Wealth
C01835,Debit Card,Credit
C01835,Credit Card,Credit
C01835,Mortgage,Credit
C01835,Time Deposit,Credit
C01835,Savings Account,Credit
C01836,Savings Account,Basic
C01836,Debit Card,Basic
C01837,Savings Account,Credit
C01837,Debit Card,Credit
C01837,Credit Card,Credit
C01837,Personal Loan,Credit
C01838,Savings Account,Credit
C01838,Debit Card,Credit
C01838,Credit Card,Credit
C01838,Personal Loan,Credit
C01839,Debit Card,Basic
C01839,Savings Account,Basic
C01840,Savings Account,Credit
C01840,Debit Card,Credit
C01840,Mobile Banking,Credit
C01840,Credit Card,Credit
C01840,Personal Loan,Credit
C01841,Savings Account,Basic
C01841,Debit Card,Basic
C01841,Personal Loan,Basic
C01841,Insurance,Basic
C01842,Savings Account,Basic
C01842,Debit Card,Basic
C01842,Mobile Banking,Basic
C01842,Credit Card,Basic
C01843,Debit Card,Digital
C01843,Credit Card,Digital
C01843,Mortgage,Digital
C01843,Time Deposit,Digital
C01843,Savings Account,Digital
C01844,Debit Card,Digital
C01844,Mobile Banking,Digital
C01844,Credit Card,Digital
C01844,Personal Loan,Digital
C01844,Investment,Digital
C01844,Time Deposit,Digital
C01844,Savings Account,Digital
C01845,Savings Account,Credit
C01845,Debit Card,Credit
C01845,Personal Loan,Credit
C01845,E-Wallet,Credit
C01845,Time Deposit,Credit
C01846,Savings Account,Digital
C01846,Credit Card,Digital
C01847,Savings Account,Digital
C01847,Mobile Banking,Digital
C01847,Credit Card,Digital
C01847,E-Wallet,Digital
C01848,Savings Account,Credit
C01848,Debit Card,Credit
C01848,Mobile Banking,Credit
C01848,E-Wallet,Credit
C01849,Debit Card,Wealth
C01849,Mobile Banking,Wealth
C01849,Credit Card,Wealth
C01849,Mortgage,Wealth
C01849,Investment,Wealth
C01849,E-Wallet,Wealth
C01849,Time Deposit,Wealth
C01849,Savings Account,Wealth
C01850,Savings Account,Digital
C01850,Mobile Banking,Digital
C01850,Credit Card,Digital
C01850,E-Wallet,Digital
C01850,Time Deposit,Digital
C01851,Savings Account,Basic
C01851,Debit Card,Basic
C01851,Mobile Banking,Basic
C01851,Credit Card,Basic
C01851,Time Deposit,Basic
C01852,Debit Card,Digital
C01852,Mobile Banking,Digital
C01852,Mortgage,Digital
C01852,Savings Account,Digital
C01853,Savings Account,Digital
C01853,Debit Card,Digital
C01853,Mobile Banking,Digital
C01854,Savings Account,Basic
C01854,Credit Card,Basic
C01854,E-Wallet,Basic
C01855,Debit Card,Basic
C01855,Credit Card,Basic
C01855,Insurance,Basic
C01855,Savings Account,Basic
C01856,Savings Account,Basic
C01856,Debit Card,Basic
C01856,Personal Loan,Basic
C01857,Debit Card,Basic
C01857,Savings Account,Basic
C01858,Savings Account,Basic
C01858,Debit Card,Basic
C01858,Mobile Banking,Basic
C01859,Savings Account,Credit
C01859,Credit Card,Credit
C01859,Personal Loan,Credit
C01859,Insurance,Credit
C01859,E-Wallet,Credit
C01860,Debit Card,Credit
C01860,Mobile Banking,Credit
C01860,Credit Card,Credit
C01860,Personal Loan,Credit
C01860,Savings Account,Credit
C01861,Savings Account,Wealth
C01861,Mobile Banking,Wealth
C01861,Credit Card,Wealth
C01861,Investment,Wealth
C01861,E-Wallet,Wealth
C01862,Savings Account,Basic
C01862,Debit Card,Basic
C01863,Savings Account,Digital
C01863,Insurance,Digital
C01863,E-Wallet,Digital
C01864,Savings Account,Basic
C01864,Insurance,Basic
C01864,E-Wallet,Basic
C01865,Savings Account,Wealth
C01865,Debit Card,Wealth
C01865,Mobile Banking,Wealth
C01865,Mortgage,Wealth
C01865,Investment,Wealth
C01866,Savings Account,Digital
C01866,E-Wallet,Digital
C01867,Savings Account,Basic
C01867,Debit Card,Basic
C01868,Savings Account,Credit
C01868,Debit Card,Credit
C01868,Mobile Banking,Credit
C01868,Credit Card,Credit
C01869,Debit Card,Wealth
C01869,Mobile Banking,Wealth
C01869,Credit Card,Wealth
C01869,Mortgage,Wealth
C01869,Investment,Wealth
C01869,Insurance,Wealth
C01869,Savings Account,Wealth
C01870,Mobile Banking,Digital
C01870,Savings Account,Digital
C01871,Savings Account,Credit
C01871,Debit Card,Credit
C01871,Credit Card,Credit
C01871,Personal Loan,Credit
C01871,Insurance,Credit
C01872,Savings Account,Credit
C01872,Debit Card,Credit
C01872,Credit Card,Credit
C01872,Personal Loan,Credit
C01872,Investment,Credit
C01872,Insurance,Credit
C01873,Debit Card,Credit
C01873,Mobile Banking,Credit
C01873,Personal Loan,Credit
C01873,Time Deposit,Credit
C01873,Savings Account,Credit
C01874,Savings Account,Basic
C01874,Debit Card,Basic
C01874,Personal Loan,Basic
C01875,Savings Account,Digital
C01875,Debit Card,Digital
C01876,Savings Account,Digital
C01876,Mobile Banking,Digital
C01876,E-Wallet,Digital
C01877,Savings Account,Digital
C01877,Debit Card,Digital
C01877,Mobile Banking,Digital
C01877,E-Wallet,Digital
C01878,Savings Account,Wealth
C01878,Debit Card,Wealth
C01878,Mobile Banking,Wealth
C01878,Credit Card,Wealth
C01878,Investment,Wealth
C01878,Time Deposit,Wealth
C01879,Savings Account,Digital
C01879,Debit Card,Digital
C01879,Mobile Banking,Digital
C01880,Savings Account,Credit
C01880,Debit Card,Credit
C01880,Credit Card,Credit
C01880,Personal Loan,Credit
C01881,Savings Account,Credit
C01881,Debit Card,Credit
C01881,Credit Card,Credit
C01881,Personal Loan,Credit
C01882,Savings Account,Digital
C01882,Mobile Banking,Digital
C01883,Savings Account,Credit
C01883,Debit Card,Credit
C01883,Credit Card,Credit
C01883,Personal Loan,Credit
C01884,Debit Card,Wealth
C01884,Mobile Banking,Wealth
C01884,Mortgage,Wealth
C01884,Investment,Wealth
C01884,Time Deposit,Wealth
C01884,Savings Account,Wealth
C01885,Savings Account,Credit
C01885,Debit Card,Credit
C01885,Mobile Banking,Credit
C01885,Personal Loan,Credit
C01886,Savings Account,Wealth
C01886,Debit Card,Wealth
C01886,Credit Card,Wealth
C01886,Investment,Wealth
C01886,Insurance,Wealth
C01886,E-Wallet,Wealth
C01887,Savings Account,Digital
C01887,Debit Card,Digital
C01887,Mobile Banking,Digital
C01887,Mortgage,Digital
C01887,E-Wallet,Digital
C01888,Savings Account,Credit
C01888,Debit Card,Credit
C01888,Mobile Banking,Credit
C01888,Personal Loan,Credit
C01888,Time Deposit,Credit
C01889,Debit Card,Digital
C01889,Mobile Banking,Digital
C01889,Savings Account,Digital
C01890,Savings Account,Wealth
C01890,Debit Card,Wealth
C01890,Credit Card,Wealth
C01890,Investment,Wealth
C01890,Insurance,Wealth
C01890,Time Deposit,Wealth
C01891,Savings Account,Wealth
C01891,Credit Card,Wealth
C01891,Investment,Wealth
C01891,Time Deposit,Wealth
C01892,Debit Card,Basic
C01892,Mobile Banking,Basic
C01892,Investment,Basic
C01892,Savings Account,Basic
C01893,Savings Account,Digital
C01893,Debit Card,Digital
C01893,E-Wallet,Digital
C01894,Savings Account,Credit
C01894,Debit Card,Credit
C01894,Personal Loan,Credit
C01894,Insurance,Credit
C01894,E-Wallet,Credit
C01895,Mobile Banking,Digital
C01895,Investment,Digital
C01895,Savings Account,Digital
C01896,Savings Account,Wealth
C01896,Debit Card,Wealth
C01896,Mobile Banking,Wealth
C01896,Credit Card,Wealth
C01896,Investment,Wealth
C01896,Time Deposit,Wealth
C01897,Savings Account,Digital
C01897,Debit Card,Digital
C01897,Mobile Banking,Digital
C01897,Credit Card,Digital
C01897,Investment,Digital
C01897,Insurance,Digital
C01897,E-Wallet,Digital
C01898,Savings Account,Digital
C01898,Mobile Banking,Digital
C01898,Credit Card,Digital
C01899,Savings Account,Wealth
C01899,Debit Card,Wealth
C01899,Mobile Banking,Wealth
C01899,Personal Loan,Wealth
C01899,Investment,Wealth
C01899,Time Deposit,Wealth
C01900,Savings Account,Wealth
C01900,Debit Card,Wealth
C01900,Mobile Banking,Wealth
C01900,Investment,Wealth
C01900,Time Deposit,Wealth
C01901,Savings Account,Credit
C01901,Debit Card,Credit
C01901,Credit Card,Credit
C01901,Personal Loan,Credit
C01901,Time Deposit,Credit
C01902,Savings Account,Wealth
C01902,Mobile Banking,Wealth
C01902,Credit Card,Wealth
C01902,Mortgage,Wealth
C01902,Investment,Wealth
C01902,Insurance,Wealth
C01902,Time Deposit,Wealth
C01903,Savings Account,Credit
C01903,Debit Card,Credit
C01903,Credit Card,Credit
C01904,Savings Account,Basic
C01904,Debit Card,Basic
C01904,Mobile Banking,Basic
C01905,Savings Account,Basic
C01905,Debit Card,Basic
C01905,Credit Card,Basic
C01905,Personal Loan,Basic
C01905,E-Wallet,Basic
C01906,Savings Account,Basic
C01906,Debit Card,Basic
C01906,Mobile Banking,Basic
C01907,Savings Account,Credit
C01907,Debit Card,Credit
C01907,Mobile Banking,Credit
C01907,Personal Loan,Credit
C01907,Time Deposit,Credit
C01908,Savings Account,Credit
C01908,Debit Card,Credit
C01908,Credit Card,Credit
C01909,Savings Account,Credit
C01909,Debit Card,Credit
C01909,Credit Card,Credit
C01910,Savings Account,Digital
C01910,Debit Card,Digital
C01910,Mobile Banking,Digital
C01910,E-Wallet,Digital
C01911,Mobile Banking,Credit
C01911,Personal Loan,Credit
C01911,E-Wallet,Credit
C01911,Savings Account,Credit
C01912,Savings Account,Basic
C01912,Debit Card,Basic
C01913,Debit Card,Digital
C01913,Mobile Banking,Digital
C01913,E-Wallet,Digital
C01913,Savings Account,Digital
C01914,Mobile Banking,Digital
C01914,Savings Account,Digital
C01915,Savings Account,Digital
C01915,Mobile Banking,Digital
C01915,Personal Loan,Digital
C01915,E-Wallet,Digital
C01916,Savings Account,Wealth
C01916,Debit Card,Wealth
C01916,Mobile Banking,Wealth
C01916,Mortgage,Wealth
C01916,E-Wallet,Wealth
C01916,Time Deposit,Wealth
C01917,Savings Account,Credit
C01917,Debit Card,Credit
C01917,Mobile Banking,Credit
C01917,Credit Card,Credit
C01918,Debit Card,Digital
C01918,Mobile Banking,Digital
C01918,Insurance,Digital
C01918,Savings Account,Digital
C01919,Savings Account,Basic
C01919,Debit Card,Basic
C01919,Mobile Banking,Basic
C01919,Investment,Basic
C01920,Savings Account,Digital
C01920,Debit Card,Digital
C01920,Mobile Banking,Digital
C01920,E-Wallet,Digital
C01921,Savings Account,Digital
C01921,Debit Card,Digital
C01921,Mobile Banking,Digital
C01921,E-Wallet,Digital
C01922,Savings Account,Credit
C01922,Debit Card,Credit
C01922,Credit Card,Credit
C01922,Personal Loan,Credit
C01923,Savings Account,Basic
C01923,Mobile Banking,Basic
C01923,Credit Card,Basic
C01923,Investment,Basic
C01924,Savings Account,Digital
C01924,Debit Card,Digital
C01924,Mobile Banking,Digital
C01924,E-Wallet,Digital
C01924,Time Deposit,Digital
C01925,Savings Account,Digital
C01925,Debit Card,Digital
C01925,Mobile Banking,Digital
C01925,Insurance,Digital
C01925,Time Deposit,Digital
C01926,Savings Account,Basic
C01926,Mobile Banking,Basic
C01926,Mortgage,Basic
C01927,Debit Card,Wealth
C01927,Mortgage,Wealth
C01927,Investment,Wealth
C01927,Insurance,Wealth
C01927,Time Deposit,Wealth
C01927,Savings Account,Wealth
C01928,Savings Account,Basic
C01928,Debit Card,Basic
C01928,Mobile Banking,Basic
C01928,Credit Card,Basic
C01929,Savings Account,Wealth
C01929,Debit Card,Wealth
C01929,Mobile Banking,Wealth
C01929,Credit Card,Wealth
C01929,Personal Loan,Wealth
C01929,Insurance,Wealth
C01930,Savings Account,Credit
C01930,Debit Card,Credit
C01930,Mobile Banking,Credit
C01930,Mortgage,Credit
C01930,E-Wallet,Credit
C01931,Savings Account,Digital
C01931,Debit Card,Digital
C01931,Mobile Banking,Digital
C01931,Time Deposit,Digital
C01932,Savings Account,Credit
C01932,Debit Card,Credit
C01932,Mobile Banking,Credit
C01932,E-Wallet,Credit
C01933,Savings Account,Basic
C01933,Debit Card,Basic
C01933,Mobile Banking,Basic
C01933,Credit Card,Basic
C01934,Savings Account,Digital
C01934,Debit Card,Digital
C01934,Mobile Banking,Digital
C01934,Credit Card,Digital
C01935,Debit Card,Credit
C01935,Mobile Banking,Credit
C01935,Credit Card,Credit
C01935,E-Wallet,Credit
C01935,Savings Account,Credit
C01936,Debit Card,Digital
C01936,Mobile Banking,Digital
C01936,Investment,Digital
C01936,Insurance,Digital
C01936,E-Wallet,Digital
C01936,Savings Account,Digital
C01937,Savings Account,Credit
C01937,Debit Card,Credit
C01937,Mobile Banking,Credit
C01937,Credit Card,Credit
C01937,Personal Loan,Credit
C01937,E-Wallet,Credit
C01938,Debit Card,Digital
C01938,Mortgage,Digital
C01938,E-Wallet,Digital
C01938,Savings Account,Digital
C01939,Debit Card,Credit
C01939,Mobile Banking,Credit
C01939,Credit Card,Credit
C01939,Personal Loan,Credit
C01939,Savings Account,Credit
C01940,Savings Account,Credit
C01940,Debit Card,Credit
C01941,Savings Account,Basic
C01941,Debit Card,Basic
C01942,Savings Account,Credit
C01942,Debit Card,Credit
C01942,Mobile Banking,Credit
C01942,Credit Card,Credit
C01942,Insurance,Credit
C01942,E-Wallet,Credit
C01943,Savings Account,Wealth
C01943,Debit Card,Wealth
C01943,Credit Card,Wealth
C01944,Savings Account,Digital
C01944,Debit Card,Digital
C01944,Credit Card,Digital
C01944,E-Wallet,Digital
C01945,Savings Account,Credit
C01945,Debit Card,Credit
C01945,Personal Loan,Credit
C01945,Insurance,Credit
C01945,E-Wallet,Credit
C01946,Savings Account,Digital
C01946,Debit Card,Digital
C01946,Mobile Banking,Digital
C01946,Credit Card,Digital
C01946,E-Wallet,Digital
C01946,Time Deposit,Digital
C01947,Debit Card,Credit
C01947,Mobile Banking,Credit
C01947,Savings Account,Credit
C01948,Savings Account,Wealth
C01948,Investment,Wealth
C01948,E-Wallet,Wealth
C01949,Savings Account,Basic
C01949,Debit Card,Basic
C01949,Credit Card,Basic
C01949,E-Wallet,Basic
C01950,Savings Account,Credit
C01950,Debit Card,Credit
C01950,Mobile Banking,Credit
C01951,Savings Account,Digital
C01951,Debit Card,Digital
C01951,Mobile Banking,Digital
C01951,E-Wallet,Digital
C01951,Time Deposit,Digital
C01952,Savings Account,Basic
C01952,Mobile Banking,Basic
C01952,Insurance,Basic
C01953,Savings Account,Basic
C01953,Debit Card,Basic
C01953,Mobile Banking,Basic
C01954,Savings Account,Digital
C01954,Debit Card,Digital
C01954,Mobile Banking,Digital
C01955,Savings Account,Digital
C01955,Debit Card,Digital
C01955,Mobile Banking,Digital
C01956,Savings Account,Digital
C01956,Debit Card,Digital
C01956,Mobile Banking,Digital
C01956,E-Wallet,Digital
C01957,Debit Card,Wealth
C01957,Time Deposit,Wealth
C01957,Savings Account,Wealth
C01958,Savings Account,Basic
C01958,Debit Card,Basic
C01959,Savings Account,Digital
C01959,Debit Card,Digital
C01959,Mobile Banking,Digital
C01959,Credit Card,Digital
C01959,Personal Loan,Digital
C01959,Investment,Digital
C01959,E-Wallet,Digital
C01960,Savings Account,Credit
C01960,Debit Card,Credit
C01960,Credit Card,Credit
C01960,Personal Loan,Credit
C01960,Insurance,Credit
C01961,Debit Card,Digital
C01961,Mobile Banking,Digital
C01961,Savings Account,Digital
C01962,Savings Account,Credit
C01962,Debit Card,Credit
C01962,Credit Card,Credit
C01962,Personal Loan,Credit
C01962,Insurance,Credit
C01963,Savings Account,Basic
C01963,Debit Card,Basic
C01963,Mobile Banking,Basic
C01963,Personal Loan,Basic
C01963,Time Deposit,Basic
C01964,Savings Account,Credit
C01964,Debit Card,Credit
C01964,Credit Card,Credit
C01965,Debit Card,Credit
C01965,Credit Card,Credit
C01965,Personal Loan,Credit
C01965,Mortgage,Credit
C01965,E-Wallet,Credit
C01965,Savings Account,Credit
C01966,Savings Account,Digital
C01966,Debit Card,Digital
C01966,Mobile Banking,Digital
C01966,Credit Card,Digital
C01966,Investment,Digital
C01967,Debit Card,Credit
C01967,Mobile Banking,Credit
C01967,Credit Card,Credit
C01967,Personal Loan,Credit
C01967,E-Wallet,Credit
C01967,Savings Account,Credit
C01968,Debit Card,Wealth
C01968,Credit Card,Wealth
C01968,Investment,Wealth
C01968,Time Deposit,Wealth
C01968,Savings Account,Wealth
C01969,Debit Card,Credit
C01969,Mobile Banking,Credit
C01969,Credit Card,Credit
C01969,Mortgage,Credit
C01969,Insurance,Credit
C01969,Savings Account,Credit
C01970,Savings Account,Basic
C01970,Debit Card,Basic
C01971,Savings Account,Credit
C01971,Debit Card,Credit
C01971,Mobile Banking,Credit
C01971,Credit Card,Credit
C01971,Insurance,Credit
C01972,Savings Account,Basic
C01972,Mobile Banking,Basic
C01972,E-Wallet,Basic
C01973,Debit Card,Basic
C01973,Savings Account,Basic
C01974,Savings Account,Credit
C01974,Debit Card,Credit
C01974,Personal Loan,Credit
C01975,Savings Account,Wealth
C01975,Debit Card,Wealth
C01975,Mobile Banking,Wealth
C01975,Credit Card,Wealth
C01975,Investment,Wealth
C01975,Insurance,Wealth
C01975,Time Deposit,Wealth
C01976,Mobile Banking,Digital
C01976,Insurance,Digital
C01976,Savings Account,Digital
C01977,Savings Account,Digital
C01977,Debit Card,Digital
C01977,Mortgage,Digital
C01978,Savings Account,Wealth
C01978,Debit Card,Wealth
C01978,Credit Card,Wealth
C01978,Mortgage,Wealth
C01978,Investment,Wealth
C01978,Time Deposit,Wealth
C01979,Debit Card,Credit
C01979,Credit Card,Credit
C01979,Personal Loan,Credit
C01979,Savings Account,Credit
C01980,Debit Card,Credit
C01980,Mobile Banking,Credit
C01980,Credit Card,Credit
C01980,Personal Loan,Credit
C01980,Mortgage,Credit
C01980,Investment,Credit
C01980,Savings Account,Credit
C01981,Savings Account,Credit
C01981,Debit Card,Credit
C01982,Savings Account,Credit
C01982,Mobile Banking,Credit
C01982,Credit Card,Credit
C01983,Savings Account,Wealth
C01983,Debit Card,Wealth
C01983,Credit Card,Wealth
C01983,Investment,Wealth
C01983,E-Wallet,Wealth
C01984,Savings Account,Credit
C01984,Mobile Banking,Credit
C01984,Personal Loan,Credit
C01984,Investment,Credit
C01984,E-Wallet,Credit
C01985,Savings Account,Digital
C01985,Debit Card,Digital
C01985,Mobile Banking,Digital
C01985,Mortgage,Digital
C01985,E-Wallet,Digital
C01986,Savings Account,Credit
C01986,Mobile Banking,Credit
C01987,Savings Account,Digital
C01987,Debit Card,Digital
C01987,Mobile Banking,Digital
C01988,Savings Account,Digital
C01988,Mobile Banking,Digital
C01988,Insurance,Digital
C01989,Savings Account,Digital
C01989,E-Wallet,Digital
C01990,Savings Account,Wealth
C01990,Debit Card,Wealth
C01990,Mortgage,Wealth
C01991,Debit Card,Digital
C01991,Mobile Banking,Digital
C01991,Savings Account,Digital
C01992,Mobile Banking,Digital
C01992,Insurance,Digital
C01992,E-Wallet,Digital
C01992,Savings Account,Digital
C01993,Debit Card,Credit
C01993,Mobile Banking,Credit
C01993,Credit Card,Credit
C01993,Personal Loan,Credit
C01993,E-Wallet,Credit
C01993,Savings Account,Credit
C01994,Savings Account,Basic
C01994,Debit Card,Basic
C01994,Mobile Banking,Basic
C01995,Debit Card,Digital
C01995,Mobile Banking,Digital
C01995,Credit Card,Digital
C01995,E-Wallet,Digital
C01995,Savings Account,Digital
C01996,Debit Card,Basic
C01996,Mobile Banking,Basic
C01996,E-Wallet,Basic
C01996,Savings Account,Basic
C01997,Savings Account,Credit
C01997,Debit Card,Credit
C01997,Credit Card,Credit
C01997,Investment,Credit
C01997,E-Wallet,Credit
C01998,Savings Account,Digital
C01998,Debit Card,Digital
C01998,Mobile Banking,Digital
C01998,Credit Card,Digital
C01998,E-Wallet,Digital
C01998,Time Deposit,Digital
C01999,Savings Account,Digital
C01999,Debit Card,Digital
C01999,Mobile Banking,Digital
C01999,Mortgage,Digital
C01999,Insurance,Digital
C01999,E-Wallet,Digital
C02000,Savings Account,Digital
C02000,Debit Card,Digital
C02000,Mobile Banking,Digital
C02000,Credit Card,Digital
C02000,E-Wallet,Digital
C02001,Savings Account,Credit
C02001,Debit Card,Credit
C02001,Mobile Banking,Credit
C02001,Credit Card,Credit
C02002,Savings Account,Credit
C02002,Debit Card,Credit
C02002,Mobile Banking,Credit
C02002,Credit Card,Credit
C02002,Personal Loan,Credit
C02002,E-Wallet,Credit
C02002,Time Deposit,Credit
C02003,Debit Card,Basic
C02003,Mobile Banking,Basic
C02003,Savings Account,Basic
C02004,Savings Account,Credit
C02004,Debit Card,Credit
C02004,Mobile Banking,Credit
C02004,Personal Loan,Credit
C02004,E-Wallet,Credit
C02004,Time Deposit,Credit
C02005,Savings Account,Basic
C02005,Debit Card,Basic
C02005,Mobile Banking,Basic
C02006,Mobile Banking,Digital
C02006,Savings Account,Digital
C02007,Debit Card,Basic
C02007,Mobile Banking,Basic
C02007,Savings Account,Basic
C02008,Debit Card,Credit
C02008,Credit Card,Credit
C02008,Time Deposit,Credit
C02008,Savings Account,Credit
C02009,Debit Card,Digital
C02009,Savings Account,Digital
C02010,Debit Card,Digital
C02010,Insurance,Digital
C02010,Savings Account,Digital
C02011,Savings Account,Credit
C02011,Debit Card,Credit
C02011,Mobile Banking,Credit
C02011,Credit Card,Credit
C02011,Personal Loan,Credit
C02012,Debit Card,Basic
C02012,Savings Account,Basic
C02013,Savings Account,Credit
C02013,Debit Card,Credit
C02013,Mobile Banking,Credit
C02013,Personal Loan,Credit
C02014,Debit Card,Digital
C02014,Mobile Banking,Digital
C02014,Credit Card,Digital
C02014,E-Wallet,Digital
C02014,Savings Account,Digital
C02015,Savings Account,Digital
C02015,Debit Card,Digital
C02015,Mobile Banking,Digital
C02015,Credit Card,Digital
C02015,Insurance,Digital
C02016,Savings Account,Digital
C02016,Insurance,Digital
C02016,E-Wallet,Digital
C02016,Time Deposit,Digital
C02017,Savings Account,Basic
C02017,Debit Card,Basic
C02017,E-Wallet,Basic
C02018,Savings Account,Credit
C02018,Debit Card,Credit
C02018,Credit Card,Credit
C02018,Personal Loan,Credit
C02018,Mortgage,Credit
C02018,Investment,Credit
C02019,Credit Card,Digital
C02019,Time Deposit,Digital
C02019,Savings Account,Digital
C02020,Savings Account,Wealth
C02020,Mobile Banking,Wealth
C02020,Personal Loan,Wealth
C02020,Insurance,Wealth
C02020,Time Deposit,Wealth
C02021,Savings Account,Digital
C02021,Debit Card,Digital
C02021,Mobile Banking,Digital
C02021,Credit Card,Digital
C02021,Insurance,Digital
C02022,Debit Card,Credit
C02022,Mobile Banking,Credit
C02022,Credit Card,Credit
C02022,Mortgage,Credit
C02022,Insurance,Credit
C02022,Savings Account,Credit
C02023,Savings Account,Digital
C02023,Mobile Banking,Digital
C02023,Credit Card,Digital
C02024,Savings Account,Basic
C02024,Personal Loan,Basic
C02025,Mobile Banking,Wealth
C02025,Credit Card,Wealth
C02025,Mortgage,Wealth
C02025,Investment,Wealth
C02025,Insurance,Wealth
C02025,E-Wallet,Wealth
C02025,Time Deposit,Wealth
C02025,Savings Account,Wealth
C02026,Savings Account,Basic
C02026,Mobile Banking,Basic
C02027,Savings Account,Wealth
C02027,Debit Card,Wealth
C02027,Credit Card,Wealth
C02027,Mortgage,Wealth
C02027,Investment,Wealth
C02027,Insurance,Wealth
C02028,Savings Account,Basic
C02028,Debit Card,Basic
C02028,Credit Card,Basic
C02028,E-Wallet,Basic
C02029,Savings Account,Basic
C02029,Debit Card,Basic
C02030,Debit Card,Credit
C02030,Credit Card,Credit
C02030,Savings Account,Credit
C02031,Savings Account,Wealth
C02031,Debit Card,Wealth
C02031,Mobile Banking,Wealth
C02031,Credit Card,Wealth
C02031,Investment,Wealth
C02031,Insurance,Wealth
C02031,Time Deposit,Wealth
C02032,Savings Account,Basic
C02032,Mobile Banking,Basic
C02032,E-Wallet,Basic
C02033,Mobile Banking,Digital
C02033,Savings Account,Digital
C02034,Savings Account,Wealth
C02034,Debit Card,Wealth
C02034,Mobile Banking,Wealth
C02034,Credit Card,Wealth
C02034,Investment,Wealth
C02034,Insurance,Wealth
C02034,Time Deposit,Wealth
C02035,Savings Account,Digital
C02035,Debit Card,Digital
C02035,Mobile Banking,Digital
C02036,Savings Account,Digital
C02036,Debit Card,Digital
C02036,Mobile Banking,Digital
C02036,Insurance,Digital
C02037,Debit Card,Wealth
C02037,Mobile Banking,Wealth
C02037,Credit Card,Wealth
C02037,Investment,Wealth
C02037,Insurance,Wealth
C02037,Savings Account,Wealth
C02038,Savings Account,Wealth
C02038,Debit Card,Wealth
C02038,Mobile Banking,Wealth
C02038,Investment,Wealth
C02038,Time Deposit,Wealth
C02039,Savings Account,Digital
C02039,Debit Card,Digital
C02039,Mobile Banking,Digital
C02039,Credit Card,Digital
C02040,Savings Account,Basic
C02040,E-Wallet,Basic
C02041,Debit Card,Digital
C02041,Mobile Banking,Digital
C02041,Insurance,Digital
C02041,Savings Account,Digital
C02042,Savings Account,Credit
C02042,Debit Card,Credit
C02042,Mobile Banking,Credit
C02042,Personal Loan,Credit
C02042,Investment,Credit
C02043,Debit Card,Credit
C02043,Personal Loan,Credit
C02043,Mortgage,Credit
C02043,Insurance,Credit
C02043,E-Wallet,Credit
C02043,Savings Account,Credit
C02044,Debit Card,Digital
C02044,Mobile Banking,Digital
C02044,E-Wallet,Digital
C02044,Savings Account,Digital
C02045,Savings Account,Credit
C02045,Debit Card,Credit
C02045,Mobile Banking,Credit
C02045,Credit Card,Credit
C02045,Investment,Credit
C02046,Savings Account,Wealth
C02046,Debit Card,Wealth
C02046,Mobile Banking,Wealth
C02046,Credit Card,Wealth
C02046,Mortgage,Wealth
C02046,Investment,Wealth
C02047,Debit Card,Credit
C02047,Credit Card,Credit
C02047,E-Wallet,Credit
C02047,Savings Account,Credit
C02048,Savings Account,Credit
C02048,Debit Card,Credit
C02048,Mobile Banking,Credit
C02048,Mortgage,Credit
C02049,Savings Account,Digital
C02049,Mobile Banking,Digital
C02049,Personal Loan,Digital
C02049,E-Wallet,Digital
C02050,Savings Account,Basic
C02050,Insurance,Basic
C02051,Savings Account,Wealth
C02051,Debit Card,Wealth
C02051,Credit Card,Wealth
C02051,Insurance,Wealth
C02052,Savings Account,Credit
C02052,Debit Card,Credit
C02052,Mobile Banking,Credit
C02052,Credit Card,Credit
C02052,Personal Loan,Credit
C02053,Savings Account,Digital
C02053,Mobile Banking,Digital
C02053,Mortgage,Digital
C02053,Insurance,Digital
C02054,Savings Account,Basic
C02054,Debit Card,Basic
C02054,E-Wallet,Basic
C02055,Savings Account,Credit
C02055,Debit Card,Credit
C02055,Credit Card,Credit
C02056,Savings Account,Credit
C02056,Mobile Banking,Credit
C02056,Credit Card,Credit
C02056,Mortgage,Credit
C02057,Savings Account,Credit
C02057,Debit Card,Credit
C02057,Mobile Banking,Credit
C02057,Credit Card,Credit
C02057,Personal Loan,Credit
C02057,Mortgage,Credit
C02057,Investment,Credit
C02057,E-Wallet,Credit
C02058,Savings Account,Credit
C02058,Debit Card,Credit
C02058,Mobile Banking,Credit
C02058,Personal Loan,Credit
C02059,Debit Card,Credit
C02059,Mobile Banking,Credit
C02059,Credit Card,Credit
C02059,E-Wallet,Credit
C02059,Savings Account,Credit
C02060,Debit Card,Digital
C02060,Mobile Banking,Digital
C02060,Investment,Digital
C02060,E-Wallet,Digital
C02060,Savings Account,Digital
C02061,Savings Account,Wealth
C02061,Mobile Banking,Wealth
C02061,Credit Card,Wealth
C02061,Insurance,Wealth
C02061,Time Deposit,Wealth
C02062,Savings Account,Credit
C02062,Debit Card,Credit
C02062,Mobile Banking,Credit
C02062,Credit Card,Credit
C02062,Personal Loan,Credit
C02063,Savings Account,Credit
C02063,Debit Card,Credit
C02063,Credit Card,Credit
C02063,Mortgage,Credit
C02064,Debit Card,Digital
C02064,Mobile Banking,Digital
C02064,Credit Card,Digital
C02064,E-Wallet,Digital
C02064,Savings Account,Digital
C02065,Debit Card,Wealth
C02065,Mobile Banking,Wealth
C02065,Credit Card,Wealth
C02065,Insurance,Wealth
C02065,Savings Account,Wealth
C02066,Savings Account,Credit
C02066,Debit Card,Credit
C02066,Mobile Banking,Credit
C02066,Credit Card,Credit
C02066,Personal Loan,Credit
C02067,Debit Card,Digital
C02067,Mobile Banking,Digital
C02067,Credit Card,Digital
C02067,E-Wallet,Digital
C02067,Savings Account,Digital
C02068,Savings Account,Digital
C02068,Debit Card,Digital
C02068,Mobile Banking,Digital
C02068,E-Wallet,Digital
C02069,Savings Account,Credit
C02069,Debit Card,Credit
C02069,Credit Card,Credit
C02069,Personal Loan,Credit
C02070,Savings Account,Credit
C02070,Credit Card,Credit
C02070,Personal Loan,Credit
C02071,Savings Account,Digital
C02071,Debit Card,Digital
C02071,Mobile Banking,Digital
C02071,Insurance,Digital
C02072,Debit Card,Digital
C02072,Mobile Banking,Digital
C02072,E-Wallet,Digital
C02072,Savings Account,Digital
C02073,Savings Account,Digital
C02073,Debit Card,Digital
C02073,Mobile Banking,Digital
C02074,Savings Account,Basic
C02074,Debit Card,Basic
C02075,Savings Account,Basic
C02075,Debit Card,Basic
C02076,Savings Account,Wealth
C02076,Debit Card,Wealth
C02076,Mobile Banking,Wealth
C02076,Credit Card,Wealth
C02076,Investment,Wealth
C02076,Time Deposit,Wealth
C02077,Savings Account,Basic
C02077,Debit Card,Basic
C02078,Debit Card,Wealth
C02078,Mobile Banking,Wealth
C02078,Credit Card,Wealth
C02078,Mortgage,Wealth
C02078,Investment,Wealth
C02078,Insurance,Wealth
C02078,E-Wallet,Wealth
C02078,Savings Account,Wealth
C02079,Savings Account,Wealth
C02079,Personal Loan,Wealth
C02079,Investment,Wealth
C02080,Debit Card,Wealth
C02080,Investment,Wealth
C02080,Insurance,Wealth
C02080,Time Deposit,Wealth
C02080,Savings Account,Wealth
C02081,Debit Card,Credit
C02081,Mobile Banking,Credit
C02081,Credit Card,Credit
C02081,Personal Loan,Credit
C02081,Mortgage,Credit
C02081,Investment,Credit
C02081,Savings Account,Credit
C02082,Savings Account,Digital
C02082,Debit Card,Digital
C02082,Mobile Banking,Digital
C02082,Credit Card,Digital
C02082,Investment,Digital
C02082,E-Wallet,Digital
C02083,Debit Card,Digital
C02083,Mobile Banking,Digital
C02083,E-Wallet,Digital
C02083,Savings Account,Digital
C02084,Savings Account,Basic
C02084,Debit Card,Basic
C02085,Savings Account,Credit
C02085,Debit Card,Credit
C02085,Credit Card,Credit
C02085,Personal Loan,Credit
C02085,Mortgage,Credit
C02086,Savings Account,Digital
C02086,Debit Card,Digital
C02086,Mobile Banking,Digital
C02086,Credit Card,Digital
C02086,Personal Loan,Digital
C02086,Mortgage,Digital
C02087,Savings Account,Credit
C02087,Debit Card,Credit
C02088,Savings Account,Digital
C02088,Mobile Banking,Digital
C02088,Credit Card,Digital
C02088,E-Wallet,Digital
C02089,Savings Account,Digital
C02089,Debit Card,Digital
C02089,Mobile Banking,Digital
C02089,E-Wallet,Digital
C02089,Time Deposit,Digital
C02090,Debit Card,Digital
C02090,Mobile Banking,Digital
C02090,Investment,Digital
C02090,E-Wallet,Digital
C02090,Savings Account,Digital
C02091,Savings Account,Credit
C02091,Debit Card,Credit
C02091,Mobile Banking,Credit
C02091,Personal Loan,Credit
C02091,Mortgage,Credit
C02092,Savings Account,Digital
C02092,Debit Card,Digital
C02092,Mobile Banking,Digital
C02092,E-Wallet,Digital
C02092,Time Deposit,Digital
C02093,Savings Account,Basic
C02093,Debit Card,Basic
C02094,Savings Account,Credit
C02094,Debit Card,Credit
C02094,Mobile Banking,Credit
C02094,Credit Card,Credit
C02094,E-Wallet,Credit
C02095,Savings Account,Credit
C02095,Mobile Banking,Credit
C02095,Credit Card,Credit
C02095,Personal Loan,Credit
C02096,Savings Account,Basic
C02096,Debit Card,Basic
C02097,Savings Account,Credit
C02097,Debit Card,Credit
C02097,Credit Card,Credit
C02097,Insurance,Credit
C02098,Savings Account,Digital
C02098,Debit Card,Digital
C02098,Mobile Banking,Digital
C02099,Savings Account,Credit
C02099,Debit Card,Credit
C02099,Mobile Banking,Credit
C02099,Credit Card,Credit
C02099,Personal Loan,Credit
C02099,Mortgage,Credit
C02100,Debit Card,Digital
C02100,Mobile Banking,Digital
C02100,E-Wallet,Digital
C02100,Savings Account,Digital
C02101,Savings Account,Digital
C02101,Mobile Banking,Digital
C02101,Credit Card,Digital
C02101,Mortgage,Digital
C02101,Investment,Digital
C02101,Insurance,Digital
C02101,E-Wallet,Digital
C02102,Savings Account,Credit
C02102,Debit Card,Credit
C02102,Mobile Banking,Credit
C02102,Mortgage,Credit
C02102,Insurance,Credit
C02103,Debit Card,Digital
C02103,Mobile Banking,Digital
C02103,Credit Card,Digital
C02103,Savings Account,Digital
C02104,Savings Account,Wealth
C02104,Debit Card,Wealth
C02104,Credit Card,Wealth
C02104,Personal Loan,Wealth
C02104,Mortgage,Wealth
C02104,Time Deposit,Wealth
C02105,Savings Account,Basic
C02105,Debit Card,Basic
C02106,Savings Account,Basic
C02106,Debit Card,Basic
C02106,Mobile Banking,Basic
C02107,Savings Account,Credit
C02107,Debit Card,Credit
C02107,Credit Card,Credit
C02107,Time Deposit,Credit
C02108,Mobile Banking,Digital
C02108,Credit Card,Digital
C02108,E-Wallet,Digital
C02108,Savings Account,Digital
C02109,Debit Card,Credit
C02109,Mobile Banking,Credit
C02109,Credit Card,Credit
C02109,Personal Loan,Credit
C02109,Investment,Credit
C02109,E-Wallet,Credit
C02109,Savings Account,Credit
C02110,Savings Account,Digital
C02110,Debit Card,Digital
C02110,Mobile Banking,Digital
C02111,Savings Account,Credit
C02111,Debit Card,Credit
C02111,Mobile Banking,Credit
C02111,Credit Card,Credit
C02112,Savings Account,Basic
C02112,Mobile Banking,Basic
C02112,E-Wallet,Basic
C02113,Savings Account,Basic
C02113,Mobile Banking,Basic
C02114,Savings Account,Wealth
C02114,Investment,Wealth
C02114,E-Wallet,Wealth
C02114,Time Deposit,Wealth
C02115,Debit Card,Digital
C02115,Mobile Banking,Digital
C02115,E-Wallet,Digital
C02115,Savings Account,Digital
C02116,Savings Account,Digital
C02116,Debit Card,Digital
C02116,Mobile Banking,Digital
C02116,Personal Loan,Digital
C02116,E-Wallet,Digital
C02117,Savings Account,Basic
C02117,Mobile Banking,Basic
C02117,E-Wallet,Basic
C02117,Time Deposit,Basic
C02118,Savings Account,Digital
C02118,Debit Card,Digital
C02118,Mobile Banking,Digital
C02118,Investment,Digital
C02118,E-Wallet,Digital
C02119,Debit Card,Credit
C02119,Credit Card,Credit
C02119,Personal Loan,Credit
C02119,Mortgage,Credit
C02119,Savings Account,Credit
C02120,Savings Account,Credit
C02120,Debit Card,Credit
C02120,Mobile Banking,Credit
C02120,Credit Card,Credit
C02120,E-Wallet,Credit
C02121,Savings Account,Credit
C02121,Debit Card,Credit
C02121,Mobile Banking,Credit
C02121,Credit Card,Credit
C02121,Personal Loan,Credit
C02121,Insurance,Credit
C02122,Savings Account,Basic
C02122,Debit Card,Basic
C02122,Mobile Banking,Basic
C02122,Time Deposit,Basic
C02123,Savings Account,Wealth
C02123,Debit Card,Wealth
C02123,Credit Card,Wealth
C02123,Mortgage,Wealth
C02123,Investment,Wealth
C02123,E-Wallet,Wealth
C02123,Time Deposit,Wealth
C02124,Debit Card,Digital
C02124,Mobile Banking,Digital
C02124,Savings Account,Digital
C02125,Mobile Banking,Wealth
C02125,Personal Loan,Wealth
C02125,Mortgage,Wealth
C02125,Investment,Wealth
C02125,Time Deposit,Wealth
C02125,Savings Account,Wealth
C02126,Debit Card,Credit
C02126,Mobile Banking,Credit
C02126,Credit Card,Credit
C02126,Insurance,Credit
C02126,Time Deposit,Credit
C02126,Savings Account,Credit
C02127,Savings Account,Wealth
C02127,Debit Card,Wealth
C02127,Credit Card,Wealth
C02127,Personal Loan,Wealth
C02127,Investment,Wealth
C02127,Insurance,Wealth
C02127,Time Deposit,Wealth
C02128,Savings Account,Credit
C02128,Debit Card,Credit
C02128,Mobile Banking,Credit
C02128,Personal Loan,Credit
C02129,Debit Card,Credit
C02129,Mobile Banking,Credit
C02129,Credit Card,Credit
C02129,Personal Loan,Credit
C02129,Insurance,Credit
C02129,Savings Account,Credit
C02130,Savings Account,Wealth
C02130,Debit Card,Wealth
C02130,Credit Card,Wealth
C02130,Mortgage,Wealth
C02130,Investment,Wealth
C02130,Insurance,Wealth
C02130,Time Deposit,Wealth
C02131,Savings Account,Wealth
C02131,Mobile Banking,Wealth
C02131,Personal Loan,Wealth
C02131,Mortgage,Wealth
C02131,Investment,Wealth
C02131,Time Deposit,Wealth
C02132,Debit Card,Digital
C02132,Mobile Banking,Digital
C02132,Savings Account,Digital
C02133,Debit Card,Digital
C02133,Mobile Banking,Digital
C02133,Savings Account,Digital
C02134,Savings Account,Wealth
C02134,Mobile Banking,Wealth
C02134,Investment,Wealth
C02134,Insurance,Wealth
C02135,Savings Account,Digital
C02135,Debit Card,Digital
C02135,Mobile Banking,Digital
C02135,Credit Card,Digital
C02135,E-Wallet,Digital
C02136,Savings Account,Credit
C02136,Debit Card,Credit
C02136,Mobile Banking,Credit
C02136,Credit Card,Credit
C02136,E-Wallet,Credit
C02136,Time Deposit,Credit
C02137,Savings Account,Digital
C02137,Debit Card,Digital
C02137,Mobile Banking,Digital
C02137,Mortgage,Digital
C02138,Savings Account,Digital
C02138,Mobile Banking,Digital
C02138,Mortgage,Digital
C02138,Investment,Digital
C02138,Insurance,Digital
C02138,E-Wallet,Digital
C02138,Time Deposit,Digital
C02139,Savings Account,Credit
C02139,Debit Card,Credit
C02139,Mobile Banking,Credit
C02139,Credit Card,Credit
C02139,Personal Loan,Credit
C02140,Savings Account,Credit
C02140,Mobile Banking,Credit
C02140,Investment,Credit
C02140,Insurance,Credit
C02141,Savings Account,Basic
C02141,Debit Card,Basic
C02142,Savings Account,Basic
C02142,Debit Card,Basic
C02143,Savings Account,Credit
C02143,Mobile Banking,Credit
C02143,Credit Card,Credit
C02143,Personal Loan,Credit
C02143,Mortgage,Credit
C02144,Savings Account,Wealth
C02144,Mobile Banking,Wealth
C02144,Credit Card,Wealth
C02144,Investment,Wealth
C02144,Insurance,Wealth
C02144,Time Deposit,Wealth
C02145,Savings Account,Digital
C02145,Debit Card,Digital
C02145,Mobile Banking,Digital
C02145,Credit Card,Digital
C02145,Insurance,Digital
C02145,E-Wallet,Digital
C02146,Savings Account,Digital
C02146,Debit Card,Digital
C02146,Mobile Banking,Digital
C02146,E-Wallet,Digital
C02147,Savings Account,Credit
C02147,Debit Card,Credit
C02147,Personal Loan,Credit
C02148,Savings Account,Basic
C02148,Debit Card,Basic
C02148,Mobile Banking,Basic
C02148,E-Wallet,Basic
C02149,Savings Account,Digital
C02149,Debit Card,Digital
C02149,Mobile Banking,Digital
C02150,Savings Account,Basic
C02150,Credit Card,Basic
C02150,E-Wallet,Basic
C02151,Savings Account,Digital
C02151,Mobile Banking,Digital
C02151,Personal Loan,Digital
C02151,E-Wallet,Digital
C02152,Savings Account,Wealth
C02152,Debit Card,Wealth
C02152,Mobile Banking,Wealth
C02152,Credit Card,Wealth
C02152,Investment,Wealth
C02152,Insurance,Wealth
C02152,Time Deposit,Wealth
C02153,Debit Card,Wealth
C02153,Mortgage,Wealth
C02153,Investment,Wealth
C02153,E-Wallet,Wealth
C02153,Time Deposit,Wealth
C02153,Savings Account,Wealth
C02154,Savings Account,Credit
C02154,Debit Card,Credit
C02154,Credit Card,Credit
C02155,Savings Account,Wealth
C02155,Debit Card,Wealth
C02155,Mortgage,Wealth
C02155,Investment,Wealth
C02155,Time Deposit,Wealth
C02156,Savings Account,Wealth
C02156,Debit Card,Wealth
C02156,Investment,Wealth
C02156,Time Deposit,Wealth
C02157,Debit Card,Digital
C02157,Mobile Banking,Digital
C02157,E-Wallet,Digital
C02157,Savings Account,Digital
C02158,Savings Account,Digital
C02158,Debit Card,Digital
C02158,Mobile Banking,Digital
C02158,Credit Card,Digital
C02159,Savings Account,Digital
C02159,Mobile Banking,Digital
C02159,E-Wallet,Digital
C02160,Debit Card,Wealth
C02160,Credit Card,Wealth
C02160,Investment,Wealth
C02160,Insurance,Wealth
C02160,Savings Account,Wealth
C02161,Savings Account,Credit
C02161,Debit Card,Credit
C02161,Mobile Banking,Credit
C02161,Credit Card,Credit
C02162,Savings Account,Digital
C02162,Debit Card,Digital
C02162,Mobile Banking,Digital
C02162,Credit Card,Digital
C02162,Time Deposit,Digital
C02163,Debit Card,Digital
C02163,Mobile Banking,Digital
C02163,Investment,Digital
C02163,E-Wallet,Digital
C02163,Savings Account,Digital
C02164,Savings Account,Digital
C02164,Debit Card,Digital
C02164,Mobile Banking,Digital
C02164,Insurance,Digital
C02164,E-Wallet,Digital
C02165,Savings Account,Digital
C02165,Mobile Banking,Digital
C02165,Credit Card,Digital
C02165,Insurance,Digital
C02165,E-Wallet,Digital
C02166,Debit Card,Digital
C02166,Mobile Banking,Digital
C02166,Insurance,Digital
C02166,Savings Account,Digital
C02167,Savings Account,Credit
C02167,Debit Card,Credit
C02167,Mobile Banking,Credit
C02167,Credit Card,Credit
C02167,Personal Loan,Credit
C02167,Investment,Credit
C02168,Savings Account,Wealth
C02168,Debit Card,Wealth
C02168,Credit Card,Wealth
C02168,Investment,Wealth
C02168,Time Deposit,Wealth
C02169,Savings Account,Credit
C02169,Debit Card,Credit
C02169,Mobile Banking,Credit
C02169,Credit Card,Credit
C02169,Personal Loan,Credit
C02169,Mortgage,Credit
C02170,Savings Account,Basic
C02170,Debit Card,Basic
C02170,Insurance,Basic
C02171,Savings Account,Credit
C02171,Mobile Banking,Credit
C02171,Credit Card,Credit
C02172,Savings Account,Digital
C02172,Debit Card,Digital
C02172,Mobile Banking,Digital
C02172,Insurance,Digital
C02172,E-Wallet,Digital
C02173,Savings Account,Credit
C02173,Debit Card,Credit
C02173,Mobile Banking,Credit
C02173,Insurance,Credit
C02173,E-Wallet,Credit
C02174,Debit Card,Basic
C02174,Savings Account,Basic
C02175,Debit Card,Digital
C02175,Mobile Banking,Digital
C02175,Credit Card,Digital
C02175,E-Wallet,Digital
C02175,Savings Account,Digital
C02176,Savings Account,Credit
C02176,Credit Card,Credit
C02177,Savings Account,Wealth
C02177,Mobile Banking,Wealth
C02177,Mortgage,Wealth
C02177,Investment,Wealth
C02177,E-Wallet,Wealth
C02177,Time Deposit,Wealth
C02178,Savings Account,Wealth
C02178,Debit Card,Wealth
C02178,Mobile Banking,Wealth
C02178,Credit Card,Wealth
C02178,Investment,Wealth
C02178,Insurance,Wealth
C02178,Time Deposit,Wealth
C02179,Savings Account,Credit
C02179,Debit Card,Credit
C02179,Mobile Banking,Credit
C02179,Credit Card,Credit
C02180,Debit Card,Digital
C02180,Mobile Banking,Digital
C02180,Insurance,Digital
C02180,E-Wallet,Digital
C02180,Savings Account,Digital
C02181,Savings Account,Digital
C02181,Debit Card,Digital
C02182,Debit Card,Wealth
C02182,Credit Card,Wealth
C02182,Investment,Wealth
C02182,Insurance,Wealth
C02182,Time Deposit,Wealth
C02182,Savings Account,Wealth
C02183,Savings Account,Digital
C02183,Debit Card,Digital
C02183,Mobile Banking,Digital
C02183,Credit Card,Digital
C02183,E-Wallet,Digital
C02184,Savings Account,Digital
C02184,Mobile Banking,Digital
C02184,Credit Card,Digital
C02184,E-Wallet,Digital
C02185,Savings Account,Credit
C02185,Debit Card,Credit
C02185,Mobile Banking,Credit
C02185,Credit Card,Credit
C02185,Personal Loan,Credit
C02186,Savings Account,Digital
C02186,Mobile Banking,Digital
C02186,Credit Card,Digital
C02186,Time Deposit,Digital
C02187,Savings Account,Basic
C02187,Debit Card,Basic
C02187,Mobile Banking,Basic
C02187,Time Deposit,Basic
C02188,Savings Account,Digital
C02188,Mobile Banking,Digital
C02188,E-Wallet,Digital
C02189,Debit Card,Digital
C02189,Mobile Banking,Digital
C02189,Credit Card,Digital
C02189,Mortgage,Digital
C02189,E-Wallet,Digital
C02189,Savings Account,Digital
C02190,Savings Account,Credit
C02190,Mobile Banking,Credit
C02190,Credit Card,Credit
C02190,Personal Loan,Credit
C02190,E-Wallet,Credit
C02191,Debit Card,Digital
C02191,Mobile Banking,Digital
C02191,Credit Card,Digital
C02191,Savings Account,Digital
C02192,Savings Account,Digital
C02192,Debit Card,Digital
C02192,Mobile Banking,Digital
C02192,Insurance,Digital
C02192,E-Wallet,Digital
C02192,Time Deposit,Digital
C02193,Savings Account,Basic
C02193,Debit Card,Basic
C02193,Credit Card,Basic
C02193,E-Wallet,Basic
C02194,Savings Account,Basic
C02194,Debit Card,Basic
C02194,Mobile Banking,Basic
C02194,Insurance,Basic
C02194,Time Deposit,Basic
C02195,Savings Account,Basic
C02195,Debit Card,Basic
C02196,Savings Account,Wealth
C02196,Debit Card,Wealth
C02196,Mobile Banking,Wealth
C02196,Mortgage,Wealth
C02196,Time Deposit,Wealth
C02197,Savings Account,Wealth
C02197,Debit Card,Wealth
C02197,Credit Card,Wealth
C02197,Mortgage,Wealth
C02197,Investment,Wealth
C02197,E-Wallet,Wealth
C02198,Savings Account,Wealth
C02198,Debit Card,Wealth
C02198,Mobile Banking,Wealth
C02198,Credit Card,Wealth
C02198,Mortgage,Wealth
C02198,Investment,Wealth
C02198,Insurance,Wealth
C02198,E-Wallet,Wealth
C02199,Savings Account,Basic
C02199,Debit Card,Basic
C02200,Debit Card,Digital
C02200,Mobile Banking,Digital
C02200,E-Wallet,Digital
C02200,Savings Account,Digital
C02201,Savings Account,Basic
C02201,Debit Card,Basic
C02201,Mobile Banking,Basic
C02201,Credit Card,Basic
C02202,Savings Account,Basic
C02202,Debit Card,Basic
C02202,Credit Card,Basic
C02202,Investment,Basic
C02202,E-Wallet,Basic
C02203,Savings Account,Basic
C02203,Debit Card,Basic
C02203,Insurance,Basic
C02204,Savings Account,Wealth
C02204,Debit Card,Wealth
C02204,Mobile Banking,Wealth
C02204,Mortgage,Wealth
C02204,Insurance,Wealth
C02204,Time Deposit,Wealth
C02205,Savings Account,Credit
C02205,Debit Card,Credit
C02205,Credit Card,Credit
C02205,Personal Loan,Credit
C02206,Savings Account,Credit
C02206,Mobile Banking,Credit
C02206,Credit Card,Credit
C02207,Savings Account,Credit
C02207,Debit Card,Credit
C02207,Mobile Banking,Credit
C02207,Personal Loan,Credit
C02207,Mortgage,Credit
C02208,Debit Card,Wealth
C02208,Mobile Banking,Wealth
C02208,Credit Card,Wealth
C02208,Mortgage,Wealth
C02208,Investment,Wealth
C02208,Insurance,Wealth
C02208,Time Deposit,Wealth
C02208,Savings Account,Wealth
C02209,Savings Account,Basic
C02209,Debit Card,Basic
C02209,Mobile Banking,Basic
C02210,Savings Account,Wealth
C02210,Debit Card,Wealth
C02210,Mobile Banking,Wealth
C02210,Credit Card,Wealth
C02210,Personal Loan,Wealth
C02210,Mortgage,Wealth
C02210,Investment,Wealth
C02210,Time Deposit,Wealth
C02211,Debit Card,Wealth
C02211,Mobile Banking,Wealth
C02211,Investment,Wealth
C02211,Time Deposit,Wealth
C02211,Savings Account,Wealth
C02212,Savings Account,Credit
C02212,Debit Card,Credit
C02212,Mobile Banking,Credit
C02212,Credit Card,Credit
C02212,Personal Loan,Credit
C02212,E-Wallet,Credit
C02213,Savings Account,Basic
C02213,Debit Card,Basic
C02213,Credit Card,Basic
C02213,E-Wallet,Basic
C02214,Savings Account,Basic
C02214,Debit Card,Basic
C02215,Savings Account,Basic
C02215,E-Wallet,Basic
C02216,Savings Account,Digital
C02216,Debit Card,Digital
C02216,Personal Loan,Digital
C02216,Insurance,Digital
C02217,Debit Card,Digital
C02217,Mobile Banking,Digital
C02217,Personal Loan,Digital
C02217,E-Wallet,Digital
C02217,Savings Account,Digital
C02218,Savings Account,Wealth
C02218,Debit Card,Wealth
C02218,Mobile Banking,Wealth
C02218,Credit Card,Wealth
C02218,Personal Loan,Wealth
C02218,Investment,Wealth
C02218,Time Deposit,Wealth
C02219,Savings Account,Wealth
C02219,Mobile Banking,Wealth
C02219,Credit Card,Wealth
C02219,Mortgage,Wealth
C02219,Investment,Wealth
C02219,Insurance,Wealth
C02219,E-Wallet,Wealth
C02220,Savings Account,Basic
C02220,Debit Card,Basic
C02221,Debit Card,Basic
C02221,Savings Account,Basic
C02222,Savings Account,Digital
C02222,Debit Card,Digital
C02222,Mobile Banking,Digital
C02222,Insurance,Digital
C02222,E-Wallet,Digital
C02223,Savings Account,Digital
C02223,Debit Card,Digital
C02223,Mobile Banking,Digital
C02224,Mobile Banking,Digital
C02224,Insurance,Digital
C02224,E-Wallet,Digital
C02224,Time Deposit,Digital
C02224,Savings Account,Digital
C02225,Savings Account,Digital
C02225,Debit Card,Digital
C02225,E-Wallet,Digital
C02226,Savings Account,Credit
C02226,Debit Card,Credit
C02226,Credit Card,Credit
C02227,Savings Account,Basic
C02227,Mobile Banking,Basic
C02228,Savings Account,Digital
C02228,Debit Card,Digital
C02228,Mobile Banking,Digital
C02229,Savings Account,Basic
C02229,Debit Card,Basic
C02230,Savings Account,Basic
C02230,Debit Card,Basic
C02231,Savings Account,Credit
C02231,Debit Card,Credit
C02231,Credit Card,Credit
C02231,Personal Loan,Credit
C02232,Savings Account,Credit
C02232,Debit Card,Credit
C02232,Mobile Banking,Credit
C02232,Credit Card,Credit
C02232,Personal Loan,Credit
C02232,E-Wallet,Credit
C02232,Time Deposit,Credit
C02233,Savings Account,Basic
C02233,Credit Card,Basic
C02234,Savings Account,Basic
C02234,Debit Card,Basic
C02234,Insurance,Basic
C02235,Savings Account,Digital
C02235,Debit Card,Digital
C02235,Mobile Banking,Digital
C02235,Credit Card,Digital
C02236,Savings Account,Basic
C02236,Debit Card,Basic
C02236,Mobile Banking,Basic
C02237,Savings Account,Wealth
C02237,Debit Card,Wealth
C02237,Mobile Banking,Wealth
C02237,Credit Card,Wealth
C02237,Personal Loan,Wealth
C02237,Investment,Wealth
C02237,Insurance,Wealth
C02238,Savings Account,Digital
C02238,Debit Card,Digital
C02238,Mobile Banking,Digital
C02238,Personal Loan,Digital
C02238,E-Wallet,Digital
C02239,Savings Account,Digital
C02239,Debit Card,Digital
C02239,Mobile Banking,Digital
C02239,Credit Card,Digital
C02239,E-Wallet,Digital
C02240,Mobile Banking,Digital
C02240,Mortgage,Digital
C02240,Savings Account,Digital
C02241,Debit Card,Digital
C02241,Mobile Banking,Digital
C02241,Credit Card,Digital
C02241,Savings Account,Digital
C02242,Savings Account,Wealth
C02242,Debit Card,Wealth
C02242,Investment,Wealth
C02242,Insurance,Wealth
C02243,Savings Account,Credit
C02243,Debit Card,Credit
C02243,Mobile Banking,Credit
C02243,Credit Card,Credit
C02243,Personal Loan,Credit
C02244,Savings Account,Basic
C02244,Debit Card,Basic
C02244,Mobile Banking,Basic
C02245,Savings Account,Credit
C02245,Debit Card,Credit
C02245,Mobile Banking,Credit
C02245,Insurance,Credit
C02245,E-Wallet,Credit
C02246,Mobile Banking,Digital
C02246,Time Deposit,Digital
C02246,Savings Account,Digital
C02247,Savings Account,Digital
C02247,Debit Card,Digital
C02247,Mobile Banking,Digital
C02247,E-Wallet,Digital
C02248,Savings Account,Credit
C02248,Debit Card,Credit
C02248,Credit Card,Credit
C02248,Personal Loan,Credit
C02248,E-Wallet,Credit
C02249,Savings Account,Credit
C02249,Debit Card,Credit
C02249,Credit Card,Credit
C02249,E-Wallet,Credit
C02250,Savings Account,Digital
C02250,Debit Card,Digital
C02250,Mobile Banking,Digital
C02250,Investment,Digital
C02250,E-Wallet,Digital
C02250,Time Deposit,Digital
C02251,Savings Account,Digital
C02251,Debit Card,Digital
C02251,Mobile Banking,Digital
C02251,Credit Card,Digital
C02251,Personal Loan,Digital
C02251,Time Deposit,Digital
C02252,Savings Account,Basic
C02252,Mobile Banking,Basic
C02252,Insurance,Basic
C02253,Savings Account,Digital
C02253,Mobile Banking,Digital
C02253,Credit Card,Digital
C02253,E-Wallet,Digital
C02254,Savings Account,Digital
C02254,Mobile Banking,Digital
C02254,Credit Card,Digital
C02255,Savings Account,Basic
C02255,Debit Card,Basic
C02255,Time Deposit,Basic
C02256,Savings Account,Basic
C02256,Debit Card,Basic
C02256,Mobile Banking,Basic
C02256,Credit Card,Basic
C02256,Time Deposit,Basic
C02257,Savings Account,Credit
C02257,Debit Card,Credit
C02257,Credit Card,Credit
C02257,Personal Loan,Credit
C02258,Savings Account,Digital
C02258,Mobile Banking,Digital
C02258,Credit Card,Digital
C02258,Investment,Digital
C02258,E-Wallet,Digital
C02259,Savings Account,Credit
C02259,Debit Card,Credit
C02259,Mobile Banking,Credit
C02259,Credit Card,Credit
C02259,E-Wallet,Credit
C02260,Debit Card,Digital
C02260,Mobile Banking,Digital
C02260,E-Wallet,Digital
C02260,Savings Account,Digital
C02261,Savings Account,Credit
C02261,Debit Card,Credit
C02261,Credit Card,Credit
C02261,E-Wallet,Credit
C02262,Savings Account,Wealth
C02262,Debit Card,Wealth
C02262,Personal Loan,Wealth
C02262,Insurance,Wealth
C02263,Mobile Banking,Wealth
C02263,Mortgage,Wealth
C02263,Investment,Wealth
C02263,Insurance,Wealth
C02263,Savings Account,Wealth
C02264,Savings Account,Basic
C02264,Debit Card,Basic
C02264,Mobile Banking,Basic
C02264,Insurance,Basic
C02264,E-Wallet,Basic
C02265,Debit Card,Digital
C02265,Mobile Banking,Digital
C02265,Credit Card,Digital
C02265,Personal Loan,Digital
C02265,E-Wallet,Digital
C02265,Savings Account,Digital
C02266,Savings Account,Credit
C02266,Debit Card,Credit
C02266,Mobile Banking,Credit
C02266,Credit Card,Credit
C02266,Personal Loan,Credit
C02266,Mortgage,Credit
C02266,Insurance,Credit
C02267,Savings Account,Digital
C02267,Debit Card,Digital
C02267,Mobile Banking,Digital
C02267,Mortgage,Digital
C02267,E-Wallet,Digital
C02268,Savings Account,Wealth
C02268,Debit Card,Wealth
C02268,Credit Card,Wealth
C02268,Mortgage,Wealth
C02268,Investment,Wealth
C02268,Insurance,Wealth
C02268,E-Wallet,Wealth
C02268,Time Deposit,Wealth
C02269,Savings Account,Basic
C02269,Debit Card,Basic
C02270,Savings Account,Digital
C02270,Debit Card,Digital
C02270,Mobile Banking,Digital
C02270,Investment,Digital
C02271,Savings Account,Credit
C02271,Mobile Banking,Credit
C02271,Credit Card,Credit
C02272,Savings Account,Credit
C02272,Debit Card,Credit
C02272,Credit Card,Credit
C02272,Insurance,Credit
C02273,Savings Account,Credit
C02273,Debit Card,Credit
C02273,Mobile Banking,Credit
C02273,Credit Card,Credit
C02273,Mortgage,Credit
C02274,Savings Account,Credit
C02274,Debit Card,Credit
C02274,Mobile Banking,Credit
C02274,Insurance,Credit
C02275,Savings Account,Digital
C02275,Debit Card,Digital
C02275,Mobile Banking,Digital
C02275,Credit Card,Digital
C02275,E-Wallet,Digital
C02276,Debit Card,Credit
C02276,Mobile Banking,Credit
C02276,Credit Card,Credit
C02276,Mortgage,Credit
C02276,E-Wallet,Credit
C02276,Savings Account,Credit
C02277,Debit Card,Credit
C02277,Mobile Banking,Credit
C02277,Credit Card,Credit
C02277,Personal Loan,Credit
C02277,Insurance,Credit
C02277,Time Deposit,Credit
C02277,Savings Account,Credit
C02278,Debit Card,Credit
C02278,Mobile Banking,Credit
C02278,Personal Loan,Credit
C02278,Mortgage,Credit
C02278,Investment,Credit
C02278,E-Wallet,Credit
C02278,Savings Account,Credit
C02279,Savings Account,Digital
C02279,Credit Card,Digital
C02279,E-Wallet,Digital
C02280,Savings Account,Digital
C02280,Debit Card,Digital
C02280,Mobile Banking,Digital
C02280,Insurance,Digital
C02281,Savings Account,Digital
C02281,Debit Card,Digital
C02281,Mobile Banking,Digital
C02281,E-Wallet,Digital
C02282,Savings Account,Digital
C02282,Debit Card,Digital
C02282,Mobile Banking,Digital
C02282,E-Wallet,Digital
C02283,Savings Account,Digital
C02283,Debit Card,Digital
C02283,Mobile Banking,Digital
C02283,E-Wallet,Digital
C02284,Savings Account,Wealth
C02284,Debit Card,Wealth
C02284,Mobile Banking,Wealth
C02284,Mortgage,Wealth
C02284,Investment,Wealth
C02285,Savings Account,Basic
C02285,Debit Card,Basic
C02286,Savings Account,Credit
C02286,Debit Card,Credit
C02286,Personal Loan,Credit
C02287,Savings Account,Digital
C02287,Mobile Banking,Digital
C02287,Credit Card,Digital
C02287,E-Wallet,Digital
C02288,Savings Account,Digital
C02288,Debit Card,Digital
C02289,Savings Account,Digital
C02289,Debit Card,Digital
C02289,Mobile Banking,Digital
C02289,Mortgage,Digital
C02289,E-Wallet,Digital
C02290,Savings Account,Credit
C02290,Debit Card,Credit
C02290,Mobile Banking,Credit
C02290,Credit Card,Credit
C02291,Savings Account,Digital
C02291,Debit Card,Digital
C02291,Mobile Banking,Digital
C02291,E-Wallet,Digital
C02291,Time Deposit,Digital
C02292,Savings Account,Basic
C02292,Debit Card,Basic
C02292,Credit Card,Basic
C02292,E-Wallet,Basic
C02293,Savings Account,Credit
C02293,Debit Card,Credit
C02293,Mobile Banking,Credit
C02293,Credit Card,Credit
C02294,Mobile Banking,Digital
C02294,Mortgage,Digital
C02294,E-Wallet,Digital
C02294,Savings Account,Digital
C02295,Debit Card,Digital
C02295,Mobile Banking,Digital
C02295,E-Wallet,Digital
C02295,Savings Account,Digital
C02296,Savings Account,Basic
C02296,Mobile Banking,Basic
C02297,Savings Account,Digital
C02297,Debit Card,Digital
C02297,Mobile Banking,Digital
C02297,Credit Card,Digital
C02297,Personal Loan,Digital
C02298,Savings Account,Wealth
C02298,Debit Card,Wealth
C02298,Credit Card,Wealth
C02298,Investment,Wealth
C02299,Savings Account,Basic
C02299,Debit Card,Basic
C02299,Personal Loan,Basic
C02299,Time Deposit,Basic
C02300,Savings Account,Basic
C02300,Mobile Banking,Basic
C02300,Insurance,Basic
C02300,E-Wallet,Basic
C02301,Savings Account,Credit
C02301,Debit Card,Credit
C02301,Mobile Banking,Credit
C02301,Credit Card,Credit
C02302,Savings Account,Credit
C02302,Debit Card,Credit
C02302,Mobile Banking,Credit
C02302,Credit Card,Credit
C02302,Personal Loan,Credit
C02302,Insurance,Credit
C02303,Savings Account,Wealth
C02303,Credit Card,Wealth
C02303,Mortgage,Wealth
C02304,Debit Card,Credit
C02304,Mobile Banking,Credit
C02304,E-Wallet,Credit
C02304,Savings Account,Credit
C02305,Savings Account,Credit
C02305,Debit Card,Credit
C02305,Credit Card,Credit
C02305,Investment,Credit
C02306,Savings Account,Basic
C02306,Debit Card,Basic
C02306,Credit Card,Basic
C02307,Savings Account,Basic
C02307,Debit Card,Basic
C02307,Personal Loan,Basic
C02307,Insurance,Basic
C02308,Savings Account,Basic
C02308,Debit Card,Basic
C02308,Personal Loan,Basic
C02309,Credit Card,Wealth
C02309,Investment,Wealth
C02309,Insurance,Wealth
C02309,Time Deposit,Wealth
C02309,Savings Account,Wealth
C02310,Savings Account,Credit
C02310,Mobile Banking,Credit
C02310,Credit Card,Credit
C02311,Savings Account,Credit
C02311,Debit Card,Credit
C02312,Savings Account,Wealth
C02312,Debit Card,Wealth
C02312,Mobile Banking,Wealth
C02312,Credit Card,Wealth
C02312,Investment,Wealth
C02312,Insurance,Wealth
C02312,Time Deposit,Wealth
C02313,Debit Card,Digital
C02313,Credit Card,Digital
C02313,Mortgage,Digital
C02313,Insurance,Digital
C02313,E-Wallet,Digital
C02313,Savings Account,Digital
C02314,Savings Account,Credit
C02314,Debit Card,Credit
C02314,Credit Card,Credit
C02314,Personal Loan,Credit
C02314,Investment,Credit
C02314,Insurance,Credit
C02315,Savings Account,Digital
C02315,Mobile Banking,Digital
C02315,Insurance,Digital
C02315,Time Deposit,Digital
C02316,Debit Card,Digital
C02316,Mobile Banking,Digital
C02316,Savings Account,Digital
C02317,Savings Account,Digital
C02317,Debit Card,Digital
C02317,Mobile Banking,Digital
C02317,Personal Loan,Digital
C02317,Investment,Digital
C02317,Insurance,Digital
C02317,E-Wallet,Digital
C02318,Savings Account,Digital
C02318,Debit Card,Digital
C02318,Mobile Banking,Digital
C02318,Investment,Digital
C02318,Insurance,Digital
C02318,E-Wallet,Digital
C02319,Savings Account,Credit
C02319,Credit Card,Credit
C02320,Debit Card,Credit
C02320,Credit Card,Credit
C02320,Personal Loan,Credit
C02320,E-Wallet,Credit
C02320,Savings Account,Credit
C02321,Debit Card,Digital
C02321,Mobile Banking,Digital
C02321,Credit Card,Digital
C02321,Personal Loan,Digital
C02321,E-Wallet,Digital
C02321,Savings Account,Digital
C02322,Savings Account,Digital
C02322,Debit Card,Digital
C02322,Mobile Banking,Digital
C02322,E-Wallet,Digital
C02323,Savings Account,Digital
C02323,Debit Card,Digital
C02323,Mobile Banking,Digital
C02323,Insurance,Digital
C02323,E-Wallet,Digital
C02324,Savings Account,Digital
C02324,Debit Card,Digital
C02324,Mobile Banking,Digital
C02324,Mortgage,Digital
C02324,E-Wallet,Digital
C02325,Savings Account,Credit
C02325,Debit Card,Credit
C02325,Mobile Banking,Credit
C02325,Credit Card,Credit
C02325,Personal Loan,Credit
C02325,Insurance,Credit
C02326,Debit Card,Digital
C02326,Insurance,Digital
C02326,E-Wallet,Digital
C02326,Savings Account,Digital
C02327,Debit Card,Digital
C02327,Mobile Banking,Digital
C02327,Insurance,Digital
C02327,E-Wallet,Digital
C02327,Savings Account,Digital
C02328,Savings Account,Basic
C02328,Credit Card,Basic
C02329,Savings Account,Basic
C02329,Debit Card,Basic
C02330,Savings Account,Digital
C02330,Debit Card,Digital
C02330,Mobile Banking,Digital
C02330,Credit Card,Digital
C02330,Mortgage,Digital
C02330,E-Wallet,Digital
C02331,Debit Card,Digital
C02331,Mobile Banking,Digital
C02331,Insurance,Digital
C02331,E-Wallet,Digital
C02331,Savings Account,Digital
C02332,Savings Account,Credit
C02332,Debit Card,Credit
C02332,Mobile Banking,Credit
C02332,Credit Card,Credit
C02333,Savings Account,Digital
C02333,Debit Card,Digital
C02333,Mobile Banking,Digital
C02333,Credit Card,Digital
C02333,Insurance,Digital
C02334,Debit Card,Basic
C02334,E-Wallet,Basic
C02334,Savings Account,Basic
C02335,Savings Account,Digital
C02335,Mobile Banking,Digital
C02335,Investment,Digital
C02335,E-Wallet,Digital
C02336,Debit Card,Credit
C02336,Mobile Banking,Credit
C02336,Personal Loan,Credit
C02336,E-Wallet,Credit
C02336,Savings Account,Credit
C02337,Savings Account,Basic
C02337,Time Deposit,Basic
C02338,Savings Account,Digital
C02338,Credit Card,Digital
C02338,E-Wallet,Digital
C02339,Debit Card,Digital
C02339,Mobile Banking,Digital
C02339,Investment,Digital
C02339,E-Wallet,Digital
C02339,Savings Account,Digital
C02340,Savings Account,Basic
C02340,Mobile Banking,Basic
C02340,Credit Card,Basic
C02340,Time Deposit,Basic
C02341,Savings Account,Digital
C02341,Debit Card,Digital
C02341,Mobile Banking,Digital
C02341,Credit Card,Digital
C02341,E-Wallet,Digital
C02341,Time Deposit,Digital
C02342,Savings Account,Digital
C02342,Debit Card,Digital
C02342,Mobile Banking,Digital
C02342,Personal Loan,Digital
C02342,Investment,Digital
C02342,E-Wallet,Digital
C02342,Time Deposit,Digital
C02343,Savings Account,Credit
C02343,Debit Card,Credit
C02343,Mobile Banking,Credit
C02343,Personal Loan,Credit
C02344,Savings Account,Digital
C02344,Debit Card,Digital
C02344,Mobile Banking,Digital
C02344,Credit Card,Digital
C02344,Insurance,Digital
C02344,E-Wallet,Digital
C02345,Savings Account,Wealth
C02345,Mobile Banking,Wealth
C02345,E-Wallet,Wealth
C02346,Savings Account,Wealth
C02346,Mobile Banking,Wealth
C02346,Credit Card,Wealth
C02346,Time Deposit,Wealth
C02347,Savings Account,Basic
C02347,Debit Card,Basic
C02347,Credit Card,Basic
C02347,Personal Loan,Basic
C02347,E-Wallet,Basic
C02348,Savings Account,Wealth
C02348,Debit Card,Wealth
C02348,Credit Card,Wealth
C02348,Investment,Wealth
C02348,Insurance,Wealth
C02348,E-Wallet,Wealth
C02349,Savings Account,Basic
C02349,Debit Card,Basic
C02350,Savings Account,Digital
C02350,Debit Card,Digital
C02350,Mobile Banking,Digital
C02350,Credit Card,Digital
C02351,Savings Account,Digital
C02351,Mobile Banking,Digital
C02351,Personal Loan,Digital
C02351,Investment,Digital
C02352,Savings Account,Wealth
C02352,Debit Card,Wealth
C02352,Mobile Banking,Wealth
C02352,Investment,Wealth
C02352,Time Deposit,Wealth
C02353,Debit Card,Digital
C02353,Mobile Banking,Digital
C02353,Personal Loan,Digital
C02353,E-Wallet,Digital
C02353,Time Deposit,Digital
C02353,Savings Account,Digital
C02354,Savings Account,Basic
C02354,Debit Card,Basic
C02354,Mobile Banking,Basic
C02355,Debit Card,Wealth
C02355,Credit Card,Wealth
C02355,Investment,Wealth
C02355,Time Deposit,Wealth
C02355,Savings Account,Wealth
C02356,Savings Account,Credit
C02356,Debit Card,Credit
C02356,Mobile Banking,Credit
C02356,E-Wallet,Credit
C02356,Time Deposit,Credit
C02357,Savings Account,Credit
C02357,Mobile Banking,Credit
C02357,Credit Card,Credit
C02357,Personal Loan,Credit
C02357,E-Wallet,Credit
C02358,Savings Account,Digital
C02358,Debit Card,Digital
C02358,Mobile Banking,Digital
C02358,Credit Card,Digital
C02358,E-Wallet,Digital
C02359,Savings Account,Basic
C02359,Debit Card,Basic
C02360,Savings Account,Digital
C02360,Mobile Banking,Digital
C02360,Credit Card,Digital
C02360,E-Wallet,Digital
C02361,Mobile Banking,Digital
C02361,Savings Account,Digital
C02362,Savings Account,Digital
C02362,Debit Card,Digital
C02362,Mobile Banking,Digital
C02363,Savings Account,Basic
C02363,Debit Card,Basic
C02364,Savings Account,Basic
C02364,Debit Card,Basic
C02364,Credit Card,Basic
C02364,E-Wallet,Basic
C02365,Savings Account,Credit
C02365,Mobile Banking,Credit
C02365,Credit Card,Credit
C02366,Savings Account,Wealth
C02366,Debit Card,Wealth
C02366,Mobile Banking,Wealth
C02366,Credit Card,Wealth
C02366,Mortgage,Wealth
C02366,Investment,Wealth
C02366,Insurance,Wealth
C02366,E-Wallet,Wealth
C02366,Time Deposit,Wealth
C02367,Savings Account,Credit
C02367,Debit Card,Credit
C02367,Mobile Banking,Credit
C02367,Credit Card,Credit
C02367,Personal Loan,Credit
C02367,E-Wallet,Credit
C02368,Savings Account,Digital
C02368,Mobile Banking,Digital
C02368,Credit Card,Digital
C02368,E-Wallet,Digital
C02369,Savings Account,Credit
C02369,Debit Card,Credit
C02369,Mobile Banking,Credit
C02369,Credit Card,Credit
C02369,Personal Loan,Credit
C02369,Investment,Credit
C02369,E-Wallet,Credit
C02370,Savings Account,Credit
C02370,Debit Card,Credit
C02370,Mobile Banking,Credit
C02370,Credit Card,Credit
C02370,Personal Loan,Credit
C02370,Mortgage,Credit
C02370,E-Wallet,Credit
C02371,Savings Account,Basic
C02371,Debit Card,Basic
C02371,E-Wallet,Basic
C02372,Savings Account,Credit
C02372,Debit Card,Credit
C02372,Credit Card,Credit
C02372,Personal Loan,Credit
C02372,Mortgage,Credit
C02372,E-Wallet,Credit
C02373,Savings Account,Basic
C02373,Insurance,Basic
C02374,Savings Account,Credit
C02374,Mobile Banking,Credit
C02374,Credit Card,Credit
C02375,Savings Account,Digital
C02375,Mobile Banking,Digital
C02375,E-Wallet,Digital
C02376,Savings Account,Digital
C02376,Debit Card,Digital
C02376,Mobile Banking,Digital
C02376,E-Wallet,Digital
C02377,Savings Account,Digital
C02377,Debit Card,Digital
C02377,Mobile Banking,Digital
C02377,Credit Card,Digital
C02377,Personal Loan,Digital
C02377,Insurance,Digital
C02377,E-Wallet,Digital
C02378,Mobile Banking,Digital
C02378,Credit Card,Digital
C02378,E-Wallet,Digital
C02378,Savings Account,Digital
C02379,Savings Account,Digital
C02379,Debit Card,Digital
C02379,Mobile Banking,Digital
C02379,Credit Card,Digital
C02379,E-Wallet,Digital
C02380,Savings Account,Wealth
C02380,Debit Card,Wealth
C02380,Mortgage,Wealth
C02380,Insurance,Wealth
C02381,Savings Account,Credit
C02381,Debit Card,Credit
C02381,Mobile Banking,Credit
C02381,Credit Card,Credit
C02381,Personal Loan,Credit
C02382,Savings Account,Basic
C02382,Debit Card,Basic
C02383,Savings Account,Credit
C02383,Debit Card,Credit
C02383,Mobile Banking,Credit
C02383,Credit Card,Credit
C02383,E-Wallet,Credit
C02384,Savings Account,Credit
C02384,Debit Card,Credit
C02384,Mobile Banking,Credit
C02384,Insurance,Credit
C02385,Savings Account,Wealth
C02385,Mobile Banking,Wealth
C02385,Credit Card,Wealth
C02385,Mortgage,Wealth
C02385,Investment,Wealth
C02385,Time Deposit,Wealth
C02386,Savings Account,Credit
C02386,Debit Card,Credit
C02386,Mobile Banking,Credit
C02386,Credit Card,Credit
C02386,Personal Loan,Credit
C02387,Savings Account,Digital
C02387,Debit Card,Digital
C02387,Mobile Banking,Digital
C02387,E-Wallet,Digital
C02388,Debit Card,Digital
C02388,Mobile Banking,Digital
C02388,Savings Account,Digital
C02389,Savings Account,Basic
C02389,Debit Card,Basic
C02390,Debit Card,Digital
C02390,Mobile Banking,Digital
C02390,Personal Loan,Digital
C02390,Savings Account,Digital
C02391,Savings Account,Credit
C02391,Debit Card,Credit
C02391,Mobile Banking,Credit
C02391,E-Wallet,Credit
C02392,Savings Account,Digital
C02392,Debit Card,Digital
C02392,Mobile Banking,Digital
C02392,E-Wallet,Digital
C02392,Time Deposit,Digital
C02393,Savings Account,Digital
C02393,Debit Card,Digital
C02393,Mobile Banking,Digital
C02393,E-Wallet,Digital
C02394,Debit Card,Digital
C02394,Mobile Banking,Digital
C02394,E-Wallet,Digital
C02394,Savings Account,Digital
C02395,Savings Account,Basic
C02395,Debit Card,Basic
C02396,Savings Account,Basic
C02396,Debit Card,Basic
C02396,Mobile Banking,Basic
C02396,Credit Card,Basic
C02397,Savings Account,Wealth
C02397,Credit Card,Wealth
C02397,Mortgage,Wealth
C02397,Investment,Wealth
C02397,Time Deposit,Wealth
C02398,Savings Account,Credit
C02398,Debit Card,Credit
C02398,Mobile Banking,Credit
C02398,Credit Card,Credit
C02399,Debit Card,Wealth
C02399,Mobile Banking,Wealth
C02399,Credit Card,Wealth
C02399,Time Deposit,Wealth
C02399,Savings Account,Wealth
C02400,Savings Account,Basic
C02400,Debit Card,Basic
C02401,Debit Card,Wealth
C02401,Mobile Banking,Wealth
C02401,Investment,Wealth
C02401,Time Deposit,Wealth
C02401,Savings Account,Wealth
C02402,Mobile Banking,Digital
C02402,Insurance,Digital
C02402,E-Wallet,Digital
C02402,Savings Account,Digital
C02403,Savings Account,Credit
C02403,Debit Card,Credit
C02403,Mobile Banking,Credit
C02403,Credit Card,Credit
C02403,Personal Loan,Credit
C02404,Debit Card,Basic
C02404,Mobile Banking,Basic
C02404,Savings Account,Basic
C02405,Savings Account,Credit
C02405,Credit Card,Credit
C02405,E-Wallet,Credit
C02406,Debit Card,Digital
C02406,Mobile Banking,Digital
C02406,Savings Account,Digital
C02407,Savings Account,Wealth
C02407,Debit Card,Wealth
C02407,Credit Card,Wealth
C02407,Mortgage,Wealth
C02407,Investment,Wealth
C02408,Mobile Banking,Wealth
C02408,Credit Card,Wealth
C02408,Mortgage,Wealth
C02408,Investment,Wealth
C02408,Insurance,Wealth
C02408,Savings Account,Wealth
C02409,Savings Account,Digital
C02409,Debit Card,Digital
C02409,Mobile Banking,Digital
C02409,Credit Card,Digital
C02410,Debit Card,Credit
C02410,Mobile Banking,Credit
C02410,Credit Card,Credit
C02410,Savings Account,Credit
C02411,Savings Account,Wealth
C02411,Debit Card,Wealth
C02411,Mobile Banking,Wealth
C02411,Investment,Wealth
C02412,Mobile Banking,Wealth
C02412,Credit Card,Wealth
C02412,Investment,Wealth
C02412,Insurance,Wealth
C02412,Time Deposit,Wealth
C02412,Savings Account,Wealth
C02413,Savings Account,Digital
C02413,Debit Card,Digital
C02413,Mobile Banking,Digital
C02414,Savings Account,Digital
C02414,Debit Card,Digital
C02414,Mobile Banking,Digital
C02415,Savings Account,Digital
C02415,Debit Card,Digital
C02415,Mobile Banking,Digital
C02415,E-Wallet,Digital
C02416,Savings Account,Digital
C02416,Mobile Banking,Digital
C02416,Credit Card,Digital
C02416,Investment,Digital
C02416,E-Wallet,Digital
C02417,Savings Account,Credit
C02417,Debit Card,Credit
C02417,Personal Loan,Credit
C02417,Mortgage,Credit
C02417,Investment,Credit
C02417,Insurance,Credit
C02418,Savings Account,Digital
C02418,Mobile Banking,Digital
C02418,Credit Card,Digital
C02419,Savings Account,Basic
C02419,Debit Card,Basic
C02419,Personal Loan,Basic
C02419,Mortgage,Basic
C02420,Savings Account,Digital
C02420,Mobile Banking,Digital
C02420,Credit Card,Digital
C02421,Credit Card,Credit
C02421,Personal Loan,Credit
C02421,Mortgage,Credit
C02421,Insurance,Credit
C02421,Savings Account,Credit
C02422,Mobile Banking,Digital
C02422,Credit Card,Digital
C02422,Savings Account,Digital
C02423,Savings Account,Digital
C02423,Mobile Banking,Digital
C02423,Credit Card,Digital
C02423,E-Wallet,Digital
C02424,Debit Card,Digital
C02424,Mobile Banking,Digital
C02424,E-Wallet,Digital
C02424,Savings Account,Digital
C02425,Savings Account,Digital
C02425,Debit Card,Digital
C02425,Mobile Banking,Digital
C02425,Credit Card,Digital
C02426,Savings Account,Digital
C02426,Debit Card,Digital
C02426,Mobile Banking,Digital
C02426,E-Wallet,Digital
C02427,Debit Card,Credit
C02427,Credit Card,Credit
C02427,Personal Loan,Credit
C02427,Time Deposit,Credit
C02427,Savings Account,Credit
C02428,Savings Account,Credit
C02428,Debit Card,Credit
C02428,Mobile Banking,Credit
C02428,Credit Card,Credit
C02429,Savings Account,Basic
C02429,Debit Card,Basic
C02429,E-Wallet,Basic
C02430,Debit Card,Basic
C02430,Mobile Banking,Basic
C02430,Savings Account,Basic
C02431,Savings Account,Credit
C02431,Debit Card,Credit
C02431,Credit Card,Credit
C02431,E-Wallet,Credit
C02432,Savings Account,Basic
C02432,Debit Card,Basic
C02433,Savings Account,Credit
C02433,Debit Card,Credit
C02433,Credit Card,Credit
C02433,Investment,Credit
C02434,Savings Account,Credit
C02434,Debit Card,Credit
C02434,Credit Card,Credit
C02434,Personal Loan,Credit
C02434,E-Wallet,Credit
C02435,Savings Account,Credit
C02435,Debit Card,Credit
C02435,Mobile Banking,Credit
C02435,Credit Card,Credit
C02435,Personal Loan,Credit
C02436,Savings Account,Wealth
C02436,Debit Card,Wealth
C02436,Mobile Banking,Wealth
C02436,Credit Card,Wealth
C02436,Investment,Wealth
C02436,Insurance,Wealth
C02437,Savings Account,Digital
C02437,Debit Card,Digital
C02437,Mortgage,Digital
C02437,E-Wallet,Digital
C02438,Savings Account,Credit
C02438,Debit Card,Credit
C02438,Credit Card,Credit
C02438,Personal Loan,Credit
C02438,Mortgage,Credit
C02438,Insurance,Credit
C02438,Time Deposit,Credit
C02439,Savings Account,Digital
C02439,Debit Card,Digital
C02439,Mobile Banking,Digital
C02440,Savings Account,Wealth
C02440,Debit Card,Wealth
C02440,Mobile Banking,Wealth
C02440,Credit Card,Wealth
C02440,Mortgage,Wealth
C02440,Investment,Wealth
C02440,Time Deposit,Wealth
C02441,Savings Account,Digital
C02441,Mobile Banking,Digital
C02441,E-Wallet,Digital
C02442,Savings Account,Digital
C02442,Mobile Banking,Digital
C02442,Credit Card,Digital
C02443,Savings Account,Credit
C02443,Debit Card,Credit
C02443,Credit Card,Credit
C02443,Insurance,Credit
C02444,Savings Account,Credit
C02444,Debit Card,Credit
C02444,Credit Card,Credit
C02444,Personal Loan,Credit
C02444,Mortgage,Credit
C02445,Debit Card,Digital
C02445,Mobile Banking,Digital
C02445,Investment,Digital
C02445,Savings Account,Digital
C02446,Savings Account,Credit
C02446,Debit Card,Credit
C02446,Personal Loan,Credit
C02446,Investment,Credit
C02446,Insurance,Credit
C02446,E-Wallet,Credit
C02447,Savings Account,Wealth
C02447,Investment,Wealth
C02447,Time Deposit,Wealth
C02448,Savings Account,Digital
C02448,Mobile Banking,Digital
C02448,Investment,Digital
C02448,E-Wallet,Digital
C02448,Time Deposit,Digital
C02449,Debit Card,Basic
C02449,Savings Account,Basic
C02450,Savings Account,Wealth
C02450,Debit Card,Wealth
C02450,Mobile Banking,Wealth
C02450,Credit Card,Wealth
C02450,Investment,Wealth
C02450,Time Deposit,Wealth
C02451,Savings Account,Basic
C02451,Mobile Banking,Basic
C02452,Savings Account,Digital
C02452,Debit Card,Digital
C02452,Mobile Banking,Digital
C02452,Investment,Digital
C02453,Savings Account,Basic
C02453,Debit Card,Basic
C02453,Insurance,Basic
C02454,Debit Card,Credit
C02454,Mobile Banking,Credit
C02454,Savings Account,Credit
C02455,Debit Card,Digital
C02455,Mobile Banking,Digital
C02455,Credit Card,Digital
C02455,E-Wallet,Digital
C02455,Savings Account,Digital
C02456,Savings Account,Digital
C02456,Debit Card,Digital
C02456,Mobile Banking,Digital
C02457,Savings Account,Basic
C02457,Debit Card,Basic
C02458,Savings Account,Digital
C02458,Debit Card,Digital
C02458,Mobile Banking,Digital
C02458,Insurance,Digital
C02459,Savings Account,Digital
C02459,Mobile Banking,Digital
C02460,Savings Account,Digital
C02460,Mobile Banking,Digital
C02460,Investment,Digital
C02460,Insurance,Digital
C02461,Debit Card,Wealth
C02461,E-Wallet,Wealth
C02461,Time Deposit,Wealth
C02461,Savings Account,Wealth
C02462,Savings Account,Basic
C02462,Debit Card,Basic
C02463,Savings Account,Digital
C02463,Debit Card,Digital
C02463,Mobile Banking,Digital
C02463,Personal Loan,Digital
C02463,Mortgage,Digital
C02463,E-Wallet,Digital
C02464,Savings Account,Digital
C02464,Mobile Banking,Digital
C02464,Insurance,Digital
C02465,Savings Account,Digital
C02465,Debit Card,Digital
C02465,Mobile Banking,Digital
C02466,Savings Account,Digital
C02466,Mobile Banking,Digital
C02466,E-Wallet,Digital
C02467,Savings Account,Wealth
C02467,Mobile Banking,Wealth
C02467,Investment,Wealth
C02467,Time Deposit,Wealth
C02468,Savings Account,Digital
C02468,Debit Card,Digital
C02468,Mobile Banking,Digital
C02468,Credit Card,Digital
C02469,Savings Account,Basic
C02469,Debit Card,Basic
C02469,E-Wallet,Basic
C02470,Savings Account,Credit
C02470,Debit Card,Credit
C02470,Mobile Banking,Credit
C02470,Credit Card,Credit
C02470,Personal Loan,Credit
C02470,Mortgage,Credit
C02471,Savings Account,Wealth
C02471,Mobile Banking,Wealth
C02471,Credit Card,Wealth
C02471,Mortgage,Wealth
C02471,Investment,Wealth
C02471,Time Deposit,Wealth
C02472,Savings Account,Credit
C02472,Mobile Banking,Credit
C02472,E-Wallet,Credit
C02473,Savings Account,Wealth
C02473,Debit Card,Wealth
C02473,Credit Card,Wealth
C02473,Investment,Wealth
C02473,Time Deposit,Wealth
C02474,Debit Card,Digital
C02474,Mobile Banking,Digital
C02474,E-Wallet,Digital
C02474,Savings Account,Digital
C02475,Savings Account,Basic
C02475,Debit Card,Basic
C02475,Mortgage,Basic
C02476,Savings Account,Digital
C02476,Debit Card,Digital
C02476,Mobile Banking,Digital
C02476,Credit Card,Digital
C02476,Personal Loan,Digital
C02476,E-Wallet,Digital
C02477,Savings Account,Credit
C02477,Debit Card,Credit
C02477,Mobile Banking,Credit
C02477,Credit Card,Credit
C02477,Personal Loan,Credit
C02478,Savings Account,Credit
C02478,Debit Card,Credit
C02478,Mobile Banking,Credit
C02478,Personal Loan,Credit
C02479,Mobile Banking,Wealth
C02479,Credit Card,Wealth
C02479,Investment,Wealth
C02479,Insurance,Wealth
C02479,E-Wallet,Wealth
C02479,Savings Account,Wealth
C02480,Savings Account,Digital
C02480,Debit Card,Digital
C02480,Mobile Banking,Digital
C02480,Credit Card,Digital
C02480,E-Wallet,Digital
C02481,Savings Account,Digital
C02481,Debit Card,Digital
C02481,Mobile Banking,Digital
C02481,Credit Card,Digital
C02481,E-Wallet,Digital
C02482,Savings Account,Credit
C02482,Debit Card,Credit
C02482,Mobile Banking,Credit
C02482,Credit Card,Credit
C02482,Mortgage,Credit
C02483,Savings Account,Credit
C02483,Debit Card,Credit
C02483,Mobile Banking,Credit
C02483,Credit Card,Credit
C02483,Personal Loan,Credit
C02483,Investment,Credit
C02483,E-Wallet,Credit
C02484,Debit Card,Basic
C02484,Savings Account,Basic
C02485,Savings Account,Basic
C02485,Debit Card,Basic
C02486,Savings Account,Credit
C02486,Debit Card,Credit
C02486,Mobile Banking,Credit
C02486,Credit Card,Credit
C02487,Savings Account,Basic
C02487,Debit Card,Basic
C02488,Savings Account,Wealth
C02488,Debit Card,Wealth
C02488,Credit Card,Wealth
C02488,Investment,Wealth
C02489,Debit Card,Credit
C02489,Mobile Banking,Credit
C02489,Credit Card,Credit
C02489,Savings Account,Credit
C02490,Savings Account,Wealth
C02490,Mortgage,Wealth
C02490,Time Deposit,Wealth
C02491,Savings Account,Wealth
C02491,Debit Card,Wealth
C02491,Credit Card,Wealth
C02491,Personal Loan,Wealth
C02491,Investment,Wealth
C02491,Time Deposit,Wealth
C02492,Savings Account,Digital
C02492,Debit Card,Digital
C02492,Mobile Banking,Digital
C02492,Mortgage,Digital
C02492,E-Wallet,Digital
C02493,Savings Account,Basic
C02493,Debit Card,Basic
C02494,Savings Account,Basic
C02494,Debit Card,Basic
C02494,Mobile Banking,Basic
C02495,Savings Account,Credit
C02495,Debit Card,Credit
C02495,Mobile Banking,Credit
C02495,Credit Card,Credit
C02495,Personal Loan,Credit
C02495,Insurance,Credit
C02495,Time Deposit,Credit
C02496,Savings Account,Basic
C02496,Debit Card,Basic
C02496,Mobile Banking,Basic
C02497,Debit Card,Credit
C02497,Mobile Banking,Credit
C02497,Credit Card,Credit
C02497,Personal Loan,Credit
C02497,Mortgage,Credit
C02497,Time Deposit,Credit
C02497,Savings Account,Credit
C02498,Savings Account,Digital
C02498,Debit Card,Digital
C02498,Mobile Banking,Digital
C02498,Credit Card,Digital
C02498,E-Wallet,Digital
C02499,Savings Account,Digital
C02499,Mobile Banking,Digital
C02499,Credit Card,Digital
C02499,E-Wallet,Digital
C02500,Savings Account,Basic
C02500,Debit Card,Basic
C02500,Mobile Banking,Basic
